ISO-10303-21;
HEADER;
/* Generated by software containing ST-Developer
 * from STEP Tools, Inc. (www.steptools.com) 
 */
/* OPTION: using custom renumber hook */

FILE_DESCRIPTION(
/* description */ ('STEP AP214',
'CAx-IF Rec.Pracs.---User Defined Attributes---1.5---2016-08-15'),
/* implementation_level */ '2;1');

FILE_NAME(
/* name */ '6a7bfb85e5d6ddc0b13a3c65',
/* time_stamp */ '2026-08-12T04:50:15Z',
/* author */ (''),
/* organization */ (''),
/* preprocessor_version */ 'ST-DEVELOPER v20',
/* originating_system */ 'ONSHAPE BY PTC INC, 1.219',
/* authorisation */ '  ');

FILE_SCHEMA (('AUTOMOTIVE_DESIGN {1 0 10303 214 3 1 1}'));
ENDSEC;

DATA;
#10=PROPERTY_DEFINITION_REPRESENTATION(#14,#12);
#11=PROPERTY_DEFINITION_REPRESENTATION(#15,#13);
#12=REPRESENTATION('',(#16),#8953);
#13=REPRESENTATION('',(#17),#8953);
#14=PROPERTY_DEFINITION('pmi validation property','',#8963);
#15=PROPERTY_DEFINITION('pmi validation property','',#8963);
#16=VALUE_REPRESENTATION_ITEM('number of annotations',COUNT_MEASURE(0.));
#17=VALUE_REPRESENTATION_ITEM('number of views',COUNT_MEASURE(0.));
#18=(
BOUNDED_SURFACE()
B_SPLINE_SURFACE(2,3,((#8661,#8662,#8663,#8664),(#8665,#8666,#8667,#8668),
(#8669,#8670,#8671,#8672)),.UNSPECIFIED.,.F.,.F.,.F.)
B_SPLINE_SURFACE_WITH_KNOTS((3,3),(4,4),(0.,1.),(0.0782037038934299,0.922207840180203),
 .PIECEWISE_BEZIER_KNOTS.)
GEOMETRIC_REPRESENTATION_ITEM()
RATIONAL_B_SPLINE_SURFACE(((1.,1.,1.,1.),(0.734555844546998,0.736045458874979,
0.732991198753053,0.734612233737611),(1.,1.,1.,1.)))
REPRESENTATION_ITEM('')
SURFACE()
);
#19=(
BOUNDED_SURFACE()
B_SPLINE_SURFACE(2,3,((#8673,#8674,#8675,#8676),(#8677,#8678,#8679,#8680),
(#8681,#8682,#8683,#8684)),.UNSPECIFIED.,.F.,.F.,.F.)
B_SPLINE_SURFACE_WITH_KNOTS((3,3),(4,4),(0.,1.),(0.0774824247670634,0.922220472100968),
 .PIECEWISE_BEZIER_KNOTS.)
GEOMETRIC_REPRESENTATION_ITEM()
RATIONAL_B_SPLINE_SURFACE(((1.,1.,1.,1.),(0.734584973899904,0.736128517393651,
0.732844832774329,0.73461617756057),(1.,1.,1.,1.)))
REPRESENTATION_ITEM('')
SURFACE()
);
#20=(
BOUNDED_SURFACE()
B_SPLINE_SURFACE(2,3,((#8685,#8686,#8687,#8688),(#8689,#8690,#8691,#8692),
(#8693,#8694,#8695,#8696)),.UNSPECIFIED.,.F.,.F.,.F.)
B_SPLINE_SURFACE_WITH_KNOTS((3,3),(4,4),(0.,1.),(0.0783013507116276,0.92226969164261),
 .PIECEWISE_BEZIER_KNOTS.)
GEOMETRIC_REPRESENTATION_ITEM()
RATIONAL_B_SPLINE_SURFACE(((1.,1.,1.,1.),(0.734555859509067,0.736041080908389,
0.732995160890071,0.734612113736332),(1.,1.,1.,1.)))
REPRESENTATION_ITEM('')
SURFACE()
);
#21=(
BOUNDED_SURFACE()
B_SPLINE_SURFACE(2,3,((#8697,#8698,#8699,#8700),(#8701,#8702,#8703,#8704),
(#8705,#8706,#8707,#8708)),.UNSPECIFIED.,.F.,.F.,.F.)
B_SPLINE_SURFACE_WITH_KNOTS((3,3),(4,4),(0.,1.),(0.077623801849283,0.922311730057626),
 .PIECEWISE_BEZIER_KNOTS.)
GEOMETRIC_REPRESENTATION_ITEM()
RATIONAL_B_SPLINE_SURFACE(((1.,1.,1.,1.),(0.734585011825723,0.736121932628399,
0.732850939648781,0.734615854093115),(1.,1.,1.,1.)))
REPRESENTATION_ITEM('')
SURFACE()
);
#22=(
BOUNDED_SURFACE()
B_SPLINE_SURFACE(2,3,((#8709,#8710,#8711,#8712),(#8713,#8714,#8715,#8716),
(#8717,#8718,#8719,#8720)),.UNSPECIFIED.,.F.,.F.,.F.)
B_SPLINE_SURFACE_WITH_KNOTS((3,3),(4,4),(0.,1.),(0.0783810643157322,0.922320726274056),
 .PIECEWISE_BEZIER_KNOTS.)
GEOMETRIC_REPRESENTATION_ITEM()
RATIONAL_B_SPLINE_SURFACE(((1.,1.,1.,1.),(0.734555871198466,0.73603752037637,
0.732998366353592,0.734612015737766),(1.,1.,1.,1.)))
REPRESENTATION_ITEM('')
SURFACE()
);
#23=(
BOUNDED_SURFACE()
B_SPLINE_SURFACE(2,3,((#8721,#8722,#8723,#8724),(#8725,#8726,#8727,#8728),
(#8729,#8730,#8731,#8732)),.UNSPECIFIED.,.F.,.F.,.F.)
B_SPLINE_SURFACE_WITH_KNOTS((3,3),(4,4),(0.,1.),(0.0776611278993226,0.922336046429188),
 .PIECEWISE_BEZIER_KNOTS.)
GEOMETRIC_REPRESENTATION_ITEM()
RATIONAL_B_SPLINE_SURFACE(((1.,1.,1.,1.),(0.734585021543011,0.736120201260149,
0.732852537512396,0.734615768811548),(1.,1.,1.,1.)))
REPRESENTATION_ITEM('')
SURFACE()
);
#24=(
BOUNDED_SURFACE()
B_SPLINE_SURFACE(2,3,((#8733,#8734,#8735,#8736),(#8737,#8738,#8739,#8740),
(#8741,#8742,#8743,#8744)),.UNSPECIFIED.,.F.,.F.,.F.)
B_SPLINE_SURFACE_WITH_KNOTS((3,3),(4,4),(0.,1.),(0.078367576923302,0.922312060787365),
 .PIECEWISE_BEZIER_KNOTS.)
GEOMETRIC_REPRESENTATION_ITEM()
RATIONAL_B_SPLINE_SURFACE(((1.,1.,1.,1.),(0.734555869253373,0.73603812197049,
0.73299782592109,0.7346120323195),(1.,1.,1.,1.)))
REPRESENTATION_ITEM('')
SURFACE()
);
#25=(
BOUNDED_SURFACE()
B_SPLINE_SURFACE(2,3,((#8745,#8746,#8747,#8748),(#8749,#8750,#8751,#8752),
(#8753,#8754,#8755,#8756)),.UNSPECIFIED.,.F.,.F.,.F.)
B_SPLINE_SURFACE_WITH_KNOTS((3,3),(4,4),(0.,1.),(0.0776543625039258,0.922331642526098),
 .PIECEWISE_BEZIER_KNOTS.)
GEOMETRIC_REPRESENTATION_ITEM()
RATIONAL_B_SPLINE_SURFACE(((1.,1.,1.,1.),(0.734585019785191,0.736120515857387,
0.732852247309696,0.734615784307621),(1.,1.,1.,1.)))
REPRESENTATION_ITEM('')
SURFACE()
);
#26=(
BOUNDED_SURFACE()
B_SPLINE_SURFACE(2,3,((#8757,#8758,#8759,#8760),(#8761,#8762,#8763,#8764),
(#8765,#8766,#8767,#8768)),.UNSPECIFIED.,.F.,.F.,.F.)
B_SPLINE_SURFACE_WITH_KNOTS((3,3),(4,4),(0.,1.),(0.0782322268359563,0.922225803002849),
 .PIECEWISE_BEZIER_KNOTS.)
GEOMETRIC_REPRESENTATION_ITEM()
RATIONAL_B_SPLINE_SURFACE(((1.,1.,1.,1.),(0.734555848991417,0.73604417816412,
0.73299236060459,0.734612198699179),(1.,1.,1.,1.)))
REPRESENTATION_ITEM('')
SURFACE()
);
#27=(
BOUNDED_SURFACE()
B_SPLINE_SURFACE(2,3,((#8769,#8770,#8771,#8772),(#8773,#8774,#8775,#8776),
(#8777,#8778,#8779,#8780)),.UNSPECIFIED.,.F.,.F.,.F.)
B_SPLINE_SURFACE_WITH_KNOTS((3,3),(4,4),(0.,1.),(0.0775645323709976,0.922273325854869),
 .PIECEWISE_BEZIER_KNOTS.)
GEOMETRIC_REPRESENTATION_ITEM()
RATIONAL_B_SPLINE_SURFACE(((1.,1.,1.,1.),(0.734584996125111,0.736124690924264,
0.73284838637931,0.734615989742099),(1.,1.,1.,1.)))
REPRESENTATION_ITEM('')
SURFACE()
);
#28=(
BOUNDED_SURFACE()
B_SPLINE_SURFACE(2,3,((#8781,#8782,#8783,#8784),(#8785,#8786,#8787,#8788),
(#8789,#8790,#8791,#8792)),.UNSPECIFIED.,.F.,.F.,.F.)
B_SPLINE_SURFACE_WITH_KNOTS((3,3),(4,4),(0.,1.),(0.0783796536288468,0.922319817814235),
 .PIECEWISE_BEZIER_KNOTS.)
GEOMETRIC_REPRESENTATION_ITEM()
RATIONAL_B_SPLINE_SURFACE(((1.,1.,1.,1.),(0.73455587099561,0.736037583281026,
0.732998309902494,0.734612017472372),(1.,1.,1.,1.)))
REPRESENTATION_ITEM('')
SURFACE()
);
#29=(
BOUNDED_SURFACE()
B_SPLINE_SURFACE(2,3,((#8793,#8794,#8795,#8796),(#8797,#8798,#8799,#8800),
(#8801,#8802,#8803,#8804)),.UNSPECIFIED.,.F.,.F.,.F.)
B_SPLINE_SURFACE_WITH_KNOTS((3,3),(4,4),(0.,1.),(0.077658045965441,0.922334287209005),
 .PIECEWISE_BEZIER_KNOTS.)
GEOMETRIC_REPRESENTATION_ITEM()
RATIONAL_B_SPLINE_SURFACE(((1.,1.,1.,1.),(0.734585020577826,0.736120373828869,
0.73285237436904,0.734615777125778),(1.,1.,1.,1.)))
REPRESENTATION_ITEM('')
SURFACE()
);
#30=(
BOUNDED_SURFACE()
B_SPLINE_SURFACE(2,3,((#8805,#8806,#8807,#8808),(#8809,#8810,#8811,#8812),
(#8813,#8814,#8815,#8816)),.UNSPECIFIED.,.F.,.F.,.F.)
B_SPLINE_SURFACE_WITH_KNOTS((3,3),(4,4),(0.,1.),(0.0783894534740111,0.922326113722772),
 .PIECEWISE_BEZIER_KNOTS.)
GEOMETRIC_REPRESENTATION_ITEM()
RATIONAL_B_SPLINE_SURFACE(((1.,1.,1.,1.),(0.734555872401583,0.736037146348446,
0.73299870222905,0.734612005425857),(1.,1.,1.,1.)))
REPRESENTATION_ITEM('')
SURFACE()
);
#31=(
BOUNDED_SURFACE()
B_SPLINE_SURFACE(2,3,((#8817,#8818,#8819,#8820),(#8821,#8822,#8823,#8824),
(#8825,#8826,#8827,#8828)),.UNSPECIFIED.,.F.,.F.,.F.)
B_SPLINE_SURFACE_WITH_KNOTS((3,3),(4,4),(0.,1.),(0.0776646302123734,0.92233833092299),
 .PIECEWISE_BEZIER_KNOTS.)
GEOMETRIC_REPRESENTATION_ITEM()
RATIONAL_B_SPLINE_SURFACE(((1.,1.,1.,1.),(0.73458502244954,0.736120038761317,
0.732852687301203,0.734615760803706),(1.,1.,1.,1.)))
REPRESENTATION_ITEM('')
SURFACE()
);
#32=(
BOUNDED_SURFACE()
B_SPLINE_SURFACE(2,3,((#8829,#8830,#8831,#8832),(#8833,#8834,#8835,#8836),
(#8837,#8838,#8839,#8840)),.UNSPECIFIED.,.F.,.F.,.F.)
B_SPLINE_SURFACE_WITH_KNOTS((3,3),(4,4),(0.,1.),(0.0783538331827484,0.922301430630083),
 .PIECEWISE_BEZIER_KNOTS.)
GEOMETRIC_REPRESENTATION_ITEM()
RATIONAL_B_SPLINE_SURFACE(((1.,1.,1.,1.),(0.734555868758949,0.736038532578523,
0.732997487904423,0.734612044263342),(1.,1.,1.,1.)))
REPRESENTATION_ITEM('')
SURFACE()
);
#33=(
BOUNDED_SURFACE()
B_SPLINE_SURFACE(2,3,((#8841,#8842,#8843,#8844),(#8845,#8846,#8847,#8848),
(#8849,#8850,#8851,#8852)),.UNSPECIFIED.,.F.,.F.,.F.)
B_SPLINE_SURFACE_WITH_KNOTS((3,3),(4,4),(0.,1.),(0.0776260645112802,0.922313198059037),
 .PIECEWISE_BEZIER_KNOTS.)
GEOMETRIC_REPRESENTATION_ITEM()
RATIONAL_B_SPLINE_SURFACE(((1.,1.,1.,1.),(0.734585012420096,0.736121827287091,
0.732851037036074,0.734615848909612),(1.,1.,1.,1.)))
REPRESENTATION_ITEM('')
SURFACE()
);
#34=(
BOUNDED_SURFACE()
B_SPLINE_SURFACE(3,2,((#8893,#8894,#8895),(#8896,#8897,#8898),(#8899,#8900,
#8901),(#8902,#8903,#8904),(#8905,#8906,#8907),(#8908,#8909,#8910),(#8911,
#8912,#8913),(#8914,#8915,#8916),(#8917,#8918,#8919),(#8920,#8921,#8922),
(#8923,#8924,#8925),(#8926,#8927,#8928),(#8929,#8930,#8931),(#8932,#8933,
#8934),(#8935,#8936,#8937),(#8938,#8939,#8940),(#8941,#8942,#8943),(#8944,
#8945,#8946),(#8947,#8948,#8949)),.UNSPECIFIED.,.T.,.F.,.F.)
B_SPLINE_SURFACE_WITH_KNOTS((1,3,1,1,1,1,1,1,1,1,1,1,1,1,1,1,1,3,1),(3,
3),(-0.00141668541891867,0.,0.00141668541891867,0.00283337083783735,0.00425005625675602,
0.00566674167567469,0.00708342709459337,0.00850011251351204,0.00991679793243072,
0.0113334833513494,0.0127501687702681,0.0141668541891867,0.0155835396081054,
0.0170002250270241,0.0184169104459428,0.0198335958648614,0.0212502812837801,
0.0226669667026988,0.0240836521216175),(0.,1.),.UNSPECIFIED.)
GEOMETRIC_REPRESENTATION_ITEM()
RATIONAL_B_SPLINE_SURFACE(((1.,0.794920864177592,1.),(1.,0.821246410369711,
1.),(1.,0.873754766338611,1.),(1.,0.921022641107886,1.),(1.,0.906881514595474,
1.),(1.,0.842512892836495,1.),(1.,0.758902648394756,1.),(1.,0.697195553349508,
1.),(1.,0.715320675522745,1.),(1.,0.794302976487071,1.),(1.,0.873292428324023,
1.),(1.,0.921013952813929,1.),(1.,0.9070656014466,1.),(1.,0.842727853189035,
1.),(1.,0.758957956675453,1.),(1.,0.6968326571934,1.),(1.,0.715801489185894,
1.),(1.,0.768595317985472,1.),(1.,0.794920864177592,1.)))
REPRESENTATION_ITEM('')
SURFACE()
);
#35=B_SPLINE_SURFACE_WITH_KNOTS('',3,3,((#2869,#2870,#2871,#2872,#2873,
#2874,#2875,#2876,#2877),(#2878,#2879,#2880,#2881,#2882,#2883,#2884,#2885,
#2886),(#2887,#2888,#2889,#2890,#2891,#2892,#2893,#2894,#2895),(#2896,#2897,
#2898,#2899,#2900,#2901,#2902,#2903,#2904),(#2905,#2906,#2907,#2908,#2909,
#2910,#2911,#2912,#2913),(#2914,#2915,#2916,#2917,#2918,#2919,#2920,#2921,
#2922)),.UNSPECIFIED.,.F.,.F.,.F.,(4,2,4),(4,1,1,1,1,1,4),(0.,0.500001269202731,
1.),(0.268207057275462,0.333334946751702,0.416667913856944,0.500003543785612,
0.58333728861461,0.666670873538274,0.731577540936821),.UNSPECIFIED.);
#36=B_SPLINE_SURFACE_WITH_KNOTS('',3,3,((#2965,#2966,#2967,#2968,#2969,
#2970,#2971,#2972,#2973,#2974,#2975,#2976,#2977,#2978,#2979),(#2980,#2981,
#2982,#2983,#2984,#2985,#2986,#2987,#2988,#2989,#2990,#2991,#2992,#2993,
#2994),(#2995,#2996,#2997,#2998,#2999,#3000,#3001,#3002,#3003,#3004,#3005,
#3006,#3007,#3008,#3009),(#3010,#3011,#3012,#3013,#3014,#3015,#3016,#3017,
#3018,#3019,#3020,#3021,#3022,#3023,#3024),(#3025,#3026,#3027,#3028,#3029,
#3030,#3031,#3032,#3033,#3034,#3035,#3036,#3037,#3038,#3039),(#3040,#3041,
#3042,#3043,#3044,#3045,#3046,#3047,#3048,#3049,#3050,#3051,#3052,#3053,
#3054),(#3055,#3056,#3057,#3058,#3059,#3060,#3061,#3062,#3063,#3064,#3065,
#3066,#3067,#3068,#3069),(#3070,#3071,#3072,#3073,#3074,#3075,#3076,#3077,
#3078,#3079,#3080,#3081,#3082,#3083,#3084),(#3085,#3086,#3087,#3088,#3089,
#3090,#3091,#3092,#3093,#3094,#3095,#3096,#3097,#3098,#3099),(#3100,#3101,
#3102,#3103,#3104,#3105,#3106,#3107,#3108,#3109,#3110,#3111,#3112,#3113,
#3114),(#3115,#3116,#3117,#3118,#3119,#3120,#3121,#3122,#3123,#3124,#3125,
#3126,#3127,#3128,#3129),(#3130,#3131,#3132,#3133,#3134,#3135,#3136,#3137,
#3138,#3139,#3140,#3141,#3142,#3143,#3144),(#3145,#3146,#3147,#3148,#3149,
#3150,#3151,#3152,#3153,#3154,#3155,#3156,#3157,#3158,#3159),(#3160,#3161,
#3162,#3163,#3164,#3165,#3166,#3167,#3168,#3169,#3170,#3171,#3172,#3173,
#3174),(#3175,#3176,#3177,#3178,#3179,#3180,#3181,#3182,#3183,#3184,#3185,
#3186,#3187,#3188,#3189),(#3190,#3191,#3192,#3193,#3194,#3195,#3196,#3197,
#3198,#3199,#3200,#3201,#3202,#3203,#3204)),.UNSPECIFIED.,.F.,.F.,.F.,(4,
2,2,2,2,2,2,4),(4,1,1,1,1,1,1,1,1,1,1,1,4),(0.,0.0583832983141474,0.117354435876038,
0.237097850226662,0.483318992969491,0.737800815469914,0.86800326218824,
1.),(0.0558101553295326,0.0833337610299959,0.166667671044907,0.25000119205629,
0.333334946751702,0.416667913856944,0.500003543785612,0.58333728861461,
0.666670873538274,0.750005666399728,0.83333824231464,0.91667018575383,0.982184423007139),
 .UNSPECIFIED.);
#37=B_SPLINE_SURFACE_WITH_KNOTS('',3,3,((#3226,#3227,#3228,#3229,#3230,
#3231,#3232,#3233,#3234,#3235,#3236,#3237,#3238,#3239,#3240),(#3241,#3242,
#3243,#3244,#3245,#3246,#3247,#3248,#3249,#3250,#3251,#3252,#3253,#3254,
#3255),(#3256,#3257,#3258,#3259,#3260,#3261,#3262,#3263,#3264,#3265,#3266,
#3267,#3268,#3269,#3270),(#3271,#3272,#3273,#3274,#3275,#3276,#3277,#3278,
#3279,#3280,#3281,#3282,#3283,#3284,#3285),(#3286,#3287,#3288,#3289,#3290,
#3291,#3292,#3293,#3294,#3295,#3296,#3297,#3298,#3299,#3300),(#3301,#3302,
#3303,#3304,#3305,#3306,#3307,#3308,#3309,#3310,#3311,#3312,#3313,#3314,
#3315),(#3316,#3317,#3318,#3319,#3320,#3321,#3322,#3323,#3324,#3325,#3326,
#3327,#3328,#3329,#3330),(#3331,#3332,#3333,#3334,#3335,#3336,#3337,#3338,
#3339,#3340,#3341,#3342,#3343,#3344,#3345),(#3346,#3347,#3348,#3349,#3350,
#3351,#3352,#3353,#3354,#3355,#3356,#3357,#3358,#3359,#3360),(#3361,#3362,
#3363,#3364,#3365,#3366,#3367,#3368,#3369,#3370,#3371,#3372,#3373,#3374,
#3375),(#3376,#3377,#3378,#3379,#3380,#3381,#3382,#3383,#3384,#3385,#3386,
#3387,#3388,#3389,#3390),(#3391,#3392,#3393,#3394,#3395,#3396,#3397,#3398,
#3399,#3400,#3401,#3402,#3403,#3404,#3405),(#3406,#3407,#3408,#3409,#3410,
#3411,#3412,#3413,#3414,#3415,#3416,#3417,#3418,#3419,#3420),(#3421,#3422,
#3423,#3424,#3425,#3426,#3427,#3428,#3429,#3430,#3431,#3432,#3433,#3434,
#3435),(#3436,#3437,#3438,#3439,#3440,#3441,#3442,#3443,#3444,#3445,#3446,
#3447,#3448,#3449,#3450),(#3451,#3452,#3453,#3454,#3455,#3456,#3457,#3458,
#3459,#3460,#3461,#3462,#3463,#3464,#3465),(#3466,#3467,#3468,#3469,#3470,
#3471,#3472,#3473,#3474,#3475,#3476,#3477,#3478,#3479,#3480),(#3481,#3482,
#3483,#3484,#3485,#3486,#3487,#3488,#3489,#3490,#3491,#3492,#3493,#3494,
#3495)),.UNSPECIFIED.,.F.,.F.,.F.,(4,2,2,2,2,2,2,2,4),(4,1,1,1,1,1,1,1,
1,1,1,1,4),(0.,0.262210929622094,0.516737682272163,0.681792083097116,0.842947761679062,
0.882616502371013,0.922057662552547,0.941624719033559,1.),(0.0557921657346719,
0.0833337610299959,0.166667671044907,0.25000119205629,0.333334946751702,
0.416667913856944,0.500003543785612,0.58333728861461,0.666670873538274,
0.750005666399728,0.83333824231464,0.91667018575383,0.981660118749828),
 .UNSPECIFIED.);
#38=B_SPLINE_SURFACE_WITH_KNOTS('',3,3,((#3593,#3594,#3595,#3596,#3597,
#3598,#3599,#3600,#3601),(#3602,#3603,#3604,#3605,#3606,#3607,#3608,#3609,
#3610),(#3611,#3612,#3613,#3614,#3615,#3616,#3617,#3618,#3619),(#3620,#3621,
#3622,#3623,#3624,#3625,#3626,#3627,#3628),(#3629,#3630,#3631,#3632,#3633,
#3634,#3635,#3636,#3637),(#3638,#3639,#3640,#3641,#3642,#3643,#3644,#3645,
#3646)),.UNSPECIFIED.,.F.,.F.,.F.,(4,2,4),(4,1,1,1,1,1,4),(0.,0.500001269202731,
1.),(0.268207057275459,0.333334946751702,0.416667913856944,0.500003543785612,
0.58333728861461,0.666670873538274,0.731577540936822),.UNSPECIFIED.);
#39=B_SPLINE_SURFACE_WITH_KNOTS('',3,3,((#3689,#3690,#3691,#3692,#3693,
#3694,#3695,#3696,#3697,#3698,#3699,#3700,#3701,#3702,#3703),(#3704,#3705,
#3706,#3707,#3708,#3709,#3710,#3711,#3712,#3713,#3714,#3715,#3716,#3717,
#3718),(#3719,#3720,#3721,#3722,#3723,#3724,#3725,#3726,#3727,#3728,#3729,
#3730,#3731,#3732,#3733),(#3734,#3735,#3736,#3737,#3738,#3739,#3740,#3741,
#3742,#3743,#3744,#3745,#3746,#3747,#3748),(#3749,#3750,#3751,#3752,#3753,
#3754,#3755,#3756,#3757,#3758,#3759,#3760,#3761,#3762,#3763),(#3764,#3765,
#3766,#3767,#3768,#3769,#3770,#3771,#3772,#3773,#3774,#3775,#3776,#3777,
#3778),(#3779,#3780,#3781,#3782,#3783,#3784,#3785,#3786,#3787,#3788,#3789,
#3790,#3791,#3792,#3793),(#3794,#3795,#3796,#3797,#3798,#3799,#3800,#3801,
#3802,#3803,#3804,#3805,#3806,#3807,#3808),(#3809,#3810,#3811,#3812,#3813,
#3814,#3815,#3816,#3817,#3818,#3819,#3820,#3821,#3822,#3823),(#3824,#3825,
#3826,#3827,#3828,#3829,#3830,#3831,#3832,#3833,#3834,#3835,#3836,#3837,
#3838),(#3839,#3840,#3841,#3842,#3843,#3844,#3845,#3846,#3847,#3848,#3849,
#3850,#3851,#3852,#3853),(#3854,#3855,#3856,#3857,#3858,#3859,#3860,#3861,
#3862,#3863,#3864,#3865,#3866,#3867,#3868),(#3869,#3870,#3871,#3872,#3873,
#3874,#3875,#3876,#3877,#3878,#3879,#3880,#3881,#3882,#3883),(#3884,#3885,
#3886,#3887,#3888,#3889,#3890,#3891,#3892,#3893,#3894,#3895,#3896,#3897,
#3898),(#3899,#3900,#3901,#3902,#3903,#3904,#3905,#3906,#3907,#3908,#3909,
#3910,#3911,#3912,#3913),(#3914,#3915,#3916,#3917,#3918,#3919,#3920,#3921,
#3922,#3923,#3924,#3925,#3926,#3927,#3928)),.UNSPECIFIED.,.F.,.F.,.F.,(4,
2,2,2,2,2,2,4),(4,1,1,1,1,1,1,1,1,1,1,1,4),(0.,0.0583832983141474,0.117354435876038,
0.237097850226662,0.483318992969491,0.737800815469914,0.86800326218824,
1.),(0.0558101553295326,0.0833337610299959,0.166667671044907,0.25000119205629,
0.333334946751702,0.416667913856944,0.500003543785612,0.58333728861461,
0.666670873538274,0.750005666399728,0.83333824231464,0.91667018575383,0.982184423007142),
 .UNSPECIFIED.);
#40=B_SPLINE_SURFACE_WITH_KNOTS('',3,3,((#3950,#3951,#3952,#3953,#3954,
#3955,#3956,#3957,#3958,#3959,#3960,#3961,#3962,#3963,#3964),(#3965,#3966,
#3967,#3968,#3969,#3970,#3971,#3972,#3973,#3974,#3975,#3976,#3977,#3978,
#3979),(#3980,#3981,#3982,#3983,#3984,#3985,#3986,#3987,#3988,#3989,#3990,
#3991,#3992,#3993,#3994),(#3995,#3996,#3997,#3998,#3999,#4000,#4001,#4002,
#4003,#4004,#4005,#4006,#4007,#4008,#4009),(#4010,#4011,#4012,#4013,#4014,
#4015,#4016,#4017,#4018,#4019,#4020,#4021,#4022,#4023,#4024),(#4025,#4026,
#4027,#4028,#4029,#4030,#4031,#4032,#4033,#4034,#4035,#4036,#4037,#4038,
#4039),(#4040,#4041,#4042,#4043,#4044,#4045,#4046,#4047,#4048,#4049,#4050,
#4051,#4052,#4053,#4054),(#4055,#4056,#4057,#4058,#4059,#4060,#4061,#4062,
#4063,#4064,#4065,#4066,#4067,#4068,#4069),(#4070,#4071,#4072,#4073,#4074,
#4075,#4076,#4077,#4078,#4079,#4080,#4081,#4082,#4083,#4084),(#4085,#4086,
#4087,#4088,#4089,#4090,#4091,#4092,#4093,#4094,#4095,#4096,#4097,#4098,
#4099),(#4100,#4101,#4102,#4103,#4104,#4105,#4106,#4107,#4108,#4109,#4110,
#4111,#4112,#4113,#4114),(#4115,#4116,#4117,#4118,#4119,#4120,#4121,#4122,
#4123,#4124,#4125,#4126,#4127,#4128,#4129),(#4130,#4131,#4132,#4133,#4134,
#4135,#4136,#4137,#4138,#4139,#4140,#4141,#4142,#4143,#4144),(#4145,#4146,
#4147,#4148,#4149,#4150,#4151,#4152,#4153,#4154,#4155,#4156,#4157,#4158,
#4159),(#4160,#4161,#4162,#4163,#4164,#4165,#4166,#4167,#4168,#4169,#4170,
#4171,#4172,#4173,#4174),(#4175,#4176,#4177,#4178,#4179,#4180,#4181,#4182,
#4183,#4184,#4185,#4186,#4187,#4188,#4189),(#4190,#4191,#4192,#4193,#4194,
#4195,#4196,#4197,#4198,#4199,#4200,#4201,#4202,#4203,#4204),(#4205,#4206,
#4207,#4208,#4209,#4210,#4211,#4212,#4213,#4214,#4215,#4216,#4217,#4218,
#4219)),.UNSPECIFIED.,.F.,.F.,.F.,(4,2,2,2,2,2,2,2,4),(4,1,1,1,1,1,1,1,
1,1,1,1,4),(0.,0.262210929622094,0.516737682272163,0.681792083097116,0.842947761679062,
0.882616502371013,0.922057662552547,0.941624719033559,1.),(0.0557921657346728,
0.0833337610299959,0.166667671044907,0.25000119205629,0.333334946751702,
0.416667913856944,0.500003543785612,0.58333728861461,0.666670873538274,
0.750005666399728,0.83333824231464,0.91667018575383,0.981660118749827),
 .UNSPECIFIED.);
#41=B_SPLINE_SURFACE_WITH_KNOTS('',3,3,((#4317,#4318,#4319,#4320,#4321,
#4322,#4323,#4324,#4325),(#4326,#4327,#4328,#4329,#4330,#4331,#4332,#4333,
#4334),(#4335,#4336,#4337,#4338,#4339,#4340,#4341,#4342,#4343),(#4344,#4345,
#4346,#4347,#4348,#4349,#4350,#4351,#4352),(#4353,#4354,#4355,#4356,#4357,
#4358,#4359,#4360,#4361),(#4362,#4363,#4364,#4365,#4366,#4367,#4368,#4369,
#4370)),.UNSPECIFIED.,.F.,.F.,.F.,(4,2,4),(4,1,1,1,1,1,4),(0.,0.500001269202731,
1.),(0.268207057275461,0.333334946751702,0.416667913856944,0.500003543785612,
0.58333728861461,0.666670873538274,0.731577540936821),.UNSPECIFIED.);
#42=B_SPLINE_SURFACE_WITH_KNOTS('',3,3,((#4413,#4414,#4415,#4416,#4417,
#4418,#4419,#4420,#4421,#4422,#4423,#4424,#4425,#4426,#4427),(#4428,#4429,
#4430,#4431,#4432,#4433,#4434,#4435,#4436,#4437,#4438,#4439,#4440,#4441,
#4442),(#4443,#4444,#4445,#4446,#4447,#4448,#4449,#4450,#4451,#4452,#4453,
#4454,#4455,#4456,#4457),(#4458,#4459,#4460,#4461,#4462,#4463,#4464,#4465,
#4466,#4467,#4468,#4469,#4470,#4471,#4472),(#4473,#4474,#4475,#4476,#4477,
#4478,#4479,#4480,#4481,#4482,#4483,#4484,#4485,#4486,#4487),(#4488,#4489,
#4490,#4491,#4492,#4493,#4494,#4495,#4496,#4497,#4498,#4499,#4500,#4501,
#4502),(#4503,#4504,#4505,#4506,#4507,#4508,#4509,#4510,#4511,#4512,#4513,
#4514,#4515,#4516,#4517),(#4518,#4519,#4520,#4521,#4522,#4523,#4524,#4525,
#4526,#4527,#4528,#4529,#4530,#4531,#4532),(#4533,#4534,#4535,#4536,#4537,
#4538,#4539,#4540,#4541,#4542,#4543,#4544,#4545,#4546,#4547),(#4548,#4549,
#4550,#4551,#4552,#4553,#4554,#4555,#4556,#4557,#4558,#4559,#4560,#4561,
#4562),(#4563,#4564,#4565,#4566,#4567,#4568,#4569,#4570,#4571,#4572,#4573,
#4574,#4575,#4576,#4577),(#4578,#4579,#4580,#4581,#4582,#4583,#4584,#4585,
#4586,#4587,#4588,#4589,#4590,#4591,#4592),(#4593,#4594,#4595,#4596,#4597,
#4598,#4599,#4600,#4601,#4602,#4603,#4604,#4605,#4606,#4607),(#4608,#4609,
#4610,#4611,#4612,#4613,#4614,#4615,#4616,#4617,#4618,#4619,#4620,#4621,
#4622),(#4623,#4624,#4625,#4626,#4627,#4628,#4629,#4630,#4631,#4632,#4633,
#4634,#4635,#4636,#4637),(#4638,#4639,#4640,#4641,#4642,#4643,#4644,#4645,
#4646,#4647,#4648,#4649,#4650,#4651,#4652)),.UNSPECIFIED.,.F.,.F.,.F.,(4,
2,2,2,2,2,2,4),(4,1,1,1,1,1,1,1,1,1,1,1,4),(0.,0.0583832983141474,0.117354435876038,
0.237097850226662,0.483318992969491,0.737800815469914,0.86800326218824,
1.),(0.055810155329532,0.0833337610299959,0.166667671044907,0.25000119205629,
0.333334946751702,0.416667913856944,0.500003543785612,0.58333728861461,
0.666670873538274,0.750005666399728,0.83333824231464,0.91667018575383,0.982184423007141),
 .UNSPECIFIED.);
#43=B_SPLINE_SURFACE_WITH_KNOTS('',3,3,((#4674,#4675,#4676,#4677,#4678,
#4679,#4680,#4681,#4682,#4683,#4684,#4685,#4686,#4687,#4688),(#4689,#4690,
#4691,#4692,#4693,#4694,#4695,#4696,#4697,#4698,#4699,#4700,#4701,#4702,
#4703),(#4704,#4705,#4706,#4707,#4708,#4709,#4710,#4711,#4712,#4713,#4714,
#4715,#4716,#4717,#4718),(#4719,#4720,#4721,#4722,#4723,#4724,#4725,#4726,
#4727,#4728,#4729,#4730,#4731,#4732,#4733),(#4734,#4735,#4736,#4737,#4738,
#4739,#4740,#4741,#4742,#4743,#4744,#4745,#4746,#4747,#4748),(#4749,#4750,
#4751,#4752,#4753,#4754,#4755,#4756,#4757,#4758,#4759,#4760,#4761,#4762,
#4763),(#4764,#4765,#4766,#4767,#4768,#4769,#4770,#4771,#4772,#4773,#4774,
#4775,#4776,#4777,#4778),(#4779,#4780,#4781,#4782,#4783,#4784,#4785,#4786,
#4787,#4788,#4789,#4790,#4791,#4792,#4793),(#4794,#4795,#4796,#4797,#4798,
#4799,#4800,#4801,#4802,#4803,#4804,#4805,#4806,#4807,#4808),(#4809,#4810,
#4811,#4812,#4813,#4814,#4815,#4816,#4817,#4818,#4819,#4820,#4821,#4822,
#4823),(#4824,#4825,#4826,#4827,#4828,#4829,#4830,#4831,#4832,#4833,#4834,
#4835,#4836,#4837,#4838),(#4839,#4840,#4841,#4842,#4843,#4844,#4845,#4846,
#4847,#4848,#4849,#4850,#4851,#4852,#4853),(#4854,#4855,#4856,#4857,#4858,
#4859,#4860,#4861,#4862,#4863,#4864,#4865,#4866,#4867,#4868),(#4869,#4870,
#4871,#4872,#4873,#4874,#4875,#4876,#4877,#4878,#4879,#4880,#4881,#4882,
#4883),(#4884,#4885,#4886,#4887,#4888,#4889,#4890,#4891,#4892,#4893,#4894,
#4895,#4896,#4897,#4898),(#4899,#4900,#4901,#4902,#4903,#4904,#4905,#4906,
#4907,#4908,#4909,#4910,#4911,#4912,#4913),(#4914,#4915,#4916,#4917,#4918,
#4919,#4920,#4921,#4922,#4923,#4924,#4925,#4926,#4927,#4928),(#4929,#4930,
#4931,#4932,#4933,#4934,#4935,#4936,#4937,#4938,#4939,#4940,#4941,#4942,
#4943)),.UNSPECIFIED.,.F.,.F.,.F.,(4,2,2,2,2,2,2,2,4),(4,1,1,1,1,1,1,1,
1,1,1,1,4),(0.,0.262210929622094,0.516737682272163,0.681792083097116,0.842947761679062,
0.882616502371013,0.922057662552547,0.941624719033559,1.),(0.0557921657346727,
0.0833337610299959,0.166667671044907,0.25000119205629,0.333334946751702,
0.416667913856944,0.500003543785612,0.58333728861461,0.666670873538274,
0.750005666399728,0.83333824231464,0.91667018575383,0.981660118749828),
 .UNSPECIFIED.);
#44=B_SPLINE_SURFACE_WITH_KNOTS('',3,3,((#5041,#5042,#5043,#5044,#5045,
#5046,#5047,#5048,#5049),(#5050,#5051,#5052,#5053,#5054,#5055,#5056,#5057,
#5058),(#5059,#5060,#5061,#5062,#5063,#5064,#5065,#5066,#5067),(#5068,#5069,
#5070,#5071,#5072,#5073,#5074,#5075,#5076),(#5077,#5078,#5079,#5080,#5081,
#5082,#5083,#5084,#5085),(#5086,#5087,#5088,#5089,#5090,#5091,#5092,#5093,
#5094)),.UNSPECIFIED.,.F.,.F.,.F.,(4,2,4),(4,1,1,1,1,1,4),(0.,0.500001269202731,
1.),(0.268207057275459,0.333334946751702,0.416667913856944,0.500003543785612,
0.58333728861461,0.666670873538274,0.731577540936822),.UNSPECIFIED.);
#45=B_SPLINE_SURFACE_WITH_KNOTS('',3,3,((#5137,#5138,#5139,#5140,#5141,
#5142,#5143,#5144,#5145,#5146,#5147,#5148,#5149,#5150,#5151),(#5152,#5153,
#5154,#5155,#5156,#5157,#5158,#5159,#5160,#5161,#5162,#5163,#5164,#5165,
#5166),(#5167,#5168,#5169,#5170,#5171,#5172,#5173,#5174,#5175,#5176,#5177,
#5178,#5179,#5180,#5181),(#5182,#5183,#5184,#5185,#5186,#5187,#5188,#5189,
#5190,#5191,#5192,#5193,#5194,#5195,#5196),(#5197,#5198,#5199,#5200,#5201,
#5202,#5203,#5204,#5205,#5206,#5207,#5208,#5209,#5210,#5211),(#5212,#5213,
#5214,#5215,#5216,#5217,#5218,#5219,#5220,#5221,#5222,#5223,#5224,#5225,
#5226),(#5227,#5228,#5229,#5230,#5231,#5232,#5233,#5234,#5235,#5236,#5237,
#5238,#5239,#5240,#5241),(#5242,#5243,#5244,#5245,#5246,#5247,#5248,#5249,
#5250,#5251,#5252,#5253,#5254,#5255,#5256),(#5257,#5258,#5259,#5260,#5261,
#5262,#5263,#5264,#5265,#5266,#5267,#5268,#5269,#5270,#5271),(#5272,#5273,
#5274,#5275,#5276,#5277,#5278,#5279,#5280,#5281,#5282,#5283,#5284,#5285,
#5286),(#5287,#5288,#5289,#5290,#5291,#5292,#5293,#5294,#5295,#5296,#5297,
#5298,#5299,#5300,#5301),(#5302,#5303,#5304,#5305,#5306,#5307,#5308,#5309,
#5310,#5311,#5312,#5313,#5314,#5315,#5316),(#5317,#5318,#5319,#5320,#5321,
#5322,#5323,#5324,#5325,#5326,#5327,#5328,#5329,#5330,#5331),(#5332,#5333,
#5334,#5335,#5336,#5337,#5338,#5339,#5340,#5341,#5342,#5343,#5344,#5345,
#5346),(#5347,#5348,#5349,#5350,#5351,#5352,#5353,#5354,#5355,#5356,#5357,
#5358,#5359,#5360,#5361),(#5362,#5363,#5364,#5365,#5366,#5367,#5368,#5369,
#5370,#5371,#5372,#5373,#5374,#5375,#5376)),.UNSPECIFIED.,.F.,.F.,.F.,(4,
2,2,2,2,2,2,4),(4,1,1,1,1,1,1,1,1,1,1,1,4),(0.,0.0583832983141474,0.117354435876038,
0.237097850226662,0.483318992969491,0.737800815469914,0.86800326218824,
1.),(0.0558101553295326,0.0833337610299959,0.166667671044907,0.25000119205629,
0.333334946751702,0.416667913856944,0.500003543785612,0.58333728861461,
0.666670873538274,0.750005666399728,0.83333824231464,0.91667018575383,0.982184423007142),
 .UNSPECIFIED.);
#46=B_SPLINE_SURFACE_WITH_KNOTS('',3,3,((#5398,#5399,#5400,#5401,#5402,
#5403,#5404,#5405,#5406,#5407,#5408,#5409,#5410,#5411,#5412),(#5413,#5414,
#5415,#5416,#5417,#5418,#5419,#5420,#5421,#5422,#5423,#5424,#5425,#5426,
#5427),(#5428,#5429,#5430,#5431,#5432,#5433,#5434,#5435,#5436,#5437,#5438,
#5439,#5440,#5441,#5442),(#5443,#5444,#5445,#5446,#5447,#5448,#5449,#5450,
#5451,#5452,#5453,#5454,#5455,#5456,#5457),(#5458,#5459,#5460,#5461,#5462,
#5463,#5464,#5465,#5466,#5467,#5468,#5469,#5470,#5471,#5472),(#5473,#5474,
#5475,#5476,#5477,#5478,#5479,#5480,#5481,#5482,#5483,#5484,#5485,#5486,
#5487),(#5488,#5489,#5490,#5491,#5492,#5493,#5494,#5495,#5496,#5497,#5498,
#5499,#5500,#5501,#5502),(#5503,#5504,#5505,#5506,#5507,#5508,#5509,#5510,
#5511,#5512,#5513,#5514,#5515,#5516,#5517),(#5518,#5519,#5520,#5521,#5522,
#5523,#5524,#5525,#5526,#5527,#5528,#5529,#5530,#5531,#5532),(#5533,#5534,
#5535,#5536,#5537,#5538,#5539,#5540,#5541,#5542,#5543,#5544,#5545,#5546,
#5547),(#5548,#5549,#5550,#5551,#5552,#5553,#5554,#5555,#5556,#5557,#5558,
#5559,#5560,#5561,#5562),(#5563,#5564,#5565,#5566,#5567,#5568,#5569,#5570,
#5571,#5572,#5573,#5574,#5575,#5576,#5577),(#5578,#5579,#5580,#5581,#5582,
#5583,#5584,#5585,#5586,#5587,#5588,#5589,#5590,#5591,#5592),(#5593,#5594,
#5595,#5596,#5597,#5598,#5599,#5600,#5601,#5602,#5603,#5604,#5605,#5606,
#5607),(#5608,#5609,#5610,#5611,#5612,#5613,#5614,#5615,#5616,#5617,#5618,
#5619,#5620,#5621,#5622),(#5623,#5624,#5625,#5626,#5627,#5628,#5629,#5630,
#5631,#5632,#5633,#5634,#5635,#5636,#5637),(#5638,#5639,#5640,#5641,#5642,
#5643,#5644,#5645,#5646,#5647,#5648,#5649,#5650,#5651,#5652),(#5653,#5654,
#5655,#5656,#5657,#5658,#5659,#5660,#5661,#5662,#5663,#5664,#5665,#5666,
#5667)),.UNSPECIFIED.,.F.,.F.,.F.,(4,2,2,2,2,2,2,2,4),(4,1,1,1,1,1,1,1,
1,1,1,1,4),(0.,0.262210929622094,0.516737682272163,0.681792083097116,0.842947761679062,
0.882616502371013,0.922057662552547,0.941624719033559,1.),(0.0557921657346729,
0.0833337610299959,0.166667671044907,0.25000119205629,0.333334946751702,
0.416667913856944,0.500003543785612,0.58333728861461,0.666670873538274,
0.750005666399728,0.83333824231464,0.91667018575383,0.981660118749827),
 .UNSPECIFIED.);
#47=B_SPLINE_SURFACE_WITH_KNOTS('',3,3,((#5765,#5766,#5767,#5768,#5769,
#5770,#5771,#5772,#5773),(#5774,#5775,#5776,#5777,#5778,#5779,#5780,#5781,
#5782),(#5783,#5784,#5785,#5786,#5787,#5788,#5789,#5790,#5791),(#5792,#5793,
#5794,#5795,#5796,#5797,#5798,#5799,#5800),(#5801,#5802,#5803,#5804,#5805,
#5806,#5807,#5808,#5809),(#5810,#5811,#5812,#5813,#5814,#5815,#5816,#5817,
#5818)),.UNSPECIFIED.,.F.,.F.,.F.,(4,2,4),(4,1,1,1,1,1,4),(0.,0.500001269202731,
1.),(0.26820705727546,0.333334946751702,0.416667913856944,0.500003543785612,
0.58333728861461,0.666670873538274,0.731577540936821),.UNSPECIFIED.);
#48=B_SPLINE_SURFACE_WITH_KNOTS('',3,3,((#5861,#5862,#5863,#5864,#5865,
#5866,#5867,#5868,#5869,#5870,#5871,#5872,#5873,#5874,#5875),(#5876,#5877,
#5878,#5879,#5880,#5881,#5882,#5883,#5884,#5885,#5886,#5887,#5888,#5889,
#5890),(#5891,#5892,#5893,#5894,#5895,#5896,#5897,#5898,#5899,#5900,#5901,
#5902,#5903,#5904,#5905),(#5906,#5907,#5908,#5909,#5910,#5911,#5912,#5913,
#5914,#5915,#5916,#5917,#5918,#5919,#5920),(#5921,#5922,#5923,#5924,#5925,
#5926,#5927,#5928,#5929,#5930,#5931,#5932,#5933,#5934,#5935),(#5936,#5937,
#5938,#5939,#5940,#5941,#5942,#5943,#5944,#5945,#5946,#5947,#5948,#5949,
#5950),(#5951,#5952,#5953,#5954,#5955,#5956,#5957,#5958,#5959,#5960,#5961,
#5962,#5963,#5964,#5965),(#5966,#5967,#5968,#5969,#5970,#5971,#5972,#5973,
#5974,#5975,#5976,#5977,#5978,#5979,#5980),(#5981,#5982,#5983,#5984,#5985,
#5986,#5987,#5988,#5989,#5990,#5991,#5992,#5993,#5994,#5995),(#5996,#5997,
#5998,#5999,#6000,#6001,#6002,#6003,#6004,#6005,#6006,#6007,#6008,#6009,
#6010),(#6011,#6012,#6013,#6014,#6015,#6016,#6017,#6018,#6019,#6020,#6021,
#6022,#6023,#6024,#6025),(#6026,#6027,#6028,#6029,#6030,#6031,#6032,#6033,
#6034,#6035,#6036,#6037,#6038,#6039,#6040),(#6041,#6042,#6043,#6044,#6045,
#6046,#6047,#6048,#6049,#6050,#6051,#6052,#6053,#6054,#6055),(#6056,#6057,
#6058,#6059,#6060,#6061,#6062,#6063,#6064,#6065,#6066,#6067,#6068,#6069,
#6070),(#6071,#6072,#6073,#6074,#6075,#6076,#6077,#6078,#6079,#6080,#6081,
#6082,#6083,#6084,#6085),(#6086,#6087,#6088,#6089,#6090,#6091,#6092,#6093,
#6094,#6095,#6096,#6097,#6098,#6099,#6100)),.UNSPECIFIED.,.F.,.F.,.F.,(4,
2,2,2,2,2,2,4),(4,1,1,1,1,1,1,1,1,1,1,1,4),(0.,0.0583832983141474,0.117354435876038,
0.237097850226662,0.483318992969491,0.737800815469914,0.86800326218824,
1.),(0.0558101553295314,0.0833337610299959,0.166667671044907,0.25000119205629,
0.333334946751702,0.416667913856944,0.500003543785612,0.58333728861461,
0.666670873538274,0.750005666399728,0.83333824231464,0.91667018575383,0.982184423007141),
 .UNSPECIFIED.);
#49=B_SPLINE_SURFACE_WITH_KNOTS('',3,3,((#6122,#6123,#6124,#6125,#6126,
#6127,#6128,#6129,#6130,#6131,#6132,#6133,#6134,#6135,#6136),(#6137,#6138,
#6139,#6140,#6141,#6142,#6143,#6144,#6145,#6146,#6147,#6148,#6149,#6150,
#6151),(#6152,#6153,#6154,#6155,#6156,#6157,#6158,#6159,#6160,#6161,#6162,
#6163,#6164,#6165,#6166),(#6167,#6168,#6169,#6170,#6171,#6172,#6173,#6174,
#6175,#6176,#6177,#6178,#6179,#6180,#6181),(#6182,#6183,#6184,#6185,#6186,
#6187,#6188,#6189,#6190,#6191,#6192,#6193,#6194,#6195,#6196),(#6197,#6198,
#6199,#6200,#6201,#6202,#6203,#6204,#6205,#6206,#6207,#6208,#6209,#6210,
#6211),(#6212,#6213,#6214,#6215,#6216,#6217,#6218,#6219,#6220,#6221,#6222,
#6223,#6224,#6225,#6226),(#6227,#6228,#6229,#6230,#6231,#6232,#6233,#6234,
#6235,#6236,#6237,#6238,#6239,#6240,#6241),(#6242,#6243,#6244,#6245,#6246,
#6247,#6248,#6249,#6250,#6251,#6252,#6253,#6254,#6255,#6256),(#6257,#6258,
#6259,#6260,#6261,#6262,#6263,#6264,#6265,#6266,#6267,#6268,#6269,#6270,
#6271),(#6272,#6273,#6274,#6275,#6276,#6277,#6278,#6279,#6280,#6281,#6282,
#6283,#6284,#6285,#6286),(#6287,#6288,#6289,#6290,#6291,#6292,#6293,#6294,
#6295,#6296,#6297,#6298,#6299,#6300,#6301),(#6302,#6303,#6304,#6305,#6306,
#6307,#6308,#6309,#6310,#6311,#6312,#6313,#6314,#6315,#6316),(#6317,#6318,
#6319,#6320,#6321,#6322,#6323,#6324,#6325,#6326,#6327,#6328,#6329,#6330,
#6331),(#6332,#6333,#6334,#6335,#6336,#6337,#6338,#6339,#6340,#6341,#6342,
#6343,#6344,#6345,#6346),(#6347,#6348,#6349,#6350,#6351,#6352,#6353,#6354,
#6355,#6356,#6357,#6358,#6359,#6360,#6361),(#6362,#6363,#6364,#6365,#6366,
#6367,#6368,#6369,#6370,#6371,#6372,#6373,#6374,#6375,#6376),(#6377,#6378,
#6379,#6380,#6381,#6382,#6383,#6384,#6385,#6386,#6387,#6388,#6389,#6390,
#6391)),.UNSPECIFIED.,.F.,.F.,.F.,(4,2,2,2,2,2,2,2,4),(4,1,1,1,1,1,1,1,
1,1,1,1,4),(0.,0.262210929622094,0.516737682272163,0.681792083097116,0.842947761679062,
0.882616502371013,0.922057662552547,0.941624719033559,1.),(0.0557921657346717,
0.0833337610299959,0.166667671044907,0.25000119205629,0.333334946751702,
0.416667913856944,0.500003543785612,0.58333728861461,0.666670873538274,
0.750005666399728,0.83333824231464,0.91667018575383,0.981660118749828),
 .UNSPECIFIED.);
#50=B_SPLINE_SURFACE_WITH_KNOTS('',3,3,((#6489,#6490,#6491,#6492,#6493,
#6494,#6495,#6496,#6497),(#6498,#6499,#6500,#6501,#6502,#6503,#6504,#6505,
#6506),(#6507,#6508,#6509,#6510,#6511,#6512,#6513,#6514,#6515),(#6516,#6517,
#6518,#6519,#6520,#6521,#6522,#6523,#6524),(#6525,#6526,#6527,#6528,#6529,
#6530,#6531,#6532,#6533),(#6534,#6535,#6536,#6537,#6538,#6539,#6540,#6541,
#6542)),.UNSPECIFIED.,.F.,.F.,.F.,(4,2,4),(4,1,1,1,1,1,4),(0.,0.500001269202731,
1.),(0.268207057275459,0.333334946751702,0.416667913856944,0.500003543785612,
0.58333728861461,0.666670873538274,0.731577540936822),.UNSPECIFIED.);
#51=B_SPLINE_SURFACE_WITH_KNOTS('',3,3,((#6585,#6586,#6587,#6588,#6589,
#6590,#6591,#6592,#6593,#6594,#6595,#6596,#6597,#6598,#6599),(#6600,#6601,
#6602,#6603,#6604,#6605,#6606,#6607,#6608,#6609,#6610,#6611,#6612,#6613,
#6614),(#6615,#6616,#6617,#6618,#6619,#6620,#6621,#6622,#6623,#6624,#6625,
#6626,#6627,#6628,#6629),(#6630,#6631,#6632,#6633,#6634,#6635,#6636,#6637,
#6638,#6639,#6640,#6641,#6642,#6643,#6644),(#6645,#6646,#6647,#6648,#6649,
#6650,#6651,#6652,#6653,#6654,#6655,#6656,#6657,#6658,#6659),(#6660,#6661,
#6662,#6663,#6664,#6665,#6666,#6667,#6668,#6669,#6670,#6671,#6672,#6673,
#6674),(#6675,#6676,#6677,#6678,#6679,#6680,#6681,#6682,#6683,#6684,#6685,
#6686,#6687,#6688,#6689),(#6690,#6691,#6692,#6693,#6694,#6695,#6696,#6697,
#6698,#6699,#6700,#6701,#6702,#6703,#6704),(#6705,#6706,#6707,#6708,#6709,
#6710,#6711,#6712,#6713,#6714,#6715,#6716,#6717,#6718,#6719),(#6720,#6721,
#6722,#6723,#6724,#6725,#6726,#6727,#6728,#6729,#6730,#6731,#6732,#6733,
#6734),(#6735,#6736,#6737,#6738,#6739,#6740,#6741,#6742,#6743,#6744,#6745,
#6746,#6747,#6748,#6749),(#6750,#6751,#6752,#6753,#6754,#6755,#6756,#6757,
#6758,#6759,#6760,#6761,#6762,#6763,#6764),(#6765,#6766,#6767,#6768,#6769,
#6770,#6771,#6772,#6773,#6774,#6775,#6776,#6777,#6778,#6779),(#6780,#6781,
#6782,#6783,#6784,#6785,#6786,#6787,#6788,#6789,#6790,#6791,#6792,#6793,
#6794),(#6795,#6796,#6797,#6798,#6799,#6800,#6801,#6802,#6803,#6804,#6805,
#6806,#6807,#6808,#6809),(#6810,#6811,#6812,#6813,#6814,#6815,#6816,#6817,
#6818,#6819,#6820,#6821,#6822,#6823,#6824)),.UNSPECIFIED.,.F.,.F.,.F.,(4,
2,2,2,2,2,2,4),(4,1,1,1,1,1,1,1,1,1,1,1,4),(0.,0.0583832983141474,0.117354435876038,
0.237097850226662,0.483318992969491,0.737800815469914,0.86800326218824,
1.),(0.0558101553295324,0.0833337610299959,0.166667671044907,0.25000119205629,
0.333334946751702,0.416667913856944,0.500003543785612,0.58333728861461,
0.666670873538274,0.750005666399728,0.83333824231464,0.91667018575383,0.98218442300714),
 .UNSPECIFIED.);
#52=B_SPLINE_SURFACE_WITH_KNOTS('',3,3,((#6846,#6847,#6848,#6849,#6850,
#6851,#6852,#6853,#6854,#6855,#6856,#6857,#6858,#6859,#6860),(#6861,#6862,
#6863,#6864,#6865,#6866,#6867,#6868,#6869,#6870,#6871,#6872,#6873,#6874,
#6875),(#6876,#6877,#6878,#6879,#6880,#6881,#6882,#6883,#6884,#6885,#6886,
#6887,#6888,#6889,#6890),(#6891,#6892,#6893,#6894,#6895,#6896,#6897,#6898,
#6899,#6900,#6901,#6902,#6903,#6904,#6905),(#6906,#6907,#6908,#6909,#6910,
#6911,#6912,#6913,#6914,#6915,#6916,#6917,#6918,#6919,#6920),(#6921,#6922,
#6923,#6924,#6925,#6926,#6927,#6928,#6929,#6930,#6931,#6932,#6933,#6934,
#6935),(#6936,#6937,#6938,#6939,#6940,#6941,#6942,#6943,#6944,#6945,#6946,
#6947,#6948,#6949,#6950),(#6951,#6952,#6953,#6954,#6955,#6956,#6957,#6958,
#6959,#6960,#6961,#6962,#6963,#6964,#6965),(#6966,#6967,#6968,#6969,#6970,
#6971,#6972,#6973,#6974,#6975,#6976,#6977,#6978,#6979,#6980),(#6981,#6982,
#6983,#6984,#6985,#6986,#6987,#6988,#6989,#6990,#6991,#6992,#6993,#6994,
#6995),(#6996,#6997,#6998,#6999,#7000,#7001,#7002,#7003,#7004,#7005,#7006,
#7007,#7008,#7009,#7010),(#7011,#7012,#7013,#7014,#7015,#7016,#7017,#7018,
#7019,#7020,#7021,#7022,#7023,#7024,#7025),(#7026,#7027,#7028,#7029,#7030,
#7031,#7032,#7033,#7034,#7035,#7036,#7037,#7038,#7039,#7040),(#7041,#7042,
#7043,#7044,#7045,#7046,#7047,#7048,#7049,#7050,#7051,#7052,#7053,#7054,
#7055),(#7056,#7057,#7058,#7059,#7060,#7061,#7062,#7063,#7064,#7065,#7066,
#7067,#7068,#7069,#7070),(#7071,#7072,#7073,#7074,#7075,#7076,#7077,#7078,
#7079,#7080,#7081,#7082,#7083,#7084,#7085),(#7086,#7087,#7088,#7089,#7090,
#7091,#7092,#7093,#7094,#7095,#7096,#7097,#7098,#7099,#7100),(#7101,#7102,
#7103,#7104,#7105,#7106,#7107,#7108,#7109,#7110,#7111,#7112,#7113,#7114,
#7115)),.UNSPECIFIED.,.F.,.F.,.F.,(4,2,2,2,2,2,2,2,4),(4,1,1,1,1,1,1,1,
1,1,1,1,4),(0.,0.262210929622094,0.516737682272163,0.681792083097116,0.842947761679062,
0.882616502371013,0.922057662552547,0.941624719033559,1.),(0.0557921657346728,
0.0833337610299959,0.166667671044907,0.25000119205629,0.333334946751702,
0.416667913856944,0.500003543785612,0.58333728861461,0.666670873538274,
0.750005666399728,0.83333824231464,0.91667018575383,0.981660118749827),
 .UNSPECIFIED.);
#53=B_SPLINE_SURFACE_WITH_KNOTS('',3,3,((#7213,#7214,#7215,#7216,#7217,
#7218,#7219,#7220,#7221),(#7222,#7223,#7224,#7225,#7226,#7227,#7228,#7229,
#7230),(#7231,#7232,#7233,#7234,#7235,#7236,#7237,#7238,#7239),(#7240,#7241,
#7242,#7243,#7244,#7245,#7246,#7247,#7248),(#7249,#7250,#7251,#7252,#7253,
#7254,#7255,#7256,#7257),(#7258,#7259,#7260,#7261,#7262,#7263,#7264,#7265,
#7266)),.UNSPECIFIED.,.F.,.F.,.F.,(4,2,4),(4,1,1,1,1,1,4),(0.,0.500001269202731,
1.),(0.26820705727546,0.333334946751702,0.416667913856944,0.500003543785612,
0.58333728861461,0.666670873538274,0.731577540936821),.UNSPECIFIED.);
#54=B_SPLINE_SURFACE_WITH_KNOTS('',3,3,((#7309,#7310,#7311,#7312,#7313,
#7314,#7315,#7316,#7317,#7318,#7319,#7320,#7321,#7322,#7323),(#7324,#7325,
#7326,#7327,#7328,#7329,#7330,#7331,#7332,#7333,#7334,#7335,#7336,#7337,
#7338),(#7339,#7340,#7341,#7342,#7343,#7344,#7345,#7346,#7347,#7348,#7349,
#7350,#7351,#7352,#7353),(#7354,#7355,#7356,#7357,#7358,#7359,#7360,#7361,
#7362,#7363,#7364,#7365,#7366,#7367,#7368),(#7369,#7370,#7371,#7372,#7373,
#7374,#7375,#7376,#7377,#7378,#7379,#7380,#7381,#7382,#7383),(#7384,#7385,
#7386,#7387,#7388,#7389,#7390,#7391,#7392,#7393,#7394,#7395,#7396,#7397,
#7398),(#7399,#7400,#7401,#7402,#7403,#7404,#7405,#7406,#7407,#7408,#7409,
#7410,#7411,#7412,#7413),(#7414,#7415,#7416,#7417,#7418,#7419,#7420,#7421,
#7422,#7423,#7424,#7425,#7426,#7427,#7428),(#7429,#7430,#7431,#7432,#7433,
#7434,#7435,#7436,#7437,#7438,#7439,#7440,#7441,#7442,#7443),(#7444,#7445,
#7446,#7447,#7448,#7449,#7450,#7451,#7452,#7453,#7454,#7455,#7456,#7457,
#7458),(#7459,#7460,#7461,#7462,#7463,#7464,#7465,#7466,#7467,#7468,#7469,
#7470,#7471,#7472,#7473),(#7474,#7475,#7476,#7477,#7478,#7479,#7480,#7481,
#7482,#7483,#7484,#7485,#7486,#7487,#7488),(#7489,#7490,#7491,#7492,#7493,
#7494,#7495,#7496,#7497,#7498,#7499,#7500,#7501,#7502,#7503),(#7504,#7505,
#7506,#7507,#7508,#7509,#7510,#7511,#7512,#7513,#7514,#7515,#7516,#7517,
#7518),(#7519,#7520,#7521,#7522,#7523,#7524,#7525,#7526,#7527,#7528,#7529,
#7530,#7531,#7532,#7533),(#7534,#7535,#7536,#7537,#7538,#7539,#7540,#7541,
#7542,#7543,#7544,#7545,#7546,#7547,#7548)),.UNSPECIFIED.,.F.,.F.,.F.,(4,
2,2,2,2,2,2,4),(4,1,1,1,1,1,1,1,1,1,1,1,4),(0.,0.0583832983141474,0.117354435876038,
0.237097850226662,0.483318992969491,0.737800815469914,0.86800326218824,
1.),(0.0558101553295314,0.0833337610299959,0.166667671044907,0.25000119205629,
0.333334946751702,0.416667913856944,0.500003543785612,0.58333728861461,
0.666670873538274,0.750005666399728,0.83333824231464,0.91667018575383,0.98218442300714),
 .UNSPECIFIED.);
#55=B_SPLINE_SURFACE_WITH_KNOTS('',3,3,((#7570,#7571,#7572,#7573,#7574,
#7575,#7576,#7577,#7578,#7579,#7580,#7581,#7582,#7583,#7584),(#7585,#7586,
#7587,#7588,#7589,#7590,#7591,#7592,#7593,#7594,#7595,#7596,#7597,#7598,
#7599),(#7600,#7601,#7602,#7603,#7604,#7605,#7606,#7607,#7608,#7609,#7610,
#7611,#7612,#7613,#7614),(#7615,#7616,#7617,#7618,#7619,#7620,#7621,#7622,
#7623,#7624,#7625,#7626,#7627,#7628,#7629),(#7630,#7631,#7632,#7633,#7634,
#7635,#7636,#7637,#7638,#7639,#7640,#7641,#7642,#7643,#7644),(#7645,#7646,
#7647,#7648,#7649,#7650,#7651,#7652,#7653,#7654,#7655,#7656,#7657,#7658,
#7659),(#7660,#7661,#7662,#7663,#7664,#7665,#7666,#7667,#7668,#7669,#7670,
#7671,#7672,#7673,#7674),(#7675,#7676,#7677,#7678,#7679,#7680,#7681,#7682,
#7683,#7684,#7685,#7686,#7687,#7688,#7689),(#7690,#7691,#7692,#7693,#7694,
#7695,#7696,#7697,#7698,#7699,#7700,#7701,#7702,#7703,#7704),(#7705,#7706,
#7707,#7708,#7709,#7710,#7711,#7712,#7713,#7714,#7715,#7716,#7717,#7718,
#7719),(#7720,#7721,#7722,#7723,#7724,#7725,#7726,#7727,#7728,#7729,#7730,
#7731,#7732,#7733,#7734),(#7735,#7736,#7737,#7738,#7739,#7740,#7741,#7742,
#7743,#7744,#7745,#7746,#7747,#7748,#7749),(#7750,#7751,#7752,#7753,#7754,
#7755,#7756,#7757,#7758,#7759,#7760,#7761,#7762,#7763,#7764),(#7765,#7766,
#7767,#7768,#7769,#7770,#7771,#7772,#7773,#7774,#7775,#7776,#7777,#7778,
#7779),(#7780,#7781,#7782,#7783,#7784,#7785,#7786,#7787,#7788,#7789,#7790,
#7791,#7792,#7793,#7794),(#7795,#7796,#7797,#7798,#7799,#7800,#7801,#7802,
#7803,#7804,#7805,#7806,#7807,#7808,#7809),(#7810,#7811,#7812,#7813,#7814,
#7815,#7816,#7817,#7818,#7819,#7820,#7821,#7822,#7823,#7824),(#7825,#7826,
#7827,#7828,#7829,#7830,#7831,#7832,#7833,#7834,#7835,#7836,#7837,#7838,
#7839)),.UNSPECIFIED.,.F.,.F.,.F.,(4,2,2,2,2,2,2,2,4),(4,1,1,1,1,1,1,1,
1,1,1,1,4),(0.,0.262210929622094,0.516737682272163,0.681792083097116,0.842947761679062,
0.882616502371013,0.922057662552547,0.941624719033559,1.),(0.0557921657346722,
0.0833337610299959,0.166667671044907,0.25000119205629,0.333334946751702,
0.416667913856944,0.500003543785612,0.58333728861461,0.666670873538274,
0.750005666399728,0.83333824231464,0.91667018575383,0.981660118749828),
 .UNSPECIFIED.);
#56=B_SPLINE_SURFACE_WITH_KNOTS('',3,3,((#7937,#7938,#7939,#7940,#7941,
#7942,#7943,#7944,#7945),(#7946,#7947,#7948,#7949,#7950,#7951,#7952,#7953,
#7954),(#7955,#7956,#7957,#7958,#7959,#7960,#7961,#7962,#7963),(#7964,#7965,
#7966,#7967,#7968,#7969,#7970,#7971,#7972),(#7973,#7974,#7975,#7976,#7977,
#7978,#7979,#7980,#7981),(#7982,#7983,#7984,#7985,#7986,#7987,#7988,#7989,
#7990)),.UNSPECIFIED.,.F.,.F.,.F.,(4,2,4),(4,1,1,1,1,1,4),(0.,0.500001269202731,
1.),(0.268207057275459,0.333334946751702,0.416667913856944,0.500003543785612,
0.58333728861461,0.666670873538274,0.731577540936822),.UNSPECIFIED.);
#57=B_SPLINE_SURFACE_WITH_KNOTS('',3,3,((#8033,#8034,#8035,#8036,#8037,
#8038,#8039,#8040,#8041,#8042,#8043,#8044,#8045,#8046,#8047),(#8048,#8049,
#8050,#8051,#8052,#8053,#8054,#8055,#8056,#8057,#8058,#8059,#8060,#8061,
#8062),(#8063,#8064,#8065,#8066,#8067,#8068,#8069,#8070,#8071,#8072,#8073,
#8074,#8075,#8076,#8077),(#8078,#8079,#8080,#8081,#8082,#8083,#8084,#8085,
#8086,#8087,#8088,#8089,#8090,#8091,#8092),(#8093,#8094,#8095,#8096,#8097,
#8098,#8099,#8100,#8101,#8102,#8103,#8104,#8105,#8106,#8107),(#8108,#8109,
#8110,#8111,#8112,#8113,#8114,#8115,#8116,#8117,#8118,#8119,#8120,#8121,
#8122),(#8123,#8124,#8125,#8126,#8127,#8128,#8129,#8130,#8131,#8132,#8133,
#8134,#8135,#8136,#8137),(#8138,#8139,#8140,#8141,#8142,#8143,#8144,#8145,
#8146,#8147,#8148,#8149,#8150,#8151,#8152),(#8153,#8154,#8155,#8156,#8157,
#8158,#8159,#8160,#8161,#8162,#8163,#8164,#8165,#8166,#8167),(#8168,#8169,
#8170,#8171,#8172,#8173,#8174,#8175,#8176,#8177,#8178,#8179,#8180,#8181,
#8182),(#8183,#8184,#8185,#8186,#8187,#8188,#8189,#8190,#8191,#8192,#8193,
#8194,#8195,#8196,#8197),(#8198,#8199,#8200,#8201,#8202,#8203,#8204,#8205,
#8206,#8207,#8208,#8209,#8210,#8211,#8212),(#8213,#8214,#8215,#8216,#8217,
#8218,#8219,#8220,#8221,#8222,#8223,#8224,#8225,#8226,#8227),(#8228,#8229,
#8230,#8231,#8232,#8233,#8234,#8235,#8236,#8237,#8238,#8239,#8240,#8241,
#8242),(#8243,#8244,#8245,#8246,#8247,#8248,#8249,#8250,#8251,#8252,#8253,
#8254,#8255,#8256,#8257),(#8258,#8259,#8260,#8261,#8262,#8263,#8264,#8265,
#8266,#8267,#8268,#8269,#8270,#8271,#8272)),.UNSPECIFIED.,.F.,.F.,.F.,(4,
2,2,2,2,2,2,4),(4,1,1,1,1,1,1,1,1,1,1,1,4),(0.,0.0583832983141474,0.117354435876038,
0.237097850226662,0.483318992969491,0.737800815469914,0.86800326218824,
1.),(0.0558101553295327,0.0833337610299959,0.166667671044907,0.25000119205629,
0.333334946751702,0.416667913856944,0.500003543785612,0.58333728861461,
0.666670873538274,0.750005666399728,0.83333824231464,0.91667018575383,0.98218442300714),
 .UNSPECIFIED.);
#58=B_SPLINE_SURFACE_WITH_KNOTS('',3,3,((#8294,#8295,#8296,#8297,#8298,
#8299,#8300,#8301,#8302,#8303,#8304,#8305,#8306,#8307,#8308),(#8309,#8310,
#8311,#8312,#8313,#8314,#8315,#8316,#8317,#8318,#8319,#8320,#8321,#8322,
#8323),(#8324,#8325,#8326,#8327,#8328,#8329,#8330,#8331,#8332,#8333,#8334,
#8335,#8336,#8337,#8338),(#8339,#8340,#8341,#8342,#8343,#8344,#8345,#8346,
#8347,#8348,#8349,#8350,#8351,#8352,#8353),(#8354,#8355,#8356,#8357,#8358,
#8359,#8360,#8361,#8362,#8363,#8364,#8365,#8366,#8367,#8368),(#8369,#8370,
#8371,#8372,#8373,#8374,#8375,#8376,#8377,#8378,#8379,#8380,#8381,#8382,
#8383),(#8384,#8385,#8386,#8387,#8388,#8389,#8390,#8391,#8392,#8393,#8394,
#8395,#8396,#8397,#8398),(#8399,#8400,#8401,#8402,#8403,#8404,#8405,#8406,
#8407,#8408,#8409,#8410,#8411,#8412,#8413),(#8414,#8415,#8416,#8417,#8418,
#8419,#8420,#8421,#8422,#8423,#8424,#8425,#8426,#8427,#8428),(#8429,#8430,
#8431,#8432,#8433,#8434,#8435,#8436,#8437,#8438,#8439,#8440,#8441,#8442,
#8443),(#8444,#8445,#8446,#8447,#8448,#8449,#8450,#8451,#8452,#8453,#8454,
#8455,#8456,#8457,#8458),(#8459,#8460,#8461,#8462,#8463,#8464,#8465,#8466,
#8467,#8468,#8469,#8470,#8471,#8472,#8473),(#8474,#8475,#8476,#8477,#8478,
#8479,#8480,#8481,#8482,#8483,#8484,#8485,#8486,#8487,#8488),(#8489,#8490,
#8491,#8492,#8493,#8494,#8495,#8496,#8497,#8498,#8499,#8500,#8501,#8502,
#8503),(#8504,#8505,#8506,#8507,#8508,#8509,#8510,#8511,#8512,#8513,#8514,
#8515,#8516,#8517,#8518),(#8519,#8520,#8521,#8522,#8523,#8524,#8525,#8526,
#8527,#8528,#8529,#8530,#8531,#8532,#8533),(#8534,#8535,#8536,#8537,#8538,
#8539,#8540,#8541,#8542,#8543,#8544,#8545,#8546,#8547,#8548),(#8549,#8550,
#8551,#8552,#8553,#8554,#8555,#8556,#8557,#8558,#8559,#8560,#8561,#8562,
#8563)),.UNSPECIFIED.,.F.,.F.,.F.,(4,2,2,2,2,2,2,2,4),(4,1,1,1,1,1,1,1,
1,1,1,1,4),(0.,0.262210929622094,0.516737682272163,0.681792083097116,0.842947761679062,
0.882616502371013,0.922057662552547,0.941624719033559,1.),(0.0557921657346723,
0.0833337610299959,0.166667671044907,0.25000119205629,0.333334946751702,
0.416667913856944,0.500003543785612,0.58333728861461,0.666670873538274,
0.750005666399728,0.83333824231464,0.91667018575383,0.981660118749827),
 .UNSPECIFIED.);
#59=LINE('',#2615,#87);
#60=LINE('',#3220,#88);
#61=LINE('',#3532,#89);
#62=LINE('',#3570,#90);
#63=LINE('',#3944,#91);
#64=LINE('',#4256,#92);
#65=LINE('',#4294,#93);
#66=LINE('',#4668,#94);
#67=LINE('',#4980,#95);
#68=LINE('',#5018,#96);
#69=LINE('',#5392,#97);
#70=LINE('',#5704,#98);
#71=LINE('',#5742,#99);
#72=LINE('',#6116,#100);
#73=LINE('',#6428,#101);
#74=LINE('',#6466,#102);
#75=LINE('',#6840,#103);
#76=LINE('',#7152,#104);
#77=LINE('',#7190,#105);
#78=LINE('',#7564,#106);
#79=LINE('',#7876,#107);
#80=LINE('',#7914,#108);
#81=LINE('',#8288,#109);
#82=LINE('',#8600,#110);
#83=LINE('',#8638,#111);
#84=LINE('',#8854,#112);
#85=LINE('',#8858,#113);
#86=LINE('',#8860,#114);
#87=VECTOR('',#2195,1.);
#88=VECTOR('',#2232,1.);
#89=VECTOR('',#2235,1.);
#90=VECTOR('',#2238,1.);
#91=VECTOR('',#2251,1.);
#92=VECTOR('',#2254,1.);
#93=VECTOR('',#2257,1.);
#94=VECTOR('',#2270,1.);
#95=VECTOR('',#2273,1.);
#96=VECTOR('',#2276,1.);
#97=VECTOR('',#2289,1.);
#98=VECTOR('',#2292,1.);
#99=VECTOR('',#2295,1.);
#100=VECTOR('',#2308,1.);
#101=VECTOR('',#2311,1.);
#102=VECTOR('',#2314,1.);
#103=VECTOR('',#2327,1.);
#104=VECTOR('',#2330,1.);
#105=VECTOR('',#2333,1.);
#106=VECTOR('',#2346,1.);
#107=VECTOR('',#2349,1.);
#108=VECTOR('',#2352,1.);
#109=VECTOR('',#2365,1.);
#110=VECTOR('',#2368,1.);
#111=VECTOR('',#2371,1.);
#112=VECTOR('',#2386,1.);
#113=VECTOR('',#2389,1.);
#114=VECTOR('',#2392,1.);
#115=CONICAL_SURFACE('',#2007,0.00351332259808998,0.242588778711172);
#116=CONICAL_SURFACE('',#2010,0.00351332259808998,0.242588778711172);
#117=CONICAL_SURFACE('',#2013,0.00351332259808998,0.242588778711172);
#118=CONICAL_SURFACE('',#2016,0.00351332259808998,0.242588778711172);
#119=CONICAL_SURFACE('',#2019,0.00351332259808998,0.242588778711172);
#120=CONICAL_SURFACE('',#2022,0.00351332259808998,0.242588778711172);
#121=CONICAL_SURFACE('',#2025,0.00351332259808998,0.242588778711172);
#122=CONICAL_SURFACE('',#2028,0.00351332259808998,0.242588778711172);
#123=CONICAL_SURFACE('',#2053,0.00419651778271777,1.23353317301672);
#124=CONICAL_SURFACE('',#2055,0.00347887097596085,1.23353317301672);
#125=CONICAL_SURFACE('',#2057,0.00507621414944738,1.21976158002974);
#126=CONICAL_SURFACE('',#2058,0.00725491557459513,0.351034746765155);
#127=CONICAL_SURFACE('',#2061,0.00419651778271777,1.23353317301672);
#128=CONICAL_SURFACE('',#2063,0.00347887097596085,1.23353317301672);
#129=CONICAL_SURFACE('',#2065,0.00507621414944738,1.21976158002974);
#130=CONICAL_SURFACE('',#2066,0.00725491557459513,0.351034746765155);
#131=CONICAL_SURFACE('',#2069,0.00419651778271777,1.23353317301672);
#132=CONICAL_SURFACE('',#2071,0.00347887097596085,1.23353317301672);
#133=CONICAL_SURFACE('',#2073,0.00507621414944738,1.21976158002974);
#134=CONICAL_SURFACE('',#2074,0.00725491557459513,0.351034746765155);
#135=CONICAL_SURFACE('',#2077,0.00419651778271777,1.23353317301672);
#136=CONICAL_SURFACE('',#2079,0.00347887097596085,1.23353317301672);
#137=CONICAL_SURFACE('',#2081,0.00507621414944738,1.21976158002974);
#138=CONICAL_SURFACE('',#2082,0.00725491557459513,0.351034746765155);
#139=CONICAL_SURFACE('',#2085,0.00419651778271777,1.23353317301672);
#140=CONICAL_SURFACE('',#2087,0.00347887097596085,1.23353317301672);
#141=CONICAL_SURFACE('',#2089,0.00507621414944738,1.21976158002974);
#142=CONICAL_SURFACE('',#2090,0.00725491557459513,0.351034746765155);
#143=CONICAL_SURFACE('',#2093,0.00419651778271777,1.23353317301672);
#144=CONICAL_SURFACE('',#2095,0.00347887097596085,1.23353317301672);
#145=CONICAL_SURFACE('',#2097,0.00507621414944738,1.21976158002974);
#146=CONICAL_SURFACE('',#2098,0.00725491557459513,0.351034746765155);
#147=CONICAL_SURFACE('',#2101,0.00419651778271777,1.23353317301672);
#148=CONICAL_SURFACE('',#2103,0.00347887097596085,1.23353317301672);
#149=CONICAL_SURFACE('',#2105,0.00507621414944738,1.21976158002974);
#150=CONICAL_SURFACE('',#2106,0.00725491557459513,0.351034746765155);
#151=CONICAL_SURFACE('',#2109,0.00419651778271777,1.23353317301672);
#152=CONICAL_SURFACE('',#2111,0.00347887097596085,1.23353317301672);
#153=CONICAL_SURFACE('',#2113,0.00507621414944738,1.21976158002974);
#154=CONICAL_SURFACE('',#2114,0.00725491557459513,0.351034746765155);
#155=B_SPLINE_CURVE_WITH_KNOTS('',3,(#2420,#2421,#2422,#2423,#2424,#2425,
#2426),.UNSPECIFIED.,.F.,.F.,(4,1,1,1,4),(0.0128016623694686,0.0137962861177821,
0.0147909098660957,0.0157855336144092,0.0167801573627228),.UNSPECIFIED.);
#156=B_SPLINE_CURVE_WITH_KNOTS('',3,(#2431,#2432,#2433,#2434,#2435,#2436,
#2437,#2438),.UNSPECIFIED.,.F.,.F.,(4,1,1,1,1,4),(0.,0.25,0.375,0.5,0.75,
1.),.UNSPECIFIED.);
#157=B_SPLINE_CURVE_WITH_KNOTS('',3,(#2442,#2443,#2444,#2445,#2446,#2447,
#2448,#2449),.UNSPECIFIED.,.F.,.F.,(4,1,1,1,1,4),(0.,0.25,0.5,0.625,0.75,
1.),.UNSPECIFIED.);
#158=B_SPLINE_CURVE_WITH_KNOTS('',3,(#2454,#2455,#2456,#2457,#2458,#2459,
#2460,#2461),.UNSPECIFIED.,.F.,.F.,(4,1,1,1,1,4),(0.,0.25,0.5,0.625,0.75,
1.),.UNSPECIFIED.);
#159=B_SPLINE_CURVE_WITH_KNOTS('',3,(#2465,#2466,#2467,#2468,#2469,#2470,
#2471,#2472),.UNSPECIFIED.,.F.,.F.,(4,1,1,1,1,4),(0.,0.25,0.375,0.5,0.75,
1.),.UNSPECIFIED.);
#160=B_SPLINE_CURVE_WITH_KNOTS('',3,(#2477,#2478,#2479,#2480,#2481,#2482,
#2483,#2484),.UNSPECIFIED.,.F.,.F.,(4,1,1,1,1,4),(0.,0.25,0.5,0.625,0.75,
1.),.UNSPECIFIED.);
#161=B_SPLINE_CURVE_WITH_KNOTS('',3,(#2488,#2489,#2490,#2491,#2492,#2493,
#2494,#2495),.UNSPECIFIED.,.F.,.F.,(4,1,1,1,1,4),(0.,0.25,0.375,0.5,0.75,
1.),.UNSPECIFIED.);
#162=B_SPLINE_CURVE_WITH_KNOTS('',3,(#2500,#2501,#2502,#2503,#2504,#2505,
#2506,#2507),.UNSPECIFIED.,.F.,.F.,(4,1,1,1,1,4),(0.,0.25,0.5,0.625,0.75,
1.),.UNSPECIFIED.);
#163=B_SPLINE_CURVE_WITH_KNOTS('',3,(#2511,#2512,#2513,#2514,#2515,#2516,
#2517,#2518),.UNSPECIFIED.,.F.,.F.,(4,1,1,1,1,4),(0.,0.25,0.375,0.5,0.75,
1.),.UNSPECIFIED.);
#164=B_SPLINE_CURVE_WITH_KNOTS('',3,(#2523,#2524,#2525,#2526,#2527,#2528,
#2529,#2530),.UNSPECIFIED.,.F.,.F.,(4,1,1,1,1,4),(0.,0.25,0.5,0.625,0.75,
1.),.UNSPECIFIED.);
#165=B_SPLINE_CURVE_WITH_KNOTS('',3,(#2534,#2535,#2536,#2537,#2538,#2539,
#2540,#2541),.UNSPECIFIED.,.F.,.F.,(4,1,1,1,1,4),(0.,0.25,0.375,0.5,0.75,
1.),.UNSPECIFIED.);
#166=B_SPLINE_CURVE_WITH_KNOTS('',3,(#2546,#2547,#2548,#2549,#2550,#2551,
#2552,#2553),.UNSPECIFIED.,.F.,.F.,(4,1,1,1,1,4),(0.,0.25,0.5,0.625,0.75,
1.),.UNSPECIFIED.);
#167=B_SPLINE_CURVE_WITH_KNOTS('',3,(#2557,#2558,#2559,#2560,#2561,#2562,
#2563,#2564),.UNSPECIFIED.,.F.,.F.,(4,1,1,1,1,4),(0.,0.25,0.375,0.5,0.75,
1.),.UNSPECIFIED.);
#168=B_SPLINE_CURVE_WITH_KNOTS('',3,(#2569,#2570,#2571,#2572,#2573,#2574,
#2575,#2576),.UNSPECIFIED.,.F.,.F.,(4,1,1,1,1,4),(0.,0.25,0.5,0.625,0.75,
1.),.UNSPECIFIED.);
#169=B_SPLINE_CURVE_WITH_KNOTS('',3,(#2580,#2581,#2582,#2583,#2584,#2585,
#2586,#2587),.UNSPECIFIED.,.F.,.F.,(4,1,1,1,1,4),(0.,0.25,0.375,0.5,0.75,
1.),.UNSPECIFIED.);
#170=B_SPLINE_CURVE_WITH_KNOTS('',3,(#2592,#2593,#2594,#2595,#2596,#2597,
#2598,#2599),.UNSPECIFIED.,.F.,.F.,(4,1,1,1,1,4),(0.,0.25,0.5,0.625,0.75,
1.),.UNSPECIFIED.);
#171=B_SPLINE_CURVE_WITH_KNOTS('',3,(#2603,#2604,#2605,#2606,#2607,#2608,
#2609,#2610),.UNSPECIFIED.,.F.,.F.,(4,1,1,1,1,4),(0.,0.25,0.375,0.5,0.75,
1.),.UNSPECIFIED.);
#172=B_SPLINE_CURVE_WITH_KNOTS('',3,(#2616,#2617,#2618,#2619),
 .UNSPECIFIED.,.F.,.F.,(4,4),(0.717802658484978,0.782222466571137),
 .UNSPECIFIED.);
#173=B_SPLINE_CURVE_WITH_KNOTS('',3,(#2622,#2623,#2624,#2625),
 .UNSPECIFIED.,.F.,.F.,(4,4),(0.,1.),.UNSPECIFIED.);
#174=B_SPLINE_CURVE_WITH_KNOTS('',3,(#2626,#2627,#2628,#2629),
 .UNSPECIFIED.,.F.,.F.,(4,4),(0.0509351492107894,0.0647425925638605),
 .UNSPECIFIED.);
#175=B_SPLINE_CURVE_WITH_KNOTS('',3,(#2631,#2632,#2633,#2634,#2635),
 .UNSPECIFIED.,.F.,.F.,(4,1,4),(1.0970032893929E-8,0.000710443360616772,
0.00142087575120065),.UNSPECIFIED.);
#176=B_SPLINE_CURVE_WITH_KNOTS('',3,(#2637,#2638,#2639,#2640),
 .UNSPECIFIED.,.F.,.F.,(4,4),(0.,1.),.UNSPECIFIED.);
#177=B_SPLINE_CURVE_WITH_KNOTS('',3,(#2641,#2642,#2643,#2644),
 .UNSPECIFIED.,.F.,.F.,(4,4),(0.0587353869589979,0.0747090983599256),
 .UNSPECIFIED.);
#178=B_SPLINE_CURVE_WITH_KNOTS('',3,(#2646,#2647,#2648,#2649,#2650),
 .UNSPECIFIED.,.F.,.F.,(4,1,4),(6.06298006875611E-9,0.000710442730598373,
0.00142087939821668),.UNSPECIFIED.);
#179=B_SPLINE_CURVE_WITH_KNOTS('',3,(#2652,#2653,#2654,#2655),
 .UNSPECIFIED.,.F.,.F.,(4,4),(0.,1.),.UNSPECIFIED.);
#180=B_SPLINE_CURVE_WITH_KNOTS('',3,(#2656,#2657,#2658,#2659),
 .UNSPECIFIED.,.F.,.F.,(4,4),(0.0695074199535845,0.0886610402451711),
 .UNSPECIFIED.);
#181=B_SPLINE_CURVE_WITH_KNOTS('',3,(#2661,#2662,#2663,#2664,#2665),
 .UNSPECIFIED.,.F.,.F.,(4,1,4),(0.,0.000710445092032332,0.00142089018406466),
 .UNSPECIFIED.);
#182=B_SPLINE_CURVE_WITH_KNOTS('',3,(#2667,#2668,#2669,#2670),
 .UNSPECIFIED.,.F.,.F.,(4,4),(0.,1.),.UNSPECIFIED.);
#183=B_SPLINE_CURVE_WITH_KNOTS('',3,(#2671,#2672,#2673,#2674),
 .UNSPECIFIED.,.F.,.F.,(4,4),(0.0850608879916961,0.108267953468707),
 .UNSPECIFIED.);
#184=B_SPLINE_CURVE_WITH_KNOTS('',3,(#2676,#2677,#2678,#2679,#2680),
 .UNSPECIFIED.,.F.,.F.,(4,1,4),(0.,0.000710438129879798,0.0014208762597596),
 .UNSPECIFIED.);
#185=B_SPLINE_CURVE_WITH_KNOTS('',3,(#2682,#2683,#2684,#2685),
 .UNSPECIFIED.,.F.,.F.,(4,4),(0.,1.),.UNSPECIFIED.);
#186=B_SPLINE_CURVE_WITH_KNOTS('',3,(#2686,#2687,#2688,#2689),
 .UNSPECIFIED.,.F.,.F.,(4,4),(0.109353844503192,0.139017890445753),
 .UNSPECIFIED.);
#187=B_SPLINE_CURVE_WITH_KNOTS('',3,(#2691,#2692,#2693,#2694,#2695),
 .UNSPECIFIED.,.F.,.F.,(4,1,4),(1.10210952359126E-8,0.000710444235529788,
0.00142087744996434),.UNSPECIFIED.);
#188=B_SPLINE_CURVE_WITH_KNOTS('',3,(#2697,#2698,#2699,#2700),
 .UNSPECIFIED.,.F.,.F.,(4,4),(0.,1.),.UNSPECIFIED.);
#189=B_SPLINE_CURVE_WITH_KNOTS('',3,(#2701,#2702,#2703,#2704),
 .UNSPECIFIED.,.F.,.F.,(4,4),(0.153513572337363,0.195595837455445),
 .UNSPECIFIED.);
#190=B_SPLINE_CURVE_WITH_KNOTS('',3,(#2706,#2707,#2708,#2709,#2710),
 .UNSPECIFIED.,.F.,.F.,(4,1,4),(0.,0.000710440860887284,0.00142088172177457),
 .UNSPECIFIED.);
#191=B_SPLINE_CURVE_WITH_KNOTS('',3,(#2712,#2713,#2714,#2715),
 .UNSPECIFIED.,.F.,.F.,(4,4),(0.,1.),.UNSPECIFIED.);
#192=B_SPLINE_CURVE_WITH_KNOTS('',3,(#2716,#2717,#2718,#2719),
 .UNSPECIFIED.,.F.,.F.,(4,4),(0.256537116530575,0.327564305206175),
 .UNSPECIFIED.);
#193=B_SPLINE_CURVE_WITH_KNOTS('',3,(#2721,#2722,#2723,#2724,#2725),
 .UNSPECIFIED.,.F.,.F.,(4,1,4),(0.,0.000710446026804103,0.00142089205360821),
 .UNSPECIFIED.);
#194=B_SPLINE_CURVE_WITH_KNOTS('',3,(#2727,#2728,#2729,#2730),
 .UNSPECIFIED.,.F.,.F.,(4,4),(0.,1.),.UNSPECIFIED.);
#195=B_SPLINE_CURVE_WITH_KNOTS('',3,(#2731,#2732,#2733,#2734),
 .UNSPECIFIED.,.F.,.F.,(4,4),(0.705454487124391,0.717802400799604),
 .UNSPECIFIED.);
#196=B_SPLINE_CURVE_WITH_KNOTS('',3,(#2736,#2737,#2738,#2739,#2740,#2741,
#2742,#2743,#2744,#2745,#2746,#2747,#2748,#2749,#2750,#2751,#2752,#2753,
#2754),.UNSPECIFIED.,.T.,.F.,(1,1,1,1,1,1,1,1,1,1,1,1,1,1,1,1,1,1,1,1,1,
1,1),(-0.00385373762457707,-0.00256915841638471,-0.00128457920819236,0.,
0.00128457920819236,0.00256915841638471,0.00385373762457707,0.00513831683276943,
0.00642289604096178,0.00770747524915414,0.00899205445734649,0.0102766336655389,
0.0115612128737312,0.0128457920819236,0.0141303712901159,0.0154149504983083,
0.0166995297065006,0.017984108914693,0.0192686881228853,0.0205532673310777,
0.0218378465392701,0.0231224257474624,0.0244070049556548),.UNSPECIFIED.);
#197=B_SPLINE_CURVE_WITH_KNOTS('',3,(#2756,#2757,#2758,#2759),
 .UNSPECIFIED.,.F.,.F.,(4,4),(0.217796899710658,0.282203219666191),
 .UNSPECIFIED.);
#198=B_SPLINE_CURVE_WITH_KNOTS('',3,(#2764,#2765,#2766,#2767),
 .UNSPECIFIED.,.F.,.F.,(4,4),(0.,1.),.UNSPECIFIED.);
#199=B_SPLINE_CURVE_WITH_KNOTS('',3,(#2770,#2771,#2772,#2773,#2774),
 .UNSPECIFIED.,.F.,.F.,(4,1,4),(9.92265209079824E-9,0.000856996711339785,
0.00171398350002748),.UNSPECIFIED.);
#200=B_SPLINE_CURVE_WITH_KNOTS('',3,(#2778,#2779,#2780,#2781),
 .UNSPECIFIED.,.F.,.F.,(4,4),(0.,1.),.UNSPECIFIED.);
#201=B_SPLINE_CURVE_WITH_KNOTS('',3,(#2784,#2785,#2786,#2787,#2788),
 .UNSPECIFIED.,.F.,.F.,(4,1,4),(9.92264747715162E-9,0.000856996718519484,
0.00171398351439149),.UNSPECIFIED.);
#202=B_SPLINE_CURVE_WITH_KNOTS('',3,(#2792,#2793,#2794,#2795),
 .UNSPECIFIED.,.F.,.F.,(4,4),(0.,1.),.UNSPECIFIED.);
#203=B_SPLINE_CURVE_WITH_KNOTS('',3,(#2798,#2799,#2800,#2801,#2802),
 .UNSPECIFIED.,.F.,.F.,(4,1,4),(9.92263229848641E-9,0.000856996741046134,
0.00171398355945997),.UNSPECIFIED.);
#204=B_SPLINE_CURVE_WITH_KNOTS('',3,(#2806,#2807,#2808,#2809),
 .UNSPECIFIED.,.F.,.F.,(4,4),(0.,1.),.UNSPECIFIED.);
#205=B_SPLINE_CURVE_WITH_KNOTS('',3,(#2812,#2813,#2814,#2815,#2816),
 .UNSPECIFIED.,.F.,.F.,(4,1,4),(9.92264861236217E-9,0.000856996764254159,
0.00171398360585971),.UNSPECIFIED.);
#206=B_SPLINE_CURVE_WITH_KNOTS('',3,(#2820,#2821,#2822,#2823),
 .UNSPECIFIED.,.F.,.F.,(4,4),(0.,1.),.UNSPECIFIED.);
#207=B_SPLINE_CURVE_WITH_KNOTS('',3,(#2826,#2827,#2828,#2829,#2830),
 .UNSPECIFIED.,.F.,.F.,(4,1,4),(9.922649367982E-9,0.000856996783750871,
0.00171398364485237),.UNSPECIFIED.);
#208=B_SPLINE_CURVE_WITH_KNOTS('',3,(#2834,#2835,#2836,#2837),
 .UNSPECIFIED.,.F.,.F.,(4,4),(0.,1.),.UNSPECIFIED.);
#209=B_SPLINE_CURVE_WITH_KNOTS('',3,(#2840,#2841,#2842,#2843,#2844),
 .UNSPECIFIED.,.F.,.F.,(4,1,4),(9.9226485316094E-9,0.000856997567281833,
0.00171398521191513),.UNSPECIFIED.);
#210=B_SPLINE_CURVE_WITH_KNOTS('',3,(#2848,#2849,#2850,#2851),
 .UNSPECIFIED.,.F.,.F.,(4,4),(0.,1.),.UNSPECIFIED.);
#211=B_SPLINE_CURVE_WITH_KNOTS('',3,(#2854,#2855,#2856,#2857,#2858),
 .UNSPECIFIED.,.F.,.F.,(4,1,4),(9.92261659720914E-9,0.000856996738150844,
0.00171398355368509),.UNSPECIFIED.);
#212=B_SPLINE_CURVE_WITH_KNOTS('',3,(#2862,#2863,#2864,#2865),
 .UNSPECIFIED.,.F.,.F.,(4,4),(0.,1.),.UNSPECIFIED.);
#213=B_SPLINE_CURVE_WITH_KNOTS('',3,(#2923,#2924,#2925,#2926),
 .UNSPECIFIED.,.F.,.F.,(4,4),(0.,0.000669466750561114),.UNSPECIFIED.);
#214=B_SPLINE_CURVE_WITH_KNOTS('',3,(#2929,#2930,#2931,#2932,#2933,#2934,
#2935,#2936,#2937,#2938,#2939,#2940,#2941,#2942,#2943),.UNSPECIFIED.,.F.,
 .F.,(4,1,1,1,1,1,1,1,1,1,1,1,4),(0.,0.0833337610299959,0.166667671044907,
0.25000119205629,0.333334946751702,0.416667913856944,0.500003543785612,
0.58333728861461,0.666670873538274,0.750005666399728,0.83333824231464,0.91667018575383,
1.),.UNSPECIFIED.);
#215=B_SPLINE_CURVE_WITH_KNOTS('',3,(#2945,#2946,#2947,#2948),
 .UNSPECIFIED.,.F.,.F.,(4,4),(0.,0.000609364205444363),.UNSPECIFIED.);
#216=B_SPLINE_CURVE_WITH_KNOTS('',3,(#2950,#2951,#2952,#2953,#2954,#2955,
#2956,#2957,#2958,#2959,#2960,#2961,#2962,#2963,#2964),.UNSPECIFIED.,.F.,
 .F.,(4,1,1,1,1,1,1,1,1,1,1,1,4),(0.,0.0833337610299959,0.166667671044907,
0.25000119205629,0.333334946751702,0.416667913856944,0.500003543785612,
0.58333728861461,0.666670873538274,0.750005666399728,0.83333824231464,0.91667018575383,
1.),.UNSPECIFIED.);
#217=B_SPLINE_CURVE_WITH_KNOTS('',3,(#3205,#3206,#3207,#3208),
 .UNSPECIFIED.,.F.,.F.,(4,4),(3.60242385527828E-18,0.00109066909990023),
 .UNSPECIFIED.);
#218=B_SPLINE_CURVE_WITH_KNOTS('',3,(#3210,#3211,#3212,#3213),
 .UNSPECIFIED.,.F.,.F.,(4,4),(5.52894835756154E-5,0.00137787921966525),
 .UNSPECIFIED.);
#219=B_SPLINE_CURVE_WITH_KNOTS('',3,(#3215,#3216,#3217,#3218),
 .UNSPECIFIED.,.F.,.F.,(4,4),(4.70573097769382E-10,0.000777194926464411),
 .UNSPECIFIED.);
#220=B_SPLINE_CURVE_WITH_KNOTS('',3,(#3222,#3223,#3224,#3225),
 .UNSPECIFIED.,.F.,.F.,(4,4),(2.60317337041564E-9,0.00130906189616322),
 .UNSPECIFIED.);
#221=B_SPLINE_CURVE_WITH_KNOTS('',3,(#3496,#3497,#3498,#3499),
 .UNSPECIFIED.,.F.,.F.,(4,4),(0.000105928558812323,0.00119638234668265),
 .UNSPECIFIED.);
#222=B_SPLINE_CURVE_WITH_KNOTS('',3,(#3501,#3502,#3503,#3504),
 .UNSPECIFIED.,.F.,.F.,(4,4),(0.00085923584753128,0.00217840331236296),
 .UNSPECIFIED.);
#223=B_SPLINE_CURVE_WITH_KNOTS('',3,(#3506,#3507,#3508,#3509,#3510,#3511,
#3512,#3513,#3514,#3515,#3516,#3517,#3518,#3519,#3520),.UNSPECIFIED.,.F.,
 .F.,(4,1,1,1,1,1,1,1,1,1,1,1,4),(0.,0.0833337610299959,0.166667671044907,
0.25000119205629,0.333334946751702,0.416667913856944,0.500003543785612,
0.58333728861461,0.666670873538274,0.750005666399728,0.83333824231464,0.91667018575383,
1.),.UNSPECIFIED.);
#224=B_SPLINE_CURVE_WITH_KNOTS('',3,(#3522,#3523,#3524,#3525),
 .UNSPECIFIED.,.F.,.F.,(4,4),(0.00102348772075884,0.00180450333424022),
 .UNSPECIFIED.);
#225=B_SPLINE_CURVE_WITH_KNOTS('',3,(#3527,#3528,#3529,#3530),
 .UNSPECIFIED.,.F.,.F.,(4,4),(3.60242385527828E-18,0.00132354827850305),
 .UNSPECIFIED.);
#226=B_SPLINE_CURVE_WITH_KNOTS('',3,(#3534,#3535,#3536,#3537,#3538,#3539,
#3540,#3541,#3542),.UNSPECIFIED.,.F.,.F.,(4,1,1,1,1,1,4),(0.,0.25,0.375,
0.5,0.625,0.75,1.),.UNSPECIFIED.);
#227=B_SPLINE_CURVE_WITH_KNOTS('',3,(#3544,#3545,#3546,#3547),
 .UNSPECIFIED.,.F.,.F.,(4,4),(0.,0.000935601593737728),.UNSPECIFIED.);
#228=B_SPLINE_CURVE_WITH_KNOTS('',3,(#3549,#3550,#3551,#3552),
 .UNSPECIFIED.,.F.,.F.,(4,4),(0.,0.000935592737095967),.UNSPECIFIED.);
#229=B_SPLINE_CURVE_WITH_KNOTS('',3,(#3554,#3555,#3556,#3557,#3558,#3559,
#3560,#3561,#3562,#3563,#3564,#3565,#3566,#3567,#3568),.UNSPECIFIED.,.F.,
 .F.,(4,1,1,1,1,1,1,1,1,1,1,1,4),(0.,0.125,0.1875,0.25,0.3125,0.375,0.5,
0.625,0.6875,0.75,0.8125,0.875,1.),.UNSPECIFIED.);
#230=B_SPLINE_CURVE_WITH_KNOTS('',3,(#3573,#3574,#3575,#3576),
 .UNSPECIFIED.,.F.,.F.,(4,4),(0.,1.),.UNSPECIFIED.);
#231=B_SPLINE_CURVE_WITH_KNOTS('',3,(#3577,#3578,#3579,#3580),
 .UNSPECIFIED.,.F.,.F.,(4,4),(0.,1.),.UNSPECIFIED.);
#232=B_SPLINE_CURVE_WITH_KNOTS('',3,(#3583,#3584,#3585,#3586),
 .UNSPECIFIED.,.F.,.F.,(4,4),(0.,0.999913677002165),.UNSPECIFIED.);
#233=B_SPLINE_CURVE_WITH_KNOTS('',3,(#3587,#3588,#3589,#3590),
 .UNSPECIFIED.,.F.,.F.,(4,4),(0.,1.),.UNSPECIFIED.);
#234=B_SPLINE_CURVE_WITH_KNOTS('',3,(#3647,#3648,#3649,#3650),
 .UNSPECIFIED.,.F.,.F.,(4,4),(0.,0.000669466750561112),.UNSPECIFIED.);
#235=B_SPLINE_CURVE_WITH_KNOTS('',3,(#3653,#3654,#3655,#3656,#3657,#3658,
#3659,#3660,#3661,#3662,#3663,#3664,#3665,#3666,#3667),.UNSPECIFIED.,.F.,
 .F.,(4,1,1,1,1,1,1,1,1,1,1,1,4),(0.,0.0833337610299959,0.166667671044907,
0.25000119205629,0.333334946751702,0.416667913856944,0.500003543785612,
0.58333728861461,0.666670873538274,0.750005666399728,0.83333824231464,0.91667018575383,
1.),.UNSPECIFIED.);
#236=B_SPLINE_CURVE_WITH_KNOTS('',3,(#3669,#3670,#3671,#3672),
 .UNSPECIFIED.,.F.,.F.,(4,4),(0.,0.000609364205444365),.UNSPECIFIED.);
#237=B_SPLINE_CURVE_WITH_KNOTS('',3,(#3674,#3675,#3676,#3677,#3678,#3679,
#3680,#3681,#3682,#3683,#3684,#3685,#3686,#3687,#3688),.UNSPECIFIED.,.F.,
 .F.,(4,1,1,1,1,1,1,1,1,1,1,1,4),(0.,0.0833337610299959,0.166667671044907,
0.25000119205629,0.333334946751702,0.416667913856944,0.500003543785612,
0.58333728861461,0.666670873538274,0.750005666399728,0.83333824231464,0.91667018575383,
1.),.UNSPECIFIED.);
#238=B_SPLINE_CURVE_WITH_KNOTS('',3,(#3929,#3930,#3931,#3932),
 .UNSPECIFIED.,.F.,.F.,(4,4),(1.6226852269747E-18,0.00109066909990023),
 .UNSPECIFIED.);
#239=B_SPLINE_CURVE_WITH_KNOTS('',3,(#3934,#3935,#3936,#3937),
 .UNSPECIFIED.,.F.,.F.,(4,4),(5.52894835756161E-5,0.00137787921966525),
 .UNSPECIFIED.);
#240=B_SPLINE_CURVE_WITH_KNOTS('',3,(#3939,#3940,#3941,#3942),
 .UNSPECIFIED.,.F.,.F.,(4,4),(4.70573098334135E-10,0.000777194926464417),
 .UNSPECIFIED.);
#241=B_SPLINE_CURVE_WITH_KNOTS('',3,(#3946,#3947,#3948,#3949),
 .UNSPECIFIED.,.F.,.F.,(4,4),(2.60317336609886E-9,0.00130906189616322),
 .UNSPECIFIED.);
#242=B_SPLINE_CURVE_WITH_KNOTS('',3,(#4220,#4221,#4222,#4223),
 .UNSPECIFIED.,.F.,.F.,(4,4),(0.000105928558812325,0.00119638234668265),
 .UNSPECIFIED.);
#243=B_SPLINE_CURVE_WITH_KNOTS('',3,(#4225,#4226,#4227,#4228),
 .UNSPECIFIED.,.F.,.F.,(4,4),(0.000859235847531285,0.00217840331236298),
 .UNSPECIFIED.);
#244=B_SPLINE_CURVE_WITH_KNOTS('',3,(#4230,#4231,#4232,#4233,#4234,#4235,
#4236,#4237,#4238,#4239,#4240,#4241,#4242,#4243,#4244),.UNSPECIFIED.,.F.,
 .F.,(4,1,1,1,1,1,1,1,1,1,1,1,4),(0.,0.0833337610299959,0.166667671044907,
0.25000119205629,0.333334946751702,0.416667913856944,0.500003543785612,
0.58333728861461,0.666670873538274,0.750005666399728,0.83333824231464,0.91667018575383,
1.),.UNSPECIFIED.);
#245=B_SPLINE_CURVE_WITH_KNOTS('',3,(#4246,#4247,#4248,#4249),
 .UNSPECIFIED.,.F.,.F.,(4,4),(0.00102348772075885,0.00180450333424022),
 .UNSPECIFIED.);
#246=B_SPLINE_CURVE_WITH_KNOTS('',3,(#4251,#4252,#4253,#4254),
 .UNSPECIFIED.,.F.,.F.,(4,4),(2.90921971083665E-18,0.00132354827850305),
 .UNSPECIFIED.);
#247=B_SPLINE_CURVE_WITH_KNOTS('',3,(#4258,#4259,#4260,#4261,#4262,#4263,
#4264,#4265,#4266),.UNSPECIFIED.,.F.,.F.,(4,1,1,1,1,1,4),(0.,0.25,0.375,
0.5,0.625,0.75,1.),.UNSPECIFIED.);
#248=B_SPLINE_CURVE_WITH_KNOTS('',3,(#4268,#4269,#4270,#4271),
 .UNSPECIFIED.,.F.,.F.,(4,4),(0.,0.000935601805670095),.UNSPECIFIED.);
#249=B_SPLINE_CURVE_WITH_KNOTS('',3,(#4273,#4274,#4275,#4276),
 .UNSPECIFIED.,.F.,.F.,(4,4),(0.,0.000935592923123937),.UNSPECIFIED.);
#250=B_SPLINE_CURVE_WITH_KNOTS('',3,(#4278,#4279,#4280,#4281,#4282,#4283,
#4284,#4285,#4286,#4287,#4288,#4289,#4290,#4291,#4292),.UNSPECIFIED.,.F.,
 .F.,(4,1,1,1,1,1,1,1,1,1,1,1,4),(0.,0.125,0.1875,0.25,0.3125,0.375,0.5,
0.625,0.6875,0.75,0.8125,0.875,1.),.UNSPECIFIED.);
#251=B_SPLINE_CURVE_WITH_KNOTS('',3,(#4297,#4298,#4299,#4300),
 .UNSPECIFIED.,.F.,.F.,(4,4),(0.,1.),.UNSPECIFIED.);
#252=B_SPLINE_CURVE_WITH_KNOTS('',3,(#4301,#4302,#4303,#4304),
 .UNSPECIFIED.,.F.,.F.,(4,4),(0.,1.),.UNSPECIFIED.);
#253=B_SPLINE_CURVE_WITH_KNOTS('',3,(#4307,#4308,#4309,#4310),
 .UNSPECIFIED.,.F.,.F.,(4,4),(0.,0.999913687860309),.UNSPECIFIED.);
#254=B_SPLINE_CURVE_WITH_KNOTS('',3,(#4311,#4312,#4313,#4314),
 .UNSPECIFIED.,.F.,.F.,(4,4),(0.,1.),.UNSPECIFIED.);
#255=B_SPLINE_CURVE_WITH_KNOTS('',3,(#4371,#4372,#4373,#4374),
 .UNSPECIFIED.,.F.,.F.,(4,4),(0.,0.000669466750561112),.UNSPECIFIED.);
#256=B_SPLINE_CURVE_WITH_KNOTS('',3,(#4377,#4378,#4379,#4380,#4381,#4382,
#4383,#4384,#4385,#4386,#4387,#4388,#4389,#4390,#4391),.UNSPECIFIED.,.F.,
 .F.,(4,1,1,1,1,1,1,1,1,1,1,1,4),(0.,0.0833337610299959,0.166667671044907,
0.25000119205629,0.333334946751702,0.416667913856944,0.500003543785612,
0.58333728861461,0.666670873538274,0.750005666399728,0.83333824231464,0.91667018575383,
1.),.UNSPECIFIED.);
#257=B_SPLINE_CURVE_WITH_KNOTS('',3,(#4393,#4394,#4395,#4396),
 .UNSPECIFIED.,.F.,.F.,(4,4),(0.,0.00060936420544436),.UNSPECIFIED.);
#258=B_SPLINE_CURVE_WITH_KNOTS('',3,(#4398,#4399,#4400,#4401,#4402,#4403,
#4404,#4405,#4406,#4407,#4408,#4409,#4410,#4411,#4412),.UNSPECIFIED.,.F.,
 .F.,(4,1,1,1,1,1,1,1,1,1,1,1,4),(0.,0.0833337610299959,0.166667671044907,
0.25000119205629,0.333334946751702,0.416667913856944,0.500003543785612,
0.58333728861461,0.666670873538274,0.750005666399728,0.83333824231464,0.91667018575383,
1.),.UNSPECIFIED.);
#259=B_SPLINE_CURVE_WITH_KNOTS('',3,(#4653,#4654,#4655,#4656),
 .UNSPECIFIED.,.F.,.F.,(4,4),(3.60242385527828E-18,0.00109066909990023),
 .UNSPECIFIED.);
#260=B_SPLINE_CURVE_WITH_KNOTS('',3,(#4658,#4659,#4660,#4661),
 .UNSPECIFIED.,.F.,.F.,(4,4),(5.52894835756151E-5,0.00137787921966525),
 .UNSPECIFIED.);
#261=B_SPLINE_CURVE_WITH_KNOTS('',3,(#4663,#4664,#4665,#4666),
 .UNSPECIFIED.,.F.,.F.,(4,4),(4.70573098583921E-10,0.00077719492646441),
 .UNSPECIFIED.);
#262=B_SPLINE_CURVE_WITH_KNOTS('',3,(#4670,#4671,#4672,#4673),
 .UNSPECIFIED.,.F.,.F.,(4,4),(2.60317337041564E-9,0.00130906189616323),
 .UNSPECIFIED.);
#263=B_SPLINE_CURVE_WITH_KNOTS('',3,(#4944,#4945,#4946,#4947),
 .UNSPECIFIED.,.F.,.F.,(4,4),(0.000105928558812321,0.00119638234668265),
 .UNSPECIFIED.);
#264=B_SPLINE_CURVE_WITH_KNOTS('',3,(#4949,#4950,#4951,#4952),
 .UNSPECIFIED.,.F.,.F.,(4,4),(0.000859235847531286,0.00217840331236296),
 .UNSPECIFIED.);
#265=B_SPLINE_CURVE_WITH_KNOTS('',3,(#4954,#4955,#4956,#4957,#4958,#4959,
#4960,#4961,#4962,#4963,#4964,#4965,#4966,#4967,#4968),.UNSPECIFIED.,.F.,
 .F.,(4,1,1,1,1,1,1,1,1,1,1,1,4),(0.,0.0833337610299959,0.166667671044907,
0.25000119205629,0.333334946751702,0.416667913856944,0.500003543785612,
0.58333728861461,0.666670873538274,0.750005666399728,0.83333824231464,0.91667018575383,
1.),.UNSPECIFIED.);
#266=B_SPLINE_CURVE_WITH_KNOTS('',3,(#4970,#4971,#4972,#4973),
 .UNSPECIFIED.,.F.,.F.,(4,4),(0.00102348772075884,0.00180450333424022),
 .UNSPECIFIED.);
#267=B_SPLINE_CURVE_WITH_KNOTS('',3,(#4975,#4976,#4977,#4978),
 .UNSPECIFIED.,.F.,.F.,(4,4),(3.60242385527828E-18,0.00132354827850305),
 .UNSPECIFIED.);
#268=B_SPLINE_CURVE_WITH_KNOTS('',3,(#4982,#4983,#4984,#4985,#4986,#4987,
#4988,#4989,#4990),.UNSPECIFIED.,.F.,.F.,(4,1,1,1,1,1,4),(0.,0.25,0.375,
0.5,0.625,0.75,1.),.UNSPECIFIED.);
#269=B_SPLINE_CURVE_WITH_KNOTS('',3,(#4992,#4993,#4994,#4995),
 .UNSPECIFIED.,.F.,.F.,(4,4),(0.,0.000935601758966914),.UNSPECIFIED.);
#270=B_SPLINE_CURVE_WITH_KNOTS('',3,(#4997,#4998,#4999,#5000),
 .UNSPECIFIED.,.F.,.F.,(4,4),(0.,0.000935592897118907),.UNSPECIFIED.);
#271=B_SPLINE_CURVE_WITH_KNOTS('',3,(#5002,#5003,#5004,#5005,#5006,#5007,
#5008,#5009,#5010,#5011,#5012,#5013,#5014,#5015,#5016),.UNSPECIFIED.,.F.,
 .F.,(4,1,1,1,1,1,1,1,1,1,1,1,4),(0.,0.125,0.1875,0.25,0.3125,0.375,0.5,
0.625,0.6875,0.75,0.8125,0.875,1.),.UNSPECIFIED.);
#272=B_SPLINE_CURVE_WITH_KNOTS('',3,(#5021,#5022,#5023,#5024),
 .UNSPECIFIED.,.F.,.F.,(4,4),(0.,1.),.UNSPECIFIED.);
#273=B_SPLINE_CURVE_WITH_KNOTS('',3,(#5025,#5026,#5027,#5028),
 .UNSPECIFIED.,.F.,.F.,(4,4),(0.,1.),.UNSPECIFIED.);
#274=B_SPLINE_CURVE_WITH_KNOTS('',3,(#5031,#5032,#5033,#5034),
 .UNSPECIFIED.,.F.,.F.,(4,4),(0.,0.999913683507857),.UNSPECIFIED.);
#275=B_SPLINE_CURVE_WITH_KNOTS('',3,(#5035,#5036,#5037,#5038),
 .UNSPECIFIED.,.F.,.F.,(4,4),(0.,1.),.UNSPECIFIED.);
#276=B_SPLINE_CURVE_WITH_KNOTS('',3,(#5095,#5096,#5097,#5098),
 .UNSPECIFIED.,.F.,.F.,(4,4),(0.,0.000669466750561113),.UNSPECIFIED.);
#277=B_SPLINE_CURVE_WITH_KNOTS('',3,(#5101,#5102,#5103,#5104,#5105,#5106,
#5107,#5108,#5109,#5110,#5111,#5112,#5113,#5114,#5115),.UNSPECIFIED.,.F.,
 .F.,(4,1,1,1,1,1,1,1,1,1,1,1,4),(0.,0.0833337610299959,0.166667671044907,
0.25000119205629,0.333334946751702,0.416667913856944,0.500003543785612,
0.58333728861461,0.666670873538274,0.750005666399728,0.83333824231464,0.91667018575383,
1.),.UNSPECIFIED.);
#278=B_SPLINE_CURVE_WITH_KNOTS('',3,(#5117,#5118,#5119,#5120),
 .UNSPECIFIED.,.F.,.F.,(4,4),(0.,0.000609364205444365),.UNSPECIFIED.);
#279=B_SPLINE_CURVE_WITH_KNOTS('',3,(#5122,#5123,#5124,#5125,#5126,#5127,
#5128,#5129,#5130,#5131,#5132,#5133,#5134,#5135,#5136),.UNSPECIFIED.,.F.,
 .F.,(4,1,1,1,1,1,1,1,1,1,1,1,4),(0.,0.0833337610299959,0.166667671044907,
0.25000119205629,0.333334946751702,0.416667913856944,0.500003543785612,
0.58333728861461,0.666670873538274,0.750005666399728,0.83333824231464,0.91667018575383,
1.),.UNSPECIFIED.);
#280=B_SPLINE_CURVE_WITH_KNOTS('',3,(#5377,#5378,#5379,#5380),
 .UNSPECIFIED.,.F.,.F.,(4,4),(1.6226852269747E-18,0.00109066909990023),
 .UNSPECIFIED.);
#281=B_SPLINE_CURVE_WITH_KNOTS('',3,(#5382,#5383,#5384,#5385),
 .UNSPECIFIED.,.F.,.F.,(4,4),(5.52894835756161E-5,0.00137787921966525),
 .UNSPECIFIED.);
#282=B_SPLINE_CURVE_WITH_KNOTS('',3,(#5387,#5388,#5389,#5390),
 .UNSPECIFIED.,.F.,.F.,(4,4),(4.70573098334135E-10,0.000777194926464417),
 .UNSPECIFIED.);
#283=B_SPLINE_CURVE_WITH_KNOTS('',3,(#5394,#5395,#5396,#5397),
 .UNSPECIFIED.,.F.,.F.,(4,4),(2.60317336609886E-9,0.00130906189616322),
 .UNSPECIFIED.);
#284=B_SPLINE_CURVE_WITH_KNOTS('',3,(#5668,#5669,#5670,#5671),
 .UNSPECIFIED.,.F.,.F.,(4,4),(0.000105928558812325,0.00119638234668265),
 .UNSPECIFIED.);
#285=B_SPLINE_CURVE_WITH_KNOTS('',3,(#5673,#5674,#5675,#5676),
 .UNSPECIFIED.,.F.,.F.,(4,4),(0.000859235847531285,0.00217840331236298),
 .UNSPECIFIED.);
#286=B_SPLINE_CURVE_WITH_KNOTS('',3,(#5678,#5679,#5680,#5681,#5682,#5683,
#5684,#5685,#5686,#5687,#5688,#5689,#5690,#5691,#5692),.UNSPECIFIED.,.F.,
 .F.,(4,1,1,1,1,1,1,1,1,1,1,1,4),(0.,0.0833337610299959,0.166667671044907,
0.25000119205629,0.333334946751702,0.416667913856944,0.500003543785612,
0.58333728861461,0.666670873538274,0.750005666399728,0.83333824231464,0.91667018575383,
1.),.UNSPECIFIED.);
#287=B_SPLINE_CURVE_WITH_KNOTS('',3,(#5694,#5695,#5696,#5697),
 .UNSPECIFIED.,.F.,.F.,(4,4),(0.00102348772075885,0.00180450333424022),
 .UNSPECIFIED.);
#288=B_SPLINE_CURVE_WITH_KNOTS('',3,(#5699,#5700,#5701,#5702),
 .UNSPECIFIED.,.F.,.F.,(4,4),(2.90921971083665E-18,0.00132354827850305),
 .UNSPECIFIED.);
#289=B_SPLINE_CURVE_WITH_KNOTS('',3,(#5706,#5707,#5708,#5709,#5710,#5711,
#5712,#5713,#5714),.UNSPECIFIED.,.F.,.F.,(4,1,1,1,1,1,4),(0.,0.25,0.375,
0.5,0.625,0.75,1.),.UNSPECIFIED.);
#290=B_SPLINE_CURVE_WITH_KNOTS('',3,(#5716,#5717,#5718,#5719),
 .UNSPECIFIED.,.F.,.F.,(4,4),(0.,0.00093560108170943),.UNSPECIFIED.);
#291=B_SPLINE_CURVE_WITH_KNOTS('',3,(#5721,#5722,#5723,#5724),
 .UNSPECIFIED.,.F.,.F.,(4,4),(0.,0.000935592448310807),.UNSPECIFIED.);
#292=B_SPLINE_CURVE_WITH_KNOTS('',3,(#5726,#5727,#5728,#5729,#5730,#5731,
#5732,#5733,#5734,#5735,#5736,#5737,#5738,#5739,#5740),.UNSPECIFIED.,.F.,
 .F.,(4,1,1,1,1,1,1,1,1,1,1,1,4),(0.,0.125,0.1875,0.25,0.3125,0.375,0.5,
0.625,0.6875,0.75,0.8125,0.875,1.),.UNSPECIFIED.);
#293=B_SPLINE_CURVE_WITH_KNOTS('',3,(#5745,#5746,#5747,#5748),
 .UNSPECIFIED.,.F.,.F.,(4,4),(0.,1.),.UNSPECIFIED.);
#294=B_SPLINE_CURVE_WITH_KNOTS('',3,(#5749,#5750,#5751,#5752),
 .UNSPECIFIED.,.F.,.F.,(4,4),(0.,1.),.UNSPECIFIED.);
#295=B_SPLINE_CURVE_WITH_KNOTS('',3,(#5755,#5756,#5757,#5758),
 .UNSPECIFIED.,.F.,.F.,(4,4),(0.,0.999913617133806),.UNSPECIFIED.);
#296=B_SPLINE_CURVE_WITH_KNOTS('',3,(#5759,#5760,#5761,#5762),
 .UNSPECIFIED.,.F.,.F.,(4,4),(0.,1.),.UNSPECIFIED.);
#297=B_SPLINE_CURVE_WITH_KNOTS('',3,(#5819,#5820,#5821,#5822),
 .UNSPECIFIED.,.F.,.F.,(4,4),(0.,0.000669466750561112),.UNSPECIFIED.);
#298=B_SPLINE_CURVE_WITH_KNOTS('',3,(#5825,#5826,#5827,#5828,#5829,#5830,
#5831,#5832,#5833,#5834,#5835,#5836,#5837,#5838,#5839),.UNSPECIFIED.,.F.,
 .F.,(4,1,1,1,1,1,1,1,1,1,1,1,4),(0.,0.0833337610299959,0.166667671044907,
0.25000119205629,0.333334946751702,0.416667913856944,0.500003543785612,
0.58333728861461,0.666670873538274,0.750005666399728,0.83333824231464,0.91667018575383,
1.),.UNSPECIFIED.);
#299=B_SPLINE_CURVE_WITH_KNOTS('',3,(#5841,#5842,#5843,#5844),
 .UNSPECIFIED.,.F.,.F.,(4,4),(0.,0.00060936420544436),.UNSPECIFIED.);
#300=B_SPLINE_CURVE_WITH_KNOTS('',3,(#5846,#5847,#5848,#5849,#5850,#5851,
#5852,#5853,#5854,#5855,#5856,#5857,#5858,#5859,#5860),.UNSPECIFIED.,.F.,
 .F.,(4,1,1,1,1,1,1,1,1,1,1,1,4),(0.,0.0833337610299959,0.166667671044907,
0.25000119205629,0.333334946751702,0.416667913856944,0.500003543785612,
0.58333728861461,0.666670873538274,0.750005666399728,0.83333824231464,0.91667018575383,
1.),.UNSPECIFIED.);
#301=B_SPLINE_CURVE_WITH_KNOTS('',3,(#6101,#6102,#6103,#6104),
 .UNSPECIFIED.,.F.,.F.,(4,4),(3.60242385527828E-18,0.00109066909990023),
 .UNSPECIFIED.);
#302=B_SPLINE_CURVE_WITH_KNOTS('',3,(#6106,#6107,#6108,#6109),
 .UNSPECIFIED.,.F.,.F.,(4,4),(5.52894835756119E-5,0.00137787921966525),
 .UNSPECIFIED.);
#303=B_SPLINE_CURVE_WITH_KNOTS('',3,(#6111,#6112,#6113,#6114),
 .UNSPECIFIED.,.F.,.F.,(4,4),(4.70573100746085E-10,0.00077719492646441),
 .UNSPECIFIED.);
#304=B_SPLINE_CURVE_WITH_KNOTS('',3,(#6118,#6119,#6120,#6121),
 .UNSPECIFIED.,.F.,.F.,(4,4),(2.60317336925685E-9,0.00130906189616322),
 .UNSPECIFIED.);
#305=B_SPLINE_CURVE_WITH_KNOTS('',3,(#6392,#6393,#6394,#6395),
 .UNSPECIFIED.,.F.,.F.,(4,4),(0.000105928558812324,0.00119638234668265),
 .UNSPECIFIED.);
#306=B_SPLINE_CURVE_WITH_KNOTS('',3,(#6397,#6398,#6399,#6400),
 .UNSPECIFIED.,.F.,.F.,(4,4),(0.000859235847531285,0.00217840331236297),
 .UNSPECIFIED.);
#307=B_SPLINE_CURVE_WITH_KNOTS('',3,(#6402,#6403,#6404,#6405,#6406,#6407,
#6408,#6409,#6410,#6411,#6412,#6413,#6414,#6415,#6416),.UNSPECIFIED.,.F.,
 .F.,(4,1,1,1,1,1,1,1,1,1,1,1,4),(0.,0.0833337610299959,0.166667671044907,
0.25000119205629,0.333334946751702,0.416667913856944,0.500003543785612,
0.58333728861461,0.666670873538274,0.750005666399728,0.83333824231464,0.91667018575383,
1.),.UNSPECIFIED.);
#308=B_SPLINE_CURVE_WITH_KNOTS('',3,(#6418,#6419,#6420,#6421),
 .UNSPECIFIED.,.F.,.F.,(4,4),(0.00102348772075885,0.00180450333424023),
 .UNSPECIFIED.);
#309=B_SPLINE_CURVE_WITH_KNOTS('',3,(#6423,#6424,#6425,#6426),
 .UNSPECIFIED.,.F.,.F.,(4,4),(4.44390651272216E-18,0.00132354827850305),
 .UNSPECIFIED.);
#310=B_SPLINE_CURVE_WITH_KNOTS('',3,(#6430,#6431,#6432,#6433,#6434,#6435,
#6436,#6437,#6438),.UNSPECIFIED.,.F.,.F.,(4,1,1,1,1,1,4),(0.,0.25,0.375,
0.5,0.625,0.75,1.),.UNSPECIFIED.);
#311=B_SPLINE_CURVE_WITH_KNOTS('',3,(#6440,#6441,#6442,#6443),
 .UNSPECIFIED.,.F.,.F.,(4,4),(4.33680868994202E-19,0.00093560170164537),
 .UNSPECIFIED.);
#312=B_SPLINE_CURVE_WITH_KNOTS('',3,(#6445,#6446,#6447,#6448),
 .UNSPECIFIED.,.F.,.F.,(4,4),(4.47028007668187E-19,0.000935592873492025),
 .UNSPECIFIED.);
#313=B_SPLINE_CURVE_WITH_KNOTS('',3,(#6450,#6451,#6452,#6453,#6454,#6455,
#6456,#6457,#6458,#6459,#6460,#6461,#6462,#6463,#6464),.UNSPECIFIED.,.F.,
 .F.,(4,1,1,1,1,1,1,1,1,1,1,1,4),(0.,0.125,0.1875,0.25,0.3125,0.375,0.5,
0.625,0.6875,0.75,0.8125,0.875,1.),.UNSPECIFIED.);
#314=B_SPLINE_CURVE_WITH_KNOTS('',3,(#6469,#6470,#6471,#6472),
 .UNSPECIFIED.,.F.,.F.,(4,4),(0.,1.),.UNSPECIFIED.);
#315=B_SPLINE_CURVE_WITH_KNOTS('',3,(#6473,#6474,#6475,#6476),
 .UNSPECIFIED.,.F.,.F.,(4,4),(0.,1.),.UNSPECIFIED.);
#316=B_SPLINE_CURVE_WITH_KNOTS('',3,(#6479,#6480,#6481,#6482),
 .UNSPECIFIED.,.F.,.F.,(4,4),(0.,0.999913678141506),.UNSPECIFIED.);
#317=B_SPLINE_CURVE_WITH_KNOTS('',3,(#6483,#6484,#6485,#6486),
 .UNSPECIFIED.,.F.,.F.,(4,4),(0.,1.),.UNSPECIFIED.);
#318=B_SPLINE_CURVE_WITH_KNOTS('',3,(#6543,#6544,#6545,#6546),
 .UNSPECIFIED.,.F.,.F.,(4,4),(0.,0.000669466750561113),.UNSPECIFIED.);
#319=B_SPLINE_CURVE_WITH_KNOTS('',3,(#6549,#6550,#6551,#6552,#6553,#6554,
#6555,#6556,#6557,#6558,#6559,#6560,#6561,#6562,#6563),.UNSPECIFIED.,.F.,
 .F.,(4,1,1,1,1,1,1,1,1,1,1,1,4),(0.,0.0833337610299959,0.166667671044907,
0.25000119205629,0.333334946751702,0.416667913856944,0.500003543785612,
0.58333728861461,0.666670873538274,0.750005666399728,0.83333824231464,0.91667018575383,
1.),.UNSPECIFIED.);
#320=B_SPLINE_CURVE_WITH_KNOTS('',3,(#6565,#6566,#6567,#6568),
 .UNSPECIFIED.,.F.,.F.,(4,4),(0.,0.000609364205444364),.UNSPECIFIED.);
#321=B_SPLINE_CURVE_WITH_KNOTS('',3,(#6570,#6571,#6572,#6573,#6574,#6575,
#6576,#6577,#6578,#6579,#6580,#6581,#6582,#6583,#6584),.UNSPECIFIED.,.F.,
 .F.,(4,1,1,1,1,1,1,1,1,1,1,1,4),(0.,0.0833337610299959,0.166667671044907,
0.25000119205629,0.333334946751702,0.416667913856944,0.500003543785612,
0.58333728861461,0.666670873538274,0.750005666399728,0.83333824231464,0.91667018575383,
1.),.UNSPECIFIED.);
#322=B_SPLINE_CURVE_WITH_KNOTS('',3,(#6825,#6826,#6827,#6828),
 .UNSPECIFIED.,.F.,.F.,(4,4),(1.6226852269747E-18,0.00109066909990023),
 .UNSPECIFIED.);
#323=B_SPLINE_CURVE_WITH_KNOTS('',3,(#6830,#6831,#6832,#6833),
 .UNSPECIFIED.,.F.,.F.,(4,4),(5.52894835756161E-5,0.00137787921966525),
 .UNSPECIFIED.);
#324=B_SPLINE_CURVE_WITH_KNOTS('',3,(#6835,#6836,#6837,#6838),
 .UNSPECIFIED.,.F.,.F.,(4,4),(4.70573098334135E-10,0.000777194926464416),
 .UNSPECIFIED.);
#325=B_SPLINE_CURVE_WITH_KNOTS('',3,(#6842,#6843,#6844,#6845),
 .UNSPECIFIED.,.F.,.F.,(4,4),(2.60317336609886E-9,0.00130906189616322),
 .UNSPECIFIED.);
#326=B_SPLINE_CURVE_WITH_KNOTS('',3,(#7116,#7117,#7118,#7119),
 .UNSPECIFIED.,.F.,.F.,(4,4),(0.000105928558812325,0.00119638234668265),
 .UNSPECIFIED.);
#327=B_SPLINE_CURVE_WITH_KNOTS('',3,(#7121,#7122,#7123,#7124),
 .UNSPECIFIED.,.F.,.F.,(4,4),(0.000859235847531284,0.00217840331236298),
 .UNSPECIFIED.);
#328=B_SPLINE_CURVE_WITH_KNOTS('',3,(#7126,#7127,#7128,#7129,#7130,#7131,
#7132,#7133,#7134,#7135,#7136,#7137,#7138,#7139,#7140),.UNSPECIFIED.,.F.,
 .F.,(4,1,1,1,1,1,1,1,1,1,1,1,4),(0.,0.0833337610299959,0.166667671044907,
0.25000119205629,0.333334946751702,0.416667913856944,0.500003543785612,
0.58333728861461,0.666670873538274,0.750005666399728,0.83333824231464,0.91667018575383,
1.),.UNSPECIFIED.);
#329=B_SPLINE_CURVE_WITH_KNOTS('',3,(#7142,#7143,#7144,#7145),
 .UNSPECIFIED.,.F.,.F.,(4,4),(0.00102348772075885,0.00180450333424022),
 .UNSPECIFIED.);
#330=B_SPLINE_CURVE_WITH_KNOTS('',3,(#7147,#7148,#7149,#7150),
 .UNSPECIFIED.,.F.,.F.,(4,4),(1.2266347333467E-18,0.00132354827850306),
 .UNSPECIFIED.);
#331=B_SPLINE_CURVE_WITH_KNOTS('',3,(#7154,#7155,#7156,#7157,#7158,#7159,
#7160,#7161,#7162),.UNSPECIFIED.,.F.,.F.,(4,1,1,1,1,1,4),(0.,0.25,0.375,
0.5,0.625,0.75,1.),.UNSPECIFIED.);
#332=B_SPLINE_CURVE_WITH_KNOTS('',3,(#7164,#7165,#7166,#7167),
 .UNSPECIFIED.,.F.,.F.,(4,4),(0.,0.000935601765729673),.UNSPECIFIED.);
#333=B_SPLINE_CURVE_WITH_KNOTS('',3,(#7169,#7170,#7171,#7172),
 .UNSPECIFIED.,.F.,.F.,(4,4),(0.,0.000935592906110587),.UNSPECIFIED.);
#334=B_SPLINE_CURVE_WITH_KNOTS('',3,(#7174,#7175,#7176,#7177,#7178,#7179,
#7180,#7181,#7182,#7183,#7184,#7185,#7186,#7187,#7188),.UNSPECIFIED.,.F.,
 .F.,(4,1,1,1,1,1,1,1,1,1,1,1,4),(0.,0.125,0.1875,0.25,0.3125,0.375,0.5,
0.625,0.6875,0.75,0.8125,0.875,1.),.UNSPECIFIED.);
#335=B_SPLINE_CURVE_WITH_KNOTS('',3,(#7193,#7194,#7195,#7196),
 .UNSPECIFIED.,.F.,.F.,(4,4),(0.,1.),.UNSPECIFIED.);
#336=B_SPLINE_CURVE_WITH_KNOTS('',3,(#7197,#7198,#7199,#7200),
 .UNSPECIFIED.,.F.,.F.,(4,4),(0.,1.),.UNSPECIFIED.);
#337=B_SPLINE_CURVE_WITH_KNOTS('',3,(#7203,#7204,#7205,#7206),
 .UNSPECIFIED.,.F.,.F.,(4,4),(0.,0.999913684136644),.UNSPECIFIED.);
#338=B_SPLINE_CURVE_WITH_KNOTS('',3,(#7207,#7208,#7209,#7210),
 .UNSPECIFIED.,.F.,.F.,(4,4),(0.,1.),.UNSPECIFIED.);
#339=B_SPLINE_CURVE_WITH_KNOTS('',3,(#7267,#7268,#7269,#7270),
 .UNSPECIFIED.,.F.,.F.,(4,4),(0.,0.000669466750561115),.UNSPECIFIED.);
#340=B_SPLINE_CURVE_WITH_KNOTS('',3,(#7273,#7274,#7275,#7276,#7277,#7278,
#7279,#7280,#7281,#7282,#7283,#7284,#7285,#7286,#7287),.UNSPECIFIED.,.F.,
 .F.,(4,1,1,1,1,1,1,1,1,1,1,1,4),(0.,0.0833337610299959,0.166667671044907,
0.25000119205629,0.333334946751702,0.416667913856944,0.500003543785612,
0.58333728861461,0.666670873538274,0.750005666399728,0.83333824231464,0.91667018575383,
1.),.UNSPECIFIED.);
#341=B_SPLINE_CURVE_WITH_KNOTS('',3,(#7289,#7290,#7291,#7292),
 .UNSPECIFIED.,.F.,.F.,(4,4),(0.,0.000609364205444363),.UNSPECIFIED.);
#342=B_SPLINE_CURVE_WITH_KNOTS('',3,(#7294,#7295,#7296,#7297,#7298,#7299,
#7300,#7301,#7302,#7303,#7304,#7305,#7306,#7307,#7308),.UNSPECIFIED.,.F.,
 .F.,(4,1,1,1,1,1,1,1,1,1,1,1,4),(0.,0.0833337610299959,0.166667671044907,
0.25000119205629,0.333334946751702,0.416667913856944,0.500003543785612,
0.58333728861461,0.666670873538274,0.750005666399728,0.83333824231464,0.91667018575383,
1.),.UNSPECIFIED.);
#343=B_SPLINE_CURVE_WITH_KNOTS('',3,(#7549,#7550,#7551,#7552),
 .UNSPECIFIED.,.F.,.F.,(4,4),(3.60242385527828E-18,0.00109066909990023),
 .UNSPECIFIED.);
#344=B_SPLINE_CURVE_WITH_KNOTS('',3,(#7554,#7555,#7556,#7557),
 .UNSPECIFIED.,.F.,.F.,(4,4),(5.52894835756154E-5,0.00137787921966525),
 .UNSPECIFIED.);
#345=B_SPLINE_CURVE_WITH_KNOTS('',3,(#7559,#7560,#7561,#7562),
 .UNSPECIFIED.,.F.,.F.,(4,4),(4.70573100694255E-10,0.000777194926464409),
 .UNSPECIFIED.);
#346=B_SPLINE_CURVE_WITH_KNOTS('',3,(#7566,#7567,#7568,#7569),
 .UNSPECIFIED.,.F.,.F.,(4,4),(2.60317337031204E-9,0.00130906189616322),
 .UNSPECIFIED.);
#347=B_SPLINE_CURVE_WITH_KNOTS('',3,(#7840,#7841,#7842,#7843),
 .UNSPECIFIED.,.F.,.F.,(4,4),(0.000105928558812322,0.00119638234668265),
 .UNSPECIFIED.);
#348=B_SPLINE_CURVE_WITH_KNOTS('',3,(#7845,#7846,#7847,#7848),
 .UNSPECIFIED.,.F.,.F.,(4,4),(0.000859235847531282,0.00217840331236297),
 .UNSPECIFIED.);
#349=B_SPLINE_CURVE_WITH_KNOTS('',3,(#7850,#7851,#7852,#7853,#7854,#7855,
#7856,#7857,#7858,#7859,#7860,#7861,#7862,#7863,#7864),.UNSPECIFIED.,.F.,
 .F.,(4,1,1,1,1,1,1,1,1,1,1,1,4),(0.,0.0833337610299959,0.166667671044907,
0.25000119205629,0.333334946751702,0.416667913856944,0.500003543785612,
0.58333728861461,0.666670873538274,0.750005666399728,0.83333824231464,0.91667018575383,
1.),.UNSPECIFIED.);
#350=B_SPLINE_CURVE_WITH_KNOTS('',3,(#7866,#7867,#7868,#7869),
 .UNSPECIFIED.,.F.,.F.,(4,4),(0.00102348772075885,0.00180450333424023),
 .UNSPECIFIED.);
#351=B_SPLINE_CURVE_WITH_KNOTS('',3,(#7871,#7872,#7873,#7874),
 .UNSPECIFIED.,.F.,.F.,(4,4),(4.44390651272216E-18,0.00132354827850305),
 .UNSPECIFIED.);
#352=B_SPLINE_CURVE_WITH_KNOTS('',3,(#7878,#7879,#7880,#7881,#7882,#7883,
#7884,#7885,#7886),.UNSPECIFIED.,.F.,.F.,(4,1,1,1,1,1,4),(0.,0.25,0.375,
0.5,0.625,0.75,1.),.UNSPECIFIED.);
#353=B_SPLINE_CURVE_WITH_KNOTS('',3,(#7888,#7889,#7890,#7891),
 .UNSPECIFIED.,.F.,.F.,(4,4),(4.33680868994202E-19,0.000935601393378956),
 .UNSPECIFIED.);
#354=B_SPLINE_CURVE_WITH_KNOTS('',3,(#7893,#7894,#7895,#7896),
 .UNSPECIFIED.,.F.,.F.,(4,4),(0.,0.000935592726384256),.UNSPECIFIED.);
#355=B_SPLINE_CURVE_WITH_KNOTS('',3,(#7898,#7899,#7900,#7901,#7902,#7903,
#7904,#7905,#7906,#7907,#7908,#7909,#7910,#7911,#7912),.UNSPECIFIED.,.F.,
 .F.,(4,1,1,1,1,1,1,1,1,1,1,1,4),(0.,0.125,0.1875,0.25,0.3125,0.375,0.5,
0.625,0.6875,0.75,0.8125,0.875,1.),.UNSPECIFIED.);
#356=B_SPLINE_CURVE_WITH_KNOTS('',3,(#7917,#7918,#7919,#7920),
 .UNSPECIFIED.,.F.,.F.,(4,4),(0.,1.),.UNSPECIFIED.);
#357=B_SPLINE_CURVE_WITH_KNOTS('',3,(#7921,#7922,#7923,#7924),
 .UNSPECIFIED.,.F.,.F.,(4,4),(0.,1.),.UNSPECIFIED.);
#358=B_SPLINE_CURVE_WITH_KNOTS('',3,(#7927,#7928,#7929,#7930),
 .UNSPECIFIED.,.F.,.F.,(4,4),(0.,0.999913648474188),.UNSPECIFIED.);
#359=B_SPLINE_CURVE_WITH_KNOTS('',3,(#7931,#7932,#7933,#7934),
 .UNSPECIFIED.,.F.,.F.,(4,4),(0.,1.),.UNSPECIFIED.);
#360=B_SPLINE_CURVE_WITH_KNOTS('',3,(#7991,#7992,#7993,#7994),
 .UNSPECIFIED.,.F.,.F.,(4,4),(0.,0.000669466750561113),.UNSPECIFIED.);
#361=B_SPLINE_CURVE_WITH_KNOTS('',3,(#7997,#7998,#7999,#8000,#8001,#8002,
#8003,#8004,#8005,#8006,#8007,#8008,#8009,#8010,#8011),.UNSPECIFIED.,.F.,
 .F.,(4,1,1,1,1,1,1,1,1,1,1,1,4),(0.,0.0833337610299959,0.166667671044907,
0.25000119205629,0.333334946751702,0.416667913856944,0.500003543785612,
0.58333728861461,0.666670873538274,0.750005666399728,0.83333824231464,0.91667018575383,
1.),.UNSPECIFIED.);
#362=B_SPLINE_CURVE_WITH_KNOTS('',3,(#8013,#8014,#8015,#8016),
 .UNSPECIFIED.,.F.,.F.,(4,4),(0.,0.000609364205444366),.UNSPECIFIED.);
#363=B_SPLINE_CURVE_WITH_KNOTS('',3,(#8018,#8019,#8020,#8021,#8022,#8023,
#8024,#8025,#8026,#8027,#8028,#8029,#8030,#8031,#8032),.UNSPECIFIED.,.F.,
 .F.,(4,1,1,1,1,1,1,1,1,1,1,1,4),(0.,0.0833337610299959,0.166667671044907,
0.25000119205629,0.333334946751702,0.416667913856944,0.500003543785612,
0.58333728861461,0.666670873538274,0.750005666399728,0.83333824231464,0.91667018575383,
1.),.UNSPECIFIED.);
#364=B_SPLINE_CURVE_WITH_KNOTS('',3,(#8273,#8274,#8275,#8276),
 .UNSPECIFIED.,.F.,.F.,(4,4),(1.98737540962016E-18,0.00109066909990023),
 .UNSPECIFIED.);
#365=B_SPLINE_CURVE_WITH_KNOTS('',3,(#8278,#8279,#8280,#8281),
 .UNSPECIFIED.,.F.,.F.,(4,4),(5.52894835756169E-5,0.00137787921966525),
 .UNSPECIFIED.);
#366=B_SPLINE_CURVE_WITH_KNOTS('',3,(#8283,#8284,#8285,#8286),
 .UNSPECIFIED.,.F.,.F.,(4,4),(4.70573098334135E-10,0.000777194926464417),
 .UNSPECIFIED.);
#367=B_SPLINE_CURVE_WITH_KNOTS('',3,(#8290,#8291,#8292,#8293),
 .UNSPECIFIED.,.F.,.F.,(4,4),(2.60317336609886E-9,0.00130906189616322),
 .UNSPECIFIED.);
#368=B_SPLINE_CURVE_WITH_KNOTS('',3,(#8564,#8565,#8566,#8567),
 .UNSPECIFIED.,.F.,.F.,(4,4),(0.000105928558812326,0.00119638234668265),
 .UNSPECIFIED.);
#369=B_SPLINE_CURVE_WITH_KNOTS('',3,(#8569,#8570,#8571,#8572),
 .UNSPECIFIED.,.F.,.F.,(4,4),(0.000859235847531288,0.00217840331236298),
 .UNSPECIFIED.);
#370=B_SPLINE_CURVE_WITH_KNOTS('',3,(#8574,#8575,#8576,#8577,#8578,#8579,
#8580,#8581,#8582,#8583,#8584,#8585,#8586,#8587,#8588),.UNSPECIFIED.,.F.,
 .F.,(4,1,1,1,1,1,1,1,1,1,1,1,4),(0.,0.0833337610299959,0.166667671044907,
0.25000119205629,0.333334946751702,0.416667913856944,0.500003543785612,
0.58333728861461,0.666670873538274,0.750005666399728,0.83333824231464,0.91667018575383,
1.),.UNSPECIFIED.);
#371=B_SPLINE_CURVE_WITH_KNOTS('',3,(#8590,#8591,#8592,#8593),
 .UNSPECIFIED.,.F.,.F.,(4,4),(0.00102348772075885,0.00180450333424022),
 .UNSPECIFIED.);
#372=B_SPLINE_CURVE_WITH_KNOTS('',3,(#8595,#8596,#8597,#8598),
 .UNSPECIFIED.,.F.,.F.,(4,4),(1.2266347333467E-18,0.00132354827850305),
 .UNSPECIFIED.);
#373=B_SPLINE_CURVE_WITH_KNOTS('',3,(#8602,#8603,#8604,#8605,#8606,#8607,
#8608,#8609,#8610),.UNSPECIFIED.,.F.,.F.,(4,1,1,1,1,1,4),(0.,0.25,0.375,
0.5,0.625,0.75,1.),.UNSPECIFIED.);
#374=B_SPLINE_CURVE_WITH_KNOTS('',3,(#8612,#8613,#8614,#8615),
 .UNSPECIFIED.,.F.,.F.,(4,4),(0.,0.000935600957064336),.UNSPECIFIED.);
#375=B_SPLINE_CURVE_WITH_KNOTS('',3,(#8617,#8618,#8619,#8620),
 .UNSPECIFIED.,.F.,.F.,(4,4),(0.,0.000935592073524886),.UNSPECIFIED.);
#376=B_SPLINE_CURVE_WITH_KNOTS('',3,(#8622,#8623,#8624,#8625,#8626,#8627,
#8628,#8629,#8630,#8631,#8632,#8633,#8634,#8635,#8636),.UNSPECIFIED.,.F.,
 .F.,(4,1,1,1,1,1,1,1,1,1,1,1,4),(0.,0.125,0.1875,0.25,0.3125,0.375,0.5,
0.625,0.6875,0.75,0.8125,0.875,1.),.UNSPECIFIED.);
#377=B_SPLINE_CURVE_WITH_KNOTS('',3,(#8641,#8642,#8643,#8644),
 .UNSPECIFIED.,.F.,.F.,(4,4),(0.,1.),.UNSPECIFIED.);
#378=B_SPLINE_CURVE_WITH_KNOTS('',3,(#8645,#8646,#8647,#8648),
 .UNSPECIFIED.,.F.,.F.,(4,4),(0.,1.),.UNSPECIFIED.);
#379=B_SPLINE_CURVE_WITH_KNOTS('',3,(#8651,#8652,#8653,#8654),
 .UNSPECIFIED.,.F.,.F.,(4,4),(0.,0.999913604032014),.UNSPECIFIED.);
#380=B_SPLINE_CURVE_WITH_KNOTS('',3,(#8655,#8656,#8657,#8658),
 .UNSPECIFIED.,.F.,.F.,(4,4),(0.,1.),.UNSPECIFIED.);
#381=B_SPLINE_CURVE_WITH_KNOTS('',3,(#8871,#8872,#8873,#8874,#8875,#8876,
#8877),.UNSPECIFIED.,.F.,.F.,(4,1,1,1,4),(0.00435032376148193,0.00534326569592099,
0.00633620763036004,0.0073291495647991,0.00832209149923816),
 .UNSPECIFIED.);
#382=B_SPLINE_CURVE_WITH_KNOTS('',3,(#8879,#8880,#8881,#8882,#8883,#8884,
#8885),.UNSPECIFIED.,.F.,.F.,(4,1,1,1,4),(0.,0.00110213562229835,0.00220427124459671,
0.00330640686689506,0.00440854248919341),.UNSPECIFIED.);
#383=B_SPLINE_CURVE_WITH_KNOTS('',3,(#8886,#8887,#8888,#8889,#8890,#8891,
#8892),.UNSPECIFIED.,.F.,.F.,(4,1,1,1,4),(0.,0.00110213562229907,0.00220427124459814,
0.00330640686689721,0.00440854248919628),.UNSPECIFIED.);
#384=SHAPE_REPRESENTATION_RELATIONSHIP('','',#1996,#386);
#385=SHAPE_REPRESENTATION_RELATIONSHIP('','',#1997,#387);
#386=ADVANCED_BREP_SHAPE_REPRESENTATION('',(#1992),#8952);
#387=ADVANCED_BREP_SHAPE_REPRESENTATION('',(#1993),#8953);
#388=PLANE('',#2002);
#389=PLANE('',#2003);
#390=PLANE('',#2031);
#391=PLANE('',#2051);
#392=PLANE('',#2052);
#393=PLANE('',#2059);
#394=PLANE('',#2060);
#395=PLANE('',#2067);
#396=PLANE('',#2068);
#397=PLANE('',#2075);
#398=PLANE('',#2076);
#399=PLANE('',#2083);
#400=PLANE('',#2084);
#401=PLANE('',#2091);
#402=PLANE('',#2092);
#403=PLANE('',#2099);
#404=PLANE('',#2100);
#405=PLANE('',#2107);
#406=PLANE('',#2108);
#407=PLANE('',#2117);
#408=PLANE('',#2119);
#409=PLANE('',#2124);
#410=ORIENTED_EDGE('',*,*,#1038,.F.);
#411=ORIENTED_EDGE('',*,*,#1039,.T.);
#412=ORIENTED_EDGE('',*,*,#1038,.T.);
#413=ORIENTED_EDGE('',*,*,#1039,.F.);
#414=ORIENTED_EDGE('',*,*,#1040,.T.);
#415=ORIENTED_EDGE('',*,*,#1041,.T.);
#416=ORIENTED_EDGE('',*,*,#1042,.T.);
#417=ORIENTED_EDGE('',*,*,#1043,.T.);
#418=ORIENTED_EDGE('',*,*,#1044,.F.);
#419=ORIENTED_EDGE('',*,*,#1045,.T.);
#420=ORIENTED_EDGE('',*,*,#1046,.F.);
#421=ORIENTED_EDGE('',*,*,#1047,.T.);
#422=ORIENTED_EDGE('',*,*,#1048,.T.);
#423=ORIENTED_EDGE('',*,*,#1049,.T.);
#424=ORIENTED_EDGE('',*,*,#1050,.F.);
#425=ORIENTED_EDGE('',*,*,#1051,.T.);
#426=ORIENTED_EDGE('',*,*,#1052,.T.);
#427=ORIENTED_EDGE('',*,*,#1053,.T.);
#428=ORIENTED_EDGE('',*,*,#1054,.F.);
#429=ORIENTED_EDGE('',*,*,#1055,.T.);
#430=ORIENTED_EDGE('',*,*,#1056,.T.);
#431=ORIENTED_EDGE('',*,*,#1057,.T.);
#432=ORIENTED_EDGE('',*,*,#1058,.F.);
#433=ORIENTED_EDGE('',*,*,#1059,.T.);
#434=ORIENTED_EDGE('',*,*,#1060,.T.);
#435=ORIENTED_EDGE('',*,*,#1061,.T.);
#436=ORIENTED_EDGE('',*,*,#1062,.F.);
#437=ORIENTED_EDGE('',*,*,#1063,.T.);
#438=ORIENTED_EDGE('',*,*,#1064,.T.);
#439=ORIENTED_EDGE('',*,*,#1065,.T.);
#440=ORIENTED_EDGE('',*,*,#1066,.F.);
#441=ORIENTED_EDGE('',*,*,#1067,.T.);
#442=ORIENTED_EDGE('',*,*,#1068,.T.);
#443=ORIENTED_EDGE('',*,*,#1069,.T.);
#444=ORIENTED_EDGE('',*,*,#1070,.F.);
#445=ORIENTED_EDGE('',*,*,#1071,.T.);
#446=ORIENTED_EDGE('',*,*,#1072,.T.);
#447=ORIENTED_EDGE('',*,*,#1073,.T.);
#448=ORIENTED_EDGE('',*,*,#1074,.T.);
#449=ORIENTED_EDGE('',*,*,#1075,.T.);
#450=ORIENTED_EDGE('',*,*,#1076,.F.);
#451=ORIENTED_EDGE('',*,*,#1077,.T.);
#452=ORIENTED_EDGE('',*,*,#1072,.F.);
#453=ORIENTED_EDGE('',*,*,#1078,.F.);
#454=ORIENTED_EDGE('',*,*,#1079,.F.);
#455=ORIENTED_EDGE('',*,*,#1080,.T.);
#456=ORIENTED_EDGE('',*,*,#1068,.F.);
#457=ORIENTED_EDGE('',*,*,#1081,.F.);
#458=ORIENTED_EDGE('',*,*,#1082,.F.);
#459=ORIENTED_EDGE('',*,*,#1083,.T.);
#460=ORIENTED_EDGE('',*,*,#1064,.F.);
#461=ORIENTED_EDGE('',*,*,#1084,.F.);
#462=ORIENTED_EDGE('',*,*,#1085,.F.);
#463=ORIENTED_EDGE('',*,*,#1086,.T.);
#464=ORIENTED_EDGE('',*,*,#1060,.F.);
#465=ORIENTED_EDGE('',*,*,#1087,.F.);
#466=ORIENTED_EDGE('',*,*,#1088,.F.);
#467=ORIENTED_EDGE('',*,*,#1089,.T.);
#468=ORIENTED_EDGE('',*,*,#1056,.F.);
#469=ORIENTED_EDGE('',*,*,#1090,.F.);
#470=ORIENTED_EDGE('',*,*,#1091,.F.);
#471=ORIENTED_EDGE('',*,*,#1092,.T.);
#472=ORIENTED_EDGE('',*,*,#1052,.F.);
#473=ORIENTED_EDGE('',*,*,#1093,.F.);
#474=ORIENTED_EDGE('',*,*,#1094,.F.);
#475=ORIENTED_EDGE('',*,*,#1095,.T.);
#476=ORIENTED_EDGE('',*,*,#1048,.F.);
#477=ORIENTED_EDGE('',*,*,#1096,.F.);
#478=ORIENTED_EDGE('',*,*,#1097,.F.);
#479=ORIENTED_EDGE('',*,*,#1098,.T.);
#480=ORIENTED_EDGE('',*,*,#1042,.F.);
#481=ORIENTED_EDGE('',*,*,#1099,.F.);
#482=ORIENTED_EDGE('',*,*,#1100,.T.);
#483=ORIENTED_EDGE('',*,*,#1101,.T.);
#484=ORIENTED_EDGE('',*,*,#1102,.T.);
#485=ORIENTED_EDGE('',*,*,#1103,.T.);
#486=ORIENTED_EDGE('',*,*,#1044,.T.);
#487=ORIENTED_EDGE('',*,*,#1104,.F.);
#488=ORIENTED_EDGE('',*,*,#1105,.T.);
#489=ORIENTED_EDGE('',*,*,#1106,.T.);
#490=ORIENTED_EDGE('',*,*,#1107,.T.);
#491=ORIENTED_EDGE('',*,*,#1046,.T.);
#492=ORIENTED_EDGE('',*,*,#1108,.F.);
#493=ORIENTED_EDGE('',*,*,#1109,.T.);
#494=ORIENTED_EDGE('',*,*,#1110,.T.);
#495=ORIENTED_EDGE('',*,*,#1111,.T.);
#496=ORIENTED_EDGE('',*,*,#1050,.T.);
#497=ORIENTED_EDGE('',*,*,#1112,.F.);
#498=ORIENTED_EDGE('',*,*,#1113,.T.);
#499=ORIENTED_EDGE('',*,*,#1114,.T.);
#500=ORIENTED_EDGE('',*,*,#1115,.T.);
#501=ORIENTED_EDGE('',*,*,#1054,.T.);
#502=ORIENTED_EDGE('',*,*,#1116,.F.);
#503=ORIENTED_EDGE('',*,*,#1117,.T.);
#504=ORIENTED_EDGE('',*,*,#1118,.T.);
#505=ORIENTED_EDGE('',*,*,#1119,.T.);
#506=ORIENTED_EDGE('',*,*,#1058,.T.);
#507=ORIENTED_EDGE('',*,*,#1120,.F.);
#508=ORIENTED_EDGE('',*,*,#1121,.T.);
#509=ORIENTED_EDGE('',*,*,#1122,.T.);
#510=ORIENTED_EDGE('',*,*,#1123,.T.);
#511=ORIENTED_EDGE('',*,*,#1062,.T.);
#512=ORIENTED_EDGE('',*,*,#1124,.F.);
#513=ORIENTED_EDGE('',*,*,#1125,.T.);
#514=ORIENTED_EDGE('',*,*,#1126,.T.);
#515=ORIENTED_EDGE('',*,*,#1127,.T.);
#516=ORIENTED_EDGE('',*,*,#1066,.T.);
#517=ORIENTED_EDGE('',*,*,#1128,.F.);
#518=ORIENTED_EDGE('',*,*,#1129,.T.);
#519=ORIENTED_EDGE('',*,*,#1130,.T.);
#520=ORIENTED_EDGE('',*,*,#1131,.T.);
#521=ORIENTED_EDGE('',*,*,#1070,.T.);
#522=ORIENTED_EDGE('',*,*,#1132,.F.);
#523=ORIENTED_EDGE('',*,*,#1133,.F.);
#524=ORIENTED_EDGE('',*,*,#1134,.F.);
#525=ORIENTED_EDGE('',*,*,#1135,.T.);
#526=ORIENTED_EDGE('',*,*,#1136,.F.);
#527=ORIENTED_EDGE('',*,*,#1137,.F.);
#528=ORIENTED_EDGE('',*,*,#1138,.F.);
#529=ORIENTED_EDGE('',*,*,#1137,.T.);
#530=ORIENTED_EDGE('',*,*,#1139,.F.);
#531=ORIENTED_EDGE('',*,*,#1140,.F.);
#532=ORIENTED_EDGE('',*,*,#1141,.F.);
#533=ORIENTED_EDGE('',*,*,#1142,.T.);
#534=ORIENTED_EDGE('',*,*,#1143,.F.);
#535=ORIENTED_EDGE('',*,*,#1144,.T.);
#536=ORIENTED_EDGE('',*,*,#1145,.T.);
#537=ORIENTED_EDGE('',*,*,#1146,.F.);
#538=ORIENTED_EDGE('',*,*,#1147,.F.);
#539=ORIENTED_EDGE('',*,*,#1135,.F.);
#540=ORIENTED_EDGE('',*,*,#1148,.T.);
#541=ORIENTED_EDGE('',*,*,#1149,.T.);
#542=ORIENTED_EDGE('',*,*,#1150,.F.);
#543=ORIENTED_EDGE('',*,*,#1145,.F.);
#544=ORIENTED_EDGE('',*,*,#1151,.F.);
#545=ORIENTED_EDGE('',*,*,#1152,.T.);
#546=ORIENTED_EDGE('',*,*,#1153,.T.);
#547=ORIENTED_EDGE('',*,*,#1141,.T.);
#548=ORIENTED_EDGE('',*,*,#1154,.F.);
#549=ORIENTED_EDGE('',*,*,#1142,.F.);
#550=ORIENTED_EDGE('',*,*,#1153,.F.);
#551=ORIENTED_EDGE('',*,*,#1155,.T.);
#552=ORIENTED_EDGE('',*,*,#1102,.F.);
#553=ORIENTED_EDGE('',*,*,#1101,.F.);
#554=ORIENTED_EDGE('',*,*,#1132,.T.);
#555=ORIENTED_EDGE('',*,*,#1156,.T.);
#556=ORIENTED_EDGE('',*,*,#1148,.F.);
#557=ORIENTED_EDGE('',*,*,#1144,.F.);
#558=ORIENTED_EDGE('',*,*,#1140,.T.);
#559=ORIENTED_EDGE('',*,*,#1157,.T.);
#560=ORIENTED_EDGE('',*,*,#1146,.T.);
#561=ORIENTED_EDGE('',*,*,#1150,.T.);
#562=ORIENTED_EDGE('',*,*,#1158,.T.);
#563=ORIENTED_EDGE('',*,*,#1077,.F.);
#564=ORIENTED_EDGE('',*,*,#1076,.T.);
#565=ORIENTED_EDGE('',*,*,#1099,.T.);
#566=ORIENTED_EDGE('',*,*,#1159,.T.);
#567=ORIENTED_EDGE('',*,*,#1151,.T.);
#568=ORIENTED_EDGE('',*,*,#1136,.T.);
#569=ORIENTED_EDGE('',*,*,#1147,.T.);
#570=ORIENTED_EDGE('',*,*,#1157,.F.);
#571=ORIENTED_EDGE('',*,*,#1139,.T.);
#572=ORIENTED_EDGE('',*,*,#1134,.T.);
#573=ORIENTED_EDGE('',*,*,#1138,.T.);
#574=ORIENTED_EDGE('',*,*,#1154,.T.);
#575=ORIENTED_EDGE('',*,*,#1143,.T.);
#576=ORIENTED_EDGE('',*,*,#1160,.F.);
#577=ORIENTED_EDGE('',*,*,#1161,.T.);
#578=ORIENTED_EDGE('',*,*,#1162,.F.);
#579=ORIENTED_EDGE('',*,*,#1163,.F.);
#580=ORIENTED_EDGE('',*,*,#1164,.F.);
#581=ORIENTED_EDGE('',*,*,#1163,.T.);
#582=ORIENTED_EDGE('',*,*,#1165,.F.);
#583=ORIENTED_EDGE('',*,*,#1166,.F.);
#584=ORIENTED_EDGE('',*,*,#1167,.F.);
#585=ORIENTED_EDGE('',*,*,#1168,.T.);
#586=ORIENTED_EDGE('',*,*,#1169,.F.);
#587=ORIENTED_EDGE('',*,*,#1170,.T.);
#588=ORIENTED_EDGE('',*,*,#1171,.T.);
#589=ORIENTED_EDGE('',*,*,#1172,.F.);
#590=ORIENTED_EDGE('',*,*,#1173,.F.);
#591=ORIENTED_EDGE('',*,*,#1161,.F.);
#592=ORIENTED_EDGE('',*,*,#1174,.T.);
#593=ORIENTED_EDGE('',*,*,#1175,.T.);
#594=ORIENTED_EDGE('',*,*,#1176,.F.);
#595=ORIENTED_EDGE('',*,*,#1171,.F.);
#596=ORIENTED_EDGE('',*,*,#1177,.F.);
#597=ORIENTED_EDGE('',*,*,#1178,.T.);
#598=ORIENTED_EDGE('',*,*,#1179,.T.);
#599=ORIENTED_EDGE('',*,*,#1167,.T.);
#600=ORIENTED_EDGE('',*,*,#1180,.F.);
#601=ORIENTED_EDGE('',*,*,#1168,.F.);
#602=ORIENTED_EDGE('',*,*,#1179,.F.);
#603=ORIENTED_EDGE('',*,*,#1181,.T.);
#604=ORIENTED_EDGE('',*,*,#1130,.F.);
#605=ORIENTED_EDGE('',*,*,#1129,.F.);
#606=ORIENTED_EDGE('',*,*,#1128,.T.);
#607=ORIENTED_EDGE('',*,*,#1182,.T.);
#608=ORIENTED_EDGE('',*,*,#1174,.F.);
#609=ORIENTED_EDGE('',*,*,#1170,.F.);
#610=ORIENTED_EDGE('',*,*,#1166,.T.);
#611=ORIENTED_EDGE('',*,*,#1183,.T.);
#612=ORIENTED_EDGE('',*,*,#1172,.T.);
#613=ORIENTED_EDGE('',*,*,#1176,.T.);
#614=ORIENTED_EDGE('',*,*,#1184,.T.);
#615=ORIENTED_EDGE('',*,*,#1080,.F.);
#616=ORIENTED_EDGE('',*,*,#1079,.T.);
#617=ORIENTED_EDGE('',*,*,#1078,.T.);
#618=ORIENTED_EDGE('',*,*,#1185,.T.);
#619=ORIENTED_EDGE('',*,*,#1177,.T.);
#620=ORIENTED_EDGE('',*,*,#1162,.T.);
#621=ORIENTED_EDGE('',*,*,#1173,.T.);
#622=ORIENTED_EDGE('',*,*,#1183,.F.);
#623=ORIENTED_EDGE('',*,*,#1165,.T.);
#624=ORIENTED_EDGE('',*,*,#1160,.T.);
#625=ORIENTED_EDGE('',*,*,#1164,.T.);
#626=ORIENTED_EDGE('',*,*,#1180,.T.);
#627=ORIENTED_EDGE('',*,*,#1169,.T.);
#628=ORIENTED_EDGE('',*,*,#1186,.F.);
#629=ORIENTED_EDGE('',*,*,#1187,.T.);
#630=ORIENTED_EDGE('',*,*,#1188,.F.);
#631=ORIENTED_EDGE('',*,*,#1189,.F.);
#632=ORIENTED_EDGE('',*,*,#1190,.F.);
#633=ORIENTED_EDGE('',*,*,#1189,.T.);
#634=ORIENTED_EDGE('',*,*,#1191,.F.);
#635=ORIENTED_EDGE('',*,*,#1192,.F.);
#636=ORIENTED_EDGE('',*,*,#1193,.F.);
#637=ORIENTED_EDGE('',*,*,#1194,.T.);
#638=ORIENTED_EDGE('',*,*,#1195,.F.);
#639=ORIENTED_EDGE('',*,*,#1196,.T.);
#640=ORIENTED_EDGE('',*,*,#1197,.T.);
#641=ORIENTED_EDGE('',*,*,#1198,.F.);
#642=ORIENTED_EDGE('',*,*,#1199,.F.);
#643=ORIENTED_EDGE('',*,*,#1187,.F.);
#644=ORIENTED_EDGE('',*,*,#1200,.T.);
#645=ORIENTED_EDGE('',*,*,#1201,.T.);
#646=ORIENTED_EDGE('',*,*,#1202,.F.);
#647=ORIENTED_EDGE('',*,*,#1197,.F.);
#648=ORIENTED_EDGE('',*,*,#1203,.F.);
#649=ORIENTED_EDGE('',*,*,#1204,.T.);
#650=ORIENTED_EDGE('',*,*,#1205,.T.);
#651=ORIENTED_EDGE('',*,*,#1193,.T.);
#652=ORIENTED_EDGE('',*,*,#1206,.F.);
#653=ORIENTED_EDGE('',*,*,#1194,.F.);
#654=ORIENTED_EDGE('',*,*,#1205,.F.);
#655=ORIENTED_EDGE('',*,*,#1207,.T.);
#656=ORIENTED_EDGE('',*,*,#1126,.F.);
#657=ORIENTED_EDGE('',*,*,#1125,.F.);
#658=ORIENTED_EDGE('',*,*,#1124,.T.);
#659=ORIENTED_EDGE('',*,*,#1208,.T.);
#660=ORIENTED_EDGE('',*,*,#1200,.F.);
#661=ORIENTED_EDGE('',*,*,#1196,.F.);
#662=ORIENTED_EDGE('',*,*,#1192,.T.);
#663=ORIENTED_EDGE('',*,*,#1209,.T.);
#664=ORIENTED_EDGE('',*,*,#1198,.T.);
#665=ORIENTED_EDGE('',*,*,#1202,.T.);
#666=ORIENTED_EDGE('',*,*,#1210,.T.);
#667=ORIENTED_EDGE('',*,*,#1083,.F.);
#668=ORIENTED_EDGE('',*,*,#1082,.T.);
#669=ORIENTED_EDGE('',*,*,#1081,.T.);
#670=ORIENTED_EDGE('',*,*,#1211,.T.);
#671=ORIENTED_EDGE('',*,*,#1203,.T.);
#672=ORIENTED_EDGE('',*,*,#1188,.T.);
#673=ORIENTED_EDGE('',*,*,#1199,.T.);
#674=ORIENTED_EDGE('',*,*,#1209,.F.);
#675=ORIENTED_EDGE('',*,*,#1191,.T.);
#676=ORIENTED_EDGE('',*,*,#1186,.T.);
#677=ORIENTED_EDGE('',*,*,#1190,.T.);
#678=ORIENTED_EDGE('',*,*,#1206,.T.);
#679=ORIENTED_EDGE('',*,*,#1195,.T.);
#680=ORIENTED_EDGE('',*,*,#1212,.F.);
#681=ORIENTED_EDGE('',*,*,#1213,.T.);
#682=ORIENTED_EDGE('',*,*,#1214,.F.);
#683=ORIENTED_EDGE('',*,*,#1215,.F.);
#684=ORIENTED_EDGE('',*,*,#1216,.F.);
#685=ORIENTED_EDGE('',*,*,#1215,.T.);
#686=ORIENTED_EDGE('',*,*,#1217,.F.);
#687=ORIENTED_EDGE('',*,*,#1218,.F.);
#688=ORIENTED_EDGE('',*,*,#1219,.F.);
#689=ORIENTED_EDGE('',*,*,#1220,.T.);
#690=ORIENTED_EDGE('',*,*,#1221,.F.);
#691=ORIENTED_EDGE('',*,*,#1222,.T.);
#692=ORIENTED_EDGE('',*,*,#1223,.T.);
#693=ORIENTED_EDGE('',*,*,#1224,.F.);
#694=ORIENTED_EDGE('',*,*,#1225,.F.);
#695=ORIENTED_EDGE('',*,*,#1213,.F.);
#696=ORIENTED_EDGE('',*,*,#1226,.T.);
#697=ORIENTED_EDGE('',*,*,#1227,.T.);
#698=ORIENTED_EDGE('',*,*,#1228,.F.);
#699=ORIENTED_EDGE('',*,*,#1223,.F.);
#700=ORIENTED_EDGE('',*,*,#1229,.F.);
#701=ORIENTED_EDGE('',*,*,#1230,.T.);
#702=ORIENTED_EDGE('',*,*,#1231,.T.);
#703=ORIENTED_EDGE('',*,*,#1219,.T.);
#704=ORIENTED_EDGE('',*,*,#1232,.F.);
#705=ORIENTED_EDGE('',*,*,#1220,.F.);
#706=ORIENTED_EDGE('',*,*,#1231,.F.);
#707=ORIENTED_EDGE('',*,*,#1233,.T.);
#708=ORIENTED_EDGE('',*,*,#1122,.F.);
#709=ORIENTED_EDGE('',*,*,#1121,.F.);
#710=ORIENTED_EDGE('',*,*,#1120,.T.);
#711=ORIENTED_EDGE('',*,*,#1234,.T.);
#712=ORIENTED_EDGE('',*,*,#1226,.F.);
#713=ORIENTED_EDGE('',*,*,#1222,.F.);
#714=ORIENTED_EDGE('',*,*,#1218,.T.);
#715=ORIENTED_EDGE('',*,*,#1235,.T.);
#716=ORIENTED_EDGE('',*,*,#1224,.T.);
#717=ORIENTED_EDGE('',*,*,#1228,.T.);
#718=ORIENTED_EDGE('',*,*,#1236,.T.);
#719=ORIENTED_EDGE('',*,*,#1086,.F.);
#720=ORIENTED_EDGE('',*,*,#1085,.T.);
#721=ORIENTED_EDGE('',*,*,#1084,.T.);
#722=ORIENTED_EDGE('',*,*,#1237,.T.);
#723=ORIENTED_EDGE('',*,*,#1229,.T.);
#724=ORIENTED_EDGE('',*,*,#1214,.T.);
#725=ORIENTED_EDGE('',*,*,#1225,.T.);
#726=ORIENTED_EDGE('',*,*,#1235,.F.);
#727=ORIENTED_EDGE('',*,*,#1217,.T.);
#728=ORIENTED_EDGE('',*,*,#1212,.T.);
#729=ORIENTED_EDGE('',*,*,#1216,.T.);
#730=ORIENTED_EDGE('',*,*,#1232,.T.);
#731=ORIENTED_EDGE('',*,*,#1221,.T.);
#732=ORIENTED_EDGE('',*,*,#1238,.F.);
#733=ORIENTED_EDGE('',*,*,#1239,.T.);
#734=ORIENTED_EDGE('',*,*,#1240,.F.);
#735=ORIENTED_EDGE('',*,*,#1241,.F.);
#736=ORIENTED_EDGE('',*,*,#1242,.F.);
#737=ORIENTED_EDGE('',*,*,#1241,.T.);
#738=ORIENTED_EDGE('',*,*,#1243,.F.);
#739=ORIENTED_EDGE('',*,*,#1244,.F.);
#740=ORIENTED_EDGE('',*,*,#1245,.F.);
#741=ORIENTED_EDGE('',*,*,#1246,.T.);
#742=ORIENTED_EDGE('',*,*,#1247,.F.);
#743=ORIENTED_EDGE('',*,*,#1248,.T.);
#744=ORIENTED_EDGE('',*,*,#1249,.T.);
#745=ORIENTED_EDGE('',*,*,#1250,.F.);
#746=ORIENTED_EDGE('',*,*,#1251,.F.);
#747=ORIENTED_EDGE('',*,*,#1239,.F.);
#748=ORIENTED_EDGE('',*,*,#1252,.T.);
#749=ORIENTED_EDGE('',*,*,#1253,.T.);
#750=ORIENTED_EDGE('',*,*,#1254,.F.);
#751=ORIENTED_EDGE('',*,*,#1249,.F.);
#752=ORIENTED_EDGE('',*,*,#1255,.F.);
#753=ORIENTED_EDGE('',*,*,#1256,.T.);
#754=ORIENTED_EDGE('',*,*,#1257,.T.);
#755=ORIENTED_EDGE('',*,*,#1245,.T.);
#756=ORIENTED_EDGE('',*,*,#1258,.F.);
#757=ORIENTED_EDGE('',*,*,#1246,.F.);
#758=ORIENTED_EDGE('',*,*,#1257,.F.);
#759=ORIENTED_EDGE('',*,*,#1259,.T.);
#760=ORIENTED_EDGE('',*,*,#1118,.F.);
#761=ORIENTED_EDGE('',*,*,#1117,.F.);
#762=ORIENTED_EDGE('',*,*,#1116,.T.);
#763=ORIENTED_EDGE('',*,*,#1260,.T.);
#764=ORIENTED_EDGE('',*,*,#1252,.F.);
#765=ORIENTED_EDGE('',*,*,#1248,.F.);
#766=ORIENTED_EDGE('',*,*,#1244,.T.);
#767=ORIENTED_EDGE('',*,*,#1261,.T.);
#768=ORIENTED_EDGE('',*,*,#1250,.T.);
#769=ORIENTED_EDGE('',*,*,#1254,.T.);
#770=ORIENTED_EDGE('',*,*,#1262,.T.);
#771=ORIENTED_EDGE('',*,*,#1089,.F.);
#772=ORIENTED_EDGE('',*,*,#1088,.T.);
#773=ORIENTED_EDGE('',*,*,#1087,.T.);
#774=ORIENTED_EDGE('',*,*,#1263,.T.);
#775=ORIENTED_EDGE('',*,*,#1255,.T.);
#776=ORIENTED_EDGE('',*,*,#1240,.T.);
#777=ORIENTED_EDGE('',*,*,#1251,.T.);
#778=ORIENTED_EDGE('',*,*,#1261,.F.);
#779=ORIENTED_EDGE('',*,*,#1243,.T.);
#780=ORIENTED_EDGE('',*,*,#1238,.T.);
#781=ORIENTED_EDGE('',*,*,#1242,.T.);
#782=ORIENTED_EDGE('',*,*,#1258,.T.);
#783=ORIENTED_EDGE('',*,*,#1247,.T.);
#784=ORIENTED_EDGE('',*,*,#1264,.F.);
#785=ORIENTED_EDGE('',*,*,#1265,.T.);
#786=ORIENTED_EDGE('',*,*,#1266,.F.);
#787=ORIENTED_EDGE('',*,*,#1267,.F.);
#788=ORIENTED_EDGE('',*,*,#1268,.F.);
#789=ORIENTED_EDGE('',*,*,#1267,.T.);
#790=ORIENTED_EDGE('',*,*,#1269,.F.);
#791=ORIENTED_EDGE('',*,*,#1270,.F.);
#792=ORIENTED_EDGE('',*,*,#1271,.F.);
#793=ORIENTED_EDGE('',*,*,#1272,.T.);
#794=ORIENTED_EDGE('',*,*,#1273,.F.);
#795=ORIENTED_EDGE('',*,*,#1274,.T.);
#796=ORIENTED_EDGE('',*,*,#1275,.T.);
#797=ORIENTED_EDGE('',*,*,#1276,.F.);
#798=ORIENTED_EDGE('',*,*,#1277,.F.);
#799=ORIENTED_EDGE('',*,*,#1265,.F.);
#800=ORIENTED_EDGE('',*,*,#1278,.T.);
#801=ORIENTED_EDGE('',*,*,#1279,.T.);
#802=ORIENTED_EDGE('',*,*,#1280,.F.);
#803=ORIENTED_EDGE('',*,*,#1275,.F.);
#804=ORIENTED_EDGE('',*,*,#1281,.F.);
#805=ORIENTED_EDGE('',*,*,#1282,.T.);
#806=ORIENTED_EDGE('',*,*,#1283,.T.);
#807=ORIENTED_EDGE('',*,*,#1271,.T.);
#808=ORIENTED_EDGE('',*,*,#1284,.F.);
#809=ORIENTED_EDGE('',*,*,#1272,.F.);
#810=ORIENTED_EDGE('',*,*,#1283,.F.);
#811=ORIENTED_EDGE('',*,*,#1285,.T.);
#812=ORIENTED_EDGE('',*,*,#1114,.F.);
#813=ORIENTED_EDGE('',*,*,#1113,.F.);
#814=ORIENTED_EDGE('',*,*,#1112,.T.);
#815=ORIENTED_EDGE('',*,*,#1286,.T.);
#816=ORIENTED_EDGE('',*,*,#1278,.F.);
#817=ORIENTED_EDGE('',*,*,#1274,.F.);
#818=ORIENTED_EDGE('',*,*,#1270,.T.);
#819=ORIENTED_EDGE('',*,*,#1287,.T.);
#820=ORIENTED_EDGE('',*,*,#1276,.T.);
#821=ORIENTED_EDGE('',*,*,#1280,.T.);
#822=ORIENTED_EDGE('',*,*,#1288,.T.);
#823=ORIENTED_EDGE('',*,*,#1092,.F.);
#824=ORIENTED_EDGE('',*,*,#1091,.T.);
#825=ORIENTED_EDGE('',*,*,#1090,.T.);
#826=ORIENTED_EDGE('',*,*,#1289,.T.);
#827=ORIENTED_EDGE('',*,*,#1281,.T.);
#828=ORIENTED_EDGE('',*,*,#1266,.T.);
#829=ORIENTED_EDGE('',*,*,#1277,.T.);
#830=ORIENTED_EDGE('',*,*,#1287,.F.);
#831=ORIENTED_EDGE('',*,*,#1269,.T.);
#832=ORIENTED_EDGE('',*,*,#1264,.T.);
#833=ORIENTED_EDGE('',*,*,#1268,.T.);
#834=ORIENTED_EDGE('',*,*,#1284,.T.);
#835=ORIENTED_EDGE('',*,*,#1273,.T.);
#836=ORIENTED_EDGE('',*,*,#1290,.F.);
#837=ORIENTED_EDGE('',*,*,#1291,.T.);
#838=ORIENTED_EDGE('',*,*,#1292,.F.);
#839=ORIENTED_EDGE('',*,*,#1293,.F.);
#840=ORIENTED_EDGE('',*,*,#1294,.F.);
#841=ORIENTED_EDGE('',*,*,#1293,.T.);
#842=ORIENTED_EDGE('',*,*,#1295,.F.);
#843=ORIENTED_EDGE('',*,*,#1296,.F.);
#844=ORIENTED_EDGE('',*,*,#1297,.F.);
#845=ORIENTED_EDGE('',*,*,#1298,.T.);
#846=ORIENTED_EDGE('',*,*,#1299,.F.);
#847=ORIENTED_EDGE('',*,*,#1300,.T.);
#848=ORIENTED_EDGE('',*,*,#1301,.T.);
#849=ORIENTED_EDGE('',*,*,#1302,.F.);
#850=ORIENTED_EDGE('',*,*,#1303,.F.);
#851=ORIENTED_EDGE('',*,*,#1291,.F.);
#852=ORIENTED_EDGE('',*,*,#1304,.T.);
#853=ORIENTED_EDGE('',*,*,#1305,.T.);
#854=ORIENTED_EDGE('',*,*,#1306,.F.);
#855=ORIENTED_EDGE('',*,*,#1301,.F.);
#856=ORIENTED_EDGE('',*,*,#1307,.F.);
#857=ORIENTED_EDGE('',*,*,#1308,.T.);
#858=ORIENTED_EDGE('',*,*,#1309,.T.);
#859=ORIENTED_EDGE('',*,*,#1297,.T.);
#860=ORIENTED_EDGE('',*,*,#1310,.F.);
#861=ORIENTED_EDGE('',*,*,#1298,.F.);
#862=ORIENTED_EDGE('',*,*,#1309,.F.);
#863=ORIENTED_EDGE('',*,*,#1311,.T.);
#864=ORIENTED_EDGE('',*,*,#1110,.F.);
#865=ORIENTED_EDGE('',*,*,#1109,.F.);
#866=ORIENTED_EDGE('',*,*,#1108,.T.);
#867=ORIENTED_EDGE('',*,*,#1312,.T.);
#868=ORIENTED_EDGE('',*,*,#1304,.F.);
#869=ORIENTED_EDGE('',*,*,#1300,.F.);
#870=ORIENTED_EDGE('',*,*,#1296,.T.);
#871=ORIENTED_EDGE('',*,*,#1313,.T.);
#872=ORIENTED_EDGE('',*,*,#1302,.T.);
#873=ORIENTED_EDGE('',*,*,#1306,.T.);
#874=ORIENTED_EDGE('',*,*,#1314,.T.);
#875=ORIENTED_EDGE('',*,*,#1095,.F.);
#876=ORIENTED_EDGE('',*,*,#1094,.T.);
#877=ORIENTED_EDGE('',*,*,#1093,.T.);
#878=ORIENTED_EDGE('',*,*,#1315,.T.);
#879=ORIENTED_EDGE('',*,*,#1307,.T.);
#880=ORIENTED_EDGE('',*,*,#1292,.T.);
#881=ORIENTED_EDGE('',*,*,#1303,.T.);
#882=ORIENTED_EDGE('',*,*,#1313,.F.);
#883=ORIENTED_EDGE('',*,*,#1295,.T.);
#884=ORIENTED_EDGE('',*,*,#1290,.T.);
#885=ORIENTED_EDGE('',*,*,#1294,.T.);
#886=ORIENTED_EDGE('',*,*,#1310,.T.);
#887=ORIENTED_EDGE('',*,*,#1299,.T.);
#888=ORIENTED_EDGE('',*,*,#1316,.F.);
#889=ORIENTED_EDGE('',*,*,#1317,.T.);
#890=ORIENTED_EDGE('',*,*,#1318,.F.);
#891=ORIENTED_EDGE('',*,*,#1319,.F.);
#892=ORIENTED_EDGE('',*,*,#1320,.F.);
#893=ORIENTED_EDGE('',*,*,#1319,.T.);
#894=ORIENTED_EDGE('',*,*,#1321,.F.);
#895=ORIENTED_EDGE('',*,*,#1322,.F.);
#896=ORIENTED_EDGE('',*,*,#1323,.F.);
#897=ORIENTED_EDGE('',*,*,#1324,.T.);
#898=ORIENTED_EDGE('',*,*,#1325,.F.);
#899=ORIENTED_EDGE('',*,*,#1326,.T.);
#900=ORIENTED_EDGE('',*,*,#1327,.T.);
#901=ORIENTED_EDGE('',*,*,#1328,.F.);
#902=ORIENTED_EDGE('',*,*,#1329,.F.);
#903=ORIENTED_EDGE('',*,*,#1317,.F.);
#904=ORIENTED_EDGE('',*,*,#1330,.T.);
#905=ORIENTED_EDGE('',*,*,#1331,.T.);
#906=ORIENTED_EDGE('',*,*,#1332,.F.);
#907=ORIENTED_EDGE('',*,*,#1327,.F.);
#908=ORIENTED_EDGE('',*,*,#1333,.F.);
#909=ORIENTED_EDGE('',*,*,#1334,.T.);
#910=ORIENTED_EDGE('',*,*,#1335,.T.);
#911=ORIENTED_EDGE('',*,*,#1323,.T.);
#912=ORIENTED_EDGE('',*,*,#1336,.F.);
#913=ORIENTED_EDGE('',*,*,#1324,.F.);
#914=ORIENTED_EDGE('',*,*,#1335,.F.);
#915=ORIENTED_EDGE('',*,*,#1337,.T.);
#916=ORIENTED_EDGE('',*,*,#1106,.F.);
#917=ORIENTED_EDGE('',*,*,#1105,.F.);
#918=ORIENTED_EDGE('',*,*,#1104,.T.);
#919=ORIENTED_EDGE('',*,*,#1338,.T.);
#920=ORIENTED_EDGE('',*,*,#1330,.F.);
#921=ORIENTED_EDGE('',*,*,#1326,.F.);
#922=ORIENTED_EDGE('',*,*,#1322,.T.);
#923=ORIENTED_EDGE('',*,*,#1339,.T.);
#924=ORIENTED_EDGE('',*,*,#1328,.T.);
#925=ORIENTED_EDGE('',*,*,#1332,.T.);
#926=ORIENTED_EDGE('',*,*,#1340,.T.);
#927=ORIENTED_EDGE('',*,*,#1098,.F.);
#928=ORIENTED_EDGE('',*,*,#1097,.T.);
#929=ORIENTED_EDGE('',*,*,#1096,.T.);
#930=ORIENTED_EDGE('',*,*,#1341,.T.);
#931=ORIENTED_EDGE('',*,*,#1333,.T.);
#932=ORIENTED_EDGE('',*,*,#1318,.T.);
#933=ORIENTED_EDGE('',*,*,#1329,.T.);
#934=ORIENTED_EDGE('',*,*,#1339,.F.);
#935=ORIENTED_EDGE('',*,*,#1321,.T.);
#936=ORIENTED_EDGE('',*,*,#1316,.T.);
#937=ORIENTED_EDGE('',*,*,#1320,.T.);
#938=ORIENTED_EDGE('',*,*,#1336,.T.);
#939=ORIENTED_EDGE('',*,*,#1325,.T.);
#940=ORIENTED_EDGE('',*,*,#1338,.F.);
#941=ORIENTED_EDGE('',*,*,#1043,.F.);
#942=ORIENTED_EDGE('',*,*,#1340,.F.);
#943=ORIENTED_EDGE('',*,*,#1331,.F.);
#944=ORIENTED_EDGE('',*,*,#1337,.F.);
#945=ORIENTED_EDGE('',*,*,#1334,.F.);
#946=ORIENTED_EDGE('',*,*,#1341,.F.);
#947=ORIENTED_EDGE('',*,*,#1047,.F.);
#948=ORIENTED_EDGE('',*,*,#1107,.F.);
#949=ORIENTED_EDGE('',*,*,#1312,.F.);
#950=ORIENTED_EDGE('',*,*,#1049,.F.);
#951=ORIENTED_EDGE('',*,*,#1314,.F.);
#952=ORIENTED_EDGE('',*,*,#1305,.F.);
#953=ORIENTED_EDGE('',*,*,#1311,.F.);
#954=ORIENTED_EDGE('',*,*,#1308,.F.);
#955=ORIENTED_EDGE('',*,*,#1315,.F.);
#956=ORIENTED_EDGE('',*,*,#1051,.F.);
#957=ORIENTED_EDGE('',*,*,#1111,.F.);
#958=ORIENTED_EDGE('',*,*,#1286,.F.);
#959=ORIENTED_EDGE('',*,*,#1053,.F.);
#960=ORIENTED_EDGE('',*,*,#1288,.F.);
#961=ORIENTED_EDGE('',*,*,#1279,.F.);
#962=ORIENTED_EDGE('',*,*,#1285,.F.);
#963=ORIENTED_EDGE('',*,*,#1282,.F.);
#964=ORIENTED_EDGE('',*,*,#1289,.F.);
#965=ORIENTED_EDGE('',*,*,#1055,.F.);
#966=ORIENTED_EDGE('',*,*,#1115,.F.);
#967=ORIENTED_EDGE('',*,*,#1260,.F.);
#968=ORIENTED_EDGE('',*,*,#1057,.F.);
#969=ORIENTED_EDGE('',*,*,#1262,.F.);
#970=ORIENTED_EDGE('',*,*,#1253,.F.);
#971=ORIENTED_EDGE('',*,*,#1259,.F.);
#972=ORIENTED_EDGE('',*,*,#1256,.F.);
#973=ORIENTED_EDGE('',*,*,#1263,.F.);
#974=ORIENTED_EDGE('',*,*,#1059,.F.);
#975=ORIENTED_EDGE('',*,*,#1119,.F.);
#976=ORIENTED_EDGE('',*,*,#1234,.F.);
#977=ORIENTED_EDGE('',*,*,#1061,.F.);
#978=ORIENTED_EDGE('',*,*,#1236,.F.);
#979=ORIENTED_EDGE('',*,*,#1227,.F.);
#980=ORIENTED_EDGE('',*,*,#1233,.F.);
#981=ORIENTED_EDGE('',*,*,#1230,.F.);
#982=ORIENTED_EDGE('',*,*,#1237,.F.);
#983=ORIENTED_EDGE('',*,*,#1063,.F.);
#984=ORIENTED_EDGE('',*,*,#1123,.F.);
#985=ORIENTED_EDGE('',*,*,#1208,.F.);
#986=ORIENTED_EDGE('',*,*,#1065,.F.);
#987=ORIENTED_EDGE('',*,*,#1210,.F.);
#988=ORIENTED_EDGE('',*,*,#1201,.F.);
#989=ORIENTED_EDGE('',*,*,#1207,.F.);
#990=ORIENTED_EDGE('',*,*,#1204,.F.);
#991=ORIENTED_EDGE('',*,*,#1211,.F.);
#992=ORIENTED_EDGE('',*,*,#1067,.F.);
#993=ORIENTED_EDGE('',*,*,#1127,.F.);
#994=ORIENTED_EDGE('',*,*,#1182,.F.);
#995=ORIENTED_EDGE('',*,*,#1069,.F.);
#996=ORIENTED_EDGE('',*,*,#1184,.F.);
#997=ORIENTED_EDGE('',*,*,#1175,.F.);
#998=ORIENTED_EDGE('',*,*,#1181,.F.);
#999=ORIENTED_EDGE('',*,*,#1178,.F.);
#1000=ORIENTED_EDGE('',*,*,#1185,.F.);
#1001=ORIENTED_EDGE('',*,*,#1071,.F.);
#1002=ORIENTED_EDGE('',*,*,#1131,.F.);
#1003=ORIENTED_EDGE('',*,*,#1156,.F.);
#1004=ORIENTED_EDGE('',*,*,#1073,.F.);
#1005=ORIENTED_EDGE('',*,*,#1158,.F.);
#1006=ORIENTED_EDGE('',*,*,#1149,.F.);
#1007=ORIENTED_EDGE('',*,*,#1155,.F.);
#1008=ORIENTED_EDGE('',*,*,#1152,.F.);
#1009=ORIENTED_EDGE('',*,*,#1159,.F.);
#1010=ORIENTED_EDGE('',*,*,#1045,.F.);
#1011=ORIENTED_EDGE('',*,*,#1103,.F.);
#1012=ORIENTED_EDGE('',*,*,#1074,.F.);
#1013=ORIENTED_EDGE('',*,*,#1342,.T.);
#1014=ORIENTED_EDGE('',*,*,#1343,.T.);
#1015=ORIENTED_EDGE('',*,*,#1344,.F.);
#1016=ORIENTED_EDGE('',*,*,#1344,.T.);
#1017=ORIENTED_EDGE('',*,*,#1345,.F.);
#1018=ORIENTED_EDGE('',*,*,#1342,.F.);
#1019=ORIENTED_EDGE('',*,*,#1075,.F.);
#1020=ORIENTED_EDGE('',*,*,#1346,.F.);
#1021=ORIENTED_EDGE('',*,*,#1343,.F.);
#1022=ORIENTED_EDGE('',*,*,#1345,.T.);
#1023=ORIENTED_EDGE('',*,*,#1133,.T.);
#1024=ORIENTED_EDGE('',*,*,#1346,.T.);
#1025=ORIENTED_EDGE('',*,*,#1347,.F.);
#1026=ORIENTED_EDGE('',*,*,#1348,.T.);
#1027=ORIENTED_EDGE('',*,*,#1349,.T.);
#1028=ORIENTED_EDGE('',*,*,#1347,.T.);
#1029=ORIENTED_EDGE('',*,*,#1348,.F.);
#1030=ORIENTED_EDGE('',*,*,#1350,.T.);
#1031=ORIENTED_EDGE('',*,*,#1040,.F.);
#1032=ORIENTED_EDGE('',*,*,#1351,.T.);
#1033=ORIENTED_EDGE('',*,*,#1351,.F.);
#1034=ORIENTED_EDGE('',*,*,#1041,.F.);
#1035=ORIENTED_EDGE('',*,*,#1350,.F.);
#1036=ORIENTED_EDGE('',*,*,#1349,.F.);
#1037=ORIENTED_EDGE('',*,*,#1100,.F.);
#1038=EDGE_CURVE('',#1352,#1352,#1566,.T.);
#1039=EDGE_CURVE('',#1353,#1353,#1567,.T.);
#1040=EDGE_CURVE('',#1354,#1355,#1568,.T.);
#1041=EDGE_CURVE('',#1355,#1354,#155,.T.);
#1042=EDGE_CURVE('',#1356,#1357,#1569,.T.);
#1043=EDGE_CURVE('',#1357,#1358,#156,.T.);
#1044=EDGE_CURVE('',#1359,#1358,#1570,.T.);
#1045=EDGE_CURVE('',#1359,#1356,#157,.T.);
#1046=EDGE_CURVE('',#1360,#1361,#1571,.T.);
#1047=EDGE_CURVE('',#1360,#1362,#158,.T.);
#1048=EDGE_CURVE('',#1362,#1363,#1572,.T.);
#1049=EDGE_CURVE('',#1363,#1361,#159,.T.);
#1050=EDGE_CURVE('',#1364,#1365,#1573,.T.);
#1051=EDGE_CURVE('',#1364,#1366,#160,.T.);
#1052=EDGE_CURVE('',#1366,#1367,#1574,.T.);
#1053=EDGE_CURVE('',#1367,#1365,#161,.T.);
#1054=EDGE_CURVE('',#1368,#1369,#1575,.T.);
#1055=EDGE_CURVE('',#1368,#1370,#162,.T.);
#1056=EDGE_CURVE('',#1370,#1371,#1576,.T.);
#1057=EDGE_CURVE('',#1371,#1369,#163,.T.);
#1058=EDGE_CURVE('',#1372,#1373,#1577,.T.);
#1059=EDGE_CURVE('',#1372,#1374,#164,.T.);
#1060=EDGE_CURVE('',#1374,#1375,#1578,.T.);
#1061=EDGE_CURVE('',#1375,#1373,#165,.T.);
#1062=EDGE_CURVE('',#1376,#1377,#1579,.T.);
#1063=EDGE_CURVE('',#1376,#1378,#166,.T.);
#1064=EDGE_CURVE('',#1378,#1379,#1580,.T.);
#1065=EDGE_CURVE('',#1379,#1377,#167,.T.);
#1066=EDGE_CURVE('',#1380,#1381,#1581,.T.);
#1067=EDGE_CURVE('',#1380,#1382,#168,.T.);
#1068=EDGE_CURVE('',#1382,#1383,#1582,.T.);
#1069=EDGE_CURVE('',#1383,#1381,#169,.T.);
#1070=EDGE_CURVE('',#1384,#1385,#1583,.T.);
#1071=EDGE_CURVE('',#1384,#1386,#170,.T.);
#1072=EDGE_CURVE('',#1386,#1387,#1584,.T.);
#1073=EDGE_CURVE('',#1387,#1385,#171,.T.);
#1074=EDGE_CURVE('',#1388,#1389,#1585,.T.);
#1075=EDGE_CURVE('',#1389,#1388,#59,.T.);
#1076=EDGE_CURVE('',#1390,#1391,#172,.F.);
#1077=EDGE_CURVE('',#1390,#1387,#173,.T.);
#1078=EDGE_CURVE('',#1392,#1386,#174,.F.);
#1079=EDGE_CURVE('',#1393,#1392,#175,.T.);
#1080=EDGE_CURVE('',#1393,#1383,#176,.T.);
#1081=EDGE_CURVE('',#1394,#1382,#177,.F.);
#1082=EDGE_CURVE('',#1395,#1394,#178,.T.);
#1083=EDGE_CURVE('',#1395,#1379,#179,.T.);
#1084=EDGE_CURVE('',#1396,#1378,#180,.F.);
#1085=EDGE_CURVE('',#1397,#1396,#181,.T.);
#1086=EDGE_CURVE('',#1397,#1375,#182,.T.);
#1087=EDGE_CURVE('',#1398,#1374,#183,.F.);
#1088=EDGE_CURVE('',#1399,#1398,#184,.T.);
#1089=EDGE_CURVE('',#1399,#1371,#185,.T.);
#1090=EDGE_CURVE('',#1400,#1370,#186,.F.);
#1091=EDGE_CURVE('',#1401,#1400,#187,.T.);
#1092=EDGE_CURVE('',#1401,#1367,#188,.T.);
#1093=EDGE_CURVE('',#1402,#1366,#189,.F.);
#1094=EDGE_CURVE('',#1403,#1402,#190,.T.);
#1095=EDGE_CURVE('',#1403,#1363,#191,.T.);
#1096=EDGE_CURVE('',#1404,#1362,#192,.F.);
#1097=EDGE_CURVE('',#1405,#1404,#193,.T.);
#1098=EDGE_CURVE('',#1405,#1357,#194,.T.);
#1099=EDGE_CURVE('',#1391,#1356,#195,.F.);
#1100=EDGE_CURVE('',#1406,#1406,#196,.T.);
#1101=EDGE_CURVE('',#1407,#1408,#197,.T.);
#1102=EDGE_CURVE('',#1408,#1409,#1586,.F.);
#1103=EDGE_CURVE('',#1409,#1359,#198,.T.);
#1104=EDGE_CURVE('',#1410,#1358,#1587,.T.);
#1105=EDGE_CURVE('',#1410,#1411,#199,.T.);
#1106=EDGE_CURVE('',#1411,#1412,#1588,.F.);
#1107=EDGE_CURVE('',#1412,#1360,#200,.T.);
#1108=EDGE_CURVE('',#1413,#1361,#1589,.T.);
#1109=EDGE_CURVE('',#1413,#1414,#201,.T.);
#1110=EDGE_CURVE('',#1414,#1415,#1590,.F.);
#1111=EDGE_CURVE('',#1415,#1364,#202,.T.);
#1112=EDGE_CURVE('',#1416,#1365,#1591,.T.);
#1113=EDGE_CURVE('',#1416,#1417,#203,.T.);
#1114=EDGE_CURVE('',#1417,#1418,#1592,.F.);
#1115=EDGE_CURVE('',#1418,#1368,#204,.T.);
#1116=EDGE_CURVE('',#1419,#1369,#1593,.T.);
#1117=EDGE_CURVE('',#1419,#1420,#205,.T.);
#1118=EDGE_CURVE('',#1420,#1421,#1594,.F.);
#1119=EDGE_CURVE('',#1421,#1372,#206,.T.);
#1120=EDGE_CURVE('',#1422,#1373,#1595,.T.);
#1121=EDGE_CURVE('',#1422,#1423,#207,.T.);
#1122=EDGE_CURVE('',#1423,#1424,#1596,.F.);
#1123=EDGE_CURVE('',#1424,#1376,#208,.T.);
#1124=EDGE_CURVE('',#1425,#1377,#1597,.T.);
#1125=EDGE_CURVE('',#1425,#1426,#209,.T.);
#1126=EDGE_CURVE('',#1426,#1427,#1598,.F.);
#1127=EDGE_CURVE('',#1427,#1380,#210,.T.);
#1128=EDGE_CURVE('',#1428,#1381,#1599,.T.);
#1129=EDGE_CURVE('',#1428,#1429,#211,.T.);
#1130=EDGE_CURVE('',#1429,#1430,#1600,.F.);
#1131=EDGE_CURVE('',#1430,#1384,#212,.T.);
#1132=EDGE_CURVE('',#1407,#1385,#1601,.T.);
#1133=EDGE_CURVE('',#1431,#1431,#1602,.T.);
#1134=EDGE_CURVE('',#1432,#1433,#213,.T.);
#1135=EDGE_CURVE('',#1432,#1434,#214,.T.);
#1136=EDGE_CURVE('',#1435,#1434,#215,.T.);
#1137=EDGE_CURVE('',#1433,#1435,#216,.T.);
#1138=EDGE_CURVE('',#1433,#1436,#217,.T.);
#1139=EDGE_CURVE('',#1437,#1435,#218,.T.);
#1140=EDGE_CURVE('',#1438,#1437,#219,.T.);
#1141=EDGE_CURVE('',#1439,#1438,#60,.T.);
#1142=EDGE_CURVE('',#1439,#1436,#220,.T.);
#1143=EDGE_CURVE('',#1440,#1432,#221,.T.);
#1144=EDGE_CURVE('',#1440,#1441,#222,.T.);
#1145=EDGE_CURVE('',#1441,#1442,#223,.T.);
#1146=EDGE_CURVE('',#1443,#1442,#224,.T.);
#1147=EDGE_CURVE('',#1434,#1443,#225,.T.);
#1148=EDGE_CURVE('',#1441,#1444,#61,.T.);
#1149=EDGE_CURVE('',#1444,#1445,#226,.T.);
#1150=EDGE_CURVE('',#1442,#1445,#227,.T.);
#1151=EDGE_CURVE('',#1446,#1438,#228,.T.);
#1152=EDGE_CURVE('',#1446,#1447,#229,.T.);
#1153=EDGE_CURVE('',#1447,#1439,#62,.T.);
#1154=EDGE_CURVE('',#1436,#1440,#1603,.F.);
#1155=EDGE_CURVE('',#1447,#1409,#230,.T.);
#1156=EDGE_CURVE('',#1385,#1444,#231,.T.);
#1157=EDGE_CURVE('',#1437,#1443,#1604,.F.);
#1158=EDGE_CURVE('',#1445,#1387,#232,.T.);
#1159=EDGE_CURVE('',#1356,#1446,#233,.T.);
#1160=EDGE_CURVE('',#1448,#1449,#234,.T.);
#1161=EDGE_CURVE('',#1448,#1450,#235,.T.);
#1162=EDGE_CURVE('',#1451,#1450,#236,.T.);
#1163=EDGE_CURVE('',#1449,#1451,#237,.T.);
#1164=EDGE_CURVE('',#1449,#1452,#238,.T.);
#1165=EDGE_CURVE('',#1453,#1451,#239,.T.);
#1166=EDGE_CURVE('',#1454,#1453,#240,.T.);
#1167=EDGE_CURVE('',#1455,#1454,#63,.T.);
#1168=EDGE_CURVE('',#1455,#1452,#241,.T.);
#1169=EDGE_CURVE('',#1456,#1448,#242,.T.);
#1170=EDGE_CURVE('',#1456,#1457,#243,.T.);
#1171=EDGE_CURVE('',#1457,#1458,#244,.T.);
#1172=EDGE_CURVE('',#1459,#1458,#245,.T.);
#1173=EDGE_CURVE('',#1450,#1459,#246,.T.);
#1174=EDGE_CURVE('',#1457,#1460,#64,.T.);
#1175=EDGE_CURVE('',#1460,#1461,#247,.T.);
#1176=EDGE_CURVE('',#1458,#1461,#248,.T.);
#1177=EDGE_CURVE('',#1462,#1454,#249,.T.);
#1178=EDGE_CURVE('',#1462,#1463,#250,.T.);
#1179=EDGE_CURVE('',#1463,#1455,#65,.T.);
#1180=EDGE_CURVE('',#1452,#1456,#1605,.F.);
#1181=EDGE_CURVE('',#1463,#1430,#251,.T.);
#1182=EDGE_CURVE('',#1381,#1460,#252,.T.);
#1183=EDGE_CURVE('',#1453,#1459,#1606,.F.);
#1184=EDGE_CURVE('',#1461,#1383,#253,.T.);
#1185=EDGE_CURVE('',#1386,#1462,#254,.T.);
#1186=EDGE_CURVE('',#1464,#1465,#255,.T.);
#1187=EDGE_CURVE('',#1464,#1466,#256,.T.);
#1188=EDGE_CURVE('',#1467,#1466,#257,.T.);
#1189=EDGE_CURVE('',#1465,#1467,#258,.T.);
#1190=EDGE_CURVE('',#1465,#1468,#259,.T.);
#1191=EDGE_CURVE('',#1469,#1467,#260,.T.);
#1192=EDGE_CURVE('',#1470,#1469,#261,.T.);
#1193=EDGE_CURVE('',#1471,#1470,#66,.T.);
#1194=EDGE_CURVE('',#1471,#1468,#262,.T.);
#1195=EDGE_CURVE('',#1472,#1464,#263,.T.);
#1196=EDGE_CURVE('',#1472,#1473,#264,.T.);
#1197=EDGE_CURVE('',#1473,#1474,#265,.T.);
#1198=EDGE_CURVE('',#1475,#1474,#266,.T.);
#1199=EDGE_CURVE('',#1466,#1475,#267,.T.);
#1200=EDGE_CURVE('',#1473,#1476,#67,.T.);
#1201=EDGE_CURVE('',#1476,#1477,#268,.T.);
#1202=EDGE_CURVE('',#1474,#1477,#269,.T.);
#1203=EDGE_CURVE('',#1478,#1470,#270,.T.);
#1204=EDGE_CURVE('',#1478,#1479,#271,.T.);
#1205=EDGE_CURVE('',#1479,#1471,#68,.T.);
#1206=EDGE_CURVE('',#1468,#1472,#1607,.F.);
#1207=EDGE_CURVE('',#1479,#1427,#272,.T.);
#1208=EDGE_CURVE('',#1377,#1476,#273,.T.);
#1209=EDGE_CURVE('',#1469,#1475,#1608,.F.);
#1210=EDGE_CURVE('',#1477,#1379,#274,.T.);
#1211=EDGE_CURVE('',#1382,#1478,#275,.T.);
#1212=EDGE_CURVE('',#1480,#1481,#276,.T.);
#1213=EDGE_CURVE('',#1480,#1482,#277,.T.);
#1214=EDGE_CURVE('',#1483,#1482,#278,.T.);
#1215=EDGE_CURVE('',#1481,#1483,#279,.T.);
#1216=EDGE_CURVE('',#1481,#1484,#280,.T.);
#1217=EDGE_CURVE('',#1485,#1483,#281,.T.);
#1218=EDGE_CURVE('',#1486,#1485,#282,.T.);
#1219=EDGE_CURVE('',#1487,#1486,#69,.T.);
#1220=EDGE_CURVE('',#1487,#1484,#283,.T.);
#1221=EDGE_CURVE('',#1488,#1480,#284,.T.);
#1222=EDGE_CURVE('',#1488,#1489,#285,.T.);
#1223=EDGE_CURVE('',#1489,#1490,#286,.T.);
#1224=EDGE_CURVE('',#1491,#1490,#287,.T.);
#1225=EDGE_CURVE('',#1482,#1491,#288,.T.);
#1226=EDGE_CURVE('',#1489,#1492,#70,.T.);
#1227=EDGE_CURVE('',#1492,#1493,#289,.T.);
#1228=EDGE_CURVE('',#1490,#1493,#290,.T.);
#1229=EDGE_CURVE('',#1494,#1486,#291,.T.);
#1230=EDGE_CURVE('',#1494,#1495,#292,.T.);
#1231=EDGE_CURVE('',#1495,#1487,#71,.T.);
#1232=EDGE_CURVE('',#1484,#1488,#1609,.F.);
#1233=EDGE_CURVE('',#1495,#1424,#293,.T.);
#1234=EDGE_CURVE('',#1373,#1492,#294,.T.);
#1235=EDGE_CURVE('',#1485,#1491,#1610,.F.);
#1236=EDGE_CURVE('',#1493,#1375,#295,.T.);
#1237=EDGE_CURVE('',#1378,#1494,#296,.T.);
#1238=EDGE_CURVE('',#1496,#1497,#297,.T.);
#1239=EDGE_CURVE('',#1496,#1498,#298,.T.);
#1240=EDGE_CURVE('',#1499,#1498,#299,.T.);
#1241=EDGE_CURVE('',#1497,#1499,#300,.T.);
#1242=EDGE_CURVE('',#1497,#1500,#301,.T.);
#1243=EDGE_CURVE('',#1501,#1499,#302,.T.);
#1244=EDGE_CURVE('',#1502,#1501,#303,.T.);
#1245=EDGE_CURVE('',#1503,#1502,#72,.T.);
#1246=EDGE_CURVE('',#1503,#1500,#304,.T.);
#1247=EDGE_CURVE('',#1504,#1496,#305,.T.);
#1248=EDGE_CURVE('',#1504,#1505,#306,.T.);
#1249=EDGE_CURVE('',#1505,#1506,#307,.T.);
#1250=EDGE_CURVE('',#1507,#1506,#308,.T.);
#1251=EDGE_CURVE('',#1498,#1507,#309,.T.);
#1252=EDGE_CURVE('',#1505,#1508,#73,.T.);
#1253=EDGE_CURVE('',#1508,#1509,#310,.T.);
#1254=EDGE_CURVE('',#1506,#1509,#311,.T.);
#1255=EDGE_CURVE('',#1510,#1502,#312,.T.);
#1256=EDGE_CURVE('',#1510,#1511,#313,.T.);
#1257=EDGE_CURVE('',#1511,#1503,#74,.T.);
#1258=EDGE_CURVE('',#1500,#1504,#1611,.F.);
#1259=EDGE_CURVE('',#1511,#1421,#314,.T.);
#1260=EDGE_CURVE('',#1369,#1508,#315,.T.);
#1261=EDGE_CURVE('',#1501,#1507,#1612,.F.);
#1262=EDGE_CURVE('',#1509,#1371,#316,.T.);
#1263=EDGE_CURVE('',#1374,#1510,#317,.T.);
#1264=EDGE_CURVE('',#1512,#1513,#318,.T.);
#1265=EDGE_CURVE('',#1512,#1514,#319,.T.);
#1266=EDGE_CURVE('',#1515,#1514,#320,.T.);
#1267=EDGE_CURVE('',#1513,#1515,#321,.T.);
#1268=EDGE_CURVE('',#1513,#1516,#322,.T.);
#1269=EDGE_CURVE('',#1517,#1515,#323,.T.);
#1270=EDGE_CURVE('',#1518,#1517,#324,.T.);
#1271=EDGE_CURVE('',#1519,#1518,#75,.T.);
#1272=EDGE_CURVE('',#1519,#1516,#325,.T.);
#1273=EDGE_CURVE('',#1520,#1512,#326,.T.);
#1274=EDGE_CURVE('',#1520,#1521,#327,.T.);
#1275=EDGE_CURVE('',#1521,#1522,#328,.T.);
#1276=EDGE_CURVE('',#1523,#1522,#329,.T.);
#1277=EDGE_CURVE('',#1514,#1523,#330,.T.);
#1278=EDGE_CURVE('',#1521,#1524,#76,.T.);
#1279=EDGE_CURVE('',#1524,#1525,#331,.T.);
#1280=EDGE_CURVE('',#1522,#1525,#332,.T.);
#1281=EDGE_CURVE('',#1526,#1518,#333,.T.);
#1282=EDGE_CURVE('',#1526,#1527,#334,.T.);
#1283=EDGE_CURVE('',#1527,#1519,#77,.T.);
#1284=EDGE_CURVE('',#1516,#1520,#1613,.F.);
#1285=EDGE_CURVE('',#1527,#1418,#335,.T.);
#1286=EDGE_CURVE('',#1365,#1524,#336,.T.);
#1287=EDGE_CURVE('',#1517,#1523,#1614,.F.);
#1288=EDGE_CURVE('',#1525,#1367,#337,.T.);
#1289=EDGE_CURVE('',#1370,#1526,#338,.T.);
#1290=EDGE_CURVE('',#1528,#1529,#339,.T.);
#1291=EDGE_CURVE('',#1528,#1530,#340,.T.);
#1292=EDGE_CURVE('',#1531,#1530,#341,.T.);
#1293=EDGE_CURVE('',#1529,#1531,#342,.T.);
#1294=EDGE_CURVE('',#1529,#1532,#343,.T.);
#1295=EDGE_CURVE('',#1533,#1531,#344,.T.);
#1296=EDGE_CURVE('',#1534,#1533,#345,.T.);
#1297=EDGE_CURVE('',#1535,#1534,#78,.T.);
#1298=EDGE_CURVE('',#1535,#1532,#346,.T.);
#1299=EDGE_CURVE('',#1536,#1528,#347,.T.);
#1300=EDGE_CURVE('',#1536,#1537,#348,.T.);
#1301=EDGE_CURVE('',#1537,#1538,#349,.T.);
#1302=EDGE_CURVE('',#1539,#1538,#350,.T.);
#1303=EDGE_CURVE('',#1530,#1539,#351,.T.);
#1304=EDGE_CURVE('',#1537,#1540,#79,.T.);
#1305=EDGE_CURVE('',#1540,#1541,#352,.T.);
#1306=EDGE_CURVE('',#1538,#1541,#353,.T.);
#1307=EDGE_CURVE('',#1542,#1534,#354,.T.);
#1308=EDGE_CURVE('',#1542,#1543,#355,.T.);
#1309=EDGE_CURVE('',#1543,#1535,#80,.T.);
#1310=EDGE_CURVE('',#1532,#1536,#1615,.F.);
#1311=EDGE_CURVE('',#1543,#1415,#356,.T.);
#1312=EDGE_CURVE('',#1361,#1540,#357,.T.);
#1313=EDGE_CURVE('',#1533,#1539,#1616,.F.);
#1314=EDGE_CURVE('',#1541,#1363,#358,.T.);
#1315=EDGE_CURVE('',#1366,#1542,#359,.T.);
#1316=EDGE_CURVE('',#1544,#1545,#360,.T.);
#1317=EDGE_CURVE('',#1544,#1546,#361,.T.);
#1318=EDGE_CURVE('',#1547,#1546,#362,.T.);
#1319=EDGE_CURVE('',#1545,#1547,#363,.T.);
#1320=EDGE_CURVE('',#1545,#1548,#364,.T.);
#1321=EDGE_CURVE('',#1549,#1547,#365,.T.);
#1322=EDGE_CURVE('',#1550,#1549,#366,.T.);
#1323=EDGE_CURVE('',#1551,#1550,#81,.T.);
#1324=EDGE_CURVE('',#1551,#1548,#367,.T.);
#1325=EDGE_CURVE('',#1552,#1544,#368,.T.);
#1326=EDGE_CURVE('',#1552,#1553,#369,.T.);
#1327=EDGE_CURVE('',#1553,#1554,#370,.T.);
#1328=EDGE_CURVE('',#1555,#1554,#371,.T.);
#1329=EDGE_CURVE('',#1546,#1555,#372,.T.);
#1330=EDGE_CURVE('',#1553,#1556,#82,.T.);
#1331=EDGE_CURVE('',#1556,#1557,#373,.T.);
#1332=EDGE_CURVE('',#1554,#1557,#374,.T.);
#1333=EDGE_CURVE('',#1558,#1550,#375,.T.);
#1334=EDGE_CURVE('',#1558,#1559,#376,.T.);
#1335=EDGE_CURVE('',#1559,#1551,#83,.T.);
#1336=EDGE_CURVE('',#1548,#1552,#1617,.F.);
#1337=EDGE_CURVE('',#1559,#1412,#377,.T.);
#1338=EDGE_CURVE('',#1358,#1556,#378,.T.);
#1339=EDGE_CURVE('',#1549,#1555,#1618,.F.);
#1340=EDGE_CURVE('',#1557,#1357,#379,.T.);
#1341=EDGE_CURVE('',#1362,#1558,#380,.T.);
#1342=EDGE_CURVE('',#1388,#1560,#84,.T.);
#1343=EDGE_CURVE('',#1560,#1561,#1619,.T.);
#1344=EDGE_CURVE('',#1389,#1561,#85,.T.);
#1345=EDGE_CURVE('',#1560,#1561,#86,.T.);
#1346=EDGE_CURVE('',#1562,#1562,#1620,.T.);
#1347=EDGE_CURVE('',#1563,#1563,#1621,.T.);
#1348=EDGE_CURVE('',#1564,#1565,#1622,.T.);
#1349=EDGE_CURVE('',#1565,#1564,#381,.T.);
#1350=EDGE_CURVE('',#1564,#1355,#382,.T.);
#1351=EDGE_CURVE('',#1354,#1565,#383,.T.);
#1352=VERTEX_POINT('',#2410);
#1353=VERTEX_POINT('',#2412);
#1354=VERTEX_POINT('',#2418);
#1355=VERTEX_POINT('',#2419);
#1356=VERTEX_POINT('',#2429);
#1357=VERTEX_POINT('',#2430);
#1358=VERTEX_POINT('',#2439);
#1359=VERTEX_POINT('',#2441);
#1360=VERTEX_POINT('',#2452);
#1361=VERTEX_POINT('',#2453);
#1362=VERTEX_POINT('',#2462);
#1363=VERTEX_POINT('',#2464);
#1364=VERTEX_POINT('',#2475);
#1365=VERTEX_POINT('',#2476);
#1366=VERTEX_POINT('',#2485);
#1367=VERTEX_POINT('',#2487);
#1368=VERTEX_POINT('',#2498);
#1369=VERTEX_POINT('',#2499);
#1370=VERTEX_POINT('',#2508);
#1371=VERTEX_POINT('',#2510);
#1372=VERTEX_POINT('',#2521);
#1373=VERTEX_POINT('',#2522);
#1374=VERTEX_POINT('',#2531);
#1375=VERTEX_POINT('',#2533);
#1376=VERTEX_POINT('',#2544);
#1377=VERTEX_POINT('',#2545);
#1378=VERTEX_POINT('',#2554);
#1379=VERTEX_POINT('',#2556);
#1380=VERTEX_POINT('',#2567);
#1381=VERTEX_POINT('',#2568);
#1382=VERTEX_POINT('',#2577);
#1383=VERTEX_POINT('',#2579);
#1384=VERTEX_POINT('',#2590);
#1385=VERTEX_POINT('',#2591);
#1386=VERTEX_POINT('',#2600);
#1387=VERTEX_POINT('',#2602);
#1388=VERTEX_POINT('',#2613);
#1389=VERTEX_POINT('',#2614);
#1390=VERTEX_POINT('',#2620);
#1391=VERTEX_POINT('',#2621);
#1392=VERTEX_POINT('',#2630);
#1393=VERTEX_POINT('',#2636);
#1394=VERTEX_POINT('',#2645);
#1395=VERTEX_POINT('',#2651);
#1396=VERTEX_POINT('',#2660);
#1397=VERTEX_POINT('',#2666);
#1398=VERTEX_POINT('',#2675);
#1399=VERTEX_POINT('',#2681);
#1400=VERTEX_POINT('',#2690);
#1401=VERTEX_POINT('',#2696);
#1402=VERTEX_POINT('',#2705);
#1403=VERTEX_POINT('',#2711);
#1404=VERTEX_POINT('',#2720);
#1405=VERTEX_POINT('',#2726);
#1406=VERTEX_POINT('',#2755);
#1407=VERTEX_POINT('',#2760);
#1408=VERTEX_POINT('',#2761);
#1409=VERTEX_POINT('',#2763);
#1410=VERTEX_POINT('',#2769);
#1411=VERTEX_POINT('',#2775);
#1412=VERTEX_POINT('',#2777);
#1413=VERTEX_POINT('',#2783);
#1414=VERTEX_POINT('',#2789);
#1415=VERTEX_POINT('',#2791);
#1416=VERTEX_POINT('',#2797);
#1417=VERTEX_POINT('',#2803);
#1418=VERTEX_POINT('',#2805);
#1419=VERTEX_POINT('',#2811);
#1420=VERTEX_POINT('',#2817);
#1421=VERTEX_POINT('',#2819);
#1422=VERTEX_POINT('',#2825);
#1423=VERTEX_POINT('',#2831);
#1424=VERTEX_POINT('',#2833);
#1425=VERTEX_POINT('',#2839);
#1426=VERTEX_POINT('',#2845);
#1427=VERTEX_POINT('',#2847);
#1428=VERTEX_POINT('',#2853);
#1429=VERTEX_POINT('',#2859);
#1430=VERTEX_POINT('',#2861);
#1431=VERTEX_POINT('',#2868);
#1432=VERTEX_POINT('',#2927);
#1433=VERTEX_POINT('',#2928);
#1434=VERTEX_POINT('',#2944);
#1435=VERTEX_POINT('',#2949);
#1436=VERTEX_POINT('',#3209);
#1437=VERTEX_POINT('',#3214);
#1438=VERTEX_POINT('',#3219);
#1439=VERTEX_POINT('',#3221);
#1440=VERTEX_POINT('',#3500);
#1441=VERTEX_POINT('',#3505);
#1442=VERTEX_POINT('',#3521);
#1443=VERTEX_POINT('',#3526);
#1444=VERTEX_POINT('',#3533);
#1445=VERTEX_POINT('',#3543);
#1446=VERTEX_POINT('',#3553);
#1447=VERTEX_POINT('',#3569);
#1448=VERTEX_POINT('',#3651);
#1449=VERTEX_POINT('',#3652);
#1450=VERTEX_POINT('',#3668);
#1451=VERTEX_POINT('',#3673);
#1452=VERTEX_POINT('',#3933);
#1453=VERTEX_POINT('',#3938);
#1454=VERTEX_POINT('',#3943);
#1455=VERTEX_POINT('',#3945);
#1456=VERTEX_POINT('',#4224);
#1457=VERTEX_POINT('',#4229);
#1458=VERTEX_POINT('',#4245);
#1459=VERTEX_POINT('',#4250);
#1460=VERTEX_POINT('',#4257);
#1461=VERTEX_POINT('',#4267);
#1462=VERTEX_POINT('',#4277);
#1463=VERTEX_POINT('',#4293);
#1464=VERTEX_POINT('',#4375);
#1465=VERTEX_POINT('',#4376);
#1466=VERTEX_POINT('',#4392);
#1467=VERTEX_POINT('',#4397);
#1468=VERTEX_POINT('',#4657);
#1469=VERTEX_POINT('',#4662);
#1470=VERTEX_POINT('',#4667);
#1471=VERTEX_POINT('',#4669);
#1472=VERTEX_POINT('',#4948);
#1473=VERTEX_POINT('',#4953);
#1474=VERTEX_POINT('',#4969);
#1475=VERTEX_POINT('',#4974);
#1476=VERTEX_POINT('',#4981);
#1477=VERTEX_POINT('',#4991);
#1478=VERTEX_POINT('',#5001);
#1479=VERTEX_POINT('',#5017);
#1480=VERTEX_POINT('',#5099);
#1481=VERTEX_POINT('',#5100);
#1482=VERTEX_POINT('',#5116);
#1483=VERTEX_POINT('',#5121);
#1484=VERTEX_POINT('',#5381);
#1485=VERTEX_POINT('',#5386);
#1486=VERTEX_POINT('',#5391);
#1487=VERTEX_POINT('',#5393);
#1488=VERTEX_POINT('',#5672);
#1489=VERTEX_POINT('',#5677);
#1490=VERTEX_POINT('',#5693);
#1491=VERTEX_POINT('',#5698);
#1492=VERTEX_POINT('',#5705);
#1493=VERTEX_POINT('',#5715);
#1494=VERTEX_POINT('',#5725);
#1495=VERTEX_POINT('',#5741);
#1496=VERTEX_POINT('',#5823);
#1497=VERTEX_POINT('',#5824);
#1498=VERTEX_POINT('',#5840);
#1499=VERTEX_POINT('',#5845);
#1500=VERTEX_POINT('',#6105);
#1501=VERTEX_POINT('',#6110);
#1502=VERTEX_POINT('',#6115);
#1503=VERTEX_POINT('',#6117);
#1504=VERTEX_POINT('',#6396);
#1505=VERTEX_POINT('',#6401);
#1506=VERTEX_POINT('',#6417);
#1507=VERTEX_POINT('',#6422);
#1508=VERTEX_POINT('',#6429);
#1509=VERTEX_POINT('',#6439);
#1510=VERTEX_POINT('',#6449);
#1511=VERTEX_POINT('',#6465);
#1512=VERTEX_POINT('',#6547);
#1513=VERTEX_POINT('',#6548);
#1514=VERTEX_POINT('',#6564);
#1515=VERTEX_POINT('',#6569);
#1516=VERTEX_POINT('',#6829);
#1517=VERTEX_POINT('',#6834);
#1518=VERTEX_POINT('',#6839);
#1519=VERTEX_POINT('',#6841);
#1520=VERTEX_POINT('',#7120);
#1521=VERTEX_POINT('',#7125);
#1522=VERTEX_POINT('',#7141);
#1523=VERTEX_POINT('',#7146);
#1524=VERTEX_POINT('',#7153);
#1525=VERTEX_POINT('',#7163);
#1526=VERTEX_POINT('',#7173);
#1527=VERTEX_POINT('',#7189);
#1528=VERTEX_POINT('',#7271);
#1529=VERTEX_POINT('',#7272);
#1530=VERTEX_POINT('',#7288);
#1531=VERTEX_POINT('',#7293);
#1532=VERTEX_POINT('',#7553);
#1533=VERTEX_POINT('',#7558);
#1534=VERTEX_POINT('',#7563);
#1535=VERTEX_POINT('',#7565);
#1536=VERTEX_POINT('',#7844);
#1537=VERTEX_POINT('',#7849);
#1538=VERTEX_POINT('',#7865);
#1539=VERTEX_POINT('',#7870);
#1540=VERTEX_POINT('',#7877);
#1541=VERTEX_POINT('',#7887);
#1542=VERTEX_POINT('',#7897);
#1543=VERTEX_POINT('',#7913);
#1544=VERTEX_POINT('',#7995);
#1545=VERTEX_POINT('',#7996);
#1546=VERTEX_POINT('',#8012);
#1547=VERTEX_POINT('',#8017);
#1548=VERTEX_POINT('',#8277);
#1549=VERTEX_POINT('',#8282);
#1550=VERTEX_POINT('',#8287);
#1551=VERTEX_POINT('',#8289);
#1552=VERTEX_POINT('',#8568);
#1553=VERTEX_POINT('',#8573);
#1554=VERTEX_POINT('',#8589);
#1555=VERTEX_POINT('',#8594);
#1556=VERTEX_POINT('',#8601);
#1557=VERTEX_POINT('',#8611);
#1558=VERTEX_POINT('',#8621);
#1559=VERTEX_POINT('',#8637);
#1560=VERTEX_POINT('',#8855);
#1561=VERTEX_POINT('',#8857);
#1562=VERTEX_POINT('',#8862);
#1563=VERTEX_POINT('',#8866);
#1564=VERTEX_POINT('',#8869);
#1565=VERTEX_POINT('',#8870);
#1566=CIRCLE('',#2000,0.00265);
#1567=CIRCLE('',#2001,0.00265);
#1568=CIRCLE('',#2006,0.0025);
#1569=CIRCLE('',#2008,0.00351332259808998);
#1570=CIRCLE('',#2009,0.00423807633602642);
#1571=CIRCLE('',#2011,0.00423807633602642);
#1572=CIRCLE('',#2012,0.00351332259808998);
#1573=CIRCLE('',#2014,0.00423807633602642);
#1574=CIRCLE('',#2015,0.00351332259808998);
#1575=CIRCLE('',#2017,0.00423807633602642);
#1576=CIRCLE('',#2018,0.00351332259808998);
#1577=CIRCLE('',#2020,0.00423807633602642);
#1578=CIRCLE('',#2021,0.00351332259808998);
#1579=CIRCLE('',#2023,0.00423807633602642);
#1580=CIRCLE('',#2024,0.00351332259808998);
#1581=CIRCLE('',#2026,0.00423807633602642);
#1582=CIRCLE('',#2027,0.00351332259808998);
#1583=CIRCLE('',#2029,0.00423807633602642);
#1584=CIRCLE('',#2030,0.00351332259808998);
#1585=CIRCLE('',#2032,0.00265);
#1586=CIRCLE('',#2034,0.00423807633602642);
#1587=CIRCLE('',#2035,0.00423807633602642);
#1588=CIRCLE('',#2036,0.00423807633602642);
#1589=CIRCLE('',#2037,0.00423807633602642);
#1590=CIRCLE('',#2038,0.00423807633602642);
#1591=CIRCLE('',#2039,0.00423807633602642);
#1592=CIRCLE('',#2040,0.00423807633602642);
#1593=CIRCLE('',#2041,0.00423807633602642);
#1594=CIRCLE('',#2042,0.00423807633602642);
#1595=CIRCLE('',#2043,0.00423807633602642);
#1596=CIRCLE('',#2044,0.00423807633602642);
#1597=CIRCLE('',#2045,0.00423807633602642);
#1598=CIRCLE('',#2046,0.00423807633602642);
#1599=CIRCLE('',#2047,0.00423807633602642);
#1600=CIRCLE('',#2048,0.00423807633602642);
#1601=CIRCLE('',#2049,0.00423807633602642);
#1602=CIRCLE('',#2050,0.00423807633602642);
#1603=CIRCLE('',#2054,0.00677666880505435);
#1604=CIRCLE('',#2056,0.00536712093536538);
#1605=CIRCLE('',#2062,0.00677666880505435);
#1606=CIRCLE('',#2064,0.00536712093536538);
#1607=CIRCLE('',#2070,0.00677666880505435);
#1608=CIRCLE('',#2072,0.00536712093536538);
#1609=CIRCLE('',#2078,0.00677666880505435);
#1610=CIRCLE('',#2080,0.00536712093536538);
#1611=CIRCLE('',#2086,0.00677666880505435);
#1612=CIRCLE('',#2088,0.00536712093536538);
#1613=CIRCLE('',#2094,0.00677666880505435);
#1614=CIRCLE('',#2096,0.00536712093536538);
#1615=CIRCLE('',#2102,0.00677666880505435);
#1616=CIRCLE('',#2104,0.00536712093536538);
#1617=CIRCLE('',#2110,0.00677666880505435);
#1618=CIRCLE('',#2112,0.00536712093536538);
#1619=CIRCLE('',#2116,0.00265);
#1620=CIRCLE('',#2118,0.0015);
#1621=CIRCLE('',#2121,0.0015);
#1622=CIRCLE('',#2123,0.0025);
#1623=EDGE_LOOP('',(#410));
#1624=EDGE_LOOP('',(#411));
#1625=EDGE_LOOP('',(#412));
#1626=EDGE_LOOP('',(#413));
#1627=EDGE_LOOP('',(#414,#415));
#1628=EDGE_LOOP('',(#416,#417,#418,#419));
#1629=EDGE_LOOP('',(#420,#421,#422,#423));
#1630=EDGE_LOOP('',(#424,#425,#426,#427));
#1631=EDGE_LOOP('',(#428,#429,#430,#431));
#1632=EDGE_LOOP('',(#432,#433,#434,#435));
#1633=EDGE_LOOP('',(#436,#437,#438,#439));
#1634=EDGE_LOOP('',(#440,#441,#442,#443));
#1635=EDGE_LOOP('',(#444,#445,#446,#447));
#1636=EDGE_LOOP('',(#448,#449));
#1637=EDGE_LOOP('',(#450,#451,#452,#453,#454,#455,#456,#457,#458,#459,#460,
#461,#462,#463,#464,#465,#466,#467,#468,#469,#470,#471,#472,#473,#474,#475,
#476,#477,#478,#479,#480,#481));
#1638=EDGE_LOOP('',(#482));
#1639=EDGE_LOOP('',(#483,#484,#485,#486,#487,#488,#489,#490,#491,#492,#493,
#494,#495,#496,#497,#498,#499,#500,#501,#502,#503,#504,#505,#506,#507,#508,
#509,#510,#511,#512,#513,#514,#515,#516,#517,#518,#519,#520,#521,#522));
#1640=EDGE_LOOP('',(#523));
#1641=EDGE_LOOP('',(#524,#525,#526,#527));
#1642=EDGE_LOOP('',(#528,#529,#530,#531,#532,#533));
#1643=EDGE_LOOP('',(#534,#535,#536,#537,#538,#539));
#1644=EDGE_LOOP('',(#540,#541,#542,#543));
#1645=EDGE_LOOP('',(#544,#545,#546,#547));
#1646=EDGE_LOOP('',(#548,#549,#550,#551,#552,#553,#554,#555,#556,#557));
#1647=EDGE_LOOP('',(#558,#559,#560,#561,#562,#563,#564,#565,#566,#567));
#1648=EDGE_LOOP('',(#568,#569,#570,#571));
#1649=EDGE_LOOP('',(#572,#573,#574,#575));
#1650=EDGE_LOOP('',(#576,#577,#578,#579));
#1651=EDGE_LOOP('',(#580,#581,#582,#583,#584,#585));
#1652=EDGE_LOOP('',(#586,#587,#588,#589,#590,#591));
#1653=EDGE_LOOP('',(#592,#593,#594,#595));
#1654=EDGE_LOOP('',(#596,#597,#598,#599));
#1655=EDGE_LOOP('',(#600,#601,#602,#603,#604,#605,#606,#607,#608,#609));
#1656=EDGE_LOOP('',(#610,#611,#612,#613,#614,#615,#616,#617,#618,#619));
#1657=EDGE_LOOP('',(#620,#621,#622,#623));
#1658=EDGE_LOOP('',(#624,#625,#626,#627));
#1659=EDGE_LOOP('',(#628,#629,#630,#631));
#1660=EDGE_LOOP('',(#632,#633,#634,#635,#636,#637));
#1661=EDGE_LOOP('',(#638,#639,#640,#641,#642,#643));
#1662=EDGE_LOOP('',(#644,#645,#646,#647));
#1663=EDGE_LOOP('',(#648,#649,#650,#651));
#1664=EDGE_LOOP('',(#652,#653,#654,#655,#656,#657,#658,#659,#660,#661));
#1665=EDGE_LOOP('',(#662,#663,#664,#665,#666,#667,#668,#669,#670,#671));
#1666=EDGE_LOOP('',(#672,#673,#674,#675));
#1667=EDGE_LOOP('',(#676,#677,#678,#679));
#1668=EDGE_LOOP('',(#680,#681,#682,#683));
#1669=EDGE_LOOP('',(#684,#685,#686,#687,#688,#689));
#1670=EDGE_LOOP('',(#690,#691,#692,#693,#694,#695));
#1671=EDGE_LOOP('',(#696,#697,#698,#699));
#1672=EDGE_LOOP('',(#700,#701,#702,#703));
#1673=EDGE_LOOP('',(#704,#705,#706,#707,#708,#709,#710,#711,#712,#713));
#1674=EDGE_LOOP('',(#714,#715,#716,#717,#718,#719,#720,#721,#722,#723));
#1675=EDGE_LOOP('',(#724,#725,#726,#727));
#1676=EDGE_LOOP('',(#728,#729,#730,#731));
#1677=EDGE_LOOP('',(#732,#733,#734,#735));
#1678=EDGE_LOOP('',(#736,#737,#738,#739,#740,#741));
#1679=EDGE_LOOP('',(#742,#743,#744,#745,#746,#747));
#1680=EDGE_LOOP('',(#748,#749,#750,#751));
#1681=EDGE_LOOP('',(#752,#753,#754,#755));
#1682=EDGE_LOOP('',(#756,#757,#758,#759,#760,#761,#762,#763,#764,#765));
#1683=EDGE_LOOP('',(#766,#767,#768,#769,#770,#771,#772,#773,#774,#775));
#1684=EDGE_LOOP('',(#776,#777,#778,#779));
#1685=EDGE_LOOP('',(#780,#781,#782,#783));
#1686=EDGE_LOOP('',(#784,#785,#786,#787));
#1687=EDGE_LOOP('',(#788,#789,#790,#791,#792,#793));
#1688=EDGE_LOOP('',(#794,#795,#796,#797,#798,#799));
#1689=EDGE_LOOP('',(#800,#801,#802,#803));
#1690=EDGE_LOOP('',(#804,#805,#806,#807));
#1691=EDGE_LOOP('',(#808,#809,#810,#811,#812,#813,#814,#815,#816,#817));
#1692=EDGE_LOOP('',(#818,#819,#820,#821,#822,#823,#824,#825,#826,#827));
#1693=EDGE_LOOP('',(#828,#829,#830,#831));
#1694=EDGE_LOOP('',(#832,#833,#834,#835));
#1695=EDGE_LOOP('',(#836,#837,#838,#839));
#1696=EDGE_LOOP('',(#840,#841,#842,#843,#844,#845));
#1697=EDGE_LOOP('',(#846,#847,#848,#849,#850,#851));
#1698=EDGE_LOOP('',(#852,#853,#854,#855));
#1699=EDGE_LOOP('',(#856,#857,#858,#859));
#1700=EDGE_LOOP('',(#860,#861,#862,#863,#864,#865,#866,#867,#868,#869));
#1701=EDGE_LOOP('',(#870,#871,#872,#873,#874,#875,#876,#877,#878,#879));
#1702=EDGE_LOOP('',(#880,#881,#882,#883));
#1703=EDGE_LOOP('',(#884,#885,#886,#887));
#1704=EDGE_LOOP('',(#888,#889,#890,#891));
#1705=EDGE_LOOP('',(#892,#893,#894,#895,#896,#897));
#1706=EDGE_LOOP('',(#898,#899,#900,#901,#902,#903));
#1707=EDGE_LOOP('',(#904,#905,#906,#907));
#1708=EDGE_LOOP('',(#908,#909,#910,#911));
#1709=EDGE_LOOP('',(#912,#913,#914,#915,#916,#917,#918,#919,#920,#921));
#1710=EDGE_LOOP('',(#922,#923,#924,#925,#926,#927,#928,#929,#930,#931));
#1711=EDGE_LOOP('',(#932,#933,#934,#935));
#1712=EDGE_LOOP('',(#936,#937,#938,#939));
#1713=EDGE_LOOP('',(#940,#941,#942,#943));
#1714=EDGE_LOOP('',(#944,#945,#946,#947,#948));
#1715=EDGE_LOOP('',(#949,#950,#951,#952));
#1716=EDGE_LOOP('',(#953,#954,#955,#956,#957));
#1717=EDGE_LOOP('',(#958,#959,#960,#961));
#1718=EDGE_LOOP('',(#962,#963,#964,#965,#966));
#1719=EDGE_LOOP('',(#967,#968,#969,#970));
#1720=EDGE_LOOP('',(#971,#972,#973,#974,#975));
#1721=EDGE_LOOP('',(#976,#977,#978,#979));
#1722=EDGE_LOOP('',(#980,#981,#982,#983,#984));
#1723=EDGE_LOOP('',(#985,#986,#987,#988));
#1724=EDGE_LOOP('',(#989,#990,#991,#992,#993));
#1725=EDGE_LOOP('',(#994,#995,#996,#997));
#1726=EDGE_LOOP('',(#998,#999,#1000,#1001,#1002));
#1727=EDGE_LOOP('',(#1003,#1004,#1005,#1006));
#1728=EDGE_LOOP('',(#1007,#1008,#1009,#1010,#1011));
#1729=EDGE_LOOP('',(#1012,#1013,#1014,#1015));
#1730=EDGE_LOOP('',(#1016,#1017,#1018,#1019));
#1731=EDGE_LOOP('',(#1020));
#1732=EDGE_LOOP('',(#1021,#1022));
#1733=EDGE_LOOP('',(#1023));
#1734=EDGE_LOOP('',(#1024));
#1735=EDGE_LOOP('',(#1025));
#1736=EDGE_LOOP('',(#1026,#1027));
#1737=EDGE_LOOP('',(#1028));
#1738=EDGE_LOOP('',(#1029,#1030,#1031,#1032));
#1739=EDGE_LOOP('',(#1033,#1034,#1035,#1036));
#1740=EDGE_LOOP('',(#1037));
#1741=FACE_BOUND('',#1623,.T.);
#1742=FACE_BOUND('',#1624,.T.);
#1743=FACE_BOUND('',#1625,.T.);
#1744=FACE_BOUND('',#1626,.T.);
#1745=FACE_BOUND('',#1627,.T.);
#1746=FACE_BOUND('',#1628,.T.);
#1747=FACE_BOUND('',#1629,.T.);
#1748=FACE_BOUND('',#1630,.T.);
#1749=FACE_BOUND('',#1631,.T.);
#1750=FACE_BOUND('',#1632,.T.);
#1751=FACE_BOUND('',#1633,.T.);
#1752=FACE_BOUND('',#1634,.T.);
#1753=FACE_BOUND('',#1635,.T.);
#1754=FACE_BOUND('',#1636,.T.);
#1755=FACE_BOUND('',#1637,.T.);
#1756=FACE_BOUND('',#1638,.T.);
#1757=FACE_BOUND('',#1639,.T.);
#1758=FACE_BOUND('',#1640,.T.);
#1759=FACE_BOUND('',#1641,.T.);
#1760=FACE_BOUND('',#1642,.T.);
#1761=FACE_BOUND('',#1643,.T.);
#1762=FACE_BOUND('',#1644,.T.);
#1763=FACE_BOUND('',#1645,.T.);
#1764=FACE_BOUND('',#1646,.T.);
#1765=FACE_BOUND('',#1647,.T.);
#1766=FACE_BOUND('',#1648,.T.);
#1767=FACE_BOUND('',#1649,.T.);
#1768=FACE_BOUND('',#1650,.T.);
#1769=FACE_BOUND('',#1651,.T.);
#1770=FACE_BOUND('',#1652,.T.);
#1771=FACE_BOUND('',#1653,.T.);
#1772=FACE_BOUND('',#1654,.T.);
#1773=FACE_BOUND('',#1655,.T.);
#1774=FACE_BOUND('',#1656,.T.);
#1775=FACE_BOUND('',#1657,.T.);
#1776=FACE_BOUND('',#1658,.T.);
#1777=FACE_BOUND('',#1659,.T.);
#1778=FACE_BOUND('',#1660,.T.);
#1779=FACE_BOUND('',#1661,.T.);
#1780=FACE_BOUND('',#1662,.T.);
#1781=FACE_BOUND('',#1663,.T.);
#1782=FACE_BOUND('',#1664,.T.);
#1783=FACE_BOUND('',#1665,.T.);
#1784=FACE_BOUND('',#1666,.T.);
#1785=FACE_BOUND('',#1667,.T.);
#1786=FACE_BOUND('',#1668,.T.);
#1787=FACE_BOUND('',#1669,.T.);
#1788=FACE_BOUND('',#1670,.T.);
#1789=FACE_BOUND('',#1671,.T.);
#1790=FACE_BOUND('',#1672,.T.);
#1791=FACE_BOUND('',#1673,.T.);
#1792=FACE_BOUND('',#1674,.T.);
#1793=FACE_BOUND('',#1675,.T.);
#1794=FACE_BOUND('',#1676,.T.);
#1795=FACE_BOUND('',#1677,.T.);
#1796=FACE_BOUND('',#1678,.T.);
#1797=FACE_BOUND('',#1679,.T.);
#1798=FACE_BOUND('',#1680,.T.);
#1799=FACE_BOUND('',#1681,.T.);
#1800=FACE_BOUND('',#1682,.T.);
#1801=FACE_BOUND('',#1683,.T.);
#1802=FACE_BOUND('',#1684,.T.);
#1803=FACE_BOUND('',#1685,.T.);
#1804=FACE_BOUND('',#1686,.T.);
#1805=FACE_BOUND('',#1687,.T.);
#1806=FACE_BOUND('',#1688,.T.);
#1807=FACE_BOUND('',#1689,.T.);
#1808=FACE_BOUND('',#1690,.T.);
#1809=FACE_BOUND('',#1691,.T.);
#1810=FACE_BOUND('',#1692,.T.);
#1811=FACE_BOUND('',#1693,.T.);
#1812=FACE_BOUND('',#1694,.T.);
#1813=FACE_BOUND('',#1695,.T.);
#1814=FACE_BOUND('',#1696,.T.);
#1815=FACE_BOUND('',#1697,.T.);
#1816=FACE_BOUND('',#1698,.T.);
#1817=FACE_BOUND('',#1699,.T.);
#1818=FACE_BOUND('',#1700,.T.);
#1819=FACE_BOUND('',#1701,.T.);
#1820=FACE_BOUND('',#1702,.T.);
#1821=FACE_BOUND('',#1703,.T.);
#1822=FACE_BOUND('',#1704,.T.);
#1823=FACE_BOUND('',#1705,.T.);
#1824=FACE_BOUND('',#1706,.T.);
#1825=FACE_BOUND('',#1707,.T.);
#1826=FACE_BOUND('',#1708,.T.);
#1827=FACE_BOUND('',#1709,.T.);
#1828=FACE_BOUND('',#1710,.T.);
#1829=FACE_BOUND('',#1711,.T.);
#1830=FACE_BOUND('',#1712,.T.);
#1831=FACE_BOUND('',#1713,.T.);
#1832=FACE_BOUND('',#1714,.T.);
#1833=FACE_BOUND('',#1715,.T.);
#1834=FACE_BOUND('',#1716,.T.);
#1835=FACE_BOUND('',#1717,.T.);
#1836=FACE_BOUND('',#1718,.T.);
#1837=FACE_BOUND('',#1719,.T.);
#1838=FACE_BOUND('',#1720,.T.);
#1839=FACE_BOUND('',#1721,.T.);
#1840=FACE_BOUND('',#1722,.T.);
#1841=FACE_BOUND('',#1723,.T.);
#1842=FACE_BOUND('',#1724,.T.);
#1843=FACE_BOUND('',#1725,.T.);
#1844=FACE_BOUND('',#1726,.T.);
#1845=FACE_BOUND('',#1727,.T.);
#1846=FACE_BOUND('',#1728,.T.);
#1847=FACE_BOUND('',#1729,.T.);
#1848=FACE_BOUND('',#1730,.T.);
#1849=FACE_BOUND('',#1731,.T.);
#1850=FACE_BOUND('',#1732,.T.);
#1851=FACE_BOUND('',#1733,.T.);
#1852=FACE_BOUND('',#1734,.T.);
#1853=FACE_BOUND('',#1735,.T.);
#1854=FACE_BOUND('',#1736,.T.);
#1855=FACE_BOUND('',#1737,.T.);
#1856=FACE_BOUND('',#1738,.T.);
#1857=FACE_BOUND('',#1739,.T.);
#1858=FACE_BOUND('',#1740,.T.);
#1859=CYLINDRICAL_SURFACE('',#1999,0.00265);
#1860=CYLINDRICAL_SURFACE('',#2005,0.0025);
#1861=CYLINDRICAL_SURFACE('',#2033,0.00423807633602642);
#1862=CYLINDRICAL_SURFACE('',#2115,0.00265);
#1863=CYLINDRICAL_SURFACE('',#2120,0.0015);
#1864=CYLINDRICAL_SURFACE('',#2122,0.0025);
#1865=ADVANCED_FACE('',(#1741,#1742),#1859,.T.);
#1866=ADVANCED_FACE('',(#1743),#388,.T.);
#1867=ADVANCED_FACE('',(#1744),#389,.F.);
#1868=ADVANCED_FACE('',(#1745),#1860,.T.);
#1869=ADVANCED_FACE('',(#1746),#115,.T.);
#1870=ADVANCED_FACE('',(#1747),#116,.T.);
#1871=ADVANCED_FACE('',(#1748),#117,.T.);
#1872=ADVANCED_FACE('',(#1749),#118,.T.);
#1873=ADVANCED_FACE('',(#1750),#119,.T.);
#1874=ADVANCED_FACE('',(#1751),#120,.T.);
#1875=ADVANCED_FACE('',(#1752),#121,.T.);
#1876=ADVANCED_FACE('',(#1753),#122,.T.);
#1877=ADVANCED_FACE('',(#1754,#1755),#390,.F.);
#1878=ADVANCED_FACE('',(#1756,#1757,#1758),#1861,.T.);
#1879=ADVANCED_FACE('',(#1759),#35,.T.);
#1880=ADVANCED_FACE('',(#1760),#36,.T.);
#1881=ADVANCED_FACE('',(#1761),#37,.T.);
#1882=ADVANCED_FACE('',(#1762),#391,.T.);
#1883=ADVANCED_FACE('',(#1763),#392,.T.);
#1884=ADVANCED_FACE('',(#1764),#123,.T.);
#1885=ADVANCED_FACE('',(#1765),#124,.F.);
#1886=ADVANCED_FACE('',(#1766),#125,.T.);
#1887=ADVANCED_FACE('',(#1767),#126,.T.);
#1888=ADVANCED_FACE('',(#1768),#38,.T.);
#1889=ADVANCED_FACE('',(#1769),#39,.T.);
#1890=ADVANCED_FACE('',(#1770),#40,.T.);
#1891=ADVANCED_FACE('',(#1771),#393,.T.);
#1892=ADVANCED_FACE('',(#1772),#394,.T.);
#1893=ADVANCED_FACE('',(#1773),#127,.T.);
#1894=ADVANCED_FACE('',(#1774),#128,.F.);
#1895=ADVANCED_FACE('',(#1775),#129,.T.);
#1896=ADVANCED_FACE('',(#1776),#130,.T.);
#1897=ADVANCED_FACE('',(#1777),#41,.T.);
#1898=ADVANCED_FACE('',(#1778),#42,.T.);
#1899=ADVANCED_FACE('',(#1779),#43,.T.);
#1900=ADVANCED_FACE('',(#1780),#395,.T.);
#1901=ADVANCED_FACE('',(#1781),#396,.T.);
#1902=ADVANCED_FACE('',(#1782),#131,.T.);
#1903=ADVANCED_FACE('',(#1783),#132,.F.);
#1904=ADVANCED_FACE('',(#1784),#133,.T.);
#1905=ADVANCED_FACE('',(#1785),#134,.T.);
#1906=ADVANCED_FACE('',(#1786),#44,.T.);
#1907=ADVANCED_FACE('',(#1787),#45,.T.);
#1908=ADVANCED_FACE('',(#1788),#46,.T.);
#1909=ADVANCED_FACE('',(#1789),#397,.T.);
#1910=ADVANCED_FACE('',(#1790),#398,.T.);
#1911=ADVANCED_FACE('',(#1791),#135,.T.);
#1912=ADVANCED_FACE('',(#1792),#136,.F.);
#1913=ADVANCED_FACE('',(#1793),#137,.T.);
#1914=ADVANCED_FACE('',(#1794),#138,.T.);
#1915=ADVANCED_FACE('',(#1795),#47,.T.);
#1916=ADVANCED_FACE('',(#1796),#48,.T.);
#1917=ADVANCED_FACE('',(#1797),#49,.T.);
#1918=ADVANCED_FACE('',(#1798),#399,.T.);
#1919=ADVANCED_FACE('',(#1799),#400,.T.);
#1920=ADVANCED_FACE('',(#1800),#139,.T.);
#1921=ADVANCED_FACE('',(#1801),#140,.F.);
#1922=ADVANCED_FACE('',(#1802),#141,.T.);
#1923=ADVANCED_FACE('',(#1803),#142,.T.);
#1924=ADVANCED_FACE('',(#1804),#50,.T.);
#1925=ADVANCED_FACE('',(#1805),#51,.T.);
#1926=ADVANCED_FACE('',(#1806),#52,.T.);
#1927=ADVANCED_FACE('',(#1807),#401,.T.);
#1928=ADVANCED_FACE('',(#1808),#402,.T.);
#1929=ADVANCED_FACE('',(#1809),#143,.T.);
#1930=ADVANCED_FACE('',(#1810),#144,.F.);
#1931=ADVANCED_FACE('',(#1811),#145,.T.);
#1932=ADVANCED_FACE('',(#1812),#146,.T.);
#1933=ADVANCED_FACE('',(#1813),#53,.T.);
#1934=ADVANCED_FACE('',(#1814),#54,.T.);
#1935=ADVANCED_FACE('',(#1815),#55,.T.);
#1936=ADVANCED_FACE('',(#1816),#403,.T.);
#1937=ADVANCED_FACE('',(#1817),#404,.T.);
#1938=ADVANCED_FACE('',(#1818),#147,.T.);
#1939=ADVANCED_FACE('',(#1819),#148,.F.);
#1940=ADVANCED_FACE('',(#1820),#149,.T.);
#1941=ADVANCED_FACE('',(#1821),#150,.T.);
#1942=ADVANCED_FACE('',(#1822),#56,.T.);
#1943=ADVANCED_FACE('',(#1823),#57,.T.);
#1944=ADVANCED_FACE('',(#1824),#58,.T.);
#1945=ADVANCED_FACE('',(#1825),#405,.T.);
#1946=ADVANCED_FACE('',(#1826),#406,.T.);
#1947=ADVANCED_FACE('',(#1827),#151,.T.);
#1948=ADVANCED_FACE('',(#1828),#152,.F.);
#1949=ADVANCED_FACE('',(#1829),#153,.T.);
#1950=ADVANCED_FACE('',(#1830),#154,.T.);
#1951=ADVANCED_FACE('',(#1831),#18,.T.);
#1952=ADVANCED_FACE('',(#1832),#19,.T.);
#1953=ADVANCED_FACE('',(#1833),#20,.T.);
#1954=ADVANCED_FACE('',(#1834),#21,.T.);
#1955=ADVANCED_FACE('',(#1835),#22,.T.);
#1956=ADVANCED_FACE('',(#1836),#23,.T.);
#1957=ADVANCED_FACE('',(#1837),#24,.T.);
#1958=ADVANCED_FACE('',(#1838),#25,.T.);
#1959=ADVANCED_FACE('',(#1839),#26,.T.);
#1960=ADVANCED_FACE('',(#1840),#27,.T.);
#1961=ADVANCED_FACE('',(#1841),#28,.T.);
#1962=ADVANCED_FACE('',(#1842),#29,.T.);
#1963=ADVANCED_FACE('',(#1843),#30,.T.);
#1964=ADVANCED_FACE('',(#1844),#31,.T.);
#1965=ADVANCED_FACE('',(#1845),#32,.T.);
#1966=ADVANCED_FACE('',(#1846),#33,.T.);
#1967=ADVANCED_FACE('',(#1847),#1862,.F.);
#1968=ADVANCED_FACE('',(#1848,#1849),#407,.T.);
#1969=ADVANCED_FACE('',(#1850,#1851),#408,.F.);
#1970=ADVANCED_FACE('',(#1852,#1853),#1863,.F.);
#1971=ADVANCED_FACE('',(#1854),#1864,.T.);
#1972=ADVANCED_FACE('',(#1855,#1856),#409,.F.);
#1973=ADVANCED_FACE('',(#1857,#1858),#34,.F.);
#1974=CLOSED_SHELL('',(#1865,#1866,#1867));
#1975=CLOSED_SHELL('',(#1868,#1869,#1870,#1871,#1872,#1873,#1874,#1875,
#1876,#1877,#1878,#1879,#1880,#1881,#1882,#1883,#1884,#1885,#1886,#1887,
#1888,#1889,#1890,#1891,#1892,#1893,#1894,#1895,#1896,#1897,#1898,#1899,
#1900,#1901,#1902,#1903,#1904,#1905,#1906,#1907,#1908,#1909,#1910,#1911,
#1912,#1913,#1914,#1915,#1916,#1917,#1918,#1919,#1920,#1921,#1922,#1923,
#1924,#1925,#1926,#1927,#1928,#1929,#1930,#1931,#1932,#1933,#1934,#1935,
#1936,#1937,#1938,#1939,#1940,#1941,#1942,#1943,#1944,#1945,#1946,#1947,
#1948,#1949,#1950,#1951,#1952,#1953,#1954,#1955,#1956,#1957,#1958,#1959,
#1960,#1961,#1962,#1963,#1964,#1965,#1966,#1967,#1968,#1969,#1970,#1971,
#1972,#1973));
#1976=STYLED_ITEM('',(#1978),#1992);
#1977=STYLED_ITEM('',(#1979),#1993);
#1978=PRESENTATION_STYLE_ASSIGNMENT((#1980));
#1979=PRESENTATION_STYLE_ASSIGNMENT((#1981));
#1980=SURFACE_STYLE_USAGE(.BOTH.,#1982);
#1981=SURFACE_STYLE_USAGE(.BOTH.,#1983);
#1982=SURFACE_SIDE_STYLE('',(#1984));
#1983=SURFACE_SIDE_STYLE('',(#1985));
#1984=SURFACE_STYLE_FILL_AREA(#1986);
#1985=SURFACE_STYLE_FILL_AREA(#1987);
#1986=FILL_AREA_STYLE('',(#1988));
#1987=FILL_AREA_STYLE('',(#1989));
#1988=FILL_AREA_STYLE_COLOUR('',#1990);
#1989=FILL_AREA_STYLE_COLOUR('',#1991);
#1990=COLOUR_RGB('',0.647058823529412,0.647058823529412,0.647058823529412);
#1991=COLOUR_RGB('',0.615686274509804,0.811764705882353,0.929411764705882);
#1992=MANIFOLD_SOLID_BREP('Part 2',#1974);
#1993=MANIFOLD_SOLID_BREP('Bevel 1.5M 8T 20deg',#1975);
#1994=SHAPE_DEFINITION_REPRESENTATION(#8962,#1996);
#1995=SHAPE_DEFINITION_REPRESENTATION(#8963,#1997);
#1996=SHAPE_REPRESENTATION('Part 2',(#1998),#8952);
#1997=SHAPE_REPRESENTATION('Bevel 1.5M 8T 20deg',(#2004),#8953);
#1998=AXIS2_PLACEMENT_3D('',#2407,#2125,#2126);
#1999=AXIS2_PLACEMENT_3D('',#2408,#2127,#2128);
#2000=AXIS2_PLACEMENT_3D('',#2409,#2129,#2130);
#2001=AXIS2_PLACEMENT_3D('',#2411,#2131,#2132);
#2002=AXIS2_PLACEMENT_3D('',#2413,#2133,#2134);
#2003=AXIS2_PLACEMENT_3D('',#2414,#2135,#2136);
#2004=AXIS2_PLACEMENT_3D('',#2415,#2137,#2138);
#2005=AXIS2_PLACEMENT_3D('',#2416,#2139,#2140);
#2006=AXIS2_PLACEMENT_3D('',#2417,#2141,#2142);
#2007=AXIS2_PLACEMENT_3D('',#2427,#2143,#2144);
#2008=AXIS2_PLACEMENT_3D('',#2428,#2145,#2146);
#2009=AXIS2_PLACEMENT_3D('',#2440,#2147,#2148);
#2010=AXIS2_PLACEMENT_3D('',#2450,#2149,#2150);
#2011=AXIS2_PLACEMENT_3D('',#2451,#2151,#2152);
#2012=AXIS2_PLACEMENT_3D('',#2463,#2153,#2154);
#2013=AXIS2_PLACEMENT_3D('',#2473,#2155,#2156);
#2014=AXIS2_PLACEMENT_3D('',#2474,#2157,#2158);
#2015=AXIS2_PLACEMENT_3D('',#2486,#2159,#2160);
#2016=AXIS2_PLACEMENT_3D('',#2496,#2161,#2162);
#2017=AXIS2_PLACEMENT_3D('',#2497,#2163,#2164);
#2018=AXIS2_PLACEMENT_3D('',#2509,#2165,#2166);
#2019=AXIS2_PLACEMENT_3D('',#2519,#2167,#2168);
#2020=AXIS2_PLACEMENT_3D('',#2520,#2169,#2170);
#2021=AXIS2_PLACEMENT_3D('',#2532,#2171,#2172);
#2022=AXIS2_PLACEMENT_3D('',#2542,#2173,#2174);
#2023=AXIS2_PLACEMENT_3D('',#2543,#2175,#2176);
#2024=AXIS2_PLACEMENT_3D('',#2555,#2177,#2178);
#2025=AXIS2_PLACEMENT_3D('',#2565,#2179,#2180);
#2026=AXIS2_PLACEMENT_3D('',#2566,#2181,#2182);
#2027=AXIS2_PLACEMENT_3D('',#2578,#2183,#2184);
#2028=AXIS2_PLACEMENT_3D('',#2588,#2185,#2186);
#2029=AXIS2_PLACEMENT_3D('',#2589,#2187,#2188);
#2030=AXIS2_PLACEMENT_3D('',#2601,#2189,#2190);
#2031=AXIS2_PLACEMENT_3D('',#2611,#2191,#2192);
#2032=AXIS2_PLACEMENT_3D('',#2612,#2193,#2194);
#2033=AXIS2_PLACEMENT_3D('',#2735,#2196,#2197);
#2034=AXIS2_PLACEMENT_3D('',#2762,#2198,#2199);
#2035=AXIS2_PLACEMENT_3D('',#2768,#2200,#2201);
#2036=AXIS2_PLACEMENT_3D('',#2776,#2202,#2203);
#2037=AXIS2_PLACEMENT_3D('',#2782,#2204,#2205);
#2038=AXIS2_PLACEMENT_3D('',#2790,#2206,#2207);
#2039=AXIS2_PLACEMENT_3D('',#2796,#2208,#2209);
#2040=AXIS2_PLACEMENT_3D('',#2804,#2210,#2211);
#2041=AXIS2_PLACEMENT_3D('',#2810,#2212,#2213);
#2042=AXIS2_PLACEMENT_3D('',#2818,#2214,#2215);
#2043=AXIS2_PLACEMENT_3D('',#2824,#2216,#2217);
#2044=AXIS2_PLACEMENT_3D('',#2832,#2218,#2219);
#2045=AXIS2_PLACEMENT_3D('',#2838,#2220,#2221);
#2046=AXIS2_PLACEMENT_3D('',#2846,#2222,#2223);
#2047=AXIS2_PLACEMENT_3D('',#2852,#2224,#2225);
#2048=AXIS2_PLACEMENT_3D('',#2860,#2226,#2227);
#2049=AXIS2_PLACEMENT_3D('',#2866,#2228,#2229);
#2050=AXIS2_PLACEMENT_3D('',#2867,#2230,#2231);
#2051=AXIS2_PLACEMENT_3D('',#3531,#2233,#2234);
#2052=AXIS2_PLACEMENT_3D('',#3548,#2236,#2237);
#2053=AXIS2_PLACEMENT_3D('',#3571,#2239,#2240);
#2054=AXIS2_PLACEMENT_3D('',#3572,#2241,#2242);
#2055=AXIS2_PLACEMENT_3D('',#3581,#2243,#2244);
#2056=AXIS2_PLACEMENT_3D('',#3582,#2245,#2246);
#2057=AXIS2_PLACEMENT_3D('',#3591,#2247,#2248);
#2058=AXIS2_PLACEMENT_3D('',#3592,#2249,#2250);
#2059=AXIS2_PLACEMENT_3D('',#4255,#2252,#2253);
#2060=AXIS2_PLACEMENT_3D('',#4272,#2255,#2256);
#2061=AXIS2_PLACEMENT_3D('',#4295,#2258,#2259);
#2062=AXIS2_PLACEMENT_3D('',#4296,#2260,#2261);
#2063=AXIS2_PLACEMENT_3D('',#4305,#2262,#2263);
#2064=AXIS2_PLACEMENT_3D('',#4306,#2264,#2265);
#2065=AXIS2_PLACEMENT_3D('',#4315,#2266,#2267);
#2066=AXIS2_PLACEMENT_3D('',#4316,#2268,#2269);
#2067=AXIS2_PLACEMENT_3D('',#4979,#2271,#2272);
#2068=AXIS2_PLACEMENT_3D('',#4996,#2274,#2275);
#2069=AXIS2_PLACEMENT_3D('',#5019,#2277,#2278);
#2070=AXIS2_PLACEMENT_3D('',#5020,#2279,#2280);
#2071=AXIS2_PLACEMENT_3D('',#5029,#2281,#2282);
#2072=AXIS2_PLACEMENT_3D('',#5030,#2283,#2284);
#2073=AXIS2_PLACEMENT_3D('',#5039,#2285,#2286);
#2074=AXIS2_PLACEMENT_3D('',#5040,#2287,#2288);
#2075=AXIS2_PLACEMENT_3D('',#5703,#2290,#2291);
#2076=AXIS2_PLACEMENT_3D('',#5720,#2293,#2294);
#2077=AXIS2_PLACEMENT_3D('',#5743,#2296,#2297);
#2078=AXIS2_PLACEMENT_3D('',#5744,#2298,#2299);
#2079=AXIS2_PLACEMENT_3D('',#5753,#2300,#2301);
#2080=AXIS2_PLACEMENT_3D('',#5754,#2302,#2303);
#2081=AXIS2_PLACEMENT_3D('',#5763,#2304,#2305);
#2082=AXIS2_PLACEMENT_3D('',#5764,#2306,#2307);
#2083=AXIS2_PLACEMENT_3D('',#6427,#2309,#2310);
#2084=AXIS2_PLACEMENT_3D('',#6444,#2312,#2313);
#2085=AXIS2_PLACEMENT_3D('',#6467,#2315,#2316);
#2086=AXIS2_PLACEMENT_3D('',#6468,#2317,#2318);
#2087=AXIS2_PLACEMENT_3D('',#6477,#2319,#2320);
#2088=AXIS2_PLACEMENT_3D('',#6478,#2321,#2322);
#2089=AXIS2_PLACEMENT_3D('',#6487,#2323,#2324);
#2090=AXIS2_PLACEMENT_3D('',#6488,#2325,#2326);
#2091=AXIS2_PLACEMENT_3D('',#7151,#2328,#2329);
#2092=AXIS2_PLACEMENT_3D('',#7168,#2331,#2332);
#2093=AXIS2_PLACEMENT_3D('',#7191,#2334,#2335);
#2094=AXIS2_PLACEMENT_3D('',#7192,#2336,#2337);
#2095=AXIS2_PLACEMENT_3D('',#7201,#2338,#2339);
#2096=AXIS2_PLACEMENT_3D('',#7202,#2340,#2341);
#2097=AXIS2_PLACEMENT_3D('',#7211,#2342,#2343);
#2098=AXIS2_PLACEMENT_3D('',#7212,#2344,#2345);
#2099=AXIS2_PLACEMENT_3D('',#7875,#2347,#2348);
#2100=AXIS2_PLACEMENT_3D('',#7892,#2350,#2351);
#2101=AXIS2_PLACEMENT_3D('',#7915,#2353,#2354);
#2102=AXIS2_PLACEMENT_3D('',#7916,#2355,#2356);
#2103=AXIS2_PLACEMENT_3D('',#7925,#2357,#2358);
#2104=AXIS2_PLACEMENT_3D('',#7926,#2359,#2360);
#2105=AXIS2_PLACEMENT_3D('',#7935,#2361,#2362);
#2106=AXIS2_PLACEMENT_3D('',#7936,#2363,#2364);
#2107=AXIS2_PLACEMENT_3D('',#8599,#2366,#2367);
#2108=AXIS2_PLACEMENT_3D('',#8616,#2369,#2370);
#2109=AXIS2_PLACEMENT_3D('',#8639,#2372,#2373);
#2110=AXIS2_PLACEMENT_3D('',#8640,#2374,#2375);
#2111=AXIS2_PLACEMENT_3D('',#8649,#2376,#2377);
#2112=AXIS2_PLACEMENT_3D('',#8650,#2378,#2379);
#2113=AXIS2_PLACEMENT_3D('',#8659,#2380,#2381);
#2114=AXIS2_PLACEMENT_3D('',#8660,#2382,#2383);
#2115=AXIS2_PLACEMENT_3D('',#8853,#2384,#2385);
#2116=AXIS2_PLACEMENT_3D('',#8856,#2387,#2388);
#2117=AXIS2_PLACEMENT_3D('',#8859,#2390,#2391);
#2118=AXIS2_PLACEMENT_3D('',#8861,#2393,#2394);
#2119=AXIS2_PLACEMENT_3D('',#8863,#2395,#2396);
#2120=AXIS2_PLACEMENT_3D('',#8864,#2397,#2398);
#2121=AXIS2_PLACEMENT_3D('',#8865,#2399,#2400);
#2122=AXIS2_PLACEMENT_3D('',#8867,#2401,#2402);
#2123=AXIS2_PLACEMENT_3D('',#8868,#2403,#2404);
#2124=AXIS2_PLACEMENT_3D('',#8878,#2405,#2406);
#2125=DIRECTION('',(0.,0.,1.));
#2126=DIRECTION('',(1.,0.,0.));
#2127=DIRECTION('',(0.,-1.,0.));
#2128=DIRECTION('',(0.,0.,-1.));
#2129=DIRECTION('',(0.,1.,0.));
#2130=DIRECTION('',(0.,0.,1.));
#2131=DIRECTION('',(0.,1.,0.));
#2132=DIRECTION('',(0.,0.,1.));
#2133=DIRECTION('',(0.,1.,0.));
#2134=DIRECTION('',(-1.,0.,0.));
#2135=DIRECTION('',(0.,1.,0.));
#2136=DIRECTION('',(-1.,0.,0.));
#2137=DIRECTION('',(0.,0.,1.));
#2138=DIRECTION('',(1.,0.,0.));
#2139=DIRECTION('',(0.,0.,-1.));
#2140=DIRECTION('',(-1.,0.,0.));
#2141=DIRECTION('',(0.,0.,-1.));
#2142=DIRECTION('',(-1.,0.,0.));
#2143=DIRECTION('',(0.,1.,0.));
#2144=DIRECTION('',(-0.38268343236509,0.,0.923879532511287));
#2145=DIRECTION('',(0.,1.,0.));
#2146=DIRECTION('',(-0.38268343236509,0.,0.923879532511287));
#2147=DIRECTION('',(0.,1.,0.));
#2148=DIRECTION('',(-0.38268343236509,0.,0.923879532511287));
#2149=DIRECTION('',(0.,1.,0.));
#2150=DIRECTION('',(-0.38268343236509,0.,0.923879532511287));
#2151=DIRECTION('',(0.,1.,0.));
#2152=DIRECTION('',(-0.38268343236509,0.,0.923879532511287));
#2153=DIRECTION('',(0.,1.,0.));
#2154=DIRECTION('',(-0.38268343236509,0.,0.923879532511287));
#2155=DIRECTION('',(0.,1.,0.));
#2156=DIRECTION('',(-0.38268343236509,0.,0.923879532511287));
#2157=DIRECTION('',(0.,1.,0.));
#2158=DIRECTION('',(-0.38268343236509,0.,0.923879532511287));
#2159=DIRECTION('',(0.,1.,0.));
#2160=DIRECTION('',(-0.38268343236509,0.,0.923879532511287));
#2161=DIRECTION('',(0.,1.,0.));
#2162=DIRECTION('',(-0.38268343236509,0.,0.923879532511287));
#2163=DIRECTION('',(0.,1.,0.));
#2164=DIRECTION('',(-0.38268343236509,0.,0.923879532511287));
#2165=DIRECTION('',(0.,1.,0.));
#2166=DIRECTION('',(-0.38268343236509,0.,0.923879532511287));
#2167=DIRECTION('',(0.,1.,0.));
#2168=DIRECTION('',(-0.38268343236509,0.,0.923879532511287));
#2169=DIRECTION('',(0.,1.,0.));
#2170=DIRECTION('',(-0.38268343236509,0.,0.923879532511287));
#2171=DIRECTION('',(0.,1.,0.));
#2172=DIRECTION('',(-0.38268343236509,0.,0.923879532511287));
#2173=DIRECTION('',(0.,1.,0.));
#2174=DIRECTION('',(-0.38268343236509,0.,0.923879532511287));
#2175=DIRECTION('',(0.,1.,0.));
#2176=DIRECTION('',(-0.38268343236509,0.,0.923879532511287));
#2177=DIRECTION('',(0.,1.,0.));
#2178=DIRECTION('',(-0.38268343236509,0.,0.923879532511287));
#2179=DIRECTION('',(0.,1.,0.));
#2180=DIRECTION('',(-0.38268343236509,0.,0.923879532511287));
#2181=DIRECTION('',(0.,1.,0.));
#2182=DIRECTION('',(-0.38268343236509,0.,0.923879532511287));
#2183=DIRECTION('',(0.,1.,0.));
#2184=DIRECTION('',(-0.38268343236509,0.,0.923879532511287));
#2185=DIRECTION('',(0.,1.,0.));
#2186=DIRECTION('',(-0.38268343236509,0.,0.923879532511287));
#2187=DIRECTION('',(0.,1.,0.));
#2188=DIRECTION('',(-0.38268343236509,0.,0.923879532511287));
#2189=DIRECTION('',(0.,1.,0.));
#2190=DIRECTION('',(-0.38268343236509,0.,0.923879532511287));
#2191=DIRECTION('',(0.,1.,0.));
#2192=DIRECTION('',(-0.38268343236509,0.,0.923879532511287));
#2193=DIRECTION('',(0.,1.,0.));
#2194=DIRECTION('',(-0.38268343236509,0.,0.923879532511287));
#2195=DIRECTION('',(1.,0.,0.));
#2196=DIRECTION('',(0.,1.,0.));
#2197=DIRECTION('',(-0.38268343236509,0.,0.923879532511287));
#2198=DIRECTION('',(0.,-1.,0.));
#2199=DIRECTION('',(0.38268343236509,0.,-0.923879532511287));
#2200=DIRECTION('',(0.,-1.,0.));
#2201=DIRECTION('',(0.38268343236509,0.,-0.923879532511287));
#2202=DIRECTION('',(0.,-1.,0.));
#2203=DIRECTION('',(0.38268343236509,0.,-0.923879532511287));
#2204=DIRECTION('',(0.,-1.,0.));
#2205=DIRECTION('',(0.38268343236509,0.,-0.923879532511287));
#2206=DIRECTION('',(0.,-1.,0.));
#2207=DIRECTION('',(0.38268343236509,0.,-0.923879532511287));
#2208=DIRECTION('',(0.,-1.,0.));
#2209=DIRECTION('',(0.38268343236509,0.,-0.923879532511287));
#2210=DIRECTION('',(0.,-1.,0.));
#2211=DIRECTION('',(0.38268343236509,0.,-0.923879532511287));
#2212=DIRECTION('',(0.,-1.,0.));
#2213=DIRECTION('',(0.38268343236509,0.,-0.923879532511287));
#2214=DIRECTION('',(0.,-1.,0.));
#2215=DIRECTION('',(0.38268343236509,0.,-0.923879532511287));
#2216=DIRECTION('',(0.,-1.,0.));
#2217=DIRECTION('',(0.38268343236509,0.,-0.923879532511287));
#2218=DIRECTION('',(0.,-1.,0.));
#2219=DIRECTION('',(0.38268343236509,0.,-0.923879532511287));
#2220=DIRECTION('',(0.,-1.,0.));
#2221=DIRECTION('',(0.38268343236509,0.,-0.923879532511287));
#2222=DIRECTION('',(0.,-1.,0.));
#2223=DIRECTION('',(0.38268343236509,0.,-0.923879532511287));
#2224=DIRECTION('',(0.,-1.,0.));
#2225=DIRECTION('',(0.38268343236509,0.,-0.923879532511287));
#2226=DIRECTION('',(0.,-1.,0.));
#2227=DIRECTION('',(0.38268343236509,0.,-0.923879532511287));
#2228=DIRECTION('',(0.,-1.,0.));
#2229=DIRECTION('',(0.38268343236509,0.,-0.923879532511287));
#2230=DIRECTION('',(0.,1.,0.));
#2231=DIRECTION('',(-0.38268343236509,0.,0.923879532511287));
#2232=DIRECTION('',(-0.315586891929538,-0.946946226814079,-0.060809186516777));
#2233=DIRECTION('',(-0.560522060760854,-0.000154944137943569,0.828139478223759));
#2234=DIRECTION('',(0.828139488164615,0.,0.560522067489273));
#2235=DIRECTION('',(-0.781514027683435,0.33090566068483,-0.528901945790287));
#2236=DIRECTION('',(0.189204515814612,8.46780159652533E-5,-0.98193769864742));
#2237=DIRECTION('',(-0.981937702167847,0.,-0.189204516492945));
#2238=DIRECTION('',(0.926624400653985,-0.330905671189092,0.178517945561612));
#2239=DIRECTION('',(0.,-1.,0.));
#2240=DIRECTION('',(0.38268343236509,0.,-0.923879532511287));
#2241=DIRECTION('',(0.,1.,0.));
#2242=DIRECTION('',(-0.38268343236509,0.,0.923879532511287));
#2243=DIRECTION('',(0.,-1.,0.));
#2244=DIRECTION('',(0.38268343236509,0.,-0.923879532511287));
#2245=DIRECTION('',(0.,1.,0.));
#2246=DIRECTION('',(-0.38268343236509,0.,0.923879532511287));
#2247=DIRECTION('',(0.,1.,0.));
#2248=DIRECTION('',(-0.38268343236509,0.,0.923879532511287));
#2249=DIRECTION('',(0.,-1.,0.));
#2250=DIRECTION('',(0.38268343236509,0.,-0.923879532511287));
#2251=DIRECTION('',(-0.180155043192512,-0.946946226814079,-0.266152219481413));
#2252=DIRECTION('',(-0.981931990988967,-0.000154944137942929,0.18923409065165));
#2253=DIRECTION('',(0.189234092923186,0.,0.981932002775925));
#2254=DIRECTION('',(-0.178623716116296,0.330905660684828,-0.92660402101844));
#2255=DIRECTION('',(0.828122601527853,8.46780858860719E-5,-0.560547009329604));
#2256=DIRECTION('',(-0.560547011339271,0.,-0.828122604496829));
#2257=DIRECTION('',(0.528991147537008,-0.330905671189076,0.781453647123351));
#2258=DIRECTION('',(0.,-1.,0.));
#2259=DIRECTION('',(0.923879532511287,0.,-0.38268343236509));
#2260=DIRECTION('',(0.,1.,0.));
#2261=DIRECTION('',(-0.923879532511287,0.,0.38268343236509));
#2262=DIRECTION('',(0.,-1.,0.));
#2263=DIRECTION('',(0.923879532511287,0.,-0.38268343236509));
#2264=DIRECTION('',(0.,1.,0.));
#2265=DIRECTION('',(-0.923879532511287,0.,0.38268343236509));
#2266=DIRECTION('',(0.,1.,0.));
#2267=DIRECTION('',(-0.923879532511287,0.,0.38268343236509));
#2268=DIRECTION('',(0.,-1.,0.));
#2269=DIRECTION('',(0.923879532511287,0.,-0.38268343236509));
#2270=DIRECTION('',(0.060809186516777,-0.946946226814079,-0.315586891929538));
#2271=DIRECTION('',(-0.828139478223759,-0.000154944137943569,-0.560522060760854));
#2272=DIRECTION('',(-0.560522067489273,0.,0.828139488164615));
#2273=DIRECTION('',(0.528901945790287,0.330905660684831,-0.781514027683435));
#2274=DIRECTION('',(0.98193769866193,8.46780736782761E-5,0.189204515739284));
#2275=DIRECTION('',(0.189204516417617,0.,-0.981937702182361));
#2276=DIRECTION('',(-0.178517945471776,-0.330905671189078,0.926624400671298));
#2277=DIRECTION('',(0.,-1.,0.));
#2278=DIRECTION('',(0.923879532511287,0.,0.38268343236509));
#2279=DIRECTION('',(0.,1.,0.));
#2280=DIRECTION('',(-0.923879532511287,0.,-0.38268343236509));
#2281=DIRECTION('',(0.,-1.,0.));
#2282=DIRECTION('',(0.923879532511287,0.,0.38268343236509));
#2283=DIRECTION('',(0.,1.,0.));
#2284=DIRECTION('',(-0.923879532511287,0.,-0.38268343236509));
#2285=DIRECTION('',(0.,1.,0.));
#2286=DIRECTION('',(-0.923879532511287,0.,-0.38268343236509));
#2287=DIRECTION('',(0.,-1.,0.));
#2288=DIRECTION('',(0.923879532511287,0.,0.38268343236509));
#2289=DIRECTION('',(0.266152219481413,-0.946946226814079,-0.180155043192512));
#2290=DIRECTION('',(-0.18923409065165,-0.000154944137942929,-0.981931990988967));
#2291=DIRECTION('',(-0.981932002775925,0.,0.189234092923186));
#2292=DIRECTION('',(0.926604021018441,0.330905660684826,-0.178623716116296));
#2293=DIRECTION('',(0.560547009129981,8.46779045390656E-5,0.828122601662994));
#2294=DIRECTION('',(0.828122604631957,0.,-0.560547011139639));
#2295=DIRECTION('',(-0.7814536472845,-0.330905671189118,0.528991147298924));
#2296=DIRECTION('',(0.,-1.,0.));
#2297=DIRECTION('',(0.38268343236509,0.,0.923879532511287));
#2298=DIRECTION('',(0.,1.,0.));
#2299=DIRECTION('',(-0.38268343236509,0.,-0.923879532511287));
#2300=DIRECTION('',(0.,-1.,0.));
#2301=DIRECTION('',(0.38268343236509,0.,0.923879532511287));
#2302=DIRECTION('',(0.,1.,0.));
#2303=DIRECTION('',(-0.38268343236509,0.,-0.923879532511287));
#2304=DIRECTION('',(0.,1.,0.));
#2305=DIRECTION('',(-0.38268343236509,0.,-0.923879532511287));
#2306=DIRECTION('',(0.,-1.,0.));
#2307=DIRECTION('',(0.38268343236509,0.,0.923879532511287));
#2308=DIRECTION('',(0.315586891929538,-0.946946226814079,0.0608091865167769));
#2309=DIRECTION('',(0.560522060760854,-0.000154944137943569,-0.828139478223759));
#2310=DIRECTION('',(-0.828139488164615,0.,-0.560522067489273));
#2311=DIRECTION('',(0.781514027683435,0.330905660684831,0.528901945790286));
#2312=DIRECTION('',(-0.189204515747687,8.46780672368679E-5,0.981937698660311));
#2313=DIRECTION('',(0.981937702180742,0.,0.189204516426021));
#2314=DIRECTION('',(-0.926624400669366,-0.33090567118908,-0.178517945481799));
#2315=DIRECTION('',(0.,-1.,0.));
#2316=DIRECTION('',(-0.38268343236509,0.,0.923879532511287));
#2317=DIRECTION('',(0.,1.,0.));
#2318=DIRECTION('',(0.38268343236509,0.,-0.923879532511287));
#2319=DIRECTION('',(0.,-1.,0.));
#2320=DIRECTION('',(-0.38268343236509,0.,0.923879532511287));
#2321=DIRECTION('',(0.,1.,0.));
#2322=DIRECTION('',(0.38268343236509,0.,-0.923879532511287));
#2323=DIRECTION('',(0.,1.,0.));
#2324=DIRECTION('',(0.38268343236509,0.,-0.923879532511287));
#2325=DIRECTION('',(0.,-1.,0.));
#2326=DIRECTION('',(-0.38268343236509,0.,0.923879532511287));
#2327=DIRECTION('',(0.180155043192512,-0.946946226814079,0.266152219481413));
#2328=DIRECTION('',(0.981931990988968,-0.000154944137942274,-0.189234090651648));
#2329=DIRECTION('',(-0.189234092923184,0.,-0.981932002775925));
#2330=DIRECTION('',(0.178623716116293,0.330905660684828,0.926604021018441));
#2331=DIRECTION('',(-0.828122601532581,8.46780795269014E-5,0.560547009322619));
#2332=DIRECTION('',(0.560547011332286,0.,0.828122604501557));
#2333=DIRECTION('',(-0.528991147528674,-0.330905671189077,-0.781453647128992));
#2334=DIRECTION('',(0.,-1.,0.));
#2335=DIRECTION('',(-0.923879532511287,0.,0.38268343236509));
#2336=DIRECTION('',(0.,1.,0.));
#2337=DIRECTION('',(0.923879532511287,0.,-0.38268343236509));
#2338=DIRECTION('',(0.,-1.,0.));
#2339=DIRECTION('',(-0.923879532511287,0.,0.38268343236509));
#2340=DIRECTION('',(0.,1.,0.));
#2341=DIRECTION('',(0.923879532511287,0.,-0.38268343236509));
#2342=DIRECTION('',(0.,1.,0.));
#2343=DIRECTION('',(0.923879532511287,0.,-0.38268343236509));
#2344=DIRECTION('',(0.,-1.,0.));
#2345=DIRECTION('',(-0.923879532511287,0.,0.38268343236509));
#2346=DIRECTION('',(-0.0608091865167769,-0.946946226814079,0.315586891929538));
#2347=DIRECTION('',(0.828139478223754,-0.0001549441379409,0.560522060760862));
#2348=DIRECTION('',(0.560522067489281,0.,-0.82813948816461));
#2349=DIRECTION('',(-0.528901945790295,0.330905660684829,0.78151402768343));
#2350=DIRECTION('',(-0.981937698646389,8.467801184394E-5,-0.189204515819964));
#2351=DIRECTION('',(-0.189204516498297,0.,0.981937702166816));
#2352=DIRECTION('',(0.178517945568001,-0.330905671189093,-0.926624400652754));
#2353=DIRECTION('',(0.,-1.,0.));
#2354=DIRECTION('',(-0.923879532511287,0.,-0.38268343236509));
#2355=DIRECTION('',(0.,1.,0.));
#2356=DIRECTION('',(0.923879532511287,0.,0.38268343236509));
#2357=DIRECTION('',(0.,-1.,0.));
#2358=DIRECTION('',(-0.923879532511287,0.,-0.38268343236509));
#2359=DIRECTION('',(0.,1.,0.));
#2360=DIRECTION('',(0.923879532511287,0.,0.38268343236509));
#2361=DIRECTION('',(0.,1.,0.));
#2362=DIRECTION('',(0.923879532511287,0.,0.38268343236509));
#2363=DIRECTION('',(0.,-1.,0.));
#2364=DIRECTION('',(-0.923879532511287,0.,-0.38268343236509));
#2365=DIRECTION('',(-0.266152219481413,-0.946946226814079,0.180155043192512));
#2366=DIRECTION('',(0.189234090651648,-0.000154944137942274,0.981931990988968));
#2367=DIRECTION('',(0.981932002775925,0.,-0.189234092923184));
#2368=DIRECTION('',(-0.926604021018442,0.330905660684825,0.178623716116294));
#2369=DIRECTION('',(-0.560547008966564,8.46777561929573E-5,-0.828122601773624));
#2370=DIRECTION('',(-0.828122604742577,0.,0.560547010976215));
#2371=DIRECTION('',(0.7814536474164,-0.330905671189153,-0.528991147104053));
#2372=DIRECTION('',(0.,-1.,0.));
#2373=DIRECTION('',(-0.38268343236509,0.,-0.923879532511287));
#2374=DIRECTION('',(0.,1.,0.));
#2375=DIRECTION('',(0.38268343236509,0.,0.923879532511287));
#2376=DIRECTION('',(0.,-1.,0.));
#2377=DIRECTION('',(-0.38268343236509,0.,-0.923879532511287));
#2378=DIRECTION('',(0.,1.,0.));
#2379=DIRECTION('',(0.38268343236509,0.,0.923879532511287));
#2380=DIRECTION('',(0.,1.,0.));
#2381=DIRECTION('',(0.38268343236509,0.,0.923879532511287));
#2382=DIRECTION('',(0.,-1.,0.));
#2383=DIRECTION('',(-0.38268343236509,0.,-0.923879532511287));
#2384=DIRECTION('',(0.,1.,0.));
#2385=DIRECTION('',(-0.38268343236509,0.,0.923879532511287));
#2386=DIRECTION('',(0.,1.,0.));
#2387=DIRECTION('',(0.,1.,0.));
#2388=DIRECTION('',(-0.38268343236509,0.,0.923879532511287));
#2389=DIRECTION('',(0.,1.,0.));
#2390=DIRECTION('',(0.,0.,-1.));
#2391=DIRECTION('',(-1.,0.,0.));
#2392=DIRECTION('',(-1.,0.,0.));
#2393=DIRECTION('',(0.,0.,-1.));
#2394=DIRECTION('',(-1.,0.,0.));
#2395=DIRECTION('',(0.,-1.,0.));
#2396=DIRECTION('',(0.38268343236509,0.,-0.923879532511287));
#2397=DIRECTION('',(0.,0.,-1.));
#2398=DIRECTION('',(-1.,0.,0.));
#2399=DIRECTION('',(0.,0.,-1.));
#2400=DIRECTION('',(-1.,0.,0.));
#2401=DIRECTION('',(0.,0.,-1.));
#2402=DIRECTION('',(-1.,0.,0.));
#2403=DIRECTION('',(0.,0.,-1.));
#2404=DIRECTION('',(-1.,0.,0.));
#2405=DIRECTION('',(0.,0.,-1.));
#2406=DIRECTION('',(1.,0.,0.));
#2407=CARTESIAN_POINT('',(0.,0.,0.));
#2408=CARTESIAN_POINT('',(0.,0.0125,1.62265700887024E-19));
#2409=CARTESIAN_POINT('',(0.,0.0125,1.62265700887024E-19));
#2410=CARTESIAN_POINT('',(0.,0.0125,0.00265));
#2411=CARTESIAN_POINT('',(0.,-0.0125,1.62265700887024E-19));
#2412=CARTESIAN_POINT('',(0.,-0.0125,0.00265));
#2413=CARTESIAN_POINT('',(0.,0.0125,0.));
#2414=CARTESIAN_POINT('',(0.,-0.0125,0.));
#2415=CARTESIAN_POINT('',(0.,0.,0.));
#2416=CARTESIAN_POINT('',(2.16840434497101E-19,0.003,0.00455));
#2417=CARTESIAN_POINT('',(2.16840434497101E-19,0.003,0.00455));
#2418=CARTESIAN_POINT('',(-0.00185369786274542,0.00132256021459694,0.00455));
#2419=CARTESIAN_POINT('',(-0.00185369786275927,0.00467743978538776,0.00455));
#2420=CARTESIAN_POINT('',(-0.0018536978627562,0.00467743978539114,0.00454999999999139));
#2421=CARTESIAN_POINT('',(-0.00204760947547807,0.00446315278373742,0.00439515847417799));
#2422=CARTESIAN_POINT('',(-0.00236411907278258,0.00397390385710574,0.00407513722954887));
#2423=CARTESIAN_POINT('',(-0.00256784241181315,0.00300104245048426,0.00380824297523399));
#2424=CARTESIAN_POINT('',(-0.00236451034048067,0.0020272352508113,0.00407453461471874));
#2425=CARTESIAN_POINT('',(-0.00204889921289701,0.00153827247367757,0.00439412859821126));
#2426=CARTESIAN_POINT('',(-0.00185369786274542,0.00132256021459694,0.00455));
#2427=CARTESIAN_POINT('',(0.,-0.0044287445296457,0.));
#2428=CARTESIAN_POINT('',(0.,-0.0044287445296457,0.));
#2429=CARTESIAN_POINT('',(0.00349148872743682,-0.00443030756085977,0.000388890593778569));
#2430=CARTESIAN_POINT('',(0.00349260682717968,-0.0044287445296457,-0.000380963553358597));
#2431=CARTESIAN_POINT('',(0.00349260690873635,-0.00442874419811875,-0.000380963562254559));
#2432=CARTESIAN_POINT('',(0.00352969949522313,-0.00427705349099875,-0.000387085714877488));
#2433=CARTESIAN_POINT('',(0.00360333371425396,-0.0039770099669712,-0.000396744709411374));
#2434=CARTESIAN_POINT('',(0.00373281738908602,-0.00345097814037396,-0.000410152864497722));
#2435=CARTESIAN_POINT('',(0.00389579533081357,-0.00279018743171085,-0.00042403746814131));
#2436=CARTESIAN_POINT('',(0.00406782704492819,-0.00209234878469995,-0.000439421744264928));
#2437=CARTESIAN_POINT('',(0.00417039209636788,-0.0016742776506206,-0.000453249067791623));
#2438=CARTESIAN_POINT('',(0.00421299337569866,-0.00149999980206408,-0.000460410970202127));
#2439=CARTESIAN_POINT('',(0.00421250229326479,-0.00150199791267618,-0.000460357271587732));
#2440=CARTESIAN_POINT('',(0.,-0.0015,0.));
#2441=CARTESIAN_POINT('',(0.00421299087421054,-0.0015,0.000460433408655204));
#2442=CARTESIAN_POINT('',(0.00421299092267597,-0.00149999980298405,0.000460433413952021));
#2443=CARTESIAN_POINT('',(0.00417042373962912,-0.00167413729670571,0.000453279347647616));
#2444=CARTESIAN_POINT('',(0.00406783108367519,-0.00209232523499886,0.000439438609097502));
#2445=CARTESIAN_POINT('',(0.00389589739344809,-0.00278980080433135,0.000423983712650758));
#2446=CARTESIAN_POINT('',(0.00373240589803544,-0.00345270076286232,0.000409994830844455));
#2447=CARTESIAN_POINT('',(0.0036028490680346,-0.0039790281008277,0.00039658322714651));
#2448=CARTESIAN_POINT('',(0.00352942098627099,-0.0042782128625242,0.000386993247600752));
#2449=CARTESIAN_POINT('',(0.00349260829647369,-0.00442874421215865,0.000380950807465662));
#2450=CARTESIAN_POINT('',(0.,-0.0044287445296457,0.));
#2451=CARTESIAN_POINT('',(0.,-0.0015,0.));
#2452=CARTESIAN_POINT('',(0.00330460861686815,-0.0015,-0.00265346055544601));
#2453=CARTESIAN_POINT('',(0.00265316603270592,-0.00150199791251042,-0.0033042116135553));
#2454=CARTESIAN_POINT('',(0.00330460865494439,-0.00149999980266971,-0.00265346058601961));
#2455=CARTESIAN_POINT('',(0.00326934931568409,-0.00167462361239253,-0.0026283534333778));
#2456=CARTESIAN_POINT('',(0.00318691326930089,-0.00209332132984043,-0.00256552583276314));
#2457=CARTESIAN_POINT('',(0.00305463464858056,-0.00278968678497856,-0.00245503708314129));
#2458=CARTESIAN_POINT('',(0.00292931984731069,-0.00345171262010538,-0.00234944061310721));
#2459=CARTESIAN_POINT('',(0.00282825733160843,-0.00397789190888035,-0.00226733288668652));
#2460=CARTESIAN_POINT('',(0.00276945188992436,-0.00427758087779276,-0.00222212131450302));
#2461=CARTESIAN_POINT('',(0.00273901979624721,-0.00442874420621745,-0.00220027425481512));
#2462=CARTESIAN_POINT('',(0.00273870121215008,-0.00443040087478892,-0.00220001729617429));
#2463=CARTESIAN_POINT('',(0.,-0.0044287445296457,0.));
#2464=CARTESIAN_POINT('',(0.00220026397385145,-0.0044287445296457,-0.00273902795232563));
#2465=CARTESIAN_POINT('',(0.00220026402443971,-0.00442874420322026,-0.00273902801530111));
#2466=CARTESIAN_POINT('',(0.00222210363673098,-0.00427747776182021,-0.0027694988116093));
#2467=CARTESIAN_POINT('',(0.00226729326134144,-0.00397777263749108,-0.00282832692296099));
#2468=CARTESIAN_POINT('',(0.00234938408618995,-0.00345164139538565,-0.00292938777720697));
#2469=CARTESIAN_POINT('',(0.00245488818527185,-0.00279026317405838,-0.0030545713406366));
#2470=CARTESIAN_POINT('',(0.00256576036516093,-0.00209168260718915,-0.00318724506748943));
#2471=CARTESIAN_POINT('',(0.00262846025284303,-0.00167395222770763,-0.0032694766032955));
#2472=CARTESIAN_POINT('',(0.00265347530992881,-0.00149999980228383,-0.00330459683233833));
#2473=CARTESIAN_POINT('',(0.,-0.0044287445296457,0.));
#2474=CARTESIAN_POINT('',(0.,-0.0015,0.));
#2475=CARTESIAN_POINT('',(0.000460433373957614,-0.0015,-0.0042129908780026));
#2476=CARTESIAN_POINT('',(-0.000460359950639037,-0.00150199791237453,-0.00421250199962228));
#2477=CARTESIAN_POINT('',(0.000460433379254684,-0.00149999980297596,-0.00421299092647002));
#2478=CARTESIAN_POINT('',(0.000453278925150335,-0.00167414495913682,-0.00417042187832995));
#2479=CARTESIAN_POINT('',(0.000439437799869753,-0.00209234093441922,-0.00406782726344253));
#2480=CARTESIAN_POINT('',(0.000423983645296044,-0.00278979901770458,-0.00389589784567011));
#2481=CARTESIAN_POINT('',(0.000409995485619286,-0.00345268523063704,-0.00373240969290758));
#2482=CARTESIAN_POINT('',(0.00039658401655881,-0.0039790102368018,-0.00360285342848341));
#2483=CARTESIAN_POINT('',(0.000386993686058924,-0.00427820292564714,-0.00352942341203485));
#2484=CARTESIAN_POINT('',(0.000380950804346245,-0.00442874421210532,-0.00349260829682721));
#2485=CARTESIAN_POINT('',(0.00038090764154804,-0.00443040087265394,-0.00349220127694994));
#2486=CARTESIAN_POINT('',(0.,-0.0044287445296457,0.));
#2487=CARTESIAN_POINT('',(-0.000380963769055533,-0.0044287445296457,-0.00349260680365207));
#2488=CARTESIAN_POINT('',(-0.000380963777757944,-0.0044287442053318,-0.00349260688343431));
#2489=CARTESIAN_POINT('',(-0.000387051543073039,-0.00427782229880395,-0.0035295118431028));
#2490=CARTESIAN_POINT('',(-0.000396683137086939,-0.00397839207604443,-0.00360299640917895));
#2491=CARTESIAN_POINT('',(-0.000410101590152243,-0.00345218026874539,-0.00373252374821855));
#2492=CARTESIAN_POINT('',(-0.00042404213142709,-0.00279032554619108,-0.00389576043073929));
#2493=CARTESIAN_POINT('',(-0.000439483961091597,-0.00209114098987724,-0.0040681209489599));
#2494=CARTESIAN_POINT('',(-0.000453281604770524,-0.0016736877077571,-0.00417053539996456));
#2495=CARTESIAN_POINT('',(-0.000460413649576563,-0.00149999980246365,-0.00421299308278672));
#2496=CARTESIAN_POINT('',(0.,-0.0044287445296457,0.));
#2497=CARTESIAN_POINT('',(0.,-0.0015,0.));
#2498=CARTESIAN_POINT('',(-0.00265345840871259,-0.0015,-0.0033046103406029));
#2499=CARTESIAN_POINT('',(-0.00330421224404777,-0.00150199791239755,-0.00265316524698622));
#2500=CARTESIAN_POINT('',(-0.00265345843922335,-0.0014999998030751,-0.00330461037860093));
#2501=CARTESIAN_POINT('',(-0.00262843367903846,-0.00167401921744839,-0.00326947669711264));
#2502=CARTESIAN_POINT('',(-0.00256569372008439,-0.00209208333521324,-0.00318717141082367));
#2503=CARTESIAN_POINT('',(-0.00245500794483955,-0.00278982893803387,-0.00305461292042552));
#2504=CARTESIAN_POINT('',(-0.00234926508883622,-0.00345294067413511,-0.00292907105521073));
#2505=CARTESIAN_POINT('',(-0.00226713333454024,-0.00397930383482674,-0.00282796949645967));
#2506=CARTESIAN_POINT('',(-0.00222201027293753,-0.0042783662049395,-0.00276929181309871));
#2507=CARTESIAN_POINT('',(-0.00220027407030281,-0.00442874421295314,-0.00273901994232923));
#2508=CARTESIAN_POINT('',(-0.00220001773835664,-0.00443040087202443,-0.00273870084682955));
#2509=CARTESIAN_POINT('',(0.,-0.0044287445296457,0.));
#2510=CARTESIAN_POINT('',(-0.00273902800729098,-0.0044287445296457,-0.00220026390542711));
#2511=CARTESIAN_POINT('',(-0.00273902806991608,-0.00442874420503605,-0.00220026395573403));
#2512=CARTESIAN_POINT('',(-0.00276944039464109,-0.00427776412636754,-0.00222206320338623));
#2513=CARTESIAN_POINT('',(-0.00282822186925829,-0.00397828748366347,-0.00226722061801603));
#2514=CARTESIAN_POINT('',(-0.00292929692443095,-0.00345208927279428,-0.00234932021784087));
#2515=CARTESIAN_POINT('',(-0.00305456332139518,-0.00279031497137909,-0.00245487769464808));
#2516=CARTESIAN_POINT('',(-0.00318733891712725,-0.00209123250094587,-0.00256582141079598));
#2517=CARTESIAN_POINT('',(-0.00326952293910702,-0.00167373239586294,-0.0026284894345865));
#2518=CARTESIAN_POINT('',(-0.00330459746311042,-0.0014999998024286,-0.00265347452431766));
#2519=CARTESIAN_POINT('',(0.,-0.0044287445296457,0.));
#2520=CARTESIAN_POINT('',(0.,-0.0015,0.));
#2521=CARTESIAN_POINT('',(-0.0042129908267644,-0.0015,-0.00046043384278975));
#2522=CARTESIAN_POINT('',(-0.00421250224613175,-0.00150199791262784,0.000460357701609825));
#2523=CARTESIAN_POINT('',(-0.00421299087521116,-0.00149999980305997,-0.000460433848084443));
#2524=CARTESIAN_POINT('',(-0.00417044686350058,-0.00167404209954969,-0.000453284603066728));
#2525=CARTESIAN_POINT('',(-0.00406787853550431,-0.0020921302246552,-0.000439448671904947));
#2526=CARTESIAN_POINT('',(-0.00389589162888647,-0.00278982359200471,-0.000423984541511581));
#2527=CARTESIAN_POINT('',(-0.00373235860464454,-0.00345289432729054,-0.00040998668230052));
#2528=CARTESIAN_POINT('',(-0.00360279477381276,-0.00397925053102935,-0.000396573407009546));
#2529=CARTESIAN_POINT('',(-0.00352939079002498,-0.00427833655560431,-0.000386987795410691));
#2530=CARTESIAN_POINT('',(-0.00349260829173031,-0.00442874421280119,-0.000380950849487162));
#2531=CARTESIAN_POINT('',(-0.00349220132723094,-0.00443040087216229,-0.000380907167636939));
#2532=CARTESIAN_POINT('',(0.,-0.0044287445296457,0.));
#2533=CARTESIAN_POINT('',(-0.00349260682402263,-0.0044287445296457,0.000380963582301872));
#2534=CARTESIAN_POINT('',(-0.00349260690510251,-0.00442874420005691,0.000380963591145845));
#2535=CARTESIAN_POINT('',(-0.0035296691827204,-0.00427717768540765,0.000387080184540856));
#2536=CARTESIAN_POINT('',(-0.00360327923472073,-0.00397723320424971,0.000396734748571219));
#2537=CARTESIAN_POINT('',(-0.00373276997601262,-0.00345117225198678,0.000410144566165905));
#2538=CARTESIAN_POINT('',(-0.00389578976146393,-0.00279020947218031,0.000424038211624046));
#2539=CARTESIAN_POINT('',(-0.00406787447120465,-0.00209215389042618,0.000439431776303891));
#2540=CARTESIAN_POINT('',(-0.00417041522534437,-0.00167418243661349,0.000453254314997001));
#2541=CARTESIAN_POINT('',(-0.00421299332868237,-0.00149999980212816,0.000460411400278822));
#2542=CARTESIAN_POINT('',(0.,-0.0044287445296457,0.));
#2543=CARTESIAN_POINT('',(0.,-0.0015,0.));
#2544=CARTESIAN_POINT('',(-0.00330460940790652,-0.0015,0.00265345957028986));
#2545=CARTESIAN_POINT('',(-0.00265316510355922,-0.00150199791237694,0.00330421235913915));
#2546=CARTESIAN_POINT('',(-0.00330460944594696,-0.00149999980285522,0.00265345960083472));
#2547=CARTESIAN_POINT('',(-0.00326940793160491,-0.00167434547667849,0.00262839036597108));
#2548=CARTESIAN_POINT('',(-0.00318703204035097,-0.00209275169740764,0.00256560308987757));
#2549=CARTESIAN_POINT('',(-0.00305462468172668,-0.00278975195857123,0.00245502373018257));
#2550=CARTESIAN_POINT('',(-0.00292920526657682,-0.00345227811407125,0.00234935980897568));
#2551=CARTESIAN_POINT('',(-0.00282812476562778,-0.00397854211978972,0.00226724100775981));
#2552=CARTESIAN_POINT('',(-0.00276937815958587,-0.00427794255018211,0.0022220701869396));
#2553=CARTESIAN_POINT('',(-0.00273901985806294,-0.00442874421042219,0.00220027417620211));
#2554=CARTESIAN_POINT('',(-0.00273870167102866,-0.00443040087356903,0.00220001671938186));
#2555=CARTESIAN_POINT('',(0.,-0.0044287445296457,0.));
#2556=CARTESIAN_POINT('',(-0.00220026389201789,-0.0044287445296457,0.00273902801806261));
#2557=CARTESIAN_POINT('',(-0.00220026394228381,-0.00442874420530026,0.0027390280806368));
#2558=CARTESIAN_POINT('',(-0.00222205584658277,-0.00427781621835604,0.00276942976945979));
#2559=CARTESIAN_POINT('',(-0.00226720740029493,-0.00397838114355383,0.00282820276014059));
#2560=CARTESIAN_POINT('',(-0.00234930859476623,-0.00345217075772005,0.00292928039757452));
#2561=CARTESIAN_POINT('',(-0.00245487577598881,-0.00279032444068993,0.00305456185602532));
#2562=CARTESIAN_POINT('',(-0.00256583252277517,-0.00209115056022756,0.00318735600320215));
#2563=CARTESIAN_POINT('',(-0.00262849474571492,-0.00167369238095286,0.00326953137393377));
#2564=CARTESIAN_POINT('',(-0.00265347438091738,-0.00149999980246029,0.0033045975782457));
#2565=CARTESIAN_POINT('',(0.,-0.0044287445296457,0.));
#2566=CARTESIAN_POINT('',(0.,-0.0015,0.));
#2567=CARTESIAN_POINT('',(-0.000460433899423322,-0.0015,0.00421299082057497));
#2568=CARTESIAN_POINT('',(0.00046036007763588,-0.0015019979123602,0.00421250198570242));
#2569=CARTESIAN_POINT('',(-0.00046043390471804,-0.00149999980305928,0.0042129908690219));
#2570=CARTESIAN_POINT('',(-0.000453285145193749,-0.00167403284054594,0.00417044910918248));
#2571=CARTESIAN_POINT('',(-0.000439449688884055,-0.00209211153970973,0.00406788307640793));
#2572=CARTESIAN_POINT('',(-0.000423984559485103,-0.00278982890312016,0.00389589030466082));
#2573=CARTESIAN_POINT('',(-0.000409985772003262,-0.00345291681535887,0.00373235310616589));
#2574=CARTESIAN_POINT('',(-0.000396572340364459,-0.00397927533360698,0.00360278871648896));
#2575=CARTESIAN_POINT('',(-0.000386987212316362,-0.00427835017514668,0.00352938746330515));
#2576=CARTESIAN_POINT('',(-0.000380950863449031,-0.00442874421287553,0.00349260829018894));
#2577=CARTESIAN_POINT('',(-0.00038090676368848,-0.00443040087207597,0.00349220418156558));
#2578=CARTESIAN_POINT('',(0.,-0.0044287445296457,0.));
#2579=CARTESIAN_POINT('',(0.000380963781063783,-0.0044287445296457,0.00349260680234224));
#2580=CARTESIAN_POINT('',(0.000380963789761132,-0.00442874420552097,0.00349260688207795));
#2581=CARTESIAN_POINT('',(0.000387049938993407,-0.00427785846015893,0.00352950301641673));
#2582=CARTESIAN_POINT('',(0.000396680245588835,-0.00397845709386045,0.00360298054096043));
#2583=CARTESIAN_POINT('',(0.000410099183508723,-0.00345223683590435,0.00373250993002764));
#2584=CARTESIAN_POINT('',(0.000424042354284619,-0.00279033212636892,0.00389575876793263));
#2585=CARTESIAN_POINT('',(0.00043948689432551,-0.00209108409845943,0.00406813479259472));
#2586=CARTESIAN_POINT('',(0.000453283138463576,-0.00167365992616021,0.00417054214825969));
#2587=CARTESIAN_POINT('',(0.000460413776602409,-0.00149999980248287,0.00421299306890001));
#2588=CARTESIAN_POINT('',(0.,-0.0044287445296457,0.));
#2589=CARTESIAN_POINT('',(0.,-0.0015,0.));
#2590=CARTESIAN_POINT('',(0.00265345836654464,-0.0015,0.00330461037446192));
#2591=CARTESIAN_POINT('',(0.00330421211152307,-0.00150199791237477,0.00265316541192667));
#2592=CARTESIAN_POINT('',(0.00265345839705425,-0.00149999980308258,0.00330461041245851));
#2593=CARTESIAN_POINT('',(0.00262843524630863,-0.00167400741024658,0.00326947918588282));
#2594=CARTESIAN_POINT('',(0.00256569700020712,-0.00209205914273147,0.00318717645588071));
#2595=CARTESIAN_POINT('',(0.0024550073711545,-0.002789831732729,0.00305461249392814));
#2596=CARTESIAN_POINT('',(0.0023492616633315,-0.00345296462716336,0.00292906620409937));
#2597=CARTESIAN_POINT('',(0.002267129441115,-0.00397933137143825,0.002827963884116));
#2598=CARTESIAN_POINT('',(0.0022220081064903,-0.00427838151965418,0.00276928869224805));
#2599=CARTESIAN_POINT('',(0.00220027406611839,-0.00442874421303145,0.00273901994566575));
#2600=CARTESIAN_POINT('',(0.00220001767405979,-0.00443040087197482,0.0027387008982982));
#2601=CARTESIAN_POINT('',(0.,-0.0044287445296457,0.));
#2602=CARTESIAN_POINT('',(0.00273902795620103,-0.0044287445296457,0.00220026396902711));
#2603=CARTESIAN_POINT('',(0.00273902801887861,-0.00442874420476433,0.00220026401937607));
#2604=CARTESIAN_POINT('',(0.0027694488108217,-0.00427772247867919,0.00222206918318138));
#2605=CARTESIAN_POINT('',(0.00282823747995499,-0.00397821033305755,0.00226723166816519));
#2606=CARTESIAN_POINT('',(0.00292931170727139,-0.00345201555379864,0.00234933094374688));
#2607=CARTESIAN_POINT('',(0.00305456842496026,-0.00279028697676561,0.00245488240403164));
#2608=CARTESIAN_POINT('',(0.00318732926884485,-0.00209127760913668,0.00256581559477869));
#2609=CARTESIAN_POINT('',(0.00326951793986999,-0.00167375543685553,0.00262848655360113));
#2610=CARTESIAN_POINT('',(0.00330459733057788,-0.00149999980245526,0.00265347468936115));
#2611=CARTESIAN_POINT('',(0.00162294341974235,-0.0044287445296457,0.000672245175421455));
#2612=CARTESIAN_POINT('',(-6.20963953705735E-20,-0.0044287445296457,1.4991395987812E-19));
#2613=CARTESIAN_POINT('',(0.00167928556237466,-0.0044287445296457,0.00205));
#2614=CARTESIAN_POINT('',(-0.00167928556237466,-0.0044287445296457,0.00205));
#2615=CARTESIAN_POINT('',(0.,-0.0044287445296457,0.00205));
#2616=CARTESIAN_POINT('',(0.0034505079906837,-0.0044287445296457,0.000664890692640729));
#2617=CARTESIAN_POINT('',(0.00336141208545438,-0.0044287445296457,0.00112736347044801));
#2618=CARTESIAN_POINT('',(0.00317410696395279,-0.0044287445296457,0.00157974566144847));
#2619=CARTESIAN_POINT('',(0.00291001446371427,-0.0044287445296457,0.00196974055929503));
#2620=CARTESIAN_POINT('',(0.00290938016377039,-0.00443000937645858,0.00196931011540416));
#2621=CARTESIAN_POINT('',(0.00344975626266478,-0.00443000120016601,0.000664740116903625));
#2622=CARTESIAN_POINT('',(0.00290879353846608,-0.0044287445296457,0.00196891303867966));
#2623=CARTESIAN_POINT('',(0.00285513018725027,-0.0044287445296457,0.00204819313191002));
#2624=CARTESIAN_POINT('',(0.00279832058237843,-0.0044287445296457,0.00212515067936096));
#2625=CARTESIAN_POINT('',(0.00273836472385057,-0.0044287445296457,0.0021997856810325));
#2626=CARTESIAN_POINT('',(0.00220037403098002,-0.0044287445296457,0.0027391446748589));
#2627=CARTESIAN_POINT('',(0.00212609472693328,-0.0044287445296457,0.0027986753157734));
#2628=CARTESIAN_POINT('',(0.00204871751695861,-0.0044287445296457,0.00285572086340796));
#2629=CARTESIAN_POINT('',(0.00196937349057053,-0.0044287445296457,0.00290948720216413));
#2630=CARTESIAN_POINT('',(0.00196917298877522,-0.00443014586929175,0.00290919131780975));
#2631=CARTESIAN_POINT('',(0.000664607530158358,-0.00443205720695275,0.00344905524648324));
#2632=CARTESIAN_POINT('',(0.000894827011353781,-0.00442814228517153,0.00339332384741684));
#2633=CARTESIAN_POINT('',(0.00135747727919971,-0.00443596748446852,0.00327753921170548));
#2634=CARTESIAN_POINT('',(0.00176669065760791,-0.00442814336927716,0.00303219298246575));
#2635=CARTESIAN_POINT('',(0.00196889778872464,-0.00443205701862369,0.00290880095349869));
#2636=CARTESIAN_POINT('',(0.000664697671645513,-0.00443012531071538,0.00344956331822628));
#2637=CARTESIAN_POINT('',(0.000664600402818345,-0.0044287445296457,0.00344905852485552));
#2638=CARTESIAN_POINT('',(0.000570593742469259,-0.0044287445296457,0.00346717270409758));
#2639=CARTESIAN_POINT('',(0.000476004611852696,-0.0044287445296457,0.00348141973747484));
#2640=CARTESIAN_POINT('',(0.000380833010968654,-0.0044287445296457,0.00349179962498729));
#2641=CARTESIAN_POINT('',(-0.00038095146209083,-0.0044287445296457,0.00349261376708362));
#2642=CARTESIAN_POINT('',(-0.000476237426799846,-0.0044287445296457,0.00348219295398491));
#2643=CARTESIAN_POINT('',(-0.000571214080300994,-0.0044287445296457,0.00346793924752648));
#2644=CARTESIAN_POINT('',(-0.000664779737225831,-0.0044287445296457,0.0034499864309881));
#2645=CARTESIAN_POINT('',(-0.000664698585533551,-0.00443012023272129,0.00344956348726326));
#2646=CARTESIAN_POINT('',(-0.00196890605189537,-0.00443205728807642,0.00290879628823489));
#2647=CARTESIAN_POINT('',(-0.0017667070593662,-0.00442814224865844,0.00303217879083498));
#2648=CARTESIAN_POINT('',(-0.00135768954601297,-0.00443596751935667,0.00327745170703839));
#2649=CARTESIAN_POINT('',(-0.000894843127951854,-0.00442814333619936,0.00339332373177616));
#2650=CARTESIAN_POINT('',(-0.000664608355750221,-0.00443205707889656,0.00344905471549408));
#2651=CARTESIAN_POINT('',(-0.00196923038182358,-0.00443009272520156,0.00290926546208384));
#2652=CARTESIAN_POINT('',(-0.00196891160289803,-0.0044287445296457,0.00290879451032182));
#2653=CARTESIAN_POINT('',(-0.00204819217381299,-0.0044287445296457,0.00285513089283184));
#2654=CARTESIAN_POINT('',(-0.00212515017335672,-0.0044287445296457,0.00279832098529697));
#2655=CARTESIAN_POINT('',(-0.00219978560152922,-0.0044287445296457,0.00273836478771722));
#2656=CARTESIAN_POINT('',(-0.00274078707229006,-0.0044287445296457,0.00220169042547104));
#2657=CARTESIAN_POINT('',(-0.0028005171939198,-0.0044287445296457,0.00212716000605822));
#2658=CARTESIAN_POINT('',(-0.00285718092433892,-0.0044287445296457,0.00205000681391297));
#2659=CARTESIAN_POINT('',(-0.00291077826354741,-0.0044287445296457,0.00197023084903527));
#2660=CARTESIAN_POINT('',(-0.00290969917904174,-0.00442981420161478,0.00196950623984341));
#2661=CARTESIAN_POINT('',(-0.00344905913874091,-0.00443205786289258,0.000664597216946214));
#2662=CARTESIAN_POINT('',(-0.00339332687692749,-0.0044281426628675,0.0008948208493541));
#2663=CARTESIAN_POINT('',(-0.00327753895171102,-0.00443596734917983,0.0013574791509421));
#2664=CARTESIAN_POINT('',(-0.00303218782786186,-0.00442814326164844,0.00176669945842624));
#2665=CARTESIAN_POINT('',(-0.00290879343314256,-0.00443205725715657,0.00196891011260261));
#2666=CARTESIAN_POINT('',(-0.0034504558682685,-0.00442968308533478,0.000664870125987346));
#2667=CARTESIAN_POINT('',(-0.00344905843784092,-0.0044287445296457,0.000664600854395445));
#2668=CARTESIAN_POINT('',(-0.00346717267327719,-0.0044287445296457,0.000570593968663525));
#2669=CARTESIAN_POINT('',(-0.00348141974414468,-0.0044287445296457,0.000476004609720206));
#2670=CARTESIAN_POINT('',(-0.00349179965044339,-0.0044287445296457,0.000380832777565489));
#2671=CARTESIAN_POINT('',(-0.0034933613429231,-0.00442874452964571,-0.000381034401773464));
#2672=CARTESIAN_POINT('',(-0.00348286872218338,-0.00442874452964571,-0.000475733827469559));
#2673=CARTESIAN_POINT('',(-0.00346843406667222,-0.00442874452964571,-0.00057032198359373));
#2674=CARTESIAN_POINT('',(-0.00345005737638964,-0.00442874452964571,-0.000664798870145975));
#2675=CARTESIAN_POINT('',(-0.00344958811467274,-0.00443010419756457,-0.00066470750586013));
#2676=CARTESIAN_POINT('',(-0.0029087943045775,-0.00443205786289258,-0.00196891190685675));
#2677=CARTESIAN_POINT('',(-0.00303217712685623,-0.00442814270123531,-0.00176671253644626));
#2678=CARTESIAN_POINT('',(-0.00327744947404524,-0.0044359672936765,-0.00135769353096712));
#2679=CARTESIAN_POINT('',(-0.00339332283975256,-0.00442814333633329,-0.000894846642727114));
#2680=CARTESIAN_POINT('',(-0.00344905397689469,-0.00443205702702839,-0.000664611407036711));
#2681=CARTESIAN_POINT('',(-0.00290931399610396,-0.00443004933519725,-0.00196927244814918));
#2682=CARTESIAN_POINT('',(-0.00290879023371203,-0.0044287445296457,-0.00196891792098257));
#2683=CARTESIAN_POINT('',(-0.00285512786822723,-0.0044287445296457,-0.00204819627127671));
#2684=CARTESIAN_POINT('',(-0.00279831938208645,-0.0044287445296457,-0.00212515216994899));
#2685=CARTESIAN_POINT('',(-0.00273836477528968,-0.0044287445296457,-0.00219978561699942));
#2686=CARTESIAN_POINT('',(-0.00220030868762306,-0.00442874452964571,-0.00273906310026698));
#2687=CARTESIAN_POINT('',(-0.00212586039733303,-0.00442874452964571,-0.002798776872901));
#2688=CARTESIAN_POINT('',(-0.00204836334104989,-0.00442874452964571,-0.00285599428411229));
#2689=CARTESIAN_POINT('',(-0.00196940708514027,-0.00442874452964571,-0.00290953483929446));
#2690=CARTESIAN_POINT('',(-0.0019691852980827,-0.00443013149756813,-0.00290920777001845));
#2691=CARTESIAN_POINT('',(-0.000664607579799448,-0.0044320572061086,-0.00344905523446615));
#2692=CARTESIAN_POINT('',(-0.000894827327803301,-0.00442814228076631,-0.00339332377014572));
#2693=CARTESIAN_POINT('',(-0.00135747812007451,-0.00443596749102784,-0.00327753894367265));
#2694=CARTESIAN_POINT('',(-0.00176669188449293,-0.00442814336030608,-0.00303219225919929));
#2695=CARTESIAN_POINT('',(-0.00196889923925868,-0.00443205704669839,-0.00290880006834515));
#2696=CARTESIAN_POINT('',(-0.00066470954765241,-0.00443009414648086,-0.00344961434852637));
#2697=CARTESIAN_POINT('',(-0.000664602372320935,-0.0044287445296457,-0.00344905814535073));
#2698=CARTESIAN_POINT('',(-0.000570595060155548,-0.0044287445296457,-0.00346717250586531));
#2699=CARTESIAN_POINT('',(-0.000476005268427466,-0.0044287445296457,-0.00348141966624702));
#2700=CARTESIAN_POINT('',(-0.00038083299713669,-0.0044287445296457,-0.00349179962649587));
#2701=CARTESIAN_POINT('',(0.000381103516618444,-0.00442874452964571,-0.00349398677117123));
#2702=CARTESIAN_POINT('',(0.000475909573248606,-0.00442874452964571,-0.00348348965180713));
#2703=CARTESIAN_POINT('',(0.000570507139165055,-0.00442874452964571,-0.00346900965472634));
#2704=CARTESIAN_POINT('',(0.000664896214367792,-0.00442874452964571,-0.00345054677992888));
#2705=CARTESIAN_POINT('',(0.00066474422641896,-0.00442999273270989,-0.00344977087575954));
#2706=CARTESIAN_POINT('',(0.00196891190685675,-0.00443205786289258,-0.0029087943045775));
#2707=CARTESIAN_POINT('',(0.00176671175916817,-0.00442814268618497,-0.00303217760115427));
#2708=CARTESIAN_POINT('',(0.00135769108890103,-0.00443596731544979,-0.00327745075175931));
#2709=CARTESIAN_POINT('',(0.000894842235559245,-0.00442814330703616,-0.00339332397831544));
#2710=CARTESIAN_POINT('',(0.000664606096729024,-0.00443205711729771,-0.00344905526231608));
#2711=CARTESIAN_POINT('',(0.00196948903571535,-0.00442984753525513,-0.00290963348779052));
#2712=CARTESIAN_POINT('',(0.00196891814604638,-0.0044287445296457,-0.00290879008136959));
#2713=CARTESIAN_POINT('',(0.00204819644535119,-0.0044287445296457,-0.00285512774145421));
#2714=CARTESIAN_POINT('',(0.00212515229560848,-0.0044287445296457,-0.00279831928472086));
#2715=CARTESIAN_POINT('',(0.00219978569681824,-0.0044287445296457,-0.00273836471116955));
#2716=CARTESIAN_POINT('',(0.00274152978477981,-0.0044287445296457,-0.00220228899918346));
#2717=CARTESIAN_POINT('',(0.00280139368045669,-0.0044287445296457,-0.00212770996155427));
#2718=CARTESIAN_POINT('',(0.00285810189300634,-0.0044287445296457,-0.0020505521657244));
#2719=CARTESIAN_POINT('',(0.00291165442242876,-0.0044287445296457,-0.00197081561169383));
#2720=CARTESIAN_POINT('',(0.00291009519147165,-0.00442962971035731,-0.00196976877052972));
#2721=CARTESIAN_POINT('',(0.00344905913874091,-0.00443205786289258,-0.000664597216946215));
#2722=CARTESIAN_POINT('',(0.00339332680359748,-0.00442814265771606,-0.000894821152272026));
#2723=CARTESIAN_POINT('',(0.0032775386705014,-0.00443596735687381,-0.00135748005158037));
#2724=CARTESIAN_POINT('',(0.00303218703555875,-0.00442814325113614,-0.00176670079996465));
#2725=CARTESIAN_POINT('',(0.00290879245900169,-0.00443205728805561,-0.00196891170896082));
#2726=CARTESIAN_POINT('',(0.0034506298929102,-0.00442961445793578,-0.000664920833139689));
#2727=CARTESIAN_POINT('',(0.00344905524841616,-0.0044287445296457,-0.000664617406240436));
#2728=CARTESIAN_POINT('',(0.0034671710021656,-0.0044287445296457,-0.000570605069275045));
#2729=CARTESIAN_POINT('',(0.00348141913746023,-0.0044287445296457,-0.000476010181263072));
#2730=CARTESIAN_POINT('',(0.00349179965430003,-0.0044287445296457,-0.000380832742204517));
#2731=CARTESIAN_POINT('',(0.00349129517060705,-0.0044287445296457,0.000396910927962584));
#2732=CARTESIAN_POINT('',(0.0034811820839579,-0.0044287445296457,0.000486914133600572));
#2733=CARTESIAN_POINT('',(0.00346758671370739,-0.0044287445296457,0.000576238871891123));
#2734=CARTESIAN_POINT('',(0.0034505090598555,-0.0044287445296457,0.000664885142834237));
#2735=CARTESIAN_POINT('',(0.,-0.0186261522854633,0.));
#2736=CARTESIAN_POINT('',(-0.00113743537027153,-0.000325199753300966,0.00414033093125997));
#2737=CARTESIAN_POINT('',(-0.00207612623959803,0.000499568153716405,0.00372762336217567));
#2738=CARTESIAN_POINT('',(-0.0026582600762755,0.00158452213659887,0.00331413989990709));
#2739=CARTESIAN_POINT('',(-0.00289361831810999,0.00284888643731939,0.00309465120764924));
#2740=CARTESIAN_POINT('',(-0.00274336307648921,0.00414366601202557,0.00323920253441541));
#2741=CARTESIAN_POINT('',(-0.00223699672932826,0.00527226552121391,0.00362760092291859));
#2742=CARTESIAN_POINT('',(-0.00139227350483526,0.00616524683849504,0.00405464274573768));
#2743=CARTESIAN_POINT('',(-0.000149541856552359,0.00662249540116081,0.00430573044012168));
#2744=CARTESIAN_POINT('',(0.00114717778360491,0.00631889236379406,0.00413690744075312));
#2745=CARTESIAN_POINT('',(0.00207966021976425,0.00549484514331647,0.00372531630843578));
#2746=CARTESIAN_POINT('',(0.00265894583188989,0.00441326989807413,0.00331348415517064));
#2747=CARTESIAN_POINT('',(0.00289349335085681,0.00314787205253006,0.00309479912790679));
#2748=CARTESIAN_POINT('',(0.002743597759235,0.00185897171368992,0.00323888946917402));
#2749=CARTESIAN_POINT('',(0.00223882162354223,0.000730127316776652,0.00362654566181881));
#2750=CARTESIAN_POINT('',(0.00139533122424733,-0.000161639639224787,0.00405281764619535));
#2751=CARTESIAN_POINT('',(0.000163845925923534,-0.000620700561825642,0.00430472590816231));
#2752=CARTESIAN_POINT('',(-0.00113743537027153,-0.000325199753300966,0.00414033093125997));
#2753=CARTESIAN_POINT('',(-0.00207612623959803,0.000499568153716405,0.00372762336217567));
#2754=CARTESIAN_POINT('',(-0.0026582600762755,0.00158452213659887,0.00331413989990709));
#2755=CARTESIAN_POINT('',(-0.00201670006748986,0.000542932499693921,0.00372749404664495));
#2756=CARTESIAN_POINT('',(0.0035096683557779,-0.0015,0.00237560919817179));
#2757=CARTESIAN_POINT('',(0.00383011969946926,-0.0015,0.00190218202783351));
#2758=CARTESIAN_POINT('',(0.00405335044571652,-0.0015,0.00136325476103515));
#2759=CARTESIAN_POINT('',(0.00416152026904095,-0.0015,0.000801897799191728));
#2760=CARTESIAN_POINT('',(0.00350930597674496,-0.00150174517818932,0.00237537493991502));
#2761=CARTESIAN_POINT('',(0.00416109832277675,-0.00150174707638686,0.000801808712532171));
#2762=CARTESIAN_POINT('',(0.,-0.00150434225035678,0.));
#2763=CARTESIAN_POINT('',(0.00421000092048405,-0.00150434225035678,0.000487014660467782));
#2764=CARTESIAN_POINT('',(0.00421000092048406,-0.0015043422503569,0.000487014660467749));
#2765=CARTESIAN_POINT('',(0.00421102552999982,-0.00150289597163351,0.000478157417853499));
#2766=CARTESIAN_POINT('',(0.0042120221878564,-0.00150144969291013,0.000469296941779908));
#2767=CARTESIAN_POINT('',(0.00421299087420251,-0.00150000341418675,0.000460433408728675));
#2768=CARTESIAN_POINT('',(0.,-0.00150434225035678,0.));
#2769=CARTESIAN_POINT('',(0.00416103861796601,-0.00150199793775204,-0.000801787137663087));
#2770=CARTESIAN_POINT('',(0.00416055232002048,-0.00150399606141223,-0.000801703393786459));
#2771=CARTESIAN_POINT('',(0.00409332456435352,-0.00149927358182844,-0.00107941469920512));
#2772=CARTESIAN_POINT('',(0.00395365902383416,-0.00150871441109831,-0.00163750606691729));
#2773=CARTESIAN_POINT('',(0.00365769476254371,-0.00149927396375372,-0.00213113344929122));
#2774=CARTESIAN_POINT('',(0.00350885015726751,-0.00150399576847194,-0.00237505524857615));
#2775=CARTESIAN_POINT('',(0.00350930521884061,-0.00150174707665163,-0.00237537646358892));
#2776=CARTESIAN_POINT('',(0.,-0.00150434225035678,0.));
#2777=CARTESIAN_POINT('',(0.00332129017805755,-0.00150434225035678,-0.0026325505851029));
#2778=CARTESIAN_POINT('',(0.00332129017805752,-0.0015043422503569,-0.00263255058510294));
#2779=CARTESIAN_POINT('',(0.00331575167191402,-0.00150289597351915,-0.00263953809985749));
#2780=CARTESIAN_POINT('',(0.00331019111461498,-0.0015014496966814,-0.00264650813622856));
#2781=CARTESIAN_POINT('',(0.00330460861691457,-0.00150000341984365,-0.00265346055538822));
#2782=CARTESIAN_POINT('',(0.,-0.00150434225035678,0.));
#2783=CARTESIAN_POINT('',(0.00237534950143697,-0.00150199793775204,-0.00350924774565));
#2784=CARTESIAN_POINT('',(0.00237506485272517,-0.00150399606141231,-0.00350884466521217));
#2785=CARTESIAN_POINT('',(0.00213115610149069,-0.00149927358178884,-0.00365767901181758));
#2786=CARTESIAN_POINT('',(0.00163776745568151,-0.0015087144111558,-0.00395355075376384));
#2787=CARTESIAN_POINT('',(0.00107944184490858,-0.00149927396367659,-0.0040933196867063));
#2788=CARTESIAN_POINT('',(0.000801714054445411,-0.00150399576870936,-0.00416054941571276));
#2789=CARTESIAN_POINT('',(0.000801808697574701,-0.00150174708895493,-0.00416109832250007));
#2790=CARTESIAN_POINT('',(0.,-0.00150434225035678,0.));
#2791=CARTESIAN_POINT('',(0.000487014625371981,-0.00150434225035678,-0.00421000092454395));
#2792=CARTESIAN_POINT('',(0.000487014625371947,-0.0015043422503569,-0.00421000092454396));
#2793=CARTESIAN_POINT('',(0.000478157382890098,-0.00150289597166378,-0.00421102553396957));
#2794=CARTESIAN_POINT('',(0.000469296906949245,-0.00150144969297066,-0.00421202219173687));
#2795=CARTESIAN_POINT('',(0.000460433374031077,-0.00150000341427755,-0.00421299087799458));
#2796=CARTESIAN_POINT('',(0.,-0.00150434225035678,0.));
#2797=CARTESIAN_POINT('',(-0.000801787137643618,-0.00150199793775204,-0.00416103861796976));
#2798=CARTESIAN_POINT('',(-0.000801703393767218,-0.00150399606141256,-0.00416055232002514));
#2799=CARTESIAN_POINT('',(-0.00107941470881886,-0.00149927358166458,-0.0040933245620265));
#2800=CARTESIAN_POINT('',(-0.00163750609552963,-0.0015087144113362,-0.00395365901488253));
#2801=CARTESIAN_POINT('',(-0.00213113349195729,-0.00149927396343459,-0.0036576947373958));
#2802=CARTESIAN_POINT('',(-0.00237505529932447,-0.00150399576945432,-0.00350885012630016));
#2803=CARTESIAN_POINT('',(-0.00237537650564603,-0.0015017471275814,-0.00350930517519487));
#2804=CARTESIAN_POINT('',(0.,-0.00150434225035678,0.));
#2805=CARTESIAN_POINT('',(-0.00263254840153359,-0.00150434225035678,-0.00332129190881653));
#2806=CARTESIAN_POINT('',(-0.00263254840153362,-0.0015043422503569,-0.0033212919088165));
#2807=CARTESIAN_POINT('',(-0.00263953592859593,-0.0015028959711732,-0.00331575340039762));
#2808=CARTESIAN_POINT('',(-0.00264650597724589,-0.0015014496919895,-0.003310192840757));
#2809=CARTESIAN_POINT('',(-0.00265345840865501,-0.0015000034128058,-0.00330461034064914));
#2810=CARTESIAN_POINT('',(0.,-0.00150434225035678,0.));
#2811=CARTESIAN_POINT('',(-0.00350924774565064,-0.00150199793775204,-0.00237534950143603));
#2812=CARTESIAN_POINT('',(-0.00350884466521276,-0.00150399606141229,-0.0023750648527242));
#2813=CARTESIAN_POINT('',(-0.00365767901976078,-0.00149927358153682,-0.0021311560884734));
#2814=CARTESIAN_POINT('',(-0.00395355077516448,-0.00150871441152178,-0.00163776741478704));
#2815=CARTESIAN_POINT('',(-0.00409331970577179,-0.00149927396318552,-0.00107944177110446));
#2816=CARTESIAN_POINT('',(-0.00416054943723953,-0.00150399577022127,-0.000801713965517791));
#2817=CARTESIAN_POINT('',(-0.00416109832077408,-0.00150174716732559,-0.000801808604308481));
#2818=CARTESIAN_POINT('',(0.,-0.00150434225035678,0.));
#2819=CARTESIAN_POINT('',(-0.00421000086970002,-0.00150434225035678,-0.000487015099470508));
#2820=CARTESIAN_POINT('',(-0.00421000086970003,-0.0015043422503569,-0.000487015099470444));
#2821=CARTESIAN_POINT('',(-0.00421102548033898,-0.00150289597126395,-0.000478157855237604));
#2822=CARTESIAN_POINT('',(-0.0042120221393082,-0.001501449692171,-0.000469297377541249));
#2823=CARTESIAN_POINT('',(-0.00421299082675638,-0.00150000341307805,-0.000460433842863178));
#2824=CARTESIAN_POINT('',(0.,-0.00150434225035678,0.));
#2825=CARTESIAN_POINT('',(-0.00416103861796653,-0.00150199793775204,0.000801787137660409));
#2826=CARTESIAN_POINT('',(-0.00416055232002112,-0.00150399606141227,0.000801703393783812));
#2827=CARTESIAN_POINT('',(-0.00409332455867357,-0.00149927358142939,0.00107941472266858));
#2828=CARTESIAN_POINT('',(-0.00395365900201017,-0.0015087144116778,0.00163750613666009));
#2829=CARTESIAN_POINT('',(-0.00365769470125942,-0.00149927396297618,0.00213113355326623));
#2830=CARTESIAN_POINT('',(-0.00350885008180636,-0.0015039957708658,0.00237505537223949));
#2831=CARTESIAN_POINT('',(-0.00350930511248874,-0.00150174720073759,0.00237537656607635));
#2832=CARTESIAN_POINT('',(0.,-0.00150434225035678,0.));
#2833=CARTESIAN_POINT('',(-0.00332129097230256,-0.00150434225035678,0.00263254958306366));
#2834=CARTESIAN_POINT('',(-0.00332129097230254,-0.0015043422503569,0.00263254958306369));
#2835=CARTESIAN_POINT('',(-0.00331575246512041,-0.0015028959724474,0.00263953710345928));
#2836=CARTESIAN_POINT('',(-0.0033101919067524,-0.0015014496945379,0.00264650714545817));
#2837=CARTESIAN_POINT('',(-0.00330460940795284,-0.0015000034166284,0.00265345957023218));
#2838=CARTESIAN_POINT('',(0.,-0.00150434225035678,0.));
#2839=CARTESIAN_POINT('',(-0.0023753495014361,-0.00150199793775204,0.00350924774565059));
#2840=CARTESIAN_POINT('',(-0.00237506485272427,-0.00150399606141229,0.00350884466521272));
#2841=CARTESIAN_POINT('',(-0.00213115585992211,-0.00149927357711169,0.00365767915922393));
#2842=CARTESIAN_POINT('',(-0.00163776669674623,-0.00150871441794792,0.00395355115092681));
#2843=CARTESIAN_POINT('',(-0.00107944047520932,-0.00149927395456295,0.00409332004053469));
#2844=CARTESIAN_POINT('',(-0.00080171240407169,-0.00150399579676838,0.00416054981521963));
#2845=CARTESIAN_POINT('',(-0.000801806966641961,-0.00150174854437754,0.0041610982902309));
#2846=CARTESIAN_POINT('',(0.,-0.00150434225035678,0.));
#2847=CARTESIAN_POINT('',(-0.000487015156069401,-0.00150434225035678,0.00421000086315263));
#2848=CARTESIAN_POINT('',(-0.00048701515606936,-0.0015043422503569,0.00421000086315263));
#2849=CARTESIAN_POINT('',(-0.000478157911848444,-0.00150289597126708,0.00421102547391088));
#2850=CARTESIAN_POINT('',(-0.000469297434163635,-0.00150144969217726,0.00421202213299942));
#2851=CARTESIAN_POINT('',(-0.000460433899496733,-0.00150000341308745,0.00421299082056695));
#2852=CARTESIAN_POINT('',(0.,-0.00150434225035678,0.));
#2853=CARTESIAN_POINT('',(0.000801787137628172,-0.00150199793775204,0.00416103861797274));
#2854=CARTESIAN_POINT('',(0.000801703393751954,-0.00150399606141282,0.00416055232002883));
#2855=CARTESIAN_POINT('',(0.0010794147078705,-0.00149927358168041,0.00409332456225629));
#2856=CARTESIAN_POINT('',(0.00163750609274157,-0.00150871441131315,0.00395365901575645));
#2857=CARTESIAN_POINT('',(0.00213113348780904,-0.00149927396346555,0.00365769473984088));
#2858=CARTESIAN_POINT('',(0.0023750552943934,-0.00150399576935886,0.00350885012930916));
#2859=CARTESIAN_POINT('',(0.00237537650156082,-0.0015017471226232,0.00350930517943772));
#2860=CARTESIAN_POINT('',(0.,-0.00150434225035678,0.));
#2861=CARTESIAN_POINT('',(0.00263254835864017,-0.00150434225035678,0.00332129194281504));
#2862=CARTESIAN_POINT('',(0.00263254835864021,-0.0015043422503569,0.00332129194281501));
#2863=CARTESIAN_POINT('',(0.00263953588594492,-0.0015028959711268,0.00331575343435093));
#2864=CARTESIAN_POINT('',(0.00264650593483672,-0.0015014496918967,0.00331019287466381));
#2865=CARTESIAN_POINT('',(0.00265345836648708,-0.0015000034126666,0.00330461037450815));
#2866=CARTESIAN_POINT('',(0.,-0.00150434225035678,0.));
#2867=CARTESIAN_POINT('',(0.,0.013,0.));
#2868=CARTESIAN_POINT('',(-0.00162184159889586,0.013,0.00391547198407524));
#2869=CARTESIAN_POINT('',(0.00669285780366568,-0.00329246566988467,0.00240985122918739));
#2870=CARTESIAN_POINT('',(0.00666434393875511,-0.00335779258862302,0.00239958440438692));
#2871=CARTESIAN_POINT('',(0.00659935109548843,-0.00350669406450244,0.00237618298416435));
#2872=CARTESIAN_POINT('',(0.00649787464269529,-0.00373917917443831,0.00233964557995472));
#2873=CARTESIAN_POINT('',(0.00638845568044692,-0.00398986168184311,0.00230024825121806));
#2874=CARTESIAN_POINT('',(0.00627900395518136,-0.00424062036171671,0.0022608389062915));
#2875=CARTESIAN_POINT('',(0.00617761243606674,-0.00447291493732301,0.00222433126948523));
#2876=CARTESIAN_POINT('',(0.00611272560692055,-0.00462157201766991,0.00220096839325629));
#2877=CARTESIAN_POINT('',(0.00608430924629484,-0.0046866754846173,0.00219073669717433));
#2878=CARTESIAN_POINT('',(0.00664016399758955,-0.00329293627362893,0.00255036088778914));
#2879=CARTESIAN_POINT('',(0.00661187862230291,-0.00335825453122844,0.00253949303634856));
#2880=CARTESIAN_POINT('',(0.00654739030532759,-0.00350716104115454,0.00251473433752487));
#2881=CARTESIAN_POINT('',(0.00644663199943808,-0.00373977743978393,0.00247611096122083));
#2882=CARTESIAN_POINT('',(0.00633816396601087,-0.00399033982577367,0.00243431678208943));
#2883=CARTESIAN_POINT('',(0.0062295452856424,-0.00424114437309195,0.00239261983370195));
#2884=CARTESIAN_POINT('',(0.00612897284531524,-0.00447338790541525,0.00235398285028173));
#2885=CARTESIAN_POINT('',(0.00606456610558739,-0.00462210580540272,0.00232925798909849));
#2886=CARTESIAN_POINT('',(0.00603637627744187,-0.00468720381811778,0.00231842648738588));
#2887=CARTESIAN_POINT('',(0.00660013134147862,-0.0032928750177758,0.00265392077188843));
#2888=CARTESIAN_POINT('',(0.00657201455281607,-0.00335819864335333,0.00264261090671487));
#2889=CARTESIAN_POINT('',(0.00650790656858737,-0.00350711132842631,0.002616859659745));
#2890=CARTESIAN_POINT('',(0.00640782344638469,-0.00373957770189718,0.00257666916161733));
#2891=CARTESIAN_POINT('',(0.00629986731151018,-0.00399044402848623,0.00253318829962042));
#2892=CARTESIAN_POINT('',(0.0061919400598751,-0.00424116938800355,0.0024897997187978));
#2893=CARTESIAN_POINT('',(0.00609196428081999,-0.00447344006698783,0.00244958795755335));
#2894=CARTESIAN_POINT('',(0.00602795486570447,-0.0046221344541868,0.00242386386273834));
#2895=CARTESIAN_POINT('',(0.00599993691241708,-0.00468722883848645,0.00241259280170315));
#2896=CARTESIAN_POINT('',(0.00654352538326425,-0.00329293157033273,0.00279036032311681));
#2897=CARTESIAN_POINT('',(0.00651564703233039,-0.00335825449309661,0.00277847625193216));
#2898=CARTESIAN_POINT('',(0.00645211404843111,-0.0035071510893241,0.00275135687623557));
#2899=CARTESIAN_POINT('',(0.00635291148891258,-0.00373965521958895,0.00270900046033937));
#2900=CARTESIAN_POINT('',(0.00624586620547937,-0.00399043196929766,0.00266342481027672));
#2901=CARTESIAN_POINT('',(0.00613886079798687,-0.00424118183308416,0.00261778538239027));
#2902=CARTESIAN_POINT('',(0.00603973441876346,-0.00447345158902018,0.00257552621267612));
#2903=CARTESIAN_POINT('',(0.00597628849188927,-0.00462213432514396,0.00254845682232409));
#2904=CARTESIAN_POINT('',(0.00594850124942153,-0.00468724343683342,0.00253661251245806));
#2905=CARTESIAN_POINT('',(0.00649821264774962,-0.00329279944928698,0.00289310407679761));
#2906=CARTESIAN_POINT('',(0.00647053011454756,-0.00335811598178244,0.00288078333944333));
#2907=CARTESIAN_POINT('',(0.00640741709190975,-0.00350708285085966,0.00285263859791969));
#2908=CARTESIAN_POINT('',(0.00630889105871162,-0.00373958915955238,0.00280875003514938));
#2909=CARTESIAN_POINT('',(0.00620257892971268,-0.00399045770729026,0.00276141119795493));
#2910=CARTESIAN_POINT('',(0.00609631994999223,-0.00424118132493616,0.00271411033258951));
#2911=CARTESIAN_POINT('',(0.0059978763234677,-0.00447345972222292,0.00267029507260375));
#2912=CARTESIAN_POINT('',(0.00593487299545746,-0.0046221379767294,0.00264222932887965));
#2913=CARTESIAN_POINT('',(0.0059072843031772,-0.004687230981373,0.00262995265468217));
#2914=CARTESIAN_POINT('',(0.00643661238019193,-0.00329240360806518,0.00302855438659453));
#2915=CARTESIAN_POINT('',(0.00640918954794242,-0.00335773237527882,0.00301565146162128));
#2916=CARTESIAN_POINT('',(0.0063466803258124,-0.00350664620226939,0.00298623948984169));
#2917=CARTESIAN_POINT('',(0.00624910043358833,-0.00373910470087011,0.00294032559751446));
#2918=CARTESIAN_POINT('',(0.0061438519557458,-0.00398983537157685,0.00289080338082192));
#2919=CARTESIAN_POINT('',(0.00603859041595199,-0.00424059627298067,0.0028412757965244));
#2920=CARTESIAN_POINT('',(0.00594108277969226,-0.00447288640335726,0.00279539665520043));
#2921=CARTESIAN_POINT('',(0.00587867814976556,-0.0046215500325849,0.00276603371446594));
#2922=CARTESIAN_POINT('',(0.00585135070498306,-0.00468665141360429,0.0027531756088667));
#2923=CARTESIAN_POINT('',(0.00643254476767455,-0.0033020937841602,0.00302664050244916));
#2924=CARTESIAN_POINT('',(0.00652650974507297,-0.00329894025802913,0.00282422346372563));
#2925=CARTESIAN_POINT('',(0.00661196839709221,-0.00329894403310334,0.00261791158438358));
#2926=CARTESIAN_POINT('',(0.00668865468315283,-0.0033020952599865,0.00240833783611865));
#2927=CARTESIAN_POINT('',(0.00643254464478061,-0.00330209366397947,0.00302664066026444));
#2928=CARTESIAN_POINT('',(0.00668865470786639,-0.00330209513981536,0.00240833763758079));
#2929=CARTESIAN_POINT('',(0.00677537896144951,-0.00248537125588194,0.00318795110924808));
#2930=CARTESIAN_POINT('',(0.00674029624681666,-0.0025689471501547,0.00317144364017714));
#2931=CARTESIAN_POINT('',(0.00667013075482973,-0.00273609908811804,0.00313842867252306));
#2932=CARTESIAN_POINT('',(0.00656487849101344,-0.00298683747981931,0.00308890505210951));
#2933=CARTESIAN_POINT('',(0.00645960905673013,-0.00323761933848118,0.00303937493464612));
#2934=CARTESIAN_POINT('',(0.0063543444901519,-0.00348838834099508,0.00298984567968513));
#2935=CARTESIAN_POINT('',(0.00624910043358833,-0.00373910470087011,0.00294032559751446));
#2936=CARTESIAN_POINT('',(0.0061438519557458,-0.00398983537157685,0.00289080338082192));
#2937=CARTESIAN_POINT('',(0.00603859041595199,-0.00424059627298067,0.0028412757965244));
#2938=CARTESIAN_POINT('',(0.00593332334652321,-0.00449137151705325,0.00279174569877678));
#2939=CARTESIAN_POINT('',(0.00582808351924699,-0.0047420791299295,0.00274222763901661));
#2940=CARTESIAN_POINT('',(0.00572278961055403,-0.00499292255495025,0.00269268614883556));
#2941=CARTESIAN_POINT('',(0.00561756230161206,-0.00524359711079344,0.00264317369153334));
#2942=CARTESIAN_POINT('',(0.00554737893755354,-0.00541079430527693,0.00261015106263976));
#2943=CARTESIAN_POINT('',(0.00551228770383928,-0.00549439183450192,0.00259363995913384));
#2944=CARTESIAN_POINT('',(0.00585485123864641,-0.0046783117832577,0.00275482289593196));
#2945=CARTESIAN_POINT('',(0.00608796000005101,-0.00467831140949544,0.00219205119938966));
#2946=CARTESIAN_POINT('',(0.00601646070041432,-0.00467935979682293,0.00238217470683817));
#2947=CARTESIAN_POINT('',(0.00593872847333045,-0.00467935902892734,0.00256984076510707));
#2948=CARTESIAN_POINT('',(0.00585485143043227,-0.00467831173926693,0.00275482277048444));
#2949=CARTESIAN_POINT('',(0.00608795995303861,-0.00467831145351917,0.00219205097509522));
#2950=CARTESIAN_POINT('',(0.00704511565680165,-0.00248542539196614,0.00253668590575718));
#2951=CARTESIAN_POINT('',(0.00700863946750092,-0.00256899309894843,0.00252355240332838));
#2952=CARTESIAN_POINT('',(0.00693568702368697,-0.00273612866231618,0.00249728537499059));
#2953=CARTESIAN_POINT('',(0.00682624012492699,-0.00298687654721037,0.00245787773051976));
#2954=CARTESIAN_POINT('',(0.00671676566023934,-0.00323769194115919,0.00241845925956724));
#2955=CARTESIAN_POINT('',(0.00660732129421856,-0.00348843407485003,0.00237905251019781));
#2956=CARTESIAN_POINT('',(0.00649787463168097,-0.00373917913618598,0.0023396453685441));
#2957=CARTESIAN_POINT('',(0.00638845566932358,-0.00398986164357685,0.00230024803986403));
#2958=CARTESIAN_POINT('',(0.00627900394409347,-0.00424062032345564,0.00226083869492439));
#2959=CARTESIAN_POINT('',(0.00616954392133764,-0.00449140036652078,0.00222142586444276));
#2960=CARTESIAN_POINT('',(0.00606011881591701,-0.00474209496536581,0.0021820268647057));
#2961=CARTESIAN_POINT('',(0.0059506109383911,-0.00499299333335908,0.00214259488708181));
#2962=CARTESIAN_POINT('',(0.00584120082524793,-0.00524364921480982,0.00210320218129065));
#2963=CARTESIAN_POINT('',(0.00576824533405881,-0.00541079289939498,0.0020769338140372));
#2964=CARTESIAN_POINT('',(0.00573176805448694,-0.00549436367401262,0.00206379979820669));
#2965=CARTESIAN_POINT('',(0.00555663833005206,-0.00195311387246299,0.00107067186639363));
#2966=CARTESIAN_POINT('',(0.00554703380423751,-0.00198193312393686,0.00106882113561414));
#2967=CARTESIAN_POINT('',(0.00550834908086819,-0.00209801020130026,0.00106136669191312));
#2968=CARTESIAN_POINT('',(0.00544058085683286,-0.00230135556745337,0.00104830641145013));
#2969=CARTESIAN_POINT('',(0.00535333372610186,-0.0025631516269704,0.00103149298335413));
#2970=CARTESIAN_POINT('',(0.00526610163167106,-0.00282489626513942,0.00101468476923907));
#2971=CARTESIAN_POINT('',(0.00517887125251162,-0.00308663358306569,0.000997878571923634));
#2972=CARTESIAN_POINT('',(0.00509163075834866,-0.00334840839245663,0.000981067103163566));
#2973=CARTESIAN_POINT('',(0.0050044051398351,-0.00361012992384716,0.000964262627459938));
#2974=CARTESIAN_POINT('',(0.00491716600927113,-0.00387189810711093,0.000947451976000627));
#2975=CARTESIAN_POINT('',(0.00482992227581532,-0.00413368181320877,0.00093063882735671));
#2976=CARTESIAN_POINT('',(0.00474270719877897,-0.00439536833480558,0.000913839546005002));
#2977=CARTESIAN_POINT('',(0.00466169386730913,-0.00463845181270102,0.000898228873462577));
#2978=CARTESIAN_POINT('',(0.00460974126126654,-0.00479434408562341,0.00088821629663007));
#2979=CARTESIAN_POINT('',(0.00458687379262513,-0.00486296192919105,0.000883809088904115));
#2980=CARTESIAN_POINT('',(0.00558880382283141,-0.00196387580545145,0.00108092076038667));
#2981=CARTESIAN_POINT('',(0.00557915568187039,-0.00199267824326212,0.00107905613537082));
#2982=CARTESIAN_POINT('',(0.00554038469977638,-0.00210872117433187,0.00107157417282637));
#2983=CARTESIAN_POINT('',(0.00547340731432762,-0.00231236043099158,0.00105876533547958));
#2984=CARTESIAN_POINT('',(0.00537983165419658,-0.00257200843557898,0.00103993556967797));
#2985=CARTESIAN_POINT('',(0.00531387286077719,-0.00284088440056896,0.00102990530975427));
#2986=CARTESIAN_POINT('',(0.00522565690581472,-0.00310229521985956,0.00101278494220404));
#2987=CARTESIAN_POINT('',(0.00511672083405075,-0.00335678682070951,0.000989060870617131));
#2988=CARTESIAN_POINT('',(0.00503466677538942,-0.00362024480555377,0.000973903971404301));
#2989=CARTESIAN_POINT('',(0.00494539972031715,-0.00388133480519675,0.000956447360979862));
#2990=CARTESIAN_POINT('',(0.00485805022217382,-0.00414310795593544,0.000939599500011686));
#2991=CARTESIAN_POINT('',(0.00477022711315986,-0.00440456599346481,0.00092260661079775));
#2992=CARTESIAN_POINT('',(0.00468875481466257,-0.00464754725373628,0.000906850001708709));
#2993=CARTESIAN_POINT('',(0.00463651159822476,-0.00480331825682979,0.000896744527495962));
#2994=CARTESIAN_POINT('',(0.00461351636840932,-0.00487188041515485,0.000892296458590696));
#2995=CARTESIAN_POINT('',(0.00562140512959894,-0.00197542384669303,0.00109280090719233));
#2996=CARTESIAN_POINT('',(0.00561170362630965,-0.00200420813986699,0.00109091635006391));
#2997=CARTESIAN_POINT('',(0.005572744468684,-0.00212018398921482,0.001083360594802));
#2998=CARTESIAN_POINT('',(0.00550571929651064,-0.00232376894602416,0.00107049084778922));
#2999=CARTESIAN_POINT('',(0.0054099925568877,-0.00258256704449493,0.00105109524681819));
#3000=CARTESIAN_POINT('',(0.00534965175745578,-0.00285373023640206,0.00104229605527884));
#3001=CARTESIAN_POINT('',(0.0052607798505062,-0.00311492207022026,0.00102495457676156));
#3002=CARTESIAN_POINT('',(0.00514536628637551,-0.00336681619579483,0.000999662432844818));
#3003=CARTESIAN_POINT('',(0.00506439670333659,-0.00363074774566983,0.00098468838650217));
#3004=CARTESIAN_POINT('',(0.00497420289071549,-0.00389143736068082,0.000966951988433975));
#3005=CARTESIAN_POINT('',(0.00488644992797078,-0.00415309608151137,0.000949941273124236));
#3006=CARTESIAN_POINT('',(0.00479808920000004,-0.00441434457649399,0.000932756571090322));
#3007=CARTESIAN_POINT('',(0.00471613201521494,-0.00465721338876493,0.000916822526218248));
#3008=CARTESIAN_POINT('',(0.00466359405993562,-0.00481285782885939,0.000906609665389336));
#3009=CARTESIAN_POINT('',(0.00464046976905691,-0.00488136202457719,0.000902114594177073));
#3010=CARTESIAN_POINT('',(0.00568757529894274,-0.0019997331680074,0.00112005955085458));
#3011=CARTESIAN_POINT('',(0.00567775731718978,-0.00202846945603692,0.00111812673853779));
#3012=CARTESIAN_POINT('',(0.00563830161417048,-0.00214424547932222,0.00111036361841156));
#3013=CARTESIAN_POINT('',(0.00557011795489689,-0.0023474121885218,0.00109699360701227));
#3014=CARTESIAN_POINT('',(0.00547508394291166,-0.00260640451496805,0.00107799683738133));
#3015=CARTESIAN_POINT('',(0.00540725890825572,-0.00287494741722092,0.00106568763967185));
#3016=CARTESIAN_POINT('',(0.00531748656440945,-0.00313585783123153,0.00104798714813638));
#3017=CARTESIAN_POINT('',(0.0052073013172736,-0.0033894167440711,0.001025258086179));
#3018=CARTESIAN_POINT('',(0.00512361694732173,-0.00365241417954842,0.00100905624469827));
#3019=CARTESIAN_POINT('',(0.00503283341120192,-0.00391287575596456,0.000991106626286591));
#3020=CARTESIAN_POINT('',(0.00494392937694358,-0.00417408859097113,0.00097361336752357));
#3021=CARTESIAN_POINT('',(0.00485455659034098,-0.00443498966647466,0.000956013457912411));
#3022=CARTESIAN_POINT('',(0.00477163235305958,-0.00467748133544231,0.000939682173949245));
#3023=CARTESIAN_POINT('',(0.00471848843939247,-0.00483288661740935,0.000929219580861791));
#3024=CARTESIAN_POINT('',(0.00469509801761669,-0.00490128565695775,0.000924614794939493));
#3025=CARTESIAN_POINT('',(0.00572103466199402,-0.0020124164626245,0.00113541609406265));
#3026=CARTESIAN_POINT('',(0.00571116553978632,-0.00204113169461566,0.00113346071168555));
#3027=CARTESIAN_POINT('',(0.00567155265638115,-0.00215684389684997,0.00112563654395765));
#3028=CARTESIAN_POINT('',(0.00560360775868637,-0.00236011990491092,0.00111247415048168));
#3029=CARTESIAN_POINT('',(0.0055048701413226,-0.002617654528335,0.00109129773702486));
#3030=CARTESIAN_POINT('',(0.00544839568637629,-0.00289068326582277,0.00108598898108323));
#3031=CARTESIAN_POINT('',(0.00535782799331662,-0.00315131005402109,0.00106788299374985));
#3032=CARTESIAN_POINT('',(0.00523558278824717,-0.00340004916561159,0.00103787626723276));
#3033=CARTESIAN_POINT('',(0.00515446374612195,-0.00366408325617945,0.00102331866189965));
#3034=CARTESIAN_POINT('',(0.00506232220815771,-0.0039240263867458,0.00100462079158126));
#3035=CARTESIAN_POINT('',(0.00497311742322722,-0.00418511740903319,0.000987022455734794));
#3036=CARTESIAN_POINT('',(0.00488315553420622,-0.00444580740044243,0.000969143188581584));
#3037=CARTESIAN_POINT('',(0.00479976748295149,-0.00468808362060494,0.000952601048661694));
#3038=CARTESIAN_POINT('',(0.00474631204762221,-0.00484337208818321,0.000941995630364882));
#3039=CARTESIAN_POINT('',(0.00472278392322036,-0.00491172059468423,0.00093732766351904));
#3040=CARTESIAN_POINT('',(0.00582314004727517,-0.00205168505159328,0.00118718456556698));
#3041=CARTESIAN_POINT('',(0.00581310080633104,-0.00208034131435886,0.00118514685290223));
#3042=CARTESIAN_POINT('',(0.0057728668280517,-0.00219583972010494,0.00117705400861067));
#3043=CARTESIAN_POINT('',(0.00570450920099313,-0.00239899105653847,0.00116408390326837));
#3044=CARTESIAN_POINT('',(0.0056001096258078,-0.00265411040564398,0.00113806805156744));
#3045=CARTESIAN_POINT('',(0.00555717708474547,-0.0029332890452599,0.00114697756422542));
#3046=CARTESIAN_POINT('',(0.00546467606318196,-0.00319312872318896,0.00112772907265978));
#3047=CARTESIAN_POINT('',(0.00532607916336646,-0.00343468975646637,0.00108227633502868));
#3048=CARTESIAN_POINT('',(0.00524730581585063,-0.00369987583507263,0.00107082496454298));
#3049=CARTESIAN_POINT('',(0.00515249613004371,-0.00395874812751921,0.00105026073783795));
#3050=CARTESIAN_POINT('',(0.00506198044707427,-0.00421931763522715,0.00103213318841388));
#3051=CARTESIAN_POINT('',(0.00497034111582745,-0.00447934891070567,0.00101336600475786));
#3052=CARTESIAN_POINT('',(0.0048854880638218,-0.00472103283951253,0.000996089105043972));
#3053=CARTESIAN_POINT('',(0.00483108006249161,-0.00487596752961504,0.000985001815433506));
#3054=CARTESIAN_POINT('',(0.00480713211473209,-0.00494416139596997,0.000980121305761944));
#3055=CARTESIAN_POINT('',(0.00589241702058341,-0.00207918397054084,0.00122902826995787));
#3056=CARTESIAN_POINT('',(0.00588225665861732,-0.00210779192590281,0.00122691989229467));
#3057=CARTESIAN_POINT('',(0.00584152215295967,-0.00222309541441714,0.00121855498635724));
#3058=CARTESIAN_POINT('',(0.00577215410565323,-0.00242590164170819,0.00120524059866491));
#3059=CARTESIAN_POINT('',(0.0056674640310998,-0.00268068249628952,0.00117774792628531));
#3060=CARTESIAN_POINT('',(0.00562046662703855,-0.00295907382330817,0.0011890620380544));
#3061=CARTESIAN_POINT('',(0.00552696716650581,-0.0032184389415216,0.0011690983519007));
#3062=CARTESIAN_POINT('',(0.00539011944065222,-0.00346006476913283,0.00111998122951605));
#3063=CARTESIAN_POINT('',(0.00530949517988525,-0.00372469944588642,0.00110867683070248));
#3064=CARTESIAN_POINT('',(0.0052138007165066,-0.00398317811534715,0.00108723908561908));
#3065=CARTESIAN_POINT('',(0.00512214956179991,-0.00424328378481603,0.00106851456639722));
#3066=CARTESIAN_POINT('',(0.00502940975937171,-0.00450298147330341,0.00104906318634645));
#3067=CARTESIAN_POINT('',(0.00494353792304921,-0.00474427620104978,0.00103117649363204));
#3068=CARTESIAN_POINT('',(0.00488849200852605,-0.00489892766913185,0.00101970418305153));
#3069=CARTESIAN_POINT('',(0.00486426391515219,-0.00496699547981849,0.00101465445215186));
#3070=CARTESIAN_POINT('',(0.00610251114022428,-0.002166217067433,0.00137600622401025));
#3071=CARTESIAN_POINT('',(0.00609197988134346,-0.00219467407928939,0.0013736429231149));
#3072=CARTESIAN_POINT('',(0.00604969467608245,-0.00230935065123195,0.00136424673959512));
#3073=CARTESIAN_POINT('',(0.00597701155381679,-0.00251085898052877,0.00134907825983781));
#3074=CARTESIAN_POINT('',(0.00587271532664254,-0.00276540838050571,0.00131958047775833));
#3075=CARTESIAN_POINT('',(0.00580861697105935,-0.00303822051071858,0.00132745161709402));
#3076=CARTESIAN_POINT('',(0.00571211936757352,-0.00329629545146278,0.00130520501874506));
#3077=CARTESIAN_POINT('',(0.00558539649024828,-0.00354072379320097,0.00125487116192119));
#3078=CARTESIAN_POINT('',(0.00549787497031176,-0.00380288287389979,0.0012409648215296));
#3079=CARTESIAN_POINT('',(0.00539984887253966,-0.00406028402094201,0.00121729827000983));
#3080=CARTESIAN_POINT('',(0.00530463714518753,-0.00431895821518852,0.00119624320440757));
#3081=CARTESIAN_POINT('',(0.00520866267457125,-0.00457732816353668,0.00117448721314755));
#3082=CARTESIAN_POINT('',(0.00511972263405213,-0.00481731174257386,0.00115445836514684));
#3083=CARTESIAN_POINT('',(0.00506269851237728,-0.00497118786230808,0.00114161028316761));
#3084=CARTESIAN_POINT('',(0.00503759925146253,-0.005038917106402,0.00113595490800438));
#3085=CARTESIAN_POINT('',(0.00624157253940406,-0.00222945791182858,0.00150224943295426));
#3086=CARTESIAN_POINT('',(0.00623079009171585,-0.00225779981758614,0.00149965854508763));
#3087=CARTESIAN_POINT('',(0.00618740455547096,-0.00237197486335147,0.00148926941865991));
#3088=CARTESIAN_POINT('',(0.00611186044807736,-0.0025722052765174,0.00147155792476157));
#3089=CARTESIAN_POINT('',(0.00601108676054439,-0.00282823582411527,0.00144499173479111));
#3090=CARTESIAN_POINT('',(0.00592349488630345,-0.00309081236820425,0.00143253103000092));
#3091=CARTESIAN_POINT('',(0.00582528379001189,-0.00334812301511538,0.00140870909259307));
#3092=CARTESIAN_POINT('',(0.00571714847180995,-0.00360048106025111,0.001374261169533));
#3093=CARTESIAN_POINT('',(0.00562187894684115,-0.003859249342203,0.00135358602224674));
#3094=CARTESIAN_POINT('',(0.00552316048207298,-0.00411630146451496,0.00132921942657591));
#3095=CARTESIAN_POINT('',(0.00542536853233743,-0.00437380715425654,0.0013058421885888));
#3096=CARTESIAN_POINT('',(0.00532732744427654,-0.00463119416755226,0.00128220028409934));
#3097=CARTESIAN_POINT('',(0.00523633399754232,-0.00487026158484432,0.00126030621670153));
#3098=CARTESIAN_POINT('',(0.00517799975362878,-0.00502353765331192,0.00124627361540759));
#3099=CARTESIAN_POINT('',(0.00515232410630613,-0.0050910022598836,0.00124009734302501));
#3100=CARTESIAN_POINT('',(0.00649557017590399,-0.00235565523234974,0.00177374391122769));
#3101=CARTESIAN_POINT('',(0.00648433774683789,-0.0023837742636638,0.0017706723037694));
#3102=CARTESIAN_POINT('',(0.00643905101644751,-0.00249700705526376,0.00175825186103992));
#3103=CARTESIAN_POINT('',(0.0063592411275128,-0.00269511728791412,0.00173598009833718));
#3104=CARTESIAN_POINT('',(0.00626020969268062,-0.00295201570843087,0.00171128507799805));
#3105=CARTESIAN_POINT('',(0.00614725104089943,-0.00320198617947863,0.0016716841413062));
#3106=CARTESIAN_POINT('',(0.00604550615554066,-0.00345754527529592,0.00164408759173493));
#3107=CARTESIAN_POINT('',(0.00595426631826184,-0.00371828953607869,0.00162772430136411));
#3108=CARTESIAN_POINT('',(0.00584941556655365,-0.00397230002746778,0.00159680274899158));
#3109=CARTESIAN_POINT('',(0.00574821103053663,-0.00422812047451584,0.00156978261962551));
#3110=CARTESIAN_POINT('',(0.00564603754354724,-0.00448343688751212,0.00154172030073507));
#3111=CARTESIAN_POINT('',(0.00554411521257607,-0.00473890558601243,0.00151393311975482));
#3112=CARTESIAN_POINT('',(0.00544939823641978,-0.00497613396622226,0.00148806236529775));
#3113=CARTESIAN_POINT('',(0.00538867451997527,-0.00512820606039799,0.0014714731538654));
#3114=CARTESIAN_POINT('',(0.00536194705448131,-0.00519513970568325,0.00146417129759613));
#3115=CARTESIAN_POINT('',(0.0065993768994311,-0.00241282197382895,0.00190719162972868));
#3116=CARTESIAN_POINT('',(0.006587966262993,-0.0024408406892308,0.00190388834903272));
#3117=CARTESIAN_POINT('',(0.00654196953625798,-0.00255367026037471,0.0018905289097745));
#3118=CARTESIAN_POINT('',(0.00646099783238629,-0.00275108285031857,0.00186655034062775));
#3119=CARTESIAN_POINT('',(0.00635983323915945,-0.0030070899041517,0.00184015396477333));
#3120=CARTESIAN_POINT('',(0.00624711048801057,-0.00325615517713591,0.00179697207496191));
#3121=CARTESIAN_POINT('',(0.00614369990387982,-0.00351082986587077,0.00176731999363672));
#3122=CARTESIAN_POINT('',(0.00604897901547112,-0.00377063290540703,0.00175025656308311));
#3123=CARTESIAN_POINT('',(0.00594299646231046,-0.0040237579561737,0.00171686740743174));
#3124=CARTESIAN_POINT('',(0.00584003121032311,-0.00427867817407721,0.00168785445848774));
#3125=CARTESIAN_POINT('',(0.00573625583446373,-0.00453309778500235,0.00165765971783006));
#3126=CARTESIAN_POINT('',(0.00563269356354725,-0.00478767530914648,0.0016277848387801));
#3127=CARTESIAN_POINT('',(0.00553647334146059,-0.00502406397169871,0.00159997574928524));
#3128=CARTESIAN_POINT('',(0.00547478341573303,-0.00517561074623852,0.001582142456803));
#3129=CARTESIAN_POINT('',(0.00544763057226001,-0.00524231371239701,0.00157429296184298));
#3130=CARTESIAN_POINT('',(0.00674336745632531,-0.00249899961104701,0.00211628413465425));
#3131=CARTESIAN_POINT('',(0.0067317145671436,-0.00252687550567854,0.00211262986371035));
#3132=CARTESIAN_POINT('',(0.00668479918104848,-0.00263916287041537,0.00209793920508037));
#3133=CARTESIAN_POINT('',(0.00660281945377032,-0.00283597370393681,0.00207249756128796));
#3134=CARTESIAN_POINT('',(0.0064957185637963,-0.00308841612824227,0.00203748012098739));
#3135=CARTESIAN_POINT('',(0.00639446694206412,-0.00334436320555099,0.00201095411803706));
#3136=CARTESIAN_POINT('',(0.00628850167721045,-0.00359747905857525,0.00197758352511074));
#3137=CARTESIAN_POINT('',(0.00617814313235941,-0.00384799677415943,0.00193784469377407));
#3138=CARTESIAN_POINT('',(0.0060734795884059,-0.00410189529641473,0.00190636448770905));
#3139=CARTESIAN_POINT('',(0.0059672907151984,-0.00435488364018727,0.00187267095060859));
#3140=CARTESIAN_POINT('',(0.00586151257799755,-0.00460812452923149,0.00183957520320892));
#3141=CARTESIAN_POINT('',(0.00575562640004023,-0.00486128401391591,0.0018063179218932));
#3142=CARTESIAN_POINT('',(0.00565731024790389,-0.00509641450965026,0.00177546436118635));
#3143=CARTESIAN_POINT('',(0.00559427342811347,-0.00524717812313197,0.00175568349082258));
#3144=CARTESIAN_POINT('',(0.00556652761930535,-0.00531353735354452,0.00174697694815467));
#3145=CARTESIAN_POINT('',(0.00678896872552974,-0.00252784966439974,0.00218820888399835));
#3146=CARTESIAN_POINT('',(0.00677723996575044,-0.00255567897486147,0.00218443522293497));
#3147=CARTESIAN_POINT('',(0.00673004499603198,-0.00266779512120202,0.00216930314672639));
#3148=CARTESIAN_POINT('',(0.00664784944945096,-0.00286447890488049,0.00214350389857859));
#3149=CARTESIAN_POINT('',(0.00653836510049436,-0.00311536559355971,0.00210481072537061));
#3150=CARTESIAN_POINT('',(0.0064426465562422,-0.00337492976972499,0.00208667739558559));
#3151=CARTESIAN_POINT('',(0.00633583360445848,-0.00362749880283541,0.0020519747290873));
#3152=CARTESIAN_POINT('',(0.0062186678851416,-0.00387364432872737,0.00200183906701255));
#3153=CARTESIAN_POINT('',(0.00611491901507834,-0.00412814179950996,0.00197171140271735));
#3154=CARTESIAN_POINT('',(0.00600757752725294,-0.00438039133238785,0.00193622268724735));
#3155=CARTESIAN_POINT('',(0.00590119826291789,-0.00463326676116049,0.001902176420632));
#3156=CARTESIAN_POINT('',(0.00579457279958123,-0.00488593078267415,0.00186774486989705));
#3157=CARTESIAN_POINT('',(0.0056955922401001,-0.00512065482040054,0.00183584862332919));
#3158=CARTESIAN_POINT('',(0.00563212841659745,-0.0052711527690765,0.00181539573243651));
#3159=CARTESIAN_POINT('',(0.00560419461927102,-0.00533739485699654,0.00180639325387927));
#3160=CARTESIAN_POINT('',(0.00687959681976777,-0.00258803385475688,0.00234045626189599));
#3161=CARTESIAN_POINT('',(0.00686770882136152,-0.00261575699020941,0.00233641561835329));
#3162=CARTESIAN_POINT('',(0.00681984965030761,-0.00272743228703244,0.00232017642061614));
#3163=CARTESIAN_POINT('',(0.00673625007793533,-0.00292320470505165,0.00229210290819264));
#3164=CARTESIAN_POINT('',(0.00662680931426803,-0.00317401396173271,0.00225306694797029));
#3165=CARTESIAN_POINT('',(0.00652419346259,-0.00342939100217616,0.00222489982675864));
#3166=CARTESIAN_POINT('',(0.00641604783788494,-0.00368109951284743,0.00218793807362692));
#3167=CARTESIAN_POINT('',(0.00630283343742902,-0.00392942238651078,0.0021429028382023));
#3168=CARTESIAN_POINT('',(0.00619622443884445,-0.0041821346551614,0.0021083796186864));
#3169=CARTESIAN_POINT('',(0.00608784285590965,-0.00443367348547274,0.00207103783389373));
#3170=CARTESIAN_POINT('',(0.00597995104812119,-0.00468551503846433,0.00203446492961279));
#3171=CARTESIAN_POINT('',(0.00587192140854692,-0.00493727455784502,0.00199767892999022));
#3172=CARTESIAN_POINT('',(0.00577161215610761,-0.00517111949454794,0.00196355270584171));
#3173=CARTESIAN_POINT('',(0.00570730979176419,-0.00532103563150748,0.00194168080979333));
#3174=CARTESIAN_POINT('',(0.0056790074623474,-0.00538702088138315,0.00193205419900108));
#3175=CARTESIAN_POINT('',(0.00692457770075506,-0.00261947092254336,0.00242089163146676));
#3176=CARTESIAN_POINT('',(0.00691261070025052,-0.00264713553586889,0.00241670890698335));
#3177=CARTESIAN_POINT('',(0.00686441475912757,-0.00275856438306008,0.00239986963553298));
#3178=CARTESIAN_POINT('',(0.00678002961302855,-0.00295379196063365,0.00237045197927228));
#3179=CARTESIAN_POINT('',(0.00667104580251512,-0.00320490120350088,0.00233193509271055));
#3180=CARTESIAN_POINT('',(0.00656335108181241,-0.00345689676407285,0.00229583890633843));
#3181=CARTESIAN_POINT('',(0.00645457064609993,-0.00370824287562222,0.00225775002332361));
#3182=CARTESIAN_POINT('',(0.00634496496883865,-0.00395871533820224,0.00221796405483572));
#3183=CARTESIAN_POINT('',(0.00623649726589025,-0.00421021943499361,0.00218043538081511));
#3184=CARTESIAN_POINT('',(0.00612771509171948,-0.00446146847685294,0.00214229758527576));
#3185=CARTESIAN_POINT('',(0.00601904765194664,-0.00471272863787951,0.00210434196992811));
#3186=CARTESIAN_POINT('',(0.00591031250706179,-0.00496406396628368,0.00206631910987788));
#3187=CARTESIAN_POINT('',(0.00580934557762134,-0.00519744758914468,0.00203101471437843));
#3188=CARTESIAN_POINT('',(0.00574463723999555,-0.00534703070088804,0.00200839614384603));
#3189=CARTESIAN_POINT('',(0.00571615687088777,-0.00541286782637467,0.00199844124389073));
#3190=CARTESIAN_POINT('',(0.00697182840875781,-0.00265332813733117,0.0025102983019714));
#3191=CARTESIAN_POINT('',(0.00695978054199945,-0.00268093011853511,0.00250596037155672));
#3192=CARTESIAN_POINT('',(0.00691125414650791,-0.00279210550902396,0.00248848802990196));
#3193=CARTESIAN_POINT('',(0.00682624012492699,-0.00298687654721037,0.00245787773051976));
#3194=CARTESIAN_POINT('',(0.00671676566023934,-0.00323769194115919,0.00241845925956724));
#3195=CARTESIAN_POINT('',(0.00660732129421856,-0.00348843407485003,0.00237905251019781));
#3196=CARTESIAN_POINT('',(0.00649787463168097,-0.00373917913618598,0.0023396453685441));
#3197=CARTESIAN_POINT('',(0.00638845566932358,-0.00398986164357685,0.00230024803986403));
#3198=CARTESIAN_POINT('',(0.00627900394409347,-0.00424062032345564,0.00226083869492439));
#3199=CARTESIAN_POINT('',(0.00616954392133764,-0.00449140036652078,0.00222142586444276));
#3200=CARTESIAN_POINT('',(0.00606011881591701,-0.00474209496536581,0.0021820268647057));
#3201=CARTESIAN_POINT('',(0.0059506109383911,-0.00499299333335908,0.00214259488708181));
#3202=CARTESIAN_POINT('',(0.00584899781914946,-0.00522578649332174,0.00210600946005122));
#3203=CARTESIAN_POINT('',(0.00578384254169441,-0.00537505918004177,0.00208254973584528));
#3204=CARTESIAN_POINT('',(0.00575516409978785,-0.00544076249389247,0.00207222378000319));
#3205=CARTESIAN_POINT('',(0.00668865470786639,-0.00330209513981536,0.00240833763758079));
#3206=CARTESIAN_POINT('',(0.00664946292958072,-0.00300694259470241,0.00219813428288606));
#3207=CARTESIAN_POINT('',(0.00659603075261902,-0.00270670273662323,0.00200008587282923));
#3208=CARTESIAN_POINT('',(0.00652611976335751,-0.00239452646004495,0.0018256508230313));
#3209=CARTESIAN_POINT('',(0.00652611976334556,-0.00239452646005331,0.00182565082302114));
#3210=CARTESIAN_POINT('',(0.00520908730941342,-0.00508239814014098,0.00129282502209132));
#3211=CARTESIAN_POINT('',(0.00553911543434464,-0.00494235082165334,0.00155072170279199));
#3212=CARTESIAN_POINT('',(0.00582720766232378,-0.00480927868115849,0.0018605497368132));
#3213=CARTESIAN_POINT('',(0.00608795995303861,-0.00467831145351917,0.00219205097509522));
#3214=CARTESIAN_POINT('',(0.00520908730941342,-0.00508239814014098,0.00129282502209132));
#3215=CARTESIAN_POINT('',(0.00459419808940003,-0.00484099742722778,0.000885219462884259));
#3216=CARTESIAN_POINT('',(0.00483233560730047,-0.00492804607676988,0.00096135825398439));
#3217=CARTESIAN_POINT('',(0.00503107771467161,-0.00500693960416468,0.00111671332266482));
#3218=CARTESIAN_POINT('',(0.00520908730941342,-0.00508239814014098,0.00129282502209132));
#3219=CARTESIAN_POINT('',(0.00459419786322146,-0.00484099742722646,0.000885220636707065));
#3220=CARTESIAN_POINT('',(0.00509163632538546,-0.00334839024776154,0.000981068863623529));
#3221=CARTESIAN_POINT('',(0.00554191482473254,-0.00199729309787753,0.00106783471047611));
#3222=CARTESIAN_POINT('',(0.0055419148247321,-0.00199729309787884,0.00106783471047603));
#3223=CARTESIAN_POINT('',(0.0059429781783976,-0.00214389960923826,0.00119609566709524));
#3224=CARTESIAN_POINT('',(0.00625676659613037,-0.00227261315437293,0.00149798844499484));
#3225=CARTESIAN_POINT('',(0.00652611976334556,-0.00239452646005331,0.00182565082302114));
#3226=CARTESIAN_POINT('',(0.00670491469519823,-0.00265323458144541,0.00315479581124727));
#3227=CARTESIAN_POINT('',(0.0066933198449081,-0.00268085646779879,0.00314934010446067));
#3228=CARTESIAN_POINT('',(0.00664664170260966,-0.00279205573456045,0.00312737674670408));
#3229=CARTESIAN_POINT('',(0.00656487833378836,-0.00298683744144352,0.003088905193747));
#3230=CARTESIAN_POINT('',(0.0064596088993817,-0.00323761930037682,0.00303937507625153));
#3231=CARTESIAN_POINT('',(0.00635434433284683,-0.00348838830279405,0.00298984582131187));
#3232=CARTESIAN_POINT('',(0.00624910027625158,-0.00373910466276433,0.00294032573908545));
#3233=CARTESIAN_POINT('',(0.00614385179852091,-0.00398983533323358,0.00289080352255676));
#3234=CARTESIAN_POINT('',(0.00603859025869974,-0.00424059623470041,0.00284127593821286));
#3235=CARTESIAN_POINT('',(0.00593332318927908,-0.00449137147875896,0.00279174584047856));
#3236=CARTESIAN_POINT('',(0.00582808336200148,-0.00474207909163885,0.00274222778071403));
#3237=CARTESIAN_POINT('',(0.00572278945330303,-0.00499292251663129,0.00269268629054308));
#3238=CARTESIAN_POINT('',(0.00562528174466906,-0.00522520728952457,0.00264680612590218));
#3239=CARTESIAN_POINT('',(0.00556282469882814,-0.00537399765539418,0.00261741881530882));
#3240=CARTESIAN_POINT('',(0.00553545692503923,-0.0054391956084616,0.00260454174277246));
#3241=CARTESIAN_POINT('',(0.0065135785387405,-0.00258623929985604,0.00321380781650585));
#3242=CARTESIAN_POINT('',(0.00650231467218968,-0.00261398001812156,0.00320824947158616));
#3243=CARTESIAN_POINT('',(0.00645696795233994,-0.0027256573032926,0.00318587313412464));
#3244=CARTESIAN_POINT('',(0.00637752580144594,-0.00292127242013999,0.00314668047745565));
#3245=CARTESIAN_POINT('',(0.00627524272545344,-0.00317308430114312,0.00309623015856704));
#3246=CARTESIAN_POINT('',(0.00617300328286376,-0.00342487640445088,0.00304577830436399));
#3247=CARTESIAN_POINT('',(0.00607063098830524,-0.00367687422683675,0.00299530045266277));
#3248=CARTESIAN_POINT('',(0.00596852904072959,-0.00392844494404977,0.00294487806782099));
#3249=CARTESIAN_POINT('',(0.00586622281909654,-0.00418032704759383,0.00289441599419038));
#3250=CARTESIAN_POINT('',(0.00576397833274089,-0.00443212495738897,0.00284396304311088));
#3251=CARTESIAN_POINT('',(0.00566170143978957,-0.00468393707967441,0.00279351381103708));
#3252=CARTESIAN_POINT('',(0.00555959191025278,-0.00493560923435141,0.00274306418934303));
#3253=CARTESIAN_POINT('',(0.00546463764712334,-0.00516916141693022,0.00269629826329919));
#3254=CARTESIAN_POINT('',(0.0054040174372113,-0.00531850721034393,0.00266636791465142));
#3255=CARTESIAN_POINT('',(0.00537746303936122,-0.00538393771432388,0.00265325391802817));
#3256=CARTESIAN_POINT('',(0.00635036165023125,-0.00252852284850548,0.00325612719962188));
#3257=CARTESIAN_POINT('',(0.00633937883503033,-0.00255636613905695,0.00325049524425032));
#3258=CARTESIAN_POINT('',(0.00629516459909434,-0.00266845490176763,0.00322782270619667));
#3259=CARTESIAN_POINT('',(0.00621771707846111,-0.00286477546168473,0.00318811266352206));
#3260=CARTESIAN_POINT('',(0.00611801701511639,-0.00311746767613004,0.00313700084608515));
#3261=CARTESIAN_POINT('',(0.00601832972347593,-0.00337020294329026,0.00308587831694273));
#3262=CARTESIAN_POINT('',(0.00591861825518173,-0.00362288928250872,0.00303476873757446));
#3263=CARTESIAN_POINT('',(0.00581894885679349,-0.00387568937109068,0.00298363140817737));
#3264=CARTESIAN_POINT('',(0.00571924347911713,-0.00412839169373995,0.00293251792011419));
#3265=CARTESIAN_POINT('',(0.0056195561551896,-0.00438111740865187,0.0028813973202022));
#3266=CARTESIAN_POINT('',(0.00551984616462157,-0.00463383110677259,0.00283028316577383));
#3267=CARTESIAN_POINT('',(0.00542022076715711,-0.00488658659133309,0.00277914648229902));
#3268=CARTESIAN_POINT('',(0.00532779187746009,-0.0051206985173109,0.00273179906382867));
#3269=CARTESIAN_POINT('',(0.00526864567693381,-0.00527066665463787,0.00270146395344594));
#3270=CARTESIAN_POINT('',(0.00524273110421502,-0.00533638100339227,0.0026881712319874));
#3271=CARTESIAN_POINT('',(0.00601494920805179,-0.00241269317655379,0.0033178236616067));
#3272=CARTESIAN_POINT('',(0.00600454530915953,-0.0024407343846446,0.00331208556189977));
#3273=CARTESIAN_POINT('',(0.00596266265968735,-0.00255362115700833,0.00328898534331153));
#3274=CARTESIAN_POINT('',(0.00588930983241918,-0.0027513526054668,0.00324852227770769));
#3275=CARTESIAN_POINT('',(0.00579489566477395,-0.00300587366964953,0.00319643643739959));
#3276=CARTESIAN_POINT('',(0.00570046250747963,-0.00326042746370331,0.00314434672668528));
#3277=CARTESIAN_POINT('',(0.00560605019717727,-0.00351497747739659,0.00309225430277615));
#3278=CARTESIAN_POINT('',(0.00551158380676854,-0.0037694743032193,0.00304018015217954));
#3279=CARTESIAN_POINT('',(0.00541716361943241,-0.00402402007350703,0.00298808981954174));
#3280=CARTESIAN_POINT('',(0.00532273388407838,-0.00427855709269262,0.00293600274865702));
#3281=CARTESIAN_POINT('',(0.00522828778177509,-0.00453308328037554,0.00288391916783582));
#3282=CARTESIAN_POINT('',(0.00513391288704056,-0.00478762918112212,0.00283182684655118));
#3283=CARTESIAN_POINT('',(0.00504643991138384,-0.00502350617827212,0.0027835538480482));
#3284=CARTESIAN_POINT('',(0.00499040170259827,-0.00517452317912169,0.00275265196792486));
#3285=CARTESIAN_POINT('',(0.00496584620053947,-0.00524069367280703,0.00273911199840717));
#3286=CARTESIAN_POINT('',(0.00583548224217505,-0.00235157978746204,0.00333922319578671));
#3287=CARTESIAN_POINT('',(0.00582538833891569,-0.00237972594880234,0.0033334481394866));
#3288=CARTESIAN_POINT('',(0.00578474235026854,-0.00249303164106178,0.00331019958217192));
#3289=CARTESIAN_POINT('',(0.00571343660151387,-0.00269145899970337,0.00326948131278444));
#3290=CARTESIAN_POINT('',(0.00562250193067211,-0.00294719925302962,0.00321703434071986));
#3291=CARTESIAN_POINT('',(0.0055283456861257,-0.00320181322133709,0.0031646993774855));
#3292=CARTESIAN_POINT('',(0.00543742442493872,-0.00345755460397056,0.00311225211866382));
#3293=CARTESIAN_POINT('',(0.00534574066102217,-0.00371301170856582,0.00305983487252641));
#3294=CARTESIAN_POINT('',(0.0052538404409432,-0.00396841405545998,0.0030074215410217));
#3295=CARTESIAN_POINT('',(0.00516361203770932,-0.00422438356780155,0.00295495155478068));
#3296=CARTESIAN_POINT('',(0.00506690759950152,-0.00447813725804398,0.00290270454417036));
#3297=CARTESIAN_POINT('',(0.00499445645941076,-0.00474014780997503,0.0028496298862598));
#3298=CARTESIAN_POINT('',(0.00490466776459621,-0.0049752405096297,0.00280121955185774));
#3299=CARTESIAN_POINT('',(0.00485043554961212,-0.00512686100716339,0.00277011401618719));
#3300=CARTESIAN_POINT('',(0.00482681033991643,-0.00519334265357502,0.00275647992139898));
#3301=CARTESIAN_POINT('',(0.00554325712974281,-0.00225235487504142,0.00334903897317976));
#3302=CARTESIAN_POINT('',(0.00553367099535759,-0.00228067378655761,0.00334324673251717));
#3303=CARTESIAN_POINT('',(0.00549508673609454,-0.00239468080771681,0.003319928430368));
#3304=CARTESIAN_POINT('',(0.00542757746471775,-0.00259439854493866,0.00327908204614636));
#3305=CARTESIAN_POINT('',(0.00534010334250372,-0.00285129786106309,0.00322652000339245));
#3306=CARTESIAN_POINT('',(0.00525476032978731,-0.00310892170115224,0.00317388729935182));
#3307=CARTESIAN_POINT('',(0.00516727506639997,-0.00336582759899003,0.00312132380025743));
#3308=CARTESIAN_POINT('',(0.00508030930130146,-0.00362288394990567,0.0030687477413302));
#3309=CARTESIAN_POINT('',(0.00499346471136767,-0.00388000385094619,0.0030161635369914));
#3310=CARTESIAN_POINT('',(0.00490555717741422,-0.00413676002742305,0.00296361592385246));
#3311=CARTESIAN_POINT('',(0.00482178408084721,-0.00439490665206647,0.00291093032754601));
#3312=CARTESIAN_POINT('',(0.00472254607024966,-0.00464781866945273,0.00285876716146648));
#3313=CARTESIAN_POINT('',(0.00464502685324041,-0.00488707037183401,0.00280994181299549));
#3314=CARTESIAN_POINT('',(0.00459331854824832,-0.00503955617395684,0.00277874995552854));
#3315=CARTESIAN_POINT('',(0.00457057393665413,-0.00510634101227431,0.0027650856178201));
#3316=CARTESIAN_POINT('',(0.005428713853089,-0.00221354369391922,0.003346664919421));
#3317=CARTESIAN_POINT('',(0.00541932836728079,-0.00224192968212967,0.00334087716944054));
#3318=CARTESIAN_POINT('',(0.00538156805683309,-0.0023562128470451,0.00331757877410341));
#3319=CARTESIAN_POINT('',(0.00531567251268308,-0.00255647862873382,0.00327678651666967));
#3320=CARTESIAN_POINT('',(0.00522894042045971,-0.00281362956149418,0.00322413992047901));
#3321=CARTESIAN_POINT('',(0.00514934076537174,-0.00307320815613116,0.00317200004094056));
#3322=CARTESIAN_POINT('',(0.00506257526411255,-0.00333036223705048,0.00311934686793875));
#3323=CARTESIAN_POINT('',(0.00497754529608047,-0.00358806310887276,0.00306683577550424));
#3324=CARTESIAN_POINT('',(0.00489274830649022,-0.00384587780340726,0.00301428655471103));
#3325=CARTESIAN_POINT('',(0.00480528025626957,-0.00410279130880434,0.00296173445446643));
#3326=CARTESIAN_POINT('',(0.00472826565905112,-0.00436319234731028,0.00290923270620904));
#3327=CARTESIAN_POINT('',(0.00461211973908424,-0.00461051519546859,0.00285653847372266));
#3328=CARTESIAN_POINT('',(0.00454102751199164,-0.00485189282776781,0.00280788984724266));
#3329=CARTESIAN_POINT('',(0.00449026409190625,-0.00500470998462429,0.00277671315184268));
#3330=CARTESIAN_POINT('',(0.0044677995447782,-0.00507159649708666,0.00276305131718583));
#3331=CARTESIAN_POINT('',(0.00520603719875405,-0.00213767495128991,0.00332731866962014));
#3332=CARTESIAN_POINT('',(0.00519703305443552,-0.00216619307985692,0.00332156396753774));
#3333=CARTESIAN_POINT('',(0.00516078395263534,-0.00228099886122432,0.00329839724288674));
#3334=CARTESIAN_POINT('',(0.00509728291085887,-0.00248208160642037,0.00325782117081858));
#3335=CARTESIAN_POINT('',(0.00501561610803389,-0.00274095720712974,0.00320557637684284));
#3336=CARTESIAN_POINT('',(0.00493365271528559,-0.00299971851870851,0.00315337647659926));
#3337=CARTESIAN_POINT('',(0.00485204944302197,-0.0032586054441106,0.00310113684802002));
#3338=CARTESIAN_POINT('',(0.00477005987057996,-0.00351741849560492,0.00304887565292135));
#3339=CARTESIAN_POINT('',(0.00468923515515043,-0.00377656771112392,0.00299672354280765));
#3340=CARTESIAN_POINT('',(0.00460415498712088,-0.00403429802386895,0.00294417205598412));
#3341=CARTESIAN_POINT('',(0.00453493075144512,-0.00429736630540372,0.00289310905123227));
#3342=CARTESIAN_POINT('',(0.00440653423806089,-0.0045405225725937,0.00283649076057086));
#3343=CARTESIAN_POINT('',(0.00434279745271762,-0.00478437877700097,0.00278921565903867));
#3344=CARTESIAN_POINT('',(0.00429405136616109,-0.00493790106944954,0.00275819633662673));
#3345=CARTESIAN_POINT('',(0.00427235699372862,-0.00500505928843051,0.0027445729473246));
#3346=CARTESIAN_POINT('',(0.00509975290399507,-0.00210143784498277,0.00331139591461761));
#3347=CARTESIAN_POINT('',(0.00509093341450233,-0.00213001826520044,0.00330566918587327));
#3348=CARTESIAN_POINT('',(0.00505543516898289,-0.0022450787040377,0.00328261831687092));
#3349=CARTESIAN_POINT('',(0.00499332813347344,-0.00244664844580781,0.00324227932371405));
#3350=CARTESIAN_POINT('',(0.00491283088200049,-0.00270588561497802,0.00319006833106593));
#3351=CARTESIAN_POINT('',(0.00483440683830066,-0.00296597425080796,0.00313892624321753));
#3352=CARTESIAN_POINT('',(0.00475397302851264,-0.00322522184697069,0.00308672176135351));
#3353=CARTESIAN_POINT('',(0.00467369248443509,-0.00348461916239818,0.00303472731533553));
#3354=CARTESIAN_POINT('',(0.00459470016171398,-0.00374439306070271,0.00298292333113853));
#3355=CARTESIAN_POINT('',(0.00451050540164819,-0.0040024020721071,0.0029301774182482));
#3356=CARTESIAN_POINT('',(0.00444582495776991,-0.00426712021004161,0.00288100525998278));
#3357=CARTESIAN_POINT('',(0.00430829687570696,-0.00450673463937353,0.00281848585796535));
#3358=CARTESIAN_POINT('',(0.00424879747668507,-0.00475235315635779,0.00277298794511313));
#3359=CARTESIAN_POINT('',(0.00420100678288253,-0.00490610026189868,0.00274209207440427));
#3360=CARTESIAN_POINT('',(0.00417965676215707,-0.00497331880749965,0.00272847991289104));
#3361=CARTESIAN_POINT('',(0.00496469171253103,-0.00205418709443867,0.00327888696242676));
#3362=CARTESIAN_POINT('',(0.00495610318737073,-0.00208284653799951,0.00327321568238188));
#3363=CARTESIAN_POINT('',(0.00492150926074206,-0.00219821442664076,0.00325037996072632));
#3364=CARTESIAN_POINT('',(0.00486071780562127,-0.00240021022867179,0.00321033276823994));
#3365=CARTESIAN_POINT('',(0.00478400207143534,-0.00266082332138989,0.00315916082584666));
#3366=CARTESIAN_POINT('',(0.00470146993195397,-0.00291936087952438,0.00310654571355242));
#3367=CARTESIAN_POINT('',(0.00462485697527034,-0.00318003016683265,0.00305540011320957));
#3368=CARTESIAN_POINT('',(0.00454643909037252,-0.00343994262354454,0.00300380059823403));
#3369=CARTESIAN_POINT('',(0.00446943471222338,-0.00370044452283113,0.00295259617043908));
#3370=CARTESIAN_POINT('',(0.00438849738279196,-0.0039595589012382,0.0029002296317995));
#3371=CARTESIAN_POINT('',(0.00432184587632328,-0.00422373321577998,0.00285210274812303));
#3372=CARTESIAN_POINT('',(0.0042020404219864,-0.00446888912740197,0.00278820500152806));
#3373=CARTESIAN_POINT('',(0.00414061374268954,-0.00471385021617401,0.00274370423381703));
#3374=CARTESIAN_POINT('',(0.00409418107392485,-0.00486811517853231,0.00271310743306869));
#3375=CARTESIAN_POINT('',(0.00407353562188588,-0.00493560030107284,0.00269961197425868));
#3376=CARTESIAN_POINT('',(0.00493772954515376,-0.00204468332248631,0.00327179870085785));
#3377=CARTESIAN_POINT('',(0.00492918572810972,-0.00207335769093377,0.00326613921281334));
#3378=CARTESIAN_POINT('',(0.00489475478347409,-0.00218877973563293,0.00324334651131705));
#3379=CARTESIAN_POINT('',(0.00483406973902269,-0.00239080796346423,0.00320332778815547));
#3380=CARTESIAN_POINT('',(0.00475887320770573,-0.00265196251587331,0.00315255378803565));
#3381=CARTESIAN_POINT('',(0.00467266565306917,-0.0029091955888309,0.00309897753428506));
#3382=CARTESIAN_POINT('',(0.00459760780447133,-0.00317043119535805,0.0030482403641294));
#3383=CARTESIAN_POINT('',(0.00451940984379656,-0.00343038445099882,0.00299669391356953));
#3384=CARTESIAN_POINT('',(0.00444281003218926,-0.00369103830182699,0.00294562116330704));
#3385=CARTESIAN_POINT('',(0.00436280971239119,-0.00395047507952389,0.00289340451176207));
#3386=CARTESIAN_POINT('',(0.00429477509511183,-0.00421419608503538,0.00284527390840582));
#3387=CARTESIAN_POINT('',(0.00418234588858962,-0.00446180123845729,0.00278197289042897));
#3388=CARTESIAN_POINT('',(0.00411958863664882,-0.0047062803670696,0.00273746877854082));
#3389=CARTESIAN_POINT('',(0.00407345790295846,-0.00486067054776002,0.00270694391680928));
#3390=CARTESIAN_POINT('',(0.00405299350575252,-0.00492822886737072,0.00269348310964751));
#3391=CARTESIAN_POINT('',(0.0048828630071329,-0.00202515433962274,0.00325596845246887));
#3392=CARTESIAN_POINT('',(0.0048744146332816,-0.00205386191274918,0.00325033629968748));
#3393=CARTESIAN_POINT('',(0.00484037174607933,-0.00216941857352248,0.00322765327123641));
#3394=CARTESIAN_POINT('',(0.00478040673143864,-0.00237169252025984,0.00318782273472621));
#3395=CARTESIAN_POINT('',(0.00470583760334455,-0.00263308029493845,0.00313732606669646));
#3396=CARTESIAN_POINT('',(0.00462135934316592,-0.00289087788036891,0.00308388877900167));
#3397=CARTESIAN_POINT('',(0.00454690255192039,-0.00315235803887608,0.0030334285468511));
#3398=CARTESIAN_POINT('',(0.00446967989295134,-0.00341262332220323,0.00298213008599746));
#3399=CARTESIAN_POINT('',(0.00439373953312352,-0.00367352761083289,0.00293130419441585));
#3400=CARTESIAN_POINT('',(0.00431524552898575,-0.00393347448882687,0.00287935064601182));
#3401=CARTESIAN_POINT('',(0.00424564958969096,-0.00419671548003727,0.00283142133798565));
#3402=CARTESIAN_POINT('',(0.00414307955033945,-0.00444755358991809,0.00276855073219336));
#3403=CARTESIAN_POINT('',(0.00407881485045541,-0.00469151890117694,0.00272423688453603));
#3404=CARTESIAN_POINT('',(0.00403322890738023,-0.00484612436983389,0.00269385862188665));
#3405=CARTESIAN_POINT('',(0.00401306702374799,-0.00491380001994289,0.00268046309678678));
#3406=CARTESIAN_POINT('',(0.00485282394711955,-0.00201432592946737,0.00324635313002209));
#3407=CARTESIAN_POINT('',(0.00484443157218796,-0.00204305485544549,0.00324073873089448));
#3408=CARTESIAN_POINT('',(0.00481064968036944,-0.00215870861939715,0.00321813734588229));
#3409=CARTESIAN_POINT('',(0.00475151633448626,-0.00236127000372681,0.00317855694838259));
#3410=CARTESIAN_POINT('',(0.0046751683421923,-0.00262201412042932,0.00312757199576127));
#3411=CARTESIAN_POINT('',(0.00459957119588054,-0.00288298893900519,0.00307667592065538));
#3412=CARTESIAN_POINT('',(0.00452323031141244,-0.00314379352518717,0.00302569845100307));
#3413=CARTESIAN_POINT('',(0.00444701040761482,-0.00340443375430542,0.00297469704672555));
#3414=CARTESIAN_POINT('',(0.00437125820249377,-0.00366541038303837,0.00292395862375534));
#3415=CARTESIAN_POINT('',(0.00429335509783072,-0.00392554740045455,0.00287212663038291));
#3416=CARTESIAN_POINT('',(0.00422356795749012,-0.0041887643488024,0.00282439822167562));
#3417=CARTESIAN_POINT('',(0.00412351048411511,-0.00444038346241725,0.00276136787834794));
#3418=CARTESIAN_POINT('',(0.00405905878659274,-0.00468432811847076,0.00271724466964599));
#3419=CARTESIAN_POINT('',(0.00401371680248404,-0.00483902110365663,0.00268694138945926));
#3420=CARTESIAN_POINT('',(0.0039936771815604,-0.00490673935755641,0.00267357672999781));
#3421=CARTESIAN_POINT('',(0.00481561274805241,-0.0020007252067139,0.00323275563657798));
#3422=CARTESIAN_POINT('',(0.00480729015920381,-0.00202948075798052,0.0032271668536299));
#3423=CARTESIAN_POINT('',(0.00477383373011023,-0.00214525870518813,0.00320468580183424));
#3424=CARTESIAN_POINT('',(0.00471573938316541,-0.00234821662332015,0.00316549743128304));
#3425=CARTESIAN_POINT('',(0.00463709163288972,-0.00260809014543703,0.00311361206189436));
#3426=CARTESIAN_POINT('',(0.00457287979801483,-0.00287325482556252,0.00306710130406157));
#3427=CARTESIAN_POINT('',(0.00449411360801848,-0.00313315343415251,0.00301517603860914));
#3428=CARTESIAN_POINT('',(0.00441910199276891,-0.00339426776658102,0.00296462320720337));
#3429=CARTESIAN_POINT('',(0.00434372844777168,-0.00365538122019714,0.00291403988443347));
#3430=CARTESIAN_POINT('',(0.00426598555105332,-0.00391556187679852,0.00286217743163921));
#3431=CARTESIAN_POINT('',(0.00419807446586449,-0.00417949791541786,0.00281545934861523));
#3432=CARTESIAN_POINT('',(0.00409322434685862,-0.00442928452098722,0.00274945210592802));
#3433=CARTESIAN_POINT('',(0.00403055675409497,-0.00467393882935468,0.00270629252604818));
#3434=CARTESIAN_POINT('',(0.00398548420618281,-0.00482871816273364,0.00267608046433571));
#3435=CARTESIAN_POINT('',(0.00396552576027311,-0.00489645870089144,0.00266273355767487));
#3436=CARTESIAN_POINT('',(0.00480446921978894,-0.00199662246120069,0.00322838881191981));
#3437=CARTESIAN_POINT('',(0.00479616642051671,-0.0020253852561357,0.0032228077748048));
#3438=CARTESIAN_POINT('',(0.00476279298159614,-0.00214119459116291,0.00320035914130059));
#3439=CARTESIAN_POINT('',(0.00470487899210596,-0.00234423093996337,0.00316124056753722));
#3440=CARTESIAN_POINT('',(0.00462616884125824,-0.00260407616891479,0.00310933510136172));
#3441=CARTESIAN_POINT('',(0.00456303212342129,-0.0028696233953839,0.00306322911680757));
#3442=CARTESIAN_POINT('',(0.00448419253362563,-0.00312949387247891,0.00301127993622889));
#3443=CARTESIAN_POINT('',(0.00440940060139828,-0.00339069897020061,0.00296081132671597));
#3444=CARTESIAN_POINT('',(0.0043341940594466,-0.00365187269386044,0.00291029657437782));
#3445=CARTESIAN_POINT('',(0.00425656049054251,-0.00391209460620917,0.00285846724948122));
#3446=CARTESIAN_POINT('',(0.00418904376112328,-0.0041761747846597,0.00281194037290598));
#3447=CARTESIAN_POINT('',(0.00408349992403115,-0.00442572603264214,0.00274552524560603));
#3448=CARTESIAN_POINT('',(0.00402120236893591,-0.00467052519256405,0.0027025458619018));
#3449=CARTESIAN_POINT('',(0.00397622773279649,-0.00482533549609401,0.00267237146278951));
#3450=CARTESIAN_POINT('',(0.00395630631472271,-0.0048930869941182,0.00265903777496544));
#3451=CARTESIAN_POINT('',(0.00476676143103525,-0.00198268298527203,0.00321280052593789));
#3452=CARTESIAN_POINT('',(0.00475851867680216,-0.00201146715494856,0.00320724411693247));
#3453=CARTESIAN_POINT('',(0.00472534223917078,-0.00212735045159958,0.00318487499618855));
#3454=CARTESIAN_POINT('',(0.00466730225521212,-0.00233038903868106,0.00314568890535628));
#3455=CARTESIAN_POINT('',(0.00459195849584435,-0.00259146575179364,0.00309525026466797));
#3456=CARTESIAN_POINT('',(0.00451909509062642,-0.00285336068677852,0.00304483882579324));
#3457=CARTESIAN_POINT('',(0.00444374690848148,-0.00311451609999561,0.00299441268520075));
#3458=CARTESIAN_POINT('',(0.00436887605233747,-0.00337572895308784,0.00294389364496594));
#3459=CARTESIAN_POINT('',(0.00429456127578604,-0.00363722584731895,0.0028937550090675));
#3460=CARTESIAN_POINT('',(0.00421757866517388,-0.00389770589538082,0.00284219956176468));
#3461=CARTESIAN_POINT('',(0.00415070472946112,-0.00416199718692518,0.00279592857759023));
#3462=CARTESIAN_POINT('',(0.00404605654153934,-0.00441206328449892,0.00272993554005404));
#3463=CARTESIAN_POINT('',(0.0039843334370556,-0.00465706654240229,0.00268718450762107));
#3464=CARTESIAN_POINT('',(0.00393978117214325,-0.0048120182913335,0.00265718569917002));
#3465=CARTESIAN_POINT('',(0.00392004712942737,-0.00487983222120401,0.00264393019120228));
#3466=CARTESIAN_POINT('',(0.0047328902722635,-0.00196978502324525,0.00319617760788574));
#3467=CARTESIAN_POINT('',(0.00472470400272154,-0.00199858862137201,0.00319064934883147));
#3468=CARTESIAN_POINT('',(0.00469173309786543,-0.00211454997563978,0.00316838661811391));
#3469=CARTESIAN_POINT('',(0.00463382288212186,-0.00231772364064602,0.00312931384181752));
#3470=CARTESIAN_POINT('',(0.00456029566368657,-0.00257941942496613,0.00307953434353674));
#3471=CARTESIAN_POINT('',(0.004483170625294,-0.00283991618873171,0.00302789942766208));
#3472=CARTESIAN_POINT('',(0.00440969310223065,-0.00310168412880793,0.00297814731881308));
#3473=CARTESIAN_POINT('',(0.00433507953288616,-0.00336307051356352,0.00292781080564633));
#3474=CARTESIAN_POINT('',(0.00426128183842721,-0.00362474515934567,0.00287789410687621));
#3475=CARTESIAN_POINT('',(0.00418542016348212,-0.00388566591423454,0.00282691069814218));
#3476=CARTESIAN_POINT('',(0.00411699753500902,-0.00414932171714655,0.00277977438417372));
#3477=CARTESIAN_POINT('',(0.0040208201110077,-0.00440297824498436,0.00271829290322984));
#3478=CARTESIAN_POINT('',(0.00395761403787318,-0.00464729305367326,0.00267471370094088));
#3479=CARTESIAN_POINT('',(0.00391344320473781,-0.00480240183044241,0.00264489820750209));
#3480=CARTESIAN_POINT('',(0.00389393253194054,-0.0048703098259032,0.00263175317419042));
#3481=CARTESIAN_POINT('',(0.00468623363174716,-0.00195305211827213,0.00317206841728726));
#3482=CARTESIAN_POINT('',(0.00467812942415827,-0.0019818861857874,0.00316658254822414));
#3483=CARTESIAN_POINT('',(0.00464550089244604,-0.00209797507378207,0.00314449663306429));
#3484=CARTESIAN_POINT('',(0.00458831689607992,-0.00230142343669743,0.00310579848961248));
#3485=CARTESIAN_POINT('',(0.00451477525866927,-0.00256308135156482,0.00305601072638863));
#3486=CARTESIAN_POINT('',(0.00444119812542864,-0.00282485898270332,0.00300620958588));
#3487=CARTESIAN_POINT('',(0.00436763630823713,-0.00308658573690269,0.00295641328294611));
#3488=CARTESIAN_POINT('',(0.00429405506024831,-0.00334837804591239,0.00290661072907566));
#3489=CARTESIAN_POINT('',(0.00422048489580353,-0.00361013244738882,0.00285681173992774));
#3490=CARTESIAN_POINT('',(0.00414691943044852,-0.00387187139286939,0.00280701434951216));
#3491=CARTESIAN_POINT('',(0.00407334280227978,-0.00413364530844629,0.00275721410527035));
#3492=CARTESIAN_POINT('',(0.00399976363823585,-0.00439543274125843,0.00270741019358869));
#3493=CARTESIAN_POINT('',(0.00393160042254298,-0.00463794927288692,0.00266126983063759));
#3494=CARTESIAN_POINT('',(0.00388794924987225,-0.00479325602670305,0.00263172283577357));
#3495=CARTESIAN_POINT('',(0.00386882234792952,-0.0048613077867427,0.0026187760867914));
#3496=CARTESIAN_POINT('',(0.00590581598056171,-0.00239452646006028,0.00332333833624246));
#3497=CARTESIAN_POINT('',(0.00607858301018495,-0.00270658983155007,0.00324934481920037));
#3498=CARTESIAN_POINT('',(0.00625622707280155,-0.00300699521345012,0.00314754388473495));
#3499=CARTESIAN_POINT('',(0.00643254464478061,-0.00330209366397947,0.00302664066026444));
#3500=CARTESIAN_POINT('',(0.0059058159805617,-0.00239452646006029,0.00332333833624245));
#3501=CARTESIAN_POINT('',(0.0059058159805617,-0.00239452646006028,0.00332333833624246));
#3502=CARTESIAN_POINT('',(0.00548475559386158,-0.00227295432022585,0.00336464325566664));
#3503=CARTESIAN_POINT('',(0.00504565074064023,-0.00214294531900264,0.0033552978635377));
#3504=CARTESIAN_POINT('',(0.00467379908747402,-0.00199729302185074,0.00316365145616969));
#3505=CARTESIAN_POINT('',(0.00467379908747413,-0.00199729302185033,0.00316365145616977));
#3506=CARTESIAN_POINT('',(0.00473547853632499,-0.00177784180270006,0.00320540485268393));
#3507=CARTESIAN_POINT('',(0.0047109619225095,-0.00186507069685208,0.00318880784341211));
#3508=CARTESIAN_POINT('',(0.00466192865104747,-0.00203952864110481,0.00315561379519615));
#3509=CARTESIAN_POINT('',(0.00458831689607992,-0.00230142343669743,0.00310579848961248));
#3510=CARTESIAN_POINT('',(0.00451477525866927,-0.00256308135156482,0.00305601072638863));
#3511=CARTESIAN_POINT('',(0.00444119812542864,-0.00282485898270332,0.00300620958588));
#3512=CARTESIAN_POINT('',(0.00436763630823713,-0.00308658573690269,0.00295641328294611));
#3513=CARTESIAN_POINT('',(0.00429405506024831,-0.00334837804591239,0.00290661072907566));
#3514=CARTESIAN_POINT('',(0.00422048489580353,-0.00361013244738882,0.00285681173992774));
#3515=CARTESIAN_POINT('',(0.00414691943044852,-0.00387187139286939,0.00280701434951216));
#3516=CARTESIAN_POINT('',(0.00407334280227978,-0.00413364530844629,0.00275721410527035));
#3517=CARTESIAN_POINT('',(0.00399976363823585,-0.00439543274125843,0.00270741019358869));
#3518=CARTESIAN_POINT('',(0.00392620400011831,-0.00465714909549403,0.00265761693828531));
#3519=CARTESIAN_POINT('',(0.00387715425987875,-0.00483166359979272,0.00262441584079614));
#3520=CARTESIAN_POINT('',(0.00385262970307729,-0.00491891973718403,0.00260781550413244));
#3521=CARTESIAN_POINT('',(0.00387453122769354,-0.00484099611856134,0.00262264035389475));
#3522=CARTESIAN_POINT('',(0.00459749817671663,-0.00508239814014098,0.00276929551509485));
#3523=CARTESIAN_POINT('',(0.00434887741529647,-0.00500751224268105,0.00276815768924629));
#3524=CARTESIAN_POINT('',(0.00409568005727924,-0.00492762182127922,0.0027366317039338));
#3525=CARTESIAN_POINT('',(0.00387453122769354,-0.00484099611856134,0.00262264035389475));
#3526=CARTESIAN_POINT('',(0.00459749817671665,-0.00508239814014099,0.00276929551509485));
#3527=CARTESIAN_POINT('',(0.00585485123864641,-0.0046783117832577,0.00275482289593196));
#3528=CARTESIAN_POINT('',(0.00543605469879365,-0.00480928179596876,0.00280485349337264));
#3529=CARTESIAN_POINT('',(0.00501329418245469,-0.00494238126546357,0.00282002792333607));
#3530=CARTESIAN_POINT('',(0.00459749817671664,-0.00508239814014098,0.00276929551509485));
#3531=CARTESIAN_POINT('',(0.00375198349258617,-0.00315619074539965,0.00253959534574437));
#3532=CARTESIAN_POINT('',(0.00467375870767406,-0.00199729303301245,0.00316371111502872));
#3533=CARTESIAN_POINT('',(0.00379108990808241,-0.00162351859011919,0.00256615676663605));
#3534=CARTESIAN_POINT('',(0.00379099970559978,-0.00162351861524259,0.00256629003578722));
#3535=CARTESIAN_POINT('',(0.00375730612185604,-0.00178362434673709,0.00254345474664056));
#3536=CARTESIAN_POINT('',(0.00369107711464326,-0.00208727039036688,0.00249857116270704));
#3537=CARTESIAN_POINT('',(0.00357413024540162,-0.00260796271012305,0.00241931883855718));
#3538=CARTESIAN_POINT('',(0.00346662785651866,-0.00307868534311767,0.00234646831294842));
#3539=CARTESIAN_POINT('',(0.00336121912590829,-0.00354045965307938,0.00227503654368514));
#3540=CARTESIAN_POINT('',(0.00324454483378333,-0.0040607319917314,0.00219596879057047));
#3541=CARTESIAN_POINT('',(0.00317796512449807,-0.00436706431161379,0.00215084733309472));
#3542=CARTESIAN_POINT('',(0.00314353782349682,-0.00453140020417105,0.00212751463963552));
#3543=CARTESIAN_POINT('',(0.00314339765702753,-0.0045314002431232,0.00212772172761953));
#3544=CARTESIAN_POINT('',(0.00387472358017174,-0.00484099611319244,0.0026223561341361));
#3545=CARTESIAN_POINT('',(0.00363099499123761,-0.00473779748854609,0.00245740896701548));
#3546=CARTESIAN_POINT('',(0.00338726640230305,-0.00463459886390121,0.00229246179989456));
#3547=CARTESIAN_POINT('',(0.00314353781336766,-0.00453140023925916,0.00212751463277309));
#3548=CARTESIAN_POINT('',(0.00459114588569666,-0.00324590662376811,0.000884625133476158));
#3549=CARTESIAN_POINT('',(0.00372728173691969,-0.00453140448344258,0.000718060745906025));
#3550=CARTESIAN_POINT('',(0.00401626275660442,-0.00463460213119217,0.000773734110328533));
#3551=CARTESIAN_POINT('',(0.00430524377628908,-0.00473779977894192,0.000829407474751031));
#3552=CARTESIAN_POINT('',(0.00459422479597372,-0.00484099742669175,0.000885080839173523));
#3553=CARTESIAN_POINT('',(0.00372725787093368,-0.00453140448394249,0.000718184624989959));
#3554=CARTESIAN_POINT('',(0.00372728174047105,-0.00453140447311582,0.000718060746591208));
#3555=CARTESIAN_POINT('',(0.00375421861170645,-0.00442309809334365,0.000723260413388851));
#3556=CARTESIAN_POINT('',(0.00379880053761137,-0.00424753795201647,0.000731865814526837));
#3557=CARTESIAN_POINT('',(0.00386132122775766,-0.00400701213346452,0.000743933346074867));
#3558=CARTESIAN_POINT('',(0.00392030103816499,-0.00378388392804843,0.000755317103455906));
#3559=CARTESIAN_POINT('',(0.00394916921472564,-0.00367606598690727,0.000760888861404996));
#3560=CARTESIAN_POINT('',(0.0040108823903193,-0.00344630792484903,0.000772799868570255));
#3561=CARTESIAN_POINT('',(0.00411045911322052,-0.00307912831012968,0.000792018458212147));
#3562=CARTESIAN_POINT('',(0.00421259020073251,-0.00270266542251626,0.000811730035758659));
#3563=CARTESIAN_POINT('',(0.00427392228625773,-0.00247456279405522,0.000823567469884801));
#3564=CARTESIAN_POINT('',(0.00430146174935727,-0.00237188581268316,0.000828882761549233));
#3565=CARTESIAN_POINT('',(0.00436099578505581,-0.00214709707801895,0.000840373452942828));
#3566=CARTESIAN_POINT('',(0.00442354027499127,-0.00190703739194893,0.000852445530152379));
#3567=CARTESIAN_POINT('',(0.00446824273038969,-0.00173153768628752,0.000861074150285744));
#3568=CARTESIAN_POINT('',(0.00449520478526307,-0.00162351023049557,0.000866278645535648));
#3569=CARTESIAN_POINT('',(0.00449522428291142,-0.00162351022166814,0.000866177456201435));
#3570=CARTESIAN_POINT('',(0.00449520478526009,-0.00162351023039426,0.000866278645535081));
#3571=CARTESIAN_POINT('',(0.,-0.0014897693055518,0.));
#3572=CARTESIAN_POINT('',(0.,-0.00239452646006029,0.));
#3573=CARTESIAN_POINT('',(0.00449522454538438,-0.00162351022166569,0.00086617609400057));
#3574=CARTESIAN_POINT('',(0.00431927501413948,-0.00156067569487649,0.000832257430116917));
#3575=CARTESIAN_POINT('',(0.00420227986718398,-0.00150915218821205,0.000673124981571386));
#3576=CARTESIAN_POINT('',(0.00421000092048409,-0.00150434225035679,0.000487014660467789));
#3577=CARTESIAN_POINT('',(0.0033038269305858,-0.00150399582474954,0.00265285616509911));
#3578=CARTESIAN_POINT('',(0.00342720428503896,-0.00150400623348688,0.00249925128400535));
#3579=CARTESIAN_POINT('',(0.00363431061313567,-0.00155713222171697,0.00246003619795672));
#3580=CARTESIAN_POINT('',(0.00379109059655024,-0.00162351859012557,0.00256615574956616));
#3581=CARTESIAN_POINT('',(0.,-0.00442026338698825,0.));
#3582=CARTESIAN_POINT('',(0.,-0.00508239814014098,0.));
#3583=CARTESIAN_POINT('',(0.00314339720148912,-0.00453140024312505,0.00212772240062017));
#3584=CARTESIAN_POINT('',(0.00301318239523473,-0.00447626404629446,0.00203959166147155));
#3585=CARTESIAN_POINT('',(0.00284102143764816,-0.00443206402823682,0.00207202017933151));
#3586=CARTESIAN_POINT('',(0.00273838988386973,-0.00443205722522933,0.00219975145698396));
#3587=CARTESIAN_POINT('',(0.00349044751192971,-0.00443220620589128,0.000396795414612407));
#3588=CARTESIAN_POINT('',(0.00348098754110629,-0.00443512909476844,0.000553806125715153));
#3589=CARTESIAN_POINT('',(0.0035786644062921,-0.00447833989989647,0.000689549063789712));
#3590=CARTESIAN_POINT('',(0.00372725772468995,-0.00453140448395086,0.000718185384096214));
#3591=CARTESIAN_POINT('',(0.,-0.00518892865917925,0.));
#3592=CARTESIAN_POINT('',(0.,-0.00370049241102682,0.));
#3593=CARTESIAN_POINT('',(0.00302854299268016,-0.00329246566988466,0.00643658728429844));
#3594=CARTESIAN_POINT('',(0.00301564038688173,-0.00335779258862302,0.00640916519562468));
#3595=CARTESIAN_POINT('',(0.00298623080960804,-0.00350669406450244,0.00634666101249344));
#3596=CARTESIAN_POINT('',(0.00294031196799084,-0.00373917917443831,0.00624907047830908));
#3597=CARTESIAN_POINT('',(0.00289079919610495,-0.00398986168184311,0.00614384146980253));
#3598=CARTESIAN_POINT('',(0.00284127175399679,-0.00424062036171671,0.00603858079761499));
#3599=CARTESIAN_POINT('',(0.00279539192082685,-0.00447291493732301,0.00594107136934343));
#3600=CARTESIAN_POINT('',(0.0027660300521374,-0.00462157201766992,0.00587866940423496));
#3601=CARTESIAN_POINT('',(0.0027531715525249,-0.0046866754846173,0.00585134110125728));
#3602=CARTESIAN_POINT('',(0.0028919275126577,-0.00329293627362892,0.00649868246911498));
#3603=CARTESIAN_POINT('',(0.00287961146343468,-0.00335825453122843,0.00647099695699083));
#3604=CARTESIAN_POINT('',(0.0028515183810257,-0.00350716104115454,0.00640788978691869));
#3605=CARTESIAN_POINT('',(0.00280758235096727,-0.00373977743978393,0.00630933205426644));
#3606=CARTESIAN_POINT('',(0.00276043681646686,-0.00399033982577367,0.00620308062481016));
#3607=CARTESIAN_POINT('',(0.00271311600597435,-0.00424114437309195,0.0060967914243985));
#3608=CARTESIAN_POINT('',(0.00266932102439956,-0.00447338790541526,0.00599835549686165));
#3609=CARTESIAN_POINT('',(0.00264126169899044,-0.00462210580540272,0.00593532993743941));
#3610=CARTESIAN_POINT('',(0.00262898750865969,-0.00468720381811778,0.00590773769048581));
#3611=CARTESIAN_POINT('',(0.00279039225374725,-0.00329287501777579,0.00654360300281554));
#3612=CARTESIAN_POINT('',(0.0027785079641773,-0.00335819864335332,0.00651572414852853));
#3613=CARTESIAN_POINT('',(0.00275138565515739,-0.0035071113284263,0.00645218407679581));
#3614=CARTESIAN_POINT('',(0.0027090351745309,-0.00373957770189718,0.00635299564863864));
#3615=CARTESIAN_POINT('',(0.0026634442718603,-0.00399044402848623,0.00624591352122832));
#3616=CARTESIAN_POINT('',(0.00261780854008004,-0.00424116938800355,0.0061389170699966));
#3617=CARTESIAN_POINT('',(0.00257554899781516,-0.00447344006698783,0.00603978950961291));
#3618=CARTESIAN_POINT('',(0.00254847718821078,-0.0046221344541868,0.00597633833624137));
#3619=CARTESIAN_POINT('',(0.00253663534713544,-0.00468722883848646,0.00594855680778773));
#3620=CARTESIAN_POINT('',(0.00265388846494267,-0.00329293157033272,0.00660005387780224));
#3621=CARTESIAN_POINT('',(0.00264257880127181,-0.0033582544930966,0.00657193759948584));
#3622=CARTESIAN_POINT('',(0.00261683049198422,-0.00350715108932409,0.00650783670128503));
#3623=CARTESIAN_POINT('',(0.00257663419834456,-0.00373965521958895,0.00640773938983146));
#3624=CARTESIAN_POINT('',(0.00253316860375119,-0.00399043196929766,0.00629982009280552));
#3625=CARTESIAN_POINT('',(0.00248977630343759,-0.00424118183308416,0.00619188389459596));
#3626=CARTESIAN_POINT('',(0.00244956511396644,-0.00447345158902018,0.00609190921418042));
#3627=CARTESIAN_POINT('',(0.00242384301831554,-0.00462213432514397,0.00602790521956851));
#3628=CARTESIAN_POINT('',(0.00241256966256087,-0.00468724343683343,0.00599988148016435));
#3629=CARTESIAN_POINT('',(0.00254919671743391,-0.00329279944928697,0.00664066374019798));
#3630=CARTESIAN_POINT('',(0.00253833428741874,-0.00335811598178243,0.00661237715631796));
#3631=CARTESIAN_POINT('',(0.00251360797871647,-0.00350708285085966,0.00654784817244347));
#3632=CARTESIAN_POINT('',(0.00247497345287008,-0.00373958915955238,0.00644714584589425));
#3633=CARTESIAN_POINT('',(0.00243327303832624,-0.00399045770729026,0.00633849820576303));
#3634=CARTESIAN_POINT('',(0.00239158335585983,-0.00424118132493616,0.00622991499798485));
#3635=CARTESIAN_POINT('',(0.00235295526743512,-0.00447345972222292,0.00612932277464938));
#3636=CARTESIAN_POINT('',(0.00232825066466811,-0.0046221379767294,0.00606492721646967));
#3637=CARTESIAN_POINT('',(0.00231742343284812,-0.00468723098137301,0.00603673814549877));
#3638=CARTESIAN_POINT('',(0.00240986091794974,-0.00329240360806517,0.00669288360585626));
#3639=CARTESIAN_POINT('',(0.0023995937930525,-0.00335773237527882,0.00666436898946756));
#3640=CARTESIAN_POINT('',(0.00237619050289109,-0.00350664620226939,0.00659937088991931));
#3641=CARTESIAN_POINT('',(0.00233965712400724,-0.00373910470087011,0.00649790546180496));
#3642=CARTESIAN_POINT('',(0.00230025270685791,-0.00398983537157685,0.00638846605417026));
#3643=CARTESIAN_POINT('',(0.00226084284898414,-0.00424059627298067,0.00627901361487136));
#3644=CARTESIAN_POINT('',(0.00222433599011261,-0.00447288640335727,0.00617762385210944));
#3645=CARTESIAN_POINT('',(0.00220097198762293,-0.0046215500325849,0.0061127343806019));
#3646=CARTESIAN_POINT('',(0.00219074061976716,-0.00468665141360429,0.00608431890542125));
#3647=CARTESIAN_POINT('',(0.00240833800201306,-0.0033020937841602,0.00668865404900438));
#3648=CARTESIAN_POINT('',(0.00261791173543463,-0.00329894025802912,0.00661196686100773));
#3649=CARTESIAN_POINT('',(0.0028242246567106,-0.00329894403310333,0.00652651072443949));
#3650=CARTESIAN_POINT('',(0.00302664106816489,-0.00330209525998649,0.00643254509878016));
#3651=CARTESIAN_POINT('',(0.00240833780352167,-0.00330209366397947,0.00668865407369749));
#3652=CARTESIAN_POINT('',(0.00302664122602748,-0.00330209513981536,0.00643254497586781));
#3653=CARTESIAN_POINT('',(0.00253669456130912,-0.00248537125588194,0.00704513825619011));
#3654=CARTESIAN_POINT('',(0.00252355987921009,-0.0025689471501547,0.0070086584874505));
#3655=CARTESIAN_POINT('',(0.0024972904915297,-0.00273609908811804,0.00693569888475239));
#3656=CARTESIAN_POINT('',(0.00245788438987329,-0.00298683747981931,0.00682625580744934));
#3657=CARTESIAN_POINT('',(0.00241847074097122,-0.00323761933848118,0.00671679599468461));
#3658=CARTESIAN_POINT('',(0.00237905992417514,-0.00348838834099508,0.00660734023378844));
#3659=CARTESIAN_POINT('',(0.00233965712400724,-0.00373910470087011,0.00649790546180496));
#3660=CARTESIAN_POINT('',(0.00230025270685791,-0.00398983537157685,0.00638846605417026));
#3661=CARTESIAN_POINT('',(0.00226084284898414,-0.00424059627298067,0.00627901361487136));
#3662=CARTESIAN_POINT('',(0.00222143085834558,-0.00449137151705325,0.00616955548825246));
#3663=CARTESIAN_POINT('',(0.00218202961867529,-0.0047420791299295,0.00606012513688693));
#3664=CARTESIAN_POINT('',(0.00214260670547796,-0.00499292255495025,0.00595063997637538));
#3665=CARTESIAN_POINT('',(0.00210321035607069,-0.00524359711079344,0.0058412224383449));
#3666=CARTESIAN_POINT('',(0.00207693374824169,-0.00541079430527693,0.00576824478086938));
#3667=CARTESIAN_POINT('',(0.00206379561217604,-0.00549439183450192,0.00573175641829592));
#3668=CARTESIAN_POINT('',(0.00219205106300389,-0.0046783117832577,0.00608795896436678));
#3669=CARTESIAN_POINT('',(0.00275482353183199,-0.00467831140949544,0.00585485206742506));
#3670=CARTESIAN_POINT('',(0.00256982827082898,-0.00467935979682294,0.00593873204918167));
#3671=CARTESIAN_POINT('',(0.00238216334354076,-0.00467935902892734,0.00601646700669443));
#3672=CARTESIAN_POINT('',(0.00219205128732176,-0.00467831173926693,0.00608795901127508));
#3673=CARTESIAN_POINT('',(0.00275482365718933,-0.00467831145351917,0.00585485187558215));
#3674=CARTESIAN_POINT('',(0.00318794124946672,-0.00248542539196614,0.0067753568608692));
#3675=CARTESIAN_POINT('',(0.00317143547728847,-0.00256899309894843,0.00674027751143468));
#3676=CARTESIAN_POINT('',(0.00313842390342276,-0.00273612866231618,0.00667011874985043));
#3677=CARTESIAN_POINT('',(0.00308889867176565,-0.00298687654721037,0.00656486269292151));
#3678=CARTESIAN_POINT('',(0.00303936160353279,-0.00323769194115919,0.00645957948845957));
#3679=CARTESIAN_POINT('',(0.00298983752986047,-0.00348843407485003,0.00635432585537997));
#3680=CARTESIAN_POINT('',(0.00294031210969242,-0.00373917913618598,0.00624907032103089));
#3681=CARTESIAN_POINT('',(0.00289079933768942,-0.00398986164357685,0.00614384131248727));
#3682=CARTESIAN_POINT('',(0.00284127189561559,-0.00424062032345564,0.00603858064031554));
#3683=CARTESIAN_POINT('',(0.00279174105095543,-0.00449140036652078,0.00593331163625675));
#3684=CARTESIAN_POINT('',(0.00274222511676648,-0.00474209496536581,0.00582807710229573));
#3685=CARTESIAN_POINT('',(0.00269267397274801,-0.00499299333335908,0.00572276072073037));
#3686=CARTESIAN_POINT('',(0.00264316418920832,-0.00524364921480982,0.00561754123840222));
#3687=CARTESIAN_POINT('',(0.00261015140727931,-0.00541079289939498,0.00554737937524198));
#3688=CARTESIAN_POINT('',(0.00259364522719277,-0.00549436367401262,0.00551229889183952));
#3689=CARTESIAN_POINT('',(0.00317205730662831,-0.00195311387246299,0.0046862159809335));
#3690=CARTESIAN_POINT('',(0.00316657454557909,-0.00198193312393686,0.00467811589131562));
#3691=CARTESIAN_POINT('',(0.00314449140304729,-0.00209801020130025,0.00464549057340188));
#3692=CARTESIAN_POINT('',(0.00310580704516251,-0.00230135556745337,0.00458833618975796));
#3693=CARTESIAN_POINT('',(0.00305600289640523,-0.0025631516269704,0.00451475426295732));
#3694=CARTESIAN_POINT('',(0.00300620569307649,-0.00282489626513942,0.0044411866552678));
#3695=CARTESIAN_POINT('',(0.00295640827653508,-0.00308663358306569,0.00436762168655098));
#3696=CARTESIAN_POINT('',(0.00290660743508034,-0.00334840839245663,0.00429404583797234));
#3697=CARTESIAN_POINT('',(0.00285681216746053,-0.00361012992384716,0.00422048545290389));
#3698=CARTESIAN_POINT('',(0.00280701171229697,-0.00387189810711093,0.00414691114645425));
#3699=CARTESIAN_POINT('',(0.00275720976817356,-0.00413368181320877,0.0040733318194924));
#3700=CARTESIAN_POINT('',(0.00270741828154229,-0.00439536833480558,0.00399978256133544));
#3701=CARTESIAN_POINT('',(0.00266117161790709,-0.00463845181270102,0.00393145907287297));
#3702=CARTESIAN_POINT('',(0.00263151553884948,-0.00479434408562342,0.00388764307186452));
#3703=CARTESIAN_POINT('',(0.00261846216317368,-0.00486296192919105,0.00386835696325049));
#3704=CARTESIAN_POINT('',(0.00318755468225066,-0.00196387580545145,0.00471620748144012));
#3705=CARTESIAN_POINT('',(0.00318205090534436,-0.00199267824326212,0.00470806672654767));
#3706=CARTESIAN_POINT('',(0.00315992622744418,-0.00210872117433187,0.00467536095574397));
#3707=CARTESIAN_POINT('',(0.00312162327975425,-0.00231236043099158,0.00461894357655998));
#3708=CARTESIAN_POINT('',(0.00306876995100806,-0.00257200843557898,0.00453946093764083));
#3709=CARTESIAN_POINT('',(0.00302922250571143,-0.00284088440056896,0.00448572856272599));
#3710=CARTESIAN_POINT('',(0.0029789503337398,-0.00310229521985956,0.004411244534772));
#3711=CARTESIAN_POINT('',(0.00291869635057613,-0.00335678682070951,0.00431743964781542));
#3712=CARTESIAN_POINT('',(0.00287139291548798,-0.00362024480555377,0.00424870112029696));
#3713=CARTESIAN_POINT('',(0.00282061526311748,-0.00388133480519675,0.00417323609271115));
#3714=CARTESIAN_POINT('',(0.00277076307738617,-0.00414310795593544,0.00409955743350167));
#3715=CARTESIAN_POINT('',(0.00272067854865263,-0.00440456599346481,0.00402544133037789));
#3716=CARTESIAN_POINT('',(0.00267421053904172,-0.00464754725373628,0.00395669011049624));
#3717=CARTESIAN_POINT('',(0.00264441465577048,-0.0048033182568298,0.00391260292853912));
#3718=CARTESIAN_POINT('',(0.00263129983251914,-0.00487188041515485,0.00389319758591559));
#3719=CARTESIAN_POINT('',(0.00320220675497375,-0.00197542384669303,0.00474766061889876));
#3720=CARTESIAN_POINT('',(0.00319667933933523,-0.00200420813986699,0.00473946803701016));
#3721=CARTESIAN_POINT('',(0.0031744737805715,-0.00212018398921482,0.00470657702668107));
#3722=CARTESIAN_POINT('',(0.00313618011220241,-0.00232376894602416,0.0046500827875422));
#3723=CARTESIAN_POINT('',(0.00308220584644595,-0.00258256704449493,0.00456867899984213));
#3724=CARTESIAN_POINT('',(0.00304576042599186,-0.00285373023640206,0.00451978964337517));
#3725=CARTESIAN_POINT('',(0.0029951807749862,-0.00311492207022026,0.00444468543825877));
#3726=CARTESIAN_POINT('',(0.00293145530762275,-0.00336681619579483,0.00434519147794678));
#3727=CARTESIAN_POINT('',(0.00288478941609677,-0.00363074774566983,0.00427734908699942));
#3728=CARTESIAN_POINT('',(0.00283355428691916,-0.00389143736068082,0.00420103090312613));
#3729=CARTESIAN_POINT('',(0.00278353196404153,-0.00415309608151137,0.00412695179595178));
#3730=CARTESIAN_POINT('',(0.00273320291344369,-0.00441434457649399,0.00405231990667225));
#3731=CARTESIAN_POINT('',(0.00268651750349596,-0.00465721338876493,0.00398310035436297));
#3732=CARTESIAN_POINT('',(0.00265658914219571,-0.00481285782885939,0.00393872882676784));
#3733=CARTESIAN_POINT('',(0.00264341629464135,-0.0048813620245772,0.00391919898854127));
#3734=CARTESIAN_POINT('',(0.00322972135864948,-0.0019997331680074,0.00481372476613355));
#3735=CARTESIAN_POINT('',(0.00322414570187036,-0.00202846945603692,0.00480541569996251));
#3736=CARTESIAN_POINT('',(0.00320173566159335,-0.00214424547932222,0.00477202694991664));
#3737=CARTESIAN_POINT('',(0.00316297655947986,-0.0023474121885218,0.0047143597963532));
#3738=CARTESIAN_POINT('',(0.00310921010978843,-0.00260640451496805,0.00463372785740841));
#3739=CARTESIAN_POINT('',(0.00306995448502034,-0.00287494741722092,0.00457706439829764));
#3740=CARTESIAN_POINT('',(0.00301899198951869,-0.00313585783123153,0.00450106962760587));
#3741=CARTESIAN_POINT('',(0.00295715112792228,-0.0033894167440711,0.00440708501832932));
#3742=CARTESIAN_POINT('',(0.00290943377442874,-0.00365241417954842,0.0043364548008783));
#3743=CARTESIAN_POINT('',(0.00285793241731693,-0.00391287575596456,0.00425956884996927));
#3744=CARTESIAN_POINT('',(0.0028074373737144,-0.00417408859097113,0.00418433460257397));
#3745=CARTESIAN_POINT('',(0.00275668628568848,-0.00443498966647466,0.00410869348367942));
#3746=CARTESIAN_POINT('',(0.00270959795681792,-0.00467748133544231,0.00403850923153718));
#3747=CARTESIAN_POINT('',(0.00267941770560605,-0.00483288661740935,0.00399353263928344));
#3748=CARTESIAN_POINT('',(0.00266613425510516,-0.00490128565695776,0.0039737370380794));
#3749=CARTESIAN_POINT('',(0.00324252198531922,-0.0020124164626245,0.0048482428244793));
#3750=CARTESIAN_POINT('',(0.00323692612622046,-0.00204113169461566,0.00483988163710322));
#3751=CARTESIAN_POINT('',(0.00321444810979984,-0.00215684389684997,0.00480633857656754));
#3752=CARTESIAN_POINT('',(0.00317571102957634,-0.00236011990491092,0.00474898706097703));
#3753=CARTESIAN_POINT('',(0.00312086697633674,-0.002617654528335,0.00466419503662436));
#3754=CARTESIAN_POINT('',(0.00308468736360639,-0.00289068326582277,0.00462050770924203));
#3755=CARTESIAN_POINT('',(0.00303344920011099,-0.00315131005402109,0.00454366381289961));
#3756=CARTESIAN_POINT('',(0.00296822674644028,-0.00340004916561159,0.00443600543962602));
#3757=CARTESIAN_POINT('',(0.00292116070311906,-0.00366408325617945,0.00436835183340703));
#3758=CARTESIAN_POINT('',(0.00286922818769147,-0.0039240263867458,0.00428997653618768));
#3759=CARTESIAN_POINT('',(0.00281859478196746,-0.00418511740903319,0.00421445532523441));
#3760=CARTESIAN_POINT('',(0.00276762467123905,-0.00444580740044243,0.00413820011241263));
#3761=CARTESIAN_POINT('',(0.00272035747403958,-0.00468808362060494,0.00406753879658779));
#3762=CARTESIAN_POINT('',(0.00269005793642197,-0.00484337208818321,0.00402224093258017));
#3763=CARTESIAN_POINT('',(0.00267672179111986,-0.00491172059468424,0.00400230328525597));
#3764=CARTESIAN_POINT('',(0.0032781155583948,-0.00205168505159328,0.00495704807205964));
#3765=CARTESIAN_POINT('',(0.0032724576234886,-0.00208034131435886,0.00494850837626673));
#3766=CARTESIAN_POINT('',(0.00324973040969081,-0.00219583972010494,0.00491433615231364));
#3767=CARTESIAN_POINT('',(0.00321056551749212,-0.00239899105653847,0.00485682876123447));
#3768=CARTESIAN_POINT('',(0.00315513985508166,-0.00265411040564398,0.00476461112851185));
#3769=CARTESIAN_POINT('',(0.0031184819873454,-0.0029332890452599,0.00474055321441064));
#3770=CARTESIAN_POINT('',(0.00306668462664482,-0.00319312872318896,0.00466153437588271));
#3771=CARTESIAN_POINT('',(0.00300082175793629,-0.00343468975646637,0.0045313916291693));
#3772=CARTESIAN_POINT('',(0.0029532179314554,-0.00369987583507263,0.00446759311923977));
#3773=CARTESIAN_POINT('',(0.00290071846385215,-0.00395874812751921,0.00438601144333055));
#3774=CARTESIAN_POINT('',(0.00284953232374478,-0.00421931763522715,0.00430918907697508));
#3775=CARTESIAN_POINT('',(0.0027980039340237,-0.00447934891070567,0.0042311198816001));
#3776=CARTESIAN_POINT('',(0.0027502203784917,-0.00472103283951253,0.00415890310017697));
#3777=CARTESIAN_POINT('',(0.00271958800946885,-0.00487596752961504,0.00411259093581703));
#3778=CARTESIAN_POINT('',(0.002706105294697,-0.00494416139596998,0.00409220613807637));
#3779=CARTESIAN_POINT('',(0.00329751380887638,-0.00207918397054084,0.00503562225679074));
#3780=CARTESIAN_POINT('',(0.0032918201961738,-0.00210779192590281,0.00502694694780226));
#3781=CARTESIAN_POINT('',(0.00326893143270733,-0.00222309541441714,0.0049922284209111));
#3782=CARTESIAN_POINT('',(0.00322929550988388,-0.00242590164170819,0.00493376311043847));
#3783=CARTESIAN_POINT('',(0.00317470870331679,-0.00268068249628952,0.00484029579372625));
#3784=CARTESIAN_POINT('',(0.00313347623505188,-0.00295907382330817,0.0048150638957714));
#3785=CARTESIAN_POINT('',(0.00308147859032866,-0.0032184389415216,0.00473483333533466));
#3786=CARTESIAN_POINT('',(0.00301944368569818,-0.00346006476913283,0.00460333633008307));
#3787=CARTESIAN_POINT('',(0.00297042714124002,-0.00372469944588642,0.00453833295150828));
#3788=CARTESIAN_POINT('',(0.00291791971218478,-0.00398317811534715,0.00445550797260941));
#3789=CARTESIAN_POINT('',(0.00286635279370434,-0.00424328378481603,0.0043774605850965));
#3790=CARTESIAN_POINT('',(0.00281453005325879,-0.00450298147330341,0.00429812943917628));
#3791=CARTESIAN_POINT('',(0.00276645729719357,-0.00474427620104979,0.00422476107968834));
#3792=CARTESIAN_POINT('',(0.00273564610636499,-0.00489892766913186,0.00417772559164504));
#3793=CARTESIAN_POINT('',(0.00272208495620744,-0.0049669954798185,0.00415702304356284));
#3794=CARTESIAN_POINT('',(0.0033421436775665,-0.002166217067433,0.00528811034147159));
#3795=CARTESIAN_POINT('',(0.00333636805908652,-0.00219467407928939,0.00527899251081344));
#3796=CARTESIAN_POINT('',(0.00331311200878671,-0.00230935065123195,0.0052424482503454));
#3797=CARTESIAN_POINT('',(0.00327244301505153,-0.00251085898052877,0.00518032778681686));
#3798=CARTESIAN_POINT('',(0.00321955252730281,-0.00276540838050571,0.00508572113559142));
#3799=CARTESIAN_POINT('',(0.0031686624094071,-0.00303822051071858,0.00504596248969556));
#3800=CARTESIAN_POINT('',(0.00311615902016491,-0.00329629545146278,0.0049619976593516));
#3801=CARTESIAN_POINT('',(0.00306214382576018,-0.00354072379320097,0.00483679964198001));
#3802=CARTESIAN_POINT('',(0.00301009003310569,-0.00380288287389979,0.00476507931414077));
#3803=CARTESIAN_POINT('',(0.00295750989370472,-0.00406028402094201,0.00467902961660593));
#3804=CARTESIAN_POINT('',(0.00290507321531123,-0.00431895821518852,0.00459681657888107));
#3805=CARTESIAN_POINT('',(0.00285259282526908,-0.00457732816353668,0.00451356857093611));
#3806=CARTESIAN_POINT('',(0.00280386525373965,-0.00481731174257386,0.00443651593092538));
#3807=CARTESIAN_POINT('',(0.00277262807650491,-0.00497118786230808,0.00438710882190513));
#3808=CARTESIAN_POINT('',(0.00275887917303739,-0.00503891710640201,0.00436536201018146));
#3809=CARTESIAN_POINT('',(0.00335120750680474,-0.00222945791182858,0.00547570902895595));
#3810=CARTESIAN_POINT('',(0.00334541519930641,-0.00225779981758614,0.00546625265269805));
#3811=CARTESIAN_POINT('',(0.00332208321416988,-0.00237197486335147,0.00542822822406622));
#3812=CARTESIAN_POINT('',(0.00328118938099364,-0.0025722052765174,0.00536228655600906));
#3813=CARTESIAN_POINT('',(0.00322871675625231,-0.00282823582411527,0.00527224366511092));
#3814=CARTESIAN_POINT('',(0.0031755909968552,-0.00309081236820425,0.00520149580800281));
#3815=CARTESIAN_POINT('',(0.00312298991816177,-0.00334812301511538,0.00511520542234519));
#3816=CARTESIAN_POINT('',(0.00307088506136898,-0.00360048106025111,0.00501438384556526));
#3817=CARTESIAN_POINT('',(0.00301813887107128,-0.003859249342203,0.00493239858157126));
#3818=CARTESIAN_POINT('',(0.00296556416023865,-0.00411630146451496,0.00484536430067209));
#3819=CARTESIAN_POINT('',(0.00291294501294128,-0.00437380715425654,0.00475968474636252));
#3820=CARTESIAN_POINT('',(0.00286033684572317,-0.00463119416755226,0.0046736418771751));
#3821=CARTESIAN_POINT('',(0.00281147620601863,-0.00487026158484433,0.00459381835042105));
#3822=CARTESIAN_POINT('',(0.0027801502141046,-0.00502353765331192,0.00454264726344177));
#3823=CARTESIAN_POINT('',(0.00276636207385558,-0.00509100225988361,0.00452012455502439));
#3824=CARTESIAN_POINT('',(0.00333883537133736,-0.00235565523234974,0.00584728806677226));
#3825=CARTESIAN_POINT('',(0.00333306479903843,-0.0023837742636638,0.00583717358554752));
#3826=CARTESIAN_POINT('',(0.00330982482416097,-0.00249700705526376,0.00579636845211136));
#3827=CARTESIAN_POINT('',(0.00326913922492557,-0.00269511728791412,0.0057241858240038));
#3828=CARTESIAN_POINT('',(0.00321657544214845,-0.00295201570843087,0.00563669800853999));
#3829=CARTESIAN_POINT('',(0.00316470370435642,-0.00320198617947863,0.00552882208899567));
#3830=CARTESIAN_POINT('',(0.00311227291330739,-0.00345754527529592,0.00543736388326824));
#3831=CARTESIAN_POINT('',(0.0030593271992369,-0.00371828953607869,0.00536127698203031));
#3832=CARTESIAN_POINT('',(0.00300705136105897,-0.00397230002746778,0.0052652714651175));
#3833=CARTESIAN_POINT('',(0.00295459506405779,-0.00422812047451584,0.00517460293470974));
#3834=CARTESIAN_POINT('',(0.00290219055453337,-0.00448343688751212,0.00508251231321882));
#3835=CARTESIAN_POINT('',(0.0028497690872505,-0.00473890558601243,0.00499079383773357));
#3836=CARTESIAN_POINT('',(0.00280108745702791,-0.00497613396622226,0.00490552543568897));
#3837=CARTESIAN_POINT('',(0.0027698796492495,-0.00512820606039799,0.00485085694011386));
#3838=CARTESIAN_POINT('',(0.00275614366923804,-0.00519513970568325,0.0048267945759359));
#3839=CARTESIAN_POINT('',(0.00331787602279021,-0.00241282197382895,0.00601505229159695));
#3840=CARTESIAN_POINT('',(0.00331214325656745,-0.0024408406892308,0.00600464798101364));
#3841=CARTESIAN_POINT('',(0.00328906520927308,-0.00255367026037471,0.00596267683353459));
#3842=CARTESIAN_POINT('',(0.00324876497722799,-0.00275108285031857,0.00588846578379587));
#3843=CARTESIAN_POINT('',(0.00319589586370671,-0.0030070899041517,0.00579826655754379));
#3844=CARTESIAN_POINT('',(0.00314672304908545,-0.00325615517713591,0.0056880253287023));
#3845=CARTESIAN_POINT('',(0.00309456791158147,-0.00351082986587077,0.00559393581563565));
#3846=CARTESIAN_POINT('',(0.00303965579652242,-0.00377063290540703,0.00551489236566708));
#3847=CARTESIAN_POINT('',(0.00298832451287423,-0.0040237579561737,0.00541634168526054));
#3848=CARTESIAN_POINT('',(0.00293603233790793,-0.00427867817407721,0.00532301900441318));
#3849=CARTESIAN_POINT('',(0.00288400297179279,-0.00453309778500235,0.00522828782654762));
#3850=CARTESIAN_POINT('',(0.00283189811731602,-0.00478767530914648,0.00513393351294414));
#3851=CARTESIAN_POINT('',(0.00278352414155171,-0.00502406397169872,0.00504623154565895));
#3852=CARTESIAN_POINT('',(0.00275251281878393,-0.00517561074623852,0.00499000013880103));
#3853=CARTESIAN_POINT('',(0.00273886329015077,-0.00524231371239701,0.00496524974793763));
#3854=CARTESIAN_POINT('',(0.00327184199386878,-0.00249899961104701,0.00626471971893183));
#3855=CARTESIAN_POINT('',(0.0032661861166727,-0.00252687550567854,0.00625389592220631));
#3856=CARTESIAN_POINT('',(0.00324339979336021,-0.00263916287041537,0.00621033387021911));
#3857=CARTESIAN_POINT('',(0.00320342133113215,-0.00283597370393681,0.00613437549029075));
#3858=CARTESIAN_POINT('',(0.00315245063505673,-0.00308841612824227,0.00603388265522267));
#3859=CARTESIAN_POINT('',(0.00309961164328773,-0.00334436320555099,0.00594353023032576));
#3860=CARTESIAN_POINT('',(0.00304827945848989,-0.00359747905857525,0.00584500490042709));
#3861=CARTESIAN_POINT('',(0.00299834378017843,-0.00384799677415943,0.00573887002788645));
#3862=CARTESIAN_POINT('',(0.00294659534568761,-0.00410189529641473,0.00564260185903218));
#3863=CARTESIAN_POINT('',(0.00289533340192192,-0.00435488364018727,0.0055436900581347));
#3864=CARTESIAN_POINT('',(0.00284393919122066,-0.00460812452923149,0.00544549139260396));
#3865=CARTESIAN_POINT('',(0.00279258280589529,-0.00486128401391591,0.00534710210899424));
#3866=CARTESIAN_POINT('',(0.00274487955001908,-0.00509641450965026,0.0052557653291189));
#3867=CARTESIAN_POINT('',(0.00271429297485283,-0.00524717812313198,0.00519720437880866));
#3868=CARTESIAN_POINT('',(0.00270083018065628,-0.00531353735354452,0.00517142867388976));
#3869=CARTESIAN_POINT('',(0.00325322848255759,-0.00252784966439974,0.00634782316361335));
#3870=CARTESIAN_POINT('',(0.00324760337831056,-0.00255567897486147,0.00633686129671068));
#3871=CARTESIAN_POINT('',(0.00322493148888526,-0.00266779512120202,0.00629278941988435));
#3872=CARTESIAN_POINT('',(0.0031850532838293,-0.00286447890488049,0.00621642556819875));
#3873=CARTESIAN_POINT('',(0.00313499636340929,-0.00311536559355971,0.00611164823745676));
#3874=CARTESIAN_POINT('',(0.00308013533213976,-0.00337492976972499,0.00603114280527428));
#3875=CARTESIAN_POINT('',(0.00302914566042114,-0.00362749880283541,0.00593107615194325));
#3876=CARTESIAN_POINT('',(0.00298174825240191,-0.00387364432872737,0.00581277621065936));
#3877=CARTESIAN_POINT('',(0.00292969019856418,-0.00412814179950996,0.00571811120537274));
#3878=CARTESIAN_POINT('',(0.00287888261598463,-0.00438039133238785,0.00561711500006431));
#3879=CARTESIAN_POINT('',(0.00282773546279348,-0.00463326676116049,0.00551781915487756));
#3880=CARTESIAN_POINT('',(0.00277668665763242,-0.00488593078267415,0.0054180767836936));
#3881=CARTESIAN_POINT('',(0.0027292508850602,-0.00512065482040054,0.00532553290663632));
#3882=CARTESIAN_POINT('',(0.00269883756294654,-0.00527115276907651,0.00526619482883249));
#3883=CARTESIAN_POINT('',(0.00268545109906804,-0.00533739485699654,0.00524007693768336));
#3884=CARTESIAN_POINT('',(0.00320965706923002,-0.00258803385475688,0.00651956205694437));
#3885=CARTESIAN_POINT('',(0.00320410815139163,-0.00261575699020941,0.00650829880620717));
#3886=CARTESIAN_POINT('',(0.00318174945383841,-0.00272743228703244,0.00646297441497202));
#3887=CARTESIAN_POINT('',(0.00314248660031606,-0.00292320470505165,0.0063840096194369));
#3888=CARTESIAN_POINT('',(0.00309270288637203,-0.00317401396173271,0.00627902072112617));
#3889=CARTESIAN_POINT('',(0.00304005968420852,-0.00342939100217616,0.00618654319413214));
#3890=CARTESIAN_POINT('',(0.0029897250859079,-0.00368109951284743,0.00608393678326356));
#3891=CARTESIAN_POINT('',(0.00294151513597864,-0.00392942238651078,0.00597203739261212));
#3892=CARTESIAN_POINT('',(0.00289054279277206,-0.0041821346551614,0.00587224184414938));
#3893=CARTESIAN_POINT('',(0.00284031006977164,-0.00443367348547274,0.00576919986265194));
#3894=CARTESIAN_POINT('',(0.00278987998947468,-0.00468551503846433,0.00566704788510551));
#3895=CARTESIAN_POINT('',(0.00273950312854842,-0.00493727455784502,0.00556464776460756));
#3896=CARTESIAN_POINT('',(0.00269270466044454,-0.00517111949454794,0.00546958752748028));
#3897=CARTESIAN_POINT('',(0.00266270178858419,-0.00532103563150749,0.0054086531235935));
#3898=CARTESIAN_POINT('',(0.00264949606130125,-0.00538702088138316,0.00538183331276846));
#3899=CARTESIAN_POINT('',(0.00318458695992915,-0.00261947092254336,0.00660824473818497));
#3900=CARTESIAN_POINT('',(0.00317908264556798,-0.00264713553586889,0.0065968251581317));
#3901=CARTESIAN_POINT('',(0.00315691013180708,-0.00275856438306008,0.00655083831830519));
#3902=CARTESIAN_POINT('',(0.00311804224699759,-0.00295379196063365,0.0064703675850386));
#3903=CARTESIAN_POINT('',(0.00306821460722199,-0.00320490120350088,0.00636606884190701));
#3904=CARTESIAN_POINT('',(0.00301758679807381,-0.00345689676407285,0.00626439331644143));
#3905=CARTESIAN_POINT('',(0.00296760032178869,-0.00370824287562222,0.00616054102522111));
#3906=CARTESIAN_POINT('',(0.00291823033225456,-0.00395871533820224,0.00605490517945925));
#3907=CARTESIAN_POINT('',(0.00286806886384892,-0.00421021943499361,0.0059516701512758));
#3908=CARTESIAN_POINT('',(0.00281811574466594,-0.00446146847685294,0.00584778204440205));
#3909=CARTESIAN_POINT('',(0.00276811493410481,-0.00471272863787951,0.00574410388784806));
#3910=CARTESIAN_POINT('',(0.00271811379798506,-0.00496406396628368,0.00564033030736505));
#3911=CARTESIAN_POINT('',(0.00267168337496549,-0.00519744758914468,0.00554397192941878));
#3912=CARTESIAN_POINT('',(0.00264192141523518,-0.00534703070088804,0.00548222248048007));
#3913=CARTESIAN_POINT('',(0.00262882193037281,-0.00541286782637467,0.00545504464108883));
#3914=CARTESIAN_POINT('',(0.00315477819297661,-0.00265332813733117,0.00670487609722671));
#3915=CARTESIAN_POINT('',(0.00314932644470547,-0.00268093011853511,0.00669328958893051));
#3916=CARTESIAN_POINT('',(0.00312736791265416,-0.00279210550902396,0.00664662143434461));
#3917=CARTESIAN_POINT('',(0.00308889867176565,-0.00298687654721037,0.00656486269292151));
#3918=CARTESIAN_POINT('',(0.00303936160353279,-0.00323769194115919,0.00645957948845957));
#3919=CARTESIAN_POINT('',(0.00298983752986047,-0.00348843407485003,0.00635432585537997));
#3920=CARTESIAN_POINT('',(0.00294031210969242,-0.00373917913618598,0.00624907032103089));
#3921=CARTESIAN_POINT('',(0.00289079933768942,-0.00398986164357685,0.00614384131248727));
#3922=CARTESIAN_POINT('',(0.00284127189561559,-0.00424062032345564,0.00603858064031554));
#3923=CARTESIAN_POINT('',(0.00279174105095543,-0.00449140036652078,0.00593331163625675));
#3924=CARTESIAN_POINT('',(0.00274222511676648,-0.00474209496536581,0.00582807710229573));
#3925=CARTESIAN_POINT('',(0.00269267397274801,-0.00499299333335908,0.00572276072073037));
#3926=CARTESIAN_POINT('',(0.00264669245062068,-0.00522578649332175,0.00562503959151115));
#3927=CARTESIAN_POINT('',(0.0026172092421729,-0.00537505918004177,0.00556237932292179));
#3928=CARTESIAN_POINT('',(0.00260423207482509,-0.00544076249389247,0.00553479904877763));
#3929=CARTESIAN_POINT('',(0.00302664122602748,-0.00330209513981536,0.00643254497586781));
#3930=CARTESIAN_POINT('',(0.00314756467136773,-0.00300694259470241,0.00625619598614245));
#3931=CARTESIAN_POINT('',(0.00324982379045896,-0.00270670273662322,0.00607837235772488));
#3932=CARTESIAN_POINT('',(0.00332373346246141,-0.00239452646004495,0.00590559361654987));
#3933=CARTESIAN_POINT('',(0.00332373346246014,-0.00239452646005331,0.00590559361653424));
#3934=CARTESIAN_POINT('',(0.00276921562027059,-0.00508239814014098,0.00459754630028744));
#3935=CARTESIAN_POINT('',(0.00282022025362279,-0.00494235082165334,0.00501327191717753));
#3936=CARTESIAN_POINT('',(0.00280485071777591,-0.00480927868115849,0.00543606538904682));
#3937=CARTESIAN_POINT('',(0.00275482365718933,-0.00467831145351917,0.00585485187558215));
#3938=CARTESIAN_POINT('',(0.0027692156202706,-0.00508239814014098,0.00459754630028744));
#3939=CARTESIAN_POINT('',(0.00262264393808527,-0.00484099742722778,0.00387453330817281));
#3940=CARTESIAN_POINT('',(0.00273719433634934,-0.00492804607676988,0.00409676021743339));
#3941=CARTESIAN_POINT('',(0.00276787360562316,-0.00500693960416468,0.00434714473181846));
#3942=CARTESIAN_POINT('',(0.00276921562027059,-0.00508239814014099,0.00459754630028744));
#3943=CARTESIAN_POINT('',(0.0026226429481348,-0.00484099742722646,0.00387453397825847));
#3944=CARTESIAN_POINT('',(0.00290661012673664,-0.00334839024776154,0.004294051019295));
#3945=CARTESIAN_POINT('',(0.0031636523883626,-0.00199729309787753,0.00467379871829067));
#3946=CARTESIAN_POINT('',(0.00316365238836235,-0.00199729309787884,0.0046737987182903));
#3947=CARTESIAN_POINT('',(0.00335655281323772,-0.00214389960923827,0.00504808752753952));
#3948=CARTESIAN_POINT('',(0.00336496430083032,-0.00227261315437293,0.0054834398760202));
#3949=CARTESIAN_POINT('',(0.00332373346246014,-0.00239452646005331,0.00590559361653424));
#3950=CARTESIAN_POINT('',(0.00251031313686014,-0.00265323458144542,0.00697186815964385));
#3951=CARTESIAN_POINT('',(0.00250597210685812,-0.00268085646779879,0.00695981159511189));
#3952=CARTESIAN_POINT('',(0.00248849611511301,-0.00279205573456045,0.00691127472495216));
#3953=CARTESIAN_POINT('',(0.00245788417854554,-0.00298683744144352,0.00682625579642724));
#3954=CARTESIAN_POINT('',(0.00241847052957893,-0.00323761930037682,0.0067167959835526));
#3955=CARTESIAN_POINT('',(0.00237905971279842,-0.00348838830279405,0.00660734022270218));
#3956=CARTESIAN_POINT('',(0.00233965691264755,-0.00373910466276433,0.00649790545065689));
#3957=CARTESIAN_POINT('',(0.00230025249546146,-0.00398983533323358,0.00638846604321714));
#3958=CARTESIAN_POINT('',(0.00226084263760113,-0.00424059623470041,0.0062790136038661));
#3959=CARTESIAN_POINT('',(0.0022214306469589,-0.00449137147875896,0.00616955547726235));
#3960=CARTESIAN_POINT('',(0.00218202940729071,-0.00474207909163885,0.00606012512589276));
#3961=CARTESIAN_POINT('',(0.00214260649408236,-0.00499292251663129,0.00595063996538449));
#3962=CARTESIAN_POINT('',(0.00210610030762886,-0.00522520728952457,0.00584924942785192));
#3963=CARTESIAN_POINT('',(0.00208271647358327,-0.00537399765539418,0.00578430566060352));
#3964=CARTESIAN_POINT('',(0.00207247000046344,-0.00543919560846159,0.00575584825685911));
#3965=CARTESIAN_POINT('',(0.00233329025405295,-0.00258623929985604,0.00687830085501619));
#3966=CARTESIAN_POINT('',(0.00232925584101738,-0.00261398001812157,0.00686640575521083));
#3967=CARTESIAN_POINT('',(0.00231301332786422,-0.0027256573032926,0.00681851832214336));
#3968=CARTESIAN_POINT('',(0.00228455263755839,-0.00292127242013999,0.0067346308452308));
#3969=CARTESIAN_POINT('',(0.00224790134352263,-0.00317308430114312,0.00662663202599673));
#3970=CARTESIAN_POINT('',(0.00221128198859314,-0.00342487640445088,0.00651866297460642));
#3971=CARTESIAN_POINT('',(0.00217458707614286,-0.00367687422683675,0.00641058159968081));
#3972=CARTESIAN_POINT('',(0.00213804410688497,-0.00392844494404977,0.00630273060993249));
#3973=CARTESIAN_POINT('',(0.0021013847582676,-0.00418032704759383,0.00619470711240125));
#3974=CARTESIAN_POINT('',(0.00206476261246578,-0.00443212495738897,0.00608673371892105));
#3975=CARTESIAN_POINT('',(0.00202811492200625,-0.00468393707967441,0.00597874004025144));
#3976=CARTESIAN_POINT('',(0.00199158585085518,-0.00493560923435141,0.00587086442988405));
#3977=CARTESIAN_POINT('',(0.00195751155092785,-0.00516916141693022,0.00577065312308859));
#3978=CARTESIAN_POINT('',(0.00193581054191421,-0.00531850721034393,0.00570662420909071));
#3979=CARTESIAN_POINT('',(0.00192630674306485,-0.00538393771432388,0.00567857441835985));
#3980=CARTESIAN_POINT('',(0.00218795416260692,-0.00252852284850548,0.00679281340912411));
#3981=CARTESIAN_POINT('',(0.0021841705333364,-0.00255636613905695,0.00678106499218445));
#3982=CARTESIAN_POINT('',(0.00216893825268552,-0.00266845490176764,0.00673376890072468));
#3983=CARTESIAN_POINT('',(0.0021422538261161,-0.00286477546168473,0.00665092599324241));
#3984=CARTESIAN_POINT('',(0.00210789674794874,-0.00311746767613004,0.00654428588965823));
#3985=CARTESIAN_POINT('',(0.00207355627505966,-0.00337020294329026,0.00643764724271313));
#3986=CARTESIAN_POINT('',(0.00203918954982165,-0.00362288928250872,0.00633100065716533));
#3987=CARTESIAN_POINT('',(0.00200487219473299,-0.00387568937109068,0.00622436419729977));
#3988=CARTESIAN_POINT('',(0.00197051254007685,-0.00412839169373995,0.00611771915460448));
#3989=CARTESIAN_POINT('',(0.00193617068018545,-0.00438111740865187,0.00601108184900089));
#3990=CARTESIAN_POINT('',(0.00190180823491366,-0.00463383110677259,0.00590443307330727));
#3991=CARTESIAN_POINT('',(0.00186752153644057,-0.00488658659133309,0.00579782818352932));
#3992=CARTESIAN_POINT('',(0.00183564412243032,-0.0051206985173109,0.00569899140817496));
#3993=CARTESIAN_POINT('',(0.00181527160521645,-0.00527066665463787,0.00563571856644174));
#3994=CARTESIAN_POINT('',(0.0018063466085992,-0.00533638100339227,0.00560799482285696));
#3995=CARTESIAN_POINT('',(0.0019071557636028,-0.00241269317655379,0.00659926698340936));
#3996=CARTESIAN_POINT('',(0.00190385654535919,-0.0024407343846446,0.00658785286673797));
#3997=CARTESIAN_POINT('',(0.00189057536111399,-0.00255362115700833,0.00654190304007148));
#3998=CARTESIAN_POINT('',(0.00186731878760954,-0.0027513526054668,0.00646142305041489));
#3999=CARTESIAN_POINT('',(0.00183738814031317,-0.00300587366964953,0.00635783190134721));
#4000=CARTESIAN_POINT('',(0.00180744680209763,-0.00326042746370331,0.0062542245877794));
#4001=CARTESIAN_POINT('',(0.00177752212344994,-0.00351497747739659,0.00615063009674252));
#4002=CARTESIAN_POINT('',(0.00174754628320909,-0.0037694743032193,0.0060470102864789));
#4003=CARTESIAN_POINT('',(0.00171761455590527,-0.00402402007350703,0.00594341170429018));
#4004=CARTESIAN_POINT('',(0.00168767377072551,-0.00427855709269262,0.00583980867704095));
#4005=CARTESIAN_POINT('',(0.00165771894451737,-0.00453308328037554,0.00573619654445851));
#4006=CARTESIAN_POINT('',(0.00162782065010494,-0.00478762918112212,0.00563262858278984));
#4007=CARTESIAN_POINT('',(0.00160010208043716,-0.00502350617827212,0.00553664168394274));
#4008=CARTESIAN_POINT('',(0.00158232801198596,-0.00517452317912169,0.0054751657575183));
#4009=CARTESIAN_POINT('',(0.00157453885422777,-0.00524069367280702,0.00544822819123406));
#4010=CARTESIAN_POINT('',(0.00176512169929946,-0.00235157978746205,0.00648749643057186));
#4011=CARTESIAN_POINT('',(0.00176206781332767,-0.00237972594880234,0.00647627538165698));
#4012=CARTESIAN_POINT('',(0.00174976597165726,-0.00249303164106178,0.00643109511492654));
#4013=CARTESIAN_POINT('',(0.0017281373575773,-0.00269145899970337,0.00635188217204245));
#4014=CARTESIAN_POINT('',(0.0017009224447797,-0.00294719925302962,0.00625049604004571));
#4015=CARTESIAN_POINT('',(0.00167135033316603,-0.00320181322133709,0.00614691111363972));
#4016=CARTESIAN_POINT('',(0.00164414510519415,-0.00345755460397056,0.00604553426093292));
#4017=CARTESIAN_POINT('',(0.00161637948419893,-0.00371301170856582,0.00594363945954793));
#4018=CARTESIAN_POINT('',(0.00158845803752011,-0.00396841405545998,0.005841594368606));
#4019=CARTESIAN_POINT('',(0.00156175880481759,-0.00422438356780155,0.00574069136974391));
#4020=CARTESIAN_POINT('',(0.0015303226562893,-0.00447813725804398,0.00563536679021705));
#4021=CARTESIAN_POINT('',(0.00151662141434415,-0.00474014780997503,0.00554660664723646));
#4022=CARTESIAN_POINT('',(0.0014873624951021,-0.0049752405096297,0.00544888517652399));
#4023=CARTESIAN_POINT('',(0.00147100946333316,-0.00512686100716339,0.00538854227434489));
#4024=CARTESIAN_POINT('',(0.00146394467823047,-0.00519334265357502,0.00536219596748204));
#4025=CARTESIAN_POINT('',(0.00155154653790838,-0.00225235487504143,0.00628780287469525));
#4026=CARTESIAN_POINT('',(0.00154886384993,-0.00228067378655761,0.00627692872141532));
#4027=CARTESIAN_POINT('',(0.00153806918813348,-0.00239468080771681,0.00623315700046792));
#4028=CARTESIAN_POINT('',(0.00151921567982006,-0.00259439854493866,0.00615653798161437));
#4029=CARTESIAN_POINT('',(0.00149452911168849,-0.00285129786106309,0.00605751745975417));
#4030=CARTESIAN_POINT('',(0.00147139943060913,-0.00310892170115224,0.0059599538947962));
#4031=CARTESIAN_POINT('',(0.00144670601426659,-0.00336582759899003,0.00586092446514857));
#4032=CARTESIAN_POINT('',(0.00142238881982987,-0.00362288394990567,0.00576225349512084));
#4033=CARTESIAN_POINT('',(0.00139816306884959,-0.00388000385094619,0.00566366244919802));
#4034=CARTESIAN_POINT('',(0.00137315982905942,-0.00413676002742305,0.00556434566223645));
#4035=CARTESIAN_POINT('',(0.00135117764681505,-0.00439490665206647,0.00546785479515376));
#4036=CARTESIAN_POINT('',(0.00131789070503305,-0.00464781866945273,0.00536079799644578));
#4037=CARTESIAN_POINT('',(0.00129760107601117,-0.00488707037183401,0.00527145889742864));
#4038=CARTESIAN_POINT('',(0.00128309375684028,-0.00503955617395684,0.00521283963039238));
#4039=CARTESIAN_POINT('',(0.00127667303360065,-0.0051063410122743,0.00518709461544462));
#4040=CARTESIAN_POINT('',(0.00147223091975886,-0.00221354369391922,0.00620512983752231));
#4041=CARTESIAN_POINT('',(0.00146968693635814,-0.00224192968212968,0.00619440073960359));
#4042=CARTESIAN_POINT('',(0.00145946081811451,-0.0023562128470451,0.00615122571469266));
#4043=CARTESIAN_POINT('',(0.00144171011384736,-0.00255647862873382,0.00607578604672291));
#4044=CARTESIAN_POINT('',(0.00141760802846253,-0.00281362956149418,0.00597723043099246));
#4045=CARTESIAN_POINT('',(0.00139819103496161,-0.00307320815613116,0.00588407651270776));
#4046=CARTESIAN_POINT('',(0.00137406997632876,-0.00333036223705048,0.00578549262271377));
#4047=CARTESIAN_POINT('',(0.00135107565887715,-0.00358806310887276,0.00568823640616625));
#4048=CARTESIAN_POINT('',(0.00132827304288263,-0.00384587780340726,0.00559111796943383));
#4049=CARTESIAN_POINT('',(0.00130358373788299,-0.00410279130880434,0.00549210877153709));
#4050=CARTESIAN_POINT('',(0.00128625053615643,-0.00436319234731028,0.00540052688537663));
#4051=CARTESIAN_POINT('',(0.00124138341766123,-0.00461051519546859,0.00528113886864036));
#4052=CARTESIAN_POINT('',(0.00122551339547382,-0.00485189282776781,0.00519646929909411));
#4053=CARTESIAN_POINT('',(0.00121166348962753,-0.00500470998462429,0.0051385288877832));
#4054=CARTESIAN_POINT('',(0.00120543903194631,-0.00507159649708666,0.00511298367824336));
#4055=CARTESIAN_POINT('',(0.0013284546118914,-0.00213767495128991,0.00603399380080541));
#4056=CARTESIAN_POINT('',(0.00132615690925116,-0.00216619307985693,0.00602355772043282));
#4057=CARTESIAN_POINT('',(0.00131690627165494,-0.00228099886122433,0.00598154438663939));
#4058=CARTESIAN_POINT('',(0.00130069587011569,-0.00248208160642037,0.00590795075367353));
#4059=CARTESIAN_POINT('',(0.00127989136814227,-0.00274095720712974,0.00581326095549622));
#4060=CARTESIAN_POINT('',(0.00125884540076038,-0.00299971851870851,0.00571839318123535));
#4061=CARTESIAN_POINT('',(0.00123808216919081,-0.0032586054441106,0.00562375195843567));
#4062=CARTESIAN_POINT('',(0.00121706103197766,-0.00351741849560492,0.00552882233032817));
#4063=CARTESIAN_POINT('',(0.00119678643832456,-0.00377656771112392,0.00543479351524589));
#4064=CARTESIAN_POINT('',(0.00117378518726073,-0.00403429802386895,0.00533747323879335));
#4065=CARTESIAN_POINT('',(0.00116094325771973,-0.00429736630540372,0.00525241731539677));
#4066=CARTESIAN_POINT('',(0.00111018838969091,-0.0045405225725937,0.00512159209283619));
#4067=CARTESIAN_POINT('',(0.00109854822143834,-0.00478437877700097,0.00504309483483424));
#4068=CARTESIAN_POINT('',(0.00108601350630322,-0.00493790106944954,0.00498669217324852));
#4069=CARTESIAN_POINT('',(0.00108030645940091,-0.00500505928843051,0.00496171874442966));
#4070=CARTESIAN_POINT('',(0.00126455935437117,-0.00210143784498277,0.00594758036721024));
#4071=CARTESIAN_POINT('',(0.00126237244227338,-0.00213001826520044,0.00593729463765418));
#4072=CARTESIAN_POINT('',(0.00125357081793016,-0.00224507870403771,0.00589589416174335));
#4073=CARTESIAN_POINT('',(0.0012381784875695,-0.00244664844580781,0.00582345388016778));
#4074=CARTESIAN_POINT('',(0.00121817708214006,-0.00270588561497802,0.00572961498083041));
#4075=CARTESIAN_POINT('',(0.00119888582615349,-0.00296597425080796,0.00563799789060054));
#4076=CARTESIAN_POINT('',(0.00117892467695009,-0.00322522184697069,0.00554420845512838));
#4077=CARTESIAN_POINT('',(0.00115892338519886,-0.00348461916239818,0.00545067591265045));
#4078=CARTESIAN_POINT('',(0.00113969832665926,-0.00374439306070271,0.0053581889570745));
#4079=CARTESIAN_POINT('',(0.001117460633561,-0.0040024020721071,0.00526135727860698));
#4080=CARTESIAN_POINT('',(0.00110649461963957,-0.00426712021004161,0.00518085133157543));
#4081=CARTESIAN_POINT('',(0.00105345547333153,-0.00450673463937353,0.0050393963990229));
#4082=CARTESIAN_POINT('',(0.00104355492751427,-0.00475235315635779,0.00496515208779036));
#4083=CARTESIAN_POINT('',(0.00103160848353777,-0.00490610026189867,0.00490951228443607));
#4084=CARTESIAN_POINT('',(0.00102613699081694,-0.00497331880749965,0.00488479028829001));
#4085=CARTESIAN_POINT('',(0.00119204397055522,-0.00205418709443867,0.00582909038230746));
#4086=CARTESIAN_POINT('',(0.00118998116675173,-0.00208284653799951,0.00581900717734848));
#4087=CARTESIAN_POINT('',(0.00118166686028066,-0.00219821442664076,0.00577839828360555));
#4088=CARTESIAN_POINT('',(0.00116699845150115,-0.00240021022867179,0.00570709459207683));
#4089=CARTESIAN_POINT('',(0.00114893626310735,-0.00266082332138989,0.00561666434873749));
#4090=CARTESIAN_POINT('',(0.00112778173031039,-0.00291936087952438,0.00552110081054823));
#4091=CARTESIAN_POINT('',(0.00110977358994294,-0.00318003016683265,0.00543076186852019));
#4092=CARTESIAN_POINT('',(0.00109081013871051,-0.00343994262354454,0.0053388256833975));
#4093=CARTESIAN_POINT('',(0.00107256681886079,-0.00370044452283113,0.0052481683673066));
#4094=CARTESIAN_POINT('',(0.00105236421894802,-0.0039595589012382,0.0051539082982352));
#4095=CARTESIAN_POINT('',(0.00103926533255272,-0.00422373321577998,0.0050727477202299));
#4096=CARTESIAN_POINT('',(0.00099973261328783,-0.00446888912740197,0.0049428499411253));
#4097=CARTESIAN_POINT('',(0.000987764186427724,-0.00471385021617401,0.00486794792503224));
#4098=CARTESIAN_POINT('',(0.000976566536767393,-0.00486811517853231,0.00481347986478838));
#4099=CARTESIAN_POINT('',(0.000971510728069749,-0.00493560030107284,0.00478933859521119));
#4100=CARTESIAN_POINT('',(0.00117799099698947,-0.00204468332248632,0.00580501309309731));
#4101=CARTESIAN_POINT('',(0.00117595146839473,-0.00207335769093377,0.00579496983975394));
#4102=CARTESIAN_POINT('',(0.0011677219877498,-0.00218877973563293,0.00575450661152984));
#4103=CARTESIAN_POINT('',(0.00115310869182359,-0.00239080796346423,0.00568329829455966));
#4104=CARTESIAN_POINT('',(0.00113583935440036,-0.00265196251587331,0.00559422367755104));
#4105=CARTESIAN_POINT('',(0.00111276554026495,-0.0029091955888309,0.00549538159874041));
#4106=CARTESIAN_POINT('',(0.00109556822361542,-0.00317043119535805,0.00540643108794032));
#4107=CARTESIAN_POINT('',(0.00107672276008432,-0.00343038445099882,0.00531468793493525));
#4108=CARTESIAN_POINT('',(0.00105867240190364,-0.00369103830182699,0.00522440980066566));
#4109=CARTESIAN_POINT('',(0.00103902638167563,-0.00395047507952389,0.00513091828364105));
#4110=CARTESIAN_POINT('',(0.00102495211845777,-0.00421419608503538,0.00504877706839158));
#4111=CARTESIAN_POINT('',(0.000990213243189933,-0.00446180123845729,0.00492451703498886));
#4112=CARTESIAN_POINT('',(0.000977306324080757,-0.0047062803670696,0.00484867179726609));
#4113=CARTESIAN_POINT('',(0.000966271306192348,-0.00486067054776002,0.00479446810592738));
#4114=CARTESIAN_POINT('',(0.000961319020179463,-0.00492822886737072,0.00477047936386583));
#4115=CARTESIAN_POINT('',(0.0011503881718784,-0.00202515433962274,0.00575502291601882));
#4116=CARTESIAN_POINT('',(0.00114839680286255,-0.00205386191274918,0.00574506648015416));
#4117=CARTESIAN_POINT('',(0.00114036416970625,-0.00216941857352248,0.00570495520052667));
#4118=CARTESIAN_POINT('',(0.00112612694368453,-0.00237169252025984,0.00563438908957563));
#4119=CARTESIAN_POINT('',(0.0011091051439332,-0.00263308029493845,0.00554595421704197));
#4120=CARTESIAN_POINT('',(0.00108715586179524,-0.00289087788036891,0.00544843319790961));
#4121=CARTESIAN_POINT('',(0.00107018773213406,-0.00315235803887608,0.00536010352358059));
#4122=CARTESIAN_POINT('',(0.00105185655584983,-0.00341262332220323,0.00526922536822828));
#4123=CARTESIAN_POINT('',(0.00103409794504704,-0.00367352761083289,0.00517958809223107));
#4124=CARTESIAN_POINT('',(0.00101533100882193,-0.00393347448882687,0.00508734774323957));
#4125=CARTESIAN_POINT('',(0.00100001038692642,-0.00419671548003727,0.0050042448438983));
#4126=CARTESIAN_POINT('',(0.000971938648247428,-0.00444755358991809,0.00488726064183324));
#4127=CARTESIAN_POINT('',(0.000957831265347476,-0.00469151890117694,0.00481048401457536));
#4128=CARTESIAN_POINT('',(0.000947077811392278,-0.00484612436983389,0.00475676920958007));
#4129=CARTESIAN_POINT('',(0.000942293273390095,-0.00491380001994288,0.00473304053830655));
#4130=CARTESIAN_POINT('',(0.00113594640854791,-0.00201432592946738,0.0057269830332775));
#4131=CARTESIAN_POINT('',(0.00113398208301894,-0.00204305485544549,0.00571707874835768));
#4132=CARTESIAN_POINT('',(0.00112607627083908,-0.00215870861939715,0.00567720975096517));
#4133=CARTESIAN_POINT('',(0.00111225024844493,-0.00236127000372681,0.00560740859362283));
#4134=CARTESIAN_POINT('',(0.00109431587110091,-0.00262201412042932,0.00551737060480478));
#4135=CARTESIAN_POINT('',(0.00107684957614866,-0.00288298893900519,0.00542792639016623));
#4136=CARTESIAN_POINT('',(0.00105891493353837,-0.00314379352518717,0.00533789871859818));
#4137=CARTESIAN_POINT('',(0.00104108276151636,-0.00340443375430542,0.00524793966894683));
#4138=CARTESIAN_POINT('',(0.00102339534653438,-0.00366541038303837,0.00515849728806695));
#4139=CARTESIAN_POINT('',(0.00100496028694771,-0.00392554740045455,0.00506676072048816));
#4140=CARTESIAN_POINT('',(0.000989362408225424,-0.0041887643488024,0.00498366467886153));
#4141=CARTESIAN_POINT('',(0.000963180273481076,-0.00444038346241725,0.00486834417774216));
#4142=CARTESIAN_POINT('',(0.000948805861184883,-0.00468432811847076,0.00479157012528425));
#4143=CARTESIAN_POINT('',(0.000938171891661404,-0.00483902110365663,0.0047380808459363));
#4144=CARTESIAN_POINT('',(0.000933451981147331,-0.00490673935755641,0.00471446045275535));
#4145=CARTESIAN_POINT('',(0.00111924899717292,-0.00200072520671391,0.00569105586225957));
#4146=CARTESIAN_POINT('',(0.00111731590448221,-0.00202948075798052,0.00568121903692653));
#4147=CARTESIAN_POINT('',(0.00110955514076877,-0.00214525870518813,0.00564166526486725));
#4148=CARTESIAN_POINT('',(0.00109618659665589,-0.00234821662332015,0.00557287599563356));
#4149=CARTESIAN_POINT('',(0.00107726273564999,-0.00260809014543703,0.00548057514154945));
#4150=CARTESIAN_POINT('',(0.00106474618403922,-0.00287325482556252,0.0054022824454153));
#4151=CARTESIAN_POINT('',(0.0010457667842809,-0.00313315343415251,0.00530986963102433));
#4152=CARTESIAN_POINT('',(0.00102847181236537,-0.00339426776658102,0.0052210821593184));
#4153=CARTESIAN_POINT('',(0.0010109424781213,-0.00365538122019714,0.00513201720398324));
#4154=CARTESIAN_POINT('',(0.000992642240722451,-0.00391556187679852,0.00504037238246481));
#4155=CARTESIAN_POINT('',(0.000977656525177979,-0.00417949791541786,0.00495931732029977));
#4156=CARTESIAN_POINT('',(0.000950190463932263,-0.00442928452098722,0.00483850292123095));
#4157=CARTESIAN_POINT('',(0.000936396215734648,-0.00467393882935468,0.00476367180982094));
#4158=CARTESIAN_POINT('',(0.000925888265171122,-0.00482871816273364,0.00471043755183637));
#4159=CARTESIAN_POINT('',(0.000921213200934178,-0.00489645870089144,0.00468688711118393));
#4160=CARTESIAN_POINT('',(0.00111445714409952,-0.00199662246120069,0.00568008838653008));
#4161=CARTESIAN_POINT('',(0.00111253256762137,-0.00202538525613571,0.00567027103167178));
#4162=CARTESIAN_POINT('',(0.00110480756362833,-0.00214119459116291,0.00563079886572032));
#4163=CARTESIAN_POINT('',(0.00109151719771267,-0.00234423093996337,0.00556218648224783));
#4164=CARTESIAN_POINT('',(0.00107256342341337,-0.00260407616891479,0.00546982729372185));
#4165=CARTESIAN_POINT('',(0.00106052087642054,-0.0028696233953839,0.00539258103806595));
#4166=CARTESIAN_POINT('',(0.00104150648571433,-0.00312949387247891,0.00530009941163121));
#4167=CARTESIAN_POINT('',(0.00102430729928196,-0.00339069897020061,0.00521152683315157));
#4168=CARTESIAN_POINT('',(0.0010068475674066,-0.00365187269386044,0.00512262845341968));
#4169=CARTESIAN_POINT('',(0.000988601211485513,-0.00391209460620917,0.00503108436330117));
#4170=CARTESIAN_POINT('',(0.000973759144203422,-0.0041761747846597,0.00495044335615152));
#4171=CARTESIAN_POINT('',(0.000946090968170295,-0.00442572603264214,0.00482885000634406));
#4172=CARTESIAN_POINT('',(0.000932430958179584,-0.00467052519256405,0.00475440796901639));
#4173=CARTESIAN_POINT('',(0.000921965610214535,-0.00482533549609401,0.00470126957659029));
#4174=CARTESIAN_POINT('',(0.000917307381482341,-0.0048930869941182,0.00467775466570084));
#4175=CARTESIAN_POINT('',(0.00109881629369313,-0.00198268298527203,0.00564240237067391));
#4176=CARTESIAN_POINT('',(0.00109691676076603,-0.00201146715494856,0.00563264488877326));
#4177=CARTESIAN_POINT('',(0.00108927483370848,-0.00212735045159958,0.00559336824778128));
#4178=CARTESIAN_POINT('',(0.00107594311802704,-0.00233038903868106,0.00552461903098847));
#4179=CARTESIAN_POINT('',(0.00105833253972254,-0.00259146575179364,0.0054356774429549));
#4180=CARTESIAN_POINT('',(0.00104245660207029,-0.00285336068677852,0.00534850896474726));
#4181=CARTESIAN_POINT('',(0.00102483405748754,-0.00311451609999561,0.00525957308824048));
#4182=CARTESIAN_POINT('',(0.00100761472332394,-0.00337572895308784,0.00517090904221874));
#4183=CARTESIAN_POINT('',(0.00099051961032529,-0.00363722584731895,0.00508290719033363));
#4184=CARTESIAN_POINT('',(0.000972539890722919,-0.00389770589538082,0.0049920170579414));
#4185=CARTESIAN_POINT('',(0.000957971403977719,-0.00416199718692518,0.00491201151783234));
#4186=CARTESIAN_POINT('',(0.000930638085012293,-0.00441206328449892,0.00479134995016103));
#4187=CARTESIAN_POINT('',(0.000917222804212026,-0.00465706654240229,0.00471747557948861));
#4188=CARTESIAN_POINT('',(0.00090693195645854,-0.0048120182913335,0.00466476000996861));
#4189=CARTESIAN_POINT('',(0.000902350940605978,-0.00487983222120401,0.00464143287497193));
#4190=CARTESIAN_POINT('',(0.00108661994571676,-0.00196978502324526,0.00560669766654197));
#4191=CARTESIAN_POINT('',(0.00108474044847645,-0.00199858862137201,0.00559700003037079));
#4192=CARTESIAN_POINT('',(0.00107716862592896,-0.00211454997563978,0.00555794395210707));
#4193=CARTESIAN_POINT('',(0.00106384854475566,-0.00231772364064602,0.00548936662077585));
#4194=CARTESIAN_POINT('',(0.00104705637079669,-0.00257941942496613,0.00540217560522007));
#4195=CARTESIAN_POINT('',(0.00102903213231101,-0.00283991618873171,0.00531112856841245));
#4196=CARTESIAN_POINT('',(0.00101225573103358,-0.00310168412880793,0.0052239920600441));
#4197=CARTESIAN_POINT('',(0.00099508925998305,-0.00336307051356352,0.00513563900939058));
#4198=CARTESIAN_POINT('',(0.000978202845989989,-0.00362474515934567,0.00504815972300793));
#4199=CARTESIAN_POINT('',(0.000960611255247988,-0.00388566591423454,0.00495846670417825));
#4200=CARTESIAN_POINT('',(0.00094555955791528,-0.00414932171714655,0.00487675419235107));
#4201=CARTESIAN_POINT('',(0.000921025821299706,-0.00440297824498436,0.00476527251154988));
#4202=CARTESIAN_POINT('',(0.000907147527831333,-0.00464729305367326,0.00468976391916706));
#4203=CARTESIAN_POINT('',(0.000896996769785644,-0.00480240183044241,0.00463744768593139));
#4204=CARTESIAN_POINT('',(0.000892495582938789,-0.0048703098259032,0.00461435661469733));
#4205=CARTESIAN_POINT('',(0.00107067649098138,-0.00195305211827213,0.00555665866748437));
#4206=CARTESIAN_POINT('',(0.00106882504605436,-0.0019818861857874,0.0055470490321269));
#4207=CARTESIAN_POINT('',(0.00106137029039873,-0.00209797507378207,0.00550836007571478));
#4208=CARTESIAN_POINT('',(0.001048298818447,-0.00230142343669743,0.00544056116445485));
#4209=CARTESIAN_POINT('',(0.00103150229293006,-0.00256308135156482,0.00535335410894652));
#4210=CARTESIAN_POINT('',(0.00101469012723982,-0.00282485898270332,0.00526611249492732));
#4211=CARTESIAN_POINT('',(0.000997885370949879,-0.00308658573690269,0.00517888513167223));
#4212=CARTESIAN_POINT('',(0.000981071295091018,-0.00334837804591239,0.00509163960868896));
#4213=CARTESIAN_POINT('',(0.000964262535841835,-0.00361013244738882,0.00500440444359432));
#4214=CARTESIAN_POINT('',(0.000947455968876407,-0.00387187139286939,0.0049171737317324));
#4215=CARTESIAN_POINT('',(0.000930643526569578,-0.00413364530844629,0.00482993310860931));
#4216=CARTESIAN_POINT('',(0.000913831884399805,-0.00439543274125843,0.0047426880990801));
#4217=CARTESIAN_POINT('',(0.000898259375885024,-0.00463794927288692,0.00466186326350705));
#4218=CARTESIAN_POINT('',(0.000888286216114843,-0.00479325602670304,0.0046101043428728));
#4219=CARTESIAN_POINT('',(0.000883916188047656,-0.0048613077867427,0.0045874248468064));
#4220=CARTESIAN_POINT('',(0.0018260874545608,-0.00239452646006028,0.00652599760202932));
#4221=CARTESIAN_POINT('',(0.00200057351043716,-0.00270658983155006,0.00659584102257707));
#4222=CARTESIAN_POINT('',(0.0021981709628425,-0.00300699521345012,0.00664947021279917));
#4223=CARTESIAN_POINT('',(0.00240833780352167,-0.00330209366397947,0.00668865407369749));
#4224=CARTESIAN_POINT('',(0.0018260874545608,-0.00239452646006029,0.00652599760202932));
#4225=CARTESIAN_POINT('',(0.0018260874545608,-0.00239452646006028,0.00652599760202932));
#4226=CARTESIAN_POINT('',(0.00149914581121491,-0.00227295432022585,0.00625746993592583));
#4227=CARTESIAN_POINT('',(0.00119525998199742,-0.00214294531900264,0.00594036772641387));
#4228=CARTESIAN_POINT('',(0.00106783563068809,-0.00199729302185074,0.00554191442662466));
#4229=CARTESIAN_POINT('',(0.00106783563068812,-0.00199729302185033,0.0055419144266248));
#4230=CARTESIAN_POINT('',(0.00108192547741767,-0.00177784180270006,0.00561505249297982));
#4231=CARTESIAN_POINT('',(0.00107632547134053,-0.00186507069685208,0.00558598077129563));
#4232=CARTESIAN_POINT('',(0.00106512544917451,-0.00203952864110481,0.00552783727595253));
#4233=CARTESIAN_POINT('',(0.001048298818447,-0.00230142343669743,0.00544056116445485));
#4234=CARTESIAN_POINT('',(0.00103150229293006,-0.00256308135156482,0.00535335410894652));
#4235=CARTESIAN_POINT('',(0.00101469012723982,-0.00282485898270332,0.00526611249492732));
#4236=CARTESIAN_POINT('',(0.000997885370949879,-0.00308658573690269,0.00517888513167223));
#4237=CARTESIAN_POINT('',(0.000981071295091018,-0.00334837804591239,0.00509163960868896));
#4238=CARTESIAN_POINT('',(0.000964262535841835,-0.00361013244738882,0.00500440444359432));
#4239=CARTESIAN_POINT('',(0.000947455968876407,-0.00387187139286939,0.0049171737317324));
#4240=CARTESIAN_POINT('',(0.000930643526569578,-0.00413364530844629,0.00482993310860931));
#4241=CARTESIAN_POINT('',(0.000913831884399805,-0.00439543274125843,0.0047426880990801));
#4242=CARTESIAN_POINT('',(0.000897026513947638,-0.00465714909549403,0.00465546443166317));
#4243=CARTESIAN_POINT('',(0.000885819831186227,-0.00483166359979272,0.00459730430654692));
#4244=CARTESIAN_POINT('',(0.000880216561391204,-0.00491891973718403,0.00456822461550213));
#4245=CARTESIAN_POINT('',(0.00088522052616868,-0.00484099611856134,0.0045941940838736));
#4246=CARTESIAN_POINT('',(0.00129273449941606,-0.00508239814014099,0.00520910977508218));
#4247=CARTESIAN_POINT('',(0.00111773763744542,-0.00500751224268105,0.00503250378436489));
#4248=CARTESIAN_POINT('',(0.000960992306610977,-0.00492762182127922,0.00483117397753435));
#4249=CARTESIAN_POINT('',(0.00088522052616868,-0.00484099611856134,0.0045941940838736));
#4250=CARTESIAN_POINT('',(0.00129273449941607,-0.00508239814014099,0.00520910977508219));
#4251=CARTESIAN_POINT('',(0.00219205106300389,-0.0046783117832577,0.00608795896436678));
#4252=CARTESIAN_POINT('',(0.00186054021501941,-0.00480928179596876,0.00582720206581656));
#4253=CARTESIAN_POINT('',(0.00155087344477044,-0.00494238126546357,0.00553899518022313));
#4254=CARTESIAN_POINT('',(0.00129273449941607,-0.00508239814014098,0.00520910977508219));
#4255=CARTESIAN_POINT('',(0.000857287880062027,-0.00315619074539965,0.00444881806095331));
#4256=CARTESIAN_POINT('',(0.00106776489267395,-0.00199729303301245,0.00554192805897807));
#4257=CARTESIAN_POINT('',(0.000866158383314218,-0.00162351831675815,0.00449525146789061));
#4258=CARTESIAN_POINT('',(0.000866000364949556,-0.0016235183418804,0.00449528192064215));
#4259=CARTESIAN_POINT('',(0.000858326264732137,-0.00178353856008276,0.00445533014094819));
#4260=CARTESIAN_POINT('',(0.000843234764613671,-0.0020871389568558,0.00437677205551602));
#4261=CARTESIAN_POINT('',(0.000816576716649894,-0.00260791496204466,0.0042380175572556));
#4262=CARTESIAN_POINT('',(0.000792065853216451,-0.00307881402957712,0.00411044559652165));
#4263=CARTESIAN_POINT('',(0.000768034876553191,-0.00354071285850338,0.00398537112820189));
#4264=CARTESIAN_POINT('',(0.000741442185696517,-0.00406100650963728,0.00384695616164009));
#4265=CARTESIAN_POINT('',(0.000726274890928678,-0.00436721324411255,0.00376800264519727));
#4266=CARTESIAN_POINT('',(0.000718436845295133,-0.0045314001340417,0.00372719674429464));
#4267=CARTESIAN_POINT('',(0.000718191299321816,-0.00453140017299358,0.00372724406494934));
#4268=CARTESIAN_POINT('',(0.000885557513629075,-0.00484099611319244,0.00459412912389663));
#4269=CARTESIAN_POINT('',(0.000829850623414511,-0.00473779746516955,0.00430515166002465));
#4270=CARTESIAN_POINT('',(0.00077414373319985,-0.00463459881714813,0.00401617419615215));
#4271=CARTESIAN_POINT('',(0.000718436842985002,-0.00453140016912954,0.00372719673227869));
#4272=CARTESIAN_POINT('',(0.00262090573483004,-0.00324590648138348,0.00387195448945959));
#4273=CARTESIAN_POINT('',(0.00212784047043426,-0.00453140442188486,0.00314333166892589));
#4274=CARTESIAN_POINT('',(0.0022928139284039,-0.00463460209015369,0.00338703916953182));
#4275=CARTESIAN_POINT('',(0.00245778738637351,-0.00473779975842267,0.00363074667013771));
#4276=CARTESIAN_POINT('',(0.00262276084434311,-0.00484099742669174,0.00387445417074358));
#4277=CARTESIAN_POINT('',(0.0021277359988951,-0.00453140442238477,0.00314340238886451));
#4278=CARTESIAN_POINT('',(0.00212784047246142,-0.00453140441155822,0.00314333167192226));
#4279=CARTESIAN_POINT('',(0.00214319510023941,-0.00442321172878034,0.00316603213350444));
#4280=CARTESIAN_POINT('',(0.00216861611506158,-0.00424778138428422,0.003203614301785));
#4281=CARTESIAN_POINT('',(0.00220427940203886,-0.00400734346542798,0.00325633768327044));
#4282=CARTESIAN_POINT('',(0.00223793025907093,-0.00378424593426077,0.00330608538734666));
#4283=CARTESIAN_POINT('',(0.00225440814180114,-0.00367639409344584,0.00333044523509249));
#4284=CARTESIAN_POINT('',(0.00228963141700947,-0.00344657865095313,0.00338251696171992));
#4285=CARTESIAN_POINT('',(0.00234646973631727,-0.00307927435079902,0.00346654238455298));
#4286=CARTESIAN_POINT('',(0.00240477772461195,-0.00270260809218523,0.0035527404331199));
#4287=CARTESIAN_POINT('',(0.00243978615370774,-0.00247443016710729,0.00360449451005779));
#4288=CARTESIAN_POINT('',(0.0024555035003683,-0.00237173409529843,0.00362773000305957));
#4289=CARTESIAN_POINT('',(0.00248948168951796,-0.00214690128949335,0.00367796155248686));
#4290=CARTESIAN_POINT('',(0.00252516770202021,-0.00190686811696353,0.00373071844632255));
#4291=CARTESIAN_POINT('',(0.00255066463758571,-0.00173145087952628,0.00376841277392705));
#4292=CARTESIAN_POINT('',(0.00256603779006349,-0.0016235099229561,0.00379114056489754));
#4293=CARTESIAN_POINT('',(0.00256612312883492,-0.00162350991411233,0.00379108280002061));
#4294=CARTESIAN_POINT('',(0.00256603779005953,-0.00162350992283847,0.0037911405648917));
#4295=CARTESIAN_POINT('',(0.,-0.0014897693055518,0.));
#4296=CARTESIAN_POINT('',(0.,-0.00239452646006029,0.));
#4297=CARTESIAN_POINT('',(0.00256612427816296,-0.00162350991410987,0.00379108202205022));
#4298=CARTESIAN_POINT('',(0.00246569355566888,-0.00156067555454188,0.00364268319327124));
#4299=CARTESIAN_POINT('',(0.00249548920206478,-0.00150915218205841,0.00344743189192553));
#4300=CARTESIAN_POINT('',(0.00263254835864019,-0.00150434225035679,0.00332129194281507));
#4301=CARTESIAN_POINT('',(0.000460306383979334,-0.00150399582472041,0.00421201095109358));
#4302=CARTESIAN_POINT('',(0.000656161992784757,-0.00150400622886534,0.00419063686799179));
#4303=CARTESIAN_POINT('',(0.000830337335862743,-0.00155713209855029,0.00430935361205663));
#4304=CARTESIAN_POINT('',(0.000866159590184606,-0.00162351831676454,0.00449525123536564));
#4305=CARTESIAN_POINT('',(0.,-0.00442026338698825,0.));
#4306=CARTESIAN_POINT('',(0.,-0.00508239814014098,0.));
#4307=CARTESIAN_POINT('',(0.000718190501196877,-0.00453140017299583,0.00372724421874404));
#4308=CARTESIAN_POINT('',(0.000688432592038382,-0.00447626401388533,0.00357285070862751));
#4309=CARTESIAN_POINT('',(0.000543766014007318,-0.00443206402635953,0.00347404503189647));
#4310=CARTESIAN_POINT('',(0.000380874996197624,-0.00443205722421302,0.00349179321344981));
#4311=CARTESIAN_POINT('',(0.00219976133106916,-0.00443205721430394,0.00273838191201313));
#4312=CARTESIAN_POINT('',(0.00207211721556564,-0.00443206519523133,0.00284094851593287));
#4313=CARTESIAN_POINT('',(0.00203953309248524,-0.00447622541121814,0.0030130889944064));
#4314=CARTESIAN_POINT('',(0.00212773535827711,-0.00453140442239284,0.00314340282251977));
#4315=CARTESIAN_POINT('',(0.,-0.00518892865917925,0.));
#4316=CARTESIAN_POINT('',(0.,-0.00370049241102682,0.));
#4317=CARTESIAN_POINT('',(-0.00240985122918739,-0.00329246566988467,0.00669285780366568));
#4318=CARTESIAN_POINT('',(-0.00239958440438692,-0.00335779258862302,0.00666434393875511));
#4319=CARTESIAN_POINT('',(-0.00237618298416435,-0.00350669406450244,0.00659935109548843));
#4320=CARTESIAN_POINT('',(-0.00233964557995472,-0.00373917917443831,0.00649787464269529));
#4321=CARTESIAN_POINT('',(-0.00230024825121806,-0.00398986168184311,0.00638845568044692));
#4322=CARTESIAN_POINT('',(-0.0022608389062915,-0.00424062036171671,0.00627900395518136));
#4323=CARTESIAN_POINT('',(-0.00222433126948523,-0.00447291493732301,0.00617761243606674));
#4324=CARTESIAN_POINT('',(-0.00220096839325629,-0.00462157201766991,0.00611272560692055));
#4325=CARTESIAN_POINT('',(-0.00219073669717433,-0.0046866754846173,0.00608430924629484));
#4326=CARTESIAN_POINT('',(-0.00255036088778914,-0.00329293627362892,0.00664016399758955));
#4327=CARTESIAN_POINT('',(-0.00253949303634856,-0.00335825453122844,0.00661187862230291));
#4328=CARTESIAN_POINT('',(-0.00251473433752487,-0.00350716104115454,0.00654739030532759));
#4329=CARTESIAN_POINT('',(-0.00247611096122083,-0.00373977743978393,0.00644663199943808));
#4330=CARTESIAN_POINT('',(-0.00243431678208943,-0.00399033982577367,0.00633816396601087));
#4331=CARTESIAN_POINT('',(-0.00239261983370195,-0.00424114437309195,0.0062295452856424));
#4332=CARTESIAN_POINT('',(-0.00235398285028173,-0.00447338790541525,0.00612897284531524));
#4333=CARTESIAN_POINT('',(-0.00232925798909849,-0.00462210580540272,0.00606456610558739));
#4334=CARTESIAN_POINT('',(-0.00231842648738588,-0.00468720381811778,0.00603637627744187));
#4335=CARTESIAN_POINT('',(-0.00265392077188843,-0.0032928750177758,0.00660013134147862));
#4336=CARTESIAN_POINT('',(-0.00264261090671487,-0.00335819864335333,0.00657201455281607));
#4337=CARTESIAN_POINT('',(-0.002616859659745,-0.00350711132842631,0.00650790656858737));
#4338=CARTESIAN_POINT('',(-0.00257666916161733,-0.00373957770189718,0.00640782344638469));
#4339=CARTESIAN_POINT('',(-0.00253318829962041,-0.00399044402848623,0.00629986731151018));
#4340=CARTESIAN_POINT('',(-0.0024897997187978,-0.00424116938800355,0.0061919400598751));
#4341=CARTESIAN_POINT('',(-0.00244958795755335,-0.00447344006698783,0.00609196428081999));
#4342=CARTESIAN_POINT('',(-0.00242386386273834,-0.0046221344541868,0.00602795486570447));
#4343=CARTESIAN_POINT('',(-0.00241259280170315,-0.00468722883848645,0.00599993691241708));
#4344=CARTESIAN_POINT('',(-0.00279036032311681,-0.00329293157033272,0.00654352538326425));
#4345=CARTESIAN_POINT('',(-0.00277847625193216,-0.00335825449309661,0.00651564703233039));
#4346=CARTESIAN_POINT('',(-0.00275135687623557,-0.0035071510893241,0.00645211404843111));
#4347=CARTESIAN_POINT('',(-0.00270900046033937,-0.00373965521958895,0.00635291148891258));
#4348=CARTESIAN_POINT('',(-0.00266342481027672,-0.00399043196929766,0.00624586620547937));
#4349=CARTESIAN_POINT('',(-0.00261778538239027,-0.00424118183308416,0.00613886079798687));
#4350=CARTESIAN_POINT('',(-0.00257552621267612,-0.00447345158902018,0.00603973441876346));
#4351=CARTESIAN_POINT('',(-0.00254845682232409,-0.00462213432514396,0.00597628849188927));
#4352=CARTESIAN_POINT('',(-0.00253661251245806,-0.00468724343683342,0.00594850124942153));
#4353=CARTESIAN_POINT('',(-0.00289310407679761,-0.00329279944928697,0.00649821264774962));
#4354=CARTESIAN_POINT('',(-0.00288078333944333,-0.00335811598178244,0.00647053011454756));
#4355=CARTESIAN_POINT('',(-0.00285263859791969,-0.00350708285085966,0.00640741709190975));
#4356=CARTESIAN_POINT('',(-0.00280875003514938,-0.00373958915955238,0.00630889105871162));
#4357=CARTESIAN_POINT('',(-0.00276141119795493,-0.00399045770729026,0.00620257892971268));
#4358=CARTESIAN_POINT('',(-0.00271411033258951,-0.00424118132493616,0.00609631994999223));
#4359=CARTESIAN_POINT('',(-0.00267029507260375,-0.00447345972222292,0.0059978763234677));
#4360=CARTESIAN_POINT('',(-0.00264222932887965,-0.0046221379767294,0.00593487299545746));
#4361=CARTESIAN_POINT('',(-0.00262995265468217,-0.004687230981373,0.0059072843031772));
#4362=CARTESIAN_POINT('',(-0.00302855438659453,-0.00329240360806518,0.00643661238019193));
#4363=CARTESIAN_POINT('',(-0.00301565146162128,-0.00335773237527882,0.00640918954794242));
#4364=CARTESIAN_POINT('',(-0.00298623948984168,-0.00350664620226939,0.0063466803258124));
#4365=CARTESIAN_POINT('',(-0.00294032559751446,-0.00373910470087011,0.00624910043358833));
#4366=CARTESIAN_POINT('',(-0.00289080338082192,-0.00398983537157685,0.0061438519557458));
#4367=CARTESIAN_POINT('',(-0.0028412757965244,-0.00424059627298067,0.00603859041595199));
#4368=CARTESIAN_POINT('',(-0.00279539665520043,-0.00447288640335726,0.00594108277969226));
#4369=CARTESIAN_POINT('',(-0.00276603371446594,-0.0046215500325849,0.00587867814976556));
#4370=CARTESIAN_POINT('',(-0.0027531756088667,-0.00468665141360429,0.00585135070498306));
#4371=CARTESIAN_POINT('',(-0.00302664050244916,-0.0033020937841602,0.00643254476767455));
#4372=CARTESIAN_POINT('',(-0.00282422346372563,-0.00329894025802914,0.00652650974507297));
#4373=CARTESIAN_POINT('',(-0.00261791158438358,-0.00329894403310334,0.00661196839709221));
#4374=CARTESIAN_POINT('',(-0.00240833783611865,-0.0033020952599865,0.00668865468315283));
#4375=CARTESIAN_POINT('',(-0.00302664066026444,-0.00330209366397947,0.00643254464478061));
#4376=CARTESIAN_POINT('',(-0.00240833763758079,-0.00330209513981536,0.00668865470786639));
#4377=CARTESIAN_POINT('',(-0.00318795110924808,-0.00248537125588194,0.00677537896144951));
#4378=CARTESIAN_POINT('',(-0.00317144364017714,-0.0025689471501547,0.00674029624681666));
#4379=CARTESIAN_POINT('',(-0.00313842867252306,-0.00273609908811804,0.00667013075482973));
#4380=CARTESIAN_POINT('',(-0.00308890505210951,-0.00298683747981931,0.00656487849101344));
#4381=CARTESIAN_POINT('',(-0.00303937493464612,-0.00323761933848118,0.00645960905673013));
#4382=CARTESIAN_POINT('',(-0.00298984567968512,-0.00348838834099508,0.0063543444901519));
#4383=CARTESIAN_POINT('',(-0.00294032559751446,-0.00373910470087011,0.00624910043358833));
#4384=CARTESIAN_POINT('',(-0.00289080338082192,-0.00398983537157685,0.0061438519557458));
#4385=CARTESIAN_POINT('',(-0.0028412757965244,-0.00424059627298067,0.00603859041595199));
#4386=CARTESIAN_POINT('',(-0.00279174569877678,-0.00449137151705325,0.00593332334652321));
#4387=CARTESIAN_POINT('',(-0.00274222763901661,-0.0047420791299295,0.00582808351924699));
#4388=CARTESIAN_POINT('',(-0.00269268614883556,-0.00499292255495025,0.00572278961055403));
#4389=CARTESIAN_POINT('',(-0.00264317369153334,-0.00524359711079344,0.00561756230161206));
#4390=CARTESIAN_POINT('',(-0.00261015106263976,-0.00541079430527693,0.00554737893755354));
#4391=CARTESIAN_POINT('',(-0.00259363995913384,-0.00549439183450192,0.00551228770383928));
#4392=CARTESIAN_POINT('',(-0.00275482289593196,-0.0046783117832577,0.00585485123864641));
#4393=CARTESIAN_POINT('',(-0.00219205119938966,-0.00467831140949544,0.00608796000005101));
#4394=CARTESIAN_POINT('',(-0.00238217470683817,-0.00467935979682293,0.00601646070041432));
#4395=CARTESIAN_POINT('',(-0.00256984076510707,-0.00467935902892734,0.00593872847333045));
#4396=CARTESIAN_POINT('',(-0.00275482277048443,-0.00467831173926693,0.00585485143043227));
#4397=CARTESIAN_POINT('',(-0.00219205097509522,-0.00467831145351917,0.00608795995303861));
#4398=CARTESIAN_POINT('',(-0.00253668590575718,-0.00248542539196614,0.00704511565680165));
#4399=CARTESIAN_POINT('',(-0.00252355240332838,-0.00256899309894843,0.00700863946750092));
#4400=CARTESIAN_POINT('',(-0.00249728537499059,-0.00273612866231618,0.00693568702368697));
#4401=CARTESIAN_POINT('',(-0.00245787773051976,-0.00298687654721037,0.00682624012492699));
#4402=CARTESIAN_POINT('',(-0.00241845925956724,-0.00323769194115919,0.00671676566023934));
#4403=CARTESIAN_POINT('',(-0.00237905251019781,-0.00348843407485003,0.00660732129421856));
#4404=CARTESIAN_POINT('',(-0.00233964536854409,-0.00373917913618598,0.00649787463168097));
#4405=CARTESIAN_POINT('',(-0.00230024803986403,-0.00398986164357685,0.00638845566932358));
#4406=CARTESIAN_POINT('',(-0.00226083869492439,-0.00424062032345564,0.00627900394409347));
#4407=CARTESIAN_POINT('',(-0.00222142586444276,-0.00449140036652078,0.00616954392133764));
#4408=CARTESIAN_POINT('',(-0.0021820268647057,-0.00474209496536581,0.00606011881591701));
#4409=CARTESIAN_POINT('',(-0.00214259488708181,-0.00499299333335908,0.0059506109383911));
#4410=CARTESIAN_POINT('',(-0.00210320218129065,-0.00524364921480982,0.00584120082524793));
#4411=CARTESIAN_POINT('',(-0.00207693381403719,-0.00541079289939498,0.00576824533405881));
#4412=CARTESIAN_POINT('',(-0.00206379979820668,-0.00549436367401262,0.00573176805448694));
#4413=CARTESIAN_POINT('',(-0.00107067186639363,-0.00195311387246298,0.00555663833005206));
#4414=CARTESIAN_POINT('',(-0.00106882113561414,-0.00198193312393686,0.00554703380423751));
#4415=CARTESIAN_POINT('',(-0.00106136669191312,-0.00209801020130025,0.00550834908086819));
#4416=CARTESIAN_POINT('',(-0.00104830641145013,-0.00230135556745337,0.00544058085683286));
#4417=CARTESIAN_POINT('',(-0.00103149298335412,-0.0025631516269704,0.00535333372610186));
#4418=CARTESIAN_POINT('',(-0.00101468476923907,-0.00282489626513942,0.00526610163167106));
#4419=CARTESIAN_POINT('',(-0.000997878571923633,-0.00308663358306569,0.00517887125251162));
#4420=CARTESIAN_POINT('',(-0.000981067103163566,-0.00334840839245663,0.00509163075834866));
#4421=CARTESIAN_POINT('',(-0.000964262627459938,-0.00361012992384716,0.0050044051398351));
#4422=CARTESIAN_POINT('',(-0.000947451976000627,-0.00387189810711093,0.00491716600927113));
#4423=CARTESIAN_POINT('',(-0.000930638827356709,-0.00413368181320877,0.00482992227581532));
#4424=CARTESIAN_POINT('',(-0.000913839546005001,-0.00439536833480558,0.00474270719877897));
#4425=CARTESIAN_POINT('',(-0.000898228873462577,-0.00463845181270102,0.00466169386730913));
#4426=CARTESIAN_POINT('',(-0.00088821629663007,-0.00479434408562341,0.00460974126126654));
#4427=CARTESIAN_POINT('',(-0.000883809088904114,-0.00486296192919105,0.00458687379262513));
#4428=CARTESIAN_POINT('',(-0.00108092076038667,-0.00196387580545145,0.00558880382283141));
#4429=CARTESIAN_POINT('',(-0.00107905613537082,-0.00199267824326212,0.00557915568187039));
#4430=CARTESIAN_POINT('',(-0.00107157417282637,-0.00210872117433187,0.00554038469977638));
#4431=CARTESIAN_POINT('',(-0.00105876533547958,-0.00231236043099158,0.00547340731432762));
#4432=CARTESIAN_POINT('',(-0.00103993556967797,-0.00257200843557898,0.00537983165419658));
#4433=CARTESIAN_POINT('',(-0.00102990530975427,-0.00284088440056896,0.00531387286077719));
#4434=CARTESIAN_POINT('',(-0.00101278494220404,-0.00310229521985956,0.00522565690581472));
#4435=CARTESIAN_POINT('',(-0.000989060870617131,-0.00335678682070951,0.00511672083405075));
#4436=CARTESIAN_POINT('',(-0.000973903971404301,-0.00362024480555377,0.00503466677538942));
#4437=CARTESIAN_POINT('',(-0.000956447360979862,-0.00388133480519675,0.00494539972031715));
#4438=CARTESIAN_POINT('',(-0.000939599500011686,-0.00414310795593544,0.00485805022217382));
#4439=CARTESIAN_POINT('',(-0.000922606610797749,-0.00440456599346481,0.00477022711315986));
#4440=CARTESIAN_POINT('',(-0.000906850001708708,-0.00464754725373628,0.00468875481466257));
#4441=CARTESIAN_POINT('',(-0.000896744527495961,-0.0048033182568298,0.00463651159822476));
#4442=CARTESIAN_POINT('',(-0.000892296458590696,-0.00487188041515485,0.00461351636840932));
#4443=CARTESIAN_POINT('',(-0.00109280090719233,-0.00197542384669303,0.00562140512959894));
#4444=CARTESIAN_POINT('',(-0.0010909163500639,-0.00200420813986699,0.00561170362630965));
#4445=CARTESIAN_POINT('',(-0.00108336059480199,-0.00212018398921482,0.005572744468684));
#4446=CARTESIAN_POINT('',(-0.00107049084778922,-0.00232376894602416,0.00550571929651064));
#4447=CARTESIAN_POINT('',(-0.00105109524681819,-0.00258256704449493,0.0054099925568877));
#4448=CARTESIAN_POINT('',(-0.00104229605527884,-0.00285373023640206,0.00534965175745578));
#4449=CARTESIAN_POINT('',(-0.00102495457676156,-0.00311492207022026,0.0052607798505062));
#4450=CARTESIAN_POINT('',(-0.000999662432844818,-0.00336681619579483,0.00514536628637551));
#4451=CARTESIAN_POINT('',(-0.00098468838650217,-0.00363074774566983,0.00506439670333659));
#4452=CARTESIAN_POINT('',(-0.000966951988433975,-0.00389143736068082,0.00497420289071549));
#4453=CARTESIAN_POINT('',(-0.000949941273124236,-0.00415309608151137,0.00488644992797078));
#4454=CARTESIAN_POINT('',(-0.000932756571090322,-0.00441434457649399,0.00479808920000004));
#4455=CARTESIAN_POINT('',(-0.000916822526218248,-0.00465721338876493,0.00471613201521494));
#4456=CARTESIAN_POINT('',(-0.000906609665389336,-0.00481285782885939,0.00466359405993562));
#4457=CARTESIAN_POINT('',(-0.000902114594177073,-0.0048813620245772,0.00464046976905691));
#4458=CARTESIAN_POINT('',(-0.00112005955085458,-0.00199973316800739,0.00568757529894274));
#4459=CARTESIAN_POINT('',(-0.0011181267385378,-0.00202846945603692,0.00567775731718979));
#4460=CARTESIAN_POINT('',(-0.00111036361841156,-0.00214424547932222,0.00563830161417048));
#4461=CARTESIAN_POINT('',(-0.00109699360701227,-0.0023474121885218,0.00557011795489689));
#4462=CARTESIAN_POINT('',(-0.00107799683738133,-0.00260640451496805,0.00547508394291166));
#4463=CARTESIAN_POINT('',(-0.00106568763967185,-0.00287494741722092,0.00540725890825572));
#4464=CARTESIAN_POINT('',(-0.00104798714813638,-0.00313585783123153,0.00531748656440945));
#4465=CARTESIAN_POINT('',(-0.001025258086179,-0.0033894167440711,0.0052073013172736));
#4466=CARTESIAN_POINT('',(-0.00100905624469827,-0.00365241417954842,0.00512361694732173));
#4467=CARTESIAN_POINT('',(-0.000991106626286591,-0.00391287575596456,0.00503283341120192));
#4468=CARTESIAN_POINT('',(-0.00097361336752357,-0.00417408859097113,0.00494392937694358));
#4469=CARTESIAN_POINT('',(-0.00095601345791241,-0.00443498966647466,0.00485455659034098));
#4470=CARTESIAN_POINT('',(-0.000939682173949244,-0.00467748133544231,0.00477163235305958));
#4471=CARTESIAN_POINT('',(-0.00092921958086179,-0.00483288661740935,0.00471848843939246));
#4472=CARTESIAN_POINT('',(-0.000924614794939492,-0.00490128565695776,0.00469509801761669));
#4473=CARTESIAN_POINT('',(-0.00113541609406265,-0.0020124164626245,0.00572103466199402));
#4474=CARTESIAN_POINT('',(-0.00113346071168555,-0.00204113169461566,0.00571116553978632));
#4475=CARTESIAN_POINT('',(-0.00112563654395765,-0.00215684389684997,0.00567155265638115));
#4476=CARTESIAN_POINT('',(-0.00111247415048168,-0.00236011990491092,0.00560360775868637));
#4477=CARTESIAN_POINT('',(-0.00109129773702486,-0.002617654528335,0.0055048701413226));
#4478=CARTESIAN_POINT('',(-0.00108598898108323,-0.00289068326582277,0.00544839568637629));
#4479=CARTESIAN_POINT('',(-0.00106788299374985,-0.00315131005402109,0.00535782799331662));
#4480=CARTESIAN_POINT('',(-0.00103787626723276,-0.00340004916561159,0.00523558278824717));
#4481=CARTESIAN_POINT('',(-0.00102331866189965,-0.00366408325617945,0.00515446374612195));
#4482=CARTESIAN_POINT('',(-0.00100462079158126,-0.0039240263867458,0.00506232220815771));
#4483=CARTESIAN_POINT('',(-0.000987022455734793,-0.00418511740903319,0.00497311742322722));
#4484=CARTESIAN_POINT('',(-0.000969143188581583,-0.00444580740044243,0.00488315553420622));
#4485=CARTESIAN_POINT('',(-0.000952601048661694,-0.00468808362060494,0.00479976748295149));
#4486=CARTESIAN_POINT('',(-0.000941995630364881,-0.00484337208818321,0.00474631204762221));
#4487=CARTESIAN_POINT('',(-0.000937327663519038,-0.00491172059468424,0.00472278392322035));
#4488=CARTESIAN_POINT('',(-0.00118718456556698,-0.00205168505159328,0.00582314004727517));
#4489=CARTESIAN_POINT('',(-0.00118514685290223,-0.00208034131435886,0.00581310080633105));
#4490=CARTESIAN_POINT('',(-0.00117705400861067,-0.00219583972010493,0.0057728668280517));
#4491=CARTESIAN_POINT('',(-0.00116408390326837,-0.00239899105653847,0.00570450920099313));
#4492=CARTESIAN_POINT('',(-0.00113806805156744,-0.00265411040564398,0.0056001096258078));
#4493=CARTESIAN_POINT('',(-0.00114697756422542,-0.0029332890452599,0.00555717708474547));
#4494=CARTESIAN_POINT('',(-0.00112772907265978,-0.00319312872318896,0.00546467606318196));
#4495=CARTESIAN_POINT('',(-0.00108227633502868,-0.00343468975646637,0.00532607916336646));
#4496=CARTESIAN_POINT('',(-0.00107082496454297,-0.00369987583507263,0.00524730581585063));
#4497=CARTESIAN_POINT('',(-0.00105026073783795,-0.00395874812751921,0.00515249613004371));
#4498=CARTESIAN_POINT('',(-0.00103213318841388,-0.00421931763522715,0.00506198044707427));
#4499=CARTESIAN_POINT('',(-0.00101336600475786,-0.00447934891070567,0.00497034111582745));
#4500=CARTESIAN_POINT('',(-0.000996089105043971,-0.00472103283951253,0.0048854880638218));
#4501=CARTESIAN_POINT('',(-0.000985001815433505,-0.00487596752961504,0.00483108006249161));
#4502=CARTESIAN_POINT('',(-0.000980121305761944,-0.00494416139596997,0.00480713211473209));
#4503=CARTESIAN_POINT('',(-0.00122902826995787,-0.00207918397054084,0.00589241702058341));
#4504=CARTESIAN_POINT('',(-0.00122691989229467,-0.00210779192590281,0.00588225665861732));
#4505=CARTESIAN_POINT('',(-0.00121855498635724,-0.00222309541441714,0.00584152215295967));
#4506=CARTESIAN_POINT('',(-0.00120524059866491,-0.00242590164170819,0.00577215410565323));
#4507=CARTESIAN_POINT('',(-0.00117774792628531,-0.00268068249628952,0.0056674640310998));
#4508=CARTESIAN_POINT('',(-0.0011890620380544,-0.00295907382330817,0.00562046662703855));
#4509=CARTESIAN_POINT('',(-0.0011690983519007,-0.0032184389415216,0.00552696716650581));
#4510=CARTESIAN_POINT('',(-0.00111998122951605,-0.00346006476913283,0.00539011944065222));
#4511=CARTESIAN_POINT('',(-0.00110867683070248,-0.00372469944588642,0.00530949517988525));
#4512=CARTESIAN_POINT('',(-0.00108723908561908,-0.00398317811534715,0.0052138007165066));
#4513=CARTESIAN_POINT('',(-0.00106851456639722,-0.00424328378481603,0.00512214956179991));
#4514=CARTESIAN_POINT('',(-0.00104906318634645,-0.00450298147330341,0.00502940975937171));
#4515=CARTESIAN_POINT('',(-0.00103117649363204,-0.00474427620104979,0.00494353792304921));
#4516=CARTESIAN_POINT('',(-0.00101970418305152,-0.00489892766913185,0.00488849200852605));
#4517=CARTESIAN_POINT('',(-0.00101465445215186,-0.0049669954798185,0.00486426391515219));
#4518=CARTESIAN_POINT('',(-0.00137600622401025,-0.00216621706743299,0.00610251114022428));
#4519=CARTESIAN_POINT('',(-0.0013736429231149,-0.00219467407928939,0.00609197988134346));
#4520=CARTESIAN_POINT('',(-0.00136424673959512,-0.00230935065123195,0.00604969467608245));
#4521=CARTESIAN_POINT('',(-0.00134907825983781,-0.00251085898052877,0.00597701155381679));
#4522=CARTESIAN_POINT('',(-0.00131958047775833,-0.00276540838050571,0.00587271532664254));
#4523=CARTESIAN_POINT('',(-0.00132745161709402,-0.00303822051071858,0.00580861697105935));
#4524=CARTESIAN_POINT('',(-0.00130520501874506,-0.00329629545146278,0.00571211936757352));
#4525=CARTESIAN_POINT('',(-0.00125487116192119,-0.00354072379320097,0.00558539649024828));
#4526=CARTESIAN_POINT('',(-0.0012409648215296,-0.00380288287389979,0.00549787497031176));
#4527=CARTESIAN_POINT('',(-0.00121729827000983,-0.00406028402094201,0.00539984887253966));
#4528=CARTESIAN_POINT('',(-0.00119624320440757,-0.00431895821518852,0.00530463714518753));
#4529=CARTESIAN_POINT('',(-0.00117448721314755,-0.00457732816353668,0.00520866267457125));
#4530=CARTESIAN_POINT('',(-0.00115445836514684,-0.00481731174257386,0.00511972263405213));
#4531=CARTESIAN_POINT('',(-0.00114161028316761,-0.00497118786230808,0.00506269851237728));
#4532=CARTESIAN_POINT('',(-0.00113595490800438,-0.005038917106402,0.00503759925146253));
#4533=CARTESIAN_POINT('',(-0.00150224943295426,-0.00222945791182858,0.00624157253940406));
#4534=CARTESIAN_POINT('',(-0.00149965854508763,-0.00225779981758614,0.00623079009171585));
#4535=CARTESIAN_POINT('',(-0.00148926941865991,-0.00237197486335147,0.00618740455547096));
#4536=CARTESIAN_POINT('',(-0.00147155792476157,-0.0025722052765174,0.00611186044807736));
#4537=CARTESIAN_POINT('',(-0.00144499173479111,-0.00282823582411527,0.00601108676054439));
#4538=CARTESIAN_POINT('',(-0.00143253103000092,-0.00309081236820425,0.00592349488630345));
#4539=CARTESIAN_POINT('',(-0.00140870909259307,-0.00334812301511538,0.00582528379001189));
#4540=CARTESIAN_POINT('',(-0.001374261169533,-0.00360048106025111,0.00571714847180995));
#4541=CARTESIAN_POINT('',(-0.00135358602224674,-0.003859249342203,0.00562187894684115));
#4542=CARTESIAN_POINT('',(-0.00132921942657591,-0.00411630146451496,0.00552316048207298));
#4543=CARTESIAN_POINT('',(-0.0013058421885888,-0.00437380715425654,0.00542536853233743));
#4544=CARTESIAN_POINT('',(-0.00128220028409934,-0.00463119416755226,0.00532732744427654));
#4545=CARTESIAN_POINT('',(-0.00126030621670152,-0.00487026158484432,0.00523633399754232));
#4546=CARTESIAN_POINT('',(-0.00124627361540759,-0.00502353765331192,0.00517799975362878));
#4547=CARTESIAN_POINT('',(-0.00124009734302501,-0.0050910022598836,0.00515232410630613));
#4548=CARTESIAN_POINT('',(-0.00177374391122769,-0.00235565523234974,0.00649557017590399));
#4549=CARTESIAN_POINT('',(-0.0017706723037694,-0.0023837742636638,0.00648433774683789));
#4550=CARTESIAN_POINT('',(-0.00175825186103992,-0.00249700705526376,0.00643905101644751));
#4551=CARTESIAN_POINT('',(-0.00173598009833718,-0.00269511728791412,0.0063592411275128));
#4552=CARTESIAN_POINT('',(-0.00171128507799805,-0.00295201570843087,0.00626020969268062));
#4553=CARTESIAN_POINT('',(-0.00167168414130619,-0.00320198617947863,0.00614725104089943));
#4554=CARTESIAN_POINT('',(-0.00164408759173493,-0.00345754527529592,0.00604550615554066));
#4555=CARTESIAN_POINT('',(-0.00162772430136411,-0.00371828953607869,0.00595426631826184));
#4556=CARTESIAN_POINT('',(-0.00159680274899158,-0.00397230002746778,0.00584941556655365));
#4557=CARTESIAN_POINT('',(-0.00156978261962551,-0.00422812047451584,0.00574821103053663));
#4558=CARTESIAN_POINT('',(-0.00154172030073507,-0.00448343688751212,0.00564603754354724));
#4559=CARTESIAN_POINT('',(-0.00151393311975482,-0.00473890558601243,0.00554411521257607));
#4560=CARTESIAN_POINT('',(-0.00148806236529775,-0.00497613396622226,0.00544939823641978));
#4561=CARTESIAN_POINT('',(-0.0014714731538654,-0.00512820606039799,0.00538867451997527));
#4562=CARTESIAN_POINT('',(-0.00146417129759613,-0.00519513970568325,0.00536194705448131));
#4563=CARTESIAN_POINT('',(-0.00190719162972868,-0.00241282197382895,0.0065993768994311));
#4564=CARTESIAN_POINT('',(-0.00190388834903272,-0.0024408406892308,0.006587966262993));
#4565=CARTESIAN_POINT('',(-0.0018905289097745,-0.00255367026037471,0.00654196953625798));
#4566=CARTESIAN_POINT('',(-0.00186655034062775,-0.00275108285031857,0.00646099783238629));
#4567=CARTESIAN_POINT('',(-0.00184015396477333,-0.0030070899041517,0.00635983323915945));
#4568=CARTESIAN_POINT('',(-0.00179697207496191,-0.00325615517713591,0.00624711048801057));
#4569=CARTESIAN_POINT('',(-0.00176731999363672,-0.00351082986587077,0.00614369990387982));
#4570=CARTESIAN_POINT('',(-0.00175025656308311,-0.00377063290540703,0.00604897901547112));
#4571=CARTESIAN_POINT('',(-0.00171686740743174,-0.0040237579561737,0.00594299646231046));
#4572=CARTESIAN_POINT('',(-0.00168785445848774,-0.00427867817407721,0.00584003121032311));
#4573=CARTESIAN_POINT('',(-0.00165765971783006,-0.00453309778500235,0.00573625583446373));
#4574=CARTESIAN_POINT('',(-0.0016277848387801,-0.00478767530914648,0.00563269356354725));
#4575=CARTESIAN_POINT('',(-0.00159997574928524,-0.00502406397169871,0.00553647334146059));
#4576=CARTESIAN_POINT('',(-0.001582142456803,-0.00517561074623852,0.00547478341573303));
#4577=CARTESIAN_POINT('',(-0.00157429296184298,-0.00524231371239701,0.00544763057226));
#4578=CARTESIAN_POINT('',(-0.00211628413465425,-0.00249899961104701,0.00674336745632531));
#4579=CARTESIAN_POINT('',(-0.00211262986371035,-0.00252687550567854,0.0067317145671436));
#4580=CARTESIAN_POINT('',(-0.00209793920508037,-0.00263916287041537,0.00668479918104848));
#4581=CARTESIAN_POINT('',(-0.00207249756128796,-0.00283597370393681,0.00660281945377032));
#4582=CARTESIAN_POINT('',(-0.00203748012098739,-0.00308841612824227,0.0064957185637963));
#4583=CARTESIAN_POINT('',(-0.00201095411803706,-0.00334436320555099,0.00639446694206412));
#4584=CARTESIAN_POINT('',(-0.00197758352511074,-0.00359747905857525,0.00628850167721045));
#4585=CARTESIAN_POINT('',(-0.00193784469377407,-0.00384799677415943,0.00617814313235941));
#4586=CARTESIAN_POINT('',(-0.00190636448770905,-0.00410189529641473,0.0060734795884059));
#4587=CARTESIAN_POINT('',(-0.00187267095060858,-0.00435488364018727,0.0059672907151984));
#4588=CARTESIAN_POINT('',(-0.00183957520320892,-0.00460812452923149,0.00586151257799755));
#4589=CARTESIAN_POINT('',(-0.0018063179218932,-0.00486128401391591,0.00575562640004023));
#4590=CARTESIAN_POINT('',(-0.00177546436118635,-0.00509641450965026,0.00565731024790389));
#4591=CARTESIAN_POINT('',(-0.00175568349082258,-0.00524717812313197,0.00559427342811346));
#4592=CARTESIAN_POINT('',(-0.00174697694815467,-0.00531353735354452,0.00556652761930535));
#4593=CARTESIAN_POINT('',(-0.00218820888399835,-0.00252784966439974,0.00678896872552974));
#4594=CARTESIAN_POINT('',(-0.00218443522293497,-0.00255567897486147,0.00677723996575044));
#4595=CARTESIAN_POINT('',(-0.00216930314672639,-0.00266779512120202,0.00673004499603198));
#4596=CARTESIAN_POINT('',(-0.00214350389857859,-0.00286447890488049,0.00664784944945096));
#4597=CARTESIAN_POINT('',(-0.00210481072537061,-0.00311536559355971,0.00653836510049436));
#4598=CARTESIAN_POINT('',(-0.00208667739558559,-0.00337492976972499,0.0064426465562422));
#4599=CARTESIAN_POINT('',(-0.0020519747290873,-0.00362749880283541,0.00633583360445848));
#4600=CARTESIAN_POINT('',(-0.00200183906701255,-0.00387364432872737,0.0062186678851416));
#4601=CARTESIAN_POINT('',(-0.00197171140271735,-0.00412814179950996,0.00611491901507834));
#4602=CARTESIAN_POINT('',(-0.00193622268724735,-0.00438039133238785,0.00600757752725294));
#4603=CARTESIAN_POINT('',(-0.001902176420632,-0.00463326676116049,0.00590119826291789));
#4604=CARTESIAN_POINT('',(-0.00186774486989705,-0.00488593078267415,0.00579457279958123));
#4605=CARTESIAN_POINT('',(-0.00183584862332919,-0.00512065482040054,0.0056955922401001));
#4606=CARTESIAN_POINT('',(-0.00181539573243651,-0.0052711527690765,0.00563212841659745));
#4607=CARTESIAN_POINT('',(-0.00180639325387926,-0.00533739485699654,0.00560419461927102));
#4608=CARTESIAN_POINT('',(-0.00234045626189599,-0.00258803385475688,0.00687959681976777));
#4609=CARTESIAN_POINT('',(-0.00233641561835329,-0.00261575699020941,0.00686770882136152));
#4610=CARTESIAN_POINT('',(-0.00232017642061614,-0.00272743228703244,0.00681984965030761));
#4611=CARTESIAN_POINT('',(-0.00229210290819264,-0.00292320470505165,0.00673625007793533));
#4612=CARTESIAN_POINT('',(-0.00225306694797029,-0.00317401396173271,0.00662680931426803));
#4613=CARTESIAN_POINT('',(-0.00222489982675864,-0.00342939100217616,0.00652419346259));
#4614=CARTESIAN_POINT('',(-0.00218793807362692,-0.00368109951284743,0.00641604783788494));
#4615=CARTESIAN_POINT('',(-0.0021429028382023,-0.00392942238651078,0.00630283343742902));
#4616=CARTESIAN_POINT('',(-0.0021083796186864,-0.0041821346551614,0.00619622443884445));
#4617=CARTESIAN_POINT('',(-0.00207103783389372,-0.00443367348547274,0.00608784285590965));
#4618=CARTESIAN_POINT('',(-0.00203446492961278,-0.00468551503846433,0.00597995104812119));
#4619=CARTESIAN_POINT('',(-0.00199767892999022,-0.00493727455784502,0.00587192140854692));
#4620=CARTESIAN_POINT('',(-0.00196355270584171,-0.00517111949454794,0.00577161215610761));
#4621=CARTESIAN_POINT('',(-0.00194168080979333,-0.00532103563150749,0.00570730979176419));
#4622=CARTESIAN_POINT('',(-0.00193205419900107,-0.00538702088138316,0.0056790074623474));
#4623=CARTESIAN_POINT('',(-0.00242089163146676,-0.00261947092254335,0.00692457770075506));
#4624=CARTESIAN_POINT('',(-0.00241670890698335,-0.00264713553586889,0.00691261070025052));
#4625=CARTESIAN_POINT('',(-0.00239986963553298,-0.00275856438306008,0.00686441475912757));
#4626=CARTESIAN_POINT('',(-0.00237045197927228,-0.00295379196063365,0.00678002961302855));
#4627=CARTESIAN_POINT('',(-0.00233193509271055,-0.00320490120350088,0.00667104580251512));
#4628=CARTESIAN_POINT('',(-0.00229583890633843,-0.00345689676407285,0.00656335108181241));
#4629=CARTESIAN_POINT('',(-0.00225775002332361,-0.00370824287562222,0.00645457064609993));
#4630=CARTESIAN_POINT('',(-0.00221796405483572,-0.00395871533820224,0.00634496496883865));
#4631=CARTESIAN_POINT('',(-0.00218043538081511,-0.00421021943499361,0.00623649726589025));
#4632=CARTESIAN_POINT('',(-0.00214229758527576,-0.00446146847685294,0.00612771509171948));
#4633=CARTESIAN_POINT('',(-0.00210434196992811,-0.00471272863787951,0.00601904765194664));
#4634=CARTESIAN_POINT('',(-0.00206631910987788,-0.00496406396628368,0.00591031250706179));
#4635=CARTESIAN_POINT('',(-0.00203101471437843,-0.00519744758914468,0.00580934557762134));
#4636=CARTESIAN_POINT('',(-0.00200839614384603,-0.00534703070088804,0.00574463723999555));
#4637=CARTESIAN_POINT('',(-0.00199844124389073,-0.00541286782637467,0.00571615687088777));
#4638=CARTESIAN_POINT('',(-0.0025102983019714,-0.00265332813733117,0.00697182840875781));
#4639=CARTESIAN_POINT('',(-0.00250596037155672,-0.00268093011853511,0.00695978054199945));
#4640=CARTESIAN_POINT('',(-0.00248848802990196,-0.00279210550902396,0.00691125414650791));
#4641=CARTESIAN_POINT('',(-0.00245787773051976,-0.00298687654721037,0.00682624012492699));
#4642=CARTESIAN_POINT('',(-0.00241845925956724,-0.00323769194115919,0.00671676566023934));
#4643=CARTESIAN_POINT('',(-0.00237905251019781,-0.00348843407485003,0.00660732129421856));
#4644=CARTESIAN_POINT('',(-0.00233964536854409,-0.00373917913618598,0.00649787463168097));
#4645=CARTESIAN_POINT('',(-0.00230024803986403,-0.00398986164357685,0.00638845566932358));
#4646=CARTESIAN_POINT('',(-0.00226083869492439,-0.00424062032345564,0.00627900394409347));
#4647=CARTESIAN_POINT('',(-0.00222142586444276,-0.00449140036652078,0.00616954392133764));
#4648=CARTESIAN_POINT('',(-0.0021820268647057,-0.00474209496536581,0.00606011881591701));
#4649=CARTESIAN_POINT('',(-0.00214259488708181,-0.00499299333335908,0.0059506109383911));
#4650=CARTESIAN_POINT('',(-0.00210600946005122,-0.00522578649332175,0.00584899781914946));
#4651=CARTESIAN_POINT('',(-0.00208254973584527,-0.00537505918004177,0.00578384254169441));
#4652=CARTESIAN_POINT('',(-0.00207222378000318,-0.00544076249389247,0.00575516409978785));
#4653=CARTESIAN_POINT('',(-0.00240833763758079,-0.00330209513981536,0.00668865470786639));
#4654=CARTESIAN_POINT('',(-0.00219813428288606,-0.00300694259470241,0.00664946292958072));
#4655=CARTESIAN_POINT('',(-0.00200008587282923,-0.00270670273662323,0.00659603075261902));
#4656=CARTESIAN_POINT('',(-0.00182565082303129,-0.00239452646004495,0.00652611976335751));
#4657=CARTESIAN_POINT('',(-0.00182565082302114,-0.00239452646005331,0.00652611976334556));
#4658=CARTESIAN_POINT('',(-0.00129282502209132,-0.00508239814014098,0.00520908730941342));
#4659=CARTESIAN_POINT('',(-0.00155072170279199,-0.00494235082165334,0.00553911543434464));
#4660=CARTESIAN_POINT('',(-0.0018605497368132,-0.00480927868115849,0.00582720766232379));
#4661=CARTESIAN_POINT('',(-0.00219205097509522,-0.00467831145351917,0.00608795995303861));
#4662=CARTESIAN_POINT('',(-0.00129282502209132,-0.00508239814014098,0.00520908730941342));
#4663=CARTESIAN_POINT('',(-0.000885219462884258,-0.00484099742722778,0.00459419808940003));
#4664=CARTESIAN_POINT('',(-0.000961358253984389,-0.00492804607676988,0.00483233560730047));
#4665=CARTESIAN_POINT('',(-0.00111671332266482,-0.00500693960416468,0.0050310777146716));
#4666=CARTESIAN_POINT('',(-0.00129282502209132,-0.00508239814014098,0.00520908730941342));
#4667=CARTESIAN_POINT('',(-0.000885220636707065,-0.00484099742722646,0.00459419786322146));
#4668=CARTESIAN_POINT('',(-0.000981068863623529,-0.00334839024776154,0.00509163632538547));
#4669=CARTESIAN_POINT('',(-0.00106783471047611,-0.00199729309787753,0.00554191482473254));
#4670=CARTESIAN_POINT('',(-0.00106783471047603,-0.00199729309787884,0.0055419148247321));
#4671=CARTESIAN_POINT('',(-0.00119609566709524,-0.00214389960923826,0.0059429781783976));
#4672=CARTESIAN_POINT('',(-0.00149798844499484,-0.00227261315437293,0.00625676659613037));
#4673=CARTESIAN_POINT('',(-0.00182565082302114,-0.00239452646005331,0.00652611976334556));
#4674=CARTESIAN_POINT('',(-0.00315479581124727,-0.00265323458144541,0.00670491469519822));
#4675=CARTESIAN_POINT('',(-0.00314934010446067,-0.00268085646779879,0.0066933198449081));
#4676=CARTESIAN_POINT('',(-0.00312737674670408,-0.00279205573456045,0.00664664170260966));
#4677=CARTESIAN_POINT('',(-0.003088905193747,-0.00298683744144352,0.00656487833378836));
#4678=CARTESIAN_POINT('',(-0.00303937507625153,-0.00323761930037682,0.0064596088993817));
#4679=CARTESIAN_POINT('',(-0.00298984582131186,-0.00348838830279405,0.00635434433284683));
#4680=CARTESIAN_POINT('',(-0.00294032573908545,-0.00373910466276433,0.00624910027625158));
#4681=CARTESIAN_POINT('',(-0.00289080352255676,-0.00398983533323358,0.00614385179852091));
#4682=CARTESIAN_POINT('',(-0.00284127593821286,-0.00424059623470041,0.00603859025869974));
#4683=CARTESIAN_POINT('',(-0.00279174584047856,-0.00449137147875896,0.00593332318927908));
#4684=CARTESIAN_POINT('',(-0.00274222778071403,-0.00474207909163885,0.00582808336200148));
#4685=CARTESIAN_POINT('',(-0.00269268629054307,-0.00499292251663129,0.00572278945330303));
#4686=CARTESIAN_POINT('',(-0.00264680612590218,-0.00522520728952457,0.00562528174466906));
#4687=CARTESIAN_POINT('',(-0.00261741881530882,-0.00537399765539418,0.00556282469882814));
#4688=CARTESIAN_POINT('',(-0.00260454174277246,-0.0054391956084616,0.00553545692503923));
#4689=CARTESIAN_POINT('',(-0.00321380781650585,-0.00258623929985604,0.0065135785387405));
#4690=CARTESIAN_POINT('',(-0.00320824947158616,-0.00261398001812156,0.00650231467218968));
#4691=CARTESIAN_POINT('',(-0.00318587313412464,-0.0027256573032926,0.00645696795233994));
#4692=CARTESIAN_POINT('',(-0.00314668047745565,-0.00292127242013999,0.00637752580144594));
#4693=CARTESIAN_POINT('',(-0.00309623015856704,-0.00317308430114312,0.00627524272545344));
#4694=CARTESIAN_POINT('',(-0.00304577830436399,-0.00342487640445088,0.00617300328286376));
#4695=CARTESIAN_POINT('',(-0.00299530045266277,-0.00367687422683675,0.00607063098830524));
#4696=CARTESIAN_POINT('',(-0.00294487806782099,-0.00392844494404977,0.00596852904072959));
#4697=CARTESIAN_POINT('',(-0.00289441599419038,-0.00418032704759383,0.00586622281909654));
#4698=CARTESIAN_POINT('',(-0.00284396304311088,-0.00443212495738897,0.00576397833274089));
#4699=CARTESIAN_POINT('',(-0.00279351381103707,-0.00468393707967441,0.00566170143978957));
#4700=CARTESIAN_POINT('',(-0.00274306418934303,-0.00493560923435141,0.00555959191025278));
#4701=CARTESIAN_POINT('',(-0.00269629826329919,-0.00516916141693022,0.00546463764712334));
#4702=CARTESIAN_POINT('',(-0.00266636791465142,-0.00531850721034393,0.0054040174372113));
#4703=CARTESIAN_POINT('',(-0.00265325391802817,-0.00538393771432388,0.00537746303936122));
#4704=CARTESIAN_POINT('',(-0.00325612719962188,-0.00252852284850548,0.00635036165023125));
#4705=CARTESIAN_POINT('',(-0.00325049524425032,-0.00255636613905695,0.00633937883503033));
#4706=CARTESIAN_POINT('',(-0.00322782270619667,-0.00266845490176764,0.00629516459909434));
#4707=CARTESIAN_POINT('',(-0.00318811266352206,-0.00286477546168473,0.00621771707846111));
#4708=CARTESIAN_POINT('',(-0.00313700084608515,-0.00311746767613004,0.00611801701511639));
#4709=CARTESIAN_POINT('',(-0.00308587831694273,-0.00337020294329026,0.00601832972347593));
#4710=CARTESIAN_POINT('',(-0.00303476873757446,-0.00362288928250872,0.00591861825518173));
#4711=CARTESIAN_POINT('',(-0.00298363140817737,-0.00387568937109068,0.00581894885679349));
#4712=CARTESIAN_POINT('',(-0.00293251792011419,-0.00412839169373995,0.00571924347911713));
#4713=CARTESIAN_POINT('',(-0.0028813973202022,-0.00438111740865187,0.0056195561551896));
#4714=CARTESIAN_POINT('',(-0.00283028316577383,-0.00463383110677259,0.00551984616462157));
#4715=CARTESIAN_POINT('',(-0.00277914648229902,-0.00488658659133309,0.00542022076715711));
#4716=CARTESIAN_POINT('',(-0.00273179906382867,-0.0051206985173109,0.00532779187746009));
#4717=CARTESIAN_POINT('',(-0.00270146395344594,-0.00527066665463787,0.00526864567693381));
#4718=CARTESIAN_POINT('',(-0.0026881712319874,-0.00533638100339227,0.00524273110421502));
#4719=CARTESIAN_POINT('',(-0.0033178236616067,-0.00241269317655379,0.00601494920805179));
#4720=CARTESIAN_POINT('',(-0.00331208556189977,-0.0024407343846446,0.00600454530915953));
#4721=CARTESIAN_POINT('',(-0.00328898534331152,-0.00255362115700833,0.00596266265968735));
#4722=CARTESIAN_POINT('',(-0.00324852227770769,-0.0027513526054668,0.00588930983241918));
#4723=CARTESIAN_POINT('',(-0.00319643643739959,-0.00300587366964953,0.00579489566477395));
#4724=CARTESIAN_POINT('',(-0.00314434672668528,-0.00326042746370331,0.00570046250747963));
#4725=CARTESIAN_POINT('',(-0.00309225430277615,-0.00351497747739659,0.00560605019717727));
#4726=CARTESIAN_POINT('',(-0.00304018015217954,-0.0037694743032193,0.00551158380676854));
#4727=CARTESIAN_POINT('',(-0.00298808981954174,-0.00402402007350703,0.00541716361943241));
#4728=CARTESIAN_POINT('',(-0.00293600274865702,-0.00427855709269262,0.00532273388407838));
#4729=CARTESIAN_POINT('',(-0.00288391916783582,-0.00453308328037554,0.00522828778177509));
#4730=CARTESIAN_POINT('',(-0.00283182684655118,-0.00478762918112212,0.00513391288704056));
#4731=CARTESIAN_POINT('',(-0.0027835538480482,-0.00502350617827212,0.00504643991138384));
#4732=CARTESIAN_POINT('',(-0.00275265196792486,-0.00517452317912169,0.00499040170259827));
#4733=CARTESIAN_POINT('',(-0.00273911199840717,-0.00524069367280703,0.00496584620053947));
#4734=CARTESIAN_POINT('',(-0.00333922319578671,-0.00235157978746204,0.00583548224217506));
#4735=CARTESIAN_POINT('',(-0.0033334481394866,-0.00237972594880234,0.00582538833891569));
#4736=CARTESIAN_POINT('',(-0.00331019958217192,-0.00249303164106178,0.00578474235026855));
#4737=CARTESIAN_POINT('',(-0.00326948131278444,-0.00269145899970337,0.00571343660151387));
#4738=CARTESIAN_POINT('',(-0.00321703434071986,-0.00294719925302962,0.00562250193067211));
#4739=CARTESIAN_POINT('',(-0.0031646993774855,-0.00320181322133709,0.0055283456861257));
#4740=CARTESIAN_POINT('',(-0.00311225211866382,-0.00345755460397056,0.00543742442493872));
#4741=CARTESIAN_POINT('',(-0.00305983487252641,-0.00371301170856582,0.00534574066102217));
#4742=CARTESIAN_POINT('',(-0.0030074215410217,-0.00396841405545998,0.0052538404409432));
#4743=CARTESIAN_POINT('',(-0.00295495155478068,-0.00422438356780155,0.00516361203770933));
#4744=CARTESIAN_POINT('',(-0.00290270454417036,-0.00447813725804398,0.00506690759950152));
#4745=CARTESIAN_POINT('',(-0.0028496298862598,-0.00474014780997503,0.00499445645941076));
#4746=CARTESIAN_POINT('',(-0.00280121955185774,-0.0049752405096297,0.00490466776459621));
#4747=CARTESIAN_POINT('',(-0.00277011401618719,-0.00512686100716339,0.00485043554961212));
#4748=CARTESIAN_POINT('',(-0.00275647992139898,-0.00519334265357502,0.00482681033991643));
#4749=CARTESIAN_POINT('',(-0.00334903897317975,-0.00225235487504142,0.00554325712974281));
#4750=CARTESIAN_POINT('',(-0.00334324673251717,-0.00228067378655761,0.00553367099535759));
#4751=CARTESIAN_POINT('',(-0.00331992843036799,-0.00239468080771681,0.00549508673609454));
#4752=CARTESIAN_POINT('',(-0.00327908204614636,-0.00259439854493866,0.00542757746471775));
#4753=CARTESIAN_POINT('',(-0.00322652000339245,-0.00285129786106309,0.00534010334250372));
#4754=CARTESIAN_POINT('',(-0.00317388729935182,-0.00310892170115224,0.00525476032978731));
#4755=CARTESIAN_POINT('',(-0.00312132380025743,-0.00336582759899003,0.00516727506639997));
#4756=CARTESIAN_POINT('',(-0.0030687477413302,-0.00362288394990567,0.00508030930130146));
#4757=CARTESIAN_POINT('',(-0.0030161635369914,-0.00388000385094619,0.00499346471136767));
#4758=CARTESIAN_POINT('',(-0.00296361592385246,-0.00413676002742305,0.00490555717741422));
#4759=CARTESIAN_POINT('',(-0.00291093032754601,-0.00439490665206647,0.00482178408084721));
#4760=CARTESIAN_POINT('',(-0.00285876716146648,-0.00464781866945273,0.00472254607024966));
#4761=CARTESIAN_POINT('',(-0.00280994181299549,-0.00488707037183401,0.00464502685324041));
#4762=CARTESIAN_POINT('',(-0.00277874995552854,-0.00503955617395684,0.00459331854824832));
#4763=CARTESIAN_POINT('',(-0.0027650856178201,-0.00510634101227431,0.00457057393665413));
#4764=CARTESIAN_POINT('',(-0.003346664919421,-0.00221354369391922,0.005428713853089));
#4765=CARTESIAN_POINT('',(-0.00334087716944054,-0.00224192968212968,0.00541932836728079));
#4766=CARTESIAN_POINT('',(-0.00331757877410341,-0.0023562128470451,0.00538156805683308));
#4767=CARTESIAN_POINT('',(-0.00327678651666967,-0.00255647862873382,0.00531567251268308));
#4768=CARTESIAN_POINT('',(-0.00322413992047901,-0.00281362956149418,0.00522894042045971));
#4769=CARTESIAN_POINT('',(-0.00317200004094056,-0.00307320815613116,0.00514934076537174));
#4770=CARTESIAN_POINT('',(-0.00311934686793875,-0.00333036223705048,0.00506257526411255));
#4771=CARTESIAN_POINT('',(-0.00306683577550424,-0.00358806310887276,0.00497754529608047));
#4772=CARTESIAN_POINT('',(-0.00301428655471103,-0.00384587780340726,0.00489274830649022));
#4773=CARTESIAN_POINT('',(-0.00296173445446643,-0.00410279130880434,0.00480528025626957));
#4774=CARTESIAN_POINT('',(-0.00290923270620904,-0.00436319234731028,0.00472826565905112));
#4775=CARTESIAN_POINT('',(-0.00285653847372266,-0.00461051519546859,0.00461211973908424));
#4776=CARTESIAN_POINT('',(-0.00280788984724266,-0.00485189282776781,0.00454102751199164));
#4777=CARTESIAN_POINT('',(-0.00277671315184268,-0.00500470998462429,0.00449026409190625));
#4778=CARTESIAN_POINT('',(-0.00276305131718583,-0.00507159649708666,0.0044677995447782));
#4779=CARTESIAN_POINT('',(-0.00332731866962014,-0.00213767495128991,0.00520603719875405));
#4780=CARTESIAN_POINT('',(-0.00332156396753774,-0.00216619307985693,0.00519703305443552));
#4781=CARTESIAN_POINT('',(-0.00329839724288673,-0.00228099886122432,0.00516078395263534));
#4782=CARTESIAN_POINT('',(-0.00325782117081858,-0.00248208160642037,0.00509728291085887));
#4783=CARTESIAN_POINT('',(-0.00320557637684284,-0.00274095720712974,0.00501561610803389));
#4784=CARTESIAN_POINT('',(-0.00315337647659926,-0.00299971851870851,0.00493365271528559));
#4785=CARTESIAN_POINT('',(-0.00310113684802002,-0.0032586054441106,0.00485204944302197));
#4786=CARTESIAN_POINT('',(-0.00304887565292135,-0.00351741849560492,0.00477005987057996));
#4787=CARTESIAN_POINT('',(-0.00299672354280765,-0.00377656771112392,0.00468923515515043));
#4788=CARTESIAN_POINT('',(-0.00294417205598412,-0.00403429802386895,0.00460415498712088));
#4789=CARTESIAN_POINT('',(-0.00289310905123227,-0.00429736630540372,0.00453493075144512));
#4790=CARTESIAN_POINT('',(-0.00283649076057086,-0.0045405225725937,0.00440653423806089));
#4791=CARTESIAN_POINT('',(-0.00278921565903867,-0.00478437877700097,0.00434279745271762));
#4792=CARTESIAN_POINT('',(-0.00275819633662673,-0.00493790106944954,0.00429405136616109));
#4793=CARTESIAN_POINT('',(-0.0027445729473246,-0.00500505928843051,0.00427235699372862));
#4794=CARTESIAN_POINT('',(-0.0033113959146176,-0.00210143784498277,0.00509975290399507));
#4795=CARTESIAN_POINT('',(-0.00330566918587327,-0.00213001826520044,0.00509093341450233));
#4796=CARTESIAN_POINT('',(-0.00328261831687092,-0.00224507870403771,0.00505543516898289));
#4797=CARTESIAN_POINT('',(-0.00324227932371405,-0.00244664844580781,0.00499332813347344));
#4798=CARTESIAN_POINT('',(-0.00319006833106593,-0.00270588561497802,0.00491283088200049));
#4799=CARTESIAN_POINT('',(-0.00313892624321753,-0.00296597425080796,0.00483440683830066));
#4800=CARTESIAN_POINT('',(-0.00308672176135351,-0.00322522184697069,0.00475397302851264));
#4801=CARTESIAN_POINT('',(-0.00303472731533553,-0.00348461916239818,0.00467369248443509));
#4802=CARTESIAN_POINT('',(-0.00298292333113853,-0.00374439306070271,0.00459470016171398));
#4803=CARTESIAN_POINT('',(-0.0029301774182482,-0.0040024020721071,0.00451050540164819));
#4804=CARTESIAN_POINT('',(-0.00288100525998278,-0.00426712021004161,0.00444582495776991));
#4805=CARTESIAN_POINT('',(-0.00281848585796535,-0.00450673463937353,0.00430829687570697));
#4806=CARTESIAN_POINT('',(-0.00277298794511313,-0.00475235315635779,0.00424879747668507));
#4807=CARTESIAN_POINT('',(-0.00274209207440427,-0.00490610026189868,0.00420100678288253));
#4808=CARTESIAN_POINT('',(-0.00272847991289104,-0.00497331880749965,0.00417965676215707));
#4809=CARTESIAN_POINT('',(-0.00327888696242676,-0.00205418709443867,0.00496469171253102));
#4810=CARTESIAN_POINT('',(-0.00327321568238188,-0.00208284653799951,0.00495610318737073));
#4811=CARTESIAN_POINT('',(-0.00325037996072632,-0.00219821442664076,0.00492150926074206));
#4812=CARTESIAN_POINT('',(-0.00321033276823994,-0.00240021022867179,0.00486071780562127));
#4813=CARTESIAN_POINT('',(-0.00315916082584666,-0.00266082332138989,0.00478400207143534));
#4814=CARTESIAN_POINT('',(-0.00310654571355242,-0.00291936087952438,0.00470146993195397));
#4815=CARTESIAN_POINT('',(-0.00305540011320957,-0.00318003016683265,0.00462485697527035));
#4816=CARTESIAN_POINT('',(-0.00300380059823403,-0.00343994262354454,0.00454643909037252));
#4817=CARTESIAN_POINT('',(-0.00295259617043908,-0.00370044452283113,0.00446943471222338));
#4818=CARTESIAN_POINT('',(-0.0029002296317995,-0.0039595589012382,0.00438849738279196));
#4819=CARTESIAN_POINT('',(-0.00285210274812303,-0.00422373321577998,0.00432184587632328));
#4820=CARTESIAN_POINT('',(-0.00278820500152806,-0.00446888912740197,0.0042020404219864));
#4821=CARTESIAN_POINT('',(-0.00274370423381703,-0.00471385021617401,0.00414061374268954));
#4822=CARTESIAN_POINT('',(-0.00271310743306869,-0.00486811517853231,0.00409418107392485));
#4823=CARTESIAN_POINT('',(-0.00269961197425868,-0.00493560030107284,0.00407353562188588));
#4824=CARTESIAN_POINT('',(-0.00327179870085785,-0.00204468332248631,0.00493772954515376));
#4825=CARTESIAN_POINT('',(-0.00326613921281334,-0.00207335769093377,0.00492918572810972));
#4826=CARTESIAN_POINT('',(-0.00324334651131705,-0.00218877973563293,0.00489475478347409));
#4827=CARTESIAN_POINT('',(-0.00320332778815547,-0.00239080796346423,0.00483406973902269));
#4828=CARTESIAN_POINT('',(-0.00315255378803565,-0.00265196251587331,0.00475887320770573));
#4829=CARTESIAN_POINT('',(-0.00309897753428506,-0.0029091955888309,0.00467266565306917));
#4830=CARTESIAN_POINT('',(-0.0030482403641294,-0.00317043119535805,0.00459760780447133));
#4831=CARTESIAN_POINT('',(-0.00299669391356953,-0.00343038445099882,0.00451940984379656));
#4832=CARTESIAN_POINT('',(-0.00294562116330704,-0.00369103830182699,0.00444281003218926));
#4833=CARTESIAN_POINT('',(-0.00289340451176207,-0.00395047507952389,0.00436280971239119));
#4834=CARTESIAN_POINT('',(-0.00284527390840582,-0.00421419608503538,0.00429477509511183));
#4835=CARTESIAN_POINT('',(-0.00278197289042897,-0.00446180123845729,0.00418234588858962));
#4836=CARTESIAN_POINT('',(-0.00273746877854082,-0.0047062803670696,0.00411958863664882));
#4837=CARTESIAN_POINT('',(-0.00270694391680928,-0.00486067054776002,0.00407345790295846));
#4838=CARTESIAN_POINT('',(-0.00269348310964751,-0.00492822886737072,0.00405299350575252));
#4839=CARTESIAN_POINT('',(-0.00325596845246887,-0.00202515433962274,0.00488286300713289));
#4840=CARTESIAN_POINT('',(-0.00325033629968748,-0.00205386191274918,0.0048744146332816));
#4841=CARTESIAN_POINT('',(-0.00322765327123641,-0.00216941857352248,0.00484037174607933));
#4842=CARTESIAN_POINT('',(-0.00318782273472621,-0.00237169252025984,0.00478040673143864));
#4843=CARTESIAN_POINT('',(-0.00313732606669646,-0.00263308029493845,0.00470583760334455));
#4844=CARTESIAN_POINT('',(-0.00308388877900167,-0.00289087788036891,0.00462135934316592));
#4845=CARTESIAN_POINT('',(-0.0030334285468511,-0.00315235803887608,0.00454690255192039));
#4846=CARTESIAN_POINT('',(-0.00298213008599746,-0.00341262332220323,0.00446967989295134));
#4847=CARTESIAN_POINT('',(-0.00293130419441585,-0.00367352761083289,0.00439373953312352));
#4848=CARTESIAN_POINT('',(-0.00287935064601182,-0.00393347448882687,0.00431524552898575));
#4849=CARTESIAN_POINT('',(-0.00283142133798565,-0.00419671548003727,0.00424564958969096));
#4850=CARTESIAN_POINT('',(-0.00276855073219336,-0.00444755358991809,0.00414307955033945));
#4851=CARTESIAN_POINT('',(-0.00272423688453603,-0.00469151890117694,0.00407881485045541));
#4852=CARTESIAN_POINT('',(-0.00269385862188665,-0.00484612436983389,0.00403322890738023));
#4853=CARTESIAN_POINT('',(-0.00268046309678678,-0.00491380001994289,0.00401306702374799));
#4854=CARTESIAN_POINT('',(-0.00324635313002209,-0.00201432592946738,0.00485282394711955));
#4855=CARTESIAN_POINT('',(-0.00324073873089448,-0.00204305485544549,0.00484443157218796));
#4856=CARTESIAN_POINT('',(-0.00321813734588229,-0.00215870861939715,0.00481064968036944));
#4857=CARTESIAN_POINT('',(-0.00317855694838259,-0.00236127000372681,0.00475151633448626));
#4858=CARTESIAN_POINT('',(-0.00312757199576127,-0.00262201412042932,0.0046751683421923));
#4859=CARTESIAN_POINT('',(-0.00307667592065538,-0.00288298893900519,0.00459957119588054));
#4860=CARTESIAN_POINT('',(-0.00302569845100307,-0.00314379352518717,0.00452323031141244));
#4861=CARTESIAN_POINT('',(-0.00297469704672555,-0.00340443375430542,0.00444701040761482));
#4862=CARTESIAN_POINT('',(-0.00292395862375534,-0.00366541038303837,0.00437125820249377));
#4863=CARTESIAN_POINT('',(-0.00287212663038291,-0.00392554740045455,0.00429335509783072));
#4864=CARTESIAN_POINT('',(-0.00282439822167562,-0.0041887643488024,0.00422356795749012));
#4865=CARTESIAN_POINT('',(-0.00276136787834794,-0.00444038346241725,0.00412351048411511));
#4866=CARTESIAN_POINT('',(-0.00271724466964599,-0.00468432811847076,0.00405905878659274));
#4867=CARTESIAN_POINT('',(-0.00268694138945926,-0.00483902110365663,0.00401371680248404));
#4868=CARTESIAN_POINT('',(-0.00267357672999781,-0.00490673935755641,0.0039936771815604));
#4869=CARTESIAN_POINT('',(-0.00323275563657798,-0.0020007252067139,0.00481561274805241));
#4870=CARTESIAN_POINT('',(-0.0032271668536299,-0.00202948075798052,0.00480729015920381));
#4871=CARTESIAN_POINT('',(-0.00320468580183424,-0.00214525870518813,0.00477383373011023));
#4872=CARTESIAN_POINT('',(-0.00316549743128304,-0.00234821662332015,0.00471573938316541));
#4873=CARTESIAN_POINT('',(-0.00311361206189436,-0.00260809014543703,0.00463709163288972));
#4874=CARTESIAN_POINT('',(-0.00306710130406157,-0.00287325482556252,0.00457287979801483));
#4875=CARTESIAN_POINT('',(-0.00301517603860914,-0.00313315343415251,0.00449411360801848));
#4876=CARTESIAN_POINT('',(-0.00296462320720337,-0.00339426776658102,0.00441910199276891));
#4877=CARTESIAN_POINT('',(-0.00291403988443347,-0.00365538122019714,0.00434372844777168));
#4878=CARTESIAN_POINT('',(-0.00286217743163921,-0.00391556187679852,0.00426598555105332));
#4879=CARTESIAN_POINT('',(-0.00281545934861523,-0.00417949791541786,0.00419807446586449));
#4880=CARTESIAN_POINT('',(-0.00274945210592802,-0.00442928452098722,0.00409322434685862));
#4881=CARTESIAN_POINT('',(-0.00270629252604818,-0.00467393882935468,0.00403055675409497));
#4882=CARTESIAN_POINT('',(-0.00267608046433571,-0.00482871816273364,0.00398548420618281));
#4883=CARTESIAN_POINT('',(-0.00266273355767487,-0.00489645870089144,0.00396552576027311));
#4884=CARTESIAN_POINT('',(-0.00322838881191981,-0.00199662246120069,0.00480446921978894));
#4885=CARTESIAN_POINT('',(-0.0032228077748048,-0.00202538525613571,0.00479616642051671));
#4886=CARTESIAN_POINT('',(-0.00320035914130059,-0.00214119459116291,0.00476279298159614));
#4887=CARTESIAN_POINT('',(-0.00316124056753722,-0.00234423093996337,0.00470487899210596));
#4888=CARTESIAN_POINT('',(-0.00310933510136172,-0.00260407616891479,0.00462616884125824));
#4889=CARTESIAN_POINT('',(-0.00306322911680757,-0.0028696233953839,0.00456303212342129));
#4890=CARTESIAN_POINT('',(-0.00301127993622889,-0.00312949387247891,0.00448419253362563));
#4891=CARTESIAN_POINT('',(-0.00296081132671597,-0.00339069897020061,0.00440940060139828));
#4892=CARTESIAN_POINT('',(-0.00291029657437782,-0.00365187269386044,0.0043341940594466));
#4893=CARTESIAN_POINT('',(-0.00285846724948122,-0.00391209460620917,0.00425656049054251));
#4894=CARTESIAN_POINT('',(-0.00281194037290598,-0.0041761747846597,0.00418904376112328));
#4895=CARTESIAN_POINT('',(-0.00274552524560603,-0.00442572603264214,0.00408349992403115));
#4896=CARTESIAN_POINT('',(-0.0027025458619018,-0.00467052519256405,0.00402120236893591));
#4897=CARTESIAN_POINT('',(-0.00267237146278951,-0.00482533549609401,0.00397622773279649));
#4898=CARTESIAN_POINT('',(-0.00265903777496544,-0.0048930869941182,0.00395630631472271));
#4899=CARTESIAN_POINT('',(-0.00321280052593789,-0.00198268298527203,0.00476676143103525));
#4900=CARTESIAN_POINT('',(-0.00320724411693247,-0.00201146715494856,0.00475851867680216));
#4901=CARTESIAN_POINT('',(-0.00318487499618855,-0.00212735045159958,0.00472534223917078));
#4902=CARTESIAN_POINT('',(-0.00314568890535628,-0.00233038903868106,0.00466730225521212));
#4903=CARTESIAN_POINT('',(-0.00309525026466797,-0.00259146575179364,0.00459195849584435));
#4904=CARTESIAN_POINT('',(-0.00304483882579324,-0.00285336068677852,0.00451909509062642));
#4905=CARTESIAN_POINT('',(-0.00299441268520075,-0.00311451609999561,0.00444374690848148));
#4906=CARTESIAN_POINT('',(-0.00294389364496594,-0.00337572895308784,0.00436887605233747));
#4907=CARTESIAN_POINT('',(-0.0028937550090675,-0.00363722584731895,0.00429456127578604));
#4908=CARTESIAN_POINT('',(-0.00284219956176468,-0.00389770589538082,0.00421757866517388));
#4909=CARTESIAN_POINT('',(-0.00279592857759023,-0.00416199718692518,0.00415070472946112));
#4910=CARTESIAN_POINT('',(-0.00272993554005404,-0.00441206328449892,0.00404605654153934));
#4911=CARTESIAN_POINT('',(-0.00268718450762107,-0.00465706654240229,0.0039843334370556));
#4912=CARTESIAN_POINT('',(-0.00265718569917002,-0.0048120182913335,0.00393978117214325));
#4913=CARTESIAN_POINT('',(-0.00264393019120228,-0.00487983222120401,0.00392004712942737));
#4914=CARTESIAN_POINT('',(-0.00319617760788574,-0.00196978502324526,0.0047328902722635));
#4915=CARTESIAN_POINT('',(-0.00319064934883147,-0.00199858862137201,0.00472470400272153));
#4916=CARTESIAN_POINT('',(-0.00316838661811391,-0.00211454997563978,0.00469173309786543));
#4917=CARTESIAN_POINT('',(-0.00312931384181752,-0.00231772364064602,0.00463382288212186));
#4918=CARTESIAN_POINT('',(-0.00307953434353674,-0.00257941942496613,0.00456029566368657));
#4919=CARTESIAN_POINT('',(-0.00302789942766208,-0.00283991618873171,0.00448317062529401));
#4920=CARTESIAN_POINT('',(-0.00297814731881307,-0.00310168412880793,0.00440969310223065));
#4921=CARTESIAN_POINT('',(-0.00292781080564633,-0.00336307051356352,0.00433507953288616));
#4922=CARTESIAN_POINT('',(-0.00287789410687621,-0.00362474515934567,0.00426128183842721));
#4923=CARTESIAN_POINT('',(-0.00282691069814218,-0.00388566591423454,0.00418542016348212));
#4924=CARTESIAN_POINT('',(-0.00277977438417372,-0.00414932171714655,0.00411699753500902));
#4925=CARTESIAN_POINT('',(-0.00271829290322984,-0.00440297824498436,0.0040208201110077));
#4926=CARTESIAN_POINT('',(-0.00267471370094088,-0.00464729305367326,0.00395761403787318));
#4927=CARTESIAN_POINT('',(-0.00264489820750209,-0.00480240183044241,0.00391344320473781));
#4928=CARTESIAN_POINT('',(-0.00263175317419042,-0.0048703098259032,0.00389393253194054));
#4929=CARTESIAN_POINT('',(-0.00317206841728726,-0.00195305211827213,0.00468623363174716));
#4930=CARTESIAN_POINT('',(-0.00316658254822414,-0.0019818861857874,0.00467812942415827));
#4931=CARTESIAN_POINT('',(-0.00314449663306429,-0.00209797507378207,0.00464550089244604));
#4932=CARTESIAN_POINT('',(-0.00310579848961248,-0.00230142343669743,0.00458831689607992));
#4933=CARTESIAN_POINT('',(-0.00305601072638863,-0.00256308135156482,0.00451477525866927));
#4934=CARTESIAN_POINT('',(-0.00300620958588,-0.00282485898270332,0.00444119812542864));
#4935=CARTESIAN_POINT('',(-0.00295641328294611,-0.00308658573690269,0.00436763630823713));
#4936=CARTESIAN_POINT('',(-0.00290661072907566,-0.00334837804591239,0.00429405506024831));
#4937=CARTESIAN_POINT('',(-0.00285681173992774,-0.00361013244738882,0.00422048489580353));
#4938=CARTESIAN_POINT('',(-0.00280701434951216,-0.00387187139286939,0.00414691943044852));
#4939=CARTESIAN_POINT('',(-0.00275721410527035,-0.00413364530844629,0.00407334280227978));
#4940=CARTESIAN_POINT('',(-0.00270741019358869,-0.00439543274125843,0.00399976363823585));
#4941=CARTESIAN_POINT('',(-0.00266126983063759,-0.00463794927288692,0.00393160042254298));
#4942=CARTESIAN_POINT('',(-0.00263172283577357,-0.00479325602670305,0.00388794924987225));
#4943=CARTESIAN_POINT('',(-0.0026187760867914,-0.0048613077867427,0.00386882234792952));
#4944=CARTESIAN_POINT('',(-0.00332333833624246,-0.00239452646006028,0.00590581598056171));
#4945=CARTESIAN_POINT('',(-0.00324934481920037,-0.00270658983155007,0.00607858301018495));
#4946=CARTESIAN_POINT('',(-0.00314754388473496,-0.00300699521345012,0.00625622707280154));
#4947=CARTESIAN_POINT('',(-0.00302664066026444,-0.00330209366397947,0.00643254464478061));
#4948=CARTESIAN_POINT('',(-0.00332333833624245,-0.00239452646006029,0.0059058159805617));
#4949=CARTESIAN_POINT('',(-0.00332333833624246,-0.00239452646006028,0.0059058159805617));
#4950=CARTESIAN_POINT('',(-0.00336464325566663,-0.00227295432022585,0.00548475559386157));
#4951=CARTESIAN_POINT('',(-0.00335529786353769,-0.00214294531900264,0.00504565074064024));
#4952=CARTESIAN_POINT('',(-0.00316365145616969,-0.00199729302185074,0.00467379908747402));
#4953=CARTESIAN_POINT('',(-0.00316365145616976,-0.00199729302185033,0.00467379908747413));
#4954=CARTESIAN_POINT('',(-0.00320540485268393,-0.00177784180270006,0.00473547853632499));
#4955=CARTESIAN_POINT('',(-0.00318880784341211,-0.00186507069685208,0.0047109619225095));
#4956=CARTESIAN_POINT('',(-0.00315561379519615,-0.00203952864110481,0.00466192865104747));
#4957=CARTESIAN_POINT('',(-0.00310579848961248,-0.00230142343669743,0.00458831689607992));
#4958=CARTESIAN_POINT('',(-0.00305601072638863,-0.00256308135156482,0.00451477525866927));
#4959=CARTESIAN_POINT('',(-0.00300620958588,-0.00282485898270332,0.00444119812542864));
#4960=CARTESIAN_POINT('',(-0.00295641328294611,-0.00308658573690269,0.00436763630823713));
#4961=CARTESIAN_POINT('',(-0.00290661072907566,-0.00334837804591239,0.00429405506024831));
#4962=CARTESIAN_POINT('',(-0.00285681173992774,-0.00361013244738882,0.00422048489580353));
#4963=CARTESIAN_POINT('',(-0.00280701434951216,-0.00387187139286939,0.00414691943044852));
#4964=CARTESIAN_POINT('',(-0.00275721410527035,-0.00413364530844629,0.00407334280227978));
#4965=CARTESIAN_POINT('',(-0.00270741019358869,-0.00439543274125843,0.00399976363823585));
#4966=CARTESIAN_POINT('',(-0.00265761693828531,-0.00465714909549403,0.00392620400011831));
#4967=CARTESIAN_POINT('',(-0.00262441584079614,-0.00483166359979272,0.00387715425987875));
#4968=CARTESIAN_POINT('',(-0.00260781550413244,-0.00491891973718403,0.00385262970307729));
#4969=CARTESIAN_POINT('',(-0.00262264035389475,-0.00484099611856134,0.00387453122769354));
#4970=CARTESIAN_POINT('',(-0.00276929551509485,-0.00508239814014098,0.00459749817671663));
#4971=CARTESIAN_POINT('',(-0.00276815768924629,-0.00500751224268105,0.00434887741529647));
#4972=CARTESIAN_POINT('',(-0.0027366317039338,-0.00492762182127922,0.00409568005727924));
#4973=CARTESIAN_POINT('',(-0.00262264035389475,-0.00484099611856134,0.00387453122769354));
#4974=CARTESIAN_POINT('',(-0.00276929551509484,-0.00508239814014099,0.00459749817671665));
#4975=CARTESIAN_POINT('',(-0.00275482289593196,-0.0046783117832577,0.00585485123864641));
#4976=CARTESIAN_POINT('',(-0.00280485349337263,-0.00480928179596876,0.00543605469879365));
#4977=CARTESIAN_POINT('',(-0.00282002792333607,-0.00494238126546357,0.0050132941824547));
#4978=CARTESIAN_POINT('',(-0.00276929551509485,-0.00508239814014098,0.00459749817671665));
#4979=CARTESIAN_POINT('',(-0.00253959534574437,-0.00315619074539965,0.00375198349258617));
#4980=CARTESIAN_POINT('',(-0.00316371111502871,-0.00199729303301245,0.00467375870767406));
#4981=CARTESIAN_POINT('',(-0.00256615645289634,-0.00162351839385111,0.00379108944457168));
#4982=CARTESIAN_POINT('',(-0.00256628972208525,-0.00162351841897264,0.00379099924206869));
#4983=CARTESIAN_POINT('',(-0.00254346198307496,-0.00178356793398353,0.00375731679768239));
#4984=CARTESIAN_POINT('',(-0.00249858210218935,-0.0020871851600029,0.00369109325354637));
#4985=CARTESIAN_POINT('',(-0.00241932152812896,-0.00260793572736574,0.00357413421163222));
#4986=CARTESIAN_POINT('',(-0.00234645410742229,-0.00307877906789449,0.00346660689456958));
#4987=CARTESIAN_POINT('',(-0.00227501119144064,-0.00354063636207743,0.00336118171825572));
#4988=CARTESIAN_POINT('',(-0.00219594196525956,-0.00406092151894802,0.00324450525330218));
#4989=CARTESIAN_POINT('',(-0.00215083285578469,-0.00436716676437503,0.00317794376341638));
#4990=CARTESIAN_POINT('',(-0.00212751455224606,-0.00453140014949606,0.00314353769436874));
#4991=CARTESIAN_POINT('',(-0.00212772164022581,-0.00453140018844793,0.00314339752790111));
#4992=CARTESIAN_POINT('',(-0.0026223561341361,-0.00484099611319244,0.00387472358017174));
#4993=CARTESIAN_POINT('',(-0.00245740893788547,-0.004737797470321,0.00363099494819463));
#4994=CARTESIAN_POINT('',(-0.00229246174163454,-0.00463459882745103,0.00338726631621709));
#4995=CARTESIAN_POINT('',(-0.00212751454538305,-0.00453140018458388,0.00314353768423874));
#4996=CARTESIAN_POINT('',(-0.000884625071152637,-0.0032459065062168,0.0045911455621961));
#4997=CARTESIAN_POINT('',(-0.000718060717332477,-0.00453140443049007,0.00372728158863979));
#4998=CARTESIAN_POINT('',(-0.00077373409124929,-0.0046346020958905,0.00401626265775696));
#4999=CARTESIAN_POINT('',(-0.000829407465166093,-0.00473779976129108,0.00430524372687408));
#5000=CARTESIAN_POINT('',(-0.00088508083908289,-0.00484099742669175,0.00459422479599117));
#5001=CARTESIAN_POINT('',(-0.000718184596414393,-0.00453140443098999,0.00372725772265418));
#5002=CARTESIAN_POINT('',(-0.000718060718017814,-0.00453140442016346,0.00372728159219195));
#5003=CARTESIAN_POINT('',(-0.000723256062378577,-0.0044231894150129,0.0037541960716233));
#5004=CARTESIAN_POINT('',(-0.000731856469834009,-0.0042477343368138,0.00379875212819184));
#5005=CARTESIAN_POINT('',(-0.000743920548577711,-0.00400728038072021,0.00386125493101369));
#5006=CARTESIAN_POINT('',(-0.000755302868087955,-0.0037841804094992,0.00392022729172044));
#5007=CARTESIAN_POINT('',(-0.000760876143847043,-0.0036763312470744,0.00394910333145035));
#5008=CARTESIAN_POINT('',(-0.000772789331968075,-0.00344652602369068,0.00401082780466403));
#5009=CARTESIAN_POINT('',(-0.000792012118122489,-0.00307925181034011,0.00411042626430864));
#5010=CARTESIAN_POINT('',(-0.000811731852987011,-0.00270261804540121,0.00421259961029808));
#5011=CARTESIAN_POINT('',(-0.000823572111082752,-0.00247445502520563,0.00427394632464952));
#5012=CARTESIAN_POINT('',(-0.00082888790463302,-0.00237176602336253,0.00430148838704738));
#5013=CARTESIAN_POINT('',(-0.000840380516378646,-0.00214693831083878,0.00436103237154209));
#5014=CARTESIAN_POINT('',(-0.000852451701691751,-0.00190689943333668,0.00442357224195947));
#5015=CARTESIAN_POINT('',(-0.000861077271893941,-0.00173146663240168,0.00446825889866693));
#5016=CARTESIAN_POINT('',(-0.000866278508641056,-0.00162350997657507,0.00449520407415643));
#5017=CARTESIAN_POINT('',(-0.000866177319120718,-0.00162350996773216,0.00449522357183945));
#5018=CARTESIAN_POINT('',(-0.00086627850864027,-0.00162350997645831,0.0044952040741523));
#5019=CARTESIAN_POINT('',(0.,-0.0014897693055518,0.));
#5020=CARTESIAN_POINT('',(0.,-0.00239452646006029,0.));
#5021=CARTESIAN_POINT('',(-0.000866175956398017,-0.00162350996772972,0.00449522383441296));
#5022=CARTESIAN_POINT('',(-0.000832257367319962,-0.00156067557891141,0.00431927468945169));
#5023=CARTESIAN_POINT('',(-0.000673125106629128,-0.00150915218304963,0.00420227981588304));
#5024=CARTESIAN_POINT('',(-0.000487015156069405,-0.00150434225035679,0.00421000086315266));
#5025=CARTESIAN_POINT('',(-0.00265285585680727,-0.00150399582475389,0.00330382717814913));
#5026=CARTESIAN_POINT('',(-0.00249925118641581,-0.00150400623024843,0.00342720432797749));
#5027=CARTESIAN_POINT('',(-0.00246003605625296,-0.00155713213322067,0.00363431040430349));
#5028=CARTESIAN_POINT('',(-0.00256615543526427,-0.00162351839385751,0.00379109013342005));
#5029=CARTESIAN_POINT('',(0.,-0.00442026338698825,0.));
#5030=CARTESIAN_POINT('',(0.,-0.00508239814014098,0.));
#5031=CARTESIAN_POINT('',(-0.00212772231322447,-0.00453140018845014,0.0031433970723653));
#5032=CARTESIAN_POINT('',(-0.0020395916214775,-0.00447626402114691,0.00301318233570702));
#5033=CARTESIAN_POINT('',(-0.00207202016061995,-0.00443206402700535,0.00284102144226516));
#5034=CARTESIAN_POINT('',(-0.00219975137871365,-0.00443205722451462,0.00273838994413));
#5035=CARTESIAN_POINT('',(-0.00038086206528613,-0.00443205721450625,0.00349179459604754));
#5036=CARTESIAN_POINT('',(-0.000543645707403394,-0.00443206515783161,0.00347406201025135));
#5037=CARTESIAN_POINT('',(-0.000688407967651998,-0.00447622538846304,0.00357274327672923));
#5038=CARTESIAN_POINT('',(-0.000718185355899367,-0.00453140443099805,0.00372725757633657));
#5039=CARTESIAN_POINT('',(0.,-0.00518892865917925,0.));
#5040=CARTESIAN_POINT('',(0.,-0.00370049241102682,0.));
#5041=CARTESIAN_POINT('',(-0.00643658728429844,-0.00329246566988466,0.00302854299268016));
#5042=CARTESIAN_POINT('',(-0.00640916519562468,-0.00335779258862302,0.00301564038688173));
#5043=CARTESIAN_POINT('',(-0.00634666101249344,-0.00350669406450244,0.00298623080960804));
#5044=CARTESIAN_POINT('',(-0.00624907047830908,-0.00373917917443831,0.00294031196799084));
#5045=CARTESIAN_POINT('',(-0.00614384146980253,-0.00398986168184311,0.00289079919610495));
#5046=CARTESIAN_POINT('',(-0.00603858079761499,-0.00424062036171671,0.00284127175399679));
#5047=CARTESIAN_POINT('',(-0.00594107136934343,-0.00447291493732301,0.00279539192082685));
#5048=CARTESIAN_POINT('',(-0.00587866940423496,-0.00462157201766992,0.0027660300521374));
#5049=CARTESIAN_POINT('',(-0.00585134110125728,-0.0046866754846173,0.0027531715525249));
#5050=CARTESIAN_POINT('',(-0.00649868246911498,-0.00329293627362892,0.0028919275126577));
#5051=CARTESIAN_POINT('',(-0.00647099695699083,-0.00335825453122843,0.00287961146343468));
#5052=CARTESIAN_POINT('',(-0.00640788978691869,-0.00350716104115454,0.0028515183810257));
#5053=CARTESIAN_POINT('',(-0.00630933205426644,-0.00373977743978393,0.00280758235096727));
#5054=CARTESIAN_POINT('',(-0.00620308062481016,-0.00399033982577367,0.00276043681646686));
#5055=CARTESIAN_POINT('',(-0.0060967914243985,-0.00424114437309195,0.00271311600597435));
#5056=CARTESIAN_POINT('',(-0.00599835549686165,-0.00447338790541526,0.00266932102439956));
#5057=CARTESIAN_POINT('',(-0.00593532993743941,-0.00462210580540272,0.00264126169899044));
#5058=CARTESIAN_POINT('',(-0.00590773769048581,-0.00468720381811778,0.00262898750865969));
#5059=CARTESIAN_POINT('',(-0.00654360300281554,-0.00329287501777579,0.00279039225374725));
#5060=CARTESIAN_POINT('',(-0.00651572414852853,-0.00335819864335332,0.0027785079641773));
#5061=CARTESIAN_POINT('',(-0.00645218407679581,-0.0035071113284263,0.00275138565515739));
#5062=CARTESIAN_POINT('',(-0.00635299564863864,-0.00373957770189718,0.0027090351745309));
#5063=CARTESIAN_POINT('',(-0.00624591352122832,-0.00399044402848623,0.0026634442718603));
#5064=CARTESIAN_POINT('',(-0.0061389170699966,-0.00424116938800355,0.00261780854008004));
#5065=CARTESIAN_POINT('',(-0.00603978950961291,-0.00447344006698783,0.00257554899781516));
#5066=CARTESIAN_POINT('',(-0.00597633833624137,-0.0046221344541868,0.00254847718821078));
#5067=CARTESIAN_POINT('',(-0.00594855680778773,-0.00468722883848646,0.00253663534713544));
#5068=CARTESIAN_POINT('',(-0.00660005387780224,-0.00329293157033272,0.00265388846494267));
#5069=CARTESIAN_POINT('',(-0.00657193759948584,-0.0033582544930966,0.00264257880127181));
#5070=CARTESIAN_POINT('',(-0.00650783670128503,-0.00350715108932409,0.00261683049198422));
#5071=CARTESIAN_POINT('',(-0.00640773938983146,-0.00373965521958895,0.00257663419834456));
#5072=CARTESIAN_POINT('',(-0.00629982009280552,-0.00399043196929766,0.00253316860375119));
#5073=CARTESIAN_POINT('',(-0.00619188389459596,-0.00424118183308416,0.00248977630343759));
#5074=CARTESIAN_POINT('',(-0.00609190921418042,-0.00447345158902018,0.00244956511396644));
#5075=CARTESIAN_POINT('',(-0.00602790521956851,-0.00462213432514397,0.00242384301831554));
#5076=CARTESIAN_POINT('',(-0.00599988148016435,-0.00468724343683343,0.00241256966256087));
#5077=CARTESIAN_POINT('',(-0.00664066374019798,-0.00329279944928697,0.00254919671743391));
#5078=CARTESIAN_POINT('',(-0.00661237715631796,-0.00335811598178243,0.00253833428741874));
#5079=CARTESIAN_POINT('',(-0.00654784817244347,-0.00350708285085966,0.00251360797871647));
#5080=CARTESIAN_POINT('',(-0.00644714584589425,-0.00373958915955238,0.00247497345287008));
#5081=CARTESIAN_POINT('',(-0.00633849820576303,-0.00399045770729026,0.00243327303832624));
#5082=CARTESIAN_POINT('',(-0.00622991499798485,-0.00424118132493616,0.00239158335585983));
#5083=CARTESIAN_POINT('',(-0.00612932277464938,-0.00447345972222292,0.00235295526743512));
#5084=CARTESIAN_POINT('',(-0.00606492721646967,-0.0046221379767294,0.00232825066466811));
#5085=CARTESIAN_POINT('',(-0.00603673814549877,-0.00468723098137301,0.00231742343284812));
#5086=CARTESIAN_POINT('',(-0.00669288360585626,-0.00329240360806517,0.00240986091794974));
#5087=CARTESIAN_POINT('',(-0.00666436898946756,-0.00335773237527882,0.0023995937930525));
#5088=CARTESIAN_POINT('',(-0.00659937088991931,-0.00350664620226939,0.00237619050289109));
#5089=CARTESIAN_POINT('',(-0.00649790546180496,-0.00373910470087011,0.00233965712400724));
#5090=CARTESIAN_POINT('',(-0.00638846605417026,-0.00398983537157685,0.00230025270685791));
#5091=CARTESIAN_POINT('',(-0.00627901361487136,-0.00424059627298067,0.00226084284898414));
#5092=CARTESIAN_POINT('',(-0.00617762385210944,-0.00447288640335727,0.00222433599011261));
#5093=CARTESIAN_POINT('',(-0.0061127343806019,-0.0046215500325849,0.00220097198762293));
#5094=CARTESIAN_POINT('',(-0.00608431890542125,-0.00468665141360429,0.00219074061976716));
#5095=CARTESIAN_POINT('',(-0.00668865404900438,-0.0033020937841602,0.00240833800201306));
#5096=CARTESIAN_POINT('',(-0.00661196686100773,-0.00329894025802912,0.00261791173543463));
#5097=CARTESIAN_POINT('',(-0.00652651072443949,-0.00329894403310333,0.0028242246567106));
#5098=CARTESIAN_POINT('',(-0.00643254509878016,-0.00330209525998649,0.00302664106816489));
#5099=CARTESIAN_POINT('',(-0.00668865407369749,-0.00330209366397947,0.00240833780352167));
#5100=CARTESIAN_POINT('',(-0.00643254497586781,-0.00330209513981536,0.00302664122602748));
#5101=CARTESIAN_POINT('',(-0.00704513825619011,-0.00248537125588194,0.00253669456130912));
#5102=CARTESIAN_POINT('',(-0.0070086584874505,-0.0025689471501547,0.00252355987921009));
#5103=CARTESIAN_POINT('',(-0.00693569888475239,-0.00273609908811804,0.0024972904915297));
#5104=CARTESIAN_POINT('',(-0.00682625580744934,-0.00298683747981931,0.00245788438987329));
#5105=CARTESIAN_POINT('',(-0.00671679599468461,-0.00323761933848118,0.00241847074097122));
#5106=CARTESIAN_POINT('',(-0.00660734023378844,-0.00348838834099508,0.00237905992417514));
#5107=CARTESIAN_POINT('',(-0.00649790546180496,-0.00373910470087011,0.00233965712400724));
#5108=CARTESIAN_POINT('',(-0.00638846605417026,-0.00398983537157685,0.00230025270685791));
#5109=CARTESIAN_POINT('',(-0.00627901361487136,-0.00424059627298067,0.00226084284898414));
#5110=CARTESIAN_POINT('',(-0.00616955548825246,-0.00449137151705325,0.00222143085834558));
#5111=CARTESIAN_POINT('',(-0.00606012513688693,-0.0047420791299295,0.00218202961867529));
#5112=CARTESIAN_POINT('',(-0.00595063997637538,-0.00499292255495025,0.00214260670547796));
#5113=CARTESIAN_POINT('',(-0.0058412224383449,-0.00524359711079344,0.00210321035607069));
#5114=CARTESIAN_POINT('',(-0.00576824478086938,-0.00541079430527693,0.00207693374824169));
#5115=CARTESIAN_POINT('',(-0.00573175641829592,-0.00549439183450192,0.00206379561217604));
#5116=CARTESIAN_POINT('',(-0.00608795896436678,-0.0046783117832577,0.00219205106300389));
#5117=CARTESIAN_POINT('',(-0.00585485206742506,-0.00467831140949544,0.00275482353183199));
#5118=CARTESIAN_POINT('',(-0.00593873204918167,-0.00467935979682294,0.00256982827082898));
#5119=CARTESIAN_POINT('',(-0.00601646700669443,-0.00467935902892735,0.00238216334354076));
#5120=CARTESIAN_POINT('',(-0.00608795901127507,-0.00467831173926693,0.00219205128732176));
#5121=CARTESIAN_POINT('',(-0.00585485187558215,-0.00467831145351917,0.00275482365718933));
#5122=CARTESIAN_POINT('',(-0.0067753568608692,-0.00248542539196614,0.00318794124946672));
#5123=CARTESIAN_POINT('',(-0.00674027751143468,-0.00256899309894843,0.00317143547728847));
#5124=CARTESIAN_POINT('',(-0.00667011874985043,-0.00273612866231618,0.00313842390342276));
#5125=CARTESIAN_POINT('',(-0.00656486269292151,-0.00298687654721037,0.00308889867176565));
#5126=CARTESIAN_POINT('',(-0.00645957948845957,-0.00323769194115919,0.00303936160353279));
#5127=CARTESIAN_POINT('',(-0.00635432585537997,-0.00348843407485003,0.00298983752986047));
#5128=CARTESIAN_POINT('',(-0.00624907032103089,-0.00373917913618598,0.00294031210969242));
#5129=CARTESIAN_POINT('',(-0.00614384131248727,-0.00398986164357685,0.00289079933768942));
#5130=CARTESIAN_POINT('',(-0.00603858064031554,-0.00424062032345564,0.00284127189561559));
#5131=CARTESIAN_POINT('',(-0.00593331163625675,-0.00449140036652078,0.00279174105095543));
#5132=CARTESIAN_POINT('',(-0.00582807710229573,-0.00474209496536581,0.00274222511676648));
#5133=CARTESIAN_POINT('',(-0.00572276072073037,-0.00499299333335908,0.00269267397274801));
#5134=CARTESIAN_POINT('',(-0.00561754123840222,-0.00524364921480982,0.00264316418920832));
#5135=CARTESIAN_POINT('',(-0.00554737937524198,-0.00541079289939498,0.00261015140727931));
#5136=CARTESIAN_POINT('',(-0.00551229889183952,-0.00549436367401262,0.00259364522719277));
#5137=CARTESIAN_POINT('',(-0.0046862159809335,-0.00195311387246299,0.00317205730662831));
#5138=CARTESIAN_POINT('',(-0.00467811589131562,-0.00198193312393686,0.00316657454557909));
#5139=CARTESIAN_POINT('',(-0.00464549057340188,-0.00209801020130025,0.00314449140304729));
#5140=CARTESIAN_POINT('',(-0.00458833618975796,-0.00230135556745337,0.00310580704516251));
#5141=CARTESIAN_POINT('',(-0.00451475426295732,-0.0025631516269704,0.00305600289640523));
#5142=CARTESIAN_POINT('',(-0.0044411866552678,-0.00282489626513942,0.00300620569307649));
#5143=CARTESIAN_POINT('',(-0.00436762168655098,-0.00308663358306569,0.00295640827653508));
#5144=CARTESIAN_POINT('',(-0.00429404583797234,-0.00334840839245663,0.00290660743508034));
#5145=CARTESIAN_POINT('',(-0.00422048545290389,-0.00361012992384716,0.00285681216746053));
#5146=CARTESIAN_POINT('',(-0.00414691114645425,-0.00387189810711093,0.00280701171229697));
#5147=CARTESIAN_POINT('',(-0.0040733318194924,-0.00413368181320877,0.00275720976817356));
#5148=CARTESIAN_POINT('',(-0.00399978256133544,-0.00439536833480558,0.00270741828154229));
#5149=CARTESIAN_POINT('',(-0.00393145907287297,-0.00463845181270102,0.00266117161790709));
#5150=CARTESIAN_POINT('',(-0.00388764307186452,-0.00479434408562342,0.00263151553884948));
#5151=CARTESIAN_POINT('',(-0.00386835696325049,-0.00486296192919105,0.00261846216317368));
#5152=CARTESIAN_POINT('',(-0.00471620748144012,-0.00196387580545145,0.00318755468225066));
#5153=CARTESIAN_POINT('',(-0.00470806672654767,-0.00199267824326212,0.00318205090534436));
#5154=CARTESIAN_POINT('',(-0.00467536095574397,-0.00210872117433187,0.00315992622744418));
#5155=CARTESIAN_POINT('',(-0.00461894357655998,-0.00231236043099158,0.00312162327975425));
#5156=CARTESIAN_POINT('',(-0.00453946093764083,-0.00257200843557898,0.00306876995100806));
#5157=CARTESIAN_POINT('',(-0.00448572856272599,-0.00284088440056896,0.00302922250571143));
#5158=CARTESIAN_POINT('',(-0.004411244534772,-0.00310229521985956,0.0029789503337398));
#5159=CARTESIAN_POINT('',(-0.00431743964781542,-0.00335678682070951,0.00291869635057613));
#5160=CARTESIAN_POINT('',(-0.00424870112029696,-0.00362024480555377,0.00287139291548798));
#5161=CARTESIAN_POINT('',(-0.00417323609271115,-0.00388133480519675,0.00282061526311748));
#5162=CARTESIAN_POINT('',(-0.00409955743350167,-0.00414310795593544,0.00277076307738617));
#5163=CARTESIAN_POINT('',(-0.00402544133037789,-0.00440456599346481,0.00272067854865263));
#5164=CARTESIAN_POINT('',(-0.00395669011049624,-0.00464754725373628,0.00267421053904172));
#5165=CARTESIAN_POINT('',(-0.00391260292853912,-0.0048033182568298,0.00264441465577048));
#5166=CARTESIAN_POINT('',(-0.00389319758591559,-0.00487188041515485,0.00263129983251914));
#5167=CARTESIAN_POINT('',(-0.00474766061889876,-0.00197542384669303,0.00320220675497375));
#5168=CARTESIAN_POINT('',(-0.00473946803701016,-0.00200420813986699,0.00319667933933523));
#5169=CARTESIAN_POINT('',(-0.00470657702668107,-0.00212018398921482,0.0031744737805715));
#5170=CARTESIAN_POINT('',(-0.0046500827875422,-0.00232376894602416,0.00313618011220241));
#5171=CARTESIAN_POINT('',(-0.00456867899984213,-0.00258256704449493,0.00308220584644595));
#5172=CARTESIAN_POINT('',(-0.00451978964337517,-0.00285373023640206,0.00304576042599186));
#5173=CARTESIAN_POINT('',(-0.00444468543825877,-0.00311492207022026,0.0029951807749862));
#5174=CARTESIAN_POINT('',(-0.00434519147794678,-0.00336681619579483,0.00293145530762275));
#5175=CARTESIAN_POINT('',(-0.00427734908699942,-0.00363074774566983,0.00288478941609677));
#5176=CARTESIAN_POINT('',(-0.00420103090312613,-0.00389143736068082,0.00283355428691916));
#5177=CARTESIAN_POINT('',(-0.00412695179595178,-0.00415309608151137,0.00278353196404153));
#5178=CARTESIAN_POINT('',(-0.00405231990667225,-0.00441434457649399,0.00273320291344369));
#5179=CARTESIAN_POINT('',(-0.00398310035436297,-0.00465721338876493,0.00268651750349596));
#5180=CARTESIAN_POINT('',(-0.00393872882676784,-0.00481285782885939,0.00265658914219571));
#5181=CARTESIAN_POINT('',(-0.00391919898854127,-0.0048813620245772,0.00264341629464135));
#5182=CARTESIAN_POINT('',(-0.00481372476613355,-0.0019997331680074,0.00322972135864948));
#5183=CARTESIAN_POINT('',(-0.00480541569996251,-0.00202846945603692,0.00322414570187036));
#5184=CARTESIAN_POINT('',(-0.00477202694991664,-0.00214424547932222,0.00320173566159335));
#5185=CARTESIAN_POINT('',(-0.0047143597963532,-0.0023474121885218,0.00316297655947986));
#5186=CARTESIAN_POINT('',(-0.00463372785740841,-0.00260640451496805,0.00310921010978843));
#5187=CARTESIAN_POINT('',(-0.00457706439829764,-0.00287494741722092,0.00306995448502034));
#5188=CARTESIAN_POINT('',(-0.00450106962760587,-0.00313585783123153,0.00301899198951869));
#5189=CARTESIAN_POINT('',(-0.00440708501832932,-0.0033894167440711,0.00295715112792228));
#5190=CARTESIAN_POINT('',(-0.0043364548008783,-0.00365241417954842,0.00290943377442874));
#5191=CARTESIAN_POINT('',(-0.00425956884996927,-0.00391287575596456,0.00285793241731693));
#5192=CARTESIAN_POINT('',(-0.00418433460257397,-0.00417408859097113,0.0028074373737144));
#5193=CARTESIAN_POINT('',(-0.00410869348367942,-0.00443498966647466,0.00275668628568848));
#5194=CARTESIAN_POINT('',(-0.00403850923153718,-0.00467748133544231,0.00270959795681792));
#5195=CARTESIAN_POINT('',(-0.00399353263928344,-0.00483288661740935,0.00267941770560605));
#5196=CARTESIAN_POINT('',(-0.0039737370380794,-0.00490128565695776,0.00266613425510516));
#5197=CARTESIAN_POINT('',(-0.0048482428244793,-0.0020124164626245,0.00324252198531922));
#5198=CARTESIAN_POINT('',(-0.00483988163710322,-0.00204113169461566,0.00323692612622046));
#5199=CARTESIAN_POINT('',(-0.00480633857656754,-0.00215684389684997,0.00321444810979984));
#5200=CARTESIAN_POINT('',(-0.00474898706097703,-0.00236011990491092,0.00317571102957634));
#5201=CARTESIAN_POINT('',(-0.00466419503662436,-0.002617654528335,0.00312086697633674));
#5202=CARTESIAN_POINT('',(-0.00462050770924203,-0.00289068326582277,0.00308468736360639));
#5203=CARTESIAN_POINT('',(-0.00454366381289961,-0.00315131005402109,0.00303344920011099));
#5204=CARTESIAN_POINT('',(-0.00443600543962602,-0.00340004916561159,0.00296822674644028));
#5205=CARTESIAN_POINT('',(-0.00436835183340703,-0.00366408325617945,0.00292116070311906));
#5206=CARTESIAN_POINT('',(-0.00428997653618768,-0.0039240263867458,0.00286922818769147));
#5207=CARTESIAN_POINT('',(-0.00421445532523441,-0.00418511740903319,0.00281859478196746));
#5208=CARTESIAN_POINT('',(-0.00413820011241263,-0.00444580740044243,0.00276762467123905));
#5209=CARTESIAN_POINT('',(-0.00406753879658779,-0.00468808362060494,0.00272035747403958));
#5210=CARTESIAN_POINT('',(-0.00402224093258017,-0.00484337208818321,0.00269005793642197));
#5211=CARTESIAN_POINT('',(-0.00400230328525597,-0.00491172059468424,0.00267672179111986));
#5212=CARTESIAN_POINT('',(-0.00495704807205964,-0.00205168505159328,0.0032781155583948));
#5213=CARTESIAN_POINT('',(-0.00494850837626673,-0.00208034131435886,0.0032724576234886));
#5214=CARTESIAN_POINT('',(-0.00491433615231364,-0.00219583972010494,0.00324973040969081));
#5215=CARTESIAN_POINT('',(-0.00485682876123447,-0.00239899105653847,0.00321056551749212));
#5216=CARTESIAN_POINT('',(-0.00476461112851185,-0.00265411040564398,0.00315513985508166));
#5217=CARTESIAN_POINT('',(-0.00474055321441064,-0.0029332890452599,0.0031184819873454));
#5218=CARTESIAN_POINT('',(-0.00466153437588271,-0.00319312872318896,0.00306668462664482));
#5219=CARTESIAN_POINT('',(-0.0045313916291693,-0.00343468975646637,0.00300082175793629));
#5220=CARTESIAN_POINT('',(-0.00446759311923977,-0.00369987583507263,0.0029532179314554));
#5221=CARTESIAN_POINT('',(-0.00438601144333055,-0.00395874812751921,0.00290071846385215));
#5222=CARTESIAN_POINT('',(-0.00430918907697508,-0.00421931763522715,0.00284953232374478));
#5223=CARTESIAN_POINT('',(-0.0042311198816001,-0.00447934891070567,0.0027980039340237));
#5224=CARTESIAN_POINT('',(-0.00415890310017697,-0.00472103283951253,0.0027502203784917));
#5225=CARTESIAN_POINT('',(-0.00411259093581703,-0.00487596752961504,0.00271958800946885));
#5226=CARTESIAN_POINT('',(-0.00409220613807637,-0.00494416139596998,0.002706105294697));
#5227=CARTESIAN_POINT('',(-0.00503562225679074,-0.00207918397054084,0.00329751380887638));
#5228=CARTESIAN_POINT('',(-0.00502694694780226,-0.00210779192590281,0.0032918201961738));
#5229=CARTESIAN_POINT('',(-0.0049922284209111,-0.00222309541441714,0.00326893143270733));
#5230=CARTESIAN_POINT('',(-0.00493376311043847,-0.00242590164170819,0.00322929550988388));
#5231=CARTESIAN_POINT('',(-0.00484029579372625,-0.00268068249628952,0.00317470870331679));
#5232=CARTESIAN_POINT('',(-0.0048150638957714,-0.00295907382330817,0.00313347623505188));
#5233=CARTESIAN_POINT('',(-0.00473483333533466,-0.0032184389415216,0.00308147859032866));
#5234=CARTESIAN_POINT('',(-0.00460333633008307,-0.00346006476913283,0.00301944368569818));
#5235=CARTESIAN_POINT('',(-0.00453833295150828,-0.00372469944588642,0.00297042714124002));
#5236=CARTESIAN_POINT('',(-0.00445550797260941,-0.00398317811534715,0.00291791971218478));
#5237=CARTESIAN_POINT('',(-0.0043774605850965,-0.00424328378481603,0.00286635279370434));
#5238=CARTESIAN_POINT('',(-0.00429812943917628,-0.00450298147330341,0.00281453005325879));
#5239=CARTESIAN_POINT('',(-0.00422476107968834,-0.00474427620104979,0.00276645729719357));
#5240=CARTESIAN_POINT('',(-0.00417772559164504,-0.00489892766913186,0.00273564610636499));
#5241=CARTESIAN_POINT('',(-0.00415702304356284,-0.0049669954798185,0.00272208495620744));
#5242=CARTESIAN_POINT('',(-0.00528811034147159,-0.002166217067433,0.0033421436775665));
#5243=CARTESIAN_POINT('',(-0.00527899251081344,-0.00219467407928939,0.00333636805908652));
#5244=CARTESIAN_POINT('',(-0.0052424482503454,-0.00230935065123195,0.00331311200878671));
#5245=CARTESIAN_POINT('',(-0.00518032778681686,-0.00251085898052877,0.00327244301505153));
#5246=CARTESIAN_POINT('',(-0.00508572113559142,-0.00276540838050571,0.00321955252730281));
#5247=CARTESIAN_POINT('',(-0.00504596248969556,-0.00303822051071858,0.0031686624094071));
#5248=CARTESIAN_POINT('',(-0.0049619976593516,-0.00329629545146278,0.00311615902016491));
#5249=CARTESIAN_POINT('',(-0.00483679964198001,-0.00354072379320097,0.00306214382576018));
#5250=CARTESIAN_POINT('',(-0.00476507931414077,-0.00380288287389979,0.00301009003310569));
#5251=CARTESIAN_POINT('',(-0.00467902961660593,-0.00406028402094201,0.00295750989370472));
#5252=CARTESIAN_POINT('',(-0.00459681657888107,-0.00431895821518852,0.00290507321531123));
#5253=CARTESIAN_POINT('',(-0.00451356857093611,-0.00457732816353668,0.00285259282526908));
#5254=CARTESIAN_POINT('',(-0.00443651593092538,-0.00481731174257386,0.00280386525373965));
#5255=CARTESIAN_POINT('',(-0.00438710882190513,-0.00497118786230808,0.00277262807650491));
#5256=CARTESIAN_POINT('',(-0.00436536201018146,-0.00503891710640201,0.00275887917303739));
#5257=CARTESIAN_POINT('',(-0.00547570902895595,-0.00222945791182858,0.00335120750680474));
#5258=CARTESIAN_POINT('',(-0.00546625265269805,-0.00225779981758614,0.00334541519930641));
#5259=CARTESIAN_POINT('',(-0.00542822822406622,-0.00237197486335147,0.00332208321416988));
#5260=CARTESIAN_POINT('',(-0.00536228655600906,-0.0025722052765174,0.00328118938099364));
#5261=CARTESIAN_POINT('',(-0.00527224366511092,-0.00282823582411527,0.00322871675625231));
#5262=CARTESIAN_POINT('',(-0.00520149580800281,-0.00309081236820425,0.0031755909968552));
#5263=CARTESIAN_POINT('',(-0.00511520542234519,-0.00334812301511538,0.00312298991816177));
#5264=CARTESIAN_POINT('',(-0.00501438384556526,-0.00360048106025111,0.00307088506136898));
#5265=CARTESIAN_POINT('',(-0.00493239858157126,-0.003859249342203,0.00301813887107128));
#5266=CARTESIAN_POINT('',(-0.00484536430067209,-0.00411630146451496,0.00296556416023865));
#5267=CARTESIAN_POINT('',(-0.00475968474636252,-0.00437380715425654,0.00291294501294128));
#5268=CARTESIAN_POINT('',(-0.0046736418771751,-0.00463119416755226,0.00286033684572317));
#5269=CARTESIAN_POINT('',(-0.00459381835042105,-0.00487026158484433,0.00281147620601863));
#5270=CARTESIAN_POINT('',(-0.00454264726344177,-0.00502353765331192,0.0027801502141046));
#5271=CARTESIAN_POINT('',(-0.00452012455502439,-0.00509100225988361,0.00276636207385558));
#5272=CARTESIAN_POINT('',(-0.00584728806677226,-0.00235565523234974,0.00333883537133736));
#5273=CARTESIAN_POINT('',(-0.00583717358554752,-0.0023837742636638,0.00333306479903843));
#5274=CARTESIAN_POINT('',(-0.00579636845211136,-0.00249700705526376,0.00330982482416097));
#5275=CARTESIAN_POINT('',(-0.0057241858240038,-0.00269511728791412,0.00326913922492557));
#5276=CARTESIAN_POINT('',(-0.00563669800853999,-0.00295201570843087,0.00321657544214845));
#5277=CARTESIAN_POINT('',(-0.00552882208899567,-0.00320198617947863,0.00316470370435642));
#5278=CARTESIAN_POINT('',(-0.00543736388326824,-0.00345754527529592,0.00311227291330739));
#5279=CARTESIAN_POINT('',(-0.00536127698203031,-0.00371828953607869,0.0030593271992369));
#5280=CARTESIAN_POINT('',(-0.0052652714651175,-0.00397230002746778,0.00300705136105897));
#5281=CARTESIAN_POINT('',(-0.00517460293470974,-0.00422812047451584,0.00295459506405779));
#5282=CARTESIAN_POINT('',(-0.00508251231321882,-0.00448343688751212,0.00290219055453337));
#5283=CARTESIAN_POINT('',(-0.00499079383773357,-0.00473890558601243,0.0028497690872505));
#5284=CARTESIAN_POINT('',(-0.00490552543568897,-0.00497613396622226,0.00280108745702791));
#5285=CARTESIAN_POINT('',(-0.00485085694011386,-0.00512820606039799,0.0027698796492495));
#5286=CARTESIAN_POINT('',(-0.0048267945759359,-0.00519513970568325,0.00275614366923804));
#5287=CARTESIAN_POINT('',(-0.00601505229159695,-0.00241282197382895,0.00331787602279021));
#5288=CARTESIAN_POINT('',(-0.00600464798101364,-0.0024408406892308,0.00331214325656745));
#5289=CARTESIAN_POINT('',(-0.00596267683353459,-0.00255367026037471,0.00328906520927308));
#5290=CARTESIAN_POINT('',(-0.00588846578379587,-0.00275108285031857,0.00324876497722799));
#5291=CARTESIAN_POINT('',(-0.00579826655754379,-0.0030070899041517,0.00319589586370671));
#5292=CARTESIAN_POINT('',(-0.0056880253287023,-0.00325615517713591,0.00314672304908545));
#5293=CARTESIAN_POINT('',(-0.00559393581563565,-0.00351082986587077,0.00309456791158147));
#5294=CARTESIAN_POINT('',(-0.00551489236566708,-0.00377063290540703,0.00303965579652242));
#5295=CARTESIAN_POINT('',(-0.00541634168526054,-0.0040237579561737,0.00298832451287423));
#5296=CARTESIAN_POINT('',(-0.00532301900441318,-0.00427867817407721,0.00293603233790793));
#5297=CARTESIAN_POINT('',(-0.00522828782654762,-0.00453309778500235,0.00288400297179279));
#5298=CARTESIAN_POINT('',(-0.00513393351294414,-0.00478767530914648,0.00283189811731602));
#5299=CARTESIAN_POINT('',(-0.00504623154565895,-0.00502406397169872,0.00278352414155171));
#5300=CARTESIAN_POINT('',(-0.00499000013880103,-0.00517561074623852,0.00275251281878393));
#5301=CARTESIAN_POINT('',(-0.00496524974793763,-0.00524231371239701,0.00273886329015077));
#5302=CARTESIAN_POINT('',(-0.00626471971893183,-0.00249899961104701,0.00327184199386878));
#5303=CARTESIAN_POINT('',(-0.00625389592220631,-0.00252687550567854,0.0032661861166727));
#5304=CARTESIAN_POINT('',(-0.00621033387021911,-0.00263916287041537,0.00324339979336021));
#5305=CARTESIAN_POINT('',(-0.00613437549029075,-0.00283597370393681,0.00320342133113215));
#5306=CARTESIAN_POINT('',(-0.00603388265522267,-0.00308841612824227,0.00315245063505673));
#5307=CARTESIAN_POINT('',(-0.00594353023032576,-0.00334436320555099,0.00309961164328773));
#5308=CARTESIAN_POINT('',(-0.00584500490042709,-0.00359747905857525,0.00304827945848989));
#5309=CARTESIAN_POINT('',(-0.00573887002788645,-0.00384799677415943,0.00299834378017843));
#5310=CARTESIAN_POINT('',(-0.00564260185903218,-0.00410189529641473,0.00294659534568761));
#5311=CARTESIAN_POINT('',(-0.0055436900581347,-0.00435488364018727,0.00289533340192192));
#5312=CARTESIAN_POINT('',(-0.00544549139260396,-0.00460812452923149,0.00284393919122066));
#5313=CARTESIAN_POINT('',(-0.00534710210899424,-0.00486128401391591,0.00279258280589529));
#5314=CARTESIAN_POINT('',(-0.0052557653291189,-0.00509641450965026,0.00274487955001908));
#5315=CARTESIAN_POINT('',(-0.00519720437880866,-0.00524717812313198,0.00271429297485283));
#5316=CARTESIAN_POINT('',(-0.00517142867388976,-0.00531353735354452,0.00270083018065628));
#5317=CARTESIAN_POINT('',(-0.00634782316361335,-0.00252784966439974,0.00325322848255759));
#5318=CARTESIAN_POINT('',(-0.00633686129671068,-0.00255567897486147,0.00324760337831056));
#5319=CARTESIAN_POINT('',(-0.00629278941988435,-0.00266779512120202,0.00322493148888526));
#5320=CARTESIAN_POINT('',(-0.00621642556819875,-0.00286447890488049,0.0031850532838293));
#5321=CARTESIAN_POINT('',(-0.00611164823745676,-0.00311536559355971,0.00313499636340929));
#5322=CARTESIAN_POINT('',(-0.00603114280527428,-0.00337492976972499,0.00308013533213976));
#5323=CARTESIAN_POINT('',(-0.00593107615194325,-0.00362749880283541,0.00302914566042114));
#5324=CARTESIAN_POINT('',(-0.00581277621065936,-0.00387364432872737,0.00298174825240191));
#5325=CARTESIAN_POINT('',(-0.00571811120537274,-0.00412814179950996,0.00292969019856418));
#5326=CARTESIAN_POINT('',(-0.00561711500006431,-0.00438039133238785,0.00287888261598463));
#5327=CARTESIAN_POINT('',(-0.00551781915487756,-0.00463326676116049,0.00282773546279348));
#5328=CARTESIAN_POINT('',(-0.0054180767836936,-0.00488593078267415,0.00277668665763242));
#5329=CARTESIAN_POINT('',(-0.00532553290663632,-0.00512065482040054,0.0027292508850602));
#5330=CARTESIAN_POINT('',(-0.00526619482883249,-0.00527115276907651,0.00269883756294654));
#5331=CARTESIAN_POINT('',(-0.00524007693768336,-0.00533739485699654,0.00268545109906804));
#5332=CARTESIAN_POINT('',(-0.00651956205694437,-0.00258803385475688,0.00320965706923002));
#5333=CARTESIAN_POINT('',(-0.00650829880620717,-0.00261575699020941,0.00320410815139163));
#5334=CARTESIAN_POINT('',(-0.00646297441497202,-0.00272743228703244,0.00318174945383841));
#5335=CARTESIAN_POINT('',(-0.0063840096194369,-0.00292320470505165,0.00314248660031606));
#5336=CARTESIAN_POINT('',(-0.00627902072112617,-0.00317401396173271,0.00309270288637203));
#5337=CARTESIAN_POINT('',(-0.00618654319413214,-0.00342939100217616,0.00304005968420852));
#5338=CARTESIAN_POINT('',(-0.00608393678326356,-0.00368109951284743,0.0029897250859079));
#5339=CARTESIAN_POINT('',(-0.00597203739261212,-0.00392942238651078,0.00294151513597864));
#5340=CARTESIAN_POINT('',(-0.00587224184414938,-0.0041821346551614,0.00289054279277206));
#5341=CARTESIAN_POINT('',(-0.00576919986265194,-0.00443367348547274,0.00284031006977164));
#5342=CARTESIAN_POINT('',(-0.00566704788510551,-0.00468551503846433,0.00278987998947468));
#5343=CARTESIAN_POINT('',(-0.00556464776460756,-0.00493727455784502,0.00273950312854842));
#5344=CARTESIAN_POINT('',(-0.00546958752748028,-0.00517111949454794,0.00269270466044454));
#5345=CARTESIAN_POINT('',(-0.0054086531235935,-0.00532103563150749,0.00266270178858419));
#5346=CARTESIAN_POINT('',(-0.00538183331276846,-0.00538702088138316,0.00264949606130125));
#5347=CARTESIAN_POINT('',(-0.00660824473818497,-0.00261947092254336,0.00318458695992915));
#5348=CARTESIAN_POINT('',(-0.0065968251581317,-0.00264713553586889,0.00317908264556798));
#5349=CARTESIAN_POINT('',(-0.00655083831830519,-0.00275856438306008,0.00315691013180708));
#5350=CARTESIAN_POINT('',(-0.0064703675850386,-0.00295379196063365,0.00311804224699759));
#5351=CARTESIAN_POINT('',(-0.00636606884190701,-0.00320490120350088,0.00306821460722199));
#5352=CARTESIAN_POINT('',(-0.00626439331644143,-0.00345689676407285,0.00301758679807381));
#5353=CARTESIAN_POINT('',(-0.00616054102522111,-0.00370824287562222,0.00296760032178869));
#5354=CARTESIAN_POINT('',(-0.00605490517945925,-0.00395871533820224,0.00291823033225456));
#5355=CARTESIAN_POINT('',(-0.0059516701512758,-0.00421021943499361,0.00286806886384892));
#5356=CARTESIAN_POINT('',(-0.00584778204440205,-0.00446146847685294,0.00281811574466594));
#5357=CARTESIAN_POINT('',(-0.00574410388784806,-0.00471272863787951,0.00276811493410481));
#5358=CARTESIAN_POINT('',(-0.00564033030736505,-0.00496406396628368,0.00271811379798506));
#5359=CARTESIAN_POINT('',(-0.00554397192941878,-0.00519744758914468,0.00267168337496549));
#5360=CARTESIAN_POINT('',(-0.00548222248048007,-0.00534703070088804,0.00264192141523518));
#5361=CARTESIAN_POINT('',(-0.00545504464108883,-0.00541286782637467,0.00262882193037281));
#5362=CARTESIAN_POINT('',(-0.00670487609722671,-0.00265332813733117,0.00315477819297661));
#5363=CARTESIAN_POINT('',(-0.00669328958893051,-0.00268093011853511,0.00314932644470547));
#5364=CARTESIAN_POINT('',(-0.00664662143434461,-0.00279210550902396,0.00312736791265416));
#5365=CARTESIAN_POINT('',(-0.00656486269292151,-0.00298687654721037,0.00308889867176565));
#5366=CARTESIAN_POINT('',(-0.00645957948845957,-0.00323769194115919,0.00303936160353279));
#5367=CARTESIAN_POINT('',(-0.00635432585537997,-0.00348843407485003,0.00298983752986047));
#5368=CARTESIAN_POINT('',(-0.00624907032103089,-0.00373917913618598,0.00294031210969242));
#5369=CARTESIAN_POINT('',(-0.00614384131248727,-0.00398986164357685,0.00289079933768942));
#5370=CARTESIAN_POINT('',(-0.00603858064031554,-0.00424062032345564,0.00284127189561559));
#5371=CARTESIAN_POINT('',(-0.00593331163625675,-0.00449140036652078,0.00279174105095543));
#5372=CARTESIAN_POINT('',(-0.00582807710229573,-0.00474209496536581,0.00274222511676648));
#5373=CARTESIAN_POINT('',(-0.00572276072073037,-0.00499299333335908,0.00269267397274801));
#5374=CARTESIAN_POINT('',(-0.00562503959151115,-0.00522578649332175,0.00264669245062068));
#5375=CARTESIAN_POINT('',(-0.00556237932292179,-0.00537505918004177,0.0026172092421729));
#5376=CARTESIAN_POINT('',(-0.00553479904877763,-0.00544076249389247,0.00260423207482509));
#5377=CARTESIAN_POINT('',(-0.00643254497586781,-0.00330209513981536,0.00302664122602748));
#5378=CARTESIAN_POINT('',(-0.00625619598614245,-0.00300694259470241,0.00314756467136773));
#5379=CARTESIAN_POINT('',(-0.00607837235772488,-0.00270670273662322,0.00324982379045896));
#5380=CARTESIAN_POINT('',(-0.00590559361654987,-0.00239452646004495,0.00332373346246141));
#5381=CARTESIAN_POINT('',(-0.00590559361653424,-0.00239452646005331,0.00332373346246014));
#5382=CARTESIAN_POINT('',(-0.00459754630028744,-0.00508239814014098,0.00276921562027059));
#5383=CARTESIAN_POINT('',(-0.00501327191717753,-0.00494235082165334,0.00282022025362279));
#5384=CARTESIAN_POINT('',(-0.00543606538904682,-0.00480927868115849,0.00280485071777591));
#5385=CARTESIAN_POINT('',(-0.00585485187558215,-0.00467831145351917,0.00275482365718933));
#5386=CARTESIAN_POINT('',(-0.00459754630028744,-0.00508239814014098,0.0027692156202706));
#5387=CARTESIAN_POINT('',(-0.00387453330817281,-0.00484099742722778,0.00262264393808527));
#5388=CARTESIAN_POINT('',(-0.00409676021743339,-0.00492804607676988,0.00273719433634934));
#5389=CARTESIAN_POINT('',(-0.00434714473181846,-0.00500693960416468,0.00276787360562316));
#5390=CARTESIAN_POINT('',(-0.00459754630028744,-0.00508239814014099,0.00276921562027059));
#5391=CARTESIAN_POINT('',(-0.00387453397825847,-0.00484099742722646,0.0026226429481348));
#5392=CARTESIAN_POINT('',(-0.004294051019295,-0.00334839024776154,0.00290661012673664));
#5393=CARTESIAN_POINT('',(-0.00467379871829067,-0.00199729309787753,0.0031636523883626));
#5394=CARTESIAN_POINT('',(-0.0046737987182903,-0.00199729309787884,0.00316365238836235));
#5395=CARTESIAN_POINT('',(-0.00504808752753952,-0.00214389960923827,0.00335655281323772));
#5396=CARTESIAN_POINT('',(-0.0054834398760202,-0.00227261315437293,0.00336496430083032));
#5397=CARTESIAN_POINT('',(-0.00590559361653424,-0.00239452646005331,0.00332373346246014));
#5398=CARTESIAN_POINT('',(-0.00697186815964385,-0.00265323458144542,0.00251031313686014));
#5399=CARTESIAN_POINT('',(-0.00695981159511189,-0.00268085646779879,0.00250597210685812));
#5400=CARTESIAN_POINT('',(-0.00691127472495216,-0.00279205573456045,0.00248849611511301));
#5401=CARTESIAN_POINT('',(-0.00682625579642724,-0.00298683744144352,0.00245788417854554));
#5402=CARTESIAN_POINT('',(-0.0067167959835526,-0.00323761930037682,0.00241847052957893));
#5403=CARTESIAN_POINT('',(-0.00660734022270218,-0.00348838830279405,0.00237905971279842));
#5404=CARTESIAN_POINT('',(-0.00649790545065689,-0.00373910466276433,0.00233965691264755));
#5405=CARTESIAN_POINT('',(-0.00638846604321714,-0.00398983533323358,0.00230025249546146));
#5406=CARTESIAN_POINT('',(-0.0062790136038661,-0.00424059623470041,0.00226084263760113));
#5407=CARTESIAN_POINT('',(-0.00616955547726235,-0.00449137147875896,0.0022214306469589));
#5408=CARTESIAN_POINT('',(-0.00606012512589276,-0.00474207909163885,0.00218202940729071));
#5409=CARTESIAN_POINT('',(-0.00595063996538449,-0.00499292251663129,0.00214260649408236));
#5410=CARTESIAN_POINT('',(-0.00584924942785192,-0.00522520728952457,0.00210610030762886));
#5411=CARTESIAN_POINT('',(-0.00578430566060352,-0.00537399765539418,0.00208271647358327));
#5412=CARTESIAN_POINT('',(-0.00575584825685911,-0.00543919560846159,0.00207247000046344));
#5413=CARTESIAN_POINT('',(-0.00687830085501619,-0.00258623929985604,0.00233329025405295));
#5414=CARTESIAN_POINT('',(-0.00686640575521083,-0.00261398001812157,0.00232925584101738));
#5415=CARTESIAN_POINT('',(-0.00681851832214336,-0.0027256573032926,0.00231301332786422));
#5416=CARTESIAN_POINT('',(-0.0067346308452308,-0.00292127242013999,0.00228455263755839));
#5417=CARTESIAN_POINT('',(-0.00662663202599673,-0.00317308430114312,0.00224790134352263));
#5418=CARTESIAN_POINT('',(-0.00651866297460642,-0.00342487640445088,0.00221128198859314));
#5419=CARTESIAN_POINT('',(-0.00641058159968081,-0.00367687422683675,0.00217458707614286));
#5420=CARTESIAN_POINT('',(-0.00630273060993249,-0.00392844494404977,0.00213804410688497));
#5421=CARTESIAN_POINT('',(-0.00619470711240125,-0.00418032704759383,0.0021013847582676));
#5422=CARTESIAN_POINT('',(-0.00608673371892105,-0.00443212495738897,0.00206476261246578));
#5423=CARTESIAN_POINT('',(-0.00597874004025144,-0.00468393707967441,0.00202811492200625));
#5424=CARTESIAN_POINT('',(-0.00587086442988405,-0.00493560923435141,0.00199158585085518));
#5425=CARTESIAN_POINT('',(-0.00577065312308859,-0.00516916141693022,0.00195751155092785));
#5426=CARTESIAN_POINT('',(-0.00570662420909071,-0.00531850721034393,0.00193581054191421));
#5427=CARTESIAN_POINT('',(-0.00567857441835985,-0.00538393771432388,0.00192630674306485));
#5428=CARTESIAN_POINT('',(-0.00679281340912411,-0.00252852284850548,0.00218795416260692));
#5429=CARTESIAN_POINT('',(-0.00678106499218445,-0.00255636613905695,0.0021841705333364));
#5430=CARTESIAN_POINT('',(-0.00673376890072468,-0.00266845490176764,0.00216893825268552));
#5431=CARTESIAN_POINT('',(-0.00665092599324241,-0.00286477546168473,0.0021422538261161));
#5432=CARTESIAN_POINT('',(-0.00654428588965823,-0.00311746767613004,0.00210789674794874));
#5433=CARTESIAN_POINT('',(-0.00643764724271313,-0.00337020294329026,0.00207355627505966));
#5434=CARTESIAN_POINT('',(-0.00633100065716533,-0.00362288928250872,0.00203918954982165));
#5435=CARTESIAN_POINT('',(-0.00622436419729977,-0.00387568937109068,0.00200487219473299));
#5436=CARTESIAN_POINT('',(-0.00611771915460448,-0.00412839169373995,0.00197051254007685));
#5437=CARTESIAN_POINT('',(-0.00601108184900089,-0.00438111740865187,0.00193617068018545));
#5438=CARTESIAN_POINT('',(-0.00590443307330727,-0.00463383110677259,0.00190180823491366));
#5439=CARTESIAN_POINT('',(-0.00579782818352932,-0.00488658659133309,0.00186752153644057));
#5440=CARTESIAN_POINT('',(-0.00569899140817496,-0.0051206985173109,0.00183564412243032));
#5441=CARTESIAN_POINT('',(-0.00563571856644174,-0.00527066665463787,0.00181527160521645));
#5442=CARTESIAN_POINT('',(-0.00560799482285696,-0.00533638100339227,0.0018063466085992));
#5443=CARTESIAN_POINT('',(-0.00659926698340936,-0.00241269317655379,0.0019071557636028));
#5444=CARTESIAN_POINT('',(-0.00658785286673797,-0.0024407343846446,0.00190385654535919));
#5445=CARTESIAN_POINT('',(-0.00654190304007148,-0.00255362115700833,0.00189057536111399));
#5446=CARTESIAN_POINT('',(-0.00646142305041489,-0.0027513526054668,0.00186731878760954));
#5447=CARTESIAN_POINT('',(-0.00635783190134721,-0.00300587366964953,0.00183738814031317));
#5448=CARTESIAN_POINT('',(-0.0062542245877794,-0.00326042746370331,0.00180744680209763));
#5449=CARTESIAN_POINT('',(-0.00615063009674252,-0.00351497747739659,0.00177752212344994));
#5450=CARTESIAN_POINT('',(-0.0060470102864789,-0.0037694743032193,0.00174754628320909));
#5451=CARTESIAN_POINT('',(-0.00594341170429018,-0.00402402007350703,0.00171761455590527));
#5452=CARTESIAN_POINT('',(-0.00583980867704095,-0.00427855709269262,0.00168767377072551));
#5453=CARTESIAN_POINT('',(-0.00573619654445851,-0.00453308328037554,0.00165771894451737));
#5454=CARTESIAN_POINT('',(-0.00563262858278984,-0.00478762918112212,0.00162782065010494));
#5455=CARTESIAN_POINT('',(-0.00553664168394274,-0.00502350617827212,0.00160010208043716));
#5456=CARTESIAN_POINT('',(-0.0054751657575183,-0.00517452317912169,0.00158232801198596));
#5457=CARTESIAN_POINT('',(-0.00544822819123406,-0.00524069367280702,0.00157453885422777));
#5458=CARTESIAN_POINT('',(-0.00648749643057186,-0.00235157978746205,0.00176512169929946));
#5459=CARTESIAN_POINT('',(-0.00647627538165698,-0.00237972594880234,0.00176206781332767));
#5460=CARTESIAN_POINT('',(-0.00643109511492654,-0.00249303164106178,0.00174976597165726));
#5461=CARTESIAN_POINT('',(-0.00635188217204245,-0.00269145899970337,0.0017281373575773));
#5462=CARTESIAN_POINT('',(-0.00625049604004571,-0.00294719925302962,0.0017009224447797));
#5463=CARTESIAN_POINT('',(-0.00614691111363972,-0.00320181322133709,0.00167135033316603));
#5464=CARTESIAN_POINT('',(-0.00604553426093292,-0.00345755460397056,0.00164414510519415));
#5465=CARTESIAN_POINT('',(-0.00594363945954793,-0.00371301170856582,0.00161637948419893));
#5466=CARTESIAN_POINT('',(-0.005841594368606,-0.00396841405545998,0.00158845803752011));
#5467=CARTESIAN_POINT('',(-0.00574069136974391,-0.00422438356780155,0.00156175880481759));
#5468=CARTESIAN_POINT('',(-0.00563536679021705,-0.00447813725804398,0.0015303226562893));
#5469=CARTESIAN_POINT('',(-0.00554660664723646,-0.00474014780997503,0.00151662141434415));
#5470=CARTESIAN_POINT('',(-0.00544888517652399,-0.0049752405096297,0.0014873624951021));
#5471=CARTESIAN_POINT('',(-0.00538854227434489,-0.00512686100716339,0.00147100946333316));
#5472=CARTESIAN_POINT('',(-0.00536219596748204,-0.00519334265357502,0.00146394467823047));
#5473=CARTESIAN_POINT('',(-0.00628780287469525,-0.00225235487504143,0.00155154653790838));
#5474=CARTESIAN_POINT('',(-0.00627692872141532,-0.00228067378655761,0.00154886384993));
#5475=CARTESIAN_POINT('',(-0.00623315700046792,-0.00239468080771681,0.00153806918813348));
#5476=CARTESIAN_POINT('',(-0.00615653798161437,-0.00259439854493866,0.00151921567982006));
#5477=CARTESIAN_POINT('',(-0.00605751745975417,-0.00285129786106309,0.00149452911168849));
#5478=CARTESIAN_POINT('',(-0.0059599538947962,-0.00310892170115224,0.00147139943060913));
#5479=CARTESIAN_POINT('',(-0.00586092446514857,-0.00336582759899003,0.00144670601426659));
#5480=CARTESIAN_POINT('',(-0.00576225349512084,-0.00362288394990567,0.00142238881982987));
#5481=CARTESIAN_POINT('',(-0.00566366244919802,-0.00388000385094619,0.00139816306884959));
#5482=CARTESIAN_POINT('',(-0.00556434566223645,-0.00413676002742305,0.00137315982905942));
#5483=CARTESIAN_POINT('',(-0.00546785479515376,-0.00439490665206647,0.00135117764681505));
#5484=CARTESIAN_POINT('',(-0.00536079799644578,-0.00464781866945273,0.00131789070503305));
#5485=CARTESIAN_POINT('',(-0.00527145889742864,-0.00488707037183401,0.00129760107601117));
#5486=CARTESIAN_POINT('',(-0.00521283963039238,-0.00503955617395684,0.00128309375684028));
#5487=CARTESIAN_POINT('',(-0.00518709461544462,-0.0051063410122743,0.00127667303360065));
#5488=CARTESIAN_POINT('',(-0.00620512983752231,-0.00221354369391922,0.00147223091975886));
#5489=CARTESIAN_POINT('',(-0.00619440073960359,-0.00224192968212968,0.00146968693635814));
#5490=CARTESIAN_POINT('',(-0.00615122571469266,-0.0023562128470451,0.00145946081811451));
#5491=CARTESIAN_POINT('',(-0.00607578604672291,-0.00255647862873382,0.00144171011384736));
#5492=CARTESIAN_POINT('',(-0.00597723043099246,-0.00281362956149418,0.00141760802846253));
#5493=CARTESIAN_POINT('',(-0.00588407651270776,-0.00307320815613116,0.00139819103496161));
#5494=CARTESIAN_POINT('',(-0.00578549262271377,-0.00333036223705048,0.00137406997632876));
#5495=CARTESIAN_POINT('',(-0.00568823640616625,-0.00358806310887276,0.00135107565887715));
#5496=CARTESIAN_POINT('',(-0.00559111796943383,-0.00384587780340726,0.00132827304288263));
#5497=CARTESIAN_POINT('',(-0.00549210877153709,-0.00410279130880434,0.00130358373788299));
#5498=CARTESIAN_POINT('',(-0.00540052688537663,-0.00436319234731028,0.00128625053615643));
#5499=CARTESIAN_POINT('',(-0.00528113886864036,-0.00461051519546859,0.00124138341766123));
#5500=CARTESIAN_POINT('',(-0.00519646929909411,-0.00485189282776781,0.00122551339547382));
#5501=CARTESIAN_POINT('',(-0.0051385288877832,-0.00500470998462429,0.00121166348962753));
#5502=CARTESIAN_POINT('',(-0.00511298367824336,-0.00507159649708666,0.00120543903194631));
#5503=CARTESIAN_POINT('',(-0.00603399380080541,-0.00213767495128991,0.0013284546118914));
#5504=CARTESIAN_POINT('',(-0.00602355772043282,-0.00216619307985693,0.00132615690925116));
#5505=CARTESIAN_POINT('',(-0.00598154438663939,-0.00228099886122433,0.00131690627165494));
#5506=CARTESIAN_POINT('',(-0.00590795075367353,-0.00248208160642037,0.00130069587011569));
#5507=CARTESIAN_POINT('',(-0.00581326095549622,-0.00274095720712974,0.00127989136814227));
#5508=CARTESIAN_POINT('',(-0.00571839318123535,-0.00299971851870851,0.00125884540076038));
#5509=CARTESIAN_POINT('',(-0.00562375195843567,-0.0032586054441106,0.00123808216919081));
#5510=CARTESIAN_POINT('',(-0.00552882233032817,-0.00351741849560492,0.00121706103197766));
#5511=CARTESIAN_POINT('',(-0.00543479351524589,-0.00377656771112392,0.00119678643832456));
#5512=CARTESIAN_POINT('',(-0.00533747323879335,-0.00403429802386895,0.00117378518726073));
#5513=CARTESIAN_POINT('',(-0.00525241731539677,-0.00429736630540372,0.00116094325771973));
#5514=CARTESIAN_POINT('',(-0.00512159209283619,-0.0045405225725937,0.00111018838969091));
#5515=CARTESIAN_POINT('',(-0.00504309483483424,-0.00478437877700097,0.00109854822143834));
#5516=CARTESIAN_POINT('',(-0.00498669217324852,-0.00493790106944954,0.00108601350630322));
#5517=CARTESIAN_POINT('',(-0.00496171874442966,-0.00500505928843051,0.00108030645940091));
#5518=CARTESIAN_POINT('',(-0.00594758036721024,-0.00210143784498277,0.00126455935437117));
#5519=CARTESIAN_POINT('',(-0.00593729463765418,-0.00213001826520044,0.00126237244227338));
#5520=CARTESIAN_POINT('',(-0.00589589416174335,-0.00224507870403771,0.00125357081793016));
#5521=CARTESIAN_POINT('',(-0.00582345388016778,-0.00244664844580781,0.0012381784875695));
#5522=CARTESIAN_POINT('',(-0.00572961498083041,-0.00270588561497802,0.00121817708214006));
#5523=CARTESIAN_POINT('',(-0.00563799789060054,-0.00296597425080796,0.00119888582615349));
#5524=CARTESIAN_POINT('',(-0.00554420845512838,-0.00322522184697069,0.00117892467695009));
#5525=CARTESIAN_POINT('',(-0.00545067591265045,-0.00348461916239818,0.00115892338519886));
#5526=CARTESIAN_POINT('',(-0.0053581889570745,-0.00374439306070271,0.00113969832665926));
#5527=CARTESIAN_POINT('',(-0.00526135727860698,-0.0040024020721071,0.001117460633561));
#5528=CARTESIAN_POINT('',(-0.00518085133157543,-0.00426712021004161,0.00110649461963957));
#5529=CARTESIAN_POINT('',(-0.0050393963990229,-0.00450673463937353,0.00105345547333153));
#5530=CARTESIAN_POINT('',(-0.00496515208779036,-0.00475235315635779,0.00104355492751427));
#5531=CARTESIAN_POINT('',(-0.00490951228443607,-0.00490610026189867,0.00103160848353777));
#5532=CARTESIAN_POINT('',(-0.00488479028829001,-0.00497331880749965,0.00102613699081694));
#5533=CARTESIAN_POINT('',(-0.00582909038230746,-0.00205418709443867,0.00119204397055522));
#5534=CARTESIAN_POINT('',(-0.00581900717734848,-0.00208284653799951,0.00118998116675173));
#5535=CARTESIAN_POINT('',(-0.00577839828360555,-0.00219821442664076,0.00118166686028066));
#5536=CARTESIAN_POINT('',(-0.00570709459207683,-0.00240021022867179,0.00116699845150115));
#5537=CARTESIAN_POINT('',(-0.00561666434873749,-0.00266082332138989,0.00114893626310735));
#5538=CARTESIAN_POINT('',(-0.00552110081054823,-0.00291936087952438,0.00112778173031039));
#5539=CARTESIAN_POINT('',(-0.00543076186852019,-0.00318003016683265,0.00110977358994294));
#5540=CARTESIAN_POINT('',(-0.0053388256833975,-0.00343994262354454,0.00109081013871051));
#5541=CARTESIAN_POINT('',(-0.0052481683673066,-0.00370044452283113,0.00107256681886079));
#5542=CARTESIAN_POINT('',(-0.0051539082982352,-0.0039595589012382,0.00105236421894802));
#5543=CARTESIAN_POINT('',(-0.0050727477202299,-0.00422373321577998,0.00103926533255272));
#5544=CARTESIAN_POINT('',(-0.0049428499411253,-0.00446888912740197,0.00099973261328783));
#5545=CARTESIAN_POINT('',(-0.00486794792503224,-0.00471385021617401,0.000987764186427724));
#5546=CARTESIAN_POINT('',(-0.00481347986478838,-0.00486811517853231,0.000976566536767393));
#5547=CARTESIAN_POINT('',(-0.00478933859521119,-0.00493560030107284,0.000971510728069749));
#5548=CARTESIAN_POINT('',(-0.00580501309309731,-0.00204468332248632,0.00117799099698947));
#5549=CARTESIAN_POINT('',(-0.00579496983975394,-0.00207335769093377,0.00117595146839473));
#5550=CARTESIAN_POINT('',(-0.00575450661152984,-0.00218877973563293,0.0011677219877498));
#5551=CARTESIAN_POINT('',(-0.00568329829455966,-0.00239080796346423,0.00115310869182359));
#5552=CARTESIAN_POINT('',(-0.00559422367755104,-0.00265196251587331,0.00113583935440036));
#5553=CARTESIAN_POINT('',(-0.00549538159874041,-0.0029091955888309,0.00111276554026495));
#5554=CARTESIAN_POINT('',(-0.00540643108794032,-0.00317043119535805,0.00109556822361542));
#5555=CARTESIAN_POINT('',(-0.00531468793493525,-0.00343038445099882,0.00107672276008432));
#5556=CARTESIAN_POINT('',(-0.00522440980066566,-0.00369103830182699,0.00105867240190364));
#5557=CARTESIAN_POINT('',(-0.00513091828364105,-0.00395047507952389,0.00103902638167563));
#5558=CARTESIAN_POINT('',(-0.00504877706839158,-0.00421419608503538,0.00102495211845777));
#5559=CARTESIAN_POINT('',(-0.00492451703498886,-0.00446180123845729,0.000990213243189933));
#5560=CARTESIAN_POINT('',(-0.00484867179726609,-0.0047062803670696,0.000977306324080757));
#5561=CARTESIAN_POINT('',(-0.00479446810592738,-0.00486067054776002,0.000966271306192348));
#5562=CARTESIAN_POINT('',(-0.00477047936386583,-0.00492822886737072,0.000961319020179463));
#5563=CARTESIAN_POINT('',(-0.00575502291601882,-0.00202515433962274,0.0011503881718784));
#5564=CARTESIAN_POINT('',(-0.00574506648015416,-0.00205386191274918,0.00114839680286255));
#5565=CARTESIAN_POINT('',(-0.00570495520052667,-0.00216941857352248,0.00114036416970625));
#5566=CARTESIAN_POINT('',(-0.00563438908957563,-0.00237169252025984,0.00112612694368453));
#5567=CARTESIAN_POINT('',(-0.00554595421704197,-0.00263308029493845,0.0011091051439332));
#5568=CARTESIAN_POINT('',(-0.00544843319790961,-0.00289087788036891,0.00108715586179524));
#5569=CARTESIAN_POINT('',(-0.00536010352358059,-0.00315235803887608,0.00107018773213406));
#5570=CARTESIAN_POINT('',(-0.00526922536822828,-0.00341262332220323,0.00105185655584983));
#5571=CARTESIAN_POINT('',(-0.00517958809223107,-0.00367352761083289,0.00103409794504704));
#5572=CARTESIAN_POINT('',(-0.00508734774323957,-0.00393347448882687,0.00101533100882193));
#5573=CARTESIAN_POINT('',(-0.0050042448438983,-0.00419671548003727,0.00100001038692642));
#5574=CARTESIAN_POINT('',(-0.00488726064183324,-0.00444755358991809,0.000971938648247428));
#5575=CARTESIAN_POINT('',(-0.00481048401457536,-0.00469151890117694,0.000957831265347476));
#5576=CARTESIAN_POINT('',(-0.00475676920958007,-0.00484612436983389,0.000947077811392278));
#5577=CARTESIAN_POINT('',(-0.00473304053830655,-0.00491380001994288,0.000942293273390095));
#5578=CARTESIAN_POINT('',(-0.0057269830332775,-0.00201432592946738,0.00113594640854791));
#5579=CARTESIAN_POINT('',(-0.00571707874835768,-0.00204305485544549,0.00113398208301894));
#5580=CARTESIAN_POINT('',(-0.00567720975096517,-0.00215870861939715,0.00112607627083908));
#5581=CARTESIAN_POINT('',(-0.00560740859362283,-0.00236127000372681,0.00111225024844493));
#5582=CARTESIAN_POINT('',(-0.00551737060480478,-0.00262201412042932,0.00109431587110091));
#5583=CARTESIAN_POINT('',(-0.00542792639016623,-0.00288298893900519,0.00107684957614866));
#5584=CARTESIAN_POINT('',(-0.00533789871859818,-0.00314379352518717,0.00105891493353837));
#5585=CARTESIAN_POINT('',(-0.00524793966894683,-0.00340443375430542,0.00104108276151636));
#5586=CARTESIAN_POINT('',(-0.00515849728806695,-0.00366541038303837,0.00102339534653438));
#5587=CARTESIAN_POINT('',(-0.00506676072048816,-0.00392554740045455,0.00100496028694771));
#5588=CARTESIAN_POINT('',(-0.00498366467886153,-0.0041887643488024,0.000989362408225424));
#5589=CARTESIAN_POINT('',(-0.00486834417774216,-0.00444038346241725,0.000963180273481076));
#5590=CARTESIAN_POINT('',(-0.00479157012528425,-0.00468432811847076,0.000948805861184883));
#5591=CARTESIAN_POINT('',(-0.0047380808459363,-0.00483902110365663,0.000938171891661404));
#5592=CARTESIAN_POINT('',(-0.00471446045275535,-0.00490673935755641,0.000933451981147331));
#5593=CARTESIAN_POINT('',(-0.00569105586225957,-0.00200072520671391,0.00111924899717292));
#5594=CARTESIAN_POINT('',(-0.00568121903692653,-0.00202948075798052,0.00111731590448221));
#5595=CARTESIAN_POINT('',(-0.00564166526486725,-0.00214525870518813,0.00110955514076877));
#5596=CARTESIAN_POINT('',(-0.00557287599563356,-0.00234821662332015,0.00109618659665589));
#5597=CARTESIAN_POINT('',(-0.00548057514154945,-0.00260809014543703,0.00107726273564999));
#5598=CARTESIAN_POINT('',(-0.0054022824454153,-0.00287325482556252,0.00106474618403922));
#5599=CARTESIAN_POINT('',(-0.00530986963102433,-0.00313315343415251,0.0010457667842809));
#5600=CARTESIAN_POINT('',(-0.0052210821593184,-0.00339426776658102,0.00102847181236537));
#5601=CARTESIAN_POINT('',(-0.00513201720398324,-0.00365538122019714,0.0010109424781213));
#5602=CARTESIAN_POINT('',(-0.00504037238246481,-0.00391556187679852,0.000992642240722451));
#5603=CARTESIAN_POINT('',(-0.00495931732029977,-0.00417949791541786,0.000977656525177979));
#5604=CARTESIAN_POINT('',(-0.00483850292123095,-0.00442928452098722,0.000950190463932263));
#5605=CARTESIAN_POINT('',(-0.00476367180982094,-0.00467393882935468,0.000936396215734648));
#5606=CARTESIAN_POINT('',(-0.00471043755183637,-0.00482871816273364,0.000925888265171122));
#5607=CARTESIAN_POINT('',(-0.00468688711118393,-0.00489645870089144,0.000921213200934178));
#5608=CARTESIAN_POINT('',(-0.00568008838653008,-0.00199662246120069,0.00111445714409952));
#5609=CARTESIAN_POINT('',(-0.00567027103167178,-0.00202538525613571,0.00111253256762137));
#5610=CARTESIAN_POINT('',(-0.00563079886572032,-0.00214119459116291,0.00110480756362833));
#5611=CARTESIAN_POINT('',(-0.00556218648224783,-0.00234423093996337,0.00109151719771267));
#5612=CARTESIAN_POINT('',(-0.00546982729372185,-0.00260407616891479,0.00107256342341337));
#5613=CARTESIAN_POINT('',(-0.00539258103806595,-0.0028696233953839,0.00106052087642054));
#5614=CARTESIAN_POINT('',(-0.00530009941163121,-0.00312949387247891,0.00104150648571433));
#5615=CARTESIAN_POINT('',(-0.00521152683315157,-0.00339069897020061,0.00102430729928196));
#5616=CARTESIAN_POINT('',(-0.00512262845341968,-0.00365187269386044,0.0010068475674066));
#5617=CARTESIAN_POINT('',(-0.00503108436330117,-0.00391209460620917,0.000988601211485513));
#5618=CARTESIAN_POINT('',(-0.00495044335615152,-0.0041761747846597,0.000973759144203422));
#5619=CARTESIAN_POINT('',(-0.00482885000634406,-0.00442572603264214,0.000946090968170295));
#5620=CARTESIAN_POINT('',(-0.00475440796901639,-0.00467052519256405,0.000932430958179584));
#5621=CARTESIAN_POINT('',(-0.00470126957659029,-0.00482533549609401,0.000921965610214535));
#5622=CARTESIAN_POINT('',(-0.00467775466570084,-0.0048930869941182,0.000917307381482341));
#5623=CARTESIAN_POINT('',(-0.00564240237067391,-0.00198268298527203,0.00109881629369313));
#5624=CARTESIAN_POINT('',(-0.00563264488877326,-0.00201146715494856,0.00109691676076603));
#5625=CARTESIAN_POINT('',(-0.00559336824778128,-0.00212735045159958,0.00108927483370848));
#5626=CARTESIAN_POINT('',(-0.00552461903098847,-0.00233038903868106,0.00107594311802704));
#5627=CARTESIAN_POINT('',(-0.0054356774429549,-0.00259146575179364,0.00105833253972254));
#5628=CARTESIAN_POINT('',(-0.00534850896474726,-0.00285336068677852,0.00104245660207029));
#5629=CARTESIAN_POINT('',(-0.00525957308824048,-0.00311451609999561,0.00102483405748754));
#5630=CARTESIAN_POINT('',(-0.00517090904221874,-0.00337572895308784,0.00100761472332394));
#5631=CARTESIAN_POINT('',(-0.00508290719033363,-0.00363722584731895,0.00099051961032529));
#5632=CARTESIAN_POINT('',(-0.0049920170579414,-0.00389770589538082,0.000972539890722919));
#5633=CARTESIAN_POINT('',(-0.00491201151783234,-0.00416199718692518,0.000957971403977719));
#5634=CARTESIAN_POINT('',(-0.00479134995016103,-0.00441206328449892,0.000930638085012293));
#5635=CARTESIAN_POINT('',(-0.00471747557948861,-0.00465706654240229,0.000917222804212026));
#5636=CARTESIAN_POINT('',(-0.00466476000996861,-0.0048120182913335,0.00090693195645854));
#5637=CARTESIAN_POINT('',(-0.00464143287497193,-0.00487983222120401,0.000902350940605978));
#5638=CARTESIAN_POINT('',(-0.00560669766654197,-0.00196978502324526,0.00108661994571676));
#5639=CARTESIAN_POINT('',(-0.00559700003037079,-0.00199858862137201,0.00108474044847645));
#5640=CARTESIAN_POINT('',(-0.00555794395210707,-0.00211454997563978,0.00107716862592896));
#5641=CARTESIAN_POINT('',(-0.00548936662077585,-0.00231772364064602,0.00106384854475566));
#5642=CARTESIAN_POINT('',(-0.00540217560522007,-0.00257941942496613,0.00104705637079669));
#5643=CARTESIAN_POINT('',(-0.00531112856841245,-0.00283991618873171,0.00102903213231101));
#5644=CARTESIAN_POINT('',(-0.0052239920600441,-0.00310168412880793,0.00101225573103358));
#5645=CARTESIAN_POINT('',(-0.00513563900939058,-0.00336307051356352,0.00099508925998305));
#5646=CARTESIAN_POINT('',(-0.00504815972300793,-0.00362474515934567,0.000978202845989989));
#5647=CARTESIAN_POINT('',(-0.00495846670417825,-0.00388566591423454,0.000960611255247988));
#5648=CARTESIAN_POINT('',(-0.00487675419235107,-0.00414932171714655,0.00094555955791528));
#5649=CARTESIAN_POINT('',(-0.00476527251154988,-0.00440297824498436,0.000921025821299706));
#5650=CARTESIAN_POINT('',(-0.00468976391916706,-0.00464729305367326,0.000907147527831333));
#5651=CARTESIAN_POINT('',(-0.00463744768593139,-0.00480240183044241,0.000896996769785644));
#5652=CARTESIAN_POINT('',(-0.00461435661469733,-0.0048703098259032,0.000892495582938789));
#5653=CARTESIAN_POINT('',(-0.00555665866748437,-0.00195305211827213,0.00107067649098138));
#5654=CARTESIAN_POINT('',(-0.0055470490321269,-0.0019818861857874,0.00106882504605436));
#5655=CARTESIAN_POINT('',(-0.00550836007571478,-0.00209797507378207,0.00106137029039873));
#5656=CARTESIAN_POINT('',(-0.00544056116445485,-0.00230142343669743,0.001048298818447));
#5657=CARTESIAN_POINT('',(-0.00535335410894652,-0.00256308135156482,0.00103150229293006));
#5658=CARTESIAN_POINT('',(-0.00526611249492732,-0.00282485898270332,0.00101469012723982));
#5659=CARTESIAN_POINT('',(-0.00517888513167223,-0.00308658573690269,0.000997885370949879));
#5660=CARTESIAN_POINT('',(-0.00509163960868896,-0.00334837804591239,0.000981071295091018));
#5661=CARTESIAN_POINT('',(-0.00500440444359432,-0.00361013244738882,0.000964262535841835));
#5662=CARTESIAN_POINT('',(-0.0049171737317324,-0.00387187139286939,0.000947455968876407));
#5663=CARTESIAN_POINT('',(-0.00482993310860931,-0.00413364530844629,0.000930643526569578));
#5664=CARTESIAN_POINT('',(-0.0047426880990801,-0.00439543274125843,0.000913831884399805));
#5665=CARTESIAN_POINT('',(-0.00466186326350705,-0.00463794927288692,0.000898259375885024));
#5666=CARTESIAN_POINT('',(-0.0046101043428728,-0.00479325602670304,0.000888286216114843));
#5667=CARTESIAN_POINT('',(-0.0045874248468064,-0.0048613077867427,0.000883916188047656));
#5668=CARTESIAN_POINT('',(-0.00652599760202932,-0.00239452646006028,0.0018260874545608));
#5669=CARTESIAN_POINT('',(-0.00659584102257708,-0.00270658983155007,0.00200057351043716));
#5670=CARTESIAN_POINT('',(-0.00664947021279917,-0.00300699521345012,0.0021981709628425));
#5671=CARTESIAN_POINT('',(-0.00668865407369749,-0.00330209366397947,0.00240833780352167));
#5672=CARTESIAN_POINT('',(-0.00652599760202932,-0.00239452646006029,0.0018260874545608));
#5673=CARTESIAN_POINT('',(-0.00652599760202932,-0.00239452646006028,0.0018260874545608));
#5674=CARTESIAN_POINT('',(-0.00625746993592583,-0.00227295432022585,0.00149914581121491));
#5675=CARTESIAN_POINT('',(-0.00594036772641387,-0.00214294531900264,0.00119525998199742));
#5676=CARTESIAN_POINT('',(-0.00554191442662466,-0.00199729302185074,0.00106783563068809));
#5677=CARTESIAN_POINT('',(-0.0055419144266248,-0.00199729302185033,0.00106783563068812));
#5678=CARTESIAN_POINT('',(-0.00561505249297982,-0.00177784180270006,0.00108192547741767));
#5679=CARTESIAN_POINT('',(-0.00558598077129563,-0.00186507069685208,0.00107632547134053));
#5680=CARTESIAN_POINT('',(-0.00552783727595253,-0.00203952864110481,0.00106512544917451));
#5681=CARTESIAN_POINT('',(-0.00544056116445485,-0.00230142343669743,0.001048298818447));
#5682=CARTESIAN_POINT('',(-0.00535335410894652,-0.00256308135156482,0.00103150229293006));
#5683=CARTESIAN_POINT('',(-0.00526611249492732,-0.00282485898270332,0.00101469012723982));
#5684=CARTESIAN_POINT('',(-0.00517888513167223,-0.00308658573690269,0.000997885370949879));
#5685=CARTESIAN_POINT('',(-0.00509163960868896,-0.00334837804591239,0.000981071295091018));
#5686=CARTESIAN_POINT('',(-0.00500440444359432,-0.00361013244738882,0.000964262535841835));
#5687=CARTESIAN_POINT('',(-0.0049171737317324,-0.00387187139286939,0.000947455968876407));
#5688=CARTESIAN_POINT('',(-0.00482993310860931,-0.00413364530844629,0.000930643526569578));
#5689=CARTESIAN_POINT('',(-0.0047426880990801,-0.00439543274125843,0.000913831884399805));
#5690=CARTESIAN_POINT('',(-0.00465546443166317,-0.00465714909549403,0.000897026513947638));
#5691=CARTESIAN_POINT('',(-0.00459730430654692,-0.00483166359979272,0.000885819831186227));
#5692=CARTESIAN_POINT('',(-0.00456822461550213,-0.00491891973718403,0.000880216561391204));
#5693=CARTESIAN_POINT('',(-0.0045941940838736,-0.00484099611856134,0.00088522052616868));
#5694=CARTESIAN_POINT('',(-0.00520910977508218,-0.00508239814014099,0.00129273449941606));
#5695=CARTESIAN_POINT('',(-0.00503250378436489,-0.00500751224268105,0.00111773763744542));
#5696=CARTESIAN_POINT('',(-0.00483117397753435,-0.00492762182127922,0.000960992306610977));
#5697=CARTESIAN_POINT('',(-0.0045941940838736,-0.00484099611856134,0.00088522052616868));
#5698=CARTESIAN_POINT('',(-0.00520910977508219,-0.00508239814014099,0.00129273449941607));
#5699=CARTESIAN_POINT('',(-0.00608795896436678,-0.0046783117832577,0.00219205106300389));
#5700=CARTESIAN_POINT('',(-0.00582720206581656,-0.00480928179596876,0.00186054021501941));
#5701=CARTESIAN_POINT('',(-0.00553899518022313,-0.00494238126546357,0.00155087344477044));
#5702=CARTESIAN_POINT('',(-0.00520910977508219,-0.00508239814014098,0.00129273449941607));
#5703=CARTESIAN_POINT('',(-0.00444881806095331,-0.00315619074539965,0.000857287880062027));
#5704=CARTESIAN_POINT('',(-0.00554192805897807,-0.00199729303301245,0.00106776489267395));
#5705=CARTESIAN_POINT('',(-0.00449525492603931,-0.0016235195517023,0.000866159049676679));
#5706=CARTESIAN_POINT('',(-0.00449528537873007,-0.00162351957683381,0.000866001031573596));
#5707=CARTESIAN_POINT('',(-0.00445522262487838,-0.00178400748038698,0.000858305618649277));
#5708=CARTESIAN_POINT('',(-0.0043766024150824,-0.0020878760968514,0.00084320218849031));
#5709=CARTESIAN_POINT('',(-0.00423794846363567,-0.00260824450738895,0.000816563453198518));
#5710=CARTESIAN_POINT('',(-0.00411059419155495,-0.00307825247695334,0.000792094401259464));
#5711=CARTESIAN_POINT('',(-0.00398567733485707,-0.0035394859720373,0.000768093693904708));
#5712=CARTESIAN_POINT('',(-0.00384729200934047,-0.00405964421709831,0.000741506693987841));
#5713=CARTESIAN_POINT('',(-0.00376818589135206,-0.00436646831026468,0.000726310087863549));
#5714=CARTESIAN_POINT('',(-0.00372719741516955,-0.00453140037361776,0.000718436974621324));
#5715=CARTESIAN_POINT('',(-0.0037272447357779,-0.00453140041255627,0.000718191428619171));
#5716=CARTESIAN_POINT('',(-0.00459412912389664,-0.00484099611319244,0.000885557513629075));
#5717=CARTESIAN_POINT('',(-0.00430515188363294,-0.00473779754502378,0.000829850666520026));
#5718=CARTESIAN_POINT('',(-0.00401617464336873,-0.00463459897685659,0.000774143819410879));
#5719=CARTESIAN_POINT('',(-0.00372719740310355,-0.00453140040869223,0.000718436972301546));
#5720=CARTESIAN_POINT('',(-0.00387195534668199,-0.00324590685073128,0.00262090631511215));
#5721=CARTESIAN_POINT('',(-0.00314333203998217,-0.00453140457900323,0.0021278407215888));
#5722=CARTESIAN_POINT('',(-0.00338703941695688,-0.00463460219489927,0.00229281409576022));
#5723=CARTESIAN_POINT('',(-0.00363074679393154,-0.00473779981079547,0.0024577874699316));
#5724=CARTESIAN_POINT('',(-0.00387445417090618,-0.00484099742669176,0.00262276084410297));
#5725=CARTESIAN_POINT('',(-0.00314340275992353,-0.00453140457950313,0.00212773625004553));
#5726=CARTESIAN_POINT('',(-0.00314333204298155,-0.00453140456867774,0.002127840723618));
#5727=CARTESIAN_POINT('',(-0.00316609567587165,-0.00442290640281284,0.00214323808013325));
#5728=CARTESIAN_POINT('',(-0.00320374908445556,-0.00424713289846061,0.00216870728166317));
#5729=CARTESIAN_POINT('',(-0.00325652048592124,-0.00400646648950252,0.00220440304950313));
#5730=CARTESIAN_POINT('',(-0.00330628058898485,-0.00378331426529704,0.00223806229371116));
#5731=CARTESIAN_POINT('',(-0.0033306297495297,-0.00367551582057545,0.00225453294786845));
#5732=CARTESIAN_POINT('',(-0.00338267330432444,-0.00344584139271685,0.00228973716832671));
#5733=CARTESIAN_POINT('',(-0.00346662253258254,-0.00307891635940712,0.00234652395120339));
#5734=CARTESIAN_POINT('',(-0.0035527225965098,-0.00270272696883025,0.00240476566359496));
#5735=CARTESIAN_POINT('',(-0.00360443473562144,-0.00247475285157188,0.00243974572631277));
#5736=CARTESIAN_POINT('',(-0.00362765331671645,-0.002372138897226,0.00245545163390218));
#5737=CARTESIAN_POINT('',(-0.0036778654414963,-0.00214739651411828,0.00248941668400087));
#5738=CARTESIAN_POINT('',(-0.00373063536590923,-0.00190729389318282,0.00252511150968913));
#5739=CARTESIAN_POINT('',(-0.00376837137144681,-0.00173166736127743,0.00255063663520974));
#5740=CARTESIAN_POINT('',(-0.00379114244896947,-0.00162351072084026,0.0025660390658362));
#5741=CARTESIAN_POINT('',(-0.00379108468443391,-0.00162351071199924,0.00256612440412033));
#5742=CARTESIAN_POINT('',(-0.00379114244897151,-0.00162351072072532,0.00256603906583757));
#5743=CARTESIAN_POINT('',(0.,-0.0014897693055518,0.));
#5744=CARTESIAN_POINT('',(0.,-0.00239452646006029,0.));
#5745=CARTESIAN_POINT('',(-0.00379108390735807,-0.0016235107119968,0.00256612555212683));
#5746=CARTESIAN_POINT('',(-0.00364268405341311,-0.00156067591859803,0.00246569413706197));
#5747=CARTESIAN_POINT('',(-0.00344743173036262,-0.00150915219801378,0.00249548958939796));
#5748=CARTESIAN_POINT('',(-0.00332129097230259,-0.00150434225035679,0.00263254958306368));
#5749=CARTESIAN_POINT('',(-0.00421201121225714,-0.0015039958252557,0.000460304008260306));
#5750=CARTESIAN_POINT('',(-0.00419063710209602,-0.00150400625089717,0.000656161451941189));
#5751=CARTESIAN_POINT('',(-0.00430935516728278,-0.0015571326538373,0.000830337634008532));
#5752=CARTESIAN_POINT('',(-0.00449525469415227,-0.00162351955170867,0.000866160253235985));
#5753=CARTESIAN_POINT('',(0.,-0.00442026338698825,0.));
#5754=CARTESIAN_POINT('',(0.,-0.00508239814014098,0.));
#5755=CARTESIAN_POINT('',(-0.00372724488914239,-0.00453140041255851,0.00071819063272681));
#5756=CARTESIAN_POINT('',(-0.00357285102389571,-0.00447626412666742,0.000688432655746303));
#5757=CARTESIAN_POINT('',(-0.00347404505760088,-0.00443206403679646,0.000543766138851243));
#5758=CARTESIAN_POINT('',(-0.00349179324886191,-0.00443205722905719,0.000380874798945013));
#5759=CARTESIAN_POINT('',(-0.00273838354558023,-0.00443205721749242,0.00219975931203397));
#5760=CARTESIAN_POINT('',(-0.00284095066613215,-0.004432065722271,0.00207211674548165));
#5761=CARTESIAN_POINT('',(-0.00301309001612531,-0.004476225844379,0.00203953378674039));
#5762=CARTESIAN_POINT('',(-0.00314340319278069,-0.00453140457951118,0.00212773561060652));
#5763=CARTESIAN_POINT('',(0.,-0.00518892865917925,0.));
#5764=CARTESIAN_POINT('',(0.,-0.00370049241102682,0.));
#5765=CARTESIAN_POINT('',(-0.00669285780366568,-0.00329246566988466,-0.00240985122918739));
#5766=CARTESIAN_POINT('',(-0.00666434393875511,-0.00335779258862302,-0.00239958440438692));
#5767=CARTESIAN_POINT('',(-0.00659935109548843,-0.00350669406450244,-0.00237618298416435));
#5768=CARTESIAN_POINT('',(-0.00649787464269529,-0.00373917917443831,-0.00233964557995472));
#5769=CARTESIAN_POINT('',(-0.00638845568044692,-0.00398986168184311,-0.00230024825121806));
#5770=CARTESIAN_POINT('',(-0.00627900395518136,-0.00424062036171671,-0.0022608389062915));
#5771=CARTESIAN_POINT('',(-0.00617761243606674,-0.00447291493732301,-0.00222433126948523));
#5772=CARTESIAN_POINT('',(-0.00611272560692055,-0.00462157201766991,-0.00220096839325629));
#5773=CARTESIAN_POINT('',(-0.00608430924629484,-0.0046866754846173,-0.00219073669717433));
#5774=CARTESIAN_POINT('',(-0.00664016399758955,-0.00329293627362892,-0.00255036088778914));
#5775=CARTESIAN_POINT('',(-0.00661187862230291,-0.00335825453122843,-0.00253949303634856));
#5776=CARTESIAN_POINT('',(-0.00654739030532759,-0.00350716104115454,-0.00251473433752486));
#5777=CARTESIAN_POINT('',(-0.00644663199943808,-0.00373977743978393,-0.00247611096122083));
#5778=CARTESIAN_POINT('',(-0.00633816396601087,-0.00399033982577367,-0.00243431678208943));
#5779=CARTESIAN_POINT('',(-0.0062295452856424,-0.00424114437309195,-0.00239261983370195));
#5780=CARTESIAN_POINT('',(-0.00612897284531524,-0.00447338790541525,-0.00235398285028173));
#5781=CARTESIAN_POINT('',(-0.00606456610558739,-0.00462210580540272,-0.00232925798909849));
#5782=CARTESIAN_POINT('',(-0.00603637627744187,-0.00468720381811778,-0.00231842648738588));
#5783=CARTESIAN_POINT('',(-0.00660013134147862,-0.0032928750177758,-0.00265392077188843));
#5784=CARTESIAN_POINT('',(-0.00657201455281607,-0.00335819864335332,-0.00264261090671487));
#5785=CARTESIAN_POINT('',(-0.00650790656858737,-0.00350711132842631,-0.002616859659745));
#5786=CARTESIAN_POINT('',(-0.00640782344638469,-0.00373957770189718,-0.00257666916161733));
#5787=CARTESIAN_POINT('',(-0.00629986731151018,-0.00399044402848623,-0.00253318829962041));
#5788=CARTESIAN_POINT('',(-0.0061919400598751,-0.00424116938800355,-0.0024897997187978));
#5789=CARTESIAN_POINT('',(-0.00609196428081999,-0.00447344006698783,-0.00244958795755335));
#5790=CARTESIAN_POINT('',(-0.00602795486570447,-0.0046221344541868,-0.00242386386273834));
#5791=CARTESIAN_POINT('',(-0.00599993691241708,-0.00468722883848645,-0.00241259280170315));
#5792=CARTESIAN_POINT('',(-0.00654352538326425,-0.00329293157033272,-0.00279036032311681));
#5793=CARTESIAN_POINT('',(-0.00651564703233039,-0.0033582544930966,-0.00277847625193216));
#5794=CARTESIAN_POINT('',(-0.00645211404843111,-0.0035071510893241,-0.00275135687623557));
#5795=CARTESIAN_POINT('',(-0.00635291148891258,-0.00373965521958895,-0.00270900046033937));
#5796=CARTESIAN_POINT('',(-0.00624586620547937,-0.00399043196929766,-0.00266342481027672));
#5797=CARTESIAN_POINT('',(-0.00613886079798687,-0.00424118183308416,-0.00261778538239027));
#5798=CARTESIAN_POINT('',(-0.00603973441876346,-0.00447345158902018,-0.00257552621267612));
#5799=CARTESIAN_POINT('',(-0.00597628849188927,-0.00462213432514396,-0.00254845682232409));
#5800=CARTESIAN_POINT('',(-0.00594850124942153,-0.00468724343683342,-0.00253661251245806));
#5801=CARTESIAN_POINT('',(-0.00649821264774962,-0.00329279944928697,-0.00289310407679761));
#5802=CARTESIAN_POINT('',(-0.00647053011454756,-0.00335811598178244,-0.00288078333944333));
#5803=CARTESIAN_POINT('',(-0.00640741709190975,-0.00350708285085966,-0.00285263859791969));
#5804=CARTESIAN_POINT('',(-0.00630889105871162,-0.00373958915955238,-0.00280875003514938));
#5805=CARTESIAN_POINT('',(-0.00620257892971268,-0.00399045770729026,-0.00276141119795493));
#5806=CARTESIAN_POINT('',(-0.00609631994999223,-0.00424118132493616,-0.00271411033258951));
#5807=CARTESIAN_POINT('',(-0.0059978763234677,-0.00447345972222292,-0.00267029507260375));
#5808=CARTESIAN_POINT('',(-0.00593487299545746,-0.0046221379767294,-0.00264222932887965));
#5809=CARTESIAN_POINT('',(-0.0059072843031772,-0.004687230981373,-0.00262995265468217));
#5810=CARTESIAN_POINT('',(-0.00643661238019193,-0.00329240360806517,-0.00302855438659453));
#5811=CARTESIAN_POINT('',(-0.00640918954794242,-0.00335773237527882,-0.00301565146162128));
#5812=CARTESIAN_POINT('',(-0.0063466803258124,-0.00350664620226939,-0.00298623948984168));
#5813=CARTESIAN_POINT('',(-0.00624910043358833,-0.00373910470087011,-0.00294032559751446));
#5814=CARTESIAN_POINT('',(-0.0061438519557458,-0.00398983537157685,-0.00289080338082192));
#5815=CARTESIAN_POINT('',(-0.00603859041595199,-0.00424059627298067,-0.0028412757965244));
#5816=CARTESIAN_POINT('',(-0.00594108277969226,-0.00447288640335726,-0.00279539665520043));
#5817=CARTESIAN_POINT('',(-0.00587867814976556,-0.0046215500325849,-0.00276603371446594));
#5818=CARTESIAN_POINT('',(-0.00585135070498306,-0.00468665141360429,-0.0027531756088667));
#5819=CARTESIAN_POINT('',(-0.00643254476767455,-0.0033020937841602,-0.00302664050244916));
#5820=CARTESIAN_POINT('',(-0.00652650974507297,-0.00329894025802914,-0.00282422346372563));
#5821=CARTESIAN_POINT('',(-0.00661196839709221,-0.00329894403310333,-0.00261791158438358));
#5822=CARTESIAN_POINT('',(-0.00668865468315283,-0.0033020952599865,-0.00240833783611865));
#5823=CARTESIAN_POINT('',(-0.00643254464478061,-0.00330209366397947,-0.00302664066026444));
#5824=CARTESIAN_POINT('',(-0.00668865470786639,-0.00330209513981536,-0.00240833763758079));
#5825=CARTESIAN_POINT('',(-0.00677537896144951,-0.00248537125588194,-0.00318795110924808));
#5826=CARTESIAN_POINT('',(-0.00674029624681666,-0.0025689471501547,-0.00317144364017714));
#5827=CARTESIAN_POINT('',(-0.00667013075482973,-0.00273609908811804,-0.00313842867252306));
#5828=CARTESIAN_POINT('',(-0.00656487849101344,-0.00298683747981931,-0.00308890505210951));
#5829=CARTESIAN_POINT('',(-0.00645960905673013,-0.00323761933848118,-0.00303937493464612));
#5830=CARTESIAN_POINT('',(-0.0063543444901519,-0.00348838834099508,-0.00298984567968512));
#5831=CARTESIAN_POINT('',(-0.00624910043358833,-0.00373910470087011,-0.00294032559751446));
#5832=CARTESIAN_POINT('',(-0.0061438519557458,-0.00398983537157685,-0.00289080338082192));
#5833=CARTESIAN_POINT('',(-0.00603859041595199,-0.00424059627298067,-0.0028412757965244));
#5834=CARTESIAN_POINT('',(-0.00593332334652321,-0.00449137151705325,-0.00279174569877678));
#5835=CARTESIAN_POINT('',(-0.00582808351924699,-0.0047420791299295,-0.00274222763901661));
#5836=CARTESIAN_POINT('',(-0.00572278961055403,-0.00499292255495025,-0.00269268614883556));
#5837=CARTESIAN_POINT('',(-0.00561756230161206,-0.00524359711079344,-0.00264317369153334));
#5838=CARTESIAN_POINT('',(-0.00554737893755354,-0.00541079430527693,-0.00261015106263976));
#5839=CARTESIAN_POINT('',(-0.00551228770383928,-0.00549439183450192,-0.00259363995913384));
#5840=CARTESIAN_POINT('',(-0.00585485123864641,-0.0046783117832577,-0.00275482289593196));
#5841=CARTESIAN_POINT('',(-0.00608796000005101,-0.00467831140949544,-0.00219205119938966));
#5842=CARTESIAN_POINT('',(-0.00601646070041432,-0.00467935979682293,-0.00238217470683817));
#5843=CARTESIAN_POINT('',(-0.00593872847333045,-0.00467935902892735,-0.00256984076510707));
#5844=CARTESIAN_POINT('',(-0.00585485143043227,-0.00467831173926694,-0.00275482277048443));
#5845=CARTESIAN_POINT('',(-0.00608795995303861,-0.00467831145351917,-0.00219205097509521));
#5846=CARTESIAN_POINT('',(-0.00704511565680165,-0.00248542539196614,-0.00253668590575718));
#5847=CARTESIAN_POINT('',(-0.00700863946750092,-0.00256899309894843,-0.00252355240332838));
#5848=CARTESIAN_POINT('',(-0.00693568702368697,-0.00273612866231618,-0.00249728537499059));
#5849=CARTESIAN_POINT('',(-0.00682624012492699,-0.00298687654721037,-0.00245787773051976));
#5850=CARTESIAN_POINT('',(-0.00671676566023934,-0.00323769194115919,-0.00241845925956724));
#5851=CARTESIAN_POINT('',(-0.00660732129421856,-0.00348843407485003,-0.00237905251019781));
#5852=CARTESIAN_POINT('',(-0.00649787463168097,-0.00373917913618598,-0.00233964536854409));
#5853=CARTESIAN_POINT('',(-0.00638845566932358,-0.00398986164357685,-0.00230024803986403));
#5854=CARTESIAN_POINT('',(-0.00627900394409347,-0.00424062032345564,-0.00226083869492438));
#5855=CARTESIAN_POINT('',(-0.00616954392133764,-0.00449140036652078,-0.00222142586444276));
#5856=CARTESIAN_POINT('',(-0.00606011881591701,-0.00474209496536581,-0.0021820268647057));
#5857=CARTESIAN_POINT('',(-0.0059506109383911,-0.00499299333335908,-0.00214259488708181));
#5858=CARTESIAN_POINT('',(-0.00584120082524793,-0.00524364921480982,-0.00210320218129065));
#5859=CARTESIAN_POINT('',(-0.00576824533405881,-0.00541079289939498,-0.00207693381403719));
#5860=CARTESIAN_POINT('',(-0.00573176805448694,-0.00549436367401262,-0.00206379979820668));
#5861=CARTESIAN_POINT('',(-0.00555663833005206,-0.00195311387246298,-0.00107067186639363));
#5862=CARTESIAN_POINT('',(-0.00554703380423751,-0.00198193312393686,-0.00106882113561414));
#5863=CARTESIAN_POINT('',(-0.00550834908086819,-0.00209801020130025,-0.00106136669191312));
#5864=CARTESIAN_POINT('',(-0.00544058085683286,-0.00230135556745337,-0.00104830641145013));
#5865=CARTESIAN_POINT('',(-0.00535333372610186,-0.0025631516269704,-0.00103149298335412));
#5866=CARTESIAN_POINT('',(-0.00526610163167106,-0.00282489626513942,-0.00101468476923907));
#5867=CARTESIAN_POINT('',(-0.00517887125251162,-0.00308663358306569,-0.000997878571923633));
#5868=CARTESIAN_POINT('',(-0.00509163075834866,-0.00334840839245663,-0.000981067103163566));
#5869=CARTESIAN_POINT('',(-0.0050044051398351,-0.00361012992384716,-0.000964262627459937));
#5870=CARTESIAN_POINT('',(-0.00491716600927113,-0.00387189810711093,-0.000947451976000627));
#5871=CARTESIAN_POINT('',(-0.00482992227581533,-0.00413368181320877,-0.000930638827356709));
#5872=CARTESIAN_POINT('',(-0.00474270719877897,-0.00439536833480558,-0.000913839546005001));
#5873=CARTESIAN_POINT('',(-0.00466169386730913,-0.00463845181270102,-0.000898228873462576));
#5874=CARTESIAN_POINT('',(-0.00460974126126654,-0.00479434408562341,-0.00088821629663007));
#5875=CARTESIAN_POINT('',(-0.00458687379262513,-0.00486296192919105,-0.000883809088904114));
#5876=CARTESIAN_POINT('',(-0.00558880382283141,-0.00196387580545145,-0.00108092076038667));
#5877=CARTESIAN_POINT('',(-0.00557915568187039,-0.00199267824326212,-0.00107905613537082));
#5878=CARTESIAN_POINT('',(-0.00554038469977638,-0.00210872117433187,-0.00107157417282637));
#5879=CARTESIAN_POINT('',(-0.00547340731432762,-0.00231236043099158,-0.00105876533547958));
#5880=CARTESIAN_POINT('',(-0.00537983165419658,-0.00257200843557898,-0.00103993556967797));
#5881=CARTESIAN_POINT('',(-0.00531387286077719,-0.00284088440056896,-0.00102990530975427));
#5882=CARTESIAN_POINT('',(-0.00522565690581472,-0.00310229521985956,-0.00101278494220404));
#5883=CARTESIAN_POINT('',(-0.00511672083405075,-0.00335678682070951,-0.000989060870617131));
#5884=CARTESIAN_POINT('',(-0.00503466677538942,-0.00362024480555377,-0.000973903971404301));
#5885=CARTESIAN_POINT('',(-0.00494539972031715,-0.00388133480519675,-0.000956447360979862));
#5886=CARTESIAN_POINT('',(-0.00485805022217382,-0.00414310795593544,-0.000939599500011686));
#5887=CARTESIAN_POINT('',(-0.00477022711315986,-0.00440456599346481,-0.000922606610797749));
#5888=CARTESIAN_POINT('',(-0.00468875481466257,-0.00464754725373628,-0.000906850001708708));
#5889=CARTESIAN_POINT('',(-0.00463651159822476,-0.0048033182568298,-0.000896744527495961));
#5890=CARTESIAN_POINT('',(-0.00461351636840932,-0.00487188041515485,-0.000892296458590696));
#5891=CARTESIAN_POINT('',(-0.00562140512959894,-0.00197542384669303,-0.00109280090719233));
#5892=CARTESIAN_POINT('',(-0.00561170362630965,-0.00200420813986698,-0.0010909163500639));
#5893=CARTESIAN_POINT('',(-0.005572744468684,-0.00212018398921482,-0.00108336059480199));
#5894=CARTESIAN_POINT('',(-0.00550571929651064,-0.00232376894602416,-0.00107049084778922));
#5895=CARTESIAN_POINT('',(-0.0054099925568877,-0.00258256704449493,-0.00105109524681819));
#5896=CARTESIAN_POINT('',(-0.00534965175745578,-0.00285373023640206,-0.00104229605527884));
#5897=CARTESIAN_POINT('',(-0.0052607798505062,-0.00311492207022026,-0.00102495457676156));
#5898=CARTESIAN_POINT('',(-0.00514536628637551,-0.00336681619579483,-0.000999662432844817));
#5899=CARTESIAN_POINT('',(-0.00506439670333659,-0.00363074774566983,-0.00098468838650217));
#5900=CARTESIAN_POINT('',(-0.00497420289071549,-0.00389143736068082,-0.000966951988433975));
#5901=CARTESIAN_POINT('',(-0.00488644992797078,-0.00415309608151137,-0.000949941273124236));
#5902=CARTESIAN_POINT('',(-0.00479808920000004,-0.00441434457649399,-0.000932756571090321));
#5903=CARTESIAN_POINT('',(-0.00471613201521494,-0.00465721338876493,-0.000916822526218247));
#5904=CARTESIAN_POINT('',(-0.00466359405993562,-0.00481285782885939,-0.000906609665389336));
#5905=CARTESIAN_POINT('',(-0.00464046976905691,-0.0048813620245772,-0.000902114594177072));
#5906=CARTESIAN_POINT('',(-0.00568757529894274,-0.00199973316800739,-0.00112005955085458));
#5907=CARTESIAN_POINT('',(-0.00567775731718978,-0.00202846945603692,-0.00111812673853779));
#5908=CARTESIAN_POINT('',(-0.00563830161417048,-0.00214424547932222,-0.00111036361841156));
#5909=CARTESIAN_POINT('',(-0.00557011795489689,-0.0023474121885218,-0.00109699360701227));
#5910=CARTESIAN_POINT('',(-0.00547508394291166,-0.00260640451496805,-0.00107799683738133));
#5911=CARTESIAN_POINT('',(-0.00540725890825572,-0.00287494741722092,-0.00106568763967185));
#5912=CARTESIAN_POINT('',(-0.00531748656440945,-0.00313585783123153,-0.00104798714813638));
#5913=CARTESIAN_POINT('',(-0.0052073013172736,-0.0033894167440711,-0.001025258086179));
#5914=CARTESIAN_POINT('',(-0.00512361694732173,-0.00365241417954842,-0.00100905624469827));
#5915=CARTESIAN_POINT('',(-0.00503283341120192,-0.00391287575596456,-0.00099110662628659));
#5916=CARTESIAN_POINT('',(-0.00494392937694358,-0.00417408859097113,-0.00097361336752357));
#5917=CARTESIAN_POINT('',(-0.00485455659034098,-0.00443498966647466,-0.00095601345791241));
#5918=CARTESIAN_POINT('',(-0.00477163235305958,-0.00467748133544231,-0.000939682173949244));
#5919=CARTESIAN_POINT('',(-0.00471848843939247,-0.00483288661740935,-0.00092921958086179));
#5920=CARTESIAN_POINT('',(-0.00469509801761669,-0.00490128565695776,-0.000924614794939492));
#5921=CARTESIAN_POINT('',(-0.00572103466199402,-0.00201241646262449,-0.00113541609406265));
#5922=CARTESIAN_POINT('',(-0.00571116553978632,-0.00204113169461566,-0.00113346071168555));
#5923=CARTESIAN_POINT('',(-0.00567155265638115,-0.00215684389684996,-0.00112563654395765));
#5924=CARTESIAN_POINT('',(-0.00560360775868637,-0.00236011990491092,-0.00111247415048168));
#5925=CARTESIAN_POINT('',(-0.0055048701413226,-0.002617654528335,-0.00109129773702486));
#5926=CARTESIAN_POINT('',(-0.00544839568637629,-0.00289068326582277,-0.00108598898108323));
#5927=CARTESIAN_POINT('',(-0.00535782799331662,-0.00315131005402109,-0.00106788299374985));
#5928=CARTESIAN_POINT('',(-0.00523558278824717,-0.00340004916561159,-0.00103787626723276));
#5929=CARTESIAN_POINT('',(-0.00515446374612195,-0.00366408325617945,-0.00102331866189965));
#5930=CARTESIAN_POINT('',(-0.00506232220815771,-0.0039240263867458,-0.00100462079158126));
#5931=CARTESIAN_POINT('',(-0.00497311742322722,-0.00418511740903319,-0.000987022455734793));
#5932=CARTESIAN_POINT('',(-0.00488315553420622,-0.00444580740044243,-0.000969143188581583));
#5933=CARTESIAN_POINT('',(-0.00479976748295149,-0.00468808362060494,-0.000952601048661694));
#5934=CARTESIAN_POINT('',(-0.00474631204762221,-0.00484337208818321,-0.000941995630364881));
#5935=CARTESIAN_POINT('',(-0.00472278392322035,-0.00491172059468424,-0.000937327663519038));
#5936=CARTESIAN_POINT('',(-0.00582314004727517,-0.00205168505159328,-0.00118718456556698));
#5937=CARTESIAN_POINT('',(-0.00581310080633104,-0.00208034131435886,-0.00118514685290223));
#5938=CARTESIAN_POINT('',(-0.0057728668280517,-0.00219583972010493,-0.00117705400861067));
#5939=CARTESIAN_POINT('',(-0.00570450920099313,-0.00239899105653847,-0.00116408390326837));
#5940=CARTESIAN_POINT('',(-0.0056001096258078,-0.00265411040564398,-0.00113806805156744));
#5941=CARTESIAN_POINT('',(-0.00555717708474547,-0.0029332890452599,-0.00114697756422542));
#5942=CARTESIAN_POINT('',(-0.00546467606318196,-0.00319312872318896,-0.00112772907265978));
#5943=CARTESIAN_POINT('',(-0.00532607916336646,-0.00343468975646637,-0.00108227633502868));
#5944=CARTESIAN_POINT('',(-0.00524730581585063,-0.00369987583507263,-0.00107082496454297));
#5945=CARTESIAN_POINT('',(-0.00515249613004371,-0.00395874812751921,-0.00105026073783795));
#5946=CARTESIAN_POINT('',(-0.00506198044707427,-0.00421931763522715,-0.00103213318841388));
#5947=CARTESIAN_POINT('',(-0.00497034111582745,-0.00447934891070567,-0.00101336600475786));
#5948=CARTESIAN_POINT('',(-0.0048854880638218,-0.00472103283951253,-0.000996089105043971));
#5949=CARTESIAN_POINT('',(-0.00483108006249161,-0.00487596752961504,-0.000985001815433505));
#5950=CARTESIAN_POINT('',(-0.00480713211473209,-0.00494416139596997,-0.000980121305761944));
#5951=CARTESIAN_POINT('',(-0.00589241702058341,-0.00207918397054084,-0.00122902826995787));
#5952=CARTESIAN_POINT('',(-0.00588225665861732,-0.0021077919259028,-0.00122691989229467));
#5953=CARTESIAN_POINT('',(-0.00584152215295967,-0.00222309541441713,-0.00121855498635724));
#5954=CARTESIAN_POINT('',(-0.00577215410565323,-0.00242590164170819,-0.00120524059866491));
#5955=CARTESIAN_POINT('',(-0.0056674640310998,-0.00268068249628952,-0.00117774792628531));
#5956=CARTESIAN_POINT('',(-0.00562046662703855,-0.00295907382330817,-0.0011890620380544));
#5957=CARTESIAN_POINT('',(-0.00552696716650581,-0.0032184389415216,-0.0011690983519007));
#5958=CARTESIAN_POINT('',(-0.00539011944065222,-0.00346006476913283,-0.00111998122951605));
#5959=CARTESIAN_POINT('',(-0.00530949517988525,-0.00372469944588642,-0.00110867683070248));
#5960=CARTESIAN_POINT('',(-0.0052138007165066,-0.00398317811534715,-0.00108723908561908));
#5961=CARTESIAN_POINT('',(-0.00512214956179991,-0.00424328378481603,-0.00106851456639722));
#5962=CARTESIAN_POINT('',(-0.00502940975937171,-0.00450298147330341,-0.00104906318634645));
#5963=CARTESIAN_POINT('',(-0.00494353792304921,-0.00474427620104979,-0.00103117649363204));
#5964=CARTESIAN_POINT('',(-0.00488849200852605,-0.00489892766913185,-0.00101970418305152));
#5965=CARTESIAN_POINT('',(-0.00486426391515219,-0.0049669954798185,-0.00101465445215186));
#5966=CARTESIAN_POINT('',(-0.00610251114022428,-0.00216621706743299,-0.00137600622401025));
#5967=CARTESIAN_POINT('',(-0.00609197988134346,-0.00219467407928939,-0.0013736429231149));
#5968=CARTESIAN_POINT('',(-0.00604969467608245,-0.00230935065123195,-0.00136424673959512));
#5969=CARTESIAN_POINT('',(-0.00597701155381679,-0.00251085898052877,-0.00134907825983781));
#5970=CARTESIAN_POINT('',(-0.00587271532664254,-0.00276540838050571,-0.00131958047775833));
#5971=CARTESIAN_POINT('',(-0.00580861697105935,-0.00303822051071858,-0.00132745161709402));
#5972=CARTESIAN_POINT('',(-0.00571211936757352,-0.00329629545146278,-0.00130520501874506));
#5973=CARTESIAN_POINT('',(-0.00558539649024828,-0.00354072379320097,-0.00125487116192119));
#5974=CARTESIAN_POINT('',(-0.00549787497031176,-0.00380288287389979,-0.0012409648215296));
#5975=CARTESIAN_POINT('',(-0.00539984887253966,-0.00406028402094201,-0.00121729827000983));
#5976=CARTESIAN_POINT('',(-0.00530463714518753,-0.00431895821518852,-0.00119624320440757));
#5977=CARTESIAN_POINT('',(-0.00520866267457125,-0.00457732816353668,-0.00117448721314755));
#5978=CARTESIAN_POINT('',(-0.00511972263405213,-0.00481731174257386,-0.00115445836514684));
#5979=CARTESIAN_POINT('',(-0.00506269851237728,-0.00497118786230808,-0.00114161028316761));
#5980=CARTESIAN_POINT('',(-0.00503759925146253,-0.005038917106402,-0.00113595490800438));
#5981=CARTESIAN_POINT('',(-0.00624157253940406,-0.00222945791182857,-0.00150224943295426));
#5982=CARTESIAN_POINT('',(-0.00623079009171585,-0.00225779981758614,-0.00149965854508763));
#5983=CARTESIAN_POINT('',(-0.00618740455547096,-0.00237197486335147,-0.00148926941865991));
#5984=CARTESIAN_POINT('',(-0.00611186044807736,-0.0025722052765174,-0.00147155792476157));
#5985=CARTESIAN_POINT('',(-0.00601108676054439,-0.00282823582411527,-0.00144499173479111));
#5986=CARTESIAN_POINT('',(-0.00592349488630345,-0.00309081236820425,-0.00143253103000092));
#5987=CARTESIAN_POINT('',(-0.00582528379001189,-0.00334812301511538,-0.00140870909259307));
#5988=CARTESIAN_POINT('',(-0.00571714847180995,-0.00360048106025111,-0.00137426116953299));
#5989=CARTESIAN_POINT('',(-0.00562187894684115,-0.003859249342203,-0.00135358602224673));
#5990=CARTESIAN_POINT('',(-0.00552316048207298,-0.00411630146451496,-0.00132921942657591));
#5991=CARTESIAN_POINT('',(-0.00542536853233743,-0.00437380715425654,-0.0013058421885888));
#5992=CARTESIAN_POINT('',(-0.00532732744427654,-0.00463119416755226,-0.00128220028409934));
#5993=CARTESIAN_POINT('',(-0.00523633399754232,-0.00487026158484432,-0.00126030621670152));
#5994=CARTESIAN_POINT('',(-0.00517799975362878,-0.00502353765331192,-0.00124627361540759));
#5995=CARTESIAN_POINT('',(-0.00515232410630613,-0.0050910022598836,-0.00124009734302501));
#5996=CARTESIAN_POINT('',(-0.00649557017590399,-0.00235565523234974,-0.00177374391122769));
#5997=CARTESIAN_POINT('',(-0.00648433774683789,-0.0023837742636638,-0.0017706723037694));
#5998=CARTESIAN_POINT('',(-0.00643905101644751,-0.00249700705526376,-0.00175825186103992));
#5999=CARTESIAN_POINT('',(-0.0063592411275128,-0.00269511728791412,-0.00173598009833718));
#6000=CARTESIAN_POINT('',(-0.00626020969268062,-0.00295201570843087,-0.00171128507799805));
#6001=CARTESIAN_POINT('',(-0.00614725104089943,-0.00320198617947863,-0.00167168414130619));
#6002=CARTESIAN_POINT('',(-0.00604550615554066,-0.00345754527529592,-0.00164408759173493));
#6003=CARTESIAN_POINT('',(-0.00595426631826184,-0.00371828953607869,-0.00162772430136411));
#6004=CARTESIAN_POINT('',(-0.00584941556655365,-0.00397230002746778,-0.00159680274899158));
#6005=CARTESIAN_POINT('',(-0.00574821103053663,-0.00422812047451584,-0.00156978261962551));
#6006=CARTESIAN_POINT('',(-0.00564603754354724,-0.00448343688751212,-0.00154172030073507));
#6007=CARTESIAN_POINT('',(-0.00554411521257607,-0.00473890558601243,-0.00151393311975482));
#6008=CARTESIAN_POINT('',(-0.00544939823641978,-0.00497613396622226,-0.00148806236529775));
#6009=CARTESIAN_POINT('',(-0.00538867451997527,-0.00512820606039799,-0.0014714731538654));
#6010=CARTESIAN_POINT('',(-0.00536194705448131,-0.00519513970568325,-0.00146417129759613));
#6011=CARTESIAN_POINT('',(-0.0065993768994311,-0.00241282197382894,-0.00190719162972868));
#6012=CARTESIAN_POINT('',(-0.006587966262993,-0.0024408406892308,-0.00190388834903272));
#6013=CARTESIAN_POINT('',(-0.00654196953625798,-0.00255367026037471,-0.0018905289097745));
#6014=CARTESIAN_POINT('',(-0.00646099783238629,-0.00275108285031857,-0.00186655034062775));
#6015=CARTESIAN_POINT('',(-0.00635983323915945,-0.0030070899041517,-0.00184015396477333));
#6016=CARTESIAN_POINT('',(-0.00624711048801057,-0.00325615517713591,-0.00179697207496191));
#6017=CARTESIAN_POINT('',(-0.00614369990387982,-0.00351082986587077,-0.00176731999363672));
#6018=CARTESIAN_POINT('',(-0.00604897901547112,-0.00377063290540703,-0.00175025656308311));
#6019=CARTESIAN_POINT('',(-0.00594299646231046,-0.0040237579561737,-0.00171686740743174));
#6020=CARTESIAN_POINT('',(-0.00584003121032311,-0.00427867817407721,-0.00168785445848774));
#6021=CARTESIAN_POINT('',(-0.00573625583446373,-0.00453309778500235,-0.00165765971783006));
#6022=CARTESIAN_POINT('',(-0.00563269356354725,-0.00478767530914648,-0.0016277848387801));
#6023=CARTESIAN_POINT('',(-0.00553647334146059,-0.00502406397169871,-0.00159997574928524));
#6024=CARTESIAN_POINT('',(-0.00547478341573303,-0.00517561074623852,-0.001582142456803));
#6025=CARTESIAN_POINT('',(-0.00544763057226,-0.00524231371239701,-0.00157429296184298));
#6026=CARTESIAN_POINT('',(-0.00674336745632531,-0.002498999611047,-0.00211628413465425));
#6027=CARTESIAN_POINT('',(-0.0067317145671436,-0.00252687550567854,-0.00211262986371035));
#6028=CARTESIAN_POINT('',(-0.00668479918104848,-0.00263916287041537,-0.00209793920508037));
#6029=CARTESIAN_POINT('',(-0.00660281945377032,-0.00283597370393681,-0.00207249756128796));
#6030=CARTESIAN_POINT('',(-0.0064957185637963,-0.00308841612824227,-0.00203748012098739));
#6031=CARTESIAN_POINT('',(-0.00639446694206412,-0.00334436320555099,-0.00201095411803706));
#6032=CARTESIAN_POINT('',(-0.00628850167721045,-0.00359747905857525,-0.00197758352511074));
#6033=CARTESIAN_POINT('',(-0.00617814313235941,-0.00384799677415943,-0.00193784469377407));
#6034=CARTESIAN_POINT('',(-0.0060734795884059,-0.00410189529641473,-0.00190636448770905));
#6035=CARTESIAN_POINT('',(-0.0059672907151984,-0.00435488364018727,-0.00187267095060858));
#6036=CARTESIAN_POINT('',(-0.00586151257799755,-0.00460812452923149,-0.00183957520320892));
#6037=CARTESIAN_POINT('',(-0.00575562640004023,-0.00486128401391591,-0.0018063179218932));
#6038=CARTESIAN_POINT('',(-0.00565731024790389,-0.00509641450965026,-0.00177546436118635));
#6039=CARTESIAN_POINT('',(-0.00559427342811346,-0.00524717812313197,-0.00175568349082258));
#6040=CARTESIAN_POINT('',(-0.00556652761930535,-0.00531353735354452,-0.00174697694815467));
#6041=CARTESIAN_POINT('',(-0.00678896872552974,-0.00252784966439974,-0.00218820888399835));
#6042=CARTESIAN_POINT('',(-0.00677723996575044,-0.00255567897486147,-0.00218443522293497));
#6043=CARTESIAN_POINT('',(-0.00673004499603198,-0.00266779512120202,-0.00216930314672639));
#6044=CARTESIAN_POINT('',(-0.00664784944945096,-0.00286447890488049,-0.00214350389857859));
#6045=CARTESIAN_POINT('',(-0.00653836510049436,-0.00311536559355971,-0.00210481072537061));
#6046=CARTESIAN_POINT('',(-0.0064426465562422,-0.00337492976972499,-0.00208667739558559));
#6047=CARTESIAN_POINT('',(-0.00633583360445848,-0.00362749880283541,-0.0020519747290873));
#6048=CARTESIAN_POINT('',(-0.0062186678851416,-0.00387364432872737,-0.00200183906701255));
#6049=CARTESIAN_POINT('',(-0.00611491901507834,-0.00412814179950996,-0.00197171140271735));
#6050=CARTESIAN_POINT('',(-0.00600757752725294,-0.00438039133238785,-0.00193622268724735));
#6051=CARTESIAN_POINT('',(-0.00590119826291789,-0.00463326676116049,-0.001902176420632));
#6052=CARTESIAN_POINT('',(-0.00579457279958123,-0.00488593078267415,-0.00186774486989705));
#6053=CARTESIAN_POINT('',(-0.0056955922401001,-0.00512065482040054,-0.00183584862332919));
#6054=CARTESIAN_POINT('',(-0.00563212841659745,-0.0052711527690765,-0.00181539573243651));
#6055=CARTESIAN_POINT('',(-0.00560419461927102,-0.00533739485699654,-0.00180639325387926));
#6056=CARTESIAN_POINT('',(-0.00687959681976777,-0.00258803385475688,-0.00234045626189599));
#6057=CARTESIAN_POINT('',(-0.00686770882136152,-0.00261575699020941,-0.00233641561835329));
#6058=CARTESIAN_POINT('',(-0.00681984965030761,-0.00272743228703244,-0.00232017642061614));
#6059=CARTESIAN_POINT('',(-0.00673625007793533,-0.00292320470505165,-0.00229210290819263));
#6060=CARTESIAN_POINT('',(-0.00662680931426803,-0.00317401396173271,-0.00225306694797029));
#6061=CARTESIAN_POINT('',(-0.00652419346259,-0.00342939100217616,-0.00222489982675864));
#6062=CARTESIAN_POINT('',(-0.00641604783788494,-0.00368109951284743,-0.00218793807362692));
#6063=CARTESIAN_POINT('',(-0.00630283343742902,-0.00392942238651078,-0.0021429028382023));
#6064=CARTESIAN_POINT('',(-0.00619622443884445,-0.0041821346551614,-0.0021083796186864));
#6065=CARTESIAN_POINT('',(-0.00608784285590965,-0.00443367348547274,-0.00207103783389372));
#6066=CARTESIAN_POINT('',(-0.00597995104812119,-0.00468551503846433,-0.00203446492961278));
#6067=CARTESIAN_POINT('',(-0.00587192140854692,-0.00493727455784502,-0.00199767892999022));
#6068=CARTESIAN_POINT('',(-0.00577161215610761,-0.00517111949454794,-0.00196355270584171));
#6069=CARTESIAN_POINT('',(-0.00570730979176419,-0.00532103563150749,-0.00194168080979333));
#6070=CARTESIAN_POINT('',(-0.0056790074623474,-0.00538702088138316,-0.00193205419900107));
#6071=CARTESIAN_POINT('',(-0.00692457770075507,-0.00261947092254335,-0.00242089163146676));
#6072=CARTESIAN_POINT('',(-0.00691261070025053,-0.00264713553586889,-0.00241670890698335));
#6073=CARTESIAN_POINT('',(-0.00686441475912757,-0.00275856438306008,-0.00239986963553298));
#6074=CARTESIAN_POINT('',(-0.00678002961302855,-0.00295379196063365,-0.00237045197927228));
#6075=CARTESIAN_POINT('',(-0.00667104580251512,-0.00320490120350088,-0.00233193509271055));
#6076=CARTESIAN_POINT('',(-0.00656335108181241,-0.00345689676407285,-0.00229583890633843));
#6077=CARTESIAN_POINT('',(-0.00645457064609993,-0.00370824287562222,-0.00225775002332361));
#6078=CARTESIAN_POINT('',(-0.00634496496883865,-0.00395871533820224,-0.00221796405483572));
#6079=CARTESIAN_POINT('',(-0.00623649726589025,-0.00421021943499361,-0.00218043538081511));
#6080=CARTESIAN_POINT('',(-0.00612771509171948,-0.00446146847685294,-0.00214229758527576));
#6081=CARTESIAN_POINT('',(-0.00601904765194664,-0.00471272863787951,-0.00210434196992811));
#6082=CARTESIAN_POINT('',(-0.00591031250706179,-0.00496406396628368,-0.00206631910987788));
#6083=CARTESIAN_POINT('',(-0.00580934557762134,-0.00519744758914468,-0.00203101471437842));
#6084=CARTESIAN_POINT('',(-0.00574463723999555,-0.00534703070088804,-0.00200839614384603));
#6085=CARTESIAN_POINT('',(-0.00571615687088777,-0.00541286782637467,-0.00199844124389073));
#6086=CARTESIAN_POINT('',(-0.00697182840875781,-0.00265332813733117,-0.0025102983019714));
#6087=CARTESIAN_POINT('',(-0.00695978054199945,-0.0026809301185351,-0.00250596037155672));
#6088=CARTESIAN_POINT('',(-0.00691125414650791,-0.00279210550902396,-0.00248848802990196));
#6089=CARTESIAN_POINT('',(-0.00682624012492699,-0.00298687654721037,-0.00245787773051976));
#6090=CARTESIAN_POINT('',(-0.00671676566023934,-0.00323769194115919,-0.00241845925956724));
#6091=CARTESIAN_POINT('',(-0.00660732129421856,-0.00348843407485003,-0.00237905251019781));
#6092=CARTESIAN_POINT('',(-0.00649787463168097,-0.00373917913618598,-0.00233964536854409));
#6093=CARTESIAN_POINT('',(-0.00638845566932358,-0.00398986164357685,-0.00230024803986403));
#6094=CARTESIAN_POINT('',(-0.00627900394409347,-0.00424062032345564,-0.00226083869492438));
#6095=CARTESIAN_POINT('',(-0.00616954392133764,-0.00449140036652078,-0.00222142586444276));
#6096=CARTESIAN_POINT('',(-0.00606011881591701,-0.00474209496536581,-0.0021820268647057));
#6097=CARTESIAN_POINT('',(-0.0059506109383911,-0.00499299333335908,-0.00214259488708181));
#6098=CARTESIAN_POINT('',(-0.00584899781914946,-0.00522578649332175,-0.00210600946005122));
#6099=CARTESIAN_POINT('',(-0.00578384254169441,-0.00537505918004177,-0.00208254973584527));
#6100=CARTESIAN_POINT('',(-0.00575516409978785,-0.00544076249389247,-0.00207222378000319));
#6101=CARTESIAN_POINT('',(-0.00668865470786639,-0.00330209513981536,-0.00240833763758079));
#6102=CARTESIAN_POINT('',(-0.00664946292958072,-0.00300694259470241,-0.00219813428288606));
#6103=CARTESIAN_POINT('',(-0.00659603075261902,-0.00270670273662322,-0.00200008587282923));
#6104=CARTESIAN_POINT('',(-0.00652611976335751,-0.00239452646004495,-0.00182565082303129));
#6105=CARTESIAN_POINT('',(-0.00652611976334556,-0.00239452646005331,-0.00182565082302114));
#6106=CARTESIAN_POINT('',(-0.00520908730941342,-0.00508239814014098,-0.00129282502209132));
#6107=CARTESIAN_POINT('',(-0.00553911543434464,-0.00494235082165334,-0.00155072170279199));
#6108=CARTESIAN_POINT('',(-0.00582720766232379,-0.00480927868115849,-0.00186054973681319));
#6109=CARTESIAN_POINT('',(-0.00608795995303861,-0.00467831145351917,-0.00219205097509521));
#6110=CARTESIAN_POINT('',(-0.00520908730941342,-0.00508239814014098,-0.00129282502209132));
#6111=CARTESIAN_POINT('',(-0.00459419808940003,-0.00484099742722778,-0.000885219462884258));
#6112=CARTESIAN_POINT('',(-0.00483233560730046,-0.00492804607676988,-0.00096135825398439));
#6113=CARTESIAN_POINT('',(-0.00503107771467161,-0.00500693960416468,-0.00111671332266482));
#6114=CARTESIAN_POINT('',(-0.00520908730941342,-0.00508239814014098,-0.00129282502209132));
#6115=CARTESIAN_POINT('',(-0.00459419786322146,-0.00484099742722646,-0.000885220636707065));
#6116=CARTESIAN_POINT('',(-0.00509163632538547,-0.00334839024776154,-0.000981068863623528));
#6117=CARTESIAN_POINT('',(-0.00554191482473254,-0.00199729309787753,-0.00106783471047611));
#6118=CARTESIAN_POINT('',(-0.0055419148247321,-0.00199729309787884,-0.00106783471047603));
#6119=CARTESIAN_POINT('',(-0.0059429781783976,-0.00214389960923827,-0.00119609566709524));
#6120=CARTESIAN_POINT('',(-0.00625676659613036,-0.00227261315437292,-0.00149798844499484));
#6121=CARTESIAN_POINT('',(-0.00652611976334556,-0.00239452646005331,-0.00182565082302113));
#6122=CARTESIAN_POINT('',(-0.00670491469519823,-0.00265323458144541,-0.00315479581124727));
#6123=CARTESIAN_POINT('',(-0.0066933198449081,-0.00268085646779879,-0.00314934010446067));
#6124=CARTESIAN_POINT('',(-0.00664664170260966,-0.00279205573456045,-0.00312737674670407));
#6125=CARTESIAN_POINT('',(-0.00656487833378836,-0.00298683744144352,-0.003088905193747));
#6126=CARTESIAN_POINT('',(-0.0064596088993817,-0.00323761930037682,-0.00303937507625153));
#6127=CARTESIAN_POINT('',(-0.00635434433284683,-0.00348838830279405,-0.00298984582131186));
#6128=CARTESIAN_POINT('',(-0.00624910027625158,-0.00373910466276433,-0.00294032573908545));
#6129=CARTESIAN_POINT('',(-0.00614385179852091,-0.00398983533323358,-0.00289080352255676));
#6130=CARTESIAN_POINT('',(-0.00603859025869974,-0.00424059623470041,-0.00284127593821286));
#6131=CARTESIAN_POINT('',(-0.00593332318927908,-0.00449137147875896,-0.00279174584047856));
#6132=CARTESIAN_POINT('',(-0.00582808336200148,-0.00474207909163885,-0.00274222778071402));
#6133=CARTESIAN_POINT('',(-0.00572278945330303,-0.00499292251663129,-0.00269268629054307));
#6134=CARTESIAN_POINT('',(-0.00562528174466906,-0.00522520728952458,-0.00264680612590218));
#6135=CARTESIAN_POINT('',(-0.00556282469882814,-0.00537399765539418,-0.00261741881530882));
#6136=CARTESIAN_POINT('',(-0.00553545692503923,-0.0054391956084616,-0.00260454174277246));
#6137=CARTESIAN_POINT('',(-0.0065135785387405,-0.00258623929985604,-0.00321380781650586));
#6138=CARTESIAN_POINT('',(-0.00650231467218968,-0.00261398001812156,-0.00320824947158616));
#6139=CARTESIAN_POINT('',(-0.00645696795233994,-0.0027256573032926,-0.00318587313412464));
#6140=CARTESIAN_POINT('',(-0.00637752580144594,-0.00292127242013999,-0.00314668047745565));
#6141=CARTESIAN_POINT('',(-0.00627524272545344,-0.00317308430114312,-0.00309623015856704));
#6142=CARTESIAN_POINT('',(-0.00617300328286376,-0.00342487640445088,-0.00304577830436399));
#6143=CARTESIAN_POINT('',(-0.00607063098830524,-0.00367687422683675,-0.00299530045266277));
#6144=CARTESIAN_POINT('',(-0.00596852904072959,-0.00392844494404977,-0.00294487806782099));
#6145=CARTESIAN_POINT('',(-0.00586622281909654,-0.00418032704759383,-0.00289441599419038));
#6146=CARTESIAN_POINT('',(-0.00576397833274089,-0.00443212495738897,-0.00284396304311088));
#6147=CARTESIAN_POINT('',(-0.00566170143978957,-0.00468393707967441,-0.00279351381103707));
#6148=CARTESIAN_POINT('',(-0.00555959191025278,-0.00493560923435141,-0.00274306418934303));
#6149=CARTESIAN_POINT('',(-0.00546463764712334,-0.00516916141693022,-0.00269629826329919));
#6150=CARTESIAN_POINT('',(-0.0054040174372113,-0.00531850721034393,-0.00266636791465142));
#6151=CARTESIAN_POINT('',(-0.00537746303936122,-0.00538393771432388,-0.00265325391802818));
#6152=CARTESIAN_POINT('',(-0.00635036165023125,-0.00252852284850548,-0.00325612719962188));
#6153=CARTESIAN_POINT('',(-0.00633937883503033,-0.00255636613905695,-0.00325049524425032));
#6154=CARTESIAN_POINT('',(-0.00629516459909434,-0.00266845490176763,-0.00322782270619667));
#6155=CARTESIAN_POINT('',(-0.00621771707846111,-0.00286477546168473,-0.00318811266352206));
#6156=CARTESIAN_POINT('',(-0.00611801701511639,-0.00311746767613004,-0.00313700084608515));
#6157=CARTESIAN_POINT('',(-0.00601832972347593,-0.00337020294329026,-0.00308587831694273));
#6158=CARTESIAN_POINT('',(-0.00591861825518173,-0.00362288928250872,-0.00303476873757446));
#6159=CARTESIAN_POINT('',(-0.00581894885679349,-0.00387568937109068,-0.00298363140817737));
#6160=CARTESIAN_POINT('',(-0.00571924347911713,-0.00412839169373995,-0.00293251792011419));
#6161=CARTESIAN_POINT('',(-0.0056195561551896,-0.00438111740865187,-0.0028813973202022));
#6162=CARTESIAN_POINT('',(-0.00551984616462157,-0.00463383110677259,-0.00283028316577383));
#6163=CARTESIAN_POINT('',(-0.00542022076715711,-0.00488658659133309,-0.00277914648229902));
#6164=CARTESIAN_POINT('',(-0.00532779187746009,-0.0051206985173109,-0.00273179906382867));
#6165=CARTESIAN_POINT('',(-0.00526864567693381,-0.00527066665463787,-0.00270146395344594));
#6166=CARTESIAN_POINT('',(-0.00524273110421502,-0.00533638100339227,-0.0026881712319874));
#6167=CARTESIAN_POINT('',(-0.00601494920805179,-0.00241269317655379,-0.0033178236616067));
#6168=CARTESIAN_POINT('',(-0.00600454530915953,-0.0024407343846446,-0.00331208556189977));
#6169=CARTESIAN_POINT('',(-0.00596266265968735,-0.00255362115700833,-0.00328898534331153));
#6170=CARTESIAN_POINT('',(-0.00588930983241918,-0.0027513526054668,-0.00324852227770769));
#6171=CARTESIAN_POINT('',(-0.00579489566477395,-0.00300587366964953,-0.00319643643739959));
#6172=CARTESIAN_POINT('',(-0.00570046250747963,-0.00326042746370331,-0.00314434672668528));
#6173=CARTESIAN_POINT('',(-0.00560605019717727,-0.00351497747739659,-0.00309225430277615));
#6174=CARTESIAN_POINT('',(-0.00551158380676854,-0.0037694743032193,-0.00304018015217954));
#6175=CARTESIAN_POINT('',(-0.00541716361943241,-0.00402402007350703,-0.00298808981954174));
#6176=CARTESIAN_POINT('',(-0.00532273388407838,-0.00427855709269262,-0.00293600274865702));
#6177=CARTESIAN_POINT('',(-0.00522828778177509,-0.00453308328037554,-0.00288391916783582));
#6178=CARTESIAN_POINT('',(-0.00513391288704056,-0.00478762918112212,-0.00283182684655118));
#6179=CARTESIAN_POINT('',(-0.00504643991138385,-0.00502350617827212,-0.0027835538480482));
#6180=CARTESIAN_POINT('',(-0.00499040170259827,-0.0051745231791217,-0.00275265196792486));
#6181=CARTESIAN_POINT('',(-0.00496584620053947,-0.00524069367280703,-0.00273911199840717));
#6182=CARTESIAN_POINT('',(-0.00583548224217506,-0.00235157978746204,-0.00333922319578671));
#6183=CARTESIAN_POINT('',(-0.00582538833891569,-0.00237972594880234,-0.00333344813948659));
#6184=CARTESIAN_POINT('',(-0.00578474235026855,-0.00249303164106178,-0.00331019958217192));
#6185=CARTESIAN_POINT('',(-0.00571343660151387,-0.00269145899970337,-0.00326948131278444));
#6186=CARTESIAN_POINT('',(-0.00562250193067211,-0.00294719925302962,-0.00321703434071986));
#6187=CARTESIAN_POINT('',(-0.0055283456861257,-0.00320181322133709,-0.0031646993774855));
#6188=CARTESIAN_POINT('',(-0.00543742442493872,-0.00345755460397056,-0.00311225211866382));
#6189=CARTESIAN_POINT('',(-0.00534574066102217,-0.00371301170856582,-0.00305983487252641));
#6190=CARTESIAN_POINT('',(-0.0052538404409432,-0.00396841405545998,-0.0030074215410217));
#6191=CARTESIAN_POINT('',(-0.00516361203770933,-0.00422438356780155,-0.00295495155478068));
#6192=CARTESIAN_POINT('',(-0.00506690759950152,-0.00447813725804398,-0.00290270454417036));
#6193=CARTESIAN_POINT('',(-0.00499445645941076,-0.00474014780997503,-0.0028496298862598));
#6194=CARTESIAN_POINT('',(-0.00490466776459621,-0.0049752405096297,-0.00280121955185774));
#6195=CARTESIAN_POINT('',(-0.00485043554961212,-0.00512686100716339,-0.00277011401618719));
#6196=CARTESIAN_POINT('',(-0.00482681033991643,-0.00519334265357502,-0.00275647992139898));
#6197=CARTESIAN_POINT('',(-0.00554325712974281,-0.00225235487504142,-0.00334903897317975));
#6198=CARTESIAN_POINT('',(-0.00553367099535759,-0.00228067378655761,-0.00334324673251717));
#6199=CARTESIAN_POINT('',(-0.00549508673609454,-0.0023946808077168,-0.00331992843036799));
#6200=CARTESIAN_POINT('',(-0.00542757746471775,-0.00259439854493866,-0.00327908204614636));
#6201=CARTESIAN_POINT('',(-0.00534010334250372,-0.00285129786106309,-0.00322652000339245));
#6202=CARTESIAN_POINT('',(-0.00525476032978731,-0.00310892170115224,-0.00317388729935182));
#6203=CARTESIAN_POINT('',(-0.00516727506639997,-0.00336582759899003,-0.00312132380025743));
#6204=CARTESIAN_POINT('',(-0.00508030930130146,-0.00362288394990567,-0.0030687477413302));
#6205=CARTESIAN_POINT('',(-0.00499346471136767,-0.00388000385094619,-0.0030161635369914));
#6206=CARTESIAN_POINT('',(-0.00490555717741422,-0.00413676002742305,-0.00296361592385246));
#6207=CARTESIAN_POINT('',(-0.00482178408084721,-0.00439490665206647,-0.00291093032754601));
#6208=CARTESIAN_POINT('',(-0.00472254607024966,-0.00464781866945273,-0.00285876716146648));
#6209=CARTESIAN_POINT('',(-0.00464502685324041,-0.00488707037183401,-0.00280994181299549));
#6210=CARTESIAN_POINT('',(-0.00459331854824832,-0.00503955617395684,-0.00277874995552854));
#6211=CARTESIAN_POINT('',(-0.00457057393665413,-0.00510634101227431,-0.0027650856178201));
#6212=CARTESIAN_POINT('',(-0.005428713853089,-0.00221354369391922,-0.003346664919421));
#6213=CARTESIAN_POINT('',(-0.00541932836728079,-0.00224192968212967,-0.00334087716944054));
#6214=CARTESIAN_POINT('',(-0.00538156805683309,-0.0023562128470451,-0.00331757877410341));
#6215=CARTESIAN_POINT('',(-0.00531567251268308,-0.00255647862873382,-0.00327678651666967));
#6216=CARTESIAN_POINT('',(-0.00522894042045971,-0.00281362956149418,-0.00322413992047901));
#6217=CARTESIAN_POINT('',(-0.00514934076537174,-0.00307320815613116,-0.00317200004094056));
#6218=CARTESIAN_POINT('',(-0.00506257526411255,-0.00333036223705048,-0.00311934686793875));
#6219=CARTESIAN_POINT('',(-0.00497754529608048,-0.00358806310887276,-0.00306683577550424));
#6220=CARTESIAN_POINT('',(-0.00489274830649022,-0.00384587780340726,-0.00301428655471103));
#6221=CARTESIAN_POINT('',(-0.00480528025626957,-0.00410279130880434,-0.00296173445446643));
#6222=CARTESIAN_POINT('',(-0.00472826565905112,-0.00436319234731028,-0.00290923270620904));
#6223=CARTESIAN_POINT('',(-0.00461211973908424,-0.00461051519546859,-0.00285653847372266));
#6224=CARTESIAN_POINT('',(-0.00454102751199164,-0.00485189282776781,-0.00280788984724266));
#6225=CARTESIAN_POINT('',(-0.00449026409190626,-0.00500470998462429,-0.00277671315184268));
#6226=CARTESIAN_POINT('',(-0.0044677995447782,-0.00507159649708666,-0.00276305131718583));
#6227=CARTESIAN_POINT('',(-0.00520603719875405,-0.00213767495128991,-0.00332731866962014));
#6228=CARTESIAN_POINT('',(-0.00519703305443552,-0.00216619307985692,-0.00332156396753774));
#6229=CARTESIAN_POINT('',(-0.00516078395263534,-0.00228099886122432,-0.00329839724288674));
#6230=CARTESIAN_POINT('',(-0.00509728291085887,-0.00248208160642037,-0.00325782117081858));
#6231=CARTESIAN_POINT('',(-0.00501561610803389,-0.00274095720712974,-0.00320557637684284));
#6232=CARTESIAN_POINT('',(-0.00493365271528559,-0.00299971851870851,-0.00315337647659926));
#6233=CARTESIAN_POINT('',(-0.00485204944302197,-0.0032586054441106,-0.00310113684802002));
#6234=CARTESIAN_POINT('',(-0.00477005987057996,-0.00351741849560492,-0.00304887565292135));
#6235=CARTESIAN_POINT('',(-0.00468923515515043,-0.00377656771112392,-0.00299672354280765));
#6236=CARTESIAN_POINT('',(-0.00460415498712088,-0.00403429802386895,-0.00294417205598412));
#6237=CARTESIAN_POINT('',(-0.00453493075144512,-0.00429736630540372,-0.00289310905123227));
#6238=CARTESIAN_POINT('',(-0.00440653423806089,-0.0045405225725937,-0.00283649076057086));
#6239=CARTESIAN_POINT('',(-0.00434279745271762,-0.00478437877700097,-0.00278921565903867));
#6240=CARTESIAN_POINT('',(-0.00429405136616109,-0.00493790106944954,-0.00275819633662673));
#6241=CARTESIAN_POINT('',(-0.00427235699372862,-0.00500505928843051,-0.0027445729473246));
#6242=CARTESIAN_POINT('',(-0.00509975290399507,-0.00210143784498276,-0.0033113959146176));
#6243=CARTESIAN_POINT('',(-0.00509093341450233,-0.00213001826520044,-0.00330566918587327));
#6244=CARTESIAN_POINT('',(-0.00505543516898289,-0.0022450787040377,-0.00328261831687092));
#6245=CARTESIAN_POINT('',(-0.00499332813347344,-0.00244664844580781,-0.00324227932371405));
#6246=CARTESIAN_POINT('',(-0.00491283088200049,-0.00270588561497802,-0.00319006833106593));
#6247=CARTESIAN_POINT('',(-0.00483440683830066,-0.00296597425080796,-0.00313892624321753));
#6248=CARTESIAN_POINT('',(-0.00475397302851264,-0.00322522184697069,-0.00308672176135351));
#6249=CARTESIAN_POINT('',(-0.00467369248443509,-0.00348461916239818,-0.00303472731533553));
#6250=CARTESIAN_POINT('',(-0.00459470016171398,-0.00374439306070271,-0.00298292333113853));
#6251=CARTESIAN_POINT('',(-0.00451050540164819,-0.0040024020721071,-0.0029301774182482));
#6252=CARTESIAN_POINT('',(-0.00444582495776991,-0.00426712021004161,-0.00288100525998278));
#6253=CARTESIAN_POINT('',(-0.00430829687570697,-0.00450673463937353,-0.00281848585796535));
#6254=CARTESIAN_POINT('',(-0.00424879747668507,-0.00475235315635779,-0.00277298794511313));
#6255=CARTESIAN_POINT('',(-0.00420100678288253,-0.00490610026189868,-0.00274209207440427));
#6256=CARTESIAN_POINT('',(-0.00417965676215707,-0.00497331880749965,-0.00272847991289104));
#6257=CARTESIAN_POINT('',(-0.00496469171253103,-0.00205418709443867,-0.00327888696242676));
#6258=CARTESIAN_POINT('',(-0.00495610318737073,-0.00208284653799951,-0.00327321568238188));
#6259=CARTESIAN_POINT('',(-0.00492150926074206,-0.00219821442664076,-0.00325037996072632));
#6260=CARTESIAN_POINT('',(-0.00486071780562127,-0.00240021022867179,-0.00321033276823994));
#6261=CARTESIAN_POINT('',(-0.00478400207143534,-0.00266082332138989,-0.00315916082584666));
#6262=CARTESIAN_POINT('',(-0.00470146993195397,-0.00291936087952438,-0.00310654571355242));
#6263=CARTESIAN_POINT('',(-0.00462485697527035,-0.00318003016683265,-0.00305540011320957));
#6264=CARTESIAN_POINT('',(-0.00454643909037252,-0.00343994262354454,-0.00300380059823403));
#6265=CARTESIAN_POINT('',(-0.00446943471222338,-0.00370044452283113,-0.00295259617043908));
#6266=CARTESIAN_POINT('',(-0.00438849738279196,-0.0039595589012382,-0.0029002296317995));
#6267=CARTESIAN_POINT('',(-0.00432184587632328,-0.00422373321577998,-0.00285210274812303));
#6268=CARTESIAN_POINT('',(-0.0042020404219864,-0.00446888912740197,-0.00278820500152806));
#6269=CARTESIAN_POINT('',(-0.00414061374268954,-0.00471385021617401,-0.00274370423381703));
#6270=CARTESIAN_POINT('',(-0.00409418107392486,-0.00486811517853231,-0.00271310743306868));
#6271=CARTESIAN_POINT('',(-0.00407353562188588,-0.00493560030107284,-0.00269961197425868));
#6272=CARTESIAN_POINT('',(-0.00493772954515376,-0.00204468332248631,-0.00327179870085784));
#6273=CARTESIAN_POINT('',(-0.00492918572810972,-0.00207335769093377,-0.00326613921281334));
#6274=CARTESIAN_POINT('',(-0.00489475478347409,-0.00218877973563293,-0.00324334651131705));
#6275=CARTESIAN_POINT('',(-0.00483406973902269,-0.00239080796346423,-0.00320332778815547));
#6276=CARTESIAN_POINT('',(-0.00475887320770573,-0.00265196251587331,-0.00315255378803564));
#6277=CARTESIAN_POINT('',(-0.00467266565306917,-0.0029091955888309,-0.00309897753428506));
#6278=CARTESIAN_POINT('',(-0.00459760780447133,-0.00317043119535805,-0.0030482403641294));
#6279=CARTESIAN_POINT('',(-0.00451940984379656,-0.00343038445099882,-0.00299669391356953));
#6280=CARTESIAN_POINT('',(-0.00444281003218926,-0.00369103830182699,-0.00294562116330704));
#6281=CARTESIAN_POINT('',(-0.00436280971239119,-0.00395047507952389,-0.00289340451176207));
#6282=CARTESIAN_POINT('',(-0.00429477509511183,-0.00421419608503538,-0.00284527390840582));
#6283=CARTESIAN_POINT('',(-0.00418234588858962,-0.00446180123845729,-0.00278197289042897));
#6284=CARTESIAN_POINT('',(-0.00411958863664882,-0.0047062803670696,-0.00273746877854082));
#6285=CARTESIAN_POINT('',(-0.00407345790295846,-0.00486067054776002,-0.00270694391680928));
#6286=CARTESIAN_POINT('',(-0.00405299350575252,-0.00492822886737072,-0.00269348310964751));
#6287=CARTESIAN_POINT('',(-0.0048828630071329,-0.00202515433962274,-0.00325596845246887));
#6288=CARTESIAN_POINT('',(-0.0048744146332816,-0.00205386191274918,-0.00325033629968748));
#6289=CARTESIAN_POINT('',(-0.00484037174607933,-0.00216941857352248,-0.00322765327123641));
#6290=CARTESIAN_POINT('',(-0.00478040673143864,-0.00237169252025984,-0.00318782273472621));
#6291=CARTESIAN_POINT('',(-0.00470583760334455,-0.00263308029493845,-0.00313732606669646));
#6292=CARTESIAN_POINT('',(-0.00462135934316592,-0.00289087788036891,-0.00308388877900167));
#6293=CARTESIAN_POINT('',(-0.00454690255192039,-0.00315235803887608,-0.0030334285468511));
#6294=CARTESIAN_POINT('',(-0.00446967989295134,-0.00341262332220323,-0.00298213008599746));
#6295=CARTESIAN_POINT('',(-0.00439373953312352,-0.00367352761083289,-0.00293130419441585));
#6296=CARTESIAN_POINT('',(-0.00431524552898575,-0.00393347448882687,-0.00287935064601182));
#6297=CARTESIAN_POINT('',(-0.00424564958969096,-0.00419671548003727,-0.00283142133798565));
#6298=CARTESIAN_POINT('',(-0.00414307955033945,-0.00444755358991809,-0.00276855073219336));
#6299=CARTESIAN_POINT('',(-0.00407881485045542,-0.00469151890117694,-0.00272423688453603));
#6300=CARTESIAN_POINT('',(-0.00403322890738024,-0.00484612436983389,-0.00269385862188665));
#6301=CARTESIAN_POINT('',(-0.00401306702374799,-0.00491380001994289,-0.00268046309678678));
#6302=CARTESIAN_POINT('',(-0.00485282394711955,-0.00201432592946737,-0.00324635313002209));
#6303=CARTESIAN_POINT('',(-0.00484443157218796,-0.00204305485544549,-0.00324073873089448));
#6304=CARTESIAN_POINT('',(-0.00481064968036944,-0.00215870861939715,-0.00321813734588229));
#6305=CARTESIAN_POINT('',(-0.00475151633448626,-0.00236127000372681,-0.00317855694838259));
#6306=CARTESIAN_POINT('',(-0.0046751683421923,-0.00262201412042932,-0.00312757199576127));
#6307=CARTESIAN_POINT('',(-0.00459957119588054,-0.00288298893900519,-0.00307667592065538));
#6308=CARTESIAN_POINT('',(-0.00452323031141244,-0.00314379352518717,-0.00302569845100307));
#6309=CARTESIAN_POINT('',(-0.00444701040761482,-0.00340443375430542,-0.00297469704672555));
#6310=CARTESIAN_POINT('',(-0.00437125820249377,-0.00366541038303837,-0.00292395862375534));
#6311=CARTESIAN_POINT('',(-0.00429335509783072,-0.00392554740045455,-0.00287212663038291));
#6312=CARTESIAN_POINT('',(-0.00422356795749012,-0.0041887643488024,-0.00282439822167562));
#6313=CARTESIAN_POINT('',(-0.00412351048411511,-0.00444038346241725,-0.00276136787834794));
#6314=CARTESIAN_POINT('',(-0.00405905878659274,-0.00468432811847076,-0.00271724466964599));
#6315=CARTESIAN_POINT('',(-0.00401371680248404,-0.00483902110365663,-0.00268694138945926));
#6316=CARTESIAN_POINT('',(-0.0039936771815604,-0.00490673935755641,-0.00267357672999781));
#6317=CARTESIAN_POINT('',(-0.00481561274805241,-0.0020007252067139,-0.00323275563657798));
#6318=CARTESIAN_POINT('',(-0.00480729015920381,-0.00202948075798052,-0.0032271668536299));
#6319=CARTESIAN_POINT('',(-0.00477383373011023,-0.00214525870518813,-0.00320468580183424));
#6320=CARTESIAN_POINT('',(-0.00471573938316541,-0.00234821662332015,-0.00316549743128304));
#6321=CARTESIAN_POINT('',(-0.00463709163288972,-0.00260809014543703,-0.00311361206189436));
#6322=CARTESIAN_POINT('',(-0.00457287979801483,-0.00287325482556252,-0.00306710130406157));
#6323=CARTESIAN_POINT('',(-0.00449411360801848,-0.00313315343415251,-0.00301517603860914));
#6324=CARTESIAN_POINT('',(-0.00441910199276891,-0.00339426776658102,-0.00296462320720337));
#6325=CARTESIAN_POINT('',(-0.00434372844777168,-0.00365538122019714,-0.00291403988443347));
#6326=CARTESIAN_POINT('',(-0.00426598555105332,-0.00391556187679852,-0.00286217743163921));
#6327=CARTESIAN_POINT('',(-0.00419807446586449,-0.00417949791541786,-0.00281545934861523));
#6328=CARTESIAN_POINT('',(-0.00409322434685862,-0.00442928452098722,-0.00274945210592802));
#6329=CARTESIAN_POINT('',(-0.00403055675409497,-0.00467393882935468,-0.00270629252604818));
#6330=CARTESIAN_POINT('',(-0.00398548420618281,-0.00482871816273364,-0.00267608046433571));
#6331=CARTESIAN_POINT('',(-0.00396552576027311,-0.00489645870089144,-0.00266273355767487));
#6332=CARTESIAN_POINT('',(-0.00480446921978894,-0.00199662246120069,-0.00322838881191981));
#6333=CARTESIAN_POINT('',(-0.00479616642051671,-0.0020253852561357,-0.0032228077748048));
#6334=CARTESIAN_POINT('',(-0.00476279298159614,-0.00214119459116291,-0.00320035914130059));
#6335=CARTESIAN_POINT('',(-0.00470487899210596,-0.00234423093996337,-0.00316124056753722));
#6336=CARTESIAN_POINT('',(-0.00462616884125824,-0.00260407616891479,-0.00310933510136172));
#6337=CARTESIAN_POINT('',(-0.00456303212342129,-0.0028696233953839,-0.00306322911680757));
#6338=CARTESIAN_POINT('',(-0.00448419253362563,-0.00312949387247891,-0.00301127993622889));
#6339=CARTESIAN_POINT('',(-0.00440940060139828,-0.00339069897020061,-0.00296081132671597));
#6340=CARTESIAN_POINT('',(-0.0043341940594466,-0.00365187269386044,-0.00291029657437782));
#6341=CARTESIAN_POINT('',(-0.00425656049054251,-0.00391209460620917,-0.00285846724948122));
#6342=CARTESIAN_POINT('',(-0.00418904376112328,-0.0041761747846597,-0.00281194037290598));
#6343=CARTESIAN_POINT('',(-0.00408349992403115,-0.00442572603264214,-0.00274552524560603));
#6344=CARTESIAN_POINT('',(-0.00402120236893591,-0.00467052519256405,-0.0027025458619018));
#6345=CARTESIAN_POINT('',(-0.00397622773279649,-0.00482533549609401,-0.00267237146278951));
#6346=CARTESIAN_POINT('',(-0.00395630631472271,-0.0048930869941182,-0.00265903777496544));
#6347=CARTESIAN_POINT('',(-0.00476676143103525,-0.00198268298527203,-0.00321280052593789));
#6348=CARTESIAN_POINT('',(-0.00475851867680216,-0.00201146715494856,-0.00320724411693247));
#6349=CARTESIAN_POINT('',(-0.00472534223917078,-0.00212735045159958,-0.00318487499618855));
#6350=CARTESIAN_POINT('',(-0.00466730225521212,-0.00233038903868106,-0.00314568890535628));
#6351=CARTESIAN_POINT('',(-0.00459195849584435,-0.00259146575179364,-0.00309525026466797));
#6352=CARTESIAN_POINT('',(-0.00451909509062642,-0.00285336068677852,-0.00304483882579324));
#6353=CARTESIAN_POINT('',(-0.00444374690848148,-0.00311451609999561,-0.00299441268520075));
#6354=CARTESIAN_POINT('',(-0.00436887605233747,-0.00337572895308784,-0.00294389364496594));
#6355=CARTESIAN_POINT('',(-0.00429456127578604,-0.00363722584731895,-0.0028937550090675));
#6356=CARTESIAN_POINT('',(-0.00421757866517388,-0.00389770589538082,-0.00284219956176468));
#6357=CARTESIAN_POINT('',(-0.00415070472946112,-0.00416199718692518,-0.00279592857759023));
#6358=CARTESIAN_POINT('',(-0.00404605654153934,-0.00441206328449892,-0.00272993554005404));
#6359=CARTESIAN_POINT('',(-0.0039843334370556,-0.00465706654240229,-0.00268718450762107));
#6360=CARTESIAN_POINT('',(-0.00393978117214325,-0.0048120182913335,-0.00265718569917002));
#6361=CARTESIAN_POINT('',(-0.00392004712942737,-0.00487983222120401,-0.00264393019120228));
#6362=CARTESIAN_POINT('',(-0.0047328902722635,-0.00196978502324525,-0.00319617760788574));
#6363=CARTESIAN_POINT('',(-0.00472470400272153,-0.00199858862137201,-0.00319064934883147));
#6364=CARTESIAN_POINT('',(-0.00469173309786543,-0.00211454997563978,-0.00316838661811391));
#6365=CARTESIAN_POINT('',(-0.00463382288212186,-0.00231772364064602,-0.00312931384181752));
#6366=CARTESIAN_POINT('',(-0.00456029566368657,-0.00257941942496613,-0.00307953434353674));
#6367=CARTESIAN_POINT('',(-0.00448317062529401,-0.00283991618873171,-0.00302789942766208));
#6368=CARTESIAN_POINT('',(-0.00440969310223065,-0.00310168412880793,-0.00297814731881307));
#6369=CARTESIAN_POINT('',(-0.00433507953288616,-0.00336307051356352,-0.00292781080564633));
#6370=CARTESIAN_POINT('',(-0.00426128183842721,-0.00362474515934567,-0.00287789410687621));
#6371=CARTESIAN_POINT('',(-0.00418542016348212,-0.00388566591423454,-0.00282691069814217));
#6372=CARTESIAN_POINT('',(-0.00411699753500902,-0.00414932171714655,-0.00277977438417372));
#6373=CARTESIAN_POINT('',(-0.0040208201110077,-0.00440297824498436,-0.00271829290322984));
#6374=CARTESIAN_POINT('',(-0.00395761403787318,-0.00464729305367326,-0.00267471370094088));
#6375=CARTESIAN_POINT('',(-0.00391344320473781,-0.00480240183044241,-0.00264489820750209));
#6376=CARTESIAN_POINT('',(-0.00389393253194054,-0.0048703098259032,-0.00263175317419042));
#6377=CARTESIAN_POINT('',(-0.00468623363174716,-0.00195305211827213,-0.00317206841728726));
#6378=CARTESIAN_POINT('',(-0.00467812942415827,-0.0019818861857874,-0.00316658254822415));
#6379=CARTESIAN_POINT('',(-0.00464550089244604,-0.00209797507378206,-0.00314449663306429));
#6380=CARTESIAN_POINT('',(-0.00458831689607992,-0.00230142343669743,-0.00310579848961248));
#6381=CARTESIAN_POINT('',(-0.00451477525866927,-0.00256308135156482,-0.00305601072638863));
#6382=CARTESIAN_POINT('',(-0.00444119812542864,-0.00282485898270332,-0.00300620958588));
#6383=CARTESIAN_POINT('',(-0.00436763630823713,-0.00308658573690269,-0.00295641328294611));
#6384=CARTESIAN_POINT('',(-0.00429405506024831,-0.00334837804591239,-0.00290661072907565));
#6385=CARTESIAN_POINT('',(-0.00422048489580353,-0.00361013244738882,-0.00285681173992774));
#6386=CARTESIAN_POINT('',(-0.00414691943044852,-0.00387187139286939,-0.00280701434951216));
#6387=CARTESIAN_POINT('',(-0.00407334280227978,-0.00413364530844629,-0.00275721410527035));
#6388=CARTESIAN_POINT('',(-0.00399976363823585,-0.00439543274125843,-0.00270741019358869));
#6389=CARTESIAN_POINT('',(-0.00393160042254298,-0.00463794927288692,-0.00266126983063759));
#6390=CARTESIAN_POINT('',(-0.00388794924987225,-0.00479325602670305,-0.00263172283577357));
#6391=CARTESIAN_POINT('',(-0.00386882234792952,-0.0048613077867427,-0.0026187760867914));
#6392=CARTESIAN_POINT('',(-0.00590581598056171,-0.00239452646006028,-0.00332333833624246));
#6393=CARTESIAN_POINT('',(-0.00607858301018495,-0.00270658983155007,-0.00324934481920037));
#6394=CARTESIAN_POINT('',(-0.00625622707280154,-0.00300699521345012,-0.00314754388473496));
#6395=CARTESIAN_POINT('',(-0.00643254464478061,-0.00330209366397947,-0.00302664066026444));
#6396=CARTESIAN_POINT('',(-0.0059058159805617,-0.00239452646006029,-0.00332333833624245));
#6397=CARTESIAN_POINT('',(-0.0059058159805617,-0.00239452646006028,-0.00332333833624246));
#6398=CARTESIAN_POINT('',(-0.00548475559386157,-0.00227295432022585,-0.00336464325566663));
#6399=CARTESIAN_POINT('',(-0.00504565074064024,-0.00214294531900264,-0.00335529786353769));
#6400=CARTESIAN_POINT('',(-0.00467379908747402,-0.00199729302185074,-0.00316365145616969));
#6401=CARTESIAN_POINT('',(-0.00467379908747413,-0.00199729302185033,-0.00316365145616976));
#6402=CARTESIAN_POINT('',(-0.00473547853632499,-0.00177784180270006,-0.00320540485268393));
#6403=CARTESIAN_POINT('',(-0.0047109619225095,-0.00186507069685208,-0.00318880784341211));
#6404=CARTESIAN_POINT('',(-0.00466192865104747,-0.00203952864110481,-0.00315561379519615));
#6405=CARTESIAN_POINT('',(-0.00458831689607992,-0.00230142343669743,-0.00310579848961248));
#6406=CARTESIAN_POINT('',(-0.00451477525866927,-0.00256308135156482,-0.00305601072638863));
#6407=CARTESIAN_POINT('',(-0.00444119812542864,-0.00282485898270332,-0.00300620958588));
#6408=CARTESIAN_POINT('',(-0.00436763630823713,-0.00308658573690269,-0.00295641328294611));
#6409=CARTESIAN_POINT('',(-0.00429405506024831,-0.00334837804591239,-0.00290661072907565));
#6410=CARTESIAN_POINT('',(-0.00422048489580353,-0.00361013244738882,-0.00285681173992774));
#6411=CARTESIAN_POINT('',(-0.00414691943044852,-0.00387187139286939,-0.00280701434951216));
#6412=CARTESIAN_POINT('',(-0.00407334280227978,-0.00413364530844629,-0.00275721410527035));
#6413=CARTESIAN_POINT('',(-0.00399976363823585,-0.00439543274125843,-0.00270741019358869));
#6414=CARTESIAN_POINT('',(-0.00392620400011831,-0.00465714909549403,-0.00265761693828531));
#6415=CARTESIAN_POINT('',(-0.00387715425987875,-0.00483166359979272,-0.00262441584079614));
#6416=CARTESIAN_POINT('',(-0.00385262970307729,-0.00491891973718403,-0.00260781550413244));
#6417=CARTESIAN_POINT('',(-0.00387453122769354,-0.00484099611856134,-0.00262264035389474));
#6418=CARTESIAN_POINT('',(-0.00459749817671663,-0.00508239814014098,-0.00276929551509485));
#6419=CARTESIAN_POINT('',(-0.00434887741529647,-0.00500751224268105,-0.00276815768924629));
#6420=CARTESIAN_POINT('',(-0.00409568005727925,-0.00492762182127922,-0.00273663170393379));
#6421=CARTESIAN_POINT('',(-0.00387453122769354,-0.00484099611856134,-0.00262264035389474));
#6422=CARTESIAN_POINT('',(-0.00459749817671665,-0.00508239814014099,-0.00276929551509484));
#6423=CARTESIAN_POINT('',(-0.00585485123864641,-0.0046783117832577,-0.00275482289593196));
#6424=CARTESIAN_POINT('',(-0.00543605469879365,-0.00480928179596876,-0.00280485349337264));
#6425=CARTESIAN_POINT('',(-0.0050132941824547,-0.00494238126546357,-0.00282002792333606));
#6426=CARTESIAN_POINT('',(-0.00459749817671665,-0.00508239814014098,-0.00276929551509485));
#6427=CARTESIAN_POINT('',(-0.00375198349258617,-0.00315619074539965,-0.00253959534574437));
#6428=CARTESIAN_POINT('',(-0.00467375870767406,-0.00199729303301245,-0.00316371111502871));
#6429=CARTESIAN_POINT('',(-0.00379108966888748,-0.00162351848883496,-0.00256615660473053));
#6430=CARTESIAN_POINT('',(-0.00379099946639918,-0.00162351851393344,-0.00256628987390445));
#6431=CARTESIAN_POINT('',(-0.00375730986473894,-0.00178360381767241,-0.00254345728383309));
#6432=CARTESIAN_POINT('',(-0.00369108231820393,-0.00208724155262572,-0.00249857469010654));
#6433=CARTESIAN_POINT('',(-0.00357412976916872,-0.00260796090245792,-0.00241931851655955));
#6434=CARTESIAN_POINT('',(-0.00346661651169646,-0.00307873597736977,-0.00234646062478868));
#6435=CARTESIAN_POINT('',(-0.00336120148400136,-0.0035405424377908,-0.0022750245873598));
#6436=CARTESIAN_POINT('',(-0.00324452692381313,-0.00406081726139502,-0.00219595665234291));
#6437=CARTESIAN_POINT('',(-0.00317795558583654,-0.00436710976310653,-0.00215084086839548));
#6438=CARTESIAN_POINT('',(-0.003143537739166,-0.00453140016846401,-0.00212751458256331));
#6439=CARTESIAN_POINT('',(-0.00314339757269783,-0.00453140020741595,-0.00212772167054456));
#6440=CARTESIAN_POINT('',(-0.00387472358017174,-0.00484099611319244,-0.0026223561341361));
#6441=CARTESIAN_POINT('',(-0.00363099496312716,-0.00473779747664367,-0.00245740894799129));
#6442=CARTESIAN_POINT('',(-0.00338726634608215,-0.00463459884009638,-0.00229246176184619));
#6443=CARTESIAN_POINT('',(-0.00314353772903633,-0.00453140020355191,-0.00212751457570053));
#6444=CARTESIAN_POINT('',(-0.00459114559828964,-0.00324590651933569,-0.000884625078106184));
#6445=CARTESIAN_POINT('',(-0.00372728161053289,-0.00453140443830834,-0.000718060721551037));
#6446=CARTESIAN_POINT('',(-0.00401626267235172,-0.00463460210110268,-0.000773734094065035));
#6447=CARTESIAN_POINT('',(-0.00430524373417048,-0.00473779976389717,-0.000829407466579024));
#6448=CARTESIAN_POINT('',(-0.00459422479598922,-0.00484099742669175,-0.000885080839093006));
#6449=CARTESIAN_POINT('',(-0.00372725774454718,-0.00453140443880826,-0.000718184600633485));
#6450=CARTESIAN_POINT('',(-0.00372728161408505,-0.00453140442798173,-0.000718060722236375));
#6451=CARTESIAN_POINT('',(-0.00375419845415022,-0.00442317982125095,-0.000723256522283032));
#6452=CARTESIAN_POINT('',(-0.00379875717367538,-0.00424771395613982,-0.000731857443779314));
#6453=CARTESIAN_POINT('',(-0.00386126182178146,-0.0040072526318945,-0.000743921878715702));
#6454=CARTESIAN_POINT('',(-0.00392023461246182,-0.00378415107479642,-0.000755304281211164));
#6455=CARTESIAN_POINT('',(-0.00394911053348488,-0.00367630253457963,-0.000760877534043135));
#6456=CARTESIAN_POINT('',(-0.00401083414054314,-0.0034465010309962,-0.000772790554947403));
#6457=CARTESIAN_POINT('',(-0.00411042966398994,-0.00307923901130289,-0.000792012774287937));
#6458=CARTESIAN_POINT('',(-0.00421259983834341,-0.0027026183921984,-0.00081173189689106));
#6459=CARTESIAN_POINT('',(-0.00427394496414382,-0.00247446184466767,-0.000823571848337962));
#6460=CARTESIAN_POINT('',(-0.00430148618462048,-0.00237177620418986,-0.000828887479372473));
#6461=CARTESIAN_POINT('',(-0.0043610294911818,-0.0021469511450094,-0.000840379960260847));
#6462=CARTESIAN_POINT('',(-0.00442356965658291,-0.00190691082441187,-0.000852451202536274));
#6463=CARTESIAN_POINT('',(-0.00446825760759119,-0.00173147247302409,-0.000861077022608515));
#6464=CARTESIAN_POINT('',(-0.00449520415349745,-0.00162351000490774,-0.000866278523914931));
#6465=CARTESIAN_POINT('',(-0.0044952236511774,-0.0016235099960651,-0.000866177334415518));
#6466=CARTESIAN_POINT('',(-0.00449520415349426,-0.00162351000479125,-0.000866278523914325));
#6467=CARTESIAN_POINT('',(0.,-0.0014897693055518,0.));
#6468=CARTESIAN_POINT('',(0.,-0.00239452646006029,0.));
#6469=CARTESIAN_POINT('',(-0.00449522391373605,-0.00162350999606266,-0.000866175971769997));
#6470=CARTESIAN_POINT('',(-0.00431927472590659,-0.00156067559193225,-0.000832257374380277));
#6471=CARTESIAN_POINT('',(-0.00420227982200436,-0.00150915218369477,-0.000673125091456231));
#6472=CARTESIAN_POINT('',(-0.00421000086970005,-0.00150434225035679,-0.000487015099470507));
#6473=CARTESIAN_POINT('',(-0.00330382706310779,-0.00150399582479513,-0.00265285600026585));
#6474=CARTESIAN_POINT('',(-0.00342720431125916,-0.00150400623193871,-0.00249925122859218));
#6475=CARTESIAN_POINT('',(-0.00363431050509551,-0.00155713217592731,-0.00246003612461649));
#6476=CARTESIAN_POINT('',(-0.00379109035759059,-0.00162351848884135,-0.00256615558731304));
#6477=CARTESIAN_POINT('',(0.,-0.00442026338698825,0.));
#6478=CARTESIAN_POINT('',(0.,-0.00508239814014098,0.));
#6479=CARTESIAN_POINT('',(-0.00314339711725431,-0.00453140020741802,-0.00212772234340615));
#6480=CARTESIAN_POINT('',(-0.00301318235688283,-0.00447626403006107,-0.00203959163554393));
#6481=CARTESIAN_POINT('',(-0.00284102144994906,-0.00443206402780156,-0.00207202015596126));
#6482=CARTESIAN_POINT('',(-0.00273838993418583,-0.00443205722488643,-0.00219975139278585));
#6483=CARTESIAN_POINT('',(-0.00349179444067634,-0.00443205721467891,-0.000380863494288413));
#6484=CARTESIAN_POINT('',(-0.00347406263193258,-0.00443206543358465,-0.000543646642157412));
#6485=CARTESIAN_POINT('',(-0.0035727438263824,-0.00447622558474834,-0.000688408073535047));
#6486=CARTESIAN_POINT('',(-0.00372725759822912,-0.00453140443881632,-0.000718185360120826));
#6487=CARTESIAN_POINT('',(0.,-0.00518892865917925,0.));
#6488=CARTESIAN_POINT('',(0.,-0.00370049241102682,0.));
#6489=CARTESIAN_POINT('',(-0.00302854299268016,-0.00329246566988466,-0.00643658728429844));
#6490=CARTESIAN_POINT('',(-0.00301564038688173,-0.00335779258862302,-0.00640916519562468));
#6491=CARTESIAN_POINT('',(-0.00298623080960804,-0.00350669406450244,-0.00634666101249344));
#6492=CARTESIAN_POINT('',(-0.00294031196799084,-0.00373917917443831,-0.00624907047830908));
#6493=CARTESIAN_POINT('',(-0.00289079919610495,-0.00398986168184311,-0.00614384146980253));
#6494=CARTESIAN_POINT('',(-0.00284127175399679,-0.00424062036171671,-0.00603858079761499));
#6495=CARTESIAN_POINT('',(-0.00279539192082685,-0.00447291493732301,-0.00594107136934343));
#6496=CARTESIAN_POINT('',(-0.0027660300521374,-0.00462157201766992,-0.00587866940423496));
#6497=CARTESIAN_POINT('',(-0.0027531715525249,-0.0046866754846173,-0.00585134110125728));
#6498=CARTESIAN_POINT('',(-0.0028919275126577,-0.00329293627362892,-0.00649868246911498));
#6499=CARTESIAN_POINT('',(-0.00287961146343468,-0.00335825453122843,-0.00647099695699083));
#6500=CARTESIAN_POINT('',(-0.0028515183810257,-0.00350716104115454,-0.00640788978691869));
#6501=CARTESIAN_POINT('',(-0.00280758235096727,-0.00373977743978393,-0.00630933205426644));
#6502=CARTESIAN_POINT('',(-0.00276043681646686,-0.00399033982577367,-0.00620308062481016));
#6503=CARTESIAN_POINT('',(-0.00271311600597435,-0.00424114437309195,-0.0060967914243985));
#6504=CARTESIAN_POINT('',(-0.00266932102439956,-0.00447338790541526,-0.00599835549686165));
#6505=CARTESIAN_POINT('',(-0.00264126169899045,-0.00462210580540272,-0.00593532993743941));
#6506=CARTESIAN_POINT('',(-0.00262898750865969,-0.00468720381811778,-0.00590773769048581));
#6507=CARTESIAN_POINT('',(-0.00279039225374725,-0.00329287501777579,-0.00654360300281554));
#6508=CARTESIAN_POINT('',(-0.0027785079641773,-0.00335819864335332,-0.00651572414852853));
#6509=CARTESIAN_POINT('',(-0.0027513856551574,-0.00350711132842631,-0.00645218407679582));
#6510=CARTESIAN_POINT('',(-0.0027090351745309,-0.00373957770189718,-0.00635299564863864));
#6511=CARTESIAN_POINT('',(-0.0026634442718603,-0.00399044402848623,-0.00624591352122832));
#6512=CARTESIAN_POINT('',(-0.00261780854008004,-0.00424116938800355,-0.0061389170699966));
#6513=CARTESIAN_POINT('',(-0.00257554899781517,-0.00447344006698783,-0.00603978950961291));
#6514=CARTESIAN_POINT('',(-0.00254847718821078,-0.0046221344541868,-0.00597633833624138));
#6515=CARTESIAN_POINT('',(-0.00253663534713545,-0.00468722883848646,-0.00594855680778774));
#6516=CARTESIAN_POINT('',(-0.00265388846494267,-0.00329293157033272,-0.00660005387780224));
#6517=CARTESIAN_POINT('',(-0.00264257880127181,-0.0033582544930966,-0.00657193759948584));
#6518=CARTESIAN_POINT('',(-0.00261683049198422,-0.00350715108932409,-0.00650783670128503));
#6519=CARTESIAN_POINT('',(-0.00257663419834457,-0.00373965521958895,-0.00640773938983146));
#6520=CARTESIAN_POINT('',(-0.00253316860375119,-0.00399043196929766,-0.00629982009280552));
#6521=CARTESIAN_POINT('',(-0.00248977630343759,-0.00424118183308416,-0.00619188389459596));
#6522=CARTESIAN_POINT('',(-0.00244956511396644,-0.00447345158902018,-0.00609190921418042));
#6523=CARTESIAN_POINT('',(-0.00242384301831554,-0.00462213432514397,-0.00602790521956851));
#6524=CARTESIAN_POINT('',(-0.00241256966256087,-0.00468724343683343,-0.00599988148016435));
#6525=CARTESIAN_POINT('',(-0.00254919671743391,-0.00329279944928697,-0.00664066374019798));
#6526=CARTESIAN_POINT('',(-0.00253833428741874,-0.00335811598178243,-0.00661237715631796));
#6527=CARTESIAN_POINT('',(-0.00251360797871647,-0.00350708285085966,-0.00654784817244347));
#6528=CARTESIAN_POINT('',(-0.00247497345287008,-0.00373958915955238,-0.00644714584589425));
#6529=CARTESIAN_POINT('',(-0.00243327303832624,-0.00399045770729026,-0.00633849820576303));
#6530=CARTESIAN_POINT('',(-0.00239158335585983,-0.00424118132493616,-0.00622991499798486));
#6531=CARTESIAN_POINT('',(-0.00235295526743512,-0.00447345972222292,-0.00612932277464938));
#6532=CARTESIAN_POINT('',(-0.00232825066466811,-0.0046221379767294,-0.00606492721646967));
#6533=CARTESIAN_POINT('',(-0.00231742343284812,-0.00468723098137301,-0.00603673814549877));
#6534=CARTESIAN_POINT('',(-0.00240986091794974,-0.00329240360806517,-0.00669288360585626));
#6535=CARTESIAN_POINT('',(-0.0023995937930525,-0.00335773237527882,-0.00666436898946756));
#6536=CARTESIAN_POINT('',(-0.00237619050289109,-0.00350664620226939,-0.00659937088991931));
#6537=CARTESIAN_POINT('',(-0.00233965712400724,-0.00373910470087011,-0.00649790546180496));
#6538=CARTESIAN_POINT('',(-0.00230025270685791,-0.00398983537157685,-0.00638846605417026));
#6539=CARTESIAN_POINT('',(-0.00226084284898414,-0.00424059627298067,-0.00627901361487136));
#6540=CARTESIAN_POINT('',(-0.00222433599011261,-0.00447288640335727,-0.00617762385210944));
#6541=CARTESIAN_POINT('',(-0.00220097198762293,-0.0046215500325849,-0.0061127343806019));
#6542=CARTESIAN_POINT('',(-0.00219074061976716,-0.00468665141360429,-0.00608431890542125));
#6543=CARTESIAN_POINT('',(-0.00240833800201306,-0.0033020937841602,-0.00668865404900438));
#6544=CARTESIAN_POINT('',(-0.00261791173543463,-0.00329894025802912,-0.00661196686100773));
#6545=CARTESIAN_POINT('',(-0.0028242246567106,-0.00329894403310333,-0.00652651072443949));
#6546=CARTESIAN_POINT('',(-0.00302664106816489,-0.00330209525998649,-0.00643254509878016));
#6547=CARTESIAN_POINT('',(-0.00240833780352167,-0.00330209366397947,-0.00668865407369749));
#6548=CARTESIAN_POINT('',(-0.00302664122602749,-0.00330209513981536,-0.00643254497586781));
#6549=CARTESIAN_POINT('',(-0.00253669456130912,-0.00248537125588194,-0.00704513825619011));
#6550=CARTESIAN_POINT('',(-0.00252355987921009,-0.0025689471501547,-0.0070086584874505));
#6551=CARTESIAN_POINT('',(-0.0024972904915297,-0.00273609908811804,-0.00693569888475239));
#6552=CARTESIAN_POINT('',(-0.00245788438987329,-0.00298683747981931,-0.00682625580744934));
#6553=CARTESIAN_POINT('',(-0.00241847074097122,-0.00323761933848118,-0.00671679599468461));
#6554=CARTESIAN_POINT('',(-0.00237905992417514,-0.00348838834099508,-0.00660734023378844));
#6555=CARTESIAN_POINT('',(-0.00233965712400724,-0.00373910470087011,-0.00649790546180496));
#6556=CARTESIAN_POINT('',(-0.00230025270685791,-0.00398983537157685,-0.00638846605417026));
#6557=CARTESIAN_POINT('',(-0.00226084284898414,-0.00424059627298067,-0.00627901361487136));
#6558=CARTESIAN_POINT('',(-0.00222143085834558,-0.00449137151705325,-0.00616955548825246));
#6559=CARTESIAN_POINT('',(-0.00218202961867529,-0.0047420791299295,-0.00606012513688693));
#6560=CARTESIAN_POINT('',(-0.00214260670547796,-0.00499292255495025,-0.00595063997637538));
#6561=CARTESIAN_POINT('',(-0.00210321035607069,-0.00524359711079344,-0.0058412224383449));
#6562=CARTESIAN_POINT('',(-0.00207693374824169,-0.00541079430527693,-0.00576824478086938));
#6563=CARTESIAN_POINT('',(-0.00206379561217604,-0.00549439183450192,-0.00573175641829592));
#6564=CARTESIAN_POINT('',(-0.00219205106300389,-0.0046783117832577,-0.00608795896436679));
#6565=CARTESIAN_POINT('',(-0.00275482353183199,-0.00467831140949544,-0.00585485206742506));
#6566=CARTESIAN_POINT('',(-0.00256982827082898,-0.00467935979682294,-0.00593873204918167));
#6567=CARTESIAN_POINT('',(-0.00238216334354076,-0.00467935902892735,-0.00601646700669443));
#6568=CARTESIAN_POINT('',(-0.00219205128732176,-0.00467831173926693,-0.00608795901127507));
#6569=CARTESIAN_POINT('',(-0.00275482365718933,-0.00467831145351917,-0.00585485187558215));
#6570=CARTESIAN_POINT('',(-0.00318794124946673,-0.00248542539196614,-0.0067753568608692));
#6571=CARTESIAN_POINT('',(-0.00317143547728847,-0.00256899309894843,-0.00674027751143468));
#6572=CARTESIAN_POINT('',(-0.00313842390342276,-0.00273612866231618,-0.00667011874985043));
#6573=CARTESIAN_POINT('',(-0.00308889867176565,-0.00298687654721037,-0.00656486269292151));
#6574=CARTESIAN_POINT('',(-0.00303936160353279,-0.00323769194115919,-0.00645957948845957));
#6575=CARTESIAN_POINT('',(-0.00298983752986047,-0.00348843407485003,-0.00635432585537998));
#6576=CARTESIAN_POINT('',(-0.00294031210969242,-0.00373917913618598,-0.00624907032103089));
#6577=CARTESIAN_POINT('',(-0.00289079933768942,-0.00398986164357685,-0.00614384131248727));
#6578=CARTESIAN_POINT('',(-0.00284127189561559,-0.00424062032345564,-0.00603858064031555));
#6579=CARTESIAN_POINT('',(-0.00279174105095543,-0.00449140036652078,-0.00593331163625675));
#6580=CARTESIAN_POINT('',(-0.00274222511676648,-0.00474209496536581,-0.00582807710229573));
#6581=CARTESIAN_POINT('',(-0.00269267397274801,-0.00499299333335908,-0.00572276072073037));
#6582=CARTESIAN_POINT('',(-0.00264316418920832,-0.00524364921480982,-0.00561754123840222));
#6583=CARTESIAN_POINT('',(-0.00261015140727931,-0.00541079289939498,-0.00554737937524198));
#6584=CARTESIAN_POINT('',(-0.00259364522719277,-0.00549436367401262,-0.00551229889183952));
#6585=CARTESIAN_POINT('',(-0.00317205730662831,-0.00195311387246299,-0.0046862159809335));
#6586=CARTESIAN_POINT('',(-0.00316657454557909,-0.00198193312393686,-0.00467811589131562));
#6587=CARTESIAN_POINT('',(-0.00314449140304729,-0.00209801020130025,-0.00464549057340188));
#6588=CARTESIAN_POINT('',(-0.00310580704516251,-0.00230135556745337,-0.00458833618975796));
#6589=CARTESIAN_POINT('',(-0.00305600289640523,-0.0025631516269704,-0.00451475426295732));
#6590=CARTESIAN_POINT('',(-0.00300620569307649,-0.00282489626513942,-0.0044411866552678));
#6591=CARTESIAN_POINT('',(-0.00295640827653509,-0.00308663358306569,-0.00436762168655098));
#6592=CARTESIAN_POINT('',(-0.00290660743508034,-0.00334840839245663,-0.00429404583797234));
#6593=CARTESIAN_POINT('',(-0.00285681216746053,-0.00361012992384716,-0.00422048545290389));
#6594=CARTESIAN_POINT('',(-0.00280701171229697,-0.00387189810711093,-0.00414691114645425));
#6595=CARTESIAN_POINT('',(-0.00275720976817356,-0.00413368181320877,-0.0040733318194924));
#6596=CARTESIAN_POINT('',(-0.00270741828154229,-0.00439536833480558,-0.00399978256133544));
#6597=CARTESIAN_POINT('',(-0.00266117161790709,-0.00463845181270102,-0.00393145907287297));
#6598=CARTESIAN_POINT('',(-0.00263151553884948,-0.00479434408562341,-0.00388764307186452));
#6599=CARTESIAN_POINT('',(-0.00261846216317368,-0.00486296192919105,-0.00386835696325049));
#6600=CARTESIAN_POINT('',(-0.00318755468225066,-0.00196387580545145,-0.00471620748144012));
#6601=CARTESIAN_POINT('',(-0.00318205090534436,-0.00199267824326212,-0.00470806672654767));
#6602=CARTESIAN_POINT('',(-0.00315992622744418,-0.00210872117433187,-0.00467536095574397));
#6603=CARTESIAN_POINT('',(-0.00312162327975425,-0.00231236043099158,-0.00461894357655998));
#6604=CARTESIAN_POINT('',(-0.00306876995100806,-0.00257200843557898,-0.00453946093764083));
#6605=CARTESIAN_POINT('',(-0.00302922250571143,-0.00284088440056896,-0.00448572856272599));
#6606=CARTESIAN_POINT('',(-0.0029789503337398,-0.00310229521985956,-0.004411244534772));
#6607=CARTESIAN_POINT('',(-0.00291869635057613,-0.00335678682070951,-0.00431743964781542));
#6608=CARTESIAN_POINT('',(-0.00287139291548798,-0.00362024480555377,-0.00424870112029696));
#6609=CARTESIAN_POINT('',(-0.00282061526311748,-0.00388133480519675,-0.00417323609271115));
#6610=CARTESIAN_POINT('',(-0.00277076307738617,-0.00414310795593544,-0.00409955743350167));
#6611=CARTESIAN_POINT('',(-0.00272067854865263,-0.00440456599346481,-0.00402544133037789));
#6612=CARTESIAN_POINT('',(-0.00267421053904172,-0.00464754725373628,-0.00395669011049624));
#6613=CARTESIAN_POINT('',(-0.00264441465577048,-0.0048033182568298,-0.00391260292853912));
#6614=CARTESIAN_POINT('',(-0.00263129983251915,-0.00487188041515485,-0.00389319758591559));
#6615=CARTESIAN_POINT('',(-0.00320220675497375,-0.00197542384669303,-0.00474766061889876));
#6616=CARTESIAN_POINT('',(-0.00319667933933523,-0.00200420813986699,-0.00473946803701016));
#6617=CARTESIAN_POINT('',(-0.0031744737805715,-0.00212018398921482,-0.00470657702668107));
#6618=CARTESIAN_POINT('',(-0.00313618011220241,-0.00232376894602416,-0.0046500827875422));
#6619=CARTESIAN_POINT('',(-0.00308220584644595,-0.00258256704449493,-0.00456867899984213));
#6620=CARTESIAN_POINT('',(-0.00304576042599186,-0.00285373023640206,-0.00451978964337517));
#6621=CARTESIAN_POINT('',(-0.00299518077498621,-0.00311492207022026,-0.00444468543825877));
#6622=CARTESIAN_POINT('',(-0.00293145530762275,-0.00336681619579483,-0.00434519147794678));
#6623=CARTESIAN_POINT('',(-0.00288478941609677,-0.00363074774566983,-0.00427734908699942));
#6624=CARTESIAN_POINT('',(-0.00283355428691916,-0.00389143736068082,-0.00420103090312613));
#6625=CARTESIAN_POINT('',(-0.00278353196404153,-0.00415309608151137,-0.00412695179595178));
#6626=CARTESIAN_POINT('',(-0.00273320291344369,-0.00441434457649399,-0.00405231990667225));
#6627=CARTESIAN_POINT('',(-0.00268651750349596,-0.00465721338876493,-0.00398310035436297));
#6628=CARTESIAN_POINT('',(-0.00265658914219572,-0.00481285782885939,-0.00393872882676785));
#6629=CARTESIAN_POINT('',(-0.00264341629464136,-0.0048813620245772,-0.00391919898854127));
#6630=CARTESIAN_POINT('',(-0.00322972135864948,-0.0019997331680074,-0.00481372476613355));
#6631=CARTESIAN_POINT('',(-0.00322414570187036,-0.00202846945603692,-0.00480541569996251));
#6632=CARTESIAN_POINT('',(-0.00320173566159336,-0.00214424547932222,-0.00477202694991664));
#6633=CARTESIAN_POINT('',(-0.00316297655947986,-0.0023474121885218,-0.0047143597963532));
#6634=CARTESIAN_POINT('',(-0.00310921010978843,-0.00260640451496805,-0.00463372785740841));
#6635=CARTESIAN_POINT('',(-0.00306995448502034,-0.00287494741722092,-0.00457706439829764));
#6636=CARTESIAN_POINT('',(-0.00301899198951869,-0.00313585783123153,-0.00450106962760587));
#6637=CARTESIAN_POINT('',(-0.00295715112792228,-0.0033894167440711,-0.00440708501832932));
#6638=CARTESIAN_POINT('',(-0.00290943377442874,-0.00365241417954842,-0.0043364548008783));
#6639=CARTESIAN_POINT('',(-0.00285793241731693,-0.00391287575596456,-0.00425956884996927));
#6640=CARTESIAN_POINT('',(-0.0028074373737144,-0.00417408859097113,-0.00418433460257397));
#6641=CARTESIAN_POINT('',(-0.00275668628568848,-0.00443498966647466,-0.00410869348367942));
#6642=CARTESIAN_POINT('',(-0.00270959795681792,-0.00467748133544231,-0.00403850923153718));
#6643=CARTESIAN_POINT('',(-0.00267941770560605,-0.00483288661740935,-0.00399353263928344));
#6644=CARTESIAN_POINT('',(-0.00266613425510516,-0.00490128565695776,-0.0039737370380794));
#6645=CARTESIAN_POINT('',(-0.00324252198531922,-0.0020124164626245,-0.0048482428244793));
#6646=CARTESIAN_POINT('',(-0.00323692612622046,-0.00204113169461566,-0.00483988163710322));
#6647=CARTESIAN_POINT('',(-0.00321444810979984,-0.00215684389684997,-0.00480633857656754));
#6648=CARTESIAN_POINT('',(-0.00317571102957634,-0.00236011990491092,-0.00474898706097703));
#6649=CARTESIAN_POINT('',(-0.00312086697633674,-0.002617654528335,-0.00466419503662436));
#6650=CARTESIAN_POINT('',(-0.00308468736360639,-0.00289068326582277,-0.00462050770924203));
#6651=CARTESIAN_POINT('',(-0.00303344920011099,-0.00315131005402109,-0.00454366381289961));
#6652=CARTESIAN_POINT('',(-0.00296822674644028,-0.00340004916561159,-0.00443600543962602));
#6653=CARTESIAN_POINT('',(-0.00292116070311906,-0.00366408325617945,-0.00436835183340703));
#6654=CARTESIAN_POINT('',(-0.00286922818769147,-0.0039240263867458,-0.00428997653618768));
#6655=CARTESIAN_POINT('',(-0.00281859478196746,-0.00418511740903319,-0.00421445532523441));
#6656=CARTESIAN_POINT('',(-0.00276762467123905,-0.00444580740044243,-0.00413820011241263));
#6657=CARTESIAN_POINT('',(-0.00272035747403958,-0.00468808362060494,-0.00406753879658779));
#6658=CARTESIAN_POINT('',(-0.00269005793642197,-0.00484337208818321,-0.00402224093258018));
#6659=CARTESIAN_POINT('',(-0.00267672179111986,-0.00491172059468424,-0.00400230328525597));
#6660=CARTESIAN_POINT('',(-0.0032781155583948,-0.00205168505159328,-0.00495704807205964));
#6661=CARTESIAN_POINT('',(-0.0032724576234886,-0.00208034131435886,-0.00494850837626673));
#6662=CARTESIAN_POINT('',(-0.00324973040969081,-0.00219583972010494,-0.00491433615231365));
#6663=CARTESIAN_POINT('',(-0.00321056551749212,-0.00239899105653847,-0.00485682876123447));
#6664=CARTESIAN_POINT('',(-0.00315513985508166,-0.00265411040564398,-0.00476461112851185));
#6665=CARTESIAN_POINT('',(-0.0031184819873454,-0.0029332890452599,-0.00474055321441064));
#6666=CARTESIAN_POINT('',(-0.00306668462664482,-0.00319312872318896,-0.00466153437588271));
#6667=CARTESIAN_POINT('',(-0.00300082175793629,-0.00343468975646637,-0.0045313916291693));
#6668=CARTESIAN_POINT('',(-0.0029532179314554,-0.00369987583507263,-0.00446759311923977));
#6669=CARTESIAN_POINT('',(-0.00290071846385216,-0.00395874812751921,-0.00438601144333055));
#6670=CARTESIAN_POINT('',(-0.00284953232374478,-0.00421931763522715,-0.00430918907697508));
#6671=CARTESIAN_POINT('',(-0.0027980039340237,-0.00447934891070567,-0.0042311198816001));
#6672=CARTESIAN_POINT('',(-0.0027502203784917,-0.00472103283951253,-0.00415890310017697));
#6673=CARTESIAN_POINT('',(-0.00271958800946885,-0.00487596752961504,-0.00411259093581703));
#6674=CARTESIAN_POINT('',(-0.002706105294697,-0.00494416139596997,-0.00409220613807637));
#6675=CARTESIAN_POINT('',(-0.00329751380887638,-0.00207918397054084,-0.00503562225679074));
#6676=CARTESIAN_POINT('',(-0.0032918201961738,-0.00210779192590281,-0.00502694694780226));
#6677=CARTESIAN_POINT('',(-0.00326893143270733,-0.00222309541441714,-0.0049922284209111));
#6678=CARTESIAN_POINT('',(-0.00322929550988388,-0.00242590164170819,-0.00493376311043847));
#6679=CARTESIAN_POINT('',(-0.00317470870331679,-0.00268068249628952,-0.00484029579372625));
#6680=CARTESIAN_POINT('',(-0.00313347623505188,-0.00295907382330817,-0.0048150638957714));
#6681=CARTESIAN_POINT('',(-0.00308147859032866,-0.0032184389415216,-0.00473483333533466));
#6682=CARTESIAN_POINT('',(-0.00301944368569818,-0.00346006476913283,-0.00460333633008307));
#6683=CARTESIAN_POINT('',(-0.00297042714124002,-0.00372469944588642,-0.00453833295150828));
#6684=CARTESIAN_POINT('',(-0.00291791971218478,-0.00398317811534715,-0.00445550797260941));
#6685=CARTESIAN_POINT('',(-0.00286635279370434,-0.00424328378481603,-0.0043774605850965));
#6686=CARTESIAN_POINT('',(-0.00281453005325879,-0.00450298147330341,-0.00429812943917628));
#6687=CARTESIAN_POINT('',(-0.00276645729719357,-0.00474427620104979,-0.00422476107968834));
#6688=CARTESIAN_POINT('',(-0.00273564610636499,-0.00489892766913185,-0.00417772559164504));
#6689=CARTESIAN_POINT('',(-0.00272208495620744,-0.0049669954798185,-0.00415702304356284));
#6690=CARTESIAN_POINT('',(-0.0033421436775665,-0.002166217067433,-0.00528811034147159));
#6691=CARTESIAN_POINT('',(-0.00333636805908652,-0.00219467407928939,-0.00527899251081344));
#6692=CARTESIAN_POINT('',(-0.00331311200878671,-0.00230935065123195,-0.00524244825034541));
#6693=CARTESIAN_POINT('',(-0.00327244301505153,-0.00251085898052877,-0.00518032778681686));
#6694=CARTESIAN_POINT('',(-0.00321955252730281,-0.00276540838050571,-0.00508572113559142));
#6695=CARTESIAN_POINT('',(-0.0031686624094071,-0.00303822051071858,-0.00504596248969556));
#6696=CARTESIAN_POINT('',(-0.00311615902016491,-0.00329629545146278,-0.0049619976593516));
#6697=CARTESIAN_POINT('',(-0.00306214382576018,-0.00354072379320097,-0.00483679964198001));
#6698=CARTESIAN_POINT('',(-0.00301009003310569,-0.00380288287389979,-0.00476507931414077));
#6699=CARTESIAN_POINT('',(-0.00295750989370472,-0.00406028402094201,-0.00467902961660593));
#6700=CARTESIAN_POINT('',(-0.00290507321531124,-0.00431895821518852,-0.00459681657888107));
#6701=CARTESIAN_POINT('',(-0.00285259282526908,-0.00457732816353668,-0.00451356857093611));
#6702=CARTESIAN_POINT('',(-0.00280386525373965,-0.00481731174257386,-0.00443651593092538));
#6703=CARTESIAN_POINT('',(-0.00277262807650491,-0.00497118786230808,-0.00438710882190513));
#6704=CARTESIAN_POINT('',(-0.00275887917303739,-0.005038917106402,-0.00436536201018147));
#6705=CARTESIAN_POINT('',(-0.00335120750680474,-0.00222945791182858,-0.00547570902895595));
#6706=CARTESIAN_POINT('',(-0.00334541519930641,-0.00225779981758614,-0.00546625265269805));
#6707=CARTESIAN_POINT('',(-0.00332208321416988,-0.00237197486335147,-0.00542822822406622));
#6708=CARTESIAN_POINT('',(-0.00328118938099364,-0.0025722052765174,-0.00536228655600906));
#6709=CARTESIAN_POINT('',(-0.00322871675625231,-0.00282823582411527,-0.00527224366511092));
#6710=CARTESIAN_POINT('',(-0.0031755909968552,-0.00309081236820425,-0.00520149580800281));
#6711=CARTESIAN_POINT('',(-0.00312298991816177,-0.00334812301511538,-0.00511520542234519));
#6712=CARTESIAN_POINT('',(-0.00307088506136898,-0.00360048106025111,-0.00501438384556526));
#6713=CARTESIAN_POINT('',(-0.00301813887107128,-0.003859249342203,-0.00493239858157126));
#6714=CARTESIAN_POINT('',(-0.00296556416023865,-0.00411630146451496,-0.00484536430067209));
#6715=CARTESIAN_POINT('',(-0.00291294501294128,-0.00437380715425654,-0.00475968474636252));
#6716=CARTESIAN_POINT('',(-0.00286033684572317,-0.00463119416755226,-0.0046736418771751));
#6717=CARTESIAN_POINT('',(-0.00281147620601863,-0.00487026158484432,-0.00459381835042104));
#6718=CARTESIAN_POINT('',(-0.0027801502141046,-0.00502353765331192,-0.00454264726344177));
#6719=CARTESIAN_POINT('',(-0.00276636207385558,-0.0050910022598836,-0.00452012455502439));
#6720=CARTESIAN_POINT('',(-0.00333883537133736,-0.00235565523234974,-0.00584728806677226));
#6721=CARTESIAN_POINT('',(-0.00333306479903843,-0.0023837742636638,-0.00583717358554752));
#6722=CARTESIAN_POINT('',(-0.00330982482416097,-0.00249700705526376,-0.00579636845211136));
#6723=CARTESIAN_POINT('',(-0.00326913922492557,-0.00269511728791412,-0.0057241858240038));
#6724=CARTESIAN_POINT('',(-0.00321657544214845,-0.00295201570843087,-0.00563669800853999));
#6725=CARTESIAN_POINT('',(-0.00316470370435643,-0.00320198617947863,-0.00552882208899567));
#6726=CARTESIAN_POINT('',(-0.00311227291330739,-0.00345754527529592,-0.00543736388326824));
#6727=CARTESIAN_POINT('',(-0.0030593271992369,-0.00371828953607869,-0.00536127698203031));
#6728=CARTESIAN_POINT('',(-0.00300705136105897,-0.00397230002746778,-0.0052652714651175));
#6729=CARTESIAN_POINT('',(-0.00295459506405779,-0.00422812047451584,-0.00517460293470974));
#6730=CARTESIAN_POINT('',(-0.00290219055453337,-0.00448343688751212,-0.00508251231321882));
#6731=CARTESIAN_POINT('',(-0.0028497690872505,-0.00473890558601243,-0.00499079383773357));
#6732=CARTESIAN_POINT('',(-0.00280108745702791,-0.00497613396622226,-0.00490552543568897));
#6733=CARTESIAN_POINT('',(-0.0027698796492495,-0.00512820606039799,-0.00485085694011386));
#6734=CARTESIAN_POINT('',(-0.00275614366923804,-0.00519513970568325,-0.0048267945759359));
#6735=CARTESIAN_POINT('',(-0.00331787602279021,-0.00241282197382895,-0.00601505229159695));
#6736=CARTESIAN_POINT('',(-0.00331214325656745,-0.0024408406892308,-0.00600464798101364));
#6737=CARTESIAN_POINT('',(-0.00328906520927308,-0.00255367026037471,-0.00596267683353459));
#6738=CARTESIAN_POINT('',(-0.00324876497722799,-0.00275108285031857,-0.00588846578379587));
#6739=CARTESIAN_POINT('',(-0.00319589586370671,-0.0030070899041517,-0.00579826655754379));
#6740=CARTESIAN_POINT('',(-0.00314672304908545,-0.00325615517713591,-0.0056880253287023));
#6741=CARTESIAN_POINT('',(-0.00309456791158147,-0.00351082986587077,-0.00559393581563565));
#6742=CARTESIAN_POINT('',(-0.00303965579652242,-0.00377063290540703,-0.00551489236566708));
#6743=CARTESIAN_POINT('',(-0.00298832451287423,-0.0040237579561737,-0.00541634168526054));
#6744=CARTESIAN_POINT('',(-0.00293603233790793,-0.00427867817407721,-0.00532301900441318));
#6745=CARTESIAN_POINT('',(-0.00288400297179279,-0.00453309778500235,-0.00522828782654762));
#6746=CARTESIAN_POINT('',(-0.00283189811731602,-0.00478767530914648,-0.00513393351294414));
#6747=CARTESIAN_POINT('',(-0.00278352414155171,-0.00502406397169871,-0.00504623154565895));
#6748=CARTESIAN_POINT('',(-0.00275251281878393,-0.00517561074623852,-0.00499000013880103));
#6749=CARTESIAN_POINT('',(-0.00273886329015077,-0.00524231371239701,-0.00496524974793764));
#6750=CARTESIAN_POINT('',(-0.00327184199386878,-0.00249899961104701,-0.00626471971893183));
#6751=CARTESIAN_POINT('',(-0.0032661861166727,-0.00252687550567854,-0.00625389592220631));
#6752=CARTESIAN_POINT('',(-0.00324339979336021,-0.00263916287041537,-0.00621033387021911));
#6753=CARTESIAN_POINT('',(-0.00320342133113215,-0.00283597370393681,-0.00613437549029075));
#6754=CARTESIAN_POINT('',(-0.00315245063505673,-0.00308841612824227,-0.00603388265522267));
#6755=CARTESIAN_POINT('',(-0.00309961164328773,-0.00334436320555099,-0.00594353023032576));
#6756=CARTESIAN_POINT('',(-0.00304827945848989,-0.00359747905857525,-0.00584500490042709));
#6757=CARTESIAN_POINT('',(-0.00299834378017843,-0.00384799677415943,-0.00573887002788645));
#6758=CARTESIAN_POINT('',(-0.00294659534568761,-0.00410189529641473,-0.00564260185903218));
#6759=CARTESIAN_POINT('',(-0.00289533340192192,-0.00435488364018727,-0.0055436900581347));
#6760=CARTESIAN_POINT('',(-0.00284393919122066,-0.00460812452923149,-0.00544549139260396));
#6761=CARTESIAN_POINT('',(-0.00279258280589529,-0.00486128401391591,-0.00534710210899424));
#6762=CARTESIAN_POINT('',(-0.00274487955001908,-0.00509641450965026,-0.0052557653291189));
#6763=CARTESIAN_POINT('',(-0.00271429297485283,-0.00524717812313197,-0.00519720437880866));
#6764=CARTESIAN_POINT('',(-0.00270083018065628,-0.00531353735354452,-0.00517142867388977));
#6765=CARTESIAN_POINT('',(-0.00325322848255759,-0.00252784966439974,-0.00634782316361335));
#6766=CARTESIAN_POINT('',(-0.00324760337831056,-0.00255567897486147,-0.00633686129671068));
#6767=CARTESIAN_POINT('',(-0.00322493148888526,-0.00266779512120202,-0.00629278941988436));
#6768=CARTESIAN_POINT('',(-0.0031850532838293,-0.00286447890488049,-0.00621642556819875));
#6769=CARTESIAN_POINT('',(-0.00313499636340929,-0.00311536559355971,-0.00611164823745676));
#6770=CARTESIAN_POINT('',(-0.00308013533213976,-0.00337492976972499,-0.00603114280527428));
#6771=CARTESIAN_POINT('',(-0.00302914566042114,-0.00362749880283541,-0.00593107615194325));
#6772=CARTESIAN_POINT('',(-0.00298174825240191,-0.00387364432872737,-0.00581277621065936));
#6773=CARTESIAN_POINT('',(-0.00292969019856418,-0.00412814179950996,-0.00571811120537274));
#6774=CARTESIAN_POINT('',(-0.00287888261598463,-0.00438039133238785,-0.00561711500006431));
#6775=CARTESIAN_POINT('',(-0.00282773546279348,-0.00463326676116049,-0.00551781915487756));
#6776=CARTESIAN_POINT('',(-0.00277668665763242,-0.00488593078267415,-0.0054180767836936));
#6777=CARTESIAN_POINT('',(-0.0027292508850602,-0.00512065482040054,-0.00532553290663632));
#6778=CARTESIAN_POINT('',(-0.00269883756294654,-0.0052711527690765,-0.00526619482883249));
#6779=CARTESIAN_POINT('',(-0.00268545109906804,-0.00533739485699654,-0.00524007693768336));
#6780=CARTESIAN_POINT('',(-0.00320965706923002,-0.00258803385475688,-0.00651956205694437));
#6781=CARTESIAN_POINT('',(-0.00320410815139163,-0.00261575699020941,-0.00650829880620717));
#6782=CARTESIAN_POINT('',(-0.00318174945383841,-0.00272743228703244,-0.00646297441497202));
#6783=CARTESIAN_POINT('',(-0.00314248660031606,-0.00292320470505165,-0.0063840096194369));
#6784=CARTESIAN_POINT('',(-0.00309270288637203,-0.00317401396173271,-0.00627902072112617));
#6785=CARTESIAN_POINT('',(-0.00304005968420852,-0.00342939100217616,-0.00618654319413214));
#6786=CARTESIAN_POINT('',(-0.0029897250859079,-0.00368109951284743,-0.00608393678326356));
#6787=CARTESIAN_POINT('',(-0.00294151513597864,-0.00392942238651078,-0.00597203739261212));
#6788=CARTESIAN_POINT('',(-0.00289054279277206,-0.0041821346551614,-0.00587224184414938));
#6789=CARTESIAN_POINT('',(-0.00284031006977164,-0.00443367348547274,-0.00576919986265194));
#6790=CARTESIAN_POINT('',(-0.00278987998947468,-0.00468551503846433,-0.00566704788510551));
#6791=CARTESIAN_POINT('',(-0.00273950312854842,-0.00493727455784502,-0.00556464776460756));
#6792=CARTESIAN_POINT('',(-0.00269270466044454,-0.00517111949454794,-0.00546958752748028));
#6793=CARTESIAN_POINT('',(-0.00266270178858419,-0.00532103563150748,-0.0054086531235935));
#6794=CARTESIAN_POINT('',(-0.00264949606130126,-0.00538702088138316,-0.00538183331276846));
#6795=CARTESIAN_POINT('',(-0.00318458695992915,-0.00261947092254336,-0.00660824473818497));
#6796=CARTESIAN_POINT('',(-0.00317908264556798,-0.00264713553586889,-0.0065968251581317));
#6797=CARTESIAN_POINT('',(-0.00315691013180708,-0.00275856438306008,-0.00655083831830519));
#6798=CARTESIAN_POINT('',(-0.00311804224699759,-0.00295379196063365,-0.0064703675850386));
#6799=CARTESIAN_POINT('',(-0.00306821460722199,-0.00320490120350088,-0.00636606884190701));
#6800=CARTESIAN_POINT('',(-0.00301758679807381,-0.00345689676407285,-0.00626439331644143));
#6801=CARTESIAN_POINT('',(-0.00296760032178869,-0.00370824287562222,-0.00616054102522111));
#6802=CARTESIAN_POINT('',(-0.00291823033225456,-0.00395871533820224,-0.00605490517945925));
#6803=CARTESIAN_POINT('',(-0.00286806886384892,-0.00421021943499361,-0.0059516701512758));
#6804=CARTESIAN_POINT('',(-0.00281811574466594,-0.00446146847685294,-0.00584778204440205));
#6805=CARTESIAN_POINT('',(-0.00276811493410481,-0.00471272863787951,-0.00574410388784806));
#6806=CARTESIAN_POINT('',(-0.00271811379798506,-0.00496406396628368,-0.00564033030736505));
#6807=CARTESIAN_POINT('',(-0.00267168337496549,-0.00519744758914468,-0.00554397192941878));
#6808=CARTESIAN_POINT('',(-0.00264192141523518,-0.00534703070088804,-0.00548222248048007));
#6809=CARTESIAN_POINT('',(-0.00262882193037281,-0.00541286782637467,-0.00545504464108883));
#6810=CARTESIAN_POINT('',(-0.00315477819297661,-0.00265332813733117,-0.00670487609722671));
#6811=CARTESIAN_POINT('',(-0.00314932644470547,-0.00268093011853511,-0.00669328958893051));
#6812=CARTESIAN_POINT('',(-0.00312736791265416,-0.00279210550902396,-0.00664662143434461));
#6813=CARTESIAN_POINT('',(-0.00308889867176565,-0.00298687654721037,-0.00656486269292151));
#6814=CARTESIAN_POINT('',(-0.00303936160353279,-0.00323769194115919,-0.00645957948845957));
#6815=CARTESIAN_POINT('',(-0.00298983752986047,-0.00348843407485003,-0.00635432585537998));
#6816=CARTESIAN_POINT('',(-0.00294031210969242,-0.00373917913618598,-0.00624907032103089));
#6817=CARTESIAN_POINT('',(-0.00289079933768942,-0.00398986164357685,-0.00614384131248727));
#6818=CARTESIAN_POINT('',(-0.00284127189561559,-0.00424062032345564,-0.00603858064031555));
#6819=CARTESIAN_POINT('',(-0.00279174105095543,-0.00449140036652078,-0.00593331163625675));
#6820=CARTESIAN_POINT('',(-0.00274222511676648,-0.00474209496536581,-0.00582807710229573));
#6821=CARTESIAN_POINT('',(-0.00269267397274801,-0.00499299333335908,-0.00572276072073037));
#6822=CARTESIAN_POINT('',(-0.00264669245062068,-0.00522578649332175,-0.00562503959151115));
#6823=CARTESIAN_POINT('',(-0.0026172092421729,-0.00537505918004177,-0.0055623793229218));
#6824=CARTESIAN_POINT('',(-0.00260423207482509,-0.00544076249389247,-0.00553479904877764));
#6825=CARTESIAN_POINT('',(-0.00302664122602749,-0.00330209513981536,-0.00643254497586781));
#6826=CARTESIAN_POINT('',(-0.00314756467136773,-0.0030069425947024,-0.00625619598614245));
#6827=CARTESIAN_POINT('',(-0.00324982379045896,-0.00270670273662322,-0.00607837235772487));
#6828=CARTESIAN_POINT('',(-0.00332373346246141,-0.00239452646004495,-0.00590559361654987));
#6829=CARTESIAN_POINT('',(-0.00332373346246014,-0.00239452646005331,-0.00590559361653424));
#6830=CARTESIAN_POINT('',(-0.0027692156202706,-0.00508239814014098,-0.00459754630028744));
#6831=CARTESIAN_POINT('',(-0.00282022025362279,-0.00494235082165334,-0.00501327191717753));
#6832=CARTESIAN_POINT('',(-0.00280485071777591,-0.00480927868115849,-0.00543606538904682));
#6833=CARTESIAN_POINT('',(-0.00275482365718933,-0.00467831145351917,-0.00585485187558215));
#6834=CARTESIAN_POINT('',(-0.0027692156202706,-0.00508239814014098,-0.00459754630028744));
#6835=CARTESIAN_POINT('',(-0.00262264393808527,-0.00484099742722778,-0.00387453330817281));
#6836=CARTESIAN_POINT('',(-0.00273719433634934,-0.00492804607676988,-0.00409676021743339));
#6837=CARTESIAN_POINT('',(-0.00276787360562316,-0.00500693960416468,-0.00434714473181846));
#6838=CARTESIAN_POINT('',(-0.00276921562027059,-0.00508239814014099,-0.00459754630028744));
#6839=CARTESIAN_POINT('',(-0.0026226429481348,-0.00484099742722646,-0.00387453397825847));
#6840=CARTESIAN_POINT('',(-0.00290661012673664,-0.00334839024776154,-0.004294051019295));
#6841=CARTESIAN_POINT('',(-0.0031636523883626,-0.00199729309787753,-0.00467379871829067));
#6842=CARTESIAN_POINT('',(-0.00316365238836235,-0.00199729309787884,-0.0046737987182903));
#6843=CARTESIAN_POINT('',(-0.00335655281323772,-0.00214389960923826,-0.00504808752753951));
#6844=CARTESIAN_POINT('',(-0.00336496430083032,-0.00227261315437293,-0.0054834398760202));
#6845=CARTESIAN_POINT('',(-0.00332373346246014,-0.00239452646005331,-0.00590559361653424));
#6846=CARTESIAN_POINT('',(-0.00251031313686014,-0.00265323458144542,-0.00697186815964385));
#6847=CARTESIAN_POINT('',(-0.00250597210685812,-0.00268085646779879,-0.0069598115951119));
#6848=CARTESIAN_POINT('',(-0.00248849611511301,-0.00279205573456045,-0.00691127472495216));
#6849=CARTESIAN_POINT('',(-0.00245788417854554,-0.00298683744144352,-0.00682625579642724));
#6850=CARTESIAN_POINT('',(-0.00241847052957894,-0.00323761930037682,-0.0067167959835526));
#6851=CARTESIAN_POINT('',(-0.00237905971279842,-0.00348838830279405,-0.00660734022270218));
#6852=CARTESIAN_POINT('',(-0.00233965691264755,-0.00373910466276433,-0.00649790545065689));
#6853=CARTESIAN_POINT('',(-0.00230025249546146,-0.00398983533323358,-0.00638846604321714));
#6854=CARTESIAN_POINT('',(-0.00226084263760113,-0.00424059623470041,-0.0062790136038661));
#6855=CARTESIAN_POINT('',(-0.00222143064695891,-0.00449137147875896,-0.00616955547726235));
#6856=CARTESIAN_POINT('',(-0.00218202940729071,-0.00474207909163885,-0.00606012512589276));
#6857=CARTESIAN_POINT('',(-0.00214260649408236,-0.00499292251663129,-0.00595063996538449));
#6858=CARTESIAN_POINT('',(-0.00210610030762886,-0.00522520728952457,-0.00584924942785192));
#6859=CARTESIAN_POINT('',(-0.00208271647358327,-0.00537399765539418,-0.00578430566060352));
#6860=CARTESIAN_POINT('',(-0.00207247000046344,-0.00543919560846159,-0.00575584825685911));
#6861=CARTESIAN_POINT('',(-0.00233329025405295,-0.00258623929985604,-0.0068783008550162));
#6862=CARTESIAN_POINT('',(-0.00232925584101738,-0.00261398001812157,-0.00686640575521084));
#6863=CARTESIAN_POINT('',(-0.00231301332786422,-0.0027256573032926,-0.00681851832214336));
#6864=CARTESIAN_POINT('',(-0.00228455263755839,-0.00292127242013999,-0.00673463084523081));
#6865=CARTESIAN_POINT('',(-0.00224790134352263,-0.00317308430114312,-0.00662663202599673));
#6866=CARTESIAN_POINT('',(-0.00221128198859314,-0.00342487640445088,-0.00651866297460642));
#6867=CARTESIAN_POINT('',(-0.00217458707614286,-0.00367687422683675,-0.00641058159968081));
#6868=CARTESIAN_POINT('',(-0.00213804410688497,-0.00392844494404977,-0.00630273060993249));
#6869=CARTESIAN_POINT('',(-0.0021013847582676,-0.00418032704759383,-0.00619470711240125));
#6870=CARTESIAN_POINT('',(-0.00206476261246578,-0.00443212495738897,-0.00608673371892105));
#6871=CARTESIAN_POINT('',(-0.00202811492200625,-0.00468393707967441,-0.00597874004025144));
#6872=CARTESIAN_POINT('',(-0.00199158585085518,-0.00493560923435141,-0.00587086442988405));
#6873=CARTESIAN_POINT('',(-0.00195751155092785,-0.00516916141693022,-0.00577065312308859));
#6874=CARTESIAN_POINT('',(-0.00193581054191421,-0.00531850721034393,-0.00570662420909071));
#6875=CARTESIAN_POINT('',(-0.00192630674306485,-0.00538393771432388,-0.00567857441835985));
#6876=CARTESIAN_POINT('',(-0.00218795416260692,-0.00252852284850548,-0.00679281340912411));
#6877=CARTESIAN_POINT('',(-0.0021841705333364,-0.00255636613905695,-0.00678106499218445));
#6878=CARTESIAN_POINT('',(-0.00216893825268552,-0.00266845490176764,-0.00673376890072468));
#6879=CARTESIAN_POINT('',(-0.0021422538261161,-0.00286477546168473,-0.00665092599324241));
#6880=CARTESIAN_POINT('',(-0.00210789674794874,-0.00311746767613004,-0.00654428588965823));
#6881=CARTESIAN_POINT('',(-0.00207355627505966,-0.00337020294329026,-0.00643764724271313));
#6882=CARTESIAN_POINT('',(-0.00203918954982166,-0.00362288928250872,-0.00633100065716533));
#6883=CARTESIAN_POINT('',(-0.00200487219473299,-0.00387568937109068,-0.00622436419729977));
#6884=CARTESIAN_POINT('',(-0.00197051254007685,-0.00412839169373995,-0.00611771915460448));
#6885=CARTESIAN_POINT('',(-0.00193617068018545,-0.00438111740865187,-0.00601108184900089));
#6886=CARTESIAN_POINT('',(-0.00190180823491366,-0.00463383110677259,-0.00590443307330727));
#6887=CARTESIAN_POINT('',(-0.00186752153644057,-0.00488658659133309,-0.00579782818352932));
#6888=CARTESIAN_POINT('',(-0.00183564412243032,-0.0051206985173109,-0.00569899140817496));
#6889=CARTESIAN_POINT('',(-0.00181527160521645,-0.00527066665463787,-0.00563571856644174));
#6890=CARTESIAN_POINT('',(-0.0018063466085992,-0.00533638100339227,-0.00560799482285696));
#6891=CARTESIAN_POINT('',(-0.0019071557636028,-0.00241269317655379,-0.00659926698340936));
#6892=CARTESIAN_POINT('',(-0.00190385654535919,-0.0024407343846446,-0.00658785286673797));
#6893=CARTESIAN_POINT('',(-0.00189057536111399,-0.00255362115700833,-0.00654190304007148));
#6894=CARTESIAN_POINT('',(-0.00186731878760954,-0.0027513526054668,-0.00646142305041489));
#6895=CARTESIAN_POINT('',(-0.00183738814031317,-0.00300587366964953,-0.00635783190134721));
#6896=CARTESIAN_POINT('',(-0.00180744680209763,-0.00326042746370331,-0.0062542245877794));
#6897=CARTESIAN_POINT('',(-0.00177752212344994,-0.00351497747739659,-0.00615063009674252));
#6898=CARTESIAN_POINT('',(-0.00174754628320909,-0.0037694743032193,-0.0060470102864789));
#6899=CARTESIAN_POINT('',(-0.00171761455590527,-0.00402402007350703,-0.00594341170429018));
#6900=CARTESIAN_POINT('',(-0.00168767377072551,-0.00427855709269262,-0.00583980867704095));
#6901=CARTESIAN_POINT('',(-0.00165771894451737,-0.00453308328037554,-0.00573619654445851));
#6902=CARTESIAN_POINT('',(-0.00162782065010494,-0.00478762918112212,-0.00563262858278984));
#6903=CARTESIAN_POINT('',(-0.00160010208043716,-0.00502350617827212,-0.00553664168394274));
#6904=CARTESIAN_POINT('',(-0.00158232801198596,-0.00517452317912169,-0.0054751657575183));
#6905=CARTESIAN_POINT('',(-0.00157453885422777,-0.00524069367280702,-0.00544822819123406));
#6906=CARTESIAN_POINT('',(-0.00176512169929946,-0.00235157978746205,-0.00648749643057186));
#6907=CARTESIAN_POINT('',(-0.00176206781332767,-0.00237972594880234,-0.00647627538165698));
#6908=CARTESIAN_POINT('',(-0.00174976597165726,-0.00249303164106178,-0.00643109511492654));
#6909=CARTESIAN_POINT('',(-0.0017281373575773,-0.00269145899970337,-0.00635188217204245));
#6910=CARTESIAN_POINT('',(-0.0017009224447797,-0.00294719925302962,-0.00625049604004571));
#6911=CARTESIAN_POINT('',(-0.00167135033316603,-0.00320181322133709,-0.00614691111363972));
#6912=CARTESIAN_POINT('',(-0.00164414510519415,-0.00345755460397056,-0.00604553426093292));
#6913=CARTESIAN_POINT('',(-0.00161637948419893,-0.00371301170856582,-0.00594363945954793));
#6914=CARTESIAN_POINT('',(-0.00158845803752011,-0.00396841405545998,-0.005841594368606));
#6915=CARTESIAN_POINT('',(-0.00156175880481759,-0.00422438356780155,-0.00574069136974391));
#6916=CARTESIAN_POINT('',(-0.0015303226562893,-0.00447813725804398,-0.00563536679021705));
#6917=CARTESIAN_POINT('',(-0.00151662141434415,-0.00474014780997503,-0.00554660664723646));
#6918=CARTESIAN_POINT('',(-0.0014873624951021,-0.0049752405096297,-0.00544888517652399));
#6919=CARTESIAN_POINT('',(-0.00147100946333316,-0.00512686100716339,-0.00538854227434489));
#6920=CARTESIAN_POINT('',(-0.00146394467823047,-0.00519334265357502,-0.00536219596748204));
#6921=CARTESIAN_POINT('',(-0.00155154653790838,-0.00225235487504143,-0.00628780287469525));
#6922=CARTESIAN_POINT('',(-0.00154886384993,-0.00228067378655761,-0.00627692872141532));
#6923=CARTESIAN_POINT('',(-0.00153806918813348,-0.00239468080771681,-0.00623315700046792));
#6924=CARTESIAN_POINT('',(-0.00151921567982006,-0.00259439854493866,-0.00615653798161437));
#6925=CARTESIAN_POINT('',(-0.00149452911168849,-0.00285129786106309,-0.00605751745975417));
#6926=CARTESIAN_POINT('',(-0.00147139943060913,-0.00310892170115224,-0.0059599538947962));
#6927=CARTESIAN_POINT('',(-0.00144670601426659,-0.00336582759899003,-0.00586092446514857));
#6928=CARTESIAN_POINT('',(-0.00142238881982987,-0.00362288394990567,-0.00576225349512084));
#6929=CARTESIAN_POINT('',(-0.00139816306884959,-0.00388000385094619,-0.00566366244919802));
#6930=CARTESIAN_POINT('',(-0.00137315982905942,-0.00413676002742305,-0.00556434566223645));
#6931=CARTESIAN_POINT('',(-0.00135117764681505,-0.00439490665206647,-0.00546785479515377));
#6932=CARTESIAN_POINT('',(-0.00131789070503305,-0.00464781866945273,-0.00536079799644578));
#6933=CARTESIAN_POINT('',(-0.00129760107601117,-0.00488707037183401,-0.00527145889742864));
#6934=CARTESIAN_POINT('',(-0.00128309375684028,-0.00503955617395684,-0.00521283963039238));
#6935=CARTESIAN_POINT('',(-0.00127667303360065,-0.0051063410122743,-0.00518709461544462));
#6936=CARTESIAN_POINT('',(-0.00147223091975886,-0.00221354369391922,-0.00620512983752231));
#6937=CARTESIAN_POINT('',(-0.00146968693635814,-0.00224192968212968,-0.00619440073960359));
#6938=CARTESIAN_POINT('',(-0.00145946081811451,-0.0023562128470451,-0.00615122571469266));
#6939=CARTESIAN_POINT('',(-0.00144171011384736,-0.00255647862873382,-0.00607578604672291));
#6940=CARTESIAN_POINT('',(-0.00141760802846253,-0.00281362956149418,-0.00597723043099246));
#6941=CARTESIAN_POINT('',(-0.00139819103496161,-0.00307320815613116,-0.00588407651270776));
#6942=CARTESIAN_POINT('',(-0.00137406997632876,-0.00333036223705048,-0.00578549262271377));
#6943=CARTESIAN_POINT('',(-0.00135107565887716,-0.00358806310887276,-0.00568823640616625));
#6944=CARTESIAN_POINT('',(-0.00132827304288263,-0.00384587780340726,-0.00559111796943383));
#6945=CARTESIAN_POINT('',(-0.00130358373788299,-0.00410279130880434,-0.00549210877153709));
#6946=CARTESIAN_POINT('',(-0.00128625053615643,-0.00436319234731028,-0.00540052688537663));
#6947=CARTESIAN_POINT('',(-0.00124138341766123,-0.00461051519546859,-0.00528113886864036));
#6948=CARTESIAN_POINT('',(-0.00122551339547383,-0.00485189282776781,-0.00519646929909411));
#6949=CARTESIAN_POINT('',(-0.00121166348962754,-0.00500470998462429,-0.0051385288877832));
#6950=CARTESIAN_POINT('',(-0.00120543903194631,-0.00507159649708666,-0.00511298367824336));
#6951=CARTESIAN_POINT('',(-0.0013284546118914,-0.00213767495128991,-0.00603399380080541));
#6952=CARTESIAN_POINT('',(-0.00132615690925116,-0.00216619307985693,-0.00602355772043282));
#6953=CARTESIAN_POINT('',(-0.00131690627165494,-0.00228099886122433,-0.00598154438663939));
#6954=CARTESIAN_POINT('',(-0.00130069587011569,-0.00248208160642037,-0.00590795075367353));
#6955=CARTESIAN_POINT('',(-0.00127989136814227,-0.00274095720712974,-0.00581326095549622));
#6956=CARTESIAN_POINT('',(-0.00125884540076038,-0.00299971851870851,-0.00571839318123535));
#6957=CARTESIAN_POINT('',(-0.00123808216919081,-0.0032586054441106,-0.00562375195843567));
#6958=CARTESIAN_POINT('',(-0.00121706103197767,-0.00351741849560492,-0.00552882233032817));
#6959=CARTESIAN_POINT('',(-0.00119678643832456,-0.00377656771112392,-0.00543479351524589));
#6960=CARTESIAN_POINT('',(-0.00117378518726073,-0.00403429802386895,-0.00533747323879335));
#6961=CARTESIAN_POINT('',(-0.00116094325771973,-0.00429736630540372,-0.00525241731539677));
#6962=CARTESIAN_POINT('',(-0.00111018838969091,-0.0045405225725937,-0.00512159209283619));
#6963=CARTESIAN_POINT('',(-0.00109854822143834,-0.00478437877700097,-0.00504309483483424));
#6964=CARTESIAN_POINT('',(-0.00108601350630322,-0.00493790106944954,-0.00498669217324852));
#6965=CARTESIAN_POINT('',(-0.00108030645940091,-0.00500505928843051,-0.00496171874442966));
#6966=CARTESIAN_POINT('',(-0.00126455935437117,-0.00210143784498277,-0.00594758036721024));
#6967=CARTESIAN_POINT('',(-0.00126237244227338,-0.00213001826520044,-0.00593729463765418));
#6968=CARTESIAN_POINT('',(-0.00125357081793016,-0.00224507870403771,-0.00589589416174335));
#6969=CARTESIAN_POINT('',(-0.0012381784875695,-0.00244664844580781,-0.00582345388016778));
#6970=CARTESIAN_POINT('',(-0.00121817708214006,-0.00270588561497802,-0.00572961498083041));
#6971=CARTESIAN_POINT('',(-0.00119888582615349,-0.00296597425080796,-0.00563799789060054));
#6972=CARTESIAN_POINT('',(-0.00117892467695009,-0.00322522184697069,-0.00554420845512838));
#6973=CARTESIAN_POINT('',(-0.00115892338519886,-0.00348461916239818,-0.00545067591265045));
#6974=CARTESIAN_POINT('',(-0.00113969832665926,-0.00374439306070271,-0.0053581889570745));
#6975=CARTESIAN_POINT('',(-0.001117460633561,-0.0040024020721071,-0.00526135727860698));
#6976=CARTESIAN_POINT('',(-0.00110649461963957,-0.00426712021004161,-0.00518085133157544));
#6977=CARTESIAN_POINT('',(-0.00105345547333153,-0.00450673463937353,-0.0050393963990229));
#6978=CARTESIAN_POINT('',(-0.00104355492751427,-0.00475235315635779,-0.00496515208779036));
#6979=CARTESIAN_POINT('',(-0.00103160848353777,-0.00490610026189867,-0.00490951228443607));
#6980=CARTESIAN_POINT('',(-0.00102613699081694,-0.00497331880749965,-0.00488479028829001));
#6981=CARTESIAN_POINT('',(-0.00119204397055522,-0.00205418709443867,-0.00582909038230746));
#6982=CARTESIAN_POINT('',(-0.00118998116675173,-0.00208284653799951,-0.00581900717734848));
#6983=CARTESIAN_POINT('',(-0.00118166686028066,-0.00219821442664076,-0.00577839828360555));
#6984=CARTESIAN_POINT('',(-0.00116699845150115,-0.00240021022867179,-0.00570709459207683));
#6985=CARTESIAN_POINT('',(-0.00114893626310736,-0.00266082332138989,-0.00561666434873749));
#6986=CARTESIAN_POINT('',(-0.00112778173031039,-0.00291936087952438,-0.00552110081054823));
#6987=CARTESIAN_POINT('',(-0.00110977358994294,-0.00318003016683265,-0.00543076186852019));
#6988=CARTESIAN_POINT('',(-0.00109081013871051,-0.00343994262354454,-0.0053388256833975));
#6989=CARTESIAN_POINT('',(-0.00107256681886079,-0.00370044452283113,-0.0052481683673066));
#6990=CARTESIAN_POINT('',(-0.00105236421894802,-0.0039595589012382,-0.00515390829823521));
#6991=CARTESIAN_POINT('',(-0.00103926533255272,-0.00422373321577998,-0.0050727477202299));
#6992=CARTESIAN_POINT('',(-0.00099973261328783,-0.00446888912740197,-0.0049428499411253));
#6993=CARTESIAN_POINT('',(-0.000987764186427724,-0.00471385021617401,-0.00486794792503224));
#6994=CARTESIAN_POINT('',(-0.000976566536767394,-0.00486811517853231,-0.00481347986478838));
#6995=CARTESIAN_POINT('',(-0.00097151072806975,-0.00493560030107284,-0.00478933859521119));
#6996=CARTESIAN_POINT('',(-0.00117799099698947,-0.00204468332248632,-0.00580501309309731));
#6997=CARTESIAN_POINT('',(-0.00117595146839473,-0.00207335769093377,-0.00579496983975394));
#6998=CARTESIAN_POINT('',(-0.0011677219877498,-0.00218877973563293,-0.00575450661152984));
#6999=CARTESIAN_POINT('',(-0.00115310869182359,-0.00239080796346423,-0.00568329829455966));
#7000=CARTESIAN_POINT('',(-0.00113583935440036,-0.00265196251587331,-0.00559422367755104));
#7001=CARTESIAN_POINT('',(-0.00111276554026495,-0.0029091955888309,-0.00549538159874041));
#7002=CARTESIAN_POINT('',(-0.00109556822361543,-0.00317043119535805,-0.00540643108794032));
#7003=CARTESIAN_POINT('',(-0.00107672276008432,-0.00343038445099882,-0.00531468793493525));
#7004=CARTESIAN_POINT('',(-0.00105867240190364,-0.00369103830182699,-0.00522440980066566));
#7005=CARTESIAN_POINT('',(-0.00103902638167563,-0.00395047507952389,-0.00513091828364105));
#7006=CARTESIAN_POINT('',(-0.00102495211845777,-0.00421419608503538,-0.00504877706839158));
#7007=CARTESIAN_POINT('',(-0.000990213243189933,-0.00446180123845729,-0.00492451703498886));
#7008=CARTESIAN_POINT('',(-0.000977306324080757,-0.0047062803670696,-0.00484867179726609));
#7009=CARTESIAN_POINT('',(-0.000966271306192348,-0.00486067054776002,-0.00479446810592738));
#7010=CARTESIAN_POINT('',(-0.000961319020179463,-0.00492822886737072,-0.00477047936386583));
#7011=CARTESIAN_POINT('',(-0.0011503881718784,-0.00202515433962274,-0.00575502291601882));
#7012=CARTESIAN_POINT('',(-0.00114839680286255,-0.00205386191274918,-0.00574506648015416));
#7013=CARTESIAN_POINT('',(-0.00114036416970625,-0.00216941857352248,-0.00570495520052667));
#7014=CARTESIAN_POINT('',(-0.00112612694368453,-0.00237169252025984,-0.00563438908957563));
#7015=CARTESIAN_POINT('',(-0.0011091051439332,-0.00263308029493845,-0.00554595421704197));
#7016=CARTESIAN_POINT('',(-0.00108715586179524,-0.00289087788036891,-0.00544843319790961));
#7017=CARTESIAN_POINT('',(-0.00107018773213406,-0.00315235803887608,-0.00536010352358059));
#7018=CARTESIAN_POINT('',(-0.00105185655584983,-0.00341262332220323,-0.00526922536822828));
#7019=CARTESIAN_POINT('',(-0.00103409794504704,-0.00367352761083289,-0.00517958809223107));
#7020=CARTESIAN_POINT('',(-0.00101533100882193,-0.00393347448882687,-0.00508734774323957));
#7021=CARTESIAN_POINT('',(-0.00100001038692642,-0.00419671548003727,-0.0050042448438983));
#7022=CARTESIAN_POINT('',(-0.000971938648247429,-0.00444755358991809,-0.00488726064183324));
#7023=CARTESIAN_POINT('',(-0.000957831265347476,-0.00469151890117694,-0.00481048401457536));
#7024=CARTESIAN_POINT('',(-0.000947077811392279,-0.00484612436983389,-0.00475676920958007));
#7025=CARTESIAN_POINT('',(-0.000942293273390095,-0.00491380001994288,-0.00473304053830655));
#7026=CARTESIAN_POINT('',(-0.00113594640854791,-0.00201432592946738,-0.0057269830332775));
#7027=CARTESIAN_POINT('',(-0.00113398208301894,-0.00204305485544549,-0.00571707874835768));
#7028=CARTESIAN_POINT('',(-0.00112607627083908,-0.00215870861939715,-0.00567720975096517));
#7029=CARTESIAN_POINT('',(-0.00111225024844493,-0.00236127000372681,-0.00560740859362283));
#7030=CARTESIAN_POINT('',(-0.00109431587110091,-0.00262201412042932,-0.00551737060480478));
#7031=CARTESIAN_POINT('',(-0.00107684957614866,-0.00288298893900519,-0.00542792639016623));
#7032=CARTESIAN_POINT('',(-0.00105891493353837,-0.00314379352518717,-0.00533789871859818));
#7033=CARTESIAN_POINT('',(-0.00104108276151636,-0.00340443375430542,-0.00524793966894683));
#7034=CARTESIAN_POINT('',(-0.00102339534653438,-0.00366541038303837,-0.00515849728806695));
#7035=CARTESIAN_POINT('',(-0.00100496028694771,-0.00392554740045455,-0.00506676072048816));
#7036=CARTESIAN_POINT('',(-0.000989362408225424,-0.0041887643488024,-0.00498366467886153));
#7037=CARTESIAN_POINT('',(-0.000963180273481076,-0.00444038346241725,-0.00486834417774216));
#7038=CARTESIAN_POINT('',(-0.000948805861184884,-0.00468432811847076,-0.00479157012528425));
#7039=CARTESIAN_POINT('',(-0.000938171891661405,-0.00483902110365663,-0.0047380808459363));
#7040=CARTESIAN_POINT('',(-0.000933451981147332,-0.00490673935755641,-0.00471446045275535));
#7041=CARTESIAN_POINT('',(-0.00111924899717292,-0.00200072520671391,-0.00569105586225957));
#7042=CARTESIAN_POINT('',(-0.00111731590448222,-0.00202948075798052,-0.00568121903692653));
#7043=CARTESIAN_POINT('',(-0.00110955514076877,-0.00214525870518813,-0.00564166526486725));
#7044=CARTESIAN_POINT('',(-0.00109618659665589,-0.00234821662332015,-0.00557287599563356));
#7045=CARTESIAN_POINT('',(-0.00107726273564999,-0.00260809014543703,-0.00548057514154945));
#7046=CARTESIAN_POINT('',(-0.00106474618403922,-0.00287325482556252,-0.0054022824454153));
#7047=CARTESIAN_POINT('',(-0.0010457667842809,-0.00313315343415251,-0.00530986963102433));
#7048=CARTESIAN_POINT('',(-0.00102847181236537,-0.00339426776658102,-0.0052210821593184));
#7049=CARTESIAN_POINT('',(-0.0010109424781213,-0.00365538122019714,-0.00513201720398324));
#7050=CARTESIAN_POINT('',(-0.000992642240722451,-0.00391556187679852,-0.00504037238246481));
#7051=CARTESIAN_POINT('',(-0.00097765652517798,-0.00417949791541786,-0.00495931732029977));
#7052=CARTESIAN_POINT('',(-0.000950190463932263,-0.00442928452098722,-0.00483850292123095));
#7053=CARTESIAN_POINT('',(-0.000936396215734649,-0.00467393882935468,-0.00476367180982094));
#7054=CARTESIAN_POINT('',(-0.000925888265171122,-0.00482871816273364,-0.00471043755183637));
#7055=CARTESIAN_POINT('',(-0.000921213200934178,-0.00489645870089144,-0.00468688711118393));
#7056=CARTESIAN_POINT('',(-0.00111445714409952,-0.00199662246120069,-0.00568008838653008));
#7057=CARTESIAN_POINT('',(-0.00111253256762137,-0.00202538525613571,-0.00567027103167178));
#7058=CARTESIAN_POINT('',(-0.00110480756362833,-0.00214119459116291,-0.00563079886572032));
#7059=CARTESIAN_POINT('',(-0.00109151719771267,-0.00234423093996337,-0.00556218648224783));
#7060=CARTESIAN_POINT('',(-0.00107256342341338,-0.00260407616891479,-0.00546982729372185));
#7061=CARTESIAN_POINT('',(-0.00106052087642054,-0.0028696233953839,-0.00539258103806595));
#7062=CARTESIAN_POINT('',(-0.00104150648571433,-0.00312949387247891,-0.00530009941163121));
#7063=CARTESIAN_POINT('',(-0.00102430729928196,-0.00339069897020061,-0.00521152683315157));
#7064=CARTESIAN_POINT('',(-0.0010068475674066,-0.00365187269386044,-0.00512262845341968));
#7065=CARTESIAN_POINT('',(-0.000988601211485513,-0.00391209460620917,-0.00503108436330117));
#7066=CARTESIAN_POINT('',(-0.000973759144203422,-0.0041761747846597,-0.00495044335615152));
#7067=CARTESIAN_POINT('',(-0.000946090968170295,-0.00442572603264214,-0.00482885000634406));
#7068=CARTESIAN_POINT('',(-0.000932430958179584,-0.00467052519256405,-0.00475440796901639));
#7069=CARTESIAN_POINT('',(-0.000921965610214535,-0.00482533549609401,-0.00470126957659029));
#7070=CARTESIAN_POINT('',(-0.000917307381482341,-0.0048930869941182,-0.00467775466570084));
#7071=CARTESIAN_POINT('',(-0.00109881629369313,-0.00198268298527203,-0.00564240237067391));
#7072=CARTESIAN_POINT('',(-0.00109691676076603,-0.00201146715494856,-0.00563264488877326));
#7073=CARTESIAN_POINT('',(-0.00108927483370848,-0.00212735045159958,-0.00559336824778128));
#7074=CARTESIAN_POINT('',(-0.00107594311802704,-0.00233038903868106,-0.00552461903098847));
#7075=CARTESIAN_POINT('',(-0.00105833253972254,-0.00259146575179364,-0.0054356774429549));
#7076=CARTESIAN_POINT('',(-0.00104245660207029,-0.00285336068677852,-0.00534850896474726));
#7077=CARTESIAN_POINT('',(-0.00102483405748754,-0.00311451609999561,-0.00525957308824048));
#7078=CARTESIAN_POINT('',(-0.00100761472332394,-0.00337572895308784,-0.00517090904221874));
#7079=CARTESIAN_POINT('',(-0.000990519610325291,-0.00363722584731895,-0.00508290719033363));
#7080=CARTESIAN_POINT('',(-0.000972539890722919,-0.00389770589538082,-0.0049920170579414));
#7081=CARTESIAN_POINT('',(-0.00095797140397772,-0.00416199718692518,-0.00491201151783234));
#7082=CARTESIAN_POINT('',(-0.000930638085012293,-0.00441206328449892,-0.00479134995016103));
#7083=CARTESIAN_POINT('',(-0.000917222804212027,-0.00465706654240229,-0.00471747557948861));
#7084=CARTESIAN_POINT('',(-0.00090693195645854,-0.0048120182913335,-0.00466476000996861));
#7085=CARTESIAN_POINT('',(-0.000902350940605978,-0.00487983222120401,-0.00464143287497193));
#7086=CARTESIAN_POINT('',(-0.00108661994571676,-0.00196978502324526,-0.00560669766654197));
#7087=CARTESIAN_POINT('',(-0.00108474044847645,-0.00199858862137201,-0.00559700003037079));
#7088=CARTESIAN_POINT('',(-0.00107716862592896,-0.00211454997563978,-0.00555794395210707));
#7089=CARTESIAN_POINT('',(-0.00106384854475566,-0.00231772364064602,-0.00548936662077586));
#7090=CARTESIAN_POINT('',(-0.00104705637079669,-0.00257941942496613,-0.00540217560522007));
#7091=CARTESIAN_POINT('',(-0.00102903213231101,-0.00283991618873171,-0.00531112856841245));
#7092=CARTESIAN_POINT('',(-0.00101225573103358,-0.00310168412880793,-0.0052239920600441));
#7093=CARTESIAN_POINT('',(-0.000995089259983051,-0.00336307051356352,-0.00513563900939058));
#7094=CARTESIAN_POINT('',(-0.000978202845989989,-0.00362474515934567,-0.00504815972300793));
#7095=CARTESIAN_POINT('',(-0.000960611255247988,-0.00388566591423454,-0.00495846670417825));
#7096=CARTESIAN_POINT('',(-0.000945559557915281,-0.00414932171714655,-0.00487675419235107));
#7097=CARTESIAN_POINT('',(-0.000921025821299706,-0.00440297824498436,-0.00476527251154988));
#7098=CARTESIAN_POINT('',(-0.000907147527831333,-0.00464729305367326,-0.00468976391916706));
#7099=CARTESIAN_POINT('',(-0.000896996769785645,-0.00480240183044241,-0.00463744768593139));
#7100=CARTESIAN_POINT('',(-0.00089249558293879,-0.0048703098259032,-0.00461435661469733));
#7101=CARTESIAN_POINT('',(-0.00107067649098138,-0.00195305211827213,-0.00555665866748437));
#7102=CARTESIAN_POINT('',(-0.00106882504605436,-0.0019818861857874,-0.0055470490321269));
#7103=CARTESIAN_POINT('',(-0.00106137029039873,-0.00209797507378207,-0.00550836007571478));
#7104=CARTESIAN_POINT('',(-0.001048298818447,-0.00230142343669743,-0.00544056116445485));
#7105=CARTESIAN_POINT('',(-0.00103150229293006,-0.00256308135156482,-0.00535335410894652));
#7106=CARTESIAN_POINT('',(-0.00101469012723982,-0.00282485898270332,-0.00526611249492732));
#7107=CARTESIAN_POINT('',(-0.00099788537094988,-0.00308658573690269,-0.00517888513167223));
#7108=CARTESIAN_POINT('',(-0.000981071295091018,-0.00334837804591239,-0.00509163960868896));
#7109=CARTESIAN_POINT('',(-0.000964262535841835,-0.00361013244738882,-0.00500440444359432));
#7110=CARTESIAN_POINT('',(-0.000947455968876408,-0.00387187139286939,-0.0049171737317324));
#7111=CARTESIAN_POINT('',(-0.000930643526569579,-0.00413364530844629,-0.00482993310860931));
#7112=CARTESIAN_POINT('',(-0.000913831884399805,-0.00439543274125843,-0.0047426880990801));
#7113=CARTESIAN_POINT('',(-0.000898259375885024,-0.00463794927288692,-0.00466186326350705));
#7114=CARTESIAN_POINT('',(-0.000888286216114844,-0.00479325602670304,-0.0046101043428728));
#7115=CARTESIAN_POINT('',(-0.000883916188047657,-0.0048613077867427,-0.0045874248468064));
#7116=CARTESIAN_POINT('',(-0.0018260874545608,-0.00239452646006028,-0.00652599760202932));
#7117=CARTESIAN_POINT('',(-0.00200057351043716,-0.00270658983155006,-0.00659584102257708));
#7118=CARTESIAN_POINT('',(-0.00219817096284249,-0.00300699521345012,-0.00664947021279917));
#7119=CARTESIAN_POINT('',(-0.00240833780352167,-0.00330209366397947,-0.00668865407369749));
#7120=CARTESIAN_POINT('',(-0.0018260874545608,-0.00239452646006029,-0.00652599760202932));
#7121=CARTESIAN_POINT('',(-0.0018260874545608,-0.00239452646006028,-0.00652599760202932));
#7122=CARTESIAN_POINT('',(-0.00149914581121491,-0.00227295432022585,-0.00625746993592583));
#7123=CARTESIAN_POINT('',(-0.00119525998199741,-0.00214294531900264,-0.00594036772641387));
#7124=CARTESIAN_POINT('',(-0.00106783563068809,-0.00199729302185075,-0.00554191442662466));
#7125=CARTESIAN_POINT('',(-0.00106783563068812,-0.00199729302185033,-0.0055419144266248));
#7126=CARTESIAN_POINT('',(-0.00108192547741767,-0.00177784180270006,-0.00561505249297982));
#7127=CARTESIAN_POINT('',(-0.00107632547134053,-0.00186507069685208,-0.00558598077129563));
#7128=CARTESIAN_POINT('',(-0.00106512544917451,-0.00203952864110481,-0.00552783727595253));
#7129=CARTESIAN_POINT('',(-0.001048298818447,-0.00230142343669743,-0.00544056116445485));
#7130=CARTESIAN_POINT('',(-0.00103150229293006,-0.00256308135156482,-0.00535335410894652));
#7131=CARTESIAN_POINT('',(-0.00101469012723982,-0.00282485898270332,-0.00526611249492732));
#7132=CARTESIAN_POINT('',(-0.00099788537094988,-0.00308658573690269,-0.00517888513167223));
#7133=CARTESIAN_POINT('',(-0.000981071295091018,-0.00334837804591239,-0.00509163960868896));
#7134=CARTESIAN_POINT('',(-0.000964262535841835,-0.00361013244738882,-0.00500440444359432));
#7135=CARTESIAN_POINT('',(-0.000947455968876408,-0.00387187139286939,-0.0049171737317324));
#7136=CARTESIAN_POINT('',(-0.000930643526569579,-0.00413364530844629,-0.00482993310860931));
#7137=CARTESIAN_POINT('',(-0.000913831884399805,-0.00439543274125843,-0.0047426880990801));
#7138=CARTESIAN_POINT('',(-0.000897026513947638,-0.00465714909549403,-0.00465546443166317));
#7139=CARTESIAN_POINT('',(-0.000885819831186228,-0.00483166359979272,-0.00459730430654692));
#7140=CARTESIAN_POINT('',(-0.000880216561391204,-0.00491891973718403,-0.00456822461550213));
#7141=CARTESIAN_POINT('',(-0.00088522052616868,-0.00484099611856134,-0.0045941940838736));
#7142=CARTESIAN_POINT('',(-0.00129273449941606,-0.00508239814014099,-0.00520910977508218));
#7143=CARTESIAN_POINT('',(-0.00111773763744542,-0.00500751224268105,-0.00503250378436489));
#7144=CARTESIAN_POINT('',(-0.000960992306610978,-0.00492762182127922,-0.00483117397753435));
#7145=CARTESIAN_POINT('',(-0.00088522052616868,-0.00484099611856134,-0.0045941940838736));
#7146=CARTESIAN_POINT('',(-0.00129273449941607,-0.00508239814014099,-0.00520910977508219));
#7147=CARTESIAN_POINT('',(-0.00219205106300389,-0.0046783117832577,-0.00608795896436679));
#7148=CARTESIAN_POINT('',(-0.00186054021501941,-0.00480928179596876,-0.00582720206581657));
#7149=CARTESIAN_POINT('',(-0.00155087344477044,-0.00494238126546357,-0.00553899518022313));
#7150=CARTESIAN_POINT('',(-0.00129273449941607,-0.00508239814014098,-0.00520910977508219));
#7151=CARTESIAN_POINT('',(-0.000857287880062027,-0.00315619074539965,-0.00444881806095331));
#7152=CARTESIAN_POINT('',(-0.00106776489267395,-0.00199729303301245,-0.00554192805897807));
#7153=CARTESIAN_POINT('',(-0.000866158418925022,-0.00162351838275429,-0.00449525165269612));
#7154=CARTESIAN_POINT('',(-0.000866000400573989,-0.00162351840787591,-0.00449528210544259));
#7155=CARTESIAN_POINT('',(-0.000858325155248285,-0.001783563743124,-0.00445532436323842));
#7156=CARTESIAN_POINT('',(-0.000843233012726522,-0.00208717857372672,-0.00437676293256976));
#7157=CARTESIAN_POINT('',(-0.000816575997713194,-0.0026079327858267,-0.00423801381211309));
#7158=CARTESIAN_POINT('',(-0.000792067375796842,-0.00307878409887953,-0.00411045352166862));
#7159=CARTESIAN_POINT('',(-0.000768038019214269,-0.00354064732592484,-0.00398538748906649));
#7160=CARTESIAN_POINT('',(-0.000741445635002644,-0.00406093368929678,-0.00384697411964705));
#7161=CARTESIAN_POINT('',(-0.00072627677332093,-0.00436717341824202,-0.00376801244550307));
#7162=CARTESIAN_POINT('',(-0.000718436852429431,-0.00453140014725822,-0.00372719678130354));
#7163=CARTESIAN_POINT('',(-0.000718191306455064,-0.00453140018621009,-0.0037272441019585));
#7164=CARTESIAN_POINT('',(-0.000885557513629074,-0.00484099611319244,-0.00459412912389663));
#7165=CARTESIAN_POINT('',(-0.000829850625792613,-0.00473779746957505,-0.00430515167236097));
#7166=CARTESIAN_POINT('',(-0.000774143737956055,-0.00463459882595914,-0.00401617422082479));
#7167=CARTESIAN_POINT('',(-0.000718436850119309,-0.00453140018234605,-0.00372719676928764));
#7168=CARTESIAN_POINT('',(-0.00262090575515497,-0.00324590649432714,-0.00387195451948461));
#7169=CARTESIAN_POINT('',(-0.00212784047943355,-0.00453140442751467,-0.00314333168222146));
#7170=CARTESIAN_POINT('',(-0.00229281393440062,-0.0046346020939069,-0.00338703917839744));
#7171=CARTESIAN_POINT('',(-0.00245778738936766,-0.00473779976029928,-0.00363074667457337));
#7172=CARTESIAN_POINT('',(-0.00262276084433469,-0.00484099742669175,-0.00387445417074928));
#7173=CARTESIAN_POINT('',(-0.00212773600789424,-0.00453140442801459,-0.00314340240216017));
#7174=CARTESIAN_POINT('',(-0.0021278404814607,-0.00453140441718805,-0.00314333168521782));
#7175=CARTESIAN_POINT('',(-0.00214319663062358,-0.00442320086173724,-0.00316603439605547));
#7176=CARTESIAN_POINT('',(-0.0021686193444916,-0.00424775841838444,-0.00320361907624319));
#7177=CARTESIAN_POINT('',(-0.00220428376601194,-0.00400731252511047,-0.00325634413504561));
#7178=CARTESIAN_POINT('',(-0.00223793483810252,-0.00378421361765395,-0.00330609215704421));
#7179=CARTESIAN_POINT('',(-0.00225441258173477,-0.0036763629017601,-0.00333045179912335));
#7180=CARTESIAN_POINT('',(-0.00228963521972523,-0.00344655220425106,-0.00338252258364023));
#7181=CARTESIAN_POINT('',(-0.00234647156124356,-0.00307926229521157,-0.00346654508241476));
#7182=CARTESIAN_POINT('',(-0.00240477740669693,-0.00270261158288892,-0.00355273996290973));
#7183=CARTESIAN_POINT('',(-0.00243978481928489,-0.00247444093852016,-0.00360449253701104));
#7184=CARTESIAN_POINT('',(-0.00245550166154036,-0.00237174841795865,-0.00362772728429413));
#7185=CARTESIAN_POINT('',(-0.00248947946699276,-0.00214691825526772,-0.00367795826646639));
#7186=CARTESIAN_POINT('',(-0.0025251657870429,-0.00190688265339623,-0.00373071561502236));
#7187=CARTESIAN_POINT('',(-0.00255066368968773,-0.0017314582301423,-0.00376841137242307));
#7188=CARTESIAN_POINT('',(-0.00256603783475089,-0.00162350995090413,-0.00379114063089224));
#7189=CARTESIAN_POINT('',(-0.00256612317350585,-0.00162350994206084,-0.00379108286602817));
#7190=CARTESIAN_POINT('',(-0.00256603783474772,-0.00162350995078699,-0.00379114063088757));
#7191=CARTESIAN_POINT('',(0.,-0.0014897693055518,0.));
#7192=CARTESIAN_POINT('',(0.,-0.00239452646006029,0.));
#7193=CARTESIAN_POINT('',(-0.00256612432278766,-0.0016235099420584,-0.00379108208808908));
#7194=CARTESIAN_POINT('',(-0.00246569357603266,-0.00156067556729391,-0.0036426832234007));
#7195=CARTESIAN_POINT('',(-0.00249548921563451,-0.00150915218261704,-0.00344743188626393));
#7196=CARTESIAN_POINT('',(-0.00263254840153361,-0.00150434225035679,-0.00332129190881655));
#7197=CARTESIAN_POINT('',(-0.000460306257012025,-0.00150399582474907,-0.00421201096505132));
#7198=CARTESIAN_POINT('',(-0.000656161963872647,-0.00150400623004707,-0.00419063688051623));
#7199=CARTESIAN_POINT('',(-0.000830337351799132,-0.0015571321282286,-0.00430935369517819));
#7200=CARTESIAN_POINT('',(-0.000866159625618664,-0.00162351838276068,-0.00449525142020521));
#7201=CARTESIAN_POINT('',(0.,-0.00442026338698825,0.));
#7202=CARTESIAN_POINT('',(0.,-0.00508239814014098,0.));
#7203=CARTESIAN_POINT('',(-0.000718190508442037,-0.00453140018621232,-0.00372724425573158));
#7204=CARTESIAN_POINT('',(-0.000688432595540029,-0.00447626402009549,-0.00357285072598846));
#7205=CARTESIAN_POINT('',(-0.000543766020008255,-0.00443206402691216,-0.00347404503339402));
#7206=CARTESIAN_POINT('',(-0.000380874984270154,-0.00443205722447116,-0.00349179321549134));
#7207=CARTESIAN_POINT('',(-0.00219976145549058,-0.00443205721440316,-0.00273838181242744));
#7208=CARTESIAN_POINT('',(-0.00207211723779404,-0.00443206516624412,-0.00284094840157299));
#7209=CARTESIAN_POINT('',(-0.00203953306382035,-0.00447622539324562,-0.00301308895191836));
#7210=CARTESIAN_POINT('',(-0.00212773536731559,-0.00453140442802265,-0.0031434028357888));
#7211=CARTESIAN_POINT('',(0.,-0.00518892865917925,0.));
#7212=CARTESIAN_POINT('',(0.,-0.00370049241102682,0.));
#7213=CARTESIAN_POINT('',(0.00240985122918739,-0.00329246566988466,-0.00669285780366568));
#7214=CARTESIAN_POINT('',(0.00239958440438692,-0.00335779258862302,-0.00666434393875511));
#7215=CARTESIAN_POINT('',(0.00237618298416435,-0.00350669406450244,-0.00659935109548843));
#7216=CARTESIAN_POINT('',(0.00233964557995472,-0.00373917917443831,-0.00649787464269529));
#7217=CARTESIAN_POINT('',(0.00230024825121806,-0.00398986168184311,-0.00638845568044692));
#7218=CARTESIAN_POINT('',(0.0022608389062915,-0.00424062036171671,-0.00627900395518136));
#7219=CARTESIAN_POINT('',(0.00222433126948523,-0.00447291493732301,-0.00617761243606674));
#7220=CARTESIAN_POINT('',(0.00220096839325628,-0.00462157201766991,-0.00611272560692056));
#7221=CARTESIAN_POINT('',(0.00219073669717433,-0.0046866754846173,-0.00608430924629484));
#7222=CARTESIAN_POINT('',(0.00255036088778913,-0.00329293627362892,-0.00664016399758955));
#7223=CARTESIAN_POINT('',(0.00253949303634856,-0.00335825453122843,-0.00661187862230291));
#7224=CARTESIAN_POINT('',(0.00251473433752486,-0.00350716104115454,-0.00654739030532759));
#7225=CARTESIAN_POINT('',(0.00247611096122083,-0.00373977743978393,-0.00644663199943808));
#7226=CARTESIAN_POINT('',(0.00243431678208943,-0.00399033982577367,-0.00633816396601087));
#7227=CARTESIAN_POINT('',(0.00239261983370195,-0.00424114437309195,-0.0062295452856424));
#7228=CARTESIAN_POINT('',(0.00235398285028173,-0.00447338790541525,-0.00612897284531524));
#7229=CARTESIAN_POINT('',(0.00232925798909849,-0.00462210580540272,-0.00606456610558739));
#7230=CARTESIAN_POINT('',(0.00231842648738588,-0.00468720381811778,-0.00603637627744187));
#7231=CARTESIAN_POINT('',(0.00265392077188843,-0.00329287501777579,-0.00660013134147862));
#7232=CARTESIAN_POINT('',(0.00264261090671486,-0.00335819864335332,-0.00657201455281607));
#7233=CARTESIAN_POINT('',(0.00261685965974499,-0.00350711132842631,-0.00650790656858737));
#7234=CARTESIAN_POINT('',(0.00257666916161733,-0.00373957770189718,-0.00640782344638469));
#7235=CARTESIAN_POINT('',(0.00253318829962041,-0.00399044402848623,-0.00629986731151018));
#7236=CARTESIAN_POINT('',(0.0024897997187978,-0.00424116938800355,-0.0061919400598751));
#7237=CARTESIAN_POINT('',(0.00244958795755335,-0.00447344006698783,-0.00609196428081999));
#7238=CARTESIAN_POINT('',(0.00242386386273834,-0.0046221344541868,-0.00602795486570447));
#7239=CARTESIAN_POINT('',(0.00241259280170314,-0.00468722883848645,-0.00599993691241707));
#7240=CARTESIAN_POINT('',(0.00279036032311681,-0.00329293157033272,-0.00654352538326425));
#7241=CARTESIAN_POINT('',(0.00277847625193216,-0.0033582544930966,-0.00651564703233039));
#7242=CARTESIAN_POINT('',(0.00275135687623557,-0.0035071510893241,-0.00645211404843111));
#7243=CARTESIAN_POINT('',(0.00270900046033937,-0.00373965521958895,-0.00635291148891258));
#7244=CARTESIAN_POINT('',(0.00266342481027672,-0.00399043196929766,-0.00624586620547937));
#7245=CARTESIAN_POINT('',(0.00261778538239027,-0.00424118183308416,-0.00613886079798687));
#7246=CARTESIAN_POINT('',(0.00257552621267612,-0.00447345158902018,-0.00603973441876346));
#7247=CARTESIAN_POINT('',(0.00254845682232409,-0.00462213432514396,-0.00597628849188927));
#7248=CARTESIAN_POINT('',(0.00253661251245806,-0.00468724343683343,-0.00594850124942152));
#7249=CARTESIAN_POINT('',(0.00289310407679761,-0.00329279944928697,-0.00649821264774963));
#7250=CARTESIAN_POINT('',(0.00288078333944334,-0.00335811598178244,-0.00647053011454756));
#7251=CARTESIAN_POINT('',(0.00285263859791969,-0.00350708285085966,-0.00640741709190975));
#7252=CARTESIAN_POINT('',(0.00280875003514938,-0.00373958915955238,-0.00630889105871162));
#7253=CARTESIAN_POINT('',(0.00276141119795493,-0.00399045770729026,-0.00620257892971268));
#7254=CARTESIAN_POINT('',(0.0027141103325895,-0.00424118132493616,-0.00609631994999223));
#7255=CARTESIAN_POINT('',(0.00267029507260375,-0.00447345972222292,-0.00599787632346769));
#7256=CARTESIAN_POINT('',(0.00264222932887965,-0.0046221379767294,-0.00593487299545747));
#7257=CARTESIAN_POINT('',(0.00262995265468217,-0.004687230981373,-0.0059072843031772));
#7258=CARTESIAN_POINT('',(0.00302855438659453,-0.00329240360806517,-0.00643661238019193));
#7259=CARTESIAN_POINT('',(0.00301565146162128,-0.00335773237527882,-0.00640918954794242));
#7260=CARTESIAN_POINT('',(0.00298623948984168,-0.00350664620226939,-0.0063466803258124));
#7261=CARTESIAN_POINT('',(0.00294032559751446,-0.00373910470087011,-0.00624910043358833));
#7262=CARTESIAN_POINT('',(0.00289080338082191,-0.00398983537157685,-0.0061438519557458));
#7263=CARTESIAN_POINT('',(0.0028412757965244,-0.00424059627298067,-0.00603859041595199));
#7264=CARTESIAN_POINT('',(0.00279539665520043,-0.00447288640335726,-0.00594108277969227));
#7265=CARTESIAN_POINT('',(0.00276603371446594,-0.0046215500325849,-0.00587867814976556));
#7266=CARTESIAN_POINT('',(0.0027531756088667,-0.00468665141360429,-0.00585135070498306));
#7267=CARTESIAN_POINT('',(0.00302664050244916,-0.0033020937841602,-0.00643254476767455));
#7268=CARTESIAN_POINT('',(0.00282422346372563,-0.00329894025802914,-0.00652650974507297));
#7269=CARTESIAN_POINT('',(0.00261791158438358,-0.00329894403310334,-0.00661196839709221));
#7270=CARTESIAN_POINT('',(0.00240833783611865,-0.0033020952599865,-0.00668865468315283));
#7271=CARTESIAN_POINT('',(0.00302664066026444,-0.00330209366397947,-0.00643254464478061));
#7272=CARTESIAN_POINT('',(0.00240833763758079,-0.00330209513981536,-0.00668865470786639));
#7273=CARTESIAN_POINT('',(0.00318795110924808,-0.00248537125588194,-0.00677537896144951));
#7274=CARTESIAN_POINT('',(0.00317144364017714,-0.0025689471501547,-0.00674029624681666));
#7275=CARTESIAN_POINT('',(0.00313842867252306,-0.00273609908811804,-0.00667013075482973));
#7276=CARTESIAN_POINT('',(0.00308890505210951,-0.00298683747981931,-0.00656487849101344));
#7277=CARTESIAN_POINT('',(0.00303937493464612,-0.00323761933848118,-0.00645960905673013));
#7278=CARTESIAN_POINT('',(0.00298984567968512,-0.00348838834099508,-0.0063543444901519));
#7279=CARTESIAN_POINT('',(0.00294032559751446,-0.00373910470087011,-0.00624910043358833));
#7280=CARTESIAN_POINT('',(0.00289080338082191,-0.00398983537157685,-0.0061438519557458));
#7281=CARTESIAN_POINT('',(0.0028412757965244,-0.00424059627298067,-0.00603859041595199));
#7282=CARTESIAN_POINT('',(0.00279174569877678,-0.00449137151705325,-0.00593332334652321));
#7283=CARTESIAN_POINT('',(0.00274222763901661,-0.0047420791299295,-0.00582808351924699));
#7284=CARTESIAN_POINT('',(0.00269268614883555,-0.00499292255495025,-0.00572278961055403));
#7285=CARTESIAN_POINT('',(0.00264317369153334,-0.00524359711079344,-0.00561756230161206));
#7286=CARTESIAN_POINT('',(0.00261015106263976,-0.00541079430527693,-0.00554737893755354));
#7287=CARTESIAN_POINT('',(0.00259363995913384,-0.00549439183450192,-0.00551228770383928));
#7288=CARTESIAN_POINT('',(0.00275482289593196,-0.0046783117832577,-0.00585485123864641));
#7289=CARTESIAN_POINT('',(0.00219205119938966,-0.00467831140949544,-0.00608796000005101));
#7290=CARTESIAN_POINT('',(0.00238217470683817,-0.00467935979682293,-0.00601646070041432));
#7291=CARTESIAN_POINT('',(0.00256984076510707,-0.00467935902892735,-0.00593872847333045));
#7292=CARTESIAN_POINT('',(0.00275482277048443,-0.00467831173926693,-0.00585485143043227));
#7293=CARTESIAN_POINT('',(0.00219205097509521,-0.00467831145351917,-0.00608795995303861));
#7294=CARTESIAN_POINT('',(0.00253668590575718,-0.00248542539196614,-0.00704511565680165));
#7295=CARTESIAN_POINT('',(0.00252355240332838,-0.00256899309894843,-0.00700863946750092));
#7296=CARTESIAN_POINT('',(0.00249728537499059,-0.00273612866231618,-0.00693568702368697));
#7297=CARTESIAN_POINT('',(0.00245787773051976,-0.00298687654721037,-0.00682624012492699));
#7298=CARTESIAN_POINT('',(0.00241845925956724,-0.00323769194115919,-0.00671676566023934));
#7299=CARTESIAN_POINT('',(0.00237905251019781,-0.00348843407485003,-0.00660732129421856));
#7300=CARTESIAN_POINT('',(0.00233964536854409,-0.00373917913618598,-0.00649787463168097));
#7301=CARTESIAN_POINT('',(0.00230024803986403,-0.00398986164357685,-0.00638845566932358));
#7302=CARTESIAN_POINT('',(0.00226083869492438,-0.00424062032345564,-0.00627900394409347));
#7303=CARTESIAN_POINT('',(0.00222142586444276,-0.00449140036652078,-0.00616954392133764));
#7304=CARTESIAN_POINT('',(0.0021820268647057,-0.00474209496536581,-0.00606011881591701));
#7305=CARTESIAN_POINT('',(0.00214259488708181,-0.00499299333335908,-0.0059506109383911));
#7306=CARTESIAN_POINT('',(0.00210320218129065,-0.00524364921480982,-0.00584120082524793));
#7307=CARTESIAN_POINT('',(0.00207693381403719,-0.00541079289939498,-0.00576824533405881));
#7308=CARTESIAN_POINT('',(0.00206379979820668,-0.00549436367401262,-0.00573176805448694));
#7309=CARTESIAN_POINT('',(0.00107067186639363,-0.00195311387246298,-0.00555663833005206));
#7310=CARTESIAN_POINT('',(0.00106882113561414,-0.00198193312393686,-0.00554703380423751));
#7311=CARTESIAN_POINT('',(0.00106136669191312,-0.00209801020130025,-0.00550834908086819));
#7312=CARTESIAN_POINT('',(0.00104830641145013,-0.00230135556745337,-0.00544058085683286));
#7313=CARTESIAN_POINT('',(0.00103149298335412,-0.0025631516269704,-0.00535333372610186));
#7314=CARTESIAN_POINT('',(0.00101468476923907,-0.00282489626513942,-0.00526610163167106));
#7315=CARTESIAN_POINT('',(0.000997878571923633,-0.00308663358306569,-0.00517887125251162));
#7316=CARTESIAN_POINT('',(0.000981067103163566,-0.00334840839245663,-0.00509163075834866));
#7317=CARTESIAN_POINT('',(0.000964262627459937,-0.00361012992384716,-0.0050044051398351));
#7318=CARTESIAN_POINT('',(0.000947451976000626,-0.00387189810711093,-0.00491716600927113));
#7319=CARTESIAN_POINT('',(0.000930638827356709,-0.00413368181320877,-0.00482992227581533));
#7320=CARTESIAN_POINT('',(0.000913839546005001,-0.00439536833480558,-0.00474270719877897));
#7321=CARTESIAN_POINT('',(0.000898228873462576,-0.00463845181270102,-0.00466169386730913));
#7322=CARTESIAN_POINT('',(0.000888216296630069,-0.00479434408562341,-0.00460974126126654));
#7323=CARTESIAN_POINT('',(0.000883809088904114,-0.00486296192919105,-0.00458687379262513));
#7324=CARTESIAN_POINT('',(0.00108092076038667,-0.00196387580545145,-0.00558880382283141));
#7325=CARTESIAN_POINT('',(0.00107905613537082,-0.00199267824326212,-0.00557915568187039));
#7326=CARTESIAN_POINT('',(0.00107157417282637,-0.00210872117433187,-0.00554038469977638));
#7327=CARTESIAN_POINT('',(0.00105876533547958,-0.00231236043099158,-0.00547340731432762));
#7328=CARTESIAN_POINT('',(0.00103993556967797,-0.00257200843557898,-0.00537983165419658));
#7329=CARTESIAN_POINT('',(0.00102990530975427,-0.00284088440056896,-0.00531387286077719));
#7330=CARTESIAN_POINT('',(0.00101278494220404,-0.00310229521985956,-0.00522565690581472));
#7331=CARTESIAN_POINT('',(0.000989060870617131,-0.00335678682070951,-0.00511672083405075));
#7332=CARTESIAN_POINT('',(0.0009739039714043,-0.00362024480555377,-0.00503466677538942));
#7333=CARTESIAN_POINT('',(0.000956447360979861,-0.00388133480519675,-0.00494539972031715));
#7334=CARTESIAN_POINT('',(0.000939599500011685,-0.00414310795593544,-0.00485805022217382));
#7335=CARTESIAN_POINT('',(0.000922606610797749,-0.00440456599346481,-0.00477022711315986));
#7336=CARTESIAN_POINT('',(0.000906850001708708,-0.00464754725373628,-0.00468875481466257));
#7337=CARTESIAN_POINT('',(0.000896744527495961,-0.0048033182568298,-0.00463651159822476));
#7338=CARTESIAN_POINT('',(0.000892296458590695,-0.00487188041515485,-0.00461351636840933));
#7339=CARTESIAN_POINT('',(0.00109280090719233,-0.00197542384669303,-0.00562140512959894));
#7340=CARTESIAN_POINT('',(0.0010909163500639,-0.00200420813986698,-0.00561170362630965));
#7341=CARTESIAN_POINT('',(0.00108336059480199,-0.00212018398921482,-0.005572744468684));
#7342=CARTESIAN_POINT('',(0.00107049084778922,-0.00232376894602416,-0.00550571929651064));
#7343=CARTESIAN_POINT('',(0.00105109524681819,-0.00258256704449493,-0.0054099925568877));
#7344=CARTESIAN_POINT('',(0.00104229605527883,-0.00285373023640206,-0.00534965175745578));
#7345=CARTESIAN_POINT('',(0.00102495457676156,-0.00311492207022026,-0.0052607798505062));
#7346=CARTESIAN_POINT('',(0.000999662432844817,-0.00336681619579483,-0.00514536628637551));
#7347=CARTESIAN_POINT('',(0.000984688386502169,-0.00363074774566983,-0.00506439670333659));
#7348=CARTESIAN_POINT('',(0.000966951988433975,-0.00389143736068082,-0.00497420289071549));
#7349=CARTESIAN_POINT('',(0.000949941273124235,-0.00415309608151137,-0.00488644992797078));
#7350=CARTESIAN_POINT('',(0.000932756571090321,-0.00441434457649399,-0.00479808920000004));
#7351=CARTESIAN_POINT('',(0.000916822526218247,-0.00465721338876493,-0.00471613201521494));
#7352=CARTESIAN_POINT('',(0.000906609665389336,-0.00481285782885939,-0.00466359405993562));
#7353=CARTESIAN_POINT('',(0.000902114594177072,-0.0048813620245772,-0.00464046976905691));
#7354=CARTESIAN_POINT('',(0.00112005955085458,-0.00199973316800739,-0.00568757529894274));
#7355=CARTESIAN_POINT('',(0.00111812673853779,-0.00202846945603692,-0.00567775731718978));
#7356=CARTESIAN_POINT('',(0.00111036361841156,-0.00214424547932222,-0.00563830161417048));
#7357=CARTESIAN_POINT('',(0.00109699360701227,-0.0023474121885218,-0.00557011795489689));
#7358=CARTESIAN_POINT('',(0.00107799683738133,-0.00260640451496805,-0.00547508394291166));
#7359=CARTESIAN_POINT('',(0.00106568763967185,-0.00287494741722092,-0.00540725890825572));
#7360=CARTESIAN_POINT('',(0.00104798714813638,-0.00313585783123153,-0.00531748656440945));
#7361=CARTESIAN_POINT('',(0.001025258086179,-0.0033894167440711,-0.0052073013172736));
#7362=CARTESIAN_POINT('',(0.00100905624469827,-0.00365241417954842,-0.00512361694732173));
#7363=CARTESIAN_POINT('',(0.00099110662628659,-0.00391287575596456,-0.00503283341120192));
#7364=CARTESIAN_POINT('',(0.000973613367523569,-0.00417408859097113,-0.00494392937694358));
#7365=CARTESIAN_POINT('',(0.00095601345791241,-0.00443498966647466,-0.00485455659034098));
#7366=CARTESIAN_POINT('',(0.000939682173949244,-0.00467748133544231,-0.00477163235305958));
#7367=CARTESIAN_POINT('',(0.00092921958086179,-0.00483288661740935,-0.00471848843939247));
#7368=CARTESIAN_POINT('',(0.000924614794939492,-0.00490128565695776,-0.0046950980176167));
#7369=CARTESIAN_POINT('',(0.00113541609406265,-0.00201241646262449,-0.00572103466199402));
#7370=CARTESIAN_POINT('',(0.00113346071168555,-0.00204113169461566,-0.00571116553978632));
#7371=CARTESIAN_POINT('',(0.00112563654395765,-0.00215684389684996,-0.00567155265638115));
#7372=CARTESIAN_POINT('',(0.00111247415048168,-0.00236011990491092,-0.00560360775868637));
#7373=CARTESIAN_POINT('',(0.00109129773702486,-0.002617654528335,-0.0055048701413226));
#7374=CARTESIAN_POINT('',(0.00108598898108323,-0.00289068326582277,-0.00544839568637629));
#7375=CARTESIAN_POINT('',(0.00106788299374985,-0.00315131005402109,-0.00535782799331662));
#7376=CARTESIAN_POINT('',(0.00103787626723276,-0.00340004916561159,-0.00523558278824717));
#7377=CARTESIAN_POINT('',(0.00102331866189965,-0.00366408325617945,-0.00515446374612195));
#7378=CARTESIAN_POINT('',(0.00100462079158125,-0.0039240263867458,-0.00506232220815771));
#7379=CARTESIAN_POINT('',(0.000987022455734793,-0.00418511740903319,-0.00497311742322722));
#7380=CARTESIAN_POINT('',(0.000969143188581583,-0.00444580740044243,-0.00488315553420622));
#7381=CARTESIAN_POINT('',(0.000952601048661693,-0.00468808362060494,-0.00479976748295149));
#7382=CARTESIAN_POINT('',(0.000941995630364881,-0.00484337208818321,-0.00474631204762221));
#7383=CARTESIAN_POINT('',(0.000937327663519039,-0.00491172059468424,-0.00472278392322036));
#7384=CARTESIAN_POINT('',(0.00118718456556698,-0.00205168505159328,-0.00582314004727517));
#7385=CARTESIAN_POINT('',(0.00118514685290223,-0.00208034131435886,-0.00581310080633104));
#7386=CARTESIAN_POINT('',(0.00117705400861067,-0.00219583972010493,-0.0057728668280517));
#7387=CARTESIAN_POINT('',(0.00116408390326837,-0.00239899105653847,-0.00570450920099313));
#7388=CARTESIAN_POINT('',(0.00113806805156744,-0.00265411040564398,-0.0056001096258078));
#7389=CARTESIAN_POINT('',(0.00114697756422542,-0.0029332890452599,-0.00555717708474548));
#7390=CARTESIAN_POINT('',(0.00112772907265978,-0.00319312872318896,-0.00546467606318196));
#7391=CARTESIAN_POINT('',(0.00108227633502868,-0.00343468975646637,-0.00532607916336646));
#7392=CARTESIAN_POINT('',(0.00107082496454297,-0.00369987583507263,-0.00524730581585063));
#7393=CARTESIAN_POINT('',(0.00105026073783795,-0.00395874812751921,-0.00515249613004371));
#7394=CARTESIAN_POINT('',(0.00103213318841388,-0.00421931763522715,-0.00506198044707427));
#7395=CARTESIAN_POINT('',(0.00101336600475786,-0.00447934891070567,-0.00497034111582745));
#7396=CARTESIAN_POINT('',(0.000996089105043971,-0.00472103283951253,-0.0048854880638218));
#7397=CARTESIAN_POINT('',(0.000985001815433505,-0.00487596752961504,-0.00483108006249161));
#7398=CARTESIAN_POINT('',(0.000980121305761943,-0.00494416139596997,-0.00480713211473209));
#7399=CARTESIAN_POINT('',(0.00122902826995787,-0.00207918397054084,-0.00589241702058341));
#7400=CARTESIAN_POINT('',(0.00122691989229467,-0.0021077919259028,-0.00588225665861732));
#7401=CARTESIAN_POINT('',(0.00121855498635724,-0.00222309541441713,-0.00584152215295967));
#7402=CARTESIAN_POINT('',(0.00120524059866491,-0.00242590164170819,-0.00577215410565324));
#7403=CARTESIAN_POINT('',(0.00117774792628531,-0.00268068249628952,-0.00566746403109981));
#7404=CARTESIAN_POINT('',(0.0011890620380544,-0.00295907382330817,-0.00562046662703855));
#7405=CARTESIAN_POINT('',(0.0011690983519007,-0.0032184389415216,-0.00552696716650581));
#7406=CARTESIAN_POINT('',(0.00111998122951605,-0.00346006476913283,-0.00539011944065222));
#7407=CARTESIAN_POINT('',(0.00110867683070248,-0.00372469944588642,-0.00530949517988525));
#7408=CARTESIAN_POINT('',(0.00108723908561908,-0.00398317811534715,-0.0052138007165066));
#7409=CARTESIAN_POINT('',(0.00106851456639722,-0.00424328378481603,-0.00512214956179991));
#7410=CARTESIAN_POINT('',(0.00104906318634645,-0.00450298147330341,-0.00502940975937171));
#7411=CARTESIAN_POINT('',(0.00103117649363204,-0.00474427620104978,-0.00494353792304921));
#7412=CARTESIAN_POINT('',(0.00101970418305152,-0.00489892766913185,-0.00488849200852605));
#7413=CARTESIAN_POINT('',(0.00101465445215186,-0.0049669954798185,-0.00486426391515219));
#7414=CARTESIAN_POINT('',(0.00137600622401025,-0.00216621706743299,-0.00610251114022429));
#7415=CARTESIAN_POINT('',(0.0013736429231149,-0.00219467407928939,-0.00609197988134347));
#7416=CARTESIAN_POINT('',(0.00136424673959512,-0.00230935065123195,-0.00604969467608246));
#7417=CARTESIAN_POINT('',(0.00134907825983781,-0.00251085898052877,-0.00597701155381679));
#7418=CARTESIAN_POINT('',(0.00131958047775833,-0.00276540838050571,-0.00587271532664254));
#7419=CARTESIAN_POINT('',(0.00132745161709402,-0.00303822051071858,-0.00580861697105935));
#7420=CARTESIAN_POINT('',(0.00130520501874506,-0.00329629545146278,-0.00571211936757352));
#7421=CARTESIAN_POINT('',(0.00125487116192119,-0.00354072379320097,-0.00558539649024828));
#7422=CARTESIAN_POINT('',(0.0012409648215296,-0.00380288287389979,-0.00549787497031176));
#7423=CARTESIAN_POINT('',(0.00121729827000983,-0.00406028402094201,-0.00539984887253966));
#7424=CARTESIAN_POINT('',(0.00119624320440757,-0.00431895821518852,-0.00530463714518753));
#7425=CARTESIAN_POINT('',(0.00117448721314755,-0.00457732816353668,-0.00520866267457126));
#7426=CARTESIAN_POINT('',(0.00115445836514684,-0.00481731174257386,-0.00511972263405213));
#7427=CARTESIAN_POINT('',(0.00114161028316761,-0.00497118786230808,-0.00506269851237728));
#7428=CARTESIAN_POINT('',(0.00113595490800438,-0.005038917106402,-0.00503759925146253));
#7429=CARTESIAN_POINT('',(0.00150224943295426,-0.00222945791182857,-0.00624157253940406));
#7430=CARTESIAN_POINT('',(0.00149965854508763,-0.00225779981758614,-0.00623079009171585));
#7431=CARTESIAN_POINT('',(0.00148926941865991,-0.00237197486335147,-0.00618740455547096));
#7432=CARTESIAN_POINT('',(0.00147155792476157,-0.0025722052765174,-0.00611186044807736));
#7433=CARTESIAN_POINT('',(0.00144499173479111,-0.00282823582411527,-0.00601108676054439));
#7434=CARTESIAN_POINT('',(0.00143253103000092,-0.00309081236820425,-0.00592349488630345));
#7435=CARTESIAN_POINT('',(0.00140870909259307,-0.00334812301511538,-0.00582528379001189));
#7436=CARTESIAN_POINT('',(0.00137426116953299,-0.00360048106025111,-0.00571714847180995));
#7437=CARTESIAN_POINT('',(0.00135358602224673,-0.003859249342203,-0.00562187894684115));
#7438=CARTESIAN_POINT('',(0.00132921942657591,-0.00411630146451496,-0.00552316048207298));
#7439=CARTESIAN_POINT('',(0.0013058421885888,-0.00437380715425654,-0.00542536853233743));
#7440=CARTESIAN_POINT('',(0.00128220028409934,-0.00463119416755226,-0.00532732744427654));
#7441=CARTESIAN_POINT('',(0.00126030621670152,-0.00487026158484432,-0.00523633399754232));
#7442=CARTESIAN_POINT('',(0.00124627361540759,-0.00502353765331192,-0.00517799975362878));
#7443=CARTESIAN_POINT('',(0.00124009734302501,-0.0050910022598836,-0.00515232410630613));
#7444=CARTESIAN_POINT('',(0.00177374391122769,-0.00235565523234974,-0.00649557017590399));
#7445=CARTESIAN_POINT('',(0.0017706723037694,-0.0023837742636638,-0.00648433774683789));
#7446=CARTESIAN_POINT('',(0.00175825186103992,-0.00249700705526376,-0.00643905101644751));
#7447=CARTESIAN_POINT('',(0.00173598009833718,-0.00269511728791412,-0.0063592411275128));
#7448=CARTESIAN_POINT('',(0.00171128507799805,-0.00295201570843087,-0.00626020969268062));
#7449=CARTESIAN_POINT('',(0.00167168414130619,-0.00320198617947863,-0.00614725104089943));
#7450=CARTESIAN_POINT('',(0.00164408759173492,-0.00345754527529592,-0.00604550615554066));
#7451=CARTESIAN_POINT('',(0.00162772430136411,-0.00371828953607869,-0.00595426631826184));
#7452=CARTESIAN_POINT('',(0.00159680274899158,-0.00397230002746778,-0.00584941556655365));
#7453=CARTESIAN_POINT('',(0.00156978261962551,-0.00422812047451584,-0.00574821103053663));
#7454=CARTESIAN_POINT('',(0.00154172030073507,-0.00448343688751212,-0.00564603754354724));
#7455=CARTESIAN_POINT('',(0.00151393311975482,-0.00473890558601243,-0.00554411521257607));
#7456=CARTESIAN_POINT('',(0.00148806236529775,-0.00497613396622226,-0.00544939823641978));
#7457=CARTESIAN_POINT('',(0.0014714731538654,-0.00512820606039799,-0.00538867451997527));
#7458=CARTESIAN_POINT('',(0.00146417129759613,-0.00519513970568325,-0.00536194705448131));
#7459=CARTESIAN_POINT('',(0.00190719162972868,-0.00241282197382894,-0.0065993768994311));
#7460=CARTESIAN_POINT('',(0.00190388834903272,-0.0024408406892308,-0.006587966262993));
#7461=CARTESIAN_POINT('',(0.0018905289097745,-0.00255367026037471,-0.00654196953625798));
#7462=CARTESIAN_POINT('',(0.00186655034062775,-0.00275108285031857,-0.00646099783238629));
#7463=CARTESIAN_POINT('',(0.00184015396477333,-0.0030070899041517,-0.00635983323915945));
#7464=CARTESIAN_POINT('',(0.00179697207496191,-0.00325615517713591,-0.00624711048801057));
#7465=CARTESIAN_POINT('',(0.00176731999363672,-0.00351082986587077,-0.00614369990387982));
#7466=CARTESIAN_POINT('',(0.00175025656308311,-0.00377063290540703,-0.00604897901547112));
#7467=CARTESIAN_POINT('',(0.00171686740743174,-0.0040237579561737,-0.00594299646231046));
#7468=CARTESIAN_POINT('',(0.00168785445848774,-0.00427867817407721,-0.00584003121032311));
#7469=CARTESIAN_POINT('',(0.00165765971783006,-0.00453309778500235,-0.00573625583446373));
#7470=CARTESIAN_POINT('',(0.0016277848387801,-0.00478767530914648,-0.00563269356354725));
#7471=CARTESIAN_POINT('',(0.00159997574928524,-0.00502406397169871,-0.00553647334146059));
#7472=CARTESIAN_POINT('',(0.001582142456803,-0.00517561074623852,-0.00547478341573303));
#7473=CARTESIAN_POINT('',(0.00157429296184298,-0.00524231371239701,-0.00544763057226));
#7474=CARTESIAN_POINT('',(0.00211628413465425,-0.002498999611047,-0.00674336745632531));
#7475=CARTESIAN_POINT('',(0.00211262986371035,-0.00252687550567854,-0.0067317145671436));
#7476=CARTESIAN_POINT('',(0.00209793920508037,-0.00263916287041537,-0.00668479918104848));
#7477=CARTESIAN_POINT('',(0.00207249756128796,-0.00283597370393681,-0.00660281945377032));
#7478=CARTESIAN_POINT('',(0.00203748012098739,-0.00308841612824227,-0.0064957185637963));
#7479=CARTESIAN_POINT('',(0.00201095411803705,-0.00334436320555099,-0.00639446694206412));
#7480=CARTESIAN_POINT('',(0.00197758352511074,-0.00359747905857525,-0.00628850167721045));
#7481=CARTESIAN_POINT('',(0.00193784469377407,-0.00384799677415943,-0.00617814313235941));
#7482=CARTESIAN_POINT('',(0.00190636448770905,-0.00410189529641473,-0.0060734795884059));
#7483=CARTESIAN_POINT('',(0.00187267095060858,-0.00435488364018727,-0.0059672907151984));
#7484=CARTESIAN_POINT('',(0.00183957520320892,-0.00460812452923149,-0.00586151257799755));
#7485=CARTESIAN_POINT('',(0.0018063179218932,-0.00486128401391591,-0.00575562640004023));
#7486=CARTESIAN_POINT('',(0.00177546436118635,-0.00509641450965026,-0.00565731024790389));
#7487=CARTESIAN_POINT('',(0.00175568349082258,-0.00524717812313197,-0.00559427342811347));
#7488=CARTESIAN_POINT('',(0.00174697694815467,-0.00531353735354452,-0.00556652761930535));
#7489=CARTESIAN_POINT('',(0.00218820888399835,-0.00252784966439974,-0.00678896872552974));
#7490=CARTESIAN_POINT('',(0.00218443522293497,-0.00255567897486147,-0.00677723996575044));
#7491=CARTESIAN_POINT('',(0.00216930314672639,-0.00266779512120202,-0.00673004499603198));
#7492=CARTESIAN_POINT('',(0.00214350389857859,-0.00286447890488049,-0.00664784944945096));
#7493=CARTESIAN_POINT('',(0.00210481072537061,-0.00311536559355971,-0.00653836510049436));
#7494=CARTESIAN_POINT('',(0.00208667739558559,-0.00337492976972499,-0.0064426465562422));
#7495=CARTESIAN_POINT('',(0.0020519747290873,-0.00362749880283541,-0.00633583360445848));
#7496=CARTESIAN_POINT('',(0.00200183906701255,-0.00387364432872737,-0.0062186678851416));
#7497=CARTESIAN_POINT('',(0.00197171140271735,-0.00412814179950996,-0.00611491901507834));
#7498=CARTESIAN_POINT('',(0.00193622268724735,-0.00438039133238785,-0.00600757752725294));
#7499=CARTESIAN_POINT('',(0.001902176420632,-0.00463326676116049,-0.00590119826291789));
#7500=CARTESIAN_POINT('',(0.00186774486989705,-0.00488593078267415,-0.00579457279958123));
#7501=CARTESIAN_POINT('',(0.00183584862332919,-0.00512065482040054,-0.0056955922401001));
#7502=CARTESIAN_POINT('',(0.00181539573243651,-0.0052711527690765,-0.00563212841659745));
#7503=CARTESIAN_POINT('',(0.00180639325387926,-0.00533739485699654,-0.00560419461927102));
#7504=CARTESIAN_POINT('',(0.00234045626189599,-0.00258803385475688,-0.00687959681976777));
#7505=CARTESIAN_POINT('',(0.00233641561835329,-0.00261575699020941,-0.00686770882136152));
#7506=CARTESIAN_POINT('',(0.00232017642061614,-0.00272743228703244,-0.00681984965030761));
#7507=CARTESIAN_POINT('',(0.00229210290819263,-0.00292320470505165,-0.00673625007793533));
#7508=CARTESIAN_POINT('',(0.00225306694797029,-0.00317401396173271,-0.00662680931426803));
#7509=CARTESIAN_POINT('',(0.00222489982675864,-0.00342939100217616,-0.00652419346259));
#7510=CARTESIAN_POINT('',(0.00218793807362692,-0.00368109951284743,-0.00641604783788494));
#7511=CARTESIAN_POINT('',(0.00214290283820229,-0.00392942238651078,-0.00630283343742902));
#7512=CARTESIAN_POINT('',(0.0021083796186864,-0.0041821346551614,-0.00619622443884445));
#7513=CARTESIAN_POINT('',(0.00207103783389372,-0.00443367348547274,-0.00608784285590965));
#7514=CARTESIAN_POINT('',(0.00203446492961278,-0.00468551503846433,-0.00597995104812119));
#7515=CARTESIAN_POINT('',(0.00199767892999022,-0.00493727455784502,-0.00587192140854692));
#7516=CARTESIAN_POINT('',(0.00196355270584171,-0.00517111949454794,-0.00577161215610761));
#7517=CARTESIAN_POINT('',(0.00194168080979333,-0.00532103563150748,-0.00570730979176419));
#7518=CARTESIAN_POINT('',(0.00193205419900107,-0.00538702088138315,-0.0056790074623474));
#7519=CARTESIAN_POINT('',(0.00242089163146676,-0.00261947092254335,-0.00692457770075507));
#7520=CARTESIAN_POINT('',(0.00241670890698335,-0.00264713553586889,-0.00691261070025053));
#7521=CARTESIAN_POINT('',(0.00239986963553298,-0.00275856438306008,-0.00686441475912757));
#7522=CARTESIAN_POINT('',(0.00237045197927228,-0.00295379196063365,-0.00678002961302855));
#7523=CARTESIAN_POINT('',(0.00233193509271055,-0.00320490120350088,-0.00667104580251512));
#7524=CARTESIAN_POINT('',(0.00229583890633843,-0.00345689676407285,-0.00656335108181241));
#7525=CARTESIAN_POINT('',(0.00225775002332361,-0.00370824287562222,-0.00645457064609993));
#7526=CARTESIAN_POINT('',(0.00221796405483572,-0.00395871533820224,-0.00634496496883865));
#7527=CARTESIAN_POINT('',(0.00218043538081511,-0.00421021943499361,-0.00623649726589025));
#7528=CARTESIAN_POINT('',(0.00214229758527576,-0.00446146847685294,-0.00612771509171948));
#7529=CARTESIAN_POINT('',(0.00210434196992811,-0.00471272863787951,-0.00601904765194664));
#7530=CARTESIAN_POINT('',(0.00206631910987788,-0.00496406396628368,-0.00591031250706179));
#7531=CARTESIAN_POINT('',(0.00203101471437842,-0.00519744758914468,-0.00580934557762134));
#7532=CARTESIAN_POINT('',(0.00200839614384603,-0.00534703070088804,-0.00574463723999555));
#7533=CARTESIAN_POINT('',(0.00199844124389073,-0.00541286782637467,-0.00571615687088777));
#7534=CARTESIAN_POINT('',(0.0025102983019714,-0.00265332813733117,-0.00697182840875781));
#7535=CARTESIAN_POINT('',(0.00250596037155672,-0.0026809301185351,-0.00695978054199945));
#7536=CARTESIAN_POINT('',(0.00248848802990196,-0.00279210550902396,-0.00691125414650791));
#7537=CARTESIAN_POINT('',(0.00245787773051976,-0.00298687654721037,-0.00682624012492699));
#7538=CARTESIAN_POINT('',(0.00241845925956724,-0.00323769194115919,-0.00671676566023934));
#7539=CARTESIAN_POINT('',(0.00237905251019781,-0.00348843407485003,-0.00660732129421856));
#7540=CARTESIAN_POINT('',(0.00233964536854409,-0.00373917913618598,-0.00649787463168097));
#7541=CARTESIAN_POINT('',(0.00230024803986403,-0.00398986164357685,-0.00638845566932358));
#7542=CARTESIAN_POINT('',(0.00226083869492438,-0.00424062032345564,-0.00627900394409347));
#7543=CARTESIAN_POINT('',(0.00222142586444276,-0.00449140036652078,-0.00616954392133764));
#7544=CARTESIAN_POINT('',(0.0021820268647057,-0.00474209496536581,-0.00606011881591701));
#7545=CARTESIAN_POINT('',(0.00214259488708181,-0.00499299333335908,-0.0059506109383911));
#7546=CARTESIAN_POINT('',(0.00210600946005122,-0.00522578649332174,-0.00584899781914946));
#7547=CARTESIAN_POINT('',(0.00208254973584527,-0.00537505918004177,-0.00578384254169441));
#7548=CARTESIAN_POINT('',(0.00207222378000319,-0.00544076249389247,-0.00575516409978785));
#7549=CARTESIAN_POINT('',(0.00240833763758079,-0.00330209513981536,-0.00668865470786639));
#7550=CARTESIAN_POINT('',(0.00219813428288606,-0.00300694259470241,-0.00664946292958072));
#7551=CARTESIAN_POINT('',(0.00200008587282923,-0.00270670273662322,-0.00659603075261902));
#7552=CARTESIAN_POINT('',(0.00182565082303129,-0.00239452646004495,-0.00652611976335751));
#7553=CARTESIAN_POINT('',(0.00182565082302114,-0.00239452646005331,-0.00652611976334556));
#7554=CARTESIAN_POINT('',(0.00129282502209132,-0.00508239814014098,-0.00520908730941342));
#7555=CARTESIAN_POINT('',(0.00155072170279199,-0.00494235082165334,-0.00553911543434464));
#7556=CARTESIAN_POINT('',(0.00186054973681319,-0.00480927868115849,-0.00582720766232379));
#7557=CARTESIAN_POINT('',(0.00219205097509521,-0.00467831145351917,-0.00608795995303861));
#7558=CARTESIAN_POINT('',(0.00129282502209132,-0.00508239814014098,-0.00520908730941342));
#7559=CARTESIAN_POINT('',(0.000885219462884258,-0.00484099742722778,-0.00459419808940003));
#7560=CARTESIAN_POINT('',(0.000961358253984388,-0.00492804607676988,-0.00483233560730046));
#7561=CARTESIAN_POINT('',(0.00111671332266482,-0.00500693960416468,-0.00503107771467161));
#7562=CARTESIAN_POINT('',(0.00129282502209132,-0.00508239814014098,-0.00520908730941342));
#7563=CARTESIAN_POINT('',(0.000885220636707064,-0.00484099742722646,-0.00459419786322146));
#7564=CARTESIAN_POINT('',(0.000981068863623528,-0.00334839024776154,-0.00509163632538547));
#7565=CARTESIAN_POINT('',(0.00106783471047611,-0.00199729309787753,-0.00554191482473254));
#7566=CARTESIAN_POINT('',(0.00106783471047603,-0.00199729309787884,-0.0055419148247321));
#7567=CARTESIAN_POINT('',(0.00119609566709524,-0.00214389960923827,-0.0059429781783976));
#7568=CARTESIAN_POINT('',(0.00149798844499484,-0.00227261315437292,-0.00625676659613036));
#7569=CARTESIAN_POINT('',(0.00182565082302114,-0.00239452646005331,-0.00652611976334556));
#7570=CARTESIAN_POINT('',(0.00315479581124726,-0.00265323458144541,-0.00670491469519823));
#7571=CARTESIAN_POINT('',(0.00314934010446067,-0.00268085646779879,-0.0066933198449081));
#7572=CARTESIAN_POINT('',(0.00312737674670408,-0.00279205573456045,-0.00664664170260966));
#7573=CARTESIAN_POINT('',(0.003088905193747,-0.00298683744144352,-0.00656487833378836));
#7574=CARTESIAN_POINT('',(0.00303937507625153,-0.00323761930037682,-0.0064596088993817));
#7575=CARTESIAN_POINT('',(0.00298984582131186,-0.00348838830279405,-0.00635434433284683));
#7576=CARTESIAN_POINT('',(0.00294032573908545,-0.00373910466276433,-0.00624910027625158));
#7577=CARTESIAN_POINT('',(0.00289080352255676,-0.00398983533323358,-0.00614385179852091));
#7578=CARTESIAN_POINT('',(0.00284127593821286,-0.00424059623470041,-0.00603859025869974));
#7579=CARTESIAN_POINT('',(0.00279174584047856,-0.00449137147875896,-0.00593332318927908));
#7580=CARTESIAN_POINT('',(0.00274222778071402,-0.00474207909163885,-0.00582808336200148));
#7581=CARTESIAN_POINT('',(0.00269268629054307,-0.00499292251663129,-0.00572278945330303));
#7582=CARTESIAN_POINT('',(0.00264680612590218,-0.00522520728952458,-0.00562528174466906));
#7583=CARTESIAN_POINT('',(0.00261741881530882,-0.00537399765539418,-0.00556282469882814));
#7584=CARTESIAN_POINT('',(0.00260454174277246,-0.0054391956084616,-0.00553545692503923));
#7585=CARTESIAN_POINT('',(0.00321380781650585,-0.00258623929985604,-0.0065135785387405));
#7586=CARTESIAN_POINT('',(0.00320824947158616,-0.00261398001812156,-0.00650231467218968));
#7587=CARTESIAN_POINT('',(0.00318587313412464,-0.0027256573032926,-0.00645696795233994));
#7588=CARTESIAN_POINT('',(0.00314668047745565,-0.00292127242013999,-0.00637752580144594));
#7589=CARTESIAN_POINT('',(0.00309623015856704,-0.00317308430114312,-0.00627524272545344));
#7590=CARTESIAN_POINT('',(0.00304577830436399,-0.00342487640445088,-0.00617300328286376));
#7591=CARTESIAN_POINT('',(0.00299530045266277,-0.00367687422683675,-0.00607063098830524));
#7592=CARTESIAN_POINT('',(0.00294487806782099,-0.00392844494404977,-0.00596852904072959));
#7593=CARTESIAN_POINT('',(0.00289441599419038,-0.00418032704759383,-0.00586622281909654));
#7594=CARTESIAN_POINT('',(0.00284396304311088,-0.00443212495738897,-0.00576397833274089));
#7595=CARTESIAN_POINT('',(0.00279351381103707,-0.00468393707967441,-0.00566170143978957));
#7596=CARTESIAN_POINT('',(0.00274306418934303,-0.00493560923435141,-0.00555959191025278));
#7597=CARTESIAN_POINT('',(0.00269629826329919,-0.00516916141693022,-0.00546463764712334));
#7598=CARTESIAN_POINT('',(0.00266636791465142,-0.00531850721034393,-0.0054040174372113));
#7599=CARTESIAN_POINT('',(0.00265325391802818,-0.00538393771432388,-0.00537746303936122));
#7600=CARTESIAN_POINT('',(0.00325612719962188,-0.00252852284850548,-0.00635036165023125));
#7601=CARTESIAN_POINT('',(0.00325049524425032,-0.00255636613905695,-0.00633937883503033));
#7602=CARTESIAN_POINT('',(0.00322782270619667,-0.00266845490176764,-0.00629516459909434));
#7603=CARTESIAN_POINT('',(0.00318811266352206,-0.00286477546168473,-0.00621771707846111));
#7604=CARTESIAN_POINT('',(0.00313700084608515,-0.00311746767613004,-0.00611801701511639));
#7605=CARTESIAN_POINT('',(0.00308587831694273,-0.00337020294329026,-0.00601832972347593));
#7606=CARTESIAN_POINT('',(0.00303476873757446,-0.00362288928250872,-0.00591861825518173));
#7607=CARTESIAN_POINT('',(0.00298363140817737,-0.00387568937109068,-0.00581894885679349));
#7608=CARTESIAN_POINT('',(0.00293251792011419,-0.00412839169373995,-0.00571924347911713));
#7609=CARTESIAN_POINT('',(0.0028813973202022,-0.00438111740865187,-0.0056195561551896));
#7610=CARTESIAN_POINT('',(0.00283028316577383,-0.00463383110677259,-0.00551984616462157));
#7611=CARTESIAN_POINT('',(0.00277914648229902,-0.00488658659133309,-0.00542022076715711));
#7612=CARTESIAN_POINT('',(0.00273179906382867,-0.0051206985173109,-0.00532779187746009));
#7613=CARTESIAN_POINT('',(0.00270146395344594,-0.00527066665463787,-0.00526864567693381));
#7614=CARTESIAN_POINT('',(0.00268817123198739,-0.00533638100339227,-0.00524273110421502));
#7615=CARTESIAN_POINT('',(0.0033178236616067,-0.00241269317655379,-0.00601494920805179));
#7616=CARTESIAN_POINT('',(0.00331208556189977,-0.0024407343846446,-0.00600454530915953));
#7617=CARTESIAN_POINT('',(0.00328898534331152,-0.00255362115700833,-0.00596266265968735));
#7618=CARTESIAN_POINT('',(0.00324852227770769,-0.0027513526054668,-0.00588930983241918));
#7619=CARTESIAN_POINT('',(0.00319643643739959,-0.00300587366964953,-0.00579489566477395));
#7620=CARTESIAN_POINT('',(0.00314434672668528,-0.00326042746370331,-0.00570046250747963));
#7621=CARTESIAN_POINT('',(0.00309225430277615,-0.00351497747739659,-0.00560605019717727));
#7622=CARTESIAN_POINT('',(0.00304018015217954,-0.0037694743032193,-0.00551158380676854));
#7623=CARTESIAN_POINT('',(0.00298808981954174,-0.00402402007350703,-0.00541716361943241));
#7624=CARTESIAN_POINT('',(0.00293600274865702,-0.00427855709269262,-0.00532273388407838));
#7625=CARTESIAN_POINT('',(0.00288391916783582,-0.00453308328037554,-0.00522828778177509));
#7626=CARTESIAN_POINT('',(0.00283182684655117,-0.00478762918112212,-0.00513391288704056));
#7627=CARTESIAN_POINT('',(0.0027835538480482,-0.00502350617827212,-0.00504643991138385));
#7628=CARTESIAN_POINT('',(0.00275265196792486,-0.0051745231791217,-0.00499040170259827));
#7629=CARTESIAN_POINT('',(0.00273911199840716,-0.00524069367280703,-0.00496584620053947));
#7630=CARTESIAN_POINT('',(0.00333922319578671,-0.00235157978746204,-0.00583548224217506));
#7631=CARTESIAN_POINT('',(0.00333344813948659,-0.00237972594880234,-0.00582538833891569));
#7632=CARTESIAN_POINT('',(0.00331019958217192,-0.00249303164106178,-0.00578474235026855));
#7633=CARTESIAN_POINT('',(0.00326948131278444,-0.00269145899970337,-0.00571343660151387));
#7634=CARTESIAN_POINT('',(0.00321703434071986,-0.00294719925302962,-0.00562250193067211));
#7635=CARTESIAN_POINT('',(0.0031646993774855,-0.00320181322133709,-0.0055283456861257));
#7636=CARTESIAN_POINT('',(0.00311225211866382,-0.00345755460397056,-0.00543742442493872));
#7637=CARTESIAN_POINT('',(0.00305983487252641,-0.00371301170856582,-0.00534574066102217));
#7638=CARTESIAN_POINT('',(0.0030074215410217,-0.00396841405545998,-0.0052538404409432));
#7639=CARTESIAN_POINT('',(0.00295495155478068,-0.00422438356780155,-0.00516361203770933));
#7640=CARTESIAN_POINT('',(0.00290270454417036,-0.00447813725804398,-0.00506690759950152));
#7641=CARTESIAN_POINT('',(0.0028496298862598,-0.00474014780997503,-0.00499445645941076));
#7642=CARTESIAN_POINT('',(0.00280121955185774,-0.0049752405096297,-0.00490466776459621));
#7643=CARTESIAN_POINT('',(0.00277011401618719,-0.00512686100716339,-0.00485043554961212));
#7644=CARTESIAN_POINT('',(0.00275647992139898,-0.00519334265357502,-0.00482681033991643));
#7645=CARTESIAN_POINT('',(0.00334903897317975,-0.00225235487504142,-0.00554325712974281));
#7646=CARTESIAN_POINT('',(0.00334324673251717,-0.00228067378655761,-0.00553367099535759));
#7647=CARTESIAN_POINT('',(0.00331992843036799,-0.00239468080771681,-0.00549508673609454));
#7648=CARTESIAN_POINT('',(0.00327908204614636,-0.00259439854493866,-0.00542757746471775));
#7649=CARTESIAN_POINT('',(0.00322652000339245,-0.00285129786106309,-0.00534010334250372));
#7650=CARTESIAN_POINT('',(0.00317388729935182,-0.00310892170115224,-0.00525476032978731));
#7651=CARTESIAN_POINT('',(0.00312132380025743,-0.00336582759899003,-0.00516727506639997));
#7652=CARTESIAN_POINT('',(0.0030687477413302,-0.00362288394990567,-0.00508030930130146));
#7653=CARTESIAN_POINT('',(0.0030161635369914,-0.00388000385094619,-0.00499346471136767));
#7654=CARTESIAN_POINT('',(0.00296361592385246,-0.00413676002742305,-0.00490555717741422));
#7655=CARTESIAN_POINT('',(0.00291093032754601,-0.00439490665206647,-0.00482178408084721));
#7656=CARTESIAN_POINT('',(0.00285876716146648,-0.00464781866945273,-0.00472254607024966));
#7657=CARTESIAN_POINT('',(0.00280994181299549,-0.00488707037183401,-0.00464502685324041));
#7658=CARTESIAN_POINT('',(0.00277874995552854,-0.00503955617395684,-0.00459331854824832));
#7659=CARTESIAN_POINT('',(0.0027650856178201,-0.00510634101227431,-0.00457057393665413));
#7660=CARTESIAN_POINT('',(0.003346664919421,-0.00221354369391922,-0.005428713853089));
#7661=CARTESIAN_POINT('',(0.00334087716944054,-0.00224192968212967,-0.00541932836728079));
#7662=CARTESIAN_POINT('',(0.00331757877410341,-0.0023562128470451,-0.00538156805683309));
#7663=CARTESIAN_POINT('',(0.00327678651666967,-0.00255647862873382,-0.00531567251268308));
#7664=CARTESIAN_POINT('',(0.00322413992047901,-0.00281362956149418,-0.00522894042045971));
#7665=CARTESIAN_POINT('',(0.00317200004094056,-0.00307320815613116,-0.00514934076537174));
#7666=CARTESIAN_POINT('',(0.00311934686793875,-0.00333036223705048,-0.00506257526411255));
#7667=CARTESIAN_POINT('',(0.00306683577550424,-0.00358806310887276,-0.00497754529608048));
#7668=CARTESIAN_POINT('',(0.00301428655471102,-0.00384587780340726,-0.00489274830649022));
#7669=CARTESIAN_POINT('',(0.00296173445446643,-0.00410279130880434,-0.00480528025626957));
#7670=CARTESIAN_POINT('',(0.00290923270620904,-0.00436319234731028,-0.00472826565905112));
#7671=CARTESIAN_POINT('',(0.00285653847372266,-0.00461051519546859,-0.00461211973908424));
#7672=CARTESIAN_POINT('',(0.00280788984724266,-0.00485189282776781,-0.00454102751199164));
#7673=CARTESIAN_POINT('',(0.00277671315184268,-0.00500470998462429,-0.00449026409190626));
#7674=CARTESIAN_POINT('',(0.00276305131718583,-0.00507159649708666,-0.0044677995447782));
#7675=CARTESIAN_POINT('',(0.00332731866962014,-0.00213767495128991,-0.00520603719875405));
#7676=CARTESIAN_POINT('',(0.00332156396753774,-0.00216619307985692,-0.00519703305443552));
#7677=CARTESIAN_POINT('',(0.00329839724288674,-0.00228099886122432,-0.00516078395263534));
#7678=CARTESIAN_POINT('',(0.00325782117081858,-0.00248208160642037,-0.00509728291085887));
#7679=CARTESIAN_POINT('',(0.00320557637684284,-0.00274095720712974,-0.00501561610803389));
#7680=CARTESIAN_POINT('',(0.00315337647659926,-0.00299971851870851,-0.00493365271528559));
#7681=CARTESIAN_POINT('',(0.00310113684802002,-0.0032586054441106,-0.00485204944302197));
#7682=CARTESIAN_POINT('',(0.00304887565292135,-0.00351741849560492,-0.00477005987057996));
#7683=CARTESIAN_POINT('',(0.00299672354280765,-0.00377656771112392,-0.00468923515515043));
#7684=CARTESIAN_POINT('',(0.00294417205598412,-0.00403429802386895,-0.00460415498712088));
#7685=CARTESIAN_POINT('',(0.00289310905123227,-0.00429736630540372,-0.00453493075144512));
#7686=CARTESIAN_POINT('',(0.00283649076057086,-0.0045405225725937,-0.00440653423806089));
#7687=CARTESIAN_POINT('',(0.00278921565903867,-0.00478437877700097,-0.00434279745271762));
#7688=CARTESIAN_POINT('',(0.00275819633662673,-0.00493790106944954,-0.00429405136616109));
#7689=CARTESIAN_POINT('',(0.0027445729473246,-0.00500505928843051,-0.00427235699372862));
#7690=CARTESIAN_POINT('',(0.0033113959146176,-0.00210143784498277,-0.00509975290399507));
#7691=CARTESIAN_POINT('',(0.00330566918587327,-0.00213001826520044,-0.00509093341450233));
#7692=CARTESIAN_POINT('',(0.00328261831687092,-0.00224507870403771,-0.00505543516898289));
#7693=CARTESIAN_POINT('',(0.00324227932371405,-0.00244664844580781,-0.00499332813347344));
#7694=CARTESIAN_POINT('',(0.00319006833106593,-0.00270588561497802,-0.00491283088200049));
#7695=CARTESIAN_POINT('',(0.00313892624321753,-0.00296597425080796,-0.00483440683830066));
#7696=CARTESIAN_POINT('',(0.00308672176135351,-0.00322522184697069,-0.00475397302851264));
#7697=CARTESIAN_POINT('',(0.00303472731533553,-0.00348461916239818,-0.00467369248443509));
#7698=CARTESIAN_POINT('',(0.00298292333113853,-0.00374439306070271,-0.00459470016171398));
#7699=CARTESIAN_POINT('',(0.0029301774182482,-0.0040024020721071,-0.00451050540164819));
#7700=CARTESIAN_POINT('',(0.00288100525998278,-0.00426712021004161,-0.00444582495776991));
#7701=CARTESIAN_POINT('',(0.00281848585796535,-0.00450673463937353,-0.00430829687570697));
#7702=CARTESIAN_POINT('',(0.00277298794511313,-0.00475235315635779,-0.00424879747668507));
#7703=CARTESIAN_POINT('',(0.00274209207440427,-0.00490610026189868,-0.00420100678288253));
#7704=CARTESIAN_POINT('',(0.00272847991289104,-0.00497331880749965,-0.00417965676215707));
#7705=CARTESIAN_POINT('',(0.00327888696242676,-0.00205418709443867,-0.00496469171253103));
#7706=CARTESIAN_POINT('',(0.00327321568238188,-0.00208284653799951,-0.00495610318737073));
#7707=CARTESIAN_POINT('',(0.00325037996072632,-0.00219821442664076,-0.00492150926074206));
#7708=CARTESIAN_POINT('',(0.00321033276823994,-0.00240021022867179,-0.00486071780562127));
#7709=CARTESIAN_POINT('',(0.00315916082584666,-0.00266082332138989,-0.00478400207143534));
#7710=CARTESIAN_POINT('',(0.00310654571355242,-0.00291936087952438,-0.00470146993195397));
#7711=CARTESIAN_POINT('',(0.00305540011320957,-0.00318003016683265,-0.00462485697527035));
#7712=CARTESIAN_POINT('',(0.00300380059823403,-0.00343994262354454,-0.00454643909037252));
#7713=CARTESIAN_POINT('',(0.00295259617043908,-0.00370044452283113,-0.00446943471222338));
#7714=CARTESIAN_POINT('',(0.0029002296317995,-0.0039595589012382,-0.00438849738279196));
#7715=CARTESIAN_POINT('',(0.00285210274812303,-0.00422373321577998,-0.00432184587632328));
#7716=CARTESIAN_POINT('',(0.00278820500152806,-0.00446888912740197,-0.0042020404219864));
#7717=CARTESIAN_POINT('',(0.00274370423381703,-0.00471385021617401,-0.00414061374268954));
#7718=CARTESIAN_POINT('',(0.00271310743306868,-0.00486811517853231,-0.00409418107392486));
#7719=CARTESIAN_POINT('',(0.00269961197425868,-0.00493560030107284,-0.00407353562188588));
#7720=CARTESIAN_POINT('',(0.00327179870085784,-0.00204468332248631,-0.00493772954515376));
#7721=CARTESIAN_POINT('',(0.00326613921281334,-0.00207335769093377,-0.00492918572810972));
#7722=CARTESIAN_POINT('',(0.00324334651131705,-0.00218877973563293,-0.00489475478347409));
#7723=CARTESIAN_POINT('',(0.00320332778815547,-0.00239080796346423,-0.00483406973902269));
#7724=CARTESIAN_POINT('',(0.00315255378803564,-0.00265196251587331,-0.00475887320770573));
#7725=CARTESIAN_POINT('',(0.00309897753428506,-0.0029091955888309,-0.00467266565306917));
#7726=CARTESIAN_POINT('',(0.0030482403641294,-0.00317043119535805,-0.00459760780447133));
#7727=CARTESIAN_POINT('',(0.00299669391356953,-0.00343038445099882,-0.00451940984379656));
#7728=CARTESIAN_POINT('',(0.00294562116330704,-0.00369103830182699,-0.00444281003218926));
#7729=CARTESIAN_POINT('',(0.00289340451176207,-0.00395047507952389,-0.00436280971239119));
#7730=CARTESIAN_POINT('',(0.00284527390840582,-0.00421419608503538,-0.00429477509511183));
#7731=CARTESIAN_POINT('',(0.00278197289042897,-0.00446180123845729,-0.00418234588858962));
#7732=CARTESIAN_POINT('',(0.00273746877854082,-0.0047062803670696,-0.00411958863664882));
#7733=CARTESIAN_POINT('',(0.00270694391680928,-0.00486067054776002,-0.00407345790295846));
#7734=CARTESIAN_POINT('',(0.00269348310964751,-0.00492822886737072,-0.00405299350575252));
#7735=CARTESIAN_POINT('',(0.00325596845246887,-0.00202515433962274,-0.00488286300713289));
#7736=CARTESIAN_POINT('',(0.00325033629968748,-0.00205386191274918,-0.0048744146332816));
#7737=CARTESIAN_POINT('',(0.00322765327123641,-0.00216941857352248,-0.00484037174607933));
#7738=CARTESIAN_POINT('',(0.00318782273472621,-0.00237169252025984,-0.00478040673143864));
#7739=CARTESIAN_POINT('',(0.00313732606669646,-0.00263308029493845,-0.00470583760334455));
#7740=CARTESIAN_POINT('',(0.00308388877900167,-0.00289087788036891,-0.00462135934316592));
#7741=CARTESIAN_POINT('',(0.0030334285468511,-0.00315235803887608,-0.00454690255192039));
#7742=CARTESIAN_POINT('',(0.00298213008599746,-0.00341262332220323,-0.00446967989295134));
#7743=CARTESIAN_POINT('',(0.00293130419441585,-0.00367352761083289,-0.00439373953312352));
#7744=CARTESIAN_POINT('',(0.00287935064601182,-0.00393347448882687,-0.00431524552898575));
#7745=CARTESIAN_POINT('',(0.00283142133798565,-0.00419671548003727,-0.00424564958969096));
#7746=CARTESIAN_POINT('',(0.00276855073219336,-0.00444755358991809,-0.00414307955033945));
#7747=CARTESIAN_POINT('',(0.00272423688453603,-0.00469151890117694,-0.00407881485045542));
#7748=CARTESIAN_POINT('',(0.00269385862188665,-0.00484612436983389,-0.00403322890738024));
#7749=CARTESIAN_POINT('',(0.00268046309678678,-0.00491380001994289,-0.00401306702374799));
#7750=CARTESIAN_POINT('',(0.00324635313002209,-0.00201432592946737,-0.00485282394711955));
#7751=CARTESIAN_POINT('',(0.00324073873089448,-0.00204305485544549,-0.00484443157218796));
#7752=CARTESIAN_POINT('',(0.00321813734588229,-0.00215870861939715,-0.00481064968036944));
#7753=CARTESIAN_POINT('',(0.00317855694838259,-0.00236127000372681,-0.00475151633448626));
#7754=CARTESIAN_POINT('',(0.00312757199576127,-0.00262201412042932,-0.0046751683421923));
#7755=CARTESIAN_POINT('',(0.00307667592065538,-0.00288298893900519,-0.00459957119588054));
#7756=CARTESIAN_POINT('',(0.00302569845100307,-0.00314379352518717,-0.00452323031141244));
#7757=CARTESIAN_POINT('',(0.00297469704672555,-0.00340443375430542,-0.00444701040761482));
#7758=CARTESIAN_POINT('',(0.00292395862375534,-0.00366541038303837,-0.00437125820249377));
#7759=CARTESIAN_POINT('',(0.00287212663038291,-0.00392554740045455,-0.00429335509783072));
#7760=CARTESIAN_POINT('',(0.00282439822167562,-0.0041887643488024,-0.00422356795749012));
#7761=CARTESIAN_POINT('',(0.00276136787834794,-0.00444038346241725,-0.00412351048411511));
#7762=CARTESIAN_POINT('',(0.00271724466964599,-0.00468432811847076,-0.00405905878659274));
#7763=CARTESIAN_POINT('',(0.00268694138945926,-0.00483902110365663,-0.00401371680248404));
#7764=CARTESIAN_POINT('',(0.00267357672999781,-0.00490673935755641,-0.0039936771815604));
#7765=CARTESIAN_POINT('',(0.00323275563657798,-0.0020007252067139,-0.00481561274805241));
#7766=CARTESIAN_POINT('',(0.0032271668536299,-0.00202948075798052,-0.00480729015920381));
#7767=CARTESIAN_POINT('',(0.00320468580183424,-0.00214525870518813,-0.00477383373011023));
#7768=CARTESIAN_POINT('',(0.00316549743128304,-0.00234821662332015,-0.00471573938316541));
#7769=CARTESIAN_POINT('',(0.00311361206189436,-0.00260809014543703,-0.00463709163288972));
#7770=CARTESIAN_POINT('',(0.00306710130406157,-0.00287325482556252,-0.00457287979801483));
#7771=CARTESIAN_POINT('',(0.00301517603860914,-0.00313315343415251,-0.00449411360801849));
#7772=CARTESIAN_POINT('',(0.00296462320720337,-0.00339426776658102,-0.00441910199276891));
#7773=CARTESIAN_POINT('',(0.00291403988443347,-0.00365538122019714,-0.00434372844777168));
#7774=CARTESIAN_POINT('',(0.00286217743163921,-0.00391556187679852,-0.00426598555105332));
#7775=CARTESIAN_POINT('',(0.00281545934861523,-0.00417949791541786,-0.00419807446586449));
#7776=CARTESIAN_POINT('',(0.00274945210592802,-0.00442928452098722,-0.00409322434685862));
#7777=CARTESIAN_POINT('',(0.00270629252604818,-0.00467393882935468,-0.00403055675409497));
#7778=CARTESIAN_POINT('',(0.00267608046433571,-0.00482871816273364,-0.00398548420618281));
#7779=CARTESIAN_POINT('',(0.00266273355767487,-0.00489645870089144,-0.00396552576027311));
#7780=CARTESIAN_POINT('',(0.00322838881191981,-0.00199662246120069,-0.00480446921978894));
#7781=CARTESIAN_POINT('',(0.0032228077748048,-0.00202538525613571,-0.00479616642051671));
#7782=CARTESIAN_POINT('',(0.00320035914130058,-0.00214119459116291,-0.00476279298159614));
#7783=CARTESIAN_POINT('',(0.00316124056753722,-0.00234423093996337,-0.00470487899210596));
#7784=CARTESIAN_POINT('',(0.00310933510136172,-0.00260407616891479,-0.00462616884125824));
#7785=CARTESIAN_POINT('',(0.00306322911680757,-0.0028696233953839,-0.00456303212342129));
#7786=CARTESIAN_POINT('',(0.00301127993622889,-0.00312949387247891,-0.00448419253362563));
#7787=CARTESIAN_POINT('',(0.00296081132671597,-0.00339069897020061,-0.00440940060139828));
#7788=CARTESIAN_POINT('',(0.00291029657437782,-0.00365187269386044,-0.0043341940594466));
#7789=CARTESIAN_POINT('',(0.00285846724948122,-0.00391209460620917,-0.00425656049054251));
#7790=CARTESIAN_POINT('',(0.00281194037290598,-0.0041761747846597,-0.00418904376112328));
#7791=CARTESIAN_POINT('',(0.00274552524560603,-0.00442572603264214,-0.00408349992403115));
#7792=CARTESIAN_POINT('',(0.0027025458619018,-0.00467052519256405,-0.00402120236893591));
#7793=CARTESIAN_POINT('',(0.00267237146278951,-0.00482533549609401,-0.00397622773279649));
#7794=CARTESIAN_POINT('',(0.00265903777496544,-0.0048930869941182,-0.00395630631472271));
#7795=CARTESIAN_POINT('',(0.0032128005259379,-0.00198268298527203,-0.00476676143103525));
#7796=CARTESIAN_POINT('',(0.00320724411693247,-0.00201146715494856,-0.00475851867680216));
#7797=CARTESIAN_POINT('',(0.00318487499618855,-0.00212735045159958,-0.00472534223917078));
#7798=CARTESIAN_POINT('',(0.00314568890535628,-0.00233038903868106,-0.00466730225521212));
#7799=CARTESIAN_POINT('',(0.00309525026466797,-0.00259146575179364,-0.00459195849584435));
#7800=CARTESIAN_POINT('',(0.00304483882579324,-0.00285336068677852,-0.00451909509062642));
#7801=CARTESIAN_POINT('',(0.00299441268520075,-0.00311451609999561,-0.00444374690848148));
#7802=CARTESIAN_POINT('',(0.00294389364496594,-0.00337572895308784,-0.00436887605233747));
#7803=CARTESIAN_POINT('',(0.0028937550090675,-0.00363722584731895,-0.00429456127578604));
#7804=CARTESIAN_POINT('',(0.00284219956176468,-0.00389770589538082,-0.00421757866517388));
#7805=CARTESIAN_POINT('',(0.00279592857759023,-0.00416199718692518,-0.00415070472946112));
#7806=CARTESIAN_POINT('',(0.00272993554005404,-0.00441206328449892,-0.00404605654153934));
#7807=CARTESIAN_POINT('',(0.00268718450762107,-0.00465706654240229,-0.0039843334370556));
#7808=CARTESIAN_POINT('',(0.00265718569917002,-0.0048120182913335,-0.00393978117214325));
#7809=CARTESIAN_POINT('',(0.00264393019120228,-0.00487983222120401,-0.00392004712942737));
#7810=CARTESIAN_POINT('',(0.00319617760788574,-0.00196978502324525,-0.00473289027226351));
#7811=CARTESIAN_POINT('',(0.00319064934883147,-0.00199858862137201,-0.00472470400272154));
#7812=CARTESIAN_POINT('',(0.00316838661811391,-0.00211454997563978,-0.00469173309786543));
#7813=CARTESIAN_POINT('',(0.00312931384181752,-0.00231772364064602,-0.00463382288212186));
#7814=CARTESIAN_POINT('',(0.00307953434353674,-0.00257941942496613,-0.00456029566368657));
#7815=CARTESIAN_POINT('',(0.00302789942766208,-0.00283991618873171,-0.00448317062529401));
#7816=CARTESIAN_POINT('',(0.00297814731881307,-0.00310168412880793,-0.00440969310223065));
#7817=CARTESIAN_POINT('',(0.00292781080564633,-0.00336307051356352,-0.00433507953288616));
#7818=CARTESIAN_POINT('',(0.00287789410687621,-0.00362474515934567,-0.00426128183842721));
#7819=CARTESIAN_POINT('',(0.00282691069814217,-0.00388566591423454,-0.00418542016348212));
#7820=CARTESIAN_POINT('',(0.00277977438417372,-0.00414932171714655,-0.00411699753500902));
#7821=CARTESIAN_POINT('',(0.00271829290322984,-0.00440297824498436,-0.0040208201110077));
#7822=CARTESIAN_POINT('',(0.00267471370094088,-0.00464729305367326,-0.00395761403787318));
#7823=CARTESIAN_POINT('',(0.00264489820750209,-0.00480240183044241,-0.00391344320473781));
#7824=CARTESIAN_POINT('',(0.00263175317419042,-0.0048703098259032,-0.00389393253194054));
#7825=CARTESIAN_POINT('',(0.00317206841728726,-0.00195305211827213,-0.00468623363174716));
#7826=CARTESIAN_POINT('',(0.00316658254822414,-0.0019818861857874,-0.00467812942415827));
#7827=CARTESIAN_POINT('',(0.00314449663306429,-0.00209797507378207,-0.00464550089244604));
#7828=CARTESIAN_POINT('',(0.00310579848961248,-0.00230142343669743,-0.00458831689607992));
#7829=CARTESIAN_POINT('',(0.00305601072638863,-0.00256308135156482,-0.00451477525866927));
#7830=CARTESIAN_POINT('',(0.00300620958588,-0.00282485898270332,-0.00444119812542864));
#7831=CARTESIAN_POINT('',(0.00295641328294611,-0.00308658573690269,-0.00436763630823713));
#7832=CARTESIAN_POINT('',(0.00290661072907565,-0.00334837804591239,-0.00429405506024831));
#7833=CARTESIAN_POINT('',(0.00285681173992774,-0.00361013244738882,-0.00422048489580353));
#7834=CARTESIAN_POINT('',(0.00280701434951216,-0.00387187139286939,-0.00414691943044852));
#7835=CARTESIAN_POINT('',(0.00275721410527035,-0.00413364530844629,-0.00407334280227978));
#7836=CARTESIAN_POINT('',(0.00270741019358869,-0.00439543274125843,-0.00399976363823585));
#7837=CARTESIAN_POINT('',(0.00266126983063759,-0.00463794927288692,-0.00393160042254298));
#7838=CARTESIAN_POINT('',(0.00263172283577357,-0.00479325602670305,-0.00388794924987225));
#7839=CARTESIAN_POINT('',(0.0026187760867914,-0.0048613077867427,-0.00386882234792952));
#7840=CARTESIAN_POINT('',(0.00332333833624246,-0.00239452646006028,-0.00590581598056171));
#7841=CARTESIAN_POINT('',(0.00324934481920037,-0.00270658983155006,-0.00607858301018495));
#7842=CARTESIAN_POINT('',(0.00314754388473496,-0.00300699521345012,-0.00625622707280154));
#7843=CARTESIAN_POINT('',(0.00302664066026444,-0.00330209366397947,-0.00643254464478061));
#7844=CARTESIAN_POINT('',(0.00332333833624245,-0.00239452646006029,-0.0059058159805617));
#7845=CARTESIAN_POINT('',(0.00332333833624246,-0.00239452646006028,-0.0059058159805617));
#7846=CARTESIAN_POINT('',(0.00336464325566664,-0.00227295432022585,-0.00548475559386157));
#7847=CARTESIAN_POINT('',(0.00335529786353768,-0.00214294531900264,-0.00504565074064024));
#7848=CARTESIAN_POINT('',(0.00316365145616969,-0.00199729302185074,-0.00467379908747402));
#7849=CARTESIAN_POINT('',(0.00316365145616976,-0.00199729302185033,-0.00467379908747413));
#7850=CARTESIAN_POINT('',(0.00320540485268393,-0.00177784180270006,-0.00473547853632499));
#7851=CARTESIAN_POINT('',(0.00318880784341211,-0.00186507069685208,-0.0047109619225095));
#7852=CARTESIAN_POINT('',(0.00315561379519615,-0.00203952864110481,-0.00466192865104747));
#7853=CARTESIAN_POINT('',(0.00310579848961248,-0.00230142343669743,-0.00458831689607992));
#7854=CARTESIAN_POINT('',(0.00305601072638863,-0.00256308135156482,-0.00451477525866927));
#7855=CARTESIAN_POINT('',(0.00300620958588,-0.00282485898270332,-0.00444119812542864));
#7856=CARTESIAN_POINT('',(0.00295641328294611,-0.00308658573690269,-0.00436763630823713));
#7857=CARTESIAN_POINT('',(0.00290661072907565,-0.00334837804591239,-0.00429405506024831));
#7858=CARTESIAN_POINT('',(0.00285681173992774,-0.00361013244738882,-0.00422048489580353));
#7859=CARTESIAN_POINT('',(0.00280701434951216,-0.00387187139286939,-0.00414691943044852));
#7860=CARTESIAN_POINT('',(0.00275721410527035,-0.00413364530844629,-0.00407334280227978));
#7861=CARTESIAN_POINT('',(0.00270741019358869,-0.00439543274125843,-0.00399976363823585));
#7862=CARTESIAN_POINT('',(0.00265761693828531,-0.00465714909549403,-0.00392620400011831));
#7863=CARTESIAN_POINT('',(0.00262441584079614,-0.00483166359979272,-0.00387715425987875));
#7864=CARTESIAN_POINT('',(0.00260781550413244,-0.00491891973718403,-0.00385262970307729));
#7865=CARTESIAN_POINT('',(0.00262264035389474,-0.00484099611856134,-0.00387453122769354));
#7866=CARTESIAN_POINT('',(0.00276929551509485,-0.00508239814014098,-0.00459749817671663));
#7867=CARTESIAN_POINT('',(0.00276815768924629,-0.00500751224268105,-0.00434887741529646));
#7868=CARTESIAN_POINT('',(0.00273663170393379,-0.00492762182127922,-0.00409568005727925));
#7869=CARTESIAN_POINT('',(0.00262264035389474,-0.00484099611856134,-0.00387453122769354));
#7870=CARTESIAN_POINT('',(0.00276929551509484,-0.00508239814014099,-0.00459749817671665));
#7871=CARTESIAN_POINT('',(0.00275482289593196,-0.0046783117832577,-0.00585485123864641));
#7872=CARTESIAN_POINT('',(0.00280485349337264,-0.00480928179596876,-0.00543605469879365));
#7873=CARTESIAN_POINT('',(0.00282002792333607,-0.00494238126546357,-0.00501329418245469));
#7874=CARTESIAN_POINT('',(0.00276929551509485,-0.00508239814014098,-0.00459749817671664));
#7875=CARTESIAN_POINT('',(0.00253959534574437,-0.00315619074539965,-0.00375198349258617));
#7876=CARTESIAN_POINT('',(0.00316371111502872,-0.00199729303301245,-0.00467375870767406));
#7877=CARTESIAN_POINT('',(0.00256615743666097,-0.00162351900927078,-0.00379109089795952));
#7878=CARTESIAN_POINT('',(0.00256629070573501,-0.00162351903440253,-0.00379100069552542));
#7879=CARTESIAN_POINT('',(0.00254343146106281,-0.00178380097361363,-0.00375727176756341));
#7880=CARTESIAN_POINT('',(0.00249853395410609,-0.00208755142900559,-0.00369102221873776));
#7881=CARTESIAN_POINT('',(0.00241930194888492,-0.00260809929863976,-0.00357410532962798));
#7882=CARTESIAN_POINT('',(0.00234649637909362,-0.0030784994934993,-0.00346666927127851));
#7883=CARTESIAN_POINT('',(0.00227509818170418,-0.00354002633534686,-0.00336131007279595));
#7884=CARTESIAN_POINT('',(0.00219603735485153,-0.00406024430072512,-0.00324464599879903));
#7885=CARTESIAN_POINT('',(0.00215088489876893,-0.00436679647858873,-0.00317802055160942));
#7886=CARTESIAN_POINT('',(0.00212751474560781,-0.00453140027047213,-0.00314353798008318));
#7887=CARTESIAN_POINT('',(0.00212772183359416,-0.00453140030942306,-0.00314339781360769));
#7888=CARTESIAN_POINT('',(0.00262235613413611,-0.00484099611319244,-0.00387472358017173));
#7889=CARTESIAN_POINT('',(0.00245740900233886,-0.00473779751064604,-0.003630995043432));
#7890=CARTESIAN_POINT('',(0.00229246187054132,-0.00463459890810111,-0.00338726650669184));
#7891=CARTESIAN_POINT('',(0.00212751473874323,-0.00453140030555901,-0.00314353796995086));
#7892=CARTESIAN_POINT('',(0.000884625137904859,-0.00324590663213619,-0.00459114590868458));
#7893=CARTESIAN_POINT('',(0.000718060747818751,-0.00453140448698714,-0.00372728174684533));
#7894=CARTESIAN_POINT('',(0.000773734111605841,-0.00463460213355521,-0.00401626276322109));
#7895=CARTESIAN_POINT('',(0.00082940747539292,-0.00473779978012344,-0.0043052437795968));
#7896=CARTESIAN_POINT('',(0.000885080839179994,-0.00484099742669175,-0.00459422479597248));
#7897=CARTESIAN_POINT('',(0.000718184626902767,-0.00453140448748705,-0.0037272578808593));
#7898=CARTESIAN_POINT('',(0.0007180607485039,-0.00453140447666034,-0.00372728175039652));
#7899=CARTESIAN_POINT('',(0.000723260749115626,-0.00442309104418676,-0.00375422035091264));
#7900=CARTESIAN_POINT('',(0.000731866522938992,-0.00424752305682308,-0.00379880420747926));
#7901=CARTESIAN_POINT('',(0.000743934303218353,-0.00400699206923037,-0.00386132618618681));
#7902=CARTESIAN_POINT('',(0.000755318107278677,-0.00378386298058439,-0.00392030623845916));
#7903=CARTESIAN_POINT('',(0.000760889835149668,-0.00367604576024378,-0.00394917425924393));
#7904=CARTESIAN_POINT('',(0.000772800702470965,-0.00344629077609177,-0.00401088671045307));
#7905=CARTESIAN_POINT('',(0.000792018856878256,-0.00307912051997088,-0.00411046117875782));
#7906=CARTESIAN_POINT('',(0.000811729965211712,-0.00270266769762767,-0.0042125898356476));
#7907=CARTESIAN_POINT('',(0.000823567176184907,-0.00247456979401841,-0.00427392076516658));
#7908=CARTESIAN_POINT('',(0.000828882356648456,-0.00237189512646812,-0.00430145965219034));
#7909=CARTESIAN_POINT('',(0.000840372964363275,-0.00214710809663803,-0.0043609932543771));
#7910=CARTESIAN_POINT('',(0.00085244510937414,-0.00190704682932477,-0.00442353809548501));
#7911=CARTESIAN_POINT('',(0.000861073942025262,-0.00173154245724819,-0.00446824165172675));
#7912=CARTESIAN_POINT('',(0.000866278655264222,-0.00162351024855745,-0.00449520483579888));
#7913=CARTESIAN_POINT('',(0.000866177465944201,-0.00162351023971617,-0.00449522433344959));
#7914=CARTESIAN_POINT('',(0.000866278655264602,-0.0016235102484423,-0.0044952048358008));
#7915=CARTESIAN_POINT('',(0.,-0.0014897693055518,0.));
#7916=CARTESIAN_POINT('',(0.,-0.00239452646006029,0.));
#7917=CARTESIAN_POINT('',(0.000866176103778594,-0.00162351023971374,-0.00449522459591575));
#7918=CARTESIAN_POINT('',(0.000832257434575533,-0.00156067570311066,-0.0043192750371942));
#7919=CARTESIAN_POINT('',(0.000673124972802823,-0.00150915218857233,-0.00420227987079153));
#7920=CARTESIAN_POINT('',(0.000487014625371992,-0.00150434225035679,-0.00421000092454399));
#7921=CARTESIAN_POINT('',(0.00265285678611659,-0.00150399582502083,-0.00330382643292283));
#7922=CARTESIAN_POINT('',(0.00249925145957948,-0.00150400624122023,-0.00342720421980013));
#7923=CARTESIAN_POINT('',(0.00246003649921485,-0.00155713240993752,-0.00363431105738227));
#7924=CARTESIAN_POINT('',(0.00256615642041979,-0.00162351900927715,-0.00379109158586639));
#7925=CARTESIAN_POINT('',(0.,-0.00442026338698825,0.));
#7926=CARTESIAN_POINT('',(0.,-0.00508239814014098,0.));
#7927=CARTESIAN_POINT('',(0.00212772250567815,-0.0045314003094253,-0.0031433973586911));
#7928=CARTESIAN_POINT('',(0.00203959171124886,-0.00447626407805482,-0.00301318247091245));
#7929=CARTESIAN_POINT('',(0.00207202012782471,-0.00443206403218736,-0.00284102149384543));
#7930=CARTESIAN_POINT('',(0.0021997514648486,-0.00443205722692615,-0.0027383898837589));
#7931=CARTESIAN_POINT('',(0.000380864487270205,-0.00443205721566221,-0.00349179433518862));
#7932=CARTESIAN_POINT('',(0.00054364734091095,-0.00443206563399477,-0.00347406308380098));
#7933=CARTESIAN_POINT('',(0.000688408159329381,-0.00447622574496012,-0.00357274427514103));
#7934=CARTESIAN_POINT('',(0.000718185385976843,-0.00453140448749478,-0.0037272577346199));
#7935=CARTESIAN_POINT('',(0.,-0.00518892865917925,0.));
#7936=CARTESIAN_POINT('',(0.,-0.00370049241102682,0.));
#7937=CARTESIAN_POINT('',(0.00643658728429844,-0.00329246566988466,-0.00302854299268016));
#7938=CARTESIAN_POINT('',(0.00640916519562468,-0.00335779258862302,-0.00301564038688173));
#7939=CARTESIAN_POINT('',(0.00634666101249344,-0.00350669406450244,-0.00298623080960804));
#7940=CARTESIAN_POINT('',(0.00624907047830908,-0.00373917917443831,-0.00294031196799084));
#7941=CARTESIAN_POINT('',(0.00614384146980253,-0.00398986168184311,-0.00289079919610495));
#7942=CARTESIAN_POINT('',(0.00603858079761499,-0.00424062036171671,-0.00284127175399679));
#7943=CARTESIAN_POINT('',(0.00594107136934342,-0.00447291493732301,-0.00279539192082685));
#7944=CARTESIAN_POINT('',(0.00587866940423495,-0.00462157201766992,-0.0027660300521374));
#7945=CARTESIAN_POINT('',(0.00585134110125728,-0.0046866754846173,-0.0027531715525249));
#7946=CARTESIAN_POINT('',(0.00649868246911498,-0.00329293627362892,-0.0028919275126577));
#7947=CARTESIAN_POINT('',(0.00647099695699083,-0.00335825453122843,-0.00287961146343468));
#7948=CARTESIAN_POINT('',(0.00640788978691869,-0.00350716104115454,-0.0028515183810257));
#7949=CARTESIAN_POINT('',(0.00630933205426644,-0.00373977743978393,-0.00280758235096727));
#7950=CARTESIAN_POINT('',(0.00620308062481016,-0.00399033982577367,-0.00276043681646686));
#7951=CARTESIAN_POINT('',(0.0060967914243985,-0.00424114437309195,-0.00271311600597435));
#7952=CARTESIAN_POINT('',(0.00599835549686165,-0.00447338790541525,-0.00266932102439956));
#7953=CARTESIAN_POINT('',(0.00593532993743941,-0.00462210580540272,-0.00264126169899045));
#7954=CARTESIAN_POINT('',(0.00590773769048581,-0.00468720381811778,-0.00262898750865969));
#7955=CARTESIAN_POINT('',(0.00654360300281554,-0.00329287501777579,-0.00279039225374725));
#7956=CARTESIAN_POINT('',(0.00651572414852853,-0.00335819864335332,-0.00277850796417731));
#7957=CARTESIAN_POINT('',(0.00645218407679581,-0.0035071113284263,-0.0027513856551574));
#7958=CARTESIAN_POINT('',(0.00635299564863864,-0.00373957770189718,-0.0027090351745309));
#7959=CARTESIAN_POINT('',(0.00624591352122832,-0.00399044402848623,-0.0026634442718603));
#7960=CARTESIAN_POINT('',(0.0061389170699966,-0.00424116938800355,-0.00261780854008004));
#7961=CARTESIAN_POINT('',(0.00603978950961291,-0.00447344006698783,-0.00257554899781517));
#7962=CARTESIAN_POINT('',(0.00597633833624137,-0.0046221344541868,-0.00254847718821078));
#7963=CARTESIAN_POINT('',(0.00594855680778773,-0.00468722883848646,-0.00253663534713545));
#7964=CARTESIAN_POINT('',(0.00660005387780224,-0.00329293157033272,-0.00265388846494267));
#7965=CARTESIAN_POINT('',(0.00657193759948584,-0.0033582544930966,-0.00264257880127181));
#7966=CARTESIAN_POINT('',(0.00650783670128503,-0.00350715108932409,-0.00261683049198422));
#7967=CARTESIAN_POINT('',(0.00640773938983146,-0.00373965521958895,-0.00257663419834457));
#7968=CARTESIAN_POINT('',(0.00629982009280552,-0.00399043196929766,-0.00253316860375119));
#7969=CARTESIAN_POINT('',(0.00619188389459596,-0.00424118183308416,-0.00248977630343759));
#7970=CARTESIAN_POINT('',(0.00609190921418042,-0.00447345158902018,-0.00244956511396644));
#7971=CARTESIAN_POINT('',(0.00602790521956851,-0.00462213432514397,-0.00242384301831554));
#7972=CARTESIAN_POINT('',(0.00599988148016435,-0.00468724343683343,-0.00241256966256087));
#7973=CARTESIAN_POINT('',(0.00664066374019798,-0.00329279944928697,-0.00254919671743391));
#7974=CARTESIAN_POINT('',(0.00661237715631796,-0.00335811598178243,-0.00253833428741874));
#7975=CARTESIAN_POINT('',(0.00654784817244347,-0.00350708285085966,-0.00251360797871647));
#7976=CARTESIAN_POINT('',(0.00644714584589425,-0.00373958915955238,-0.00247497345287008));
#7977=CARTESIAN_POINT('',(0.00633849820576303,-0.00399045770729026,-0.00243327303832625));
#7978=CARTESIAN_POINT('',(0.00622991499798485,-0.00424118132493616,-0.00239158335585983));
#7979=CARTESIAN_POINT('',(0.00612932277464938,-0.00447345972222292,-0.00235295526743512));
#7980=CARTESIAN_POINT('',(0.00606492721646967,-0.0046221379767294,-0.00232825066466811));
#7981=CARTESIAN_POINT('',(0.00603673814549877,-0.004687230981373,-0.00231742343284812));
#7982=CARTESIAN_POINT('',(0.00669288360585626,-0.00329240360806517,-0.00240986091794974));
#7983=CARTESIAN_POINT('',(0.00666436898946756,-0.00335773237527882,-0.0023995937930525));
#7984=CARTESIAN_POINT('',(0.00659937088991931,-0.00350664620226939,-0.00237619050289109));
#7985=CARTESIAN_POINT('',(0.00649790546180496,-0.00373910470087011,-0.00233965712400724));
#7986=CARTESIAN_POINT('',(0.00638846605417026,-0.00398983537157685,-0.00230025270685791));
#7987=CARTESIAN_POINT('',(0.00627901361487136,-0.00424059627298067,-0.00226084284898414));
#7988=CARTESIAN_POINT('',(0.00617762385210944,-0.00447288640335727,-0.00222433599011261));
#7989=CARTESIAN_POINT('',(0.0061127343806019,-0.0046215500325849,-0.00220097198762293));
#7990=CARTESIAN_POINT('',(0.00608431890542125,-0.00468665141360429,-0.00219074061976716));
#7991=CARTESIAN_POINT('',(0.00668865404900438,-0.0033020937841602,-0.00240833800201306));
#7992=CARTESIAN_POINT('',(0.00661196686100773,-0.00329894025802912,-0.00261791173543463));
#7993=CARTESIAN_POINT('',(0.00652651072443949,-0.00329894403310333,-0.0028242246567106));
#7994=CARTESIAN_POINT('',(0.00643254509878015,-0.0033020952599865,-0.00302664106816489));
#7995=CARTESIAN_POINT('',(0.00668865407369749,-0.00330209366397947,-0.00240833780352167));
#7996=CARTESIAN_POINT('',(0.00643254497586781,-0.00330209513981536,-0.00302664122602749));
#7997=CARTESIAN_POINT('',(0.00704513825619011,-0.00248537125588194,-0.00253669456130912));
#7998=CARTESIAN_POINT('',(0.0070086584874505,-0.0025689471501547,-0.00252355987921009));
#7999=CARTESIAN_POINT('',(0.00693569888475239,-0.00273609908811804,-0.0024972904915297));
#8000=CARTESIAN_POINT('',(0.00682625580744934,-0.00298683747981931,-0.00245788438987329));
#8001=CARTESIAN_POINT('',(0.00671679599468461,-0.00323761933848118,-0.00241847074097122));
#8002=CARTESIAN_POINT('',(0.00660734023378844,-0.00348838834099508,-0.00237905992417514));
#8003=CARTESIAN_POINT('',(0.00649790546180496,-0.00373910470087011,-0.00233965712400724));
#8004=CARTESIAN_POINT('',(0.00638846605417026,-0.00398983537157685,-0.00230025270685791));
#8005=CARTESIAN_POINT('',(0.00627901361487136,-0.00424059627298067,-0.00226084284898414));
#8006=CARTESIAN_POINT('',(0.00616955548825246,-0.00449137151705325,-0.00222143085834558));
#8007=CARTESIAN_POINT('',(0.00606012513688693,-0.0047420791299295,-0.00218202961867529));
#8008=CARTESIAN_POINT('',(0.00595063997637538,-0.00499292255495025,-0.00214260670547796));
#8009=CARTESIAN_POINT('',(0.0058412224383449,-0.00524359711079344,-0.00210321035607069));
#8010=CARTESIAN_POINT('',(0.00576824478086938,-0.00541079430527693,-0.00207693374824169));
#8011=CARTESIAN_POINT('',(0.00573175641829592,-0.00549439183450192,-0.00206379561217604));
#8012=CARTESIAN_POINT('',(0.00608795896436679,-0.0046783117832577,-0.00219205106300389));
#8013=CARTESIAN_POINT('',(0.00585485206742506,-0.00467831140949544,-0.00275482353183199));
#8014=CARTESIAN_POINT('',(0.00593873204918167,-0.00467935979682294,-0.00256982827082898));
#8015=CARTESIAN_POINT('',(0.00601646700669443,-0.00467935902892735,-0.00238216334354076));
#8016=CARTESIAN_POINT('',(0.00608795901127508,-0.00467831173926693,-0.00219205128732176));
#8017=CARTESIAN_POINT('',(0.00585485187558215,-0.00467831145351917,-0.00275482365718933));
#8018=CARTESIAN_POINT('',(0.0067753568608692,-0.00248542539196614,-0.00318794124946673));
#8019=CARTESIAN_POINT('',(0.00674027751143468,-0.00256899309894843,-0.00317143547728847));
#8020=CARTESIAN_POINT('',(0.00667011874985043,-0.00273612866231618,-0.00313842390342276));
#8021=CARTESIAN_POINT('',(0.0065648626929215,-0.00298687654721037,-0.00308889867176565));
#8022=CARTESIAN_POINT('',(0.00645957948845957,-0.00323769194115919,-0.00303936160353279));
#8023=CARTESIAN_POINT('',(0.00635432585537997,-0.00348843407485003,-0.00298983752986047));
#8024=CARTESIAN_POINT('',(0.00624907032103088,-0.00373917913618598,-0.00294031210969242));
#8025=CARTESIAN_POINT('',(0.00614384131248727,-0.00398986164357685,-0.00289079933768942));
#8026=CARTESIAN_POINT('',(0.00603858064031554,-0.00424062032345564,-0.00284127189561559));
#8027=CARTESIAN_POINT('',(0.00593331163625675,-0.00449140036652078,-0.00279174105095543));
#8028=CARTESIAN_POINT('',(0.00582807710229573,-0.00474209496536581,-0.00274222511676648));
#8029=CARTESIAN_POINT('',(0.00572276072073036,-0.00499299333335908,-0.00269267397274801));
#8030=CARTESIAN_POINT('',(0.00561754123840222,-0.00524364921480982,-0.00264316418920832));
#8031=CARTESIAN_POINT('',(0.00554737937524198,-0.00541079289939498,-0.00261015140727931));
#8032=CARTESIAN_POINT('',(0.00551229889183952,-0.00549436367401262,-0.00259364522719277));
#8033=CARTESIAN_POINT('',(0.0046862159809335,-0.00195311387246299,-0.00317205730662831));
#8034=CARTESIAN_POINT('',(0.00467811589131562,-0.00198193312393686,-0.00316657454557909));
#8035=CARTESIAN_POINT('',(0.00464549057340188,-0.00209801020130026,-0.00314449140304729));
#8036=CARTESIAN_POINT('',(0.00458833618975796,-0.00230135556745337,-0.00310580704516251));
#8037=CARTESIAN_POINT('',(0.00451475426295732,-0.0025631516269704,-0.00305600289640523));
#8038=CARTESIAN_POINT('',(0.0044411866552678,-0.00282489626513942,-0.00300620569307649));
#8039=CARTESIAN_POINT('',(0.00436762168655098,-0.00308663358306569,-0.00295640827653509));
#8040=CARTESIAN_POINT('',(0.00429404583797234,-0.00334840839245663,-0.00290660743508034));
#8041=CARTESIAN_POINT('',(0.00422048545290389,-0.00361012992384716,-0.00285681216746053));
#8042=CARTESIAN_POINT('',(0.00414691114645425,-0.00387189810711093,-0.00280701171229697));
#8043=CARTESIAN_POINT('',(0.0040733318194924,-0.00413368181320877,-0.00275720976817356));
#8044=CARTESIAN_POINT('',(0.00399978256133544,-0.00439536833480558,-0.00270741828154229));
#8045=CARTESIAN_POINT('',(0.00393145907287297,-0.00463845181270102,-0.00266117161790709));
#8046=CARTESIAN_POINT('',(0.00388764307186452,-0.00479434408562341,-0.00263151553884948));
#8047=CARTESIAN_POINT('',(0.00386835696325049,-0.00486296192919105,-0.00261846216317368));
#8048=CARTESIAN_POINT('',(0.00471620748144012,-0.00196387580545145,-0.00318755468225066));
#8049=CARTESIAN_POINT('',(0.00470806672654767,-0.00199267824326212,-0.00318205090534436));
#8050=CARTESIAN_POINT('',(0.00467536095574396,-0.00210872117433187,-0.00315992622744418));
#8051=CARTESIAN_POINT('',(0.00461894357655997,-0.00231236043099158,-0.00312162327975425));
#8052=CARTESIAN_POINT('',(0.00453946093764083,-0.00257200843557898,-0.00306876995100806));
#8053=CARTESIAN_POINT('',(0.00448572856272599,-0.00284088440056896,-0.00302922250571143));
#8054=CARTESIAN_POINT('',(0.004411244534772,-0.00310229521985956,-0.0029789503337398));
#8055=CARTESIAN_POINT('',(0.00431743964781542,-0.00335678682070951,-0.00291869635057613));
#8056=CARTESIAN_POINT('',(0.00424870112029696,-0.00362024480555377,-0.00287139291548798));
#8057=CARTESIAN_POINT('',(0.00417323609271115,-0.00388133480519675,-0.00282061526311748));
#8058=CARTESIAN_POINT('',(0.00409955743350167,-0.00414310795593544,-0.00277076307738617));
#8059=CARTESIAN_POINT('',(0.00402544133037789,-0.00440456599346481,-0.00272067854865263));
#8060=CARTESIAN_POINT('',(0.00395669011049624,-0.00464754725373628,-0.00267421053904172));
#8061=CARTESIAN_POINT('',(0.00391260292853912,-0.0048033182568298,-0.00264441465577048));
#8062=CARTESIAN_POINT('',(0.00389319758591559,-0.00487188041515485,-0.00263129983251915));
#8063=CARTESIAN_POINT('',(0.00474766061889876,-0.00197542384669303,-0.00320220675497375));
#8064=CARTESIAN_POINT('',(0.00473946803701016,-0.00200420813986699,-0.00319667933933523));
#8065=CARTESIAN_POINT('',(0.00470657702668107,-0.00212018398921482,-0.0031744737805715));
#8066=CARTESIAN_POINT('',(0.0046500827875422,-0.00232376894602416,-0.00313618011220241));
#8067=CARTESIAN_POINT('',(0.00456867899984213,-0.00258256704449493,-0.00308220584644595));
#8068=CARTESIAN_POINT('',(0.00451978964337517,-0.00285373023640206,-0.00304576042599186));
#8069=CARTESIAN_POINT('',(0.00444468543825877,-0.00311492207022026,-0.00299518077498621));
#8070=CARTESIAN_POINT('',(0.00434519147794678,-0.00336681619579483,-0.00293145530762275));
#8071=CARTESIAN_POINT('',(0.00427734908699942,-0.00363074774566983,-0.00288478941609677));
#8072=CARTESIAN_POINT('',(0.00420103090312612,-0.00389143736068082,-0.00283355428691917));
#8073=CARTESIAN_POINT('',(0.00412695179595178,-0.00415309608151137,-0.00278353196404153));
#8074=CARTESIAN_POINT('',(0.00405231990667225,-0.00441434457649399,-0.00273320291344369));
#8075=CARTESIAN_POINT('',(0.00398310035436297,-0.00465721338876493,-0.00268651750349596));
#8076=CARTESIAN_POINT('',(0.00393872882676785,-0.00481285782885939,-0.00265658914219572));
#8077=CARTESIAN_POINT('',(0.00391919898854127,-0.0048813620245772,-0.00264341629464136));
#8078=CARTESIAN_POINT('',(0.00481372476613355,-0.0019997331680074,-0.00322972135864948));
#8079=CARTESIAN_POINT('',(0.00480541569996251,-0.00202846945603692,-0.00322414570187036));
#8080=CARTESIAN_POINT('',(0.00477202694991664,-0.00214424547932222,-0.00320173566159336));
#8081=CARTESIAN_POINT('',(0.0047143597963532,-0.0023474121885218,-0.00316297655947986));
#8082=CARTESIAN_POINT('',(0.00463372785740841,-0.00260640451496805,-0.00310921010978843));
#8083=CARTESIAN_POINT('',(0.00457706439829764,-0.00287494741722092,-0.00306995448502034));
#8084=CARTESIAN_POINT('',(0.00450106962760587,-0.00313585783123153,-0.00301899198951869));
#8085=CARTESIAN_POINT('',(0.00440708501832932,-0.0033894167440711,-0.00295715112792229));
#8086=CARTESIAN_POINT('',(0.0043364548008783,-0.00365241417954842,-0.00290943377442874));
#8087=CARTESIAN_POINT('',(0.00425956884996927,-0.00391287575596456,-0.00285793241731693));
#8088=CARTESIAN_POINT('',(0.00418433460257397,-0.00417408859097113,-0.0028074373737144));
#8089=CARTESIAN_POINT('',(0.00410869348367942,-0.00443498966647466,-0.00275668628568848));
#8090=CARTESIAN_POINT('',(0.00403850923153718,-0.00467748133544231,-0.00270959795681792));
#8091=CARTESIAN_POINT('',(0.00399353263928344,-0.00483288661740935,-0.00267941770560605));
#8092=CARTESIAN_POINT('',(0.0039737370380794,-0.00490128565695776,-0.00266613425510516));
#8093=CARTESIAN_POINT('',(0.0048482428244793,-0.0020124164626245,-0.00324252198531922));
#8094=CARTESIAN_POINT('',(0.00483988163710322,-0.00204113169461567,-0.00323692612622046));
#8095=CARTESIAN_POINT('',(0.00480633857656754,-0.00215684389684997,-0.00321444810979984));
#8096=CARTESIAN_POINT('',(0.00474898706097703,-0.00236011990491092,-0.00317571102957634));
#8097=CARTESIAN_POINT('',(0.00466419503662436,-0.002617654528335,-0.00312086697633674));
#8098=CARTESIAN_POINT('',(0.00462050770924203,-0.00289068326582277,-0.00308468736360639));
#8099=CARTESIAN_POINT('',(0.00454366381289961,-0.00315131005402109,-0.00303344920011099));
#8100=CARTESIAN_POINT('',(0.00443600543962602,-0.00340004916561159,-0.00296822674644028));
#8101=CARTESIAN_POINT('',(0.00436835183340703,-0.00366408325617945,-0.00292116070311906));
#8102=CARTESIAN_POINT('',(0.00428997653618768,-0.0039240263867458,-0.00286922818769147));
#8103=CARTESIAN_POINT('',(0.00421445532523441,-0.00418511740903319,-0.00281859478196746));
#8104=CARTESIAN_POINT('',(0.00413820011241263,-0.00444580740044243,-0.00276762467123905));
#8105=CARTESIAN_POINT('',(0.00406753879658779,-0.00468808362060494,-0.00272035747403958));
#8106=CARTESIAN_POINT('',(0.00402224093258018,-0.00484337208818321,-0.00269005793642197));
#8107=CARTESIAN_POINT('',(0.00400230328525597,-0.00491172059468424,-0.00267672179111986));
#8108=CARTESIAN_POINT('',(0.00495704807205964,-0.00205168505159328,-0.0032781155583948));
#8109=CARTESIAN_POINT('',(0.00494850837626673,-0.00208034131435886,-0.0032724576234886));
#8110=CARTESIAN_POINT('',(0.00491433615231365,-0.00219583972010494,-0.00324973040969081));
#8111=CARTESIAN_POINT('',(0.00485682876123447,-0.00239899105653847,-0.00321056551749212));
#8112=CARTESIAN_POINT('',(0.00476461112851185,-0.00265411040564398,-0.00315513985508166));
#8113=CARTESIAN_POINT('',(0.00474055321441064,-0.0029332890452599,-0.0031184819873454));
#8114=CARTESIAN_POINT('',(0.00466153437588271,-0.00319312872318896,-0.00306668462664482));
#8115=CARTESIAN_POINT('',(0.0045313916291693,-0.00343468975646637,-0.00300082175793629));
#8116=CARTESIAN_POINT('',(0.00446759311923977,-0.00369987583507263,-0.0029532179314554));
#8117=CARTESIAN_POINT('',(0.00438601144333055,-0.00395874812751921,-0.00290071846385215));
#8118=CARTESIAN_POINT('',(0.00430918907697508,-0.00421931763522715,-0.00284953232374478));
#8119=CARTESIAN_POINT('',(0.0042311198816001,-0.00447934891070567,-0.0027980039340237));
#8120=CARTESIAN_POINT('',(0.00415890310017697,-0.00472103283951253,-0.0027502203784917));
#8121=CARTESIAN_POINT('',(0.00411259093581703,-0.00487596752961504,-0.00271958800946885));
#8122=CARTESIAN_POINT('',(0.00409220613807637,-0.00494416139596997,-0.002706105294697));
#8123=CARTESIAN_POINT('',(0.00503562225679074,-0.00207918397054084,-0.00329751380887638));
#8124=CARTESIAN_POINT('',(0.00502694694780226,-0.00210779192590281,-0.0032918201961738));
#8125=CARTESIAN_POINT('',(0.0049922284209111,-0.00222309541441714,-0.00326893143270733));
#8126=CARTESIAN_POINT('',(0.00493376311043847,-0.00242590164170819,-0.00322929550988388));
#8127=CARTESIAN_POINT('',(0.00484029579372625,-0.00268068249628952,-0.00317470870331679));
#8128=CARTESIAN_POINT('',(0.0048150638957714,-0.00295907382330817,-0.00313347623505188));
#8129=CARTESIAN_POINT('',(0.00473483333533466,-0.0032184389415216,-0.00308147859032866));
#8130=CARTESIAN_POINT('',(0.00460333633008307,-0.00346006476913283,-0.00301944368569818));
#8131=CARTESIAN_POINT('',(0.00453833295150828,-0.00372469944588642,-0.00297042714124002));
#8132=CARTESIAN_POINT('',(0.00445550797260941,-0.00398317811534715,-0.00291791971218478));
#8133=CARTESIAN_POINT('',(0.00437746058509649,-0.00424328378481603,-0.00286635279370434));
#8134=CARTESIAN_POINT('',(0.00429812943917628,-0.00450298147330341,-0.00281453005325879));
#8135=CARTESIAN_POINT('',(0.00422476107968834,-0.00474427620104979,-0.00276645729719357));
#8136=CARTESIAN_POINT('',(0.00417772559164504,-0.00489892766913185,-0.00273564610636499));
#8137=CARTESIAN_POINT('',(0.00415702304356284,-0.0049669954798185,-0.00272208495620744));
#8138=CARTESIAN_POINT('',(0.00528811034147159,-0.002166217067433,-0.0033421436775665));
#8139=CARTESIAN_POINT('',(0.00527899251081344,-0.00219467407928939,-0.00333636805908652));
#8140=CARTESIAN_POINT('',(0.0052424482503454,-0.00230935065123195,-0.00331311200878671));
#8141=CARTESIAN_POINT('',(0.00518032778681686,-0.00251085898052877,-0.00327244301505153));
#8142=CARTESIAN_POINT('',(0.00508572113559141,-0.00276540838050571,-0.00321955252730281));
#8143=CARTESIAN_POINT('',(0.00504596248969556,-0.00303822051071858,-0.0031686624094071));
#8144=CARTESIAN_POINT('',(0.0049619976593516,-0.00329629545146278,-0.00311615902016491));
#8145=CARTESIAN_POINT('',(0.00483679964198001,-0.00354072379320097,-0.00306214382576018));
#8146=CARTESIAN_POINT('',(0.00476507931414077,-0.00380288287389979,-0.00301009003310569));
#8147=CARTESIAN_POINT('',(0.00467902961660593,-0.00406028402094201,-0.00295750989370472));
#8148=CARTESIAN_POINT('',(0.00459681657888107,-0.00431895821518852,-0.00290507321531123));
#8149=CARTESIAN_POINT('',(0.00451356857093611,-0.00457732816353668,-0.00285259282526908));
#8150=CARTESIAN_POINT('',(0.00443651593092538,-0.00481731174257386,-0.00280386525373966));
#8151=CARTESIAN_POINT('',(0.00438710882190513,-0.00497118786230808,-0.00277262807650491));
#8152=CARTESIAN_POINT('',(0.00436536201018146,-0.005038917106402,-0.00275887917303739));
#8153=CARTESIAN_POINT('',(0.00547570902895595,-0.00222945791182858,-0.00335120750680474));
#8154=CARTESIAN_POINT('',(0.00546625265269805,-0.00225779981758614,-0.00334541519930641));
#8155=CARTESIAN_POINT('',(0.00542822822406622,-0.00237197486335147,-0.00332208321416988));
#8156=CARTESIAN_POINT('',(0.00536228655600906,-0.0025722052765174,-0.00328118938099364));
#8157=CARTESIAN_POINT('',(0.00527224366511092,-0.00282823582411527,-0.00322871675625231));
#8158=CARTESIAN_POINT('',(0.00520149580800281,-0.00309081236820425,-0.0031755909968552));
#8159=CARTESIAN_POINT('',(0.00511520542234519,-0.00334812301511538,-0.00312298991816177));
#8160=CARTESIAN_POINT('',(0.00501438384556526,-0.00360048106025111,-0.00307088506136898));
#8161=CARTESIAN_POINT('',(0.00493239858157126,-0.003859249342203,-0.00301813887107128));
#8162=CARTESIAN_POINT('',(0.00484536430067209,-0.00411630146451496,-0.00296556416023865));
#8163=CARTESIAN_POINT('',(0.00475968474636252,-0.00437380715425654,-0.00291294501294128));
#8164=CARTESIAN_POINT('',(0.0046736418771751,-0.00463119416755226,-0.00286033684572317));
#8165=CARTESIAN_POINT('',(0.00459381835042104,-0.00487026158484432,-0.00281147620601863));
#8166=CARTESIAN_POINT('',(0.00454264726344177,-0.00502353765331192,-0.0027801502141046));
#8167=CARTESIAN_POINT('',(0.00452012455502439,-0.0050910022598836,-0.00276636207385558));
#8168=CARTESIAN_POINT('',(0.00584728806677226,-0.00235565523234974,-0.00333883537133736));
#8169=CARTESIAN_POINT('',(0.00583717358554752,-0.0023837742636638,-0.00333306479903843));
#8170=CARTESIAN_POINT('',(0.00579636845211136,-0.00249700705526376,-0.00330982482416097));
#8171=CARTESIAN_POINT('',(0.0057241858240038,-0.00269511728791412,-0.00326913922492557));
#8172=CARTESIAN_POINT('',(0.00563669800853999,-0.00295201570843087,-0.00321657544214845));
#8173=CARTESIAN_POINT('',(0.00552882208899567,-0.00320198617947863,-0.00316470370435643));
#8174=CARTESIAN_POINT('',(0.00543736388326824,-0.00345754527529592,-0.00311227291330739));
#8175=CARTESIAN_POINT('',(0.00536127698203031,-0.00371828953607869,-0.0030593271992369));
#8176=CARTESIAN_POINT('',(0.0052652714651175,-0.00397230002746778,-0.00300705136105897));
#8177=CARTESIAN_POINT('',(0.00517460293470974,-0.00422812047451584,-0.00295459506405779));
#8178=CARTESIAN_POINT('',(0.00508251231321882,-0.00448343688751212,-0.00290219055453337));
#8179=CARTESIAN_POINT('',(0.00499079383773357,-0.00473890558601243,-0.0028497690872505));
#8180=CARTESIAN_POINT('',(0.00490552543568897,-0.00497613396622226,-0.00280108745702791));
#8181=CARTESIAN_POINT('',(0.00485085694011386,-0.00512820606039799,-0.0027698796492495));
#8182=CARTESIAN_POINT('',(0.00482679457593589,-0.00519513970568325,-0.00275614366923804));
#8183=CARTESIAN_POINT('',(0.00601505229159695,-0.00241282197382895,-0.00331787602279021));
#8184=CARTESIAN_POINT('',(0.00600464798101364,-0.0024408406892308,-0.00331214325656746));
#8185=CARTESIAN_POINT('',(0.00596267683353459,-0.00255367026037471,-0.00328906520927308));
#8186=CARTESIAN_POINT('',(0.00588846578379587,-0.00275108285031857,-0.00324876497722799));
#8187=CARTESIAN_POINT('',(0.00579826655754379,-0.0030070899041517,-0.00319589586370671));
#8188=CARTESIAN_POINT('',(0.0056880253287023,-0.00325615517713591,-0.00314672304908545));
#8189=CARTESIAN_POINT('',(0.00559393581563565,-0.00351082986587077,-0.00309456791158147));
#8190=CARTESIAN_POINT('',(0.00551489236566708,-0.00377063290540703,-0.00303965579652242));
#8191=CARTESIAN_POINT('',(0.00541634168526054,-0.0040237579561737,-0.00298832451287423));
#8192=CARTESIAN_POINT('',(0.00532301900441318,-0.00427867817407721,-0.00293603233790793));
#8193=CARTESIAN_POINT('',(0.00522828782654762,-0.00453309778500235,-0.00288400297179279));
#8194=CARTESIAN_POINT('',(0.00513393351294414,-0.00478767530914648,-0.00283189811731602));
#8195=CARTESIAN_POINT('',(0.00504623154565895,-0.00502406397169871,-0.00278352414155171));
#8196=CARTESIAN_POINT('',(0.00499000013880103,-0.00517561074623852,-0.00275251281878393));
#8197=CARTESIAN_POINT('',(0.00496524974793764,-0.00524231371239701,-0.00273886329015077));
#8198=CARTESIAN_POINT('',(0.00626471971893183,-0.00249899961104701,-0.00327184199386878));
#8199=CARTESIAN_POINT('',(0.00625389592220631,-0.00252687550567854,-0.0032661861166727));
#8200=CARTESIAN_POINT('',(0.00621033387021911,-0.00263916287041537,-0.00324339979336021));
#8201=CARTESIAN_POINT('',(0.00613437549029075,-0.00283597370393681,-0.00320342133113215));
#8202=CARTESIAN_POINT('',(0.00603388265522267,-0.00308841612824227,-0.00315245063505673));
#8203=CARTESIAN_POINT('',(0.00594353023032576,-0.00334436320555099,-0.00309961164328773));
#8204=CARTESIAN_POINT('',(0.00584500490042709,-0.00359747905857525,-0.00304827945848989));
#8205=CARTESIAN_POINT('',(0.00573887002788645,-0.00384799677415943,-0.00299834378017843));
#8206=CARTESIAN_POINT('',(0.00564260185903218,-0.00410189529641473,-0.00294659534568761));
#8207=CARTESIAN_POINT('',(0.0055436900581347,-0.00435488364018727,-0.00289533340192192));
#8208=CARTESIAN_POINT('',(0.00544549139260396,-0.00460812452923149,-0.00284393919122066));
#8209=CARTESIAN_POINT('',(0.00534710210899424,-0.00486128401391591,-0.00279258280589529));
#8210=CARTESIAN_POINT('',(0.0052557653291189,-0.00509641450965026,-0.00274487955001908));
#8211=CARTESIAN_POINT('',(0.00519720437880866,-0.00524717812313197,-0.00271429297485283));
#8212=CARTESIAN_POINT('',(0.00517142867388977,-0.00531353735354452,-0.00270083018065628));
#8213=CARTESIAN_POINT('',(0.00634782316361335,-0.00252784966439974,-0.00325322848255759));
#8214=CARTESIAN_POINT('',(0.00633686129671068,-0.00255567897486148,-0.00324760337831056));
#8215=CARTESIAN_POINT('',(0.00629278941988435,-0.00266779512120202,-0.00322493148888526));
#8216=CARTESIAN_POINT('',(0.00621642556819875,-0.00286447890488049,-0.0031850532838293));
#8217=CARTESIAN_POINT('',(0.00611164823745676,-0.00311536559355971,-0.00313499636340929));
#8218=CARTESIAN_POINT('',(0.00603114280527427,-0.00337492976972499,-0.00308013533213976));
#8219=CARTESIAN_POINT('',(0.00593107615194325,-0.00362749880283541,-0.00302914566042114));
#8220=CARTESIAN_POINT('',(0.00581277621065936,-0.00387364432872737,-0.00298174825240191));
#8221=CARTESIAN_POINT('',(0.00571811120537274,-0.00412814179950996,-0.00292969019856418));
#8222=CARTESIAN_POINT('',(0.00561711500006431,-0.00438039133238785,-0.00287888261598463));
#8223=CARTESIAN_POINT('',(0.00551781915487756,-0.00463326676116049,-0.00282773546279348));
#8224=CARTESIAN_POINT('',(0.00541807678369359,-0.00488593078267415,-0.00277668665763242));
#8225=CARTESIAN_POINT('',(0.00532553290663632,-0.00512065482040054,-0.0027292508850602));
#8226=CARTESIAN_POINT('',(0.00526619482883249,-0.0052711527690765,-0.00269883756294654));
#8227=CARTESIAN_POINT('',(0.00524007693768336,-0.00533739485699654,-0.00268545109906804));
#8228=CARTESIAN_POINT('',(0.00651956205694437,-0.00258803385475688,-0.00320965706923002));
#8229=CARTESIAN_POINT('',(0.00650829880620717,-0.00261575699020941,-0.00320410815139163));
#8230=CARTESIAN_POINT('',(0.00646297441497202,-0.00272743228703244,-0.00318174945383841));
#8231=CARTESIAN_POINT('',(0.0063840096194369,-0.00292320470505165,-0.00314248660031606));
#8232=CARTESIAN_POINT('',(0.00627902072112617,-0.00317401396173271,-0.00309270288637203));
#8233=CARTESIAN_POINT('',(0.00618654319413214,-0.00342939100217616,-0.00304005968420852));
#8234=CARTESIAN_POINT('',(0.00608393678326356,-0.00368109951284743,-0.0029897250859079));
#8235=CARTESIAN_POINT('',(0.00597203739261212,-0.00392942238651078,-0.00294151513597864));
#8236=CARTESIAN_POINT('',(0.00587224184414938,-0.0041821346551614,-0.00289054279277206));
#8237=CARTESIAN_POINT('',(0.00576919986265194,-0.00443367348547274,-0.00284031006977164));
#8238=CARTESIAN_POINT('',(0.00566704788510551,-0.00468551503846433,-0.00278987998947468));
#8239=CARTESIAN_POINT('',(0.00556464776460756,-0.00493727455784502,-0.00273950312854842));
#8240=CARTESIAN_POINT('',(0.00546958752748027,-0.00517111949454794,-0.00269270466044454));
#8241=CARTESIAN_POINT('',(0.00540865312359349,-0.00532103563150748,-0.00266270178858419));
#8242=CARTESIAN_POINT('',(0.00538183331276846,-0.00538702088138316,-0.00264949606130125));
#8243=CARTESIAN_POINT('',(0.00660824473818497,-0.00261947092254336,-0.00318458695992915));
#8244=CARTESIAN_POINT('',(0.0065968251581317,-0.00264713553586889,-0.00317908264556798));
#8245=CARTESIAN_POINT('',(0.00655083831830519,-0.00275856438306008,-0.00315691013180708));
#8246=CARTESIAN_POINT('',(0.0064703675850386,-0.00295379196063365,-0.00311804224699759));
#8247=CARTESIAN_POINT('',(0.00636606884190701,-0.00320490120350088,-0.00306821460722199));
#8248=CARTESIAN_POINT('',(0.00626439331644143,-0.00345689676407285,-0.00301758679807381));
#8249=CARTESIAN_POINT('',(0.00616054102522111,-0.00370824287562222,-0.00296760032178869));
#8250=CARTESIAN_POINT('',(0.00605490517945925,-0.00395871533820224,-0.00291823033225456));
#8251=CARTESIAN_POINT('',(0.0059516701512758,-0.00421021943499361,-0.00286806886384892));
#8252=CARTESIAN_POINT('',(0.00584778204440205,-0.00446146847685294,-0.00281811574466594));
#8253=CARTESIAN_POINT('',(0.00574410388784806,-0.00471272863787951,-0.00276811493410481));
#8254=CARTESIAN_POINT('',(0.00564033030736505,-0.00496406396628368,-0.00271811379798506));
#8255=CARTESIAN_POINT('',(0.00554397192941878,-0.00519744758914468,-0.00267168337496549));
#8256=CARTESIAN_POINT('',(0.00548222248048006,-0.00534703070088804,-0.00264192141523518));
#8257=CARTESIAN_POINT('',(0.00545504464108883,-0.00541286782637467,-0.00262882193037281));
#8258=CARTESIAN_POINT('',(0.00670487609722671,-0.00265332813733117,-0.00315477819297661));
#8259=CARTESIAN_POINT('',(0.00669328958893051,-0.00268093011853511,-0.00314932644470547));
#8260=CARTESIAN_POINT('',(0.00664662143434461,-0.00279210550902396,-0.00312736791265416));
#8261=CARTESIAN_POINT('',(0.0065648626929215,-0.00298687654721037,-0.00308889867176565));
#8262=CARTESIAN_POINT('',(0.00645957948845957,-0.00323769194115919,-0.00303936160353279));
#8263=CARTESIAN_POINT('',(0.00635432585537997,-0.00348843407485003,-0.00298983752986047));
#8264=CARTESIAN_POINT('',(0.00624907032103088,-0.00373917913618598,-0.00294031210969242));
#8265=CARTESIAN_POINT('',(0.00614384131248727,-0.00398986164357685,-0.00289079933768942));
#8266=CARTESIAN_POINT('',(0.00603858064031554,-0.00424062032345564,-0.00284127189561559));
#8267=CARTESIAN_POINT('',(0.00593331163625675,-0.00449140036652078,-0.00279174105095543));
#8268=CARTESIAN_POINT('',(0.00582807710229573,-0.00474209496536581,-0.00274222511676648));
#8269=CARTESIAN_POINT('',(0.00572276072073036,-0.00499299333335908,-0.00269267397274801));
#8270=CARTESIAN_POINT('',(0.00562503959151115,-0.00522578649332175,-0.00264669245062068));
#8271=CARTESIAN_POINT('',(0.0055623793229218,-0.00537505918004177,-0.0026172092421729));
#8272=CARTESIAN_POINT('',(0.00553479904877764,-0.00544076249389247,-0.00260423207482509));
#8273=CARTESIAN_POINT('',(0.00643254497586781,-0.00330209513981536,-0.00302664122602749));
#8274=CARTESIAN_POINT('',(0.00625619598614245,-0.00300694259470241,-0.00314756467136773));
#8275=CARTESIAN_POINT('',(0.00607837235772487,-0.00270670273662323,-0.00324982379045896));
#8276=CARTESIAN_POINT('',(0.00590559361654987,-0.00239452646004495,-0.00332373346246141));
#8277=CARTESIAN_POINT('',(0.00590559361653424,-0.00239452646005331,-0.00332373346246014));
#8278=CARTESIAN_POINT('',(0.00459754630028744,-0.00508239814014098,-0.0027692156202706));
#8279=CARTESIAN_POINT('',(0.00501327191717753,-0.00494235082165334,-0.00282022025362279));
#8280=CARTESIAN_POINT('',(0.00543606538904682,-0.00480927868115849,-0.00280485071777591));
#8281=CARTESIAN_POINT('',(0.00585485187558215,-0.00467831145351917,-0.00275482365718933));
#8282=CARTESIAN_POINT('',(0.00459754630028744,-0.00508239814014098,-0.0027692156202706));
#8283=CARTESIAN_POINT('',(0.00387453330817281,-0.00484099742722778,-0.00262264393808527));
#8284=CARTESIAN_POINT('',(0.00409676021743339,-0.00492804607676988,-0.00273719433634934));
#8285=CARTESIAN_POINT('',(0.00434714473181846,-0.00500693960416468,-0.00276787360562316));
#8286=CARTESIAN_POINT('',(0.00459754630028744,-0.00508239814014098,-0.0027692156202706));
#8287=CARTESIAN_POINT('',(0.00387453397825847,-0.00484099742722646,-0.0026226429481348));
#8288=CARTESIAN_POINT('',(0.004294051019295,-0.00334839024776154,-0.00290661012673664));
#8289=CARTESIAN_POINT('',(0.00467379871829067,-0.00199729309787753,-0.0031636523883626));
#8290=CARTESIAN_POINT('',(0.0046737987182903,-0.00199729309787884,-0.00316365238836235));
#8291=CARTESIAN_POINT('',(0.00504808752753951,-0.00214389960923827,-0.00335655281323773));
#8292=CARTESIAN_POINT('',(0.0054834398760202,-0.00227261315437292,-0.00336496430083032));
#8293=CARTESIAN_POINT('',(0.00590559361653424,-0.00239452646005331,-0.00332373346246015));
#8294=CARTESIAN_POINT('',(0.00697186815964385,-0.00265323458144541,-0.00251031313686014));
#8295=CARTESIAN_POINT('',(0.00695981159511189,-0.00268085646779879,-0.00250597210685812));
#8296=CARTESIAN_POINT('',(0.00691127472495216,-0.00279205573456045,-0.00248849611511301));
#8297=CARTESIAN_POINT('',(0.00682625579642724,-0.00298683744144352,-0.00245788417854554));
#8298=CARTESIAN_POINT('',(0.0067167959835526,-0.00323761930037682,-0.00241847052957894));
#8299=CARTESIAN_POINT('',(0.00660734022270218,-0.00348838830279405,-0.00237905971279842));
#8300=CARTESIAN_POINT('',(0.00649790545065689,-0.00373910466276433,-0.00233965691264755));
#8301=CARTESIAN_POINT('',(0.00638846604321714,-0.00398983533323358,-0.00230025249546146));
#8302=CARTESIAN_POINT('',(0.0062790136038661,-0.00424059623470041,-0.00226084263760113));
#8303=CARTESIAN_POINT('',(0.00616955547726235,-0.00449137147875896,-0.00222143064695891));
#8304=CARTESIAN_POINT('',(0.00606012512589276,-0.00474207909163885,-0.00218202940729071));
#8305=CARTESIAN_POINT('',(0.00595063996538449,-0.00499292251663129,-0.00214260649408236));
#8306=CARTESIAN_POINT('',(0.00584924942785191,-0.00522520728952457,-0.00210610030762886));
#8307=CARTESIAN_POINT('',(0.00578430566060352,-0.00537399765539418,-0.00208271647358327));
#8308=CARTESIAN_POINT('',(0.00575584825685911,-0.00543919560846159,-0.00207247000046344));
#8309=CARTESIAN_POINT('',(0.00687830085501619,-0.00258623929985604,-0.00233329025405295));
#8310=CARTESIAN_POINT('',(0.00686640575521083,-0.00261398001812156,-0.00232925584101738));
#8311=CARTESIAN_POINT('',(0.00681851832214336,-0.0027256573032926,-0.00231301332786422));
#8312=CARTESIAN_POINT('',(0.00673463084523081,-0.00292127242013999,-0.00228455263755839));
#8313=CARTESIAN_POINT('',(0.00662663202599673,-0.00317308430114312,-0.00224790134352263));
#8314=CARTESIAN_POINT('',(0.00651866297460642,-0.00342487640445088,-0.00221128198859314));
#8315=CARTESIAN_POINT('',(0.00641058159968081,-0.00367687422683675,-0.00217458707614286));
#8316=CARTESIAN_POINT('',(0.00630273060993249,-0.00392844494404977,-0.00213804410688497));
#8317=CARTESIAN_POINT('',(0.00619470711240125,-0.00418032704759383,-0.0021013847582676));
#8318=CARTESIAN_POINT('',(0.00608673371892105,-0.00443212495738897,-0.00206476261246578));
#8319=CARTESIAN_POINT('',(0.00597874004025144,-0.00468393707967441,-0.00202811492200625));
#8320=CARTESIAN_POINT('',(0.00587086442988405,-0.00493560923435141,-0.00199158585085518));
#8321=CARTESIAN_POINT('',(0.00577065312308859,-0.00516916141693022,-0.00195751155092785));
#8322=CARTESIAN_POINT('',(0.00570662420909071,-0.00531850721034393,-0.00193581054191421));
#8323=CARTESIAN_POINT('',(0.00567857441835985,-0.00538393771432388,-0.00192630674306485));
#8324=CARTESIAN_POINT('',(0.00679281340912411,-0.00252852284850548,-0.00218795416260692));
#8325=CARTESIAN_POINT('',(0.00678106499218445,-0.00255636613905695,-0.0021841705333364));
#8326=CARTESIAN_POINT('',(0.00673376890072468,-0.00266845490176763,-0.00216893825268552));
#8327=CARTESIAN_POINT('',(0.00665092599324241,-0.00286477546168473,-0.0021422538261161));
#8328=CARTESIAN_POINT('',(0.00654428588965823,-0.00311746767613004,-0.00210789674794874));
#8329=CARTESIAN_POINT('',(0.00643764724271313,-0.00337020294329026,-0.00207355627505966));
#8330=CARTESIAN_POINT('',(0.00633100065716533,-0.00362288928250872,-0.00203918954982166));
#8331=CARTESIAN_POINT('',(0.00622436419729977,-0.00387568937109068,-0.002004872194733));
#8332=CARTESIAN_POINT('',(0.00611771915460448,-0.00412839169373995,-0.00197051254007685));
#8333=CARTESIAN_POINT('',(0.00601108184900089,-0.00438111740865187,-0.00193617068018545));
#8334=CARTESIAN_POINT('',(0.00590443307330727,-0.00463383110677259,-0.00190180823491366));
#8335=CARTESIAN_POINT('',(0.00579782818352932,-0.00488658659133309,-0.00186752153644057));
#8336=CARTESIAN_POINT('',(0.00569899140817496,-0.0051206985173109,-0.00183564412243032));
#8337=CARTESIAN_POINT('',(0.00563571856644174,-0.00527066665463787,-0.00181527160521645));
#8338=CARTESIAN_POINT('',(0.00560799482285696,-0.00533638100339227,-0.0018063466085992));
#8339=CARTESIAN_POINT('',(0.00659926698340936,-0.00241269317655379,-0.0019071557636028));
#8340=CARTESIAN_POINT('',(0.00658785286673796,-0.0024407343846446,-0.0019038565453592));
#8341=CARTESIAN_POINT('',(0.00654190304007148,-0.00255362115700833,-0.00189057536111399));
#8342=CARTESIAN_POINT('',(0.00646142305041489,-0.0027513526054668,-0.00186731878760954));
#8343=CARTESIAN_POINT('',(0.00635783190134721,-0.00300587366964953,-0.00183738814031317));
#8344=CARTESIAN_POINT('',(0.0062542245877794,-0.00326042746370331,-0.00180744680209763));
#8345=CARTESIAN_POINT('',(0.00615063009674252,-0.00351497747739659,-0.00177752212344994));
#8346=CARTESIAN_POINT('',(0.0060470102864789,-0.0037694743032193,-0.00174754628320909));
#8347=CARTESIAN_POINT('',(0.00594341170429018,-0.00402402007350703,-0.00171761455590527));
#8348=CARTESIAN_POINT('',(0.00583980867704095,-0.00427855709269262,-0.00168767377072551));
#8349=CARTESIAN_POINT('',(0.00573619654445851,-0.00453308328037554,-0.00165771894451737));
#8350=CARTESIAN_POINT('',(0.00563262858278984,-0.00478762918112212,-0.00162782065010494));
#8351=CARTESIAN_POINT('',(0.00553664168394274,-0.00502350617827212,-0.00160010208043717));
#8352=CARTESIAN_POINT('',(0.0054751657575183,-0.00517452317912169,-0.00158232801198597));
#8353=CARTESIAN_POINT('',(0.00544822819123406,-0.00524069367280702,-0.00157453885422777));
#8354=CARTESIAN_POINT('',(0.00648749643057186,-0.00235157978746204,-0.00176512169929946));
#8355=CARTESIAN_POINT('',(0.00647627538165698,-0.00237972594880234,-0.00176206781332767));
#8356=CARTESIAN_POINT('',(0.00643109511492654,-0.00249303164106178,-0.00174976597165726));
#8357=CARTESIAN_POINT('',(0.00635188217204245,-0.00269145899970337,-0.0017281373575773));
#8358=CARTESIAN_POINT('',(0.00625049604004571,-0.00294719925302962,-0.0017009224447797));
#8359=CARTESIAN_POINT('',(0.00614691111363972,-0.00320181322133709,-0.00167135033316603));
#8360=CARTESIAN_POINT('',(0.00604553426093292,-0.00345755460397056,-0.00164414510519415));
#8361=CARTESIAN_POINT('',(0.00594363945954793,-0.00371301170856582,-0.00161637948419893));
#8362=CARTESIAN_POINT('',(0.005841594368606,-0.00396841405545998,-0.00158845803752011));
#8363=CARTESIAN_POINT('',(0.00574069136974391,-0.00422438356780155,-0.00156175880481759));
#8364=CARTESIAN_POINT('',(0.00563536679021705,-0.00447813725804398,-0.0015303226562893));
#8365=CARTESIAN_POINT('',(0.00554660664723646,-0.00474014780997503,-0.00151662141434415));
#8366=CARTESIAN_POINT('',(0.00544888517652399,-0.0049752405096297,-0.0014873624951021));
#8367=CARTESIAN_POINT('',(0.00538854227434489,-0.00512686100716339,-0.00147100946333316));
#8368=CARTESIAN_POINT('',(0.00536219596748204,-0.00519334265357502,-0.00146394467823047));
#8369=CARTESIAN_POINT('',(0.00628780287469525,-0.00225235487504142,-0.00155154653790838));
#8370=CARTESIAN_POINT('',(0.00627692872141532,-0.00228067378655761,-0.00154886384993));
#8371=CARTESIAN_POINT('',(0.00623315700046792,-0.00239468080771681,-0.00153806918813348));
#8372=CARTESIAN_POINT('',(0.00615653798161437,-0.00259439854493866,-0.00151921567982006));
#8373=CARTESIAN_POINT('',(0.00605751745975417,-0.00285129786106309,-0.00149452911168849));
#8374=CARTESIAN_POINT('',(0.0059599538947962,-0.00310892170115224,-0.00147139943060914));
#8375=CARTESIAN_POINT('',(0.00586092446514857,-0.00336582759899003,-0.00144670601426659));
#8376=CARTESIAN_POINT('',(0.00576225349512084,-0.00362288394990567,-0.00142238881982987));
#8377=CARTESIAN_POINT('',(0.00566366244919802,-0.00388000385094619,-0.00139816306884959));
#8378=CARTESIAN_POINT('',(0.00556434566223645,-0.00413676002742305,-0.00137315982905942));
#8379=CARTESIAN_POINT('',(0.00546785479515377,-0.00439490665206647,-0.00135117764681505));
#8380=CARTESIAN_POINT('',(0.00536079799644578,-0.00464781866945273,-0.00131789070503305));
#8381=CARTESIAN_POINT('',(0.00527145889742864,-0.00488707037183401,-0.00129760107601117));
#8382=CARTESIAN_POINT('',(0.00521283963039238,-0.00503955617395684,-0.00128309375684028));
#8383=CARTESIAN_POINT('',(0.00518709461544462,-0.0051063410122743,-0.00127667303360065));
#8384=CARTESIAN_POINT('',(0.00620512983752231,-0.00221354369391922,-0.00147223091975886));
#8385=CARTESIAN_POINT('',(0.00619440073960359,-0.00224192968212967,-0.00146968693635814));
#8386=CARTESIAN_POINT('',(0.00615122571469266,-0.0023562128470451,-0.00145946081811451));
#8387=CARTESIAN_POINT('',(0.00607578604672291,-0.00255647862873382,-0.00144171011384737));
#8388=CARTESIAN_POINT('',(0.00597723043099246,-0.00281362956149418,-0.00141760802846253));
#8389=CARTESIAN_POINT('',(0.00588407651270776,-0.00307320815613116,-0.00139819103496161));
#8390=CARTESIAN_POINT('',(0.00578549262271377,-0.00333036223705048,-0.00137406997632876));
#8391=CARTESIAN_POINT('',(0.00568823640616625,-0.00358806310887276,-0.00135107565887716));
#8392=CARTESIAN_POINT('',(0.00559111796943383,-0.00384587780340726,-0.00132827304288263));
#8393=CARTESIAN_POINT('',(0.00549210877153709,-0.00410279130880434,-0.00130358373788299));
#8394=CARTESIAN_POINT('',(0.00540052688537663,-0.00436319234731028,-0.00128625053615643));
#8395=CARTESIAN_POINT('',(0.00528113886864036,-0.00461051519546859,-0.00124138341766123));
#8396=CARTESIAN_POINT('',(0.00519646929909411,-0.00485189282776781,-0.00122551339547383));
#8397=CARTESIAN_POINT('',(0.0051385288877832,-0.00500470998462429,-0.00121166348962754));
#8398=CARTESIAN_POINT('',(0.00511298367824336,-0.00507159649708666,-0.00120543903194631));
#8399=CARTESIAN_POINT('',(0.00603399380080541,-0.00213767495128991,-0.0013284546118914));
#8400=CARTESIAN_POINT('',(0.00602355772043282,-0.00216619307985692,-0.00132615690925116));
#8401=CARTESIAN_POINT('',(0.00598154438663939,-0.00228099886122432,-0.00131690627165494));
#8402=CARTESIAN_POINT('',(0.00590795075367353,-0.00248208160642037,-0.00130069587011569));
#8403=CARTESIAN_POINT('',(0.00581326095549622,-0.00274095720712974,-0.00127989136814227));
#8404=CARTESIAN_POINT('',(0.00571839318123535,-0.00299971851870851,-0.00125884540076039));
#8405=CARTESIAN_POINT('',(0.00562375195843567,-0.0032586054441106,-0.00123808216919081));
#8406=CARTESIAN_POINT('',(0.00552882233032817,-0.00351741849560492,-0.00121706103197767));
#8407=CARTESIAN_POINT('',(0.00543479351524589,-0.00377656771112392,-0.00119678643832456));
#8408=CARTESIAN_POINT('',(0.00533747323879335,-0.00403429802386895,-0.00117378518726073));
#8409=CARTESIAN_POINT('',(0.00525241731539676,-0.00429736630540372,-0.00116094325771973));
#8410=CARTESIAN_POINT('',(0.00512159209283619,-0.0045405225725937,-0.00111018838969091));
#8411=CARTESIAN_POINT('',(0.00504309483483424,-0.00478437877700097,-0.00109854822143834));
#8412=CARTESIAN_POINT('',(0.00498669217324852,-0.00493790106944954,-0.00108601350630322));
#8413=CARTESIAN_POINT('',(0.00496171874442966,-0.00500505928843051,-0.00108030645940091));
#8414=CARTESIAN_POINT('',(0.00594758036721024,-0.00210143784498277,-0.00126455935437117));
#8415=CARTESIAN_POINT('',(0.00593729463765418,-0.00213001826520044,-0.00126237244227338));
#8416=CARTESIAN_POINT('',(0.00589589416174335,-0.00224507870403771,-0.00125357081793016));
#8417=CARTESIAN_POINT('',(0.00582345388016778,-0.00244664844580781,-0.0012381784875695));
#8418=CARTESIAN_POINT('',(0.00572961498083041,-0.00270588561497802,-0.00121817708214006));
#8419=CARTESIAN_POINT('',(0.00563799789060054,-0.00296597425080796,-0.00119888582615349));
#8420=CARTESIAN_POINT('',(0.00554420845512838,-0.00322522184697069,-0.00117892467695009));
#8421=CARTESIAN_POINT('',(0.00545067591265045,-0.00348461916239818,-0.00115892338519886));
#8422=CARTESIAN_POINT('',(0.00535818895707449,-0.00374439306070271,-0.00113969832665926));
#8423=CARTESIAN_POINT('',(0.00526135727860698,-0.0040024020721071,-0.001117460633561));
#8424=CARTESIAN_POINT('',(0.00518085133157543,-0.00426712021004161,-0.00110649461963957));
#8425=CARTESIAN_POINT('',(0.0050393963990229,-0.00450673463937353,-0.00105345547333153));
#8426=CARTESIAN_POINT('',(0.00496515208779036,-0.00475235315635779,-0.00104355492751427));
#8427=CARTESIAN_POINT('',(0.00490951228443607,-0.00490610026189867,-0.00103160848353777));
#8428=CARTESIAN_POINT('',(0.00488479028829001,-0.00497331880749965,-0.00102613699081694));
#8429=CARTESIAN_POINT('',(0.00582909038230746,-0.00205418709443867,-0.00119204397055522));
#8430=CARTESIAN_POINT('',(0.00581900717734848,-0.00208284653799951,-0.00118998116675173));
#8431=CARTESIAN_POINT('',(0.00577839828360555,-0.00219821442664076,-0.00118166686028066));
#8432=CARTESIAN_POINT('',(0.00570709459207683,-0.00240021022867179,-0.00116699845150115));
#8433=CARTESIAN_POINT('',(0.00561666434873749,-0.00266082332138989,-0.00114893626310736));
#8434=CARTESIAN_POINT('',(0.00552110081054823,-0.00291936087952438,-0.00112778173031039));
#8435=CARTESIAN_POINT('',(0.00543076186852019,-0.00318003016683265,-0.00110977358994294));
#8436=CARTESIAN_POINT('',(0.0053388256833975,-0.00343994262354454,-0.00109081013871051));
#8437=CARTESIAN_POINT('',(0.0052481683673066,-0.00370044452283113,-0.00107256681886079));
#8438=CARTESIAN_POINT('',(0.00515390829823521,-0.0039595589012382,-0.00105236421894802));
#8439=CARTESIAN_POINT('',(0.00507274772022989,-0.00422373321577998,-0.00103926533255272));
#8440=CARTESIAN_POINT('',(0.0049428499411253,-0.00446888912740197,-0.00099973261328783));
#8441=CARTESIAN_POINT('',(0.00486794792503224,-0.00471385021617401,-0.000987764186427725));
#8442=CARTESIAN_POINT('',(0.00481347986478838,-0.00486811517853231,-0.000976566536767394));
#8443=CARTESIAN_POINT('',(0.00478933859521119,-0.00493560030107284,-0.00097151072806975));
#8444=CARTESIAN_POINT('',(0.00580501309309731,-0.00204468332248631,-0.00117799099698947));
#8445=CARTESIAN_POINT('',(0.00579496983975394,-0.00207335769093377,-0.00117595146839473));
#8446=CARTESIAN_POINT('',(0.00575450661152984,-0.00218877973563293,-0.0011677219877498));
#8447=CARTESIAN_POINT('',(0.00568329829455966,-0.00239080796346423,-0.00115310869182359));
#8448=CARTESIAN_POINT('',(0.00559422367755104,-0.00265196251587331,-0.00113583935440036));
#8449=CARTESIAN_POINT('',(0.00549538159874041,-0.0029091955888309,-0.00111276554026495));
#8450=CARTESIAN_POINT('',(0.00540643108794032,-0.00317043119535805,-0.00109556822361543));
#8451=CARTESIAN_POINT('',(0.00531468793493525,-0.00343038445099882,-0.00107672276008432));
#8452=CARTESIAN_POINT('',(0.00522440980066566,-0.00369103830182699,-0.00105867240190364));
#8453=CARTESIAN_POINT('',(0.00513091828364105,-0.00395047507952389,-0.00103902638167563));
#8454=CARTESIAN_POINT('',(0.00504877706839158,-0.00421419608503538,-0.00102495211845777));
#8455=CARTESIAN_POINT('',(0.00492451703498886,-0.00446180123845729,-0.000990213243189933));
#8456=CARTESIAN_POINT('',(0.00484867179726609,-0.0047062803670696,-0.000977306324080758));
#8457=CARTESIAN_POINT('',(0.00479446810592738,-0.00486067054776002,-0.000966271306192348));
#8458=CARTESIAN_POINT('',(0.00477047936386583,-0.00492822886737072,-0.000961319020179463));
#8459=CARTESIAN_POINT('',(0.00575502291601882,-0.00202515433962274,-0.0011503881718784));
#8460=CARTESIAN_POINT('',(0.00574506648015416,-0.00205386191274918,-0.00114839680286255));
#8461=CARTESIAN_POINT('',(0.00570495520052667,-0.00216941857352248,-0.00114036416970625));
#8462=CARTESIAN_POINT('',(0.00563438908957563,-0.00237169252025984,-0.00112612694368453));
#8463=CARTESIAN_POINT('',(0.00554595421704197,-0.00263308029493845,-0.0011091051439332));
#8464=CARTESIAN_POINT('',(0.00544843319790961,-0.00289087788036891,-0.00108715586179524));
#8465=CARTESIAN_POINT('',(0.00536010352358059,-0.00315235803887608,-0.00107018773213406));
#8466=CARTESIAN_POINT('',(0.00526922536822828,-0.00341262332220323,-0.00105185655584984));
#8467=CARTESIAN_POINT('',(0.00517958809223107,-0.00367352761083289,-0.00103409794504704));
#8468=CARTESIAN_POINT('',(0.00508734774323957,-0.00393347448882687,-0.00101533100882193));
#8469=CARTESIAN_POINT('',(0.0050042448438983,-0.00419671548003727,-0.00100001038692642));
#8470=CARTESIAN_POINT('',(0.00488726064183324,-0.00444755358991809,-0.000971938648247429));
#8471=CARTESIAN_POINT('',(0.00481048401457536,-0.00469151890117694,-0.000957831265347477));
#8472=CARTESIAN_POINT('',(0.00475676920958007,-0.00484612436983389,-0.00094707781139228));
#8473=CARTESIAN_POINT('',(0.00473304053830655,-0.00491380001994288,-0.000942293273390096));
#8474=CARTESIAN_POINT('',(0.0057269830332775,-0.00201432592946738,-0.00113594640854791));
#8475=CARTESIAN_POINT('',(0.00571707874835768,-0.00204305485544549,-0.00113398208301894));
#8476=CARTESIAN_POINT('',(0.00567720975096517,-0.00215870861939715,-0.00112607627083908));
#8477=CARTESIAN_POINT('',(0.00560740859362283,-0.00236127000372681,-0.00111225024844493));
#8478=CARTESIAN_POINT('',(0.00551737060480478,-0.00262201412042932,-0.00109431587110091));
#8479=CARTESIAN_POINT('',(0.00542792639016623,-0.00288298893900519,-0.00107684957614866));
#8480=CARTESIAN_POINT('',(0.00533789871859818,-0.00314379352518717,-0.00105891493353837));
#8481=CARTESIAN_POINT('',(0.00524793966894683,-0.00340443375430542,-0.00104108276151636));
#8482=CARTESIAN_POINT('',(0.00515849728806695,-0.00366541038303837,-0.00102339534653438));
#8483=CARTESIAN_POINT('',(0.00506676072048816,-0.00392554740045455,-0.00100496028694771));
#8484=CARTESIAN_POINT('',(0.00498366467886153,-0.0041887643488024,-0.000989362408225425));
#8485=CARTESIAN_POINT('',(0.00486834417774216,-0.00444038346241725,-0.000963180273481077));
#8486=CARTESIAN_POINT('',(0.00479157012528425,-0.00468432811847076,-0.000948805861184884));
#8487=CARTESIAN_POINT('',(0.0047380808459363,-0.00483902110365663,-0.000938171891661405));
#8488=CARTESIAN_POINT('',(0.00471446045275534,-0.00490673935755641,-0.000933451981147332));
#8489=CARTESIAN_POINT('',(0.00569105586225957,-0.0020007252067139,-0.00111924899717292));
#8490=CARTESIAN_POINT('',(0.00568121903692653,-0.00202948075798052,-0.00111731590448222));
#8491=CARTESIAN_POINT('',(0.00564166526486725,-0.00214525870518813,-0.00110955514076878));
#8492=CARTESIAN_POINT('',(0.00557287599563356,-0.00234821662332015,-0.00109618659665589));
#8493=CARTESIAN_POINT('',(0.00548057514154945,-0.00260809014543703,-0.00107726273564999));
#8494=CARTESIAN_POINT('',(0.0054022824454153,-0.00287325482556252,-0.00106474618403922));
#8495=CARTESIAN_POINT('',(0.00530986963102433,-0.00313315343415251,-0.0010457667842809));
#8496=CARTESIAN_POINT('',(0.0052210821593184,-0.00339426776658102,-0.00102847181236537));
#8497=CARTESIAN_POINT('',(0.00513201720398324,-0.00365538122019714,-0.0010109424781213));
#8498=CARTESIAN_POINT('',(0.00504037238246481,-0.00391556187679852,-0.000992642240722452));
#8499=CARTESIAN_POINT('',(0.00495931732029977,-0.00417949791541786,-0.00097765652517798));
#8500=CARTESIAN_POINT('',(0.00483850292123095,-0.00442928452098722,-0.000950190463932264));
#8501=CARTESIAN_POINT('',(0.00476367180982094,-0.00467393882935468,-0.000936396215734649));
#8502=CARTESIAN_POINT('',(0.00471043755183637,-0.00482871816273364,-0.000925888265171122));
#8503=CARTESIAN_POINT('',(0.00468688711118393,-0.00489645870089144,-0.000921213200934178));
#8504=CARTESIAN_POINT('',(0.00568008838653008,-0.00199662246120069,-0.00111445714409952));
#8505=CARTESIAN_POINT('',(0.00567027103167178,-0.00202538525613571,-0.00111253256762137));
#8506=CARTESIAN_POINT('',(0.00563079886572032,-0.00214119459116291,-0.00110480756362833));
#8507=CARTESIAN_POINT('',(0.00556218648224783,-0.00234423093996337,-0.00109151719771267));
#8508=CARTESIAN_POINT('',(0.00546982729372185,-0.00260407616891479,-0.00107256342341338));
#8509=CARTESIAN_POINT('',(0.00539258103806595,-0.0028696233953839,-0.00106052087642054));
#8510=CARTESIAN_POINT('',(0.00530009941163121,-0.00312949387247891,-0.00104150648571433));
#8511=CARTESIAN_POINT('',(0.00521152683315157,-0.00339069897020061,-0.00102430729928196));
#8512=CARTESIAN_POINT('',(0.00512262845341968,-0.00365187269386044,-0.0010068475674066));
#8513=CARTESIAN_POINT('',(0.00503108436330117,-0.00391209460620917,-0.000988601211485514));
#8514=CARTESIAN_POINT('',(0.00495044335615152,-0.0041761747846597,-0.000973759144203423));
#8515=CARTESIAN_POINT('',(0.00482885000634406,-0.00442572603264214,-0.000946090968170295));
#8516=CARTESIAN_POINT('',(0.00475440796901639,-0.00467052519256405,-0.000932430958179584));
#8517=CARTESIAN_POINT('',(0.00470126957659029,-0.00482533549609401,-0.000921965610214535));
#8518=CARTESIAN_POINT('',(0.00467775466570084,-0.0048930869941182,-0.000917307381482341));
#8519=CARTESIAN_POINT('',(0.00564240237067391,-0.00198268298527203,-0.00109881629369313));
#8520=CARTESIAN_POINT('',(0.00563264488877326,-0.00201146715494856,-0.00109691676076603));
#8521=CARTESIAN_POINT('',(0.00559336824778128,-0.00212735045159958,-0.00108927483370848));
#8522=CARTESIAN_POINT('',(0.00552461903098847,-0.00233038903868106,-0.00107594311802704));
#8523=CARTESIAN_POINT('',(0.0054356774429549,-0.00259146575179364,-0.00105833253972254));
#8524=CARTESIAN_POINT('',(0.00534850896474726,-0.00285336068677852,-0.00104245660207029));
#8525=CARTESIAN_POINT('',(0.00525957308824047,-0.00311451609999561,-0.00102483405748754));
#8526=CARTESIAN_POINT('',(0.00517090904221874,-0.00337572895308784,-0.00100761472332394));
#8527=CARTESIAN_POINT('',(0.00508290719033363,-0.00363722584731895,-0.000990519610325291));
#8528=CARTESIAN_POINT('',(0.0049920170579414,-0.00389770589538082,-0.000972539890722919));
#8529=CARTESIAN_POINT('',(0.00491201151783234,-0.00416199718692518,-0.00095797140397772));
#8530=CARTESIAN_POINT('',(0.00479134995016103,-0.00441206328449892,-0.000930638085012293));
#8531=CARTESIAN_POINT('',(0.00471747557948861,-0.00465706654240229,-0.000917222804212027));
#8532=CARTESIAN_POINT('',(0.00466476000996861,-0.0048120182913335,-0.00090693195645854));
#8533=CARTESIAN_POINT('',(0.00464143287497193,-0.00487983222120401,-0.000902350940605978));
#8534=CARTESIAN_POINT('',(0.00560669766654197,-0.00196978502324526,-0.00108661994571676));
#8535=CARTESIAN_POINT('',(0.00559700003037079,-0.00199858862137201,-0.00108474044847645));
#8536=CARTESIAN_POINT('',(0.00555794395210707,-0.00211454997563978,-0.00107716862592896));
#8537=CARTESIAN_POINT('',(0.00548936662077585,-0.00231772364064602,-0.00106384854475566));
#8538=CARTESIAN_POINT('',(0.00540217560522007,-0.00257941942496613,-0.00104705637079669));
#8539=CARTESIAN_POINT('',(0.00531112856841245,-0.00283991618873171,-0.00102903213231101));
#8540=CARTESIAN_POINT('',(0.0052239920600441,-0.00310168412880793,-0.00101225573103358));
#8541=CARTESIAN_POINT('',(0.00513563900939058,-0.00336307051356352,-0.000995089259983051));
#8542=CARTESIAN_POINT('',(0.00504815972300793,-0.00362474515934567,-0.000978202845989989));
#8543=CARTESIAN_POINT('',(0.00495846670417825,-0.00388566591423454,-0.000960611255247988));
#8544=CARTESIAN_POINT('',(0.00487675419235107,-0.00414932171714655,-0.000945559557915281));
#8545=CARTESIAN_POINT('',(0.00476527251154988,-0.00440297824498436,-0.000921025821299706));
#8546=CARTESIAN_POINT('',(0.00468976391916706,-0.00464729305367326,-0.000907147527831334));
#8547=CARTESIAN_POINT('',(0.00463744768593139,-0.00480240183044241,-0.000896996769785645));
#8548=CARTESIAN_POINT('',(0.00461435661469733,-0.0048703098259032,-0.00089249558293879));
#8549=CARTESIAN_POINT('',(0.00555665866748437,-0.00195305211827213,-0.00107067649098138));
#8550=CARTESIAN_POINT('',(0.0055470490321269,-0.0019818861857874,-0.00106882504605436));
#8551=CARTESIAN_POINT('',(0.00550836007571478,-0.00209797507378207,-0.00106137029039873));
#8552=CARTESIAN_POINT('',(0.00544056116445485,-0.00230142343669743,-0.001048298818447));
#8553=CARTESIAN_POINT('',(0.00535335410894652,-0.00256308135156482,-0.00103150229293006));
#8554=CARTESIAN_POINT('',(0.00526611249492732,-0.00282485898270332,-0.00101469012723982));
#8555=CARTESIAN_POINT('',(0.00517888513167223,-0.00308658573690269,-0.00099788537094988));
#8556=CARTESIAN_POINT('',(0.00509163960868895,-0.00334837804591239,-0.000981071295091019));
#8557=CARTESIAN_POINT('',(0.00500440444359432,-0.00361013244738882,-0.000964262535841836));
#8558=CARTESIAN_POINT('',(0.0049171737317324,-0.00387187139286939,-0.000947455968876408));
#8559=CARTESIAN_POINT('',(0.00482993310860931,-0.00413364530844629,-0.000930643526569579));
#8560=CARTESIAN_POINT('',(0.0047426880990801,-0.00439543274125843,-0.000913831884399805));
#8561=CARTESIAN_POINT('',(0.00466186326350705,-0.00463794927288692,-0.000898259375885024));
#8562=CARTESIAN_POINT('',(0.0046101043428728,-0.00479325602670304,-0.000888286216114844));
#8563=CARTESIAN_POINT('',(0.0045874248468064,-0.0048613077867427,-0.000883916188047657));
#8564=CARTESIAN_POINT('',(0.00652599760202932,-0.00239452646006028,-0.0018260874545608));
#8565=CARTESIAN_POINT('',(0.00659584102257707,-0.00270658983155006,-0.00200057351043716));
#8566=CARTESIAN_POINT('',(0.00664947021279917,-0.00300699521345012,-0.0021981709628425));
#8567=CARTESIAN_POINT('',(0.00668865407369749,-0.00330209366397947,-0.00240833780352167));
#8568=CARTESIAN_POINT('',(0.00652599760202932,-0.00239452646006029,-0.0018260874545608));
#8569=CARTESIAN_POINT('',(0.00652599760202932,-0.00239452646006028,-0.0018260874545608));
#8570=CARTESIAN_POINT('',(0.00625746993592583,-0.00227295432022585,-0.00149914581121491));
#8571=CARTESIAN_POINT('',(0.00594036772641388,-0.00214294531900264,-0.0011952599819974));
#8572=CARTESIAN_POINT('',(0.00554191442662466,-0.00199729302185075,-0.00106783563068809));
#8573=CARTESIAN_POINT('',(0.0055419144266248,-0.00199729302185033,-0.00106783563068812));
#8574=CARTESIAN_POINT('',(0.00561505249297982,-0.00177784180270006,-0.00108192547741767));
#8575=CARTESIAN_POINT('',(0.00558598077129563,-0.00186507069685208,-0.00107632547134053));
#8576=CARTESIAN_POINT('',(0.00552783727595253,-0.00203952864110481,-0.00106512544917451));
#8577=CARTESIAN_POINT('',(0.00544056116445485,-0.00230142343669743,-0.001048298818447));
#8578=CARTESIAN_POINT('',(0.00535335410894652,-0.00256308135156482,-0.00103150229293006));
#8579=CARTESIAN_POINT('',(0.00526611249492732,-0.00282485898270332,-0.00101469012723982));
#8580=CARTESIAN_POINT('',(0.00517888513167223,-0.00308658573690269,-0.00099788537094988));
#8581=CARTESIAN_POINT('',(0.00509163960868895,-0.00334837804591239,-0.000981071295091019));
#8582=CARTESIAN_POINT('',(0.00500440444359432,-0.00361013244738882,-0.000964262535841836));
#8583=CARTESIAN_POINT('',(0.0049171737317324,-0.00387187139286939,-0.000947455968876408));
#8584=CARTESIAN_POINT('',(0.00482993310860931,-0.00413364530844629,-0.000930643526569579));
#8585=CARTESIAN_POINT('',(0.0047426880990801,-0.00439543274125843,-0.000913831884399805));
#8586=CARTESIAN_POINT('',(0.00465546443166317,-0.00465714909549403,-0.000897026513947638));
#8587=CARTESIAN_POINT('',(0.00459730430654692,-0.00483166359979272,-0.000885819831186228));
#8588=CARTESIAN_POINT('',(0.00456822461550213,-0.00491891973718403,-0.000880216561391204));
#8589=CARTESIAN_POINT('',(0.0045941940838736,-0.00484099611856134,-0.00088522052616868));
#8590=CARTESIAN_POINT('',(0.00520910977508218,-0.00508239814014099,-0.00129273449941606));
#8591=CARTESIAN_POINT('',(0.00503250378436489,-0.00500751224268105,-0.00111773763744542));
#8592=CARTESIAN_POINT('',(0.00483117397753435,-0.00492762182127922,-0.00096099230661098));
#8593=CARTESIAN_POINT('',(0.0045941940838736,-0.00484099611856134,-0.00088522052616868));
#8594=CARTESIAN_POINT('',(0.00520910977508219,-0.00508239814014099,-0.00129273449941607));
#8595=CARTESIAN_POINT('',(0.00608795896436679,-0.0046783117832577,-0.00219205106300389));
#8596=CARTESIAN_POINT('',(0.00582720206581657,-0.00480928179596876,-0.00186054021501941));
#8597=CARTESIAN_POINT('',(0.00553899518022313,-0.00494238126546357,-0.00155087344477044));
#8598=CARTESIAN_POINT('',(0.00520910977508219,-0.00508239814014098,-0.00129273449941607));
#8599=CARTESIAN_POINT('',(0.00444881806095331,-0.00315619074539965,-0.000857287880062027));
#8600=CARTESIAN_POINT('',(0.00554192805897807,-0.00199729303301245,-0.00106776489267395));
#8601=CARTESIAN_POINT('',(0.00449525555212788,-0.00162351977528563,-0.000866159170319823));
#8602=CARTESIAN_POINT('',(0.00449528600480942,-0.00162351980041703,-0.00086600115226444));
#8603=CARTESIAN_POINT('',(0.00445520303316504,-0.00178409290167642,-0.000858301856490022));
#8604=CARTESIAN_POINT('',(0.00437657149094965,-0.00208801042278014,-0.000843196250108448));
#8605=CARTESIAN_POINT('',(0.00423793583478849,-0.00260830463733851,-0.000816561028904728));
#8606=CARTESIAN_POINT('',(0.00411062115348322,-0.00307815049548577,-0.000792099581164585));
#8607=CARTESIAN_POINT('',(0.00398573308998322,-0.00353926246812101,-0.00076810440354659));
#8608=CARTESIAN_POINT('',(0.00384735319023023,-0.00405939595606141,-0.0007415184453551));
#8609=CARTESIAN_POINT('',(0.00376821927811338,-0.00436633252618477,-0.000726316500603462));
#8610=CARTESIAN_POINT('',(0.00372719753071564,-0.00453140041487636,-0.000718436996895427));
#8611=CARTESIAN_POINT('',(0.00372724485127518,-0.00453140045380204,-0.000718191450880438));
#8612=CARTESIAN_POINT('',(0.00459412912389663,-0.00484099611319244,-0.000885557513629074));
#8613=CARTESIAN_POINT('',(0.00430515192213182,-0.00473779755877237,-0.000829850673941549));
#8614=CARTESIAN_POINT('',(0.00401617472036649,-0.00463459900435377,-0.000774143834253926));
#8615=CARTESIAN_POINT('',(0.00372719751860019,-0.004531400449938,-0.000718436994566116));
#8616=CARTESIAN_POINT('',(0.003871956048339,-0.00324590715300272,-0.00262090679008691));
#8617=CARTESIAN_POINT('',(0.00314333233286959,-0.00453140470302203,-0.00212784091983311));
#8618=CARTESIAN_POINT('',(0.0033870396122595,-0.00463460227757847,-0.00229281422785761));
#8619=CARTESIAN_POINT('',(0.00363074689164936,-0.00473779985213508,-0.00245778753588208));
#8620=CARTESIAN_POINT('',(0.0038744541710392,-0.00484099742669177,-0.00262276084390653));
#8621=CARTESIAN_POINT('',(0.00314340305281286,-0.00453140470352192,-0.00212773644828698));
#8622=CARTESIAN_POINT('',(0.00314333233594079,-0.00453140469271871,-0.00212784092191092));
#8623=CARTESIAN_POINT('',(0.0031661489982149,-0.00442265011637099,-0.00214327414722257));
#8624=CARTESIAN_POINT('',(0.00320386160618517,-0.00424659137769003,-0.00216878339101555));
#8625=CARTESIAN_POINT('',(0.00325667252130508,-0.004005737029393,-0.00220450588602065));
#8626=CARTESIAN_POINT('',(0.00330644000914221,-0.00378255281661637,-0.00223817012565475));
#8627=CARTESIAN_POINT('',(0.00333078446814015,-0.00367478023172311,-0.00225463760004361));
#8628=CARTESIAN_POINT('',(0.00338280583327891,-0.00344521757651415,-0.00228982681202494));
#8629=CARTESIAN_POINT('',(0.00346668578095765,-0.00307863336963424,-0.00234656673453745));
#8630=CARTESIAN_POINT('',(0.00355271147324024,-0.00270280917512349,-0.0024047581429721));
#8631=CARTESIAN_POINT('',(0.00360438813890727,-0.0024750069412449,-0.00243971421170998));
#8632=CARTESIAN_POINT('',(0.00362758896524924,-0.00237247750538083,-0.00245540810995782));
#8633=CARTESIAN_POINT('',(0.0036777878335552,-0.00214779695857654,-0.00248936419324504));
#8634=CARTESIAN_POINT('',(0.00373056852470979,-0.00190763689960678,-0.00252506630097601));
#8635=CARTESIAN_POINT('',(0.00376833829012972,-0.00173184075417597,-0.00255061426086389));
#8636=CARTESIAN_POINT('',(0.00379114399110433,-0.00162351137391709,-0.00256604011007087));
#8637=CARTESIAN_POINT('',(0.00379108622684164,-0.00162351136507622,-0.00256612544795189));
#8638=CARTESIAN_POINT('',(0.00379114399110636,-0.00162351137380225,-0.00256604011007224));
#8639=CARTESIAN_POINT('',(0.,-0.0014897693055518,0.));
#8640=CARTESIAN_POINT('',(0.,-0.00239452646006029,0.));
#8641=CARTESIAN_POINT('',(0.00379108545050146,-0.00162351136507378,-0.00256612659487157));
#8642=CARTESIAN_POINT('',(0.00364268475748507,-0.00156067621659795,-0.00246569461296603));
#8643=CARTESIAN_POINT('',(0.00344743159822123,-0.00150915221108926,-0.00249548990636696));
#8644=CARTESIAN_POINT('',(0.00332129017805757,-0.00150434225035679,-0.00263255058510292));
#8645=CARTESIAN_POINT('',(0.00421201125952269,-0.00150399582535238,-0.000460303578294537));
#8646=CARTESIAN_POINT('',(0.00419063714446718,-0.00150400625488853,-0.00065616135414225));
#8647=CARTESIAN_POINT('',(0.0043093554488531,-0.00155713275437073,-0.000830337687986067));
#8648=CARTESIAN_POINT('',(0.00449525532035647,-0.001623519775292,-0.000866160373278985));
#8649=CARTESIAN_POINT('',(0.,-0.00442026338698825,0.));
#8650=CARTESIAN_POINT('',(0.,-0.00508239814014098,0.));
#8651=CARTESIAN_POINT('',(0.00372724500455488,-0.00453140045380428,-0.000718190655428098));
#8652=CARTESIAN_POINT('',(0.00357285107834073,-0.00447626414614556,-0.000688432666768157));
#8653=CARTESIAN_POINT('',(0.00347404506162628,-0.00443206403871129,-0.000543766164831442));
#8654=CARTESIAN_POINT('',(0.00349179325451088,-0.00443205722993619,-0.000380874770273824));
#8655=CARTESIAN_POINT('',(0.00273838269045001,-0.00443205721993224,-0.00219976038765745));
#8656=CARTESIAN_POINT('',(0.00284094976416674,-0.00443206548638972,-0.00207211689647555));
#8657=CARTESIAN_POINT('',(0.00301308974470714,-0.00447622572991063,-0.00203953360536596));
#8658=CARTESIAN_POINT('',(0.0031434034849675,-0.00453140470352996,-0.00212773580988575));
#8659=CARTESIAN_POINT('',(0.,-0.00518892865917925,0.));
#8660=CARTESIAN_POINT('',(0.,-0.00370049241102682,0.));
#8661=CARTESIAN_POINT('',(0.00450738066396966,-0.0015747947109595,-0.000868496390182984));
#8662=CARTESIAN_POINT('',(0.0042594977254456,-0.00257392533300342,-0.000820738516972162));
#8663=CARTESIAN_POINT('',(0.00397092412381677,-0.00354845741764031,-0.000765254219643018));
#8664=CARTESIAN_POINT('',(0.00372282797572662,-0.00454919742412573,-0.000717337588499159));
#8665=CARTESIAN_POINT('',(0.00417749126945961,-0.00149129530010503,-0.000804928117658907));
#8666=CARTESIAN_POINT('',(0.00393553722774684,-0.00248852302018793,-0.000758301605241546));
#8667=CARTESIAN_POINT('',(0.00369288721610565,-0.00347453176012093,-0.000711544468136318));
#8668=CARTESIAN_POINT('',(0.00344899860771287,-0.00447987182215382,-0.000664559148586865));
#8669=CARTESIAN_POINT('',(0.00421671320167767,-0.00148478370787987,-0.000461039590437214));
#8670=CARTESIAN_POINT('',(0.00397227208417518,-0.00248500213143634,-0.000419510204746553));
#8671=CARTESIAN_POINT('',(0.00372626230883048,-0.00347271387149131,-0.000420791480194834));
#8672=CARTESIAN_POINT('',(0.00348144013981833,-0.00447442686375514,-0.000379091100524946));
#8673=CARTESIAN_POINT('',(0.00330820631339138,-0.00148219855407217,-0.00265601697129696));
#8674=CARTESIAN_POINT('',(0.00310580171881805,-0.00248310542902196,-0.00251250494937353));
#8675=CARTESIAN_POINT('',(0.00293238776965247,-0.00347215151336303,-0.00233757005807293));
#8676=CARTESIAN_POINT('',(0.00272979194509497,-0.00447449446084022,-0.00219368506058155));
#8677=CARTESIAN_POINT('',(0.00352362944238213,-0.00148870155237759,-0.00238512360738274));
#8678=CARTESIAN_POINT('',(0.00331947205923422,-0.00248647061257364,-0.00224692907000347));
#8679=CARTESIAN_POINT('',(0.00311457415363299,-0.00347377147580983,-0.00210824320584621));
#8680=CARTESIAN_POINT('',(0.00290872617273386,-0.00447988048746974,-0.00196889128140408));
#8681=CARTESIAN_POINT('',(0.00380185163853777,-0.00157220010916921,-0.00257341338916252));
#8682=CARTESIAN_POINT('',(0.00359273484290524,-0.00257202586069751,-0.00243187624550311));
#8683=CARTESIAN_POINT('',(0.00334913923271545,-0.00354805137885724,-0.00226713810317673));
#8684=CARTESIAN_POINT('',(0.00313967423817722,-0.00454920921870325,-0.00212520898323844));
#8685=CARTESIAN_POINT('',(0.00257307389579832,-0.00157483060377253,-0.0038013104798273));
#8686=CARTESIAN_POINT('',(0.00243184616559945,-0.00257189172911016,-0.00359267757093936));
#8687=CARTESIAN_POINT('',(0.00226636247649544,-0.00355123761342522,-0.00334840926459808));
#8688=CARTESIAN_POINT('',(0.00212520932080387,-0.00454914774907838,-0.00313968106884129));
#8689=CARTESIAN_POINT('',(0.00238475721298179,-0.00149133144314263,-0.00352309505774825));
#8690=CARTESIAN_POINT('',(0.00224692373600698,-0.00248650325995734,-0.00331945730277987));
#8691=CARTESIAN_POINT('',(0.00210774030856639,-0.00347733150417657,-0.00311383128558143));
#8692=CARTESIAN_POINT('',(0.00196890281086051,-0.00447982265862518,-0.00290873461102919));
#8693=CARTESIAN_POINT('',(0.00265565612287217,-0.00148481998117773,-0.00330766415034626));
#8694=CARTESIAN_POINT('',(0.0025124586119307,-0.00248297162666895,-0.00310588131052979));
#8695=CARTESIAN_POINT('',(0.00233692786014255,-0.0034754949152345,-0.00293184265327229));
#8696=CARTESIAN_POINT('',(0.00219369872020701,-0.00447437728951453,-0.00272981818315142));
#8697=CARTESIAN_POINT('',(0.00046116701314691,-0.00148225174789032,-0.00421732954066443));
#8698=CARTESIAN_POINT('',(0.000419675930905788,-0.00248010812908592,-0.00397347224401373));
#8699=CARTESIAN_POINT('',(0.000420419852210678,-0.00347623529638508,-0.00372542580332512));
#8700=CARTESIAN_POINT('',(0.000379088633494965,-0.00447442166705048,-0.00348144167260787));
#8701=CARTESIAN_POINT('',(0.000805042692926175,-0.00148875453514989,-0.00417810635726207));
#8702=CARTESIAN_POINT('',(0.000758541358719813,-0.00248348955577531,-0.00393676108791173));
#8703=CARTESIAN_POINT('',(0.000711391405271914,-0.00347788470647665,-0.00369209261011216));
#8704=CARTESIAN_POINT('',(0.00066456698666387,-0.00447980833371141,-0.0034490138275861));
#8705=CARTESIAN_POINT('',(0.000868634131951473,-0.00157225276142816,-0.00450797817456617));
#8706=CARTESIAN_POINT('',(0.000820988663347639,-0.00256902416685723,-0.00426075784821958));
#8707=CARTESIAN_POINT('',(0.000764898017487354,-0.00355213366487069,-0.00397030648565789));
#8708=CARTESIAN_POINT('',(0.000717338570854446,-0.00454913627620441,-0.00372285185140052));
#8709=CARTESIAN_POINT('',(-0.000868492813621706,-0.00157485975273751,-0.00450736208764752));
#8710=CARTESIAN_POINT('',(-0.000820907474379249,-0.00257024012776995,-0.00426037450264635));
#8711=CARTESIAN_POINT('',(-0.000765015619427019,-0.00355349766899103,-0.0039696894908115));
#8712=CARTESIAN_POINT('',(-0.000717341690006991,-0.00454910736152309,-0.00372284921061052));
#8713=CARTESIAN_POINT('',(-0.000804925021738989,-0.00149136079712382,-0.00417747520112061));
#8714=CARTESIAN_POINT('',(-0.000758472223997831,-0.00248486290344544,-0.00393642255421019));
#8715=CARTESIAN_POINT('',(-0.000711307489857002,-0.00347960745391688,-0.00369165708425378));
#8716=CARTESIAN_POINT('',(-0.00066456330079993,-0.00447978269334034,-0.00344902016106353));
#8717=CARTESIAN_POINT('',(-0.000461039068114726,-0.00148484944161917,-0.00421669689458978));
#8718=CARTESIAN_POINT('',(-0.00041969692390089,-0.00248132255751051,-0.00397316759471702));
#8719=CARTESIAN_POINT('',(-0.000420568252013054,-0.00347775569290757,-0.00372503141073063));
#8720=CARTESIAN_POINT('',(-0.000379095841593204,-0.00447433698757881,-0.00348146198412819));
#8721=CARTESIAN_POINT('',(-0.00265600563487119,-0.00148226571035974,-0.00330819410223494));
#8722=CARTESIAN_POINT('',(-0.00251302068225157,-0.00247932138312202,-0.0031065884483682));
#8723=CARTESIAN_POINT('',(-0.0023368402144485,-0.00347730837948534,-0.00293133693807623));
#8724=CARTESIAN_POINT('',(-0.00219369744450103,-0.00447440253867489,-0.00272981116024924));
#8725=CARTESIAN_POINT('',(-0.00238511424345569,-0.00148876844188435,-0.00352361560872417));
#8726=CARTESIAN_POINT('',(-0.00224744877480138,-0.00248270706760832,-0.00332023982683922));
#8727=CARTESIAN_POINT('',(-0.00210752447473071,-0.0034789655133048,-0.00311351248718738));
#8728=CARTESIAN_POINT('',(-0.00196890386029234,-0.0044797893746211,-0.00290874475503268));
#8729=CARTESIAN_POINT('',(-0.00257340260814869,-0.0015722665806003,-0.00380183570637058));
#8730=CARTESIAN_POINT('',(-0.0024323911606528,-0.00256823626042234,-0.00359349556252626));
#8731=CARTESIAN_POINT('',(-0.00226641571973348,-0.00355320633903953,-0.0033480733870284));
#8732=CARTESIAN_POINT('',(-0.0021252214030532,-0.00454911710674121,-0.00313969256685752));
#8733=CARTESIAN_POINT('',(-0.00380130464209377,-0.00157485483027763,-0.00257306994305441));
#8734=CARTESIAN_POINT('',(-0.00359295298531739,-0.0025705190432241,-0.00243203258358449));
#8735=CARTESIAN_POINT('',(-0.0033480210110036,-0.00355311590881143,-0.00226609998323883));
#8736=CARTESIAN_POINT('',(-0.00313968774054894,-0.00454911418405078,-0.00212521383241428));
#8737=CARTESIAN_POINT('',(-0.00352309000988936,-0.00149135583992966,-0.00238475379605025));
#8738=CARTESIAN_POINT('',(-0.0033197354236496,-0.00248513991984861,-0.00224711197978828));
#8739=CARTESIAN_POINT('',(-0.00311344468442674,-0.00347922300853478,-0.00210747860067729));
#8740=CARTESIAN_POINT('',(-0.00290874138429261,-0.00447978944409924,-0.0019689073959589));
#8741=CARTESIAN_POINT('',(-0.00330765971970614,-0.00148484446640352,-0.00265565196272182));
#8742=CARTESIAN_POINT('',(-0.00310616636722704,-0.00248160104438148,-0.00251264528186817));
#8743=CARTESIAN_POINT('',(-0.00293145950284295,-0.00347737380853147,-0.00233666229179683));
#8744=CARTESIAN_POINT('',(-0.00272982519235446,-0.00447434379539516,-0.00219370322283904));
#8745=CARTESIAN_POINT('',(-0.00421732670820274,-0.00148226317058737,-0.000461166910963141));
#8746=CARTESIAN_POINT('',(-0.00397362889377025,-0.00247946449072313,-0.00041970854442974));
#8747=CARTESIAN_POINT('',(-0.00372521138289083,-0.00347711345810773,-0.000420381236331396));
#8748=CARTESIAN_POINT('',(-0.00348144547717326,-0.00447440601324124,-0.000379089460381006));
#8749=CARTESIAN_POINT('',(-0.0041781035670672,-0.00148876591212691,-0.000805042155308796));
#8750=CARTESIAN_POINT('',(-0.00393691593628795,-0.00248284940060038,-0.000758571194017509));
#8751=CARTESIAN_POINT('',(-0.00369187822619055,-0.003478769189505,-0.000711350111210566));
#8752=CARTESIAN_POINT('',(-0.00344901757937608,-0.00447979281845442,-0.0006645677094698));
#8753=CARTESIAN_POINT('',(-0.00450797495856414,-0.00157226406681064,-0.000868633511800819));
#8754=CARTESIAN_POINT('',(-0.00426091125297301,-0.00256837957836116,-0.000821018223187225));
#8755=CARTESIAN_POINT('',(-0.00397009112302091,-0.00355301149189149,-0.000764856652907441));
#8756=CARTESIAN_POINT('',(-0.00372285554959735,-0.00454912058876616,-0.000717339281501447));
#8757=CARTESIAN_POINT('',(-0.00450737766621185,-0.001574805216982,0.000868495813012594));
#8758=CARTESIAN_POINT('',(-0.00425963935967662,-0.00257333009870508,0.000820765810275005));
#8759=CARTESIAN_POINT('',(-0.00397072490550017,-0.00354927087814702,0.000765215719283956));
#8760=CARTESIAN_POINT('',(-0.00372283140761492,-0.00454918289068377,0.000717338251340283));
#8761=CARTESIAN_POINT('',(-0.0041774886743211,-0.00149130587911638,0.000804927617647882));
#8762=CARTESIAN_POINT('',(-0.0039356802270352,-0.00248793183765001,0.000758329163842348));
#8763=CARTESIAN_POINT('',(-0.00369268868526745,-0.00347535093857096,0.000711506222249219));
#8764=CARTESIAN_POINT('',(-0.00344900208668531,-0.00447985743723669,0.000664559818805748));
#8765=CARTESIAN_POINT('',(-0.00421671056810345,-0.00148479432491959,0.000461039503543228));
#8766=CARTESIAN_POINT('',(-0.00397241672988705,-0.00248440780203287,0.000419540348258114));
#8767=CARTESIAN_POINT('',(-0.00372606365755851,-0.00347352757454387,0.0004207554147087));
#8768=CARTESIAN_POINT('',(-0.00348144366566134,-0.00447441235918243,0.000379091860935942));
#8769=CARTESIAN_POINT('',(-0.00330820068898491,-0.00148222947292489,0.00265601175495347));
#8770=CARTESIAN_POINT('',(-0.0031061639162075,-0.00248136325267497,0.00251274240956314));
#8771=CARTESIAN_POINT('',(-0.00293190406304499,-0.00347452509053471,0.0023372341727407));
#8772=CARTESIAN_POINT('',(-0.00272980078497518,-0.00447445215186727,0.00219369076584868));
#8773=CARTESIAN_POINT('',(-0.00352362307359705,-0.00148873234840891,0.00238511929638726));
#8774=CARTESIAN_POINT('',(-0.00331982553996207,-0.00248473788074574,0.00224716834244944));
#8775=CARTESIAN_POINT('',(-0.00311408549517891,-0.00347616217982962,0.00210791239190077));
#8776=CARTESIAN_POINT('',(-0.00290873472627575,-0.00447983854994968,0.00196889707153778));
#8777=CARTESIAN_POINT('',(-0.00380184430664676,-0.00157223071373228,0.00257340842780143));
#8778=CARTESIAN_POINT('',(-0.00359308509696436,-0.0025702811327315,0.00243211332514106));
#8779=CARTESIAN_POINT('',(-0.00334864869911009,-0.00355042409482819,0.0022668056405904));
#8780=CARTESIAN_POINT('',(-0.00313968268022516,-0.00454916682445084,0.00212521470365839));
#8781=CARTESIAN_POINT('',(-0.00257306922353353,-0.00157485923808345,0.00380130357944764));
#8782=CARTESIAN_POINT('',(-0.00243206649939526,-0.00257026928908757,0.00359300309262073));
#8783=CARTESIAN_POINT('',(-0.00226605220446465,-0.00355345775775209,0.00334795034153531));
#8784=CARTESIAN_POINT('',(-0.00212521465295939,-0.00454910807480718,0.00313968895396954));
#8785=CARTESIAN_POINT('',(-0.00238475317432495,-0.00149136027883613,0.00352308909141121));
#8786=CARTESIAN_POINT('',(-0.0022471462297365,-0.00248489186621172,0.00331978602626293));
#8787=CARTESIAN_POINT('',(-0.00210743096954356,-0.0034795672618475,0.00311337432256545));
#8788=CARTESIAN_POINT('',(-0.00196890823039739,-0.00447978339909564,0.0029087426169521));
#8789=CARTESIAN_POINT('',(-0.00265565120535633,-0.00148484892144633,0.00330765891390672));
#8790=CARTESIAN_POINT('',(-0.00251267924286209,-0.00248135167399669,0.00310621823393834));
#8791=CARTESIAN_POINT('',(-0.00233661395183309,-0.00347771576856716,0.00293138977424001));
#8792=CARTESIAN_POINT('',(-0.00219370404156619,-0.00447433769931154,0.00272982646868056));
#8793=CARTESIAN_POINT('',(-0.000461166913767679,-0.0014822642163983,0.00421732644757311));
#8794=CARTESIAN_POINT('',(-0.000419711632815371,-0.00247940551147963,0.00397364323751243));
#8795=CARTESIAN_POINT('',(-0.000420377387622514,-0.00347720232856316,0.00372518967684098));
#8796=CARTESIAN_POINT('',(-0.000379089551175446,-0.00447440442785959,0.00348144586170484));
#8797=CARTESIAN_POINT('',(-0.000805042106069112,-0.00148876694992113,0.00417810331152925));
#8798=CARTESIAN_POINT('',(-0.000758573926764565,-0.00248279073154809,0.00393693011961563));
#8799=CARTESIAN_POINT('',(-0.000711345931110631,-0.00347885870381311,0.00369185652472318));
#8800=CARTESIAN_POINT('',(-0.000664567782489922,-0.0044797912487112,0.00344901795840461));
#8801=CARTESIAN_POINT('',(-0.000868633452559859,-0.00157226509848015,0.00450797465148989));
#8802=CARTESIAN_POINT('',(-0.000821020911694155,-0.00256832048423004,0.00426092520633732));
#8803=CARTESIAN_POINT('',(-0.000764852454621025,-0.00355310031188168,0.00397006926695435));
#8804=CARTESIAN_POINT('',(-0.000717339352035563,-0.00454911899788871,0.00372285591688461));
#8805=CARTESIAN_POINT('',(0.000868492645165112,-0.00157486281267916,0.0045073612126961));
#8806=CARTESIAN_POINT('',(0.000820915422384924,-0.0025700667449312,0.00426041574752699));
#8807=CARTESIAN_POINT('',(0.000765004381762981,-0.00355373500222111,0.00396963134131722));
#8808=CARTESIAN_POINT('',(0.000717341882854824,-0.00454910312005099,0.00372285020900432));
#8809=CARTESIAN_POINT('',(0.000804924876065467,-0.00149136387868064,0.00417747444505228));
#8810=CARTESIAN_POINT('',(0.000758480251237075,-0.00248469070112553,0.00393646420689705));
#8811=CARTESIAN_POINT('',(0.000711296330914596,-0.00347984645623547,0.00369159915928886));
#8812=CARTESIAN_POINT('',(0.00066456349629187,-0.00447977849651365,0.00344902117583137));
#8813=CARTESIAN_POINT('',(0.000461039044447871,-0.00148485253438574,0.00421669612724271));
#8814=CARTESIAN_POINT('',(0.00041970571413339,-0.00248114944126609,0.00397320972600567));
#8815=CARTESIAN_POINT('',(0.000420557752890306,-0.00347799310354156,0.00372497344852732));
#8816=CARTESIAN_POINT('',(0.000379096066354125,-0.00447433275527339,0.00348146301261989));
#8817=CARTESIAN_POINT('',(0.00265600541337881,-0.00148226702097916,0.00330819386412362));
#8818=CARTESIAN_POINT('',(0.0025130307458617,-0.00247924753354536,0.00310660380337146));
#8819=CARTESIAN_POINT('',(0.00233682596079744,-0.00347740906395725,0.00293131642442351));
#8820=CARTESIAN_POINT('',(0.00219369768581462,-0.00447440074390864,0.0027298115358073));
#8821=CARTESIAN_POINT('',(0.00238511406069625,-0.00148876974729053,0.00352361533872549));
#8822=CARTESIAN_POINT('',(0.00224745891736657,-0.00248263361762725,0.00332025481058713));
#8823=CARTESIAN_POINT('',(0.00210751044193309,-0.00347906692217889,0.00311349175877218));
#8824=CARTESIAN_POINT('',(0.001968904105852,-0.00447978759575923,0.00290874511778735));
#8825=CARTESIAN_POINT('',(0.0025734023975567,-0.00157226787776718,0.00380183539515781));
#8826=CARTESIAN_POINT('',(0.00243240120865416,-0.00256816230194878,0.00359351040713135));
#8827=CARTESIAN_POINT('',(0.00226640161273133,-0.00355330698485716,0.00334805257269729));
#8828=CARTESIAN_POINT('',(0.00212522164519137,-0.00454911530808249,0.003139692924189));
#8829=CARTESIAN_POINT('',(0.00380130536581216,-0.00157485217957139,0.00257307043332331));
#8830=CARTESIAN_POINT('',(0.00359292323761457,-0.00257067069467404,0.0024320124501641));
#8831=CARTESIAN_POINT('',(0.00334807688568951,-0.0035528475398766,0.00226613776256828));
#8832=CARTESIAN_POINT('',(0.00313968682972695,-0.00454911900605471,0.00212521321683344));
#8833=CARTESIAN_POINT('',(0.00352309056826335,-0.00149135317201027,0.0023847541740313));
#8834=CARTESIAN_POINT('',(0.00331970477650281,-0.00248529039961727,0.00224709123667276));
#8835=CARTESIAN_POINT('',(0.00311349997815813,-0.00347895261766293,0.00210751603132424));
#8836=CARTESIAN_POINT('',(0.00290874041985282,-0.00447979419034334,0.00196890674307025));
#8837=CARTESIAN_POINT('',(0.00330766015226988,-0.00148484176123237,0.00265565249293963));
#8838=CARTESIAN_POINT('',(0.00310613445839545,-0.00248175224982059,0.00251262525970539));
#8839=CARTESIAN_POINT('',(0.00293151400065918,-0.00347710522863882,0.00233670059362194));
#8840=CARTESIAN_POINT('',(0.00272982415594318,-0.00447434859342974,0.0021937026183011));
#8841=CARTESIAN_POINT('',(0.00421732932969983,-0.00148225259875139,0.000461167005334748));
#8842=CARTESIAN_POINT('',(0.00397348391261348,-0.00248006018615263,0.000419678358622382));
#8843=CARTESIAN_POINT('',(0.00372540986060065,-0.0034763005907099,0.000420416979473998));
#8844=CARTESIAN_POINT('',(0.00348144195550569,-0.00447442050315661,0.00037908869479285));
#8845=CARTESIAN_POINT('',(0.00417810614942831,-0.00148875538265948,0.000805042652880581));
#8846=CARTESIAN_POINT('',(0.00393677262225288,-0.0024834418724734,0.000758543581090576));
#8847=CARTESIAN_POINT('',(0.00369207667004686,-0.00347795047086169,0.000711388334939376));
#8848=CARTESIAN_POINT('',(0.00344901410656389,-0.0044798071800802,0.000664567040410748));
#8849=CARTESIAN_POINT('',(0.00450797793521934,-0.00157225360360657,0.000868634085797951));
#8850=CARTESIAN_POINT('',(0.00426076927658076,-0.00256897615359,0.000820990865501993));
#8851=CARTESIAN_POINT('',(0.00397029047427656,-0.00355219893473841,0.000764894942200287));
#8852=CARTESIAN_POINT('',(0.00372285212655762,-0.00454913510986502,0.000717338623729867));
#8853=CARTESIAN_POINT('',(-6.20963953705735E-20,-0.025,1.4991395987812E-19));
#8854=CARTESIAN_POINT('',(0.00167928556237466,-0.00443074452964571,0.00205));
#8855=CARTESIAN_POINT('',(0.00167928556237466,0.013,0.00205));
#8856=CARTESIAN_POINT('',(-6.20963953705735E-20,0.013,1.4991395987812E-19));
#8857=CARTESIAN_POINT('',(-0.00167928556237466,0.013,0.00205));
#8858=CARTESIAN_POINT('',(-0.00167928556237466,-0.00443074452964571,0.00205));
#8859=CARTESIAN_POINT('',(0.,-0.00443074452964571,0.00205));
#8860=CARTESIAN_POINT('',(0.,0.013,0.00205));
#8861=CARTESIAN_POINT('',(0.,0.003,0.00205));
#8862=CARTESIAN_POINT('',(-0.0015,0.003,0.00205));
#8863=CARTESIAN_POINT('',(0.00195773599203762,0.013,0.000810920799447928));
#8864=CARTESIAN_POINT('',(0.,0.003,0.02705));
#8865=CARTESIAN_POINT('',(0.,0.003,0.00455));
#8866=CARTESIAN_POINT('',(-0.0015,0.003,0.00455));
#8867=CARTESIAN_POINT('',(2.16840434497101E-19,0.003,0.00455));
#8868=CARTESIAN_POINT('',(2.16840434497101E-19,0.003,0.00455));
#8869=CARTESIAN_POINT('',(0.00185369786272885,0.00467743978542137,0.00455));
#8870=CARTESIAN_POINT('',(0.00185369786274542,0.00132256021459694,0.00455));
#8871=CARTESIAN_POINT('',(0.00185369786274542,0.00132256021459694,0.00455));
#8872=CARTESIAN_POINT('',(0.00204936812813122,0.00153879066048524,0.00439375416189296));
#8873=CARTESIAN_POINT('',(0.00236320267325474,0.00202501725615106,0.00407590066492189));
#8874=CARTESIAN_POINT('',(0.00256829390952282,0.00299952574119934,0.00380780780425795));
#8875=CARTESIAN_POINT('',(0.0023636215066125,0.00397454284840368,0.00407551091088475));
#8876=CARTESIAN_POINT('',(0.00204881094323072,0.00446182507098472,0.00439419908295377));
#8877=CARTESIAN_POINT('',(0.00185369786273245,0.00467743978541739,0.00455000000001036));
#8878=CARTESIAN_POINT('',(0.,0.00428562773517715,0.00455));
#8879=CARTESIAN_POINT('',(0.00185369786272885,0.00467743978542137,0.00455000000001323));
#8880=CARTESIAN_POINT('',(0.00160550773096278,0.00495170865683101,0.00455000000001323));
#8881=CARTESIAN_POINT('',(0.001080507937209,0.00546198645592535,0.00454999999999386));
#8882=CARTESIAN_POINT('',(3.53699231424244E-6,0.00592962116896418,0.00455000000000165));
#8883=CARTESIAN_POINT('',(-0.00107695817425439,0.00546568059152686,0.00454999999999953));
#8884=CARTESIAN_POINT('',(-0.00160511661269063,0.00495214087211748,0.00455));
#8885=CARTESIAN_POINT('',(-0.00185369786275927,0.00467743978538776,0.00455));
#8886=CARTESIAN_POINT('',(-0.00185369786274542,0.00132256021459694,0.00455));
#8887=CARTESIAN_POINT('',(-0.00160550773098167,0.00104829134318444,0.00455));
#8888=CARTESIAN_POINT('',(-0.00108050793722789,0.000538013544091658,0.00455));
#8889=CARTESIAN_POINT('',(-3.53699233910764E-6,7.03788310339785E-5,0.00455));
#8890=CARTESIAN_POINT('',(0.00107695817423641,0.000534319408460575,0.00455));
#8891=CARTESIAN_POINT('',(0.00160511661267564,0.00104785912786776,0.00455));
#8892=CARTESIAN_POINT('',(0.00185369786274544,0.00132256021459692,0.00455));
#8893=CARTESIAN_POINT('',(-0.00177931537555868,0.000277186349687669,0.00384646952727922));
#8894=CARTESIAN_POINT('',(-0.00136977456035425,0.000892748753849032,0.00403591656806405));
#8895=CARTESIAN_POINT('',(-0.00157082550533164,0.00105513310691977,0.00475406750860431));
#8896=CARTESIAN_POINT('',(-0.00206146496529722,0.000557757483803749,0.00371615185073098));
#8897=CARTESIAN_POINT('',(-0.00163128051903874,0.00106239018390793,0.00395021409787489));
#8898=CARTESIAN_POINT('',(-0.0018199144403053,0.00125554105985982,0.00459300058022206));
#8899=CARTESIAN_POINT('',(-0.0025258730835275,0.0012377916818767,0.00342505798636242));
#8900=CARTESIAN_POINT('',(-0.00212833318378089,0.00152943226981609,0.00371948640443499));
#8901=CARTESIAN_POINT('',(-0.00222990590501129,0.00174127977276907,0.00423322134039339));
#8902=CARTESIAN_POINT('',(-0.00289099689097202,0.00256841916743991,0.00309873017890963));
#8903=CARTESIAN_POINT('',(-0.00256971426274697,0.0026297208717974,0.00339889443086546));
#8904=CARTESIAN_POINT('',(-0.00255224661943218,0.00269172797674279,0.00382989449338136));
#8905=CARTESIAN_POINT('',(-0.00278474111405969,0.00403575331590213,0.00320248939420446));
#8906=CARTESIAN_POINT('',(-0.00243889562784774,0.00388194022839201,0.00350394382419101));
#8907=CARTESIAN_POINT('',(-0.00245844127904371,0.00373982379707295,0.00395813632934369));
#8908=CARTESIAN_POINT('',(-0.00226596445017261,0.00523315702642169,0.00361179583166634));
#8909=CARTESIAN_POINT('',(-0.00182905561837138,0.00482537129857775,0.00388557570472564));
#8910=CARTESIAN_POINT('',(-0.00200045185996795,0.00459511216172978,0.00446402112099483));
#8911=CARTESIAN_POINT('',(-0.00144247932161512,0.00611395210633523,0.00402874318976245));
#8912=CARTESIAN_POINT('',(-0.000984724953951723,0.00537440635290196,0.00417510504294159));
#8913=CARTESIAN_POINT('',(-0.00127345794929416,0.00522425150452516,0.00497934975517882));
#8914=CARTESIAN_POINT('',(-0.000355398207439538,0.00657129458409292,0.00427724978079285));
#8915=CARTESIAN_POINT('',(-0.000196757608893995,0.00552132970531652,0.00424837794133842));
#8916=CARTESIAN_POINT('',(-0.000313754703895526,0.00555092470292352,0.00528649299437855));
#8917=CARTESIAN_POINT('',(0.000825030248345806,0.00644910118115766,0.00420883112801149));
#8918=CARTESIAN_POINT('',(0.000490330220960383,0.0054988056542378,0.00424000924834523));
#8919=CARTESIAN_POINT('',(0.000728357982274374,0.0054636437008269,0.00520193054253446));
#8920=CARTESIAN_POINT('',(0.00182221071228545,0.00578887849238014,0.00386507215559579));
#8921=CARTESIAN_POINT('',(0.00135090221330418,0.00519816789329228,0.00407929319765425));
#8922=CARTESIAN_POINT('',(0.001608694614943,0.00499205606598582,0.00477705954070732));
#8923=CARTESIAN_POINT('',(0.00252228193049001,0.00477181291112979,0.00342803772190837));
#8924=CARTESIAN_POINT('',(0.00212396679113148,0.00447835957210991,0.00372234000762371));
#8925=CARTESIAN_POINT('',(0.00222673554248741,0.00426558065080699,0.00423690416274328));
#8926=CARTESIAN_POINT('',(0.00289090775921683,0.00343384855301789,0.00309884971509858));
#8927=CARTESIAN_POINT('',(0.00256958076718143,0.00337246727041392,0.00339907007566167));
#8928=CARTESIAN_POINT('',(0.00255216793161982,0.00330989182358421,0.00383004223486428));
#8929=CARTESIAN_POINT('',(0.00278625564948682,0.00197100855326439,0.00320118964909319));
#8930=CARTESIAN_POINT('',(0.00244063395268865,0.00212358963908741,0.00350266021533644));
#8931=CARTESIAN_POINT('',(0.00245977834998141,0.00226500610947456,0.00395652990143386));
#8932=CARTESIAN_POINT('',(0.0022674794384497,0.000768957913634418,0.00361062511225862));
#8933=CARTESIAN_POINT('',(0.00183096239042108,0.00117595259332196,0.00388465782451431));
#8934=CARTESIAN_POINT('',(0.00200178933069328,0.00140639850973887,0.00446257416319145));
#8935=CARTESIAN_POINT('',(0.00144489908766259,-0.00011364798759847,0.00402859514524427));
#8936=CARTESIAN_POINT('',(0.000985792455498508,0.000625453292531772,0.00417525764171598));
#8937=CARTESIAN_POINT('',(0.00127559418117104,0.00077596572314395,0.00497916677865223));
#8938=CARTESIAN_POINT('',(0.000345163387036763,-0.000573952582420511,0.00427867733020991));
#8939=CARTESIAN_POINT('',(0.000190048563398046,0.00047784169632227,0.00424873786200771));
#8940=CARTESIAN_POINT('',(0.000304719140469274,0.000447176726842492,0.00528825738280083));
#8941=CARTESIAN_POINT('',(-0.000832975545096258,-0.00044563512281978,0.00420696404565184));
#8942=CARTESIAN_POINT('',(-0.000495550664697107,0.000502138730799683,0.00423962487900603));
#8943=CARTESIAN_POINT('',(-0.000735372295169367,0.000538832055128729,0.00519962291068687));
#8944=CARTESIAN_POINT('',(-0.00149716578582014,-3.38478442841E-6,0.00397678720382745));
#8945=CARTESIAN_POINT('',(-0.00109035465649271,0.000711486375291992,0.00412748991538439));
#8946=CARTESIAN_POINT('',(-0.00132173657035799,0.000854725153979708,0.00491513443698655));
#8947=CARTESIAN_POINT('',(-0.00177931537555868,0.000277186349687669,0.00384646952727922));
#8948=CARTESIAN_POINT('',(-0.00136977456035425,0.000892748753849032,0.00403591656806405));
#8949=CARTESIAN_POINT('',(-0.00157082550533164,0.00105513310691977,0.00475406750860431));
#8950=MECHANICAL_DESIGN_GEOMETRIC_PRESENTATION_REPRESENTATION('',(#1976),
#8952);
#8951=MECHANICAL_DESIGN_GEOMETRIC_PRESENTATION_REPRESENTATION('',(#1977),
#8953);
#8952=(
GEOMETRIC_REPRESENTATION_CONTEXT(3)
GLOBAL_UNCERTAINTY_ASSIGNED_CONTEXT((#8954))
GLOBAL_UNIT_ASSIGNED_CONTEXT((#8960,#8958,#8956))
REPRESENTATION_CONTEXT('Part 2','TOP_LEVEL_ASSEMBLY_PART')
);
#8953=(
GEOMETRIC_REPRESENTATION_CONTEXT(3)
GLOBAL_UNCERTAINTY_ASSIGNED_CONTEXT((#8955))
GLOBAL_UNIT_ASSIGNED_CONTEXT((#8961,#8959,#8957))
REPRESENTATION_CONTEXT('Bevel 1.5M 8T 20deg','TOP_LEVEL_ASSEMBLY_PART')
);
#8954=UNCERTAINTY_MEASURE_WITH_UNIT(LENGTH_MEASURE(1.E-8),#8960,
'DISTANCE_ACCURACY_VALUE','Maximum Tolerance applied to model');
#8955=UNCERTAINTY_MEASURE_WITH_UNIT(LENGTH_MEASURE(2.58454166263776E-5),
#8961,'DISTANCE_ACCURACY_VALUE','Maximum Tolerance applied to model');
#8956=(
NAMED_UNIT(*)
SI_UNIT($,.STERADIAN.)
SOLID_ANGLE_UNIT()
);
#8957=(
NAMED_UNIT(*)
SI_UNIT($,.STERADIAN.)
SOLID_ANGLE_UNIT()
);
#8958=(
NAMED_UNIT(*)
PLANE_ANGLE_UNIT()
SI_UNIT($,.RADIAN.)
);
#8959=(
NAMED_UNIT(*)
PLANE_ANGLE_UNIT()
SI_UNIT($,.RADIAN.)
);
#8960=(
LENGTH_UNIT()
NAMED_UNIT(*)
SI_UNIT($,.METRE.)
);
#8961=(
LENGTH_UNIT()
NAMED_UNIT(*)
SI_UNIT($,.METRE.)
);
#8962=PRODUCT_DEFINITION_SHAPE('','',#8964);
#8963=PRODUCT_DEFINITION_SHAPE('','',#8965);
#8964=PRODUCT_DEFINITION('','',#8968,#8966);
#8965=PRODUCT_DEFINITION('','',#8969,#8967);
#8966=PRODUCT_DEFINITION_CONTEXT('',#8980,'design');
#8967=PRODUCT_DEFINITION_CONTEXT('',#8981,'design');
#8968=PRODUCT_DEFINITION_FORMATION_WITH_SPECIFIED_SOURCE('','',#8972,
 .NOT_KNOWN.);
#8969=PRODUCT_DEFINITION_FORMATION_WITH_SPECIFIED_SOURCE('','',#8973,
 .NOT_KNOWN.);
#8970=PRODUCT_RELATED_PRODUCT_CATEGORY('','',(#8972));
#8971=PRODUCT_RELATED_PRODUCT_CATEGORY('','',(#8973));
#8972=PRODUCT('Part 2','Part 2','Part 2',(#8976));
#8973=PRODUCT('Bevel 1.5M 8T 20deg','Bevel 1.5M 8T 20deg',
'Bevel 1.5M 8T 20deg',(#8977));
#8974=PRODUCT_CATEGORY('','');
#8975=PRODUCT_CATEGORY('','');
#8976=PRODUCT_CONTEXT('',#8980,'mechanical');
#8977=PRODUCT_CONTEXT('',#8981,'mechanical');
#8978=APPLICATION_PROTOCOL_DEFINITION('international standard',
'automotive_design',2010,#8980);
#8979=APPLICATION_PROTOCOL_DEFINITION('international standard',
'automotive_design',2010,#8981);
#8980=APPLICATION_CONTEXT(
'core data for automotive mechanical design processes');
#8981=APPLICATION_CONTEXT(
'core data for automotive mechanical design processes');
ENDSEC;
END-ISO-10303-21;
