ISO-10303-21;
HEADER;
/* Generated by software containing ST-Developer
 * from STEP Tools, Inc. (www.steptools.com) 
 */
/* OPTION: using custom renumber hook */

FILE_DESCRIPTION(
/* description */ ('STEP AP214',
'CAx-IF Rec.Pracs.---User Defined Attributes---1.5---2016-08-15'),
/* implementation_level */ '2;1');

FILE_NAME(
/* name */ '6a7bfaaee5d6ddc0b13a387c',
/* time_stamp */ '2026-08-12T04:46:40Z',
/* author */ (''),
/* organization */ (''),
/* preprocessor_version */ 'ST-DEVELOPER v20',
/* originating_system */ 'ONSHAPE BY PTC INC, 1.219',
/* authorisation */ '  ');

FILE_SCHEMA (('AUTOMOTIVE_DESIGN {1 0 10303 214 3 1 1}'));
ENDSEC;

DATA;
#10=PROPERTY_DEFINITION_REPRESENTATION(#14,#12);
#11=PROPERTY_DEFINITION_REPRESENTATION(#15,#13);
#12=REPRESENTATION('',(#16),#3777);
#13=REPRESENTATION('',(#17),#3777);
#14=PROPERTY_DEFINITION('pmi validation property','',#3792);
#15=PROPERTY_DEFINITION('pmi validation property','',#3792);
#16=VALUE_REPRESENTATION_ITEM('number of annotations',COUNT_MEASURE(0.));
#17=VALUE_REPRESENTATION_ITEM('number of views',COUNT_MEASURE(0.));
#18=SHAPE_REPRESENTATION_RELATIONSHIP('','',#2111,#21);
#19=SHAPE_REPRESENTATION_RELATIONSHIP('','',#2112,#22);
#20=SHAPE_REPRESENTATION_RELATIONSHIP('','',#2113,#23);
#21=ADVANCED_BREP_SHAPE_REPRESENTATION('',(#2105),#3775);
#22=ADVANCED_BREP_SHAPE_REPRESENTATION('',(#2106),#3776);
#23=ADVANCED_BREP_SHAPE_REPRESENTATION('',(#2107),#3777);
#24=ELLIPSE('',#2155,0.00181325220989668,0.00175);
#25=ELLIPSE('',#2157,0.00181325220989664,0.00175);
#26=B_SPLINE_SURFACE_WITH_KNOTS('',3,1,((#3099,#3100),(#3101,#3102),(#3103,
#3104),(#3105,#3106),(#3107,#3108),(#3109,#3110),(#3111,#3112),(#3113,#3114),
(#3115,#3116),(#3117,#3118),(#3119,#3120)),.SURF_OF_LINEAR_EXTRUSION.,.F.,
 .F.,.F.,(4,1,1,1,1,1,1,1,4),(2,2),(0.103988468016702,0.140491334234277,
0.176994200451852,0.213497066669426,0.249999932887001,0.286502799104576,
0.323005665322151,0.359508531539726,0.396011397757301),(0.,1.),
 .UNSPECIFIED.);
#27=CONICAL_SURFACE('',#2148,0.0217917486635914,0.915100700553298);
#28=CONICAL_SURFACE('',#2151,0.0347917486631468,0.915100700536831);
#29=B_SPLINE_CURVE_WITH_KNOTS('',3,(#2909,#2910,#2911,#2912,#2913,#2914,
#2915,#2916,#2917,#2918,#2919,#2920,#2921,#2922,#2923,#2924,#2925,#2926),
 .UNSPECIFIED.,.T.,.F.,(1,1,1,1,1,1,1,1,1,1,1,1,1,1,1,1,1,1,1,1,1,1),(-0.0039733870776231,
-0.0026489247184154,-0.0013244623592077,0.,0.0026489247184154,0.00397338707762311,
0.00529784943683081,0.00662231179603851,0.00794677415524622,0.00927123651445392,
0.0105956988736616,0.0119201612328693,0.013244623592077,0.0145690859512847,
0.0158935483104924,0.0172180106697001,0.0185424730289078,0.0198669353881155,
0.0211913977473232,0.0238403224657386,0.0251647848249463,0.026489247184154),
 .UNSPECIFIED.);
#30=B_SPLINE_CURVE_WITH_KNOTS('',3,(#2999,#3000,#3001,#3002,#3003),
 .UNSPECIFIED.,.F.,.F.,(4,1,4),(5.89601861396227E-16,0.0109321386733332,
0.0218642773466657),.UNSPECIFIED.);
#31=B_SPLINE_CURVE_WITH_KNOTS('',3,(#3011,#3012,#3013,#3014,#3015),
 .UNSPECIFIED.,.F.,.F.,(4,1,4),(0.,0.0109321386735733,0.0218642773471467),
 .UNSPECIFIED.);
#32=B_SPLINE_CURVE_WITH_KNOTS('',3,(#3037,#3038,#3039,#3040),
 .UNSPECIFIED.,.F.,.F.,(4,4),(0.,0.00941632905898828),.UNSPECIFIED.);
#33=B_SPLINE_CURVE_WITH_KNOTS('',3,(#3046,#3047,#3048,#3049,#3050,#3051,
#3052),.UNSPECIFIED.,.F.,.F.,(4,1,1,1,4),(0.,0.00146043006796573,0.00292086013593146,
0.0043812902038972,0.00584172027186293),.UNSPECIFIED.);
#34=B_SPLINE_CURVE_WITH_KNOTS('',3,(#3054,#3055,#3056,#3057),
 .UNSPECIFIED.,.F.,.F.,(4,4),(0.,0.00684132903004687),.UNSPECIFIED.);
#35=B_SPLINE_CURVE_WITH_KNOTS('',3,(#3058,#3059,#3060,#3061,#3062,#3063,
#3064,#3065,#3066,#3067,#3068,#3069,#3070,#3071,#3072,#3073,#3074,#3075),
 .UNSPECIFIED.,.T.,.F.,(1,1,1,1,1,1,1,1,1,1,1,1,1,1,1,1,1,1,1,1,1,1),(-0.00531598888961906,
-0.00398699166721429,-0.00265799444480953,0.,0.00132899722240477,0.00265799444480953,
0.0039869916672143,0.00531598888961906,0.00664498611202383,0.00797398333442859,
0.00930298055683336,0.0106319777792381,0.0119609750016429,0.0132899722240477,
0.0146189694464524,0.0159479666688572,0.017276963891262,0.0186059611136667,
0.0212639555584762,0.022592952780881,0.0239219500032858,0.0252509472256905),
 .UNSPECIFIED.);
#36=B_SPLINE_CURVE_WITH_KNOTS('',3,(#3078,#3079,#3080,#3081,#3082,#3083,
#3084),.UNSPECIFIED.,.F.,.F.,(4,1,1,1,4),(0.,0.00142839427603447,0.00285678855206893,
0.0042851828281034,0.00571357710413787),.UNSPECIFIED.);
#37=B_SPLINE_CURVE_WITH_KNOTS('',3,(#3090,#3091,#3092,#3093),
 .UNSPECIFIED.,.F.,.F.,(4,4),(0.,0.00941632905813782),.UNSPECIFIED.);
#38=B_SPLINE_CURVE_WITH_KNOTS('',3,(#3095,#3096,#3097,#3098),
 .UNSPECIFIED.,.F.,.F.,(4,4),(0.,0.00685335576678482),.UNSPECIFIED.);
#39=B_SPLINE_CURVE_WITH_KNOTS('',3,(#3121,#3122,#3123,#3124),
 .UNSPECIFIED.,.F.,.F.,(4,4),(0.00515437939507117,0.0111430717136163),
 .UNSPECIFIED.);
#40=B_SPLINE_CURVE_WITH_KNOTS('',3,(#3127,#3128,#3129,#3130,#3131,#3132,
#3133),.UNSPECIFIED.,.F.,.F.,(4,1,1,1,4),(3.83605376413493E-17,0.00182844367235435,
0.00365688734470867,0.00548533101706299,0.0073137746894173),
 .UNSPECIFIED.);
#41=B_SPLINE_CURVE_WITH_KNOTS('',3,(#3135,#3136,#3137,#3138),
 .UNSPECIFIED.,.F.,.F.,(4,4),(0.00594603359759283,0.0103388234056712),
 .UNSPECIFIED.);
#42=B_SPLINE_CURVE_WITH_KNOTS('',3,(#3140,#3141,#3142,#3143,#3144,#3145,
#3146,#3147,#3148,#3149,#3150,#3151,#3152,#3153,#3154,#3155,#3156,#3157,
#3158,#3159,#3160,#3161,#3162,#3163,#3164,#3165,#3166,#3167,#3168,#3169),
 .UNSPECIFIED.,.F.,.F.,(4,1,1,1,1,1,1,1,1,1,1,1,1,1,1,1,1,1,1,1,1,1,1,1,
1,1,1,4),(0.112080889032056,0.117995065052361,0.120952153062513,0.123909241072665,
0.126866329082817,0.129823417092969,0.132780505103122,0.135737593113274,
0.138694681123426,0.141651769133578,0.144608857143731,0.147565945153883,
0.153480121174187,0.156437209184339,0.159394297194492,0.162351385204644,
0.165308473214796,0.168265561224948,0.171222649235101,0.174179737245253,
0.177136825255405,0.180093913265557,0.18305100127571,0.186008089285862,
0.188965177296014,0.194879353316318,0.200793529336623,0.206707705356927),
 .UNSPECIFIED.);
#43=B_SPLINE_CURVE_WITH_KNOTS('',3,(#3171,#3172,#3173,#3174),
 .UNSPECIFIED.,.F.,.F.,(4,4),(0.00595257506645175,0.0103244551380732),
 .UNSPECIFIED.);
#44=B_SPLINE_CURVE_WITH_KNOTS('',3,(#3176,#3177,#3178,#3179,#3180,#3181,
#3182),.UNSPECIFIED.,.F.,.F.,(4,1,1,1,4),(3.25118512140843E-15,0.00182918296735513,
0.00365836593470702,0.0054875489020589,0.00731673186941079),
 .UNSPECIFIED.);
#45=B_SPLINE_CURVE_WITH_KNOTS('',3,(#3184,#3185,#3186,#3187),
 .UNSPECIFIED.,.F.,.F.,(4,4),(0.0051543793950711,0.0111479440129784),
 .UNSPECIFIED.);
#46=B_SPLINE_CURVE_WITH_KNOTS('',3,(#3191,#3192,#3193,#3194,#3195,#3196),
 .UNSPECIFIED.,.F.,.F.,(4,1,1,4),(0.,0.00308817451858565,0.00463226177787848,
0.0061763490371713),.UNSPECIFIED.);
#47=B_SPLINE_CURVE_WITH_KNOTS('',3,(#3202,#3203,#3204,#3205,#3206,#3207,
#3208,#3209,#3210,#3211,#3212,#3213,#3214,#3215,#3216,#3217,#3218,#3219,
#3220,#3221,#3222,#3223,#3224,#3225,#3226,#3227,#3228,#3229,#3230,#3231,
#3232,#3233,#3234,#3235,#3236,#3237,#3238,#3239,#3240,#3241,#3242),
 .UNSPECIFIED.,.F.,.F.,(4,1,1,1,1,1,1,1,1,1,1,1,1,1,1,1,1,1,1,1,1,1,1,1,
1,1,1,1,1,1,1,1,1,1,1,1,1,1,4),(0.103988468016702,0.109375,0.1171875,0.12109375,
0.125,0.12890625,0.1328125,0.140625,0.1484375,0.15625,0.171875,0.1875,0.203125,
0.2109375,0.21875,0.2265625,0.234375,0.2421875,0.24609375,0.25,0.25390625,
0.2578125,0.265625,0.2734375,0.28125,0.2890625,0.296875,0.3125,0.328125,
0.34375,0.3515625,0.359375,0.3671875,0.37109375,0.375,0.37890625,0.3828125,
0.390625,0.396011531983507),.UNSPECIFIED.);
#48=B_SPLINE_CURVE_WITH_KNOTS('',3,(#3248,#3249,#3250,#3251,#3252,#3253,
#3254),.UNSPECIFIED.,.F.,.F.,(4,1,1,1,4),(0.,0.00169546980434888,0.00339093960869777,
0.00508640941304665,0.00678187921739553),.UNSPECIFIED.);
#49=B_SPLINE_CURVE_WITH_KNOTS('',3,(#3302,#3303,#3304,#3305,#3306,#3307,
#3308,#3309,#3310,#3311,#3312,#3313,#3314,#3315,#3316,#3317,#3318,#3319,
#3320,#3321,#3322,#3323,#3324,#3325,#3326,#3327,#3328,#3329,#3330,#3331),
 .UNSPECIFIED.,.T.,.F.,(1,1,1,1,1,1,1,1,1,1,1,1,1,1,1,1,1,1,1,1,1,1,1,1,
1,1,1,1,1,1,1,1,1,1),(-0.00393483486295063,-0.00262322324196709,-0.00131161162098354,
0.,0.00131161162098354,0.00196741743147531,0.00262322324196709,0.00327902905245886,
0.00393483486295063,0.0045906406734424,0.00524644648393417,0.00590225229442594,
0.00655805810491771,0.00786966972590126,0.0091812813468848,0.0104928929678683,
0.0118045045888519,0.0124603103993437,0.0131161162098354,0.0137719220203272,
0.0140998249255731,0.014427727830819,0.0147556307360649,0.0150835336413107,
0.0154114365465566,0.0157393394518025,0.0163951452622943,0.0170509510727861,
0.0183625626937696,0.0196741743147531,0.0209857859357367,0.0222973975567202,
0.022953203367212,0.0236090091777038),.UNSPECIFIED.);
#50=B_SPLINE_CURVE_WITH_KNOTS('',3,(#3333,#3334,#3335,#3336,#3337,#3338,
#3339,#3340,#3341,#3342,#3343,#3344,#3345,#3346,#3347,#3348,#3349,#3350,
#3351,#3352,#3353,#3354,#3355,#3356,#3357,#3358,#3359,#3360,#3361),
 .UNSPECIFIED.,.T.,.F.,(1,1,1,1,1,1,1,1,1,1,1,1,1,1,1,1,1,1,1,1,1,1,1,1,
1,1,1,1,1,1,1,1,1),(-0.00328063772076791,-0.00262451017661433,-0.00131225508830717,
0.,0.00131225508830717,0.00262451017661433,0.0039367652649215,0.00459289280907508,
0.00524902035322867,0.00557708412530546,0.00590514789738225,0.00623321166945904,
0.00656127544153583,0.00688933921361262,0.00721740298568942,0.007873530529843,
0.00852965807399658,0.00918578561815016,0.0104980407064573,0.0118102957947645,
0.0131225508830717,0.0144348059713788,0.0150909335155324,0.015747061059686,
0.0164031886038396,0.0170593161479932,0.0177154436921467,0.0183715712363003,
0.0196838263246075,0.0209960814129147,0.0223083365012218,0.023620591589529,
0.0249328466778362),.UNSPECIFIED.);
#51=B_SPLINE_CURVE_WITH_KNOTS('',3,(#3363,#3364,#3365,#3366,#3367,#3368,
#3369,#3370,#3371,#3372,#3373,#3374,#3375,#3376,#3377,#3378,#3379,#3380,
#3381,#3382,#3383,#3384,#3385,#3386,#3387,#3388,#3389,#3390,#3391,#3392),
 .UNSPECIFIED.,.T.,.F.,(1,1,1,1,1,1,1,1,1,1,1,1,1,1,1,1,1,1,1,1,1,1,1,1,
1,1,1,1,1,1,1,1,1,1),(-0.00393483486295048,-0.00262322324196699,-0.00131161162098349,
0.,0.00131161162098349,0.00196741743147524,0.00262322324196699,0.00327902905245874,
0.00393483486295049,0.00459064067344223,0.00524644648393398,0.00590225229442573,
0.00655805810491748,0.00786966972590097,0.00918128134688447,0.010492892967868,
0.0118045045888515,0.0124603103993432,0.013116116209835,0.0137719220203267,
0.0140998249255726,0.0144277278308184,0.0147556307360643,0.0150835336413102,
0.0154114365465561,0.0157393394518019,0.0163951452622937,0.0170509510727854,
0.0183625626937689,0.0196741743147524,0.0209857859357359,0.0222973975567194,
0.0229532033672112,0.0236090091777029),.UNSPECIFIED.);
#52=B_SPLINE_CURVE_WITH_KNOTS('',3,(#3394,#3395,#3396,#3397,#3398,#3399,
#3400,#3401,#3402,#3403,#3404,#3405,#3406,#3407,#3408,#3409,#3410,#3411,
#3412,#3413,#3414,#3415,#3416,#3417,#3418,#3419,#3420,#3421,#3422),
 .UNSPECIFIED.,.T.,.F.,(1,1,1,1,1,1,1,1,1,1,1,1,1,1,1,1,1,1,1,1,1,1,1,1,
1,1,1,1,1,1,1,1,1),(-0.00328063772076802,-0.00262451017661441,-0.00131225508830721,
0.,0.00131225508830721,0.00262451017661441,0.00393676526492162,0.00459289280907523,
0.00524902035322883,0.00557708412530563,0.00590514789738243,0.00623321166945924,
0.00656127544153604,0.00688933921361284,0.00721740298568964,0.00787353052984325,
0.00852965807399685,0.00918578561815045,0.0104980407064577,0.0118102957947649,
0.0131225508830721,0.0144348059713793,0.0150909335155329,0.0157470610596865,
0.0164031886038401,0.0170593161479937,0.0177154436921473,0.0183715712363009,
0.0196838263246081,0.0209960814129153,0.0223083365012225,0.0236205915895297,
0.0249328466778369),.UNSPECIFIED.);
#53=B_SPLINE_CURVE_WITH_KNOTS('',3,(#3499,#3500,#3501,#3502),
 .UNSPECIFIED.,.F.,.F.,(4,4),(0.00478909346825539,0.0052848353823881),
 .UNSPECIFIED.);
#54=B_SPLINE_CURVE_WITH_KNOTS('',3,(#3506,#3507,#3508,#3509),
 .UNSPECIFIED.,.F.,.F.,(4,4),(0.,0.000499201125849574),.UNSPECIFIED.);
#55=CYLINDRICAL_SURFACE('',#2122,0.003);
#56=CYLINDRICAL_SURFACE('',#2144,0.0015);
#57=CYLINDRICAL_SURFACE('',#2146,0.0015);
#58=CYLINDRICAL_SURFACE('',#2164,0.02);
#59=CYLINDRICAL_SURFACE('',#2166,0.00175);
#60=CYLINDRICAL_SURFACE('',#2168,0.00175);
#61=CYLINDRICAL_SURFACE('',#2170,0.00175);
#62=CYLINDRICAL_SURFACE('',#2186,0.0217917486635914);
#63=CYLINDRICAL_SURFACE('',#2189,0.0217917486635914);
#64=CYLINDRICAL_SURFACE('',#2202,0.00485);
#65=CYLINDRICAL_SURFACE('',#2205,0.00175);
#66=CYLINDRICAL_SURFACE('',#2206,0.00485);
#67=CYLINDRICAL_SURFACE('',#2215,0.0035);
#68=CYLINDRICAL_SURFACE('',#2216,0.0035);
#69=CYLINDRICAL_SURFACE('',#2217,0.003);
#70=CYLINDRICAL_SURFACE('',#2224,0.0035);
#71=CYLINDRICAL_SURFACE('',#2225,0.0035);
#72=CYLINDRICAL_SURFACE('',#2226,0.0015);
#73=CYLINDRICAL_SURFACE('',#2227,0.0015);
#74=CYLINDRICAL_SURFACE('',#2228,0.0015);
#75=CYLINDRICAL_SURFACE('',#2229,0.0015);
#76=CYLINDRICAL_SURFACE('',#2230,0.0015);
#77=CYLINDRICAL_SURFACE('',#2231,0.0015);
#78=CYLINDRICAL_SURFACE('',#2232,0.0023);
#79=CYLINDRICAL_SURFACE('',#2236,0.0023);
#80=CYLINDRICAL_SURFACE('',#2242,0.0019);
#81=CYLINDRICAL_SURFACE('',#2245,0.0019);
#82=CYLINDRICAL_SURFACE('',#2271,0.00485);
#83=CYLINDRICAL_SURFACE('',#2275,0.0149241967642193);
#84=CYLINDRICAL_SURFACE('',#2278,0.00175);
#85=CYLINDRICAL_SURFACE('',#2283,0.0015);
#86=CYLINDRICAL_SURFACE('',#2284,0.0015);
#87=CYLINDRICAL_SURFACE('',#2285,0.0015);
#88=CYLINDRICAL_SURFACE('',#2288,0.0149241967642193);
#89=CYLINDRICAL_SURFACE('',#2292,0.00485);
#90=CYLINDRICAL_SURFACE('',#2300,0.00175);
#91=CYLINDRICAL_SURFACE('',#2309,0.0015);
#92=CYLINDRICAL_SURFACE('',#2310,0.0015);
#93=CYLINDRICAL_SURFACE('',#2311,0.0015);
#94=CIRCLE('',#2116,0.0015);
#95=CIRCLE('',#2118,0.0015);
#96=CIRCLE('',#2120,0.0015);
#97=CIRCLE('',#2123,0.003);
#98=CIRCLE('',#2124,0.003);
#99=CIRCLE('',#2125,0.003);
#100=CIRCLE('',#2126,0.003);
#101=CIRCLE('',#2128,0.0015);
#102=CIRCLE('',#2130,0.0015);
#103=CIRCLE('',#2132,0.0015);
#104=CIRCLE('',#2134,0.0015);
#105=CIRCLE('',#2137,0.0015);
#106=CIRCLE('',#2139,0.0023);
#107=CIRCLE('',#2140,0.0023);
#108=CIRCLE('',#2141,0.0035);
#109=CIRCLE('',#2142,0.0035);
#110=CIRCLE('',#2143,0.02);
#111=CIRCLE('',#2145,0.0015);
#112=CIRCLE('',#2147,0.0015);
#113=CIRCLE('',#2149,0.0347917486635914);
#114=CIRCLE('',#2150,0.0217917486635914);
#115=CIRCLE('',#2152,0.0217917486635914);
#116=CIRCLE('',#2153,0.0347917486631468);
#117=CIRCLE('',#2163,0.0035);
#118=CIRCLE('',#2169,0.00175);
#119=CIRCLE('',#2171,0.00175);
#120=CIRCLE('',#2173,0.0217917486635914);
#121=CIRCLE('',#2174,0.00485);
#122=CIRCLE('',#2178,0.0015);
#123=CIRCLE('',#2179,0.0015);
#124=CIRCLE('',#2180,0.0015);
#125=CIRCLE('',#2183,0.0015);
#126=CIRCLE('',#2184,0.0015);
#127=CIRCLE('',#2185,0.0015);
#128=CIRCLE('',#2187,0.0217917486635914);
#129=CIRCLE('',#2188,0.0217917486635914);
#130=CIRCLE('',#2190,0.0217917486635914);
#131=CIRCLE('',#2192,0.0015);
#132=CIRCLE('',#2193,0.0015);
#133=CIRCLE('',#2194,0.0015);
#134=CIRCLE('',#2197,0.0015);
#135=CIRCLE('',#2198,0.0015);
#136=CIRCLE('',#2199,0.0015);
#137=CIRCLE('',#2203,0.00485);
#138=CIRCLE('',#2207,0.00485);
#139=CIRCLE('',#2208,0.00485);
#140=CIRCLE('',#2218,0.003);
#141=CIRCLE('',#2219,0.003);
#142=CIRCLE('',#2220,0.003);
#143=CIRCLE('',#2221,0.003);
#144=CIRCLE('',#2233,0.0023);
#145=CIRCLE('',#2235,0.0019);
#146=CIRCLE('',#2237,0.0023);
#147=CIRCLE('',#2239,0.0019);
#148=CIRCLE('',#2241,0.0019);
#149=CIRCLE('',#2244,0.0019);
#150=CIRCLE('',#2263,0.0015);
#151=CIRCLE('',#2264,0.0015);
#152=CIRCLE('',#2265,0.0015);
#153=CIRCLE('',#2268,0.0015);
#154=CIRCLE('',#2269,0.0015);
#155=CIRCLE('',#2270,0.0015);
#156=CIRCLE('',#2272,0.00485);
#157=CIRCLE('',#2273,0.00485);
#158=CIRCLE('',#2276,0.0149241967642193);
#159=CIRCLE('',#2277,0.0149241967642193);
#160=CIRCLE('',#2279,0.00175);
#161=CIRCLE('',#2280,0.00175);
#162=CIRCLE('',#2289,0.0149241967642193);
#163=CIRCLE('',#2290,0.0149241967642193);
#164=CIRCLE('',#2293,0.00485);
#165=CIRCLE('',#2294,0.00485);
#166=CIRCLE('',#2296,0.0015);
#167=CIRCLE('',#2297,0.0015);
#168=CIRCLE('',#2298,0.0015);
#169=CIRCLE('',#2301,0.00175);
#170=CIRCLE('',#2302,0.00175);
#171=CIRCLE('',#2304,0.0015);
#172=CIRCLE('',#2305,0.0015);
#173=CIRCLE('',#2306,0.0015);
#174=ORIENTED_EDGE('',*,*,#722,.F.);
#175=ORIENTED_EDGE('',*,*,#723,.T.);
#176=ORIENTED_EDGE('',*,*,#724,.F.);
#177=ORIENTED_EDGE('',*,*,#725,.F.);
#178=ORIENTED_EDGE('',*,*,#726,.T.);
#179=ORIENTED_EDGE('',*,*,#727,.T.);
#180=ORIENTED_EDGE('',*,*,#728,.F.);
#181=ORIENTED_EDGE('',*,*,#729,.F.);
#182=ORIENTED_EDGE('',*,*,#730,.F.);
#183=ORIENTED_EDGE('',*,*,#731,.T.);
#184=ORIENTED_EDGE('',*,*,#732,.T.);
#185=ORIENTED_EDGE('',*,*,#733,.T.);
#186=ORIENTED_EDGE('',*,*,#722,.T.);
#187=ORIENTED_EDGE('',*,*,#729,.T.);
#188=ORIENTED_EDGE('',*,*,#734,.F.);
#189=ORIENTED_EDGE('',*,*,#735,.T.);
#190=ORIENTED_EDGE('',*,*,#736,.F.);
#191=ORIENTED_EDGE('',*,*,#737,.F.);
#192=ORIENTED_EDGE('',*,*,#738,.T.);
#193=ORIENTED_EDGE('',*,*,#739,.T.);
#194=ORIENTED_EDGE('',*,*,#740,.T.);
#195=ORIENTED_EDGE('',*,*,#731,.F.);
#196=ORIENTED_EDGE('',*,*,#741,.T.);
#197=ORIENTED_EDGE('',*,*,#736,.T.);
#198=ORIENTED_EDGE('',*,*,#742,.T.);
#199=ORIENTED_EDGE('',*,*,#743,.F.);
#200=ORIENTED_EDGE('',*,*,#744,.T.);
#201=ORIENTED_EDGE('',*,*,#745,.F.);
#202=ORIENTED_EDGE('',*,*,#746,.F.);
#203=ORIENTED_EDGE('',*,*,#747,.T.);
#204=ORIENTED_EDGE('',*,*,#748,.F.);
#205=ORIENTED_EDGE('',*,*,#749,.T.);
#206=ORIENTED_EDGE('',*,*,#750,.F.);
#207=ORIENTED_EDGE('',*,*,#751,.T.);
#208=ORIENTED_EDGE('',*,*,#752,.T.);
#209=ORIENTED_EDGE('',*,*,#753,.F.);
#210=ORIENTED_EDGE('',*,*,#754,.F.);
#211=ORIENTED_EDGE('',*,*,#755,.T.);
#212=ORIENTED_EDGE('',*,*,#756,.F.);
#213=ORIENTED_EDGE('',*,*,#757,.T.);
#214=ORIENTED_EDGE('',*,*,#758,.T.);
#215=ORIENTED_EDGE('',*,*,#759,.T.);
#216=ORIENTED_EDGE('',*,*,#760,.T.);
#217=ORIENTED_EDGE('',*,*,#756,.T.);
#218=ORIENTED_EDGE('',*,*,#761,.F.);
#219=ORIENTED_EDGE('',*,*,#762,.T.);
#220=ORIENTED_EDGE('',*,*,#763,.F.);
#221=ORIENTED_EDGE('',*,*,#764,.F.);
#222=ORIENTED_EDGE('',*,*,#765,.F.);
#223=ORIENTED_EDGE('',*,*,#766,.F.);
#224=ORIENTED_EDGE('',*,*,#760,.F.);
#225=ORIENTED_EDGE('',*,*,#767,.F.);
#226=ORIENTED_EDGE('',*,*,#768,.F.);
#227=ORIENTED_EDGE('',*,*,#769,.F.);
#228=ORIENTED_EDGE('',*,*,#770,.T.);
#229=ORIENTED_EDGE('',*,*,#771,.T.);
#230=ORIENTED_EDGE('',*,*,#772,.F.);
#231=ORIENTED_EDGE('',*,*,#773,.F.);
#232=ORIENTED_EDGE('',*,*,#774,.F.);
#233=ORIENTED_EDGE('',*,*,#775,.T.);
#234=ORIENTED_EDGE('',*,*,#776,.F.);
#235=ORIENTED_EDGE('',*,*,#777,.F.);
#236=ORIENTED_EDGE('',*,*,#778,.T.);
#237=ORIENTED_EDGE('',*,*,#779,.T.);
#238=ORIENTED_EDGE('',*,*,#780,.T.);
#239=ORIENTED_EDGE('',*,*,#781,.T.);
#240=ORIENTED_EDGE('',*,*,#782,.F.);
#241=ORIENTED_EDGE('',*,*,#783,.F.);
#242=ORIENTED_EDGE('',*,*,#784,.T.);
#243=ORIENTED_EDGE('',*,*,#785,.T.);
#244=ORIENTED_EDGE('',*,*,#786,.F.);
#245=ORIENTED_EDGE('',*,*,#787,.T.);
#246=ORIENTED_EDGE('',*,*,#724,.T.);
#247=ORIENTED_EDGE('',*,*,#725,.T.);
#248=ORIENTED_EDGE('',*,*,#746,.T.);
#249=ORIENTED_EDGE('',*,*,#730,.T.);
#250=ORIENTED_EDGE('',*,*,#788,.F.);
#251=ORIENTED_EDGE('',*,*,#753,.T.);
#252=ORIENTED_EDGE('',*,*,#754,.T.);
#253=ORIENTED_EDGE('',*,*,#766,.T.);
#254=ORIENTED_EDGE('',*,*,#750,.T.);
#255=ORIENTED_EDGE('',*,*,#789,.F.);
#256=ORIENTED_EDGE('',*,*,#790,.F.);
#257=ORIENTED_EDGE('',*,*,#779,.F.);
#258=ORIENTED_EDGE('',*,*,#791,.F.);
#259=ORIENTED_EDGE('',*,*,#792,.F.);
#260=ORIENTED_EDGE('',*,*,#793,.F.);
#261=ORIENTED_EDGE('',*,*,#794,.F.);
#262=ORIENTED_EDGE('',*,*,#795,.F.);
#263=ORIENTED_EDGE('',*,*,#796,.F.);
#264=ORIENTED_EDGE('',*,*,#775,.F.);
#265=ORIENTED_EDGE('',*,*,#797,.F.);
#266=ORIENTED_EDGE('',*,*,#798,.F.);
#267=ORIENTED_EDGE('',*,*,#799,.F.);
#268=ORIENTED_EDGE('',*,*,#738,.F.);
#269=ORIENTED_EDGE('',*,*,#800,.T.);
#270=ORIENTED_EDGE('',*,*,#801,.T.);
#271=ORIENTED_EDGE('',*,*,#802,.T.);
#272=ORIENTED_EDGE('',*,*,#803,.T.);
#273=ORIENTED_EDGE('',*,*,#804,.F.);
#274=ORIENTED_EDGE('',*,*,#805,.T.);
#275=ORIENTED_EDGE('',*,*,#806,.F.);
#276=ORIENTED_EDGE('',*,*,#807,.F.);
#277=ORIENTED_EDGE('',*,*,#808,.T.);
#278=ORIENTED_EDGE('',*,*,#809,.T.);
#279=ORIENTED_EDGE('',*,*,#810,.F.);
#280=ORIENTED_EDGE('',*,*,#811,.F.);
#281=ORIENTED_EDGE('',*,*,#812,.T.);
#282=ORIENTED_EDGE('',*,*,#813,.F.);
#283=ORIENTED_EDGE('',*,*,#814,.T.);
#284=ORIENTED_EDGE('',*,*,#815,.F.);
#285=ORIENTED_EDGE('',*,*,#816,.T.);
#286=ORIENTED_EDGE('',*,*,#806,.T.);
#287=ORIENTED_EDGE('',*,*,#817,.T.);
#288=ORIENTED_EDGE('',*,*,#783,.T.);
#289=ORIENTED_EDGE('',*,*,#818,.F.);
#290=ORIENTED_EDGE('',*,*,#819,.T.);
#291=ORIENTED_EDGE('',*,*,#820,.F.);
#292=ORIENTED_EDGE('',*,*,#771,.F.);
#293=ORIENTED_EDGE('',*,*,#821,.T.);
#294=ORIENTED_EDGE('',*,*,#800,.F.);
#295=ORIENTED_EDGE('',*,*,#822,.F.);
#296=ORIENTED_EDGE('',*,*,#823,.T.);
#297=ORIENTED_EDGE('',*,*,#819,.F.);
#298=ORIENTED_EDGE('',*,*,#824,.F.);
#299=ORIENTED_EDGE('',*,*,#825,.T.);
#300=ORIENTED_EDGE('',*,*,#793,.T.);
#301=ORIENTED_EDGE('',*,*,#826,.T.);
#302=ORIENTED_EDGE('',*,*,#807,.T.);
#303=ORIENTED_EDGE('',*,*,#827,.T.);
#304=ORIENTED_EDGE('',*,*,#799,.T.);
#305=ORIENTED_EDGE('',*,*,#828,.F.);
#306=ORIENTED_EDGE('',*,*,#829,.T.);
#307=ORIENTED_EDGE('',*,*,#822,.T.);
#308=ORIENTED_EDGE('',*,*,#815,.T.);
#309=ORIENTED_EDGE('',*,*,#788,.T.);
#310=ORIENTED_EDGE('',*,*,#830,.F.);
#311=ORIENTED_EDGE('',*,*,#824,.T.);
#312=ORIENTED_EDGE('',*,*,#818,.T.);
#313=ORIENTED_EDGE('',*,*,#782,.T.);
#314=ORIENTED_EDGE('',*,*,#831,.F.);
#315=ORIENTED_EDGE('',*,*,#832,.T.);
#316=ORIENTED_EDGE('',*,*,#813,.T.);
#317=ORIENTED_EDGE('',*,*,#833,.T.);
#318=ORIENTED_EDGE('',*,*,#809,.F.);
#319=ORIENTED_EDGE('',*,*,#834,.T.);
#320=ORIENTED_EDGE('',*,*,#835,.T.);
#321=ORIENTED_EDGE('',*,*,#836,.T.);
#322=ORIENTED_EDGE('',*,*,#837,.F.);
#323=ORIENTED_EDGE('',*,*,#838,.F.);
#324=ORIENTED_EDGE('',*,*,#810,.T.);
#325=ORIENTED_EDGE('',*,*,#803,.F.);
#326=ORIENTED_EDGE('',*,*,#839,.T.);
#327=ORIENTED_EDGE('',*,*,#786,.T.);
#328=ORIENTED_EDGE('',*,*,#840,.F.);
#329=ORIENTED_EDGE('',*,*,#841,.F.);
#330=ORIENTED_EDGE('',*,*,#842,.F.);
#331=ORIENTED_EDGE('',*,*,#843,.F.);
#332=ORIENTED_EDGE('',*,*,#844,.F.);
#333=ORIENTED_EDGE('',*,*,#780,.F.);
#334=ORIENTED_EDGE('',*,*,#790,.T.);
#335=ORIENTED_EDGE('',*,*,#845,.T.);
#336=ORIENTED_EDGE('',*,*,#842,.T.);
#337=ORIENTED_EDGE('',*,*,#816,.F.);
#338=ORIENTED_EDGE('',*,*,#835,.F.);
#339=ORIENTED_EDGE('',*,*,#846,.T.);
#340=ORIENTED_EDGE('',*,*,#847,.T.);
#341=ORIENTED_EDGE('',*,*,#848,.F.);
#342=ORIENTED_EDGE('',*,*,#844,.T.);
#343=ORIENTED_EDGE('',*,*,#849,.F.);
#344=ORIENTED_EDGE('',*,*,#843,.T.);
#345=ORIENTED_EDGE('',*,*,#850,.F.);
#346=ORIENTED_EDGE('',*,*,#836,.F.);
#347=ORIENTED_EDGE('',*,*,#848,.T.);
#348=ORIENTED_EDGE('',*,*,#851,.F.);
#349=ORIENTED_EDGE('',*,*,#852,.F.);
#350=ORIENTED_EDGE('',*,*,#853,.T.);
#351=ORIENTED_EDGE('',*,*,#854,.T.);
#352=ORIENTED_EDGE('',*,*,#855,.T.);
#353=ORIENTED_EDGE('',*,*,#856,.F.);
#354=ORIENTED_EDGE('',*,*,#857,.T.);
#355=ORIENTED_EDGE('',*,*,#858,.T.);
#356=ORIENTED_EDGE('',*,*,#859,.F.);
#357=ORIENTED_EDGE('',*,*,#860,.F.);
#358=ORIENTED_EDGE('',*,*,#861,.T.);
#359=ORIENTED_EDGE('',*,*,#862,.T.);
#360=ORIENTED_EDGE('',*,*,#861,.F.);
#361=ORIENTED_EDGE('',*,*,#863,.F.);
#362=ORIENTED_EDGE('',*,*,#864,.T.);
#363=ORIENTED_EDGE('',*,*,#865,.T.);
#364=ORIENTED_EDGE('',*,*,#866,.T.);
#365=ORIENTED_EDGE('',*,*,#867,.T.);
#366=ORIENTED_EDGE('',*,*,#868,.T.);
#367=ORIENTED_EDGE('',*,*,#864,.F.);
#368=ORIENTED_EDGE('',*,*,#869,.F.);
#369=ORIENTED_EDGE('',*,*,#870,.T.);
#370=ORIENTED_EDGE('',*,*,#871,.F.);
#371=ORIENTED_EDGE('',*,*,#870,.F.);
#372=ORIENTED_EDGE('',*,*,#872,.T.);
#373=ORIENTED_EDGE('',*,*,#873,.T.);
#374=ORIENTED_EDGE('',*,*,#874,.F.);
#375=ORIENTED_EDGE('',*,*,#875,.F.);
#376=ORIENTED_EDGE('',*,*,#876,.F.);
#377=ORIENTED_EDGE('',*,*,#877,.F.);
#378=ORIENTED_EDGE('',*,*,#873,.F.);
#379=ORIENTED_EDGE('',*,*,#878,.T.);
#380=ORIENTED_EDGE('',*,*,#879,.T.);
#381=ORIENTED_EDGE('',*,*,#776,.T.);
#382=ORIENTED_EDGE('',*,*,#796,.T.);
#383=ORIENTED_EDGE('',*,*,#880,.T.);
#384=ORIENTED_EDGE('',*,*,#831,.T.);
#385=ORIENTED_EDGE('',*,*,#881,.F.);
#386=ORIENTED_EDGE('',*,*,#879,.F.);
#387=ORIENTED_EDGE('',*,*,#882,.T.);
#388=ORIENTED_EDGE('',*,*,#883,.T.);
#389=ORIENTED_EDGE('',*,*,#791,.T.);
#390=ORIENTED_EDGE('',*,*,#778,.F.);
#391=ORIENTED_EDGE('',*,*,#884,.F.);
#392=ORIENTED_EDGE('',*,*,#885,.T.);
#393=ORIENTED_EDGE('',*,*,#851,.T.);
#394=ORIENTED_EDGE('',*,*,#847,.F.);
#395=ORIENTED_EDGE('',*,*,#886,.T.);
#396=ORIENTED_EDGE('',*,*,#887,.T.);
#397=ORIENTED_EDGE('',*,*,#888,.T.);
#398=ORIENTED_EDGE('',*,*,#852,.T.);
#399=ORIENTED_EDGE('',*,*,#885,.F.);
#400=ORIENTED_EDGE('',*,*,#889,.F.);
#401=ORIENTED_EDGE('',*,*,#890,.T.);
#402=ORIENTED_EDGE('',*,*,#853,.F.);
#403=ORIENTED_EDGE('',*,*,#890,.F.);
#404=ORIENTED_EDGE('',*,*,#891,.T.);
#405=ORIENTED_EDGE('',*,*,#892,.T.);
#406=ORIENTED_EDGE('',*,*,#893,.F.);
#407=ORIENTED_EDGE('',*,*,#894,.F.);
#408=ORIENTED_EDGE('',*,*,#895,.F.);
#409=ORIENTED_EDGE('',*,*,#854,.F.);
#410=ORIENTED_EDGE('',*,*,#892,.F.);
#411=ORIENTED_EDGE('',*,*,#896,.T.);
#412=ORIENTED_EDGE('',*,*,#897,.T.);
#413=ORIENTED_EDGE('',*,*,#855,.F.);
#414=ORIENTED_EDGE('',*,*,#897,.F.);
#415=ORIENTED_EDGE('',*,*,#898,.T.);
#416=ORIENTED_EDGE('',*,*,#899,.T.);
#417=ORIENTED_EDGE('',*,*,#856,.T.);
#418=ORIENTED_EDGE('',*,*,#899,.F.);
#419=ORIENTED_EDGE('',*,*,#900,.F.);
#420=ORIENTED_EDGE('',*,*,#901,.T.);
#421=ORIENTED_EDGE('',*,*,#857,.F.);
#422=ORIENTED_EDGE('',*,*,#901,.F.);
#423=ORIENTED_EDGE('',*,*,#902,.T.);
#424=ORIENTED_EDGE('',*,*,#837,.T.);
#425=ORIENTED_EDGE('',*,*,#903,.T.);
#426=ORIENTED_EDGE('',*,*,#812,.F.);
#427=ORIENTED_EDGE('',*,*,#904,.F.);
#428=ORIENTED_EDGE('',*,*,#905,.T.);
#429=ORIENTED_EDGE('',*,*,#820,.T.);
#430=ORIENTED_EDGE('',*,*,#841,.T.);
#431=ORIENTED_EDGE('',*,*,#906,.F.);
#432=ORIENTED_EDGE('',*,*,#905,.F.);
#433=ORIENTED_EDGE('',*,*,#907,.T.);
#434=ORIENTED_EDGE('',*,*,#859,.T.);
#435=ORIENTED_EDGE('',*,*,#860,.T.);
#436=ORIENTED_EDGE('',*,*,#907,.F.);
#437=ORIENTED_EDGE('',*,*,#904,.T.);
#438=ORIENTED_EDGE('',*,*,#811,.T.);
#439=ORIENTED_EDGE('',*,*,#838,.T.);
#440=ORIENTED_EDGE('',*,*,#902,.F.);
#441=ORIENTED_EDGE('',*,*,#900,.T.);
#442=ORIENTED_EDGE('',*,*,#898,.F.);
#443=ORIENTED_EDGE('',*,*,#896,.F.);
#444=ORIENTED_EDGE('',*,*,#891,.F.);
#445=ORIENTED_EDGE('',*,*,#889,.T.);
#446=ORIENTED_EDGE('',*,*,#884,.T.);
#447=ORIENTED_EDGE('',*,*,#777,.T.);
#448=ORIENTED_EDGE('',*,*,#882,.F.);
#449=ORIENTED_EDGE('',*,*,#878,.F.);
#450=ORIENTED_EDGE('',*,*,#872,.F.);
#451=ORIENTED_EDGE('',*,*,#869,.T.);
#452=ORIENTED_EDGE('',*,*,#863,.T.);
#453=ORIENTED_EDGE('',*,*,#849,.T.);
#454=ORIENTED_EDGE('',*,*,#850,.T.);
#455=ORIENTED_EDGE('',*,*,#833,.F.);
#456=ORIENTED_EDGE('',*,*,#903,.F.);
#457=ORIENTED_EDGE('',*,*,#906,.T.);
#458=ORIENTED_EDGE('',*,*,#858,.F.);
#459=ORIENTED_EDGE('',*,*,#862,.F.);
#460=ORIENTED_EDGE('',*,*,#868,.F.);
#461=ORIENTED_EDGE('',*,*,#871,.T.);
#462=ORIENTED_EDGE('',*,*,#877,.T.);
#463=ORIENTED_EDGE('',*,*,#881,.T.);
#464=ORIENTED_EDGE('',*,*,#908,.F.);
#465=ORIENTED_EDGE('',*,*,#797,.T.);
#466=ORIENTED_EDGE('',*,*,#774,.T.);
#467=ORIENTED_EDGE('',*,*,#787,.F.);
#468=ORIENTED_EDGE('',*,*,#829,.F.);
#469=ORIENTED_EDGE('',*,*,#909,.T.);
#470=ORIENTED_EDGE('',*,*,#772,.T.);
#471=ORIENTED_EDGE('',*,*,#823,.F.);
#472=ORIENTED_EDGE('',*,*,#909,.F.);
#473=ORIENTED_EDGE('',*,*,#828,.T.);
#474=ORIENTED_EDGE('',*,*,#798,.T.);
#475=ORIENTED_EDGE('',*,*,#908,.T.);
#476=ORIENTED_EDGE('',*,*,#773,.T.);
#477=ORIENTED_EDGE('',*,*,#845,.F.);
#478=ORIENTED_EDGE('',*,*,#789,.T.);
#479=ORIENTED_EDGE('',*,*,#825,.F.);
#480=ORIENTED_EDGE('',*,*,#830,.T.);
#481=ORIENTED_EDGE('',*,*,#781,.F.);
#482=ORIENTED_EDGE('',*,*,#814,.F.);
#483=ORIENTED_EDGE('',*,*,#832,.F.);
#484=ORIENTED_EDGE('',*,*,#880,.F.);
#485=ORIENTED_EDGE('',*,*,#795,.T.);
#486=ORIENTED_EDGE('',*,*,#827,.F.);
#487=ORIENTED_EDGE('',*,*,#883,.F.);
#488=ORIENTED_EDGE('',*,*,#846,.F.);
#489=ORIENTED_EDGE('',*,*,#834,.F.);
#490=ORIENTED_EDGE('',*,*,#808,.F.);
#491=ORIENTED_EDGE('',*,*,#826,.F.);
#492=ORIENTED_EDGE('',*,*,#792,.T.);
#493=ORIENTED_EDGE('',*,*,#910,.F.);
#494=ORIENTED_EDGE('',*,*,#757,.F.);
#495=ORIENTED_EDGE('',*,*,#911,.F.);
#496=ORIENTED_EDGE('',*,*,#763,.T.);
#497=ORIENTED_EDGE('',*,*,#912,.F.);
#498=ORIENTED_EDGE('',*,*,#913,.F.);
#499=ORIENTED_EDGE('',*,*,#914,.F.);
#500=ORIENTED_EDGE('',*,*,#915,.T.);
#501=ORIENTED_EDGE('',*,*,#794,.T.);
#502=ORIENTED_EDGE('',*,*,#785,.F.);
#503=ORIENTED_EDGE('',*,*,#916,.T.);
#504=ORIENTED_EDGE('',*,*,#804,.T.);
#505=ORIENTED_EDGE('',*,*,#840,.T.);
#506=ORIENTED_EDGE('',*,*,#802,.F.);
#507=ORIENTED_EDGE('',*,*,#917,.T.);
#508=ORIENTED_EDGE('',*,*,#769,.T.);
#509=ORIENTED_EDGE('',*,*,#839,.F.);
#510=ORIENTED_EDGE('',*,*,#801,.F.);
#511=ORIENTED_EDGE('',*,*,#821,.F.);
#512=ORIENTED_EDGE('',*,*,#770,.F.);
#513=ORIENTED_EDGE('',*,*,#917,.F.);
#514=ORIENTED_EDGE('',*,*,#805,.F.);
#515=ORIENTED_EDGE('',*,*,#916,.F.);
#516=ORIENTED_EDGE('',*,*,#784,.F.);
#517=ORIENTED_EDGE('',*,*,#817,.F.);
#518=ORIENTED_EDGE('',*,*,#895,.T.);
#519=ORIENTED_EDGE('',*,*,#888,.F.);
#520=ORIENTED_EDGE('',*,*,#894,.T.);
#521=ORIENTED_EDGE('',*,*,#887,.F.);
#522=ORIENTED_EDGE('',*,*,#893,.T.);
#523=ORIENTED_EDGE('',*,*,#886,.F.);
#524=ORIENTED_EDGE('',*,*,#876,.T.);
#525=ORIENTED_EDGE('',*,*,#867,.F.);
#526=ORIENTED_EDGE('',*,*,#875,.T.);
#527=ORIENTED_EDGE('',*,*,#866,.F.);
#528=ORIENTED_EDGE('',*,*,#874,.T.);
#529=ORIENTED_EDGE('',*,*,#865,.F.);
#530=ORIENTED_EDGE('',*,*,#918,.F.);
#531=ORIENTED_EDGE('',*,*,#768,.T.);
#532=ORIENTED_EDGE('',*,*,#919,.F.);
#533=ORIENTED_EDGE('',*,*,#918,.T.);
#534=ORIENTED_EDGE('',*,*,#920,.F.);
#535=ORIENTED_EDGE('',*,*,#767,.T.);
#536=ORIENTED_EDGE('',*,*,#921,.F.);
#537=ORIENTED_EDGE('',*,*,#920,.T.);
#538=ORIENTED_EDGE('',*,*,#922,.T.);
#539=ORIENTED_EDGE('',*,*,#922,.F.);
#540=ORIENTED_EDGE('',*,*,#919,.T.);
#541=ORIENTED_EDGE('',*,*,#923,.T.);
#542=ORIENTED_EDGE('',*,*,#923,.F.);
#543=ORIENTED_EDGE('',*,*,#921,.T.);
#544=ORIENTED_EDGE('',*,*,#764,.T.);
#545=ORIENTED_EDGE('',*,*,#911,.T.);
#546=ORIENTED_EDGE('',*,*,#924,.F.);
#547=ORIENTED_EDGE('',*,*,#925,.F.);
#548=ORIENTED_EDGE('',*,*,#915,.F.);
#549=ORIENTED_EDGE('',*,*,#926,.T.);
#550=ORIENTED_EDGE('',*,*,#913,.T.);
#551=ORIENTED_EDGE('',*,*,#927,.F.);
#552=ORIENTED_EDGE('',*,*,#928,.T.);
#553=ORIENTED_EDGE('',*,*,#751,.F.);
#554=ORIENTED_EDGE('',*,*,#749,.F.);
#555=ORIENTED_EDGE('',*,*,#926,.F.);
#556=ORIENTED_EDGE('',*,*,#914,.T.);
#557=ORIENTED_EDGE('',*,*,#752,.F.);
#558=ORIENTED_EDGE('',*,*,#928,.F.);
#559=ORIENTED_EDGE('',*,*,#929,.T.);
#560=ORIENTED_EDGE('',*,*,#761,.T.);
#561=ORIENTED_EDGE('',*,*,#755,.F.);
#562=ORIENTED_EDGE('',*,*,#929,.F.);
#563=ORIENTED_EDGE('',*,*,#927,.T.);
#564=ORIENTED_EDGE('',*,*,#912,.T.);
#565=ORIENTED_EDGE('',*,*,#762,.F.);
#566=ORIENTED_EDGE('',*,*,#748,.T.);
#567=ORIENTED_EDGE('',*,*,#765,.T.);
#568=ORIENTED_EDGE('',*,*,#759,.F.);
#569=ORIENTED_EDGE('',*,*,#930,.F.);
#570=ORIENTED_EDGE('',*,*,#924,.T.);
#571=ORIENTED_EDGE('',*,*,#910,.T.);
#572=ORIENTED_EDGE('',*,*,#925,.T.);
#573=ORIENTED_EDGE('',*,*,#930,.T.);
#574=ORIENTED_EDGE('',*,*,#758,.F.);
#575=ORIENTED_EDGE('',*,*,#931,.F.);
#576=ORIENTED_EDGE('',*,*,#932,.F.);
#577=ORIENTED_EDGE('',*,*,#739,.F.);
#578=ORIENTED_EDGE('',*,*,#933,.T.);
#579=ORIENTED_EDGE('',*,*,#743,.T.);
#580=ORIENTED_EDGE('',*,*,#934,.F.);
#581=ORIENTED_EDGE('',*,*,#935,.T.);
#582=ORIENTED_EDGE('',*,*,#747,.F.);
#583=ORIENTED_EDGE('',*,*,#727,.F.);
#584=ORIENTED_EDGE('',*,*,#933,.F.);
#585=ORIENTED_EDGE('',*,*,#744,.F.);
#586=ORIENTED_EDGE('',*,*,#737,.T.);
#587=ORIENTED_EDGE('',*,*,#741,.F.);
#588=ORIENTED_EDGE('',*,*,#728,.T.);
#589=ORIENTED_EDGE('',*,*,#745,.T.);
#590=ORIENTED_EDGE('',*,*,#935,.F.);
#591=ORIENTED_EDGE('',*,*,#936,.F.);
#592=ORIENTED_EDGE('',*,*,#734,.T.);
#593=ORIENTED_EDGE('',*,*,#936,.T.);
#594=ORIENTED_EDGE('',*,*,#934,.T.);
#595=ORIENTED_EDGE('',*,*,#742,.F.);
#596=ORIENTED_EDGE('',*,*,#735,.F.);
#597=ORIENTED_EDGE('',*,*,#723,.F.);
#598=ORIENTED_EDGE('',*,*,#733,.F.);
#599=ORIENTED_EDGE('',*,*,#937,.T.);
#600=ORIENTED_EDGE('',*,*,#931,.T.);
#601=ORIENTED_EDGE('',*,*,#726,.F.);
#602=ORIENTED_EDGE('',*,*,#740,.F.);
#603=ORIENTED_EDGE('',*,*,#932,.T.);
#604=ORIENTED_EDGE('',*,*,#937,.F.);
#605=ORIENTED_EDGE('',*,*,#732,.F.);
#606=ORIENTED_EDGE('',*,*,#938,.T.);
#607=ORIENTED_EDGE('',*,*,#939,.F.);
#608=ORIENTED_EDGE('',*,*,#940,.F.);
#609=ORIENTED_EDGE('',*,*,#941,.T.);
#610=ORIENTED_EDGE('',*,*,#942,.T.);
#611=ORIENTED_EDGE('',*,*,#943,.T.);
#612=ORIENTED_EDGE('',*,*,#944,.T.);
#613=ORIENTED_EDGE('',*,*,#945,.T.);
#614=ORIENTED_EDGE('',*,*,#941,.F.);
#615=ORIENTED_EDGE('',*,*,#946,.F.);
#616=ORIENTED_EDGE('',*,*,#947,.T.);
#617=ORIENTED_EDGE('',*,*,#948,.T.);
#618=ORIENTED_EDGE('',*,*,#947,.F.);
#619=ORIENTED_EDGE('',*,*,#949,.F.);
#620=ORIENTED_EDGE('',*,*,#950,.T.);
#621=ORIENTED_EDGE('',*,*,#951,.T.);
#622=ORIENTED_EDGE('',*,*,#952,.T.);
#623=ORIENTED_EDGE('',*,*,#953,.T.);
#624=ORIENTED_EDGE('',*,*,#954,.T.);
#625=ORIENTED_EDGE('',*,*,#950,.F.);
#626=ORIENTED_EDGE('',*,*,#955,.F.);
#627=ORIENTED_EDGE('',*,*,#956,.T.);
#628=ORIENTED_EDGE('',*,*,#957,.F.);
#629=ORIENTED_EDGE('',*,*,#956,.F.);
#630=ORIENTED_EDGE('',*,*,#958,.T.);
#631=ORIENTED_EDGE('',*,*,#959,.T.);
#632=ORIENTED_EDGE('',*,*,#960,.T.);
#633=ORIENTED_EDGE('',*,*,#959,.F.);
#634=ORIENTED_EDGE('',*,*,#961,.F.);
#635=ORIENTED_EDGE('',*,*,#962,.T.);
#636=ORIENTED_EDGE('',*,*,#963,.T.);
#637=ORIENTED_EDGE('',*,*,#962,.F.);
#638=ORIENTED_EDGE('',*,*,#964,.F.);
#639=ORIENTED_EDGE('',*,*,#939,.T.);
#640=ORIENTED_EDGE('',*,*,#965,.T.);
#641=ORIENTED_EDGE('',*,*,#966,.F.);
#642=ORIENTED_EDGE('',*,*,#940,.T.);
#643=ORIENTED_EDGE('',*,*,#964,.T.);
#644=ORIENTED_EDGE('',*,*,#961,.T.);
#645=ORIENTED_EDGE('',*,*,#958,.F.);
#646=ORIENTED_EDGE('',*,*,#955,.T.);
#647=ORIENTED_EDGE('',*,*,#949,.T.);
#648=ORIENTED_EDGE('',*,*,#946,.T.);
#649=ORIENTED_EDGE('',*,*,#965,.F.);
#650=ORIENTED_EDGE('',*,*,#938,.F.);
#651=ORIENTED_EDGE('',*,*,#945,.F.);
#652=ORIENTED_EDGE('',*,*,#948,.F.);
#653=ORIENTED_EDGE('',*,*,#954,.F.);
#654=ORIENTED_EDGE('',*,*,#957,.T.);
#655=ORIENTED_EDGE('',*,*,#960,.F.);
#656=ORIENTED_EDGE('',*,*,#963,.F.);
#657=ORIENTED_EDGE('',*,*,#966,.T.);
#658=ORIENTED_EDGE('',*,*,#953,.F.);
#659=ORIENTED_EDGE('',*,*,#944,.F.);
#660=ORIENTED_EDGE('',*,*,#952,.F.);
#661=ORIENTED_EDGE('',*,*,#943,.F.);
#662=ORIENTED_EDGE('',*,*,#951,.F.);
#663=ORIENTED_EDGE('',*,*,#942,.F.);
#664=ORIENTED_EDGE('',*,*,#967,.F.);
#665=ORIENTED_EDGE('',*,*,#968,.F.);
#666=ORIENTED_EDGE('',*,*,#969,.T.);
#667=ORIENTED_EDGE('',*,*,#970,.T.);
#668=ORIENTED_EDGE('',*,*,#971,.F.);
#669=ORIENTED_EDGE('',*,*,#970,.F.);
#670=ORIENTED_EDGE('',*,*,#972,.T.);
#671=ORIENTED_EDGE('',*,*,#973,.T.);
#672=ORIENTED_EDGE('',*,*,#974,.T.);
#673=ORIENTED_EDGE('',*,*,#973,.F.);
#674=ORIENTED_EDGE('',*,*,#975,.F.);
#675=ORIENTED_EDGE('',*,*,#976,.T.);
#676=ORIENTED_EDGE('',*,*,#977,.F.);
#677=ORIENTED_EDGE('',*,*,#976,.F.);
#678=ORIENTED_EDGE('',*,*,#978,.T.);
#679=ORIENTED_EDGE('',*,*,#979,.T.);
#680=ORIENTED_EDGE('',*,*,#980,.T.);
#681=ORIENTED_EDGE('',*,*,#981,.T.);
#682=ORIENTED_EDGE('',*,*,#982,.T.);
#683=ORIENTED_EDGE('',*,*,#983,.T.);
#684=ORIENTED_EDGE('',*,*,#979,.F.);
#685=ORIENTED_EDGE('',*,*,#984,.F.);
#686=ORIENTED_EDGE('',*,*,#985,.T.);
#687=ORIENTED_EDGE('',*,*,#986,.T.);
#688=ORIENTED_EDGE('',*,*,#985,.F.);
#689=ORIENTED_EDGE('',*,*,#987,.F.);
#690=ORIENTED_EDGE('',*,*,#988,.T.);
#691=ORIENTED_EDGE('',*,*,#989,.F.);
#692=ORIENTED_EDGE('',*,*,#990,.T.);
#693=ORIENTED_EDGE('',*,*,#991,.T.);
#694=ORIENTED_EDGE('',*,*,#992,.T.);
#695=ORIENTED_EDGE('',*,*,#993,.T.);
#696=ORIENTED_EDGE('',*,*,#994,.T.);
#697=ORIENTED_EDGE('',*,*,#988,.F.);
#698=ORIENTED_EDGE('',*,*,#995,.F.);
#699=ORIENTED_EDGE('',*,*,#968,.T.);
#700=ORIENTED_EDGE('',*,*,#989,.T.);
#701=ORIENTED_EDGE('',*,*,#969,.F.);
#702=ORIENTED_EDGE('',*,*,#995,.T.);
#703=ORIENTED_EDGE('',*,*,#987,.T.);
#704=ORIENTED_EDGE('',*,*,#984,.T.);
#705=ORIENTED_EDGE('',*,*,#978,.F.);
#706=ORIENTED_EDGE('',*,*,#975,.T.);
#707=ORIENTED_EDGE('',*,*,#972,.F.);
#708=ORIENTED_EDGE('',*,*,#990,.F.);
#709=ORIENTED_EDGE('',*,*,#967,.T.);
#710=ORIENTED_EDGE('',*,*,#971,.T.);
#711=ORIENTED_EDGE('',*,*,#974,.F.);
#712=ORIENTED_EDGE('',*,*,#977,.T.);
#713=ORIENTED_EDGE('',*,*,#983,.F.);
#714=ORIENTED_EDGE('',*,*,#986,.F.);
#715=ORIENTED_EDGE('',*,*,#994,.F.);
#716=ORIENTED_EDGE('',*,*,#993,.F.);
#717=ORIENTED_EDGE('',*,*,#982,.F.);
#718=ORIENTED_EDGE('',*,*,#992,.F.);
#719=ORIENTED_EDGE('',*,*,#981,.F.);
#720=ORIENTED_EDGE('',*,*,#991,.F.);
#721=ORIENTED_EDGE('',*,*,#980,.F.);
#722=EDGE_CURVE('',#996,#997,#1192,.T.);
#723=EDGE_CURVE('',#996,#998,#1193,.T.);
#724=EDGE_CURVE('',#997,#998,#94,.T.);
#725=EDGE_CURVE('',#998,#999,#95,.T.);
#726=EDGE_CURVE('',#998,#1000,#1194,.T.);
#727=EDGE_CURVE('',#1000,#999,#1195,.T.);
#728=EDGE_CURVE('',#1001,#1002,#1196,.T.);
#729=EDGE_CURVE('',#997,#1001,#1197,.T.);
#730=EDGE_CURVE('',#1002,#997,#96,.T.);
#731=EDGE_CURVE('',#1003,#1004,#1198,.T.);
#732=EDGE_CURVE('',#1004,#1005,#1199,.T.);
#733=EDGE_CURVE('',#1005,#996,#1200,.T.);
#734=EDGE_CURVE('',#1006,#1001,#1201,.T.);
#735=EDGE_CURVE('',#1006,#1007,#1202,.T.);
#736=EDGE_CURVE('',#1008,#1007,#1203,.T.);
#737=EDGE_CURVE('',#1003,#1008,#1204,.T.);
#738=EDGE_CURVE('',#1009,#1009,#29,.T.);
#739=EDGE_CURVE('',#1010,#1011,#1205,.T.);
#740=EDGE_CURVE('',#1011,#1004,#97,.T.);
#741=EDGE_CURVE('',#1003,#1008,#98,.T.);
#742=EDGE_CURVE('',#1007,#1012,#99,.T.);
#743=EDGE_CURVE('',#1013,#1012,#1206,.T.);
#744=EDGE_CURVE('',#1013,#1010,#100,.T.);
#745=EDGE_CURVE('',#1002,#1014,#1207,.T.);
#746=EDGE_CURVE('',#999,#1002,#101,.T.);
#747=EDGE_CURVE('',#999,#1014,#1208,.T.);
#748=EDGE_CURVE('',#1015,#1016,#1209,.T.);
#749=EDGE_CURVE('',#1015,#1017,#1210,.T.);
#750=EDGE_CURVE('',#1016,#1017,#102,.T.);
#751=EDGE_CURVE('',#1017,#1018,#1211,.T.);
#752=EDGE_CURVE('',#1018,#1019,#1212,.T.);
#753=EDGE_CURVE('',#1017,#1019,#103,.T.);
#754=EDGE_CURVE('',#1019,#1020,#104,.T.);
#755=EDGE_CURVE('',#1019,#1021,#1213,.T.);
#756=EDGE_CURVE('',#1020,#1021,#1214,.T.);
#757=EDGE_CURVE('',#1022,#1023,#1215,.T.);
#758=EDGE_CURVE('',#1023,#1024,#1216,.T.);
#759=EDGE_CURVE('',#1024,#1025,#1217,.T.);
#760=EDGE_CURVE('',#1025,#1020,#1218,.T.);
#761=EDGE_CURVE('',#1026,#1021,#1219,.T.);
#762=EDGE_CURVE('',#1026,#1027,#1220,.T.);
#763=EDGE_CURVE('',#1028,#1027,#1221,.T.);
#764=EDGE_CURVE('',#1022,#1028,#1222,.T.);
#765=EDGE_CURVE('',#1016,#1025,#1223,.T.);
#766=EDGE_CURVE('',#1020,#1016,#105,.T.);
#767=EDGE_CURVE('',#1029,#1029,#106,.T.);
#768=EDGE_CURVE('',#1030,#1030,#107,.T.);
#769=EDGE_CURVE('',#1031,#1032,#1224,.T.);
#770=EDGE_CURVE('',#1031,#1033,#108,.F.);
#771=EDGE_CURVE('',#1033,#1034,#1225,.T.);
#772=EDGE_CURVE('',#1035,#1034,#1226,.T.);
#773=EDGE_CURVE('',#1036,#1035,#1227,.T.);
#774=EDGE_CURVE('',#1037,#1036,#1228,.T.);
#775=EDGE_CURVE('',#1037,#1038,#30,.T.);
#776=EDGE_CURVE('',#1039,#1038,#1229,.T.);
#777=EDGE_CURVE('',#1040,#1039,#1230,.T.);
#778=EDGE_CURVE('',#1040,#1041,#1231,.T.);
#779=EDGE_CURVE('',#1041,#1042,#31,.T.);
#780=EDGE_CURVE('',#1042,#1043,#1232,.T.);
#781=EDGE_CURVE('',#1043,#1044,#1233,.T.);
#782=EDGE_CURVE('',#1045,#1044,#1234,.T.);
#783=EDGE_CURVE('',#1046,#1045,#1235,.T.);
#784=EDGE_CURVE('',#1046,#1047,#109,.F.);
#785=EDGE_CURVE('',#1047,#1048,#1236,.T.);
#786=EDGE_CURVE('',#1032,#1048,#110,.T.);
#787=EDGE_CURVE('',#1049,#1049,#111,.T.);
#788=EDGE_CURVE('',#1050,#1050,#112,.T.);
#789=EDGE_CURVE('',#1051,#1052,#32,.T.);
#790=EDGE_CURVE('',#1042,#1051,#113,.T.);
#791=EDGE_CURVE('',#1053,#1041,#114,.F.);
#792=EDGE_CURVE('',#1054,#1053,#33,.T.);
#793=EDGE_CURVE('',#1052,#1054,#34,.T.);
#794=EDGE_CURVE('',#1055,#1055,#35,.T.);
#795=EDGE_CURVE('',#1056,#1057,#36,.T.);
#796=EDGE_CURVE('',#1038,#1056,#115,.F.);
#797=EDGE_CURVE('',#1058,#1037,#116,.T.);
#798=EDGE_CURVE('',#1059,#1058,#37,.T.);
#799=EDGE_CURVE('',#1057,#1059,#38,.T.);
#800=EDGE_CURVE('',#1060,#1061,#39,.T.);
#801=EDGE_CURVE('',#1061,#1062,#40,.T.);
#802=EDGE_CURVE('',#1062,#1063,#41,.T.);
#803=EDGE_CURVE('',#1063,#1064,#42,.T.);
#804=EDGE_CURVE('',#1065,#1064,#43,.T.);
#805=EDGE_CURVE('',#1065,#1066,#44,.T.);
#806=EDGE_CURVE('',#1067,#1066,#45,.T.);
#807=EDGE_CURVE('',#1068,#1067,#1237,.T.);
#808=EDGE_CURVE('',#1068,#1069,#46,.T.);
#809=EDGE_CURVE('',#1069,#1070,#1238,.T.);
#810=EDGE_CURVE('',#1071,#1070,#1239,.T.);
#811=EDGE_CURVE('',#1072,#1071,#47,.T.);
#812=EDGE_CURVE('',#1072,#1073,#1240,.T.);
#813=EDGE_CURVE('',#1074,#1073,#1241,.T.);
#814=EDGE_CURVE('',#1074,#1075,#48,.T.);
#815=EDGE_CURVE('',#1060,#1075,#1242,.F.);
#816=EDGE_CURVE('',#1076,#1076,#24,.F.);
#817=EDGE_CURVE('',#1066,#1046,#1243,.T.);
#818=EDGE_CURVE('',#1077,#1045,#1244,.T.);
#819=EDGE_CURVE('',#1077,#1067,#1245,.T.);
#820=EDGE_CURVE('',#1078,#1078,#25,.F.);
#821=EDGE_CURVE('',#1033,#1061,#1246,.F.);
#822=EDGE_CURVE('',#1079,#1060,#1247,.T.);
#823=EDGE_CURVE('',#1079,#1034,#1248,.T.);
#824=EDGE_CURVE('',#1080,#1077,#1249,.T.);
#825=EDGE_CURVE('',#1080,#1052,#1250,.T.);
#826=EDGE_CURVE('',#1054,#1068,#1251,.T.);
#827=EDGE_CURVE('',#1075,#1057,#1252,.F.);
#828=EDGE_CURVE('',#1081,#1059,#1253,.T.);
#829=EDGE_CURVE('',#1081,#1079,#1254,.T.);
#830=EDGE_CURVE('',#1080,#1044,#1255,.T.);
#831=EDGE_CURVE('',#1082,#1083,#1256,.T.);
#832=EDGE_CURVE('',#1082,#1074,#1257,.F.);
#833=EDGE_CURVE('',#1073,#1083,#1258,.T.);
#834=EDGE_CURVE('',#1069,#1084,#117,.F.);
#835=EDGE_CURVE('',#1084,#1085,#1259,.T.);
#836=EDGE_CURVE('',#1085,#1086,#1260,.T.);
#837=EDGE_CURVE('',#1087,#1086,#1261,.T.);
#838=EDGE_CURVE('',#1071,#1087,#1262,.T.);
#839=EDGE_CURVE('',#1063,#1032,#1263,.T.);
#840=EDGE_CURVE('',#1064,#1048,#1264,.T.);
#841=EDGE_CURVE('',#1088,#1088,#49,.T.);
#842=EDGE_CURVE('',#1089,#1089,#50,.T.);
#843=EDGE_CURVE('',#1090,#1090,#51,.T.);
#844=EDGE_CURVE('',#1091,#1091,#52,.T.);
#845=EDGE_CURVE('',#1051,#1043,#1265,.T.);
#846=EDGE_CURVE('',#1084,#1092,#1266,.F.);
#847=EDGE_CURVE('',#1092,#1093,#1267,.T.);
#848=EDGE_CURVE('',#1085,#1093,#1268,.T.);
#849=EDGE_CURVE('',#1094,#1094,#118,.T.);
#850=EDGE_CURVE('',#1095,#1095,#119,.T.);
#851=EDGE_CURVE('',#1096,#1093,#120,.T.);
#852=EDGE_CURVE('',#1097,#1096,#1269,.T.);
#853=EDGE_CURVE('',#1097,#1098,#1270,.T.);
#854=EDGE_CURVE('',#1098,#1099,#1271,.T.);
#855=EDGE_CURVE('',#1099,#1100,#1272,.T.);
#856=EDGE_CURVE('',#1101,#1100,#1273,.T.);
#857=EDGE_CURVE('',#1101,#1086,#121,.T.);
#858=EDGE_CURVE('',#1102,#1103,#1274,.T.);
#859=EDGE_CURVE('',#1104,#1103,#1275,.T.);
#860=EDGE_CURVE('',#1105,#1104,#1276,.T.);
#861=EDGE_CURVE('',#1105,#1102,#1277,.T.);
#862=EDGE_CURVE('',#1106,#1102,#1278,.T.);
#863=EDGE_CURVE('',#1107,#1105,#1279,.T.);
#864=EDGE_CURVE('',#1107,#1106,#1280,.T.);
#865=EDGE_CURVE('',#1108,#1108,#122,.T.);
#866=EDGE_CURVE('',#1109,#1109,#123,.T.);
#867=EDGE_CURVE('',#1110,#1110,#124,.T.);
#868=EDGE_CURVE('',#1111,#1106,#1281,.T.);
#869=EDGE_CURVE('',#1112,#1107,#1282,.T.);
#870=EDGE_CURVE('',#1112,#1111,#1283,.T.);
#871=EDGE_CURVE('',#1111,#1113,#1284,.T.);
#872=EDGE_CURVE('',#1112,#1114,#1285,.T.);
#873=EDGE_CURVE('',#1114,#1113,#1286,.T.);
#874=EDGE_CURVE('',#1115,#1115,#125,.T.);
#875=EDGE_CURVE('',#1116,#1116,#126,.T.);
#876=EDGE_CURVE('',#1117,#1117,#127,.T.);
#877=EDGE_CURVE('',#1113,#1118,#1287,.T.);
#878=EDGE_CURVE('',#1114,#1119,#1288,.T.);
#879=EDGE_CURVE('',#1119,#1118,#1289,.T.);
#880=EDGE_CURVE('',#1056,#1082,#53,.T.);
#881=EDGE_CURVE('',#1118,#1083,#128,.T.);
#882=EDGE_CURVE('',#1119,#1039,#129,.T.);
#883=EDGE_CURVE('',#1092,#1053,#54,.T.);
#884=EDGE_CURVE('',#1120,#1040,#130,.T.);
#885=EDGE_CURVE('',#1120,#1096,#1290,.T.);
#886=EDGE_CURVE('',#1121,#1121,#131,.T.);
#887=EDGE_CURVE('',#1122,#1122,#132,.T.);
#888=EDGE_CURVE('',#1123,#1123,#133,.T.);
#889=EDGE_CURVE('',#1124,#1120,#1291,.T.);
#890=EDGE_CURVE('',#1124,#1097,#1292,.T.);
#891=EDGE_CURVE('',#1124,#1125,#1293,.T.);
#892=EDGE_CURVE('',#1125,#1098,#1294,.T.);
#893=EDGE_CURVE('',#1126,#1126,#134,.T.);
#894=EDGE_CURVE('',#1127,#1127,#135,.T.);
#895=EDGE_CURVE('',#1128,#1128,#136,.T.);
#896=EDGE_CURVE('',#1125,#1129,#1295,.T.);
#897=EDGE_CURVE('',#1129,#1099,#1296,.T.);
#898=EDGE_CURVE('',#1129,#1130,#1297,.T.);
#899=EDGE_CURVE('',#1130,#1100,#1298,.T.);
#900=EDGE_CURVE('',#1131,#1130,#1299,.T.);
#901=EDGE_CURVE('',#1131,#1101,#1300,.T.);
#902=EDGE_CURVE('',#1131,#1087,#137,.T.);
#903=EDGE_CURVE('',#1132,#1073,#1301,.T.);
#904=EDGE_CURVE('',#1133,#1072,#1302,.T.);
#905=EDGE_CURVE('',#1133,#1132,#1303,.T.);
#906=EDGE_CURVE('',#1132,#1103,#138,.T.);
#907=EDGE_CURVE('',#1133,#1104,#139,.T.);
#908=EDGE_CURVE('',#1058,#1036,#1304,.T.);
#909=EDGE_CURVE('',#1081,#1035,#1305,.T.);
#910=EDGE_CURVE('',#1023,#1134,#140,.T.);
#911=EDGE_CURVE('',#1028,#1022,#141,.T.);
#912=EDGE_CURVE('',#1135,#1027,#142,.T.);
#913=EDGE_CURVE('',#1136,#1135,#1306,.T.);
#914=EDGE_CURVE('',#1137,#1136,#143,.T.);
#915=EDGE_CURVE('',#1137,#1134,#1307,.T.);
#916=EDGE_CURVE('',#1047,#1065,#1308,.F.);
#917=EDGE_CURVE('',#1062,#1031,#1309,.T.);
#918=EDGE_CURVE('',#1138,#1138,#144,.T.);
#919=EDGE_CURVE('',#1139,#1139,#145,.T.);
#920=EDGE_CURVE('',#1140,#1140,#146,.T.);
#921=EDGE_CURVE('',#1141,#1141,#147,.T.);
#922=EDGE_CURVE('',#1142,#1142,#148,.T.);
#923=EDGE_CURVE('',#1143,#1143,#149,.T.);
#924=EDGE_CURVE('',#1144,#1015,#1310,.T.);
#925=EDGE_CURVE('',#1134,#1144,#1311,.T.);
#926=EDGE_CURVE('',#1137,#1136,#1312,.T.);
#927=EDGE_CURVE('',#1145,#1135,#1313,.T.);
#928=EDGE_CURVE('',#1145,#1018,#1314,.T.);
#929=EDGE_CURVE('',#1145,#1026,#1315,.T.);
#930=EDGE_CURVE('',#1144,#1024,#1316,.T.);
#931=EDGE_CURVE('',#1146,#1000,#1317,.T.);
#932=EDGE_CURVE('',#1011,#1146,#1318,.T.);
#933=EDGE_CURVE('',#1010,#1013,#1319,.T.);
#934=EDGE_CURVE('',#1147,#1012,#1320,.T.);
#935=EDGE_CURVE('',#1147,#1014,#1321,.T.);
#936=EDGE_CURVE('',#1006,#1147,#1322,.T.);
#937=EDGE_CURVE('',#1005,#1146,#1323,.T.);
#938=EDGE_CURVE('',#1148,#1149,#1324,.T.);
#939=EDGE_CURVE('',#1150,#1149,#1325,.T.);
#940=EDGE_CURVE('',#1151,#1150,#1326,.T.);
#941=EDGE_CURVE('',#1151,#1148,#1327,.T.);
#942=EDGE_CURVE('',#1152,#1152,#150,.T.);
#943=EDGE_CURVE('',#1153,#1153,#151,.T.);
#944=EDGE_CURVE('',#1154,#1154,#152,.T.);
#945=EDGE_CURVE('',#1155,#1148,#1328,.T.);
#946=EDGE_CURVE('',#1156,#1151,#1329,.T.);
#947=EDGE_CURVE('',#1156,#1155,#1330,.T.);
#948=EDGE_CURVE('',#1157,#1155,#1331,.T.);
#949=EDGE_CURVE('',#1158,#1156,#1332,.T.);
#950=EDGE_CURVE('',#1158,#1157,#1333,.T.);
#951=EDGE_CURVE('',#1159,#1159,#153,.T.);
#952=EDGE_CURVE('',#1160,#1160,#154,.T.);
#953=EDGE_CURVE('',#1161,#1161,#155,.T.);
#954=EDGE_CURVE('',#1162,#1157,#1334,.T.);
#955=EDGE_CURVE('',#1163,#1158,#1335,.T.);
#956=EDGE_CURVE('',#1163,#1162,#1336,.T.);
#957=EDGE_CURVE('',#1162,#1164,#156,.T.);
#958=EDGE_CURVE('',#1163,#1165,#157,.T.);
#959=EDGE_CURVE('',#1165,#1164,#1337,.T.);
#960=EDGE_CURVE('',#1166,#1164,#1338,.T.);
#961=EDGE_CURVE('',#1167,#1165,#1339,.T.);
#962=EDGE_CURVE('',#1167,#1166,#1340,.T.);
#963=EDGE_CURVE('',#1149,#1166,#158,.T.);
#964=EDGE_CURVE('',#1150,#1167,#159,.T.);
#965=EDGE_CURVE('',#1168,#1168,#160,.T.);
#966=EDGE_CURVE('',#1169,#1169,#161,.T.);
#967=EDGE_CURVE('',#1170,#1171,#1341,.T.);
#968=EDGE_CURVE('',#1172,#1170,#1342,.T.);
#969=EDGE_CURVE('',#1172,#1173,#1343,.T.);
#970=EDGE_CURVE('',#1173,#1171,#1344,.T.);
#971=EDGE_CURVE('',#1171,#1174,#162,.T.);
#972=EDGE_CURVE('',#1173,#1175,#163,.T.);
#973=EDGE_CURVE('',#1175,#1174,#1345,.T.);
#974=EDGE_CURVE('',#1176,#1174,#1346,.T.);
#975=EDGE_CURVE('',#1177,#1175,#1347,.T.);
#976=EDGE_CURVE('',#1177,#1176,#1348,.T.);
#977=EDGE_CURVE('',#1176,#1178,#164,.T.);
#978=EDGE_CURVE('',#1177,#1179,#165,.T.);
#979=EDGE_CURVE('',#1179,#1178,#1349,.T.);
#980=EDGE_CURVE('',#1180,#1180,#166,.T.);
#981=EDGE_CURVE('',#1181,#1181,#167,.T.);
#982=EDGE_CURVE('',#1182,#1182,#168,.T.);
#983=EDGE_CURVE('',#1183,#1178,#1350,.T.);
#984=EDGE_CURVE('',#1184,#1179,#1351,.T.);
#985=EDGE_CURVE('',#1184,#1183,#1352,.T.);
#986=EDGE_CURVE('',#1185,#1183,#1353,.T.);
#987=EDGE_CURVE('',#1186,#1184,#1354,.T.);
#988=EDGE_CURVE('',#1186,#1185,#1355,.T.);
#989=EDGE_CURVE('',#1187,#1187,#169,.T.);
#990=EDGE_CURVE('',#1188,#1188,#170,.T.);
#991=EDGE_CURVE('',#1189,#1189,#171,.T.);
#992=EDGE_CURVE('',#1190,#1190,#172,.T.);
#993=EDGE_CURVE('',#1191,#1191,#173,.T.);
#994=EDGE_CURVE('',#1170,#1185,#1356,.T.);
#995=EDGE_CURVE('',#1172,#1186,#1357,.T.);
#996=VERTEX_POINT('',#2877);
#997=VERTEX_POINT('',#2878);
#998=VERTEX_POINT('',#2880);
#999=VERTEX_POINT('',#2884);
#1000=VERTEX_POINT('',#2886);
#1001=VERTEX_POINT('',#2890);
#1002=VERTEX_POINT('',#2891);
#1003=VERTEX_POINT('',#2896);
#1004=VERTEX_POINT('',#2897);
#1005=VERTEX_POINT('',#2899);
#1006=VERTEX_POINT('',#2902);
#1007=VERTEX_POINT('',#2904);
#1008=VERTEX_POINT('',#2906);
#1009=VERTEX_POINT('',#2927);
#1010=VERTEX_POINT('',#2929);
#1011=VERTEX_POINT('',#2930);
#1012=VERTEX_POINT('',#2934);
#1013=VERTEX_POINT('',#2936);
#1014=VERTEX_POINT('',#2940);
#1015=VERTEX_POINT('',#2945);
#1016=VERTEX_POINT('',#2946);
#1017=VERTEX_POINT('',#2948);
#1018=VERTEX_POINT('',#2952);
#1019=VERTEX_POINT('',#2954);
#1020=VERTEX_POINT('',#2958);
#1021=VERTEX_POINT('',#2960);
#1022=VERTEX_POINT('',#2964);
#1023=VERTEX_POINT('',#2965);
#1024=VERTEX_POINT('',#2967);
#1025=VERTEX_POINT('',#2969);
#1026=VERTEX_POINT('',#2972);
#1027=VERTEX_POINT('',#2974);
#1028=VERTEX_POINT('',#2976);
#1029=VERTEX_POINT('',#2983);
#1030=VERTEX_POINT('',#2985);
#1031=VERTEX_POINT('',#2987);
#1032=VERTEX_POINT('',#2988);
#1033=VERTEX_POINT('',#2990);
#1034=VERTEX_POINT('',#2992);
#1035=VERTEX_POINT('',#2994);
#1036=VERTEX_POINT('',#2996);
#1037=VERTEX_POINT('',#2998);
#1038=VERTEX_POINT('',#3004);
#1039=VERTEX_POINT('',#3006);
#1040=VERTEX_POINT('',#3008);
#1041=VERTEX_POINT('',#3010);
#1042=VERTEX_POINT('',#3016);
#1043=VERTEX_POINT('',#3018);
#1044=VERTEX_POINT('',#3020);
#1045=VERTEX_POINT('',#3022);
#1046=VERTEX_POINT('',#3024);
#1047=VERTEX_POINT('',#3026);
#1048=VERTEX_POINT('',#3028);
#1049=VERTEX_POINT('',#3032);
#1050=VERTEX_POINT('',#3035);
#1051=VERTEX_POINT('',#3041);
#1052=VERTEX_POINT('',#3042);
#1053=VERTEX_POINT('',#3045);
#1054=VERTEX_POINT('',#3053);
#1055=VERTEX_POINT('',#3076);
#1056=VERTEX_POINT('',#3085);
#1057=VERTEX_POINT('',#3086);
#1058=VERTEX_POINT('',#3089);
#1059=VERTEX_POINT('',#3094);
#1060=VERTEX_POINT('',#3125);
#1061=VERTEX_POINT('',#3126);
#1062=VERTEX_POINT('',#3134);
#1063=VERTEX_POINT('',#3139);
#1064=VERTEX_POINT('',#3170);
#1065=VERTEX_POINT('',#3175);
#1066=VERTEX_POINT('',#3183);
#1067=VERTEX_POINT('',#3188);
#1068=VERTEX_POINT('',#3190);
#1069=VERTEX_POINT('',#3197);
#1070=VERTEX_POINT('',#3199);
#1071=VERTEX_POINT('',#3201);
#1072=VERTEX_POINT('',#3243);
#1073=VERTEX_POINT('',#3245);
#1074=VERTEX_POINT('',#3247);
#1075=VERTEX_POINT('',#3255);
#1076=VERTEX_POINT('',#3259);
#1077=VERTEX_POINT('',#3262);
#1078=VERTEX_POINT('',#3266);
#1079=VERTEX_POINT('',#3269);
#1080=VERTEX_POINT('',#3273);
#1081=VERTEX_POINT('',#3279);
#1082=VERTEX_POINT('',#3285);
#1083=VERTEX_POINT('',#3286);
#1084=VERTEX_POINT('',#3291);
#1085=VERTEX_POINT('',#3293);
#1086=VERTEX_POINT('',#3295);
#1087=VERTEX_POINT('',#3297);
#1088=VERTEX_POINT('',#3332);
#1089=VERTEX_POINT('',#3362);
#1090=VERTEX_POINT('',#3393);
#1091=VERTEX_POINT('',#3423);
#1092=VERTEX_POINT('',#3429);
#1093=VERTEX_POINT('',#3431);
#1094=VERTEX_POINT('',#3435);
#1095=VERTEX_POINT('',#3438);
#1096=VERTEX_POINT('',#3441);
#1097=VERTEX_POINT('',#3443);
#1098=VERTEX_POINT('',#3445);
#1099=VERTEX_POINT('',#3447);
#1100=VERTEX_POINT('',#3449);
#1101=VERTEX_POINT('',#3451);
#1102=VERTEX_POINT('',#3455);
#1103=VERTEX_POINT('',#3456);
#1104=VERTEX_POINT('',#3458);
#1105=VERTEX_POINT('',#3460);
#1106=VERTEX_POINT('',#3464);
#1107=VERTEX_POINT('',#3466);
#1108=VERTEX_POINT('',#3470);
#1109=VERTEX_POINT('',#3472);
#1110=VERTEX_POINT('',#3474);
#1111=VERTEX_POINT('',#3476);
#1112=VERTEX_POINT('',#3478);
#1113=VERTEX_POINT('',#3482);
#1114=VERTEX_POINT('',#3484);
#1115=VERTEX_POINT('',#3488);
#1116=VERTEX_POINT('',#3490);
#1117=VERTEX_POINT('',#3492);
#1118=VERTEX_POINT('',#3494);
#1119=VERTEX_POINT('',#3496);
#1120=VERTEX_POINT('',#3511);
#1121=VERTEX_POINT('',#3515);
#1122=VERTEX_POINT('',#3517);
#1123=VERTEX_POINT('',#3519);
#1124=VERTEX_POINT('',#3521);
#1125=VERTEX_POINT('',#3525);
#1126=VERTEX_POINT('',#3529);
#1127=VERTEX_POINT('',#3531);
#1128=VERTEX_POINT('',#3533);
#1129=VERTEX_POINT('',#3535);
#1130=VERTEX_POINT('',#3539);
#1131=VERTEX_POINT('',#3543);
#1132=VERTEX_POINT('',#3549);
#1133=VERTEX_POINT('',#3551);
#1134=VERTEX_POINT('',#3569);
#1135=VERTEX_POINT('',#3572);
#1136=VERTEX_POINT('',#3574);
#1137=VERTEX_POINT('',#3576);
#1138=VERTEX_POINT('',#3592);
#1139=VERTEX_POINT('',#3595);
#1140=VERTEX_POINT('',#3598);
#1141=VERTEX_POINT('',#3601);
#1142=VERTEX_POINT('',#3604);
#1143=VERTEX_POINT('',#3608);
#1144=VERTEX_POINT('',#3613);
#1145=VERTEX_POINT('',#3617);
#1146=VERTEX_POINT('',#3628);
#1147=VERTEX_POINT('',#3632);
#1148=VERTEX_POINT('',#3645);
#1149=VERTEX_POINT('',#3646);
#1150=VERTEX_POINT('',#3648);
#1151=VERTEX_POINT('',#3650);
#1152=VERTEX_POINT('',#3654);
#1153=VERTEX_POINT('',#3656);
#1154=VERTEX_POINT('',#3658);
#1155=VERTEX_POINT('',#3660);
#1156=VERTEX_POINT('',#3662);
#1157=VERTEX_POINT('',#3666);
#1158=VERTEX_POINT('',#3668);
#1159=VERTEX_POINT('',#3672);
#1160=VERTEX_POINT('',#3674);
#1161=VERTEX_POINT('',#3676);
#1162=VERTEX_POINT('',#3678);
#1163=VERTEX_POINT('',#3680);
#1164=VERTEX_POINT('',#3684);
#1165=VERTEX_POINT('',#3686);
#1166=VERTEX_POINT('',#3690);
#1167=VERTEX_POINT('',#3692);
#1168=VERTEX_POINT('',#3699);
#1169=VERTEX_POINT('',#3701);
#1170=VERTEX_POINT('',#3710);
#1171=VERTEX_POINT('',#3711);
#1172=VERTEX_POINT('',#3713);
#1173=VERTEX_POINT('',#3715);
#1174=VERTEX_POINT('',#3719);
#1175=VERTEX_POINT('',#3721);
#1176=VERTEX_POINT('',#3725);
#1177=VERTEX_POINT('',#3727);
#1178=VERTEX_POINT('',#3731);
#1179=VERTEX_POINT('',#3733);
#1180=VERTEX_POINT('',#3737);
#1181=VERTEX_POINT('',#3739);
#1182=VERTEX_POINT('',#3741);
#1183=VERTEX_POINT('',#3743);
#1184=VERTEX_POINT('',#3745);
#1185=VERTEX_POINT('',#3749);
#1186=VERTEX_POINT('',#3751);
#1187=VERTEX_POINT('',#3755);
#1188=VERTEX_POINT('',#3757);
#1189=VERTEX_POINT('',#3760);
#1190=VERTEX_POINT('',#3762);
#1191=VERTEX_POINT('',#3764);
#1192=LINE('',#2876,#1358);
#1193=LINE('',#2879,#1359);
#1194=LINE('',#2885,#1360);
#1195=LINE('',#2887,#1361);
#1196=LINE('',#2889,#1362);
#1197=LINE('',#2892,#1363);
#1198=LINE('',#2895,#1364);
#1199=LINE('',#2898,#1365);
#1200=LINE('',#2900,#1366);
#1201=LINE('',#2901,#1367);
#1202=LINE('',#2903,#1368);
#1203=LINE('',#2905,#1369);
#1204=LINE('',#2907,#1370);
#1205=LINE('',#2928,#1371);
#1206=LINE('',#2935,#1372);
#1207=LINE('',#2939,#1373);
#1208=LINE('',#2942,#1374);
#1209=LINE('',#2944,#1375);
#1210=LINE('',#2947,#1376);
#1211=LINE('',#2951,#1377);
#1212=LINE('',#2953,#1378);
#1213=LINE('',#2959,#1379);
#1214=LINE('',#2961,#1380);
#1215=LINE('',#2963,#1381);
#1216=LINE('',#2966,#1382);
#1217=LINE('',#2968,#1383);
#1218=LINE('',#2970,#1384);
#1219=LINE('',#2971,#1385);
#1220=LINE('',#2973,#1386);
#1221=LINE('',#2975,#1387);
#1222=LINE('',#2977,#1388);
#1223=LINE('',#2979,#1389);
#1224=LINE('',#2986,#1390);
#1225=LINE('',#2991,#1391);
#1226=LINE('',#2993,#1392);
#1227=LINE('',#2995,#1393);
#1228=LINE('',#2997,#1394);
#1229=LINE('',#3005,#1395);
#1230=LINE('',#3007,#1396);
#1231=LINE('',#3009,#1397);
#1232=LINE('',#3017,#1398);
#1233=LINE('',#3019,#1399);
#1234=LINE('',#3021,#1400);
#1235=LINE('',#3023,#1401);
#1236=LINE('',#3027,#1402);
#1237=LINE('',#3189,#1403);
#1238=LINE('',#3198,#1404);
#1239=LINE('',#3200,#1405);
#1240=LINE('',#3244,#1406);
#1241=LINE('',#3246,#1407);
#1242=LINE('',#3256,#1408);
#1243=LINE('',#3260,#1409);
#1244=LINE('',#3261,#1410);
#1245=LINE('',#3263,#1411);
#1246=LINE('',#3267,#1412);
#1247=LINE('',#3268,#1413);
#1248=LINE('',#3270,#1414);
#1249=LINE('',#3272,#1415);
#1250=LINE('',#3274,#1416);
#1251=LINE('',#3275,#1417);
#1252=LINE('',#3277,#1418);
#1253=LINE('',#3278,#1419);
#1254=LINE('',#3280,#1420);
#1255=LINE('',#3282,#1421);
#1256=LINE('',#3284,#1422);
#1257=LINE('',#3287,#1423);
#1258=LINE('',#3288,#1424);
#1259=LINE('',#3292,#1425);
#1260=LINE('',#3294,#1426);
#1261=LINE('',#3296,#1427);
#1262=LINE('',#3298,#1428);
#1263=LINE('',#3300,#1429);
#1264=LINE('',#3301,#1430);
#1265=LINE('',#3425,#1431);
#1266=LINE('',#3428,#1432);
#1267=LINE('',#3430,#1433);
#1268=LINE('',#3432,#1434);
#1269=LINE('',#3442,#1435);
#1270=LINE('',#3444,#1436);
#1271=LINE('',#3446,#1437);
#1272=LINE('',#3448,#1438);
#1273=LINE('',#3450,#1439);
#1274=LINE('',#3454,#1440);
#1275=LINE('',#3457,#1441);
#1276=LINE('',#3459,#1442);
#1277=LINE('',#3461,#1443);
#1278=LINE('',#3463,#1444);
#1279=LINE('',#3465,#1445);
#1280=LINE('',#3467,#1446);
#1281=LINE('',#3475,#1447);
#1282=LINE('',#3477,#1448);
#1283=LINE('',#3479,#1449);
#1284=LINE('',#3481,#1450);
#1285=LINE('',#3483,#1451);
#1286=LINE('',#3485,#1452);
#1287=LINE('',#3493,#1453);
#1288=LINE('',#3495,#1454);
#1289=LINE('',#3497,#1455);
#1290=LINE('',#3512,#1456);
#1291=LINE('',#3520,#1457);
#1292=LINE('',#3522,#1458);
#1293=LINE('',#3524,#1459);
#1294=LINE('',#3526,#1460);
#1295=LINE('',#3534,#1461);
#1296=LINE('',#3536,#1462);
#1297=LINE('',#3538,#1463);
#1298=LINE('',#3540,#1464);
#1299=LINE('',#3542,#1465);
#1300=LINE('',#3544,#1466);
#1301=LINE('',#3548,#1467);
#1302=LINE('',#3550,#1468);
#1303=LINE('',#3552,#1469);
#1304=LINE('',#3560,#1470);
#1305=LINE('',#3562,#1471);
#1306=LINE('',#3573,#1472);
#1307=LINE('',#3577,#1473);
#1308=LINE('',#3579,#1474);
#1309=LINE('',#3581,#1475);
#1310=LINE('',#3612,#1476);
#1311=LINE('',#3614,#1477);
#1312=LINE('',#3615,#1478);
#1313=LINE('',#3616,#1479);
#1314=LINE('',#3618,#1480);
#1315=LINE('',#3621,#1481);
#1316=LINE('',#3624,#1482);
#1317=LINE('',#3627,#1483);
#1318=LINE('',#3629,#1484);
#1319=LINE('',#3630,#1485);
#1320=LINE('',#3631,#1486);
#1321=LINE('',#3633,#1487);
#1322=LINE('',#3637,#1488);
#1323=LINE('',#3640,#1489);
#1324=LINE('',#3644,#1490);
#1325=LINE('',#3647,#1491);
#1326=LINE('',#3649,#1492);
#1327=LINE('',#3651,#1493);
#1328=LINE('',#3659,#1494);
#1329=LINE('',#3661,#1495);
#1330=LINE('',#3663,#1496);
#1331=LINE('',#3665,#1497);
#1332=LINE('',#3667,#1498);
#1333=LINE('',#3669,#1499);
#1334=LINE('',#3677,#1500);
#1335=LINE('',#3679,#1501);
#1336=LINE('',#3681,#1502);
#1337=LINE('',#3687,#1503);
#1338=LINE('',#3689,#1504);
#1339=LINE('',#3691,#1505);
#1340=LINE('',#3693,#1506);
#1341=LINE('',#3709,#1507);
#1342=LINE('',#3712,#1508);
#1343=LINE('',#3714,#1509);
#1344=LINE('',#3716,#1510);
#1345=LINE('',#3722,#1511);
#1346=LINE('',#3724,#1512);
#1347=LINE('',#3726,#1513);
#1348=LINE('',#3728,#1514);
#1349=LINE('',#3734,#1515);
#1350=LINE('',#3742,#1516);
#1351=LINE('',#3744,#1517);
#1352=LINE('',#3746,#1518);
#1353=LINE('',#3748,#1519);
#1354=LINE('',#3750,#1520);
#1355=LINE('',#3752,#1521);
#1356=LINE('',#3765,#1522);
#1357=LINE('',#3766,#1523);
#1358=VECTOR('',#2316,1.);
#1359=VECTOR('',#2317,1.);
#1360=VECTOR('',#2324,1.);
#1361=VECTOR('',#2325,1.);
#1362=VECTOR('',#2328,1.);
#1363=VECTOR('',#2329,1.);
#1364=VECTOR('',#2334,1.);
#1365=VECTOR('',#2335,1.);
#1366=VECTOR('',#2336,1.);
#1367=VECTOR('',#2337,1.);
#1368=VECTOR('',#2338,1.);
#1369=VECTOR('',#2339,1.);
#1370=VECTOR('',#2340,1.);
#1371=VECTOR('',#2343,1.);
#1372=VECTOR('',#2350,1.);
#1373=VECTOR('',#2355,1.);
#1374=VECTOR('',#2358,1.);
#1375=VECTOR('',#2361,1.);
#1376=VECTOR('',#2362,1.);
#1377=VECTOR('',#2367,1.);
#1378=VECTOR('',#2368,1.);
#1379=VECTOR('',#2375,1.);
#1380=VECTOR('',#2376,1.);
#1381=VECTOR('',#2379,1.);
#1382=VECTOR('',#2380,1.);
#1383=VECTOR('',#2381,1.);
#1384=VECTOR('',#2382,1.);
#1385=VECTOR('',#2383,1.);
#1386=VECTOR('',#2384,1.);
#1387=VECTOR('',#2385,1.);
#1388=VECTOR('',#2386,1.);
#1389=VECTOR('',#2389,1.);
#1390=VECTOR('',#2398,1.);
#1391=VECTOR('',#2401,1.);
#1392=VECTOR('',#2402,1.);
#1393=VECTOR('',#2403,1.);
#1394=VECTOR('',#2404,1.);
#1395=VECTOR('',#2405,1.);
#1396=VECTOR('',#2406,1.);
#1397=VECTOR('',#2407,1.);
#1398=VECTOR('',#2408,1.);
#1399=VECTOR('',#2409,1.);
#1400=VECTOR('',#2410,1.);
#1401=VECTOR('',#2411,1.);
#1402=VECTOR('',#2414,1.);
#1403=VECTOR('',#2437,1.);
#1404=VECTOR('',#2438,1.);
#1405=VECTOR('',#2439,1.);
#1406=VECTOR('',#2440,1.);
#1407=VECTOR('',#2441,1.);
#1408=VECTOR('',#2442,1.);
#1409=VECTOR('',#2447,1.);
#1410=VECTOR('',#2448,1.);
#1411=VECTOR('',#2449,1.);
#1412=VECTOR('',#2454,1.);
#1413=VECTOR('',#2455,1.);
#1414=VECTOR('',#2456,1.);
#1415=VECTOR('',#2459,1.);
#1416=VECTOR('',#2460,1.);
#1417=VECTOR('',#2461,1.);
#1418=VECTOR('',#2464,1.);
#1419=VECTOR('',#2465,1.);
#1420=VECTOR('',#2466,1.);
#1421=VECTOR('',#2469,1.);
#1422=VECTOR('',#2472,1.);
#1423=VECTOR('',#2473,1.);
#1424=VECTOR('',#2474,1.);
#1425=VECTOR('',#2479,1.);
#1426=VECTOR('',#2480,1.);
#1427=VECTOR('',#2481,1.);
#1428=VECTOR('',#2482,1.);
#1429=VECTOR('',#2485,1.);
#1430=VECTOR('',#2486,1.);
#1431=VECTOR('',#2489,1.);
#1432=VECTOR('',#2494,1.);
#1433=VECTOR('',#2495,1.);
#1434=VECTOR('',#2496,1.);
#1435=VECTOR('',#2509,1.);
#1436=VECTOR('',#2510,1.);
#1437=VECTOR('',#2511,1.);
#1438=VECTOR('',#2512,1.);
#1439=VECTOR('',#2513,1.);
#1440=VECTOR('',#2518,1.);
#1441=VECTOR('',#2519,1.);
#1442=VECTOR('',#2520,1.);
#1443=VECTOR('',#2521,1.);
#1444=VECTOR('',#2524,1.);
#1445=VECTOR('',#2525,1.);
#1446=VECTOR('',#2526,1.);
#1447=VECTOR('',#2535,1.);
#1448=VECTOR('',#2536,1.);
#1449=VECTOR('',#2537,1.);
#1450=VECTOR('',#2540,1.);
#1451=VECTOR('',#2541,1.);
#1452=VECTOR('',#2542,1.);
#1453=VECTOR('',#2551,1.);
#1454=VECTOR('',#2552,1.);
#1455=VECTOR('',#2553,1.);
#1456=VECTOR('',#2564,1.);
#1457=VECTOR('',#2573,1.);
#1458=VECTOR('',#2574,1.);
#1459=VECTOR('',#2577,1.);
#1460=VECTOR('',#2578,1.);
#1461=VECTOR('',#2587,1.);
#1462=VECTOR('',#2588,1.);
#1463=VECTOR('',#2591,1.);
#1464=VECTOR('',#2592,1.);
#1465=VECTOR('',#2595,1.);
#1466=VECTOR('',#2596,1.);
#1467=VECTOR('',#2603,1.);
#1468=VECTOR('',#2604,1.);
#1469=VECTOR('',#2605,1.);
#1470=VECTOR('',#2620,1.);
#1471=VECTOR('',#2623,1.);
#1472=VECTOR('',#2640,1.);
#1473=VECTOR('',#2643,1.);
#1474=VECTOR('',#2646,1.);
#1475=VECTOR('',#2649,1.);
#1476=VECTOR('',#2698,1.);
#1477=VECTOR('',#2699,1.);
#1478=VECTOR('',#2700,1.);
#1479=VECTOR('',#2701,1.);
#1480=VECTOR('',#2702,1.);
#1481=VECTOR('',#2707,1.);
#1482=VECTOR('',#2712,1.);
#1483=VECTOR('',#2717,1.);
#1484=VECTOR('',#2718,1.);
#1485=VECTOR('',#2719,1.);
#1486=VECTOR('',#2720,1.);
#1487=VECTOR('',#2721,1.);
#1488=VECTOR('',#2728,1.);
#1489=VECTOR('',#2733,1.);
#1490=VECTOR('',#2740,1.);
#1491=VECTOR('',#2741,1.);
#1492=VECTOR('',#2742,1.);
#1493=VECTOR('',#2743,1.);
#1494=VECTOR('',#2752,1.);
#1495=VECTOR('',#2753,1.);
#1496=VECTOR('',#2754,1.);
#1497=VECTOR('',#2757,1.);
#1498=VECTOR('',#2758,1.);
#1499=VECTOR('',#2759,1.);
#1500=VECTOR('',#2768,1.);
#1501=VECTOR('',#2769,1.);
#1502=VECTOR('',#2770,1.);
#1503=VECTOR('',#2777,1.);
#1504=VECTOR('',#2780,1.);
#1505=VECTOR('',#2781,1.);
#1506=VECTOR('',#2782,1.);
#1507=VECTOR('',#2809,1.);
#1508=VECTOR('',#2810,1.);
#1509=VECTOR('',#2811,1.);
#1510=VECTOR('',#2812,1.);
#1511=VECTOR('',#2819,1.);
#1512=VECTOR('',#2822,1.);
#1513=VECTOR('',#2823,1.);
#1514=VECTOR('',#2824,1.);
#1515=VECTOR('',#2831,1.);
#1516=VECTOR('',#2840,1.);
#1517=VECTOR('',#2841,1.);
#1518=VECTOR('',#2842,1.);
#1519=VECTOR('',#2845,1.);
#1520=VECTOR('',#2846,1.);
#1521=VECTOR('',#2847,1.);
#1522=VECTOR('',#2862,1.);
#1523=VECTOR('',#2863,1.);
#1524=EDGE_LOOP('',(#174,#175,#176));
#1525=EDGE_LOOP('',(#177,#178,#179));
#1526=EDGE_LOOP('',(#180,#181,#182));
#1527=EDGE_LOOP('',(#183,#184,#185,#186,#187,#188,#189,#190,#191));
#1528=EDGE_LOOP('',(#192));
#1529=EDGE_LOOP('',(#193,#194,#195,#196,#197,#198,#199,#200));
#1530=EDGE_LOOP('',(#201,#202,#203));
#1531=EDGE_LOOP('',(#204,#205,#206));
#1532=EDGE_LOOP('',(#207,#208,#209));
#1533=EDGE_LOOP('',(#210,#211,#212));
#1534=EDGE_LOOP('',(#213,#214,#215,#216,#217,#218,#219,#220,#221));
#1535=EDGE_LOOP('',(#222,#223,#224));
#1536=EDGE_LOOP('',(#225));
#1537=EDGE_LOOP('',(#226));
#1538=EDGE_LOOP('',(#227,#228,#229,#230,#231,#232,#233,#234,#235,#236,#237,
#238,#239,#240,#241,#242,#243,#244));
#1539=EDGE_LOOP('',(#245));
#1540=EDGE_LOOP('',(#246,#247,#248,#249));
#1541=EDGE_LOOP('',(#250));
#1542=EDGE_LOOP('',(#251,#252,#253,#254));
#1543=EDGE_LOOP('',(#255,#256,#257,#258,#259,#260));
#1544=EDGE_LOOP('',(#261));
#1545=EDGE_LOOP('',(#262,#263,#264,#265,#266,#267));
#1546=EDGE_LOOP('',(#268));
#1547=EDGE_LOOP('',(#269,#270,#271,#272,#273,#274,#275,#276,#277,#278,#279,
#280,#281,#282,#283,#284));
#1548=EDGE_LOOP('',(#285));
#1549=EDGE_LOOP('',(#286,#287,#288,#289,#290));
#1550=EDGE_LOOP('',(#291));
#1551=EDGE_LOOP('',(#292,#293,#294,#295,#296));
#1552=EDGE_LOOP('',(#297,#298,#299,#300,#301,#302));
#1553=EDGE_LOOP('',(#303,#304,#305,#306,#307,#308));
#1554=EDGE_LOOP('',(#309));
#1555=EDGE_LOOP('',(#310,#311,#312,#313));
#1556=EDGE_LOOP('',(#314,#315,#316,#317));
#1557=EDGE_LOOP('',(#318,#319,#320,#321,#322,#323,#324));
#1558=EDGE_LOOP('',(#325,#326,#327,#328));
#1559=EDGE_LOOP('',(#329));
#1560=EDGE_LOOP('',(#330));
#1561=EDGE_LOOP('',(#331));
#1562=EDGE_LOOP('',(#332));
#1563=EDGE_LOOP('',(#333,#334,#335));
#1564=EDGE_LOOP('',(#336));
#1565=EDGE_LOOP('',(#337));
#1566=EDGE_LOOP('',(#338,#339,#340,#341));
#1567=EDGE_LOOP('',(#342));
#1568=EDGE_LOOP('',(#343));
#1569=EDGE_LOOP('',(#344));
#1570=EDGE_LOOP('',(#345));
#1571=EDGE_LOOP('',(#346,#347,#348,#349,#350,#351,#352,#353,#354));
#1572=EDGE_LOOP('',(#355,#356,#357,#358));
#1573=EDGE_LOOP('',(#359,#360,#361,#362));
#1574=EDGE_LOOP('',(#363));
#1575=EDGE_LOOP('',(#364));
#1576=EDGE_LOOP('',(#365));
#1577=EDGE_LOOP('',(#366,#367,#368,#369));
#1578=EDGE_LOOP('',(#370,#371,#372,#373));
#1579=EDGE_LOOP('',(#374));
#1580=EDGE_LOOP('',(#375));
#1581=EDGE_LOOP('',(#376));
#1582=EDGE_LOOP('',(#377,#378,#379,#380));
#1583=EDGE_LOOP('',(#381,#382,#383,#384,#385,#386,#387));
#1584=EDGE_LOOP('',(#388,#389,#390,#391,#392,#393,#394));
#1585=EDGE_LOOP('',(#395));
#1586=EDGE_LOOP('',(#396));
#1587=EDGE_LOOP('',(#397));
#1588=EDGE_LOOP('',(#398,#399,#400,#401));
#1589=EDGE_LOOP('',(#402,#403,#404,#405));
#1590=EDGE_LOOP('',(#406));
#1591=EDGE_LOOP('',(#407));
#1592=EDGE_LOOP('',(#408));
#1593=EDGE_LOOP('',(#409,#410,#411,#412));
#1594=EDGE_LOOP('',(#413,#414,#415,#416));
#1595=EDGE_LOOP('',(#417,#418,#419,#420));
#1596=EDGE_LOOP('',(#421,#422,#423,#424));
#1597=EDGE_LOOP('',(#425,#426,#427,#428));
#1598=EDGE_LOOP('',(#429));
#1599=EDGE_LOOP('',(#430));
#1600=EDGE_LOOP('',(#431,#432,#433,#434));
#1601=EDGE_LOOP('',(#435,#436,#437,#438,#439,#440,#441,#442,#443,#444,#445,
#446,#447,#448,#449,#450,#451,#452));
#1602=EDGE_LOOP('',(#453));
#1603=EDGE_LOOP('',(#454));
#1604=EDGE_LOOP('',(#455,#456,#457,#458,#459,#460,#461,#462,#463));
#1605=EDGE_LOOP('',(#464,#465,#466));
#1606=EDGE_LOOP('',(#467));
#1607=EDGE_LOOP('',(#468,#469,#470,#471));
#1608=EDGE_LOOP('',(#472,#473,#474,#475,#476));
#1609=EDGE_LOOP('',(#477,#478,#479,#480,#481));
#1610=EDGE_LOOP('',(#482,#483,#484,#485,#486));
#1611=EDGE_LOOP('',(#487,#488,#489,#490,#491,#492));
#1612=EDGE_LOOP('',(#493,#494,#495,#496,#497,#498,#499,#500));
#1613=EDGE_LOOP('',(#501));
#1614=EDGE_LOOP('',(#502,#503,#504,#505));
#1615=EDGE_LOOP('',(#506,#507,#508,#509));
#1616=EDGE_LOOP('',(#510,#511,#512,#513));
#1617=EDGE_LOOP('',(#514,#515,#516,#517));
#1618=EDGE_LOOP('',(#518));
#1619=EDGE_LOOP('',(#519));
#1620=EDGE_LOOP('',(#520));
#1621=EDGE_LOOP('',(#521));
#1622=EDGE_LOOP('',(#522));
#1623=EDGE_LOOP('',(#523));
#1624=EDGE_LOOP('',(#524));
#1625=EDGE_LOOP('',(#525));
#1626=EDGE_LOOP('',(#526));
#1627=EDGE_LOOP('',(#527));
#1628=EDGE_LOOP('',(#528));
#1629=EDGE_LOOP('',(#529));
#1630=EDGE_LOOP('',(#530));
#1631=EDGE_LOOP('',(#531));
#1632=EDGE_LOOP('',(#532));
#1633=EDGE_LOOP('',(#533));
#1634=EDGE_LOOP('',(#534));
#1635=EDGE_LOOP('',(#535));
#1636=EDGE_LOOP('',(#536));
#1637=EDGE_LOOP('',(#537));
#1638=EDGE_LOOP('',(#538));
#1639=EDGE_LOOP('',(#539));
#1640=EDGE_LOOP('',(#540));
#1641=EDGE_LOOP('',(#541));
#1642=EDGE_LOOP('',(#542));
#1643=EDGE_LOOP('',(#543));
#1644=EDGE_LOOP('',(#544,#545));
#1645=EDGE_LOOP('',(#546,#547,#548,#549,#550,#551,#552,#553,#554));
#1646=EDGE_LOOP('',(#555,#556));
#1647=EDGE_LOOP('',(#557,#558,#559,#560,#561));
#1648=EDGE_LOOP('',(#562,#563,#564,#565));
#1649=EDGE_LOOP('',(#566,#567,#568,#569,#570));
#1650=EDGE_LOOP('',(#571,#572,#573,#574));
#1651=EDGE_LOOP('',(#575,#576,#577,#578,#579,#580,#581,#582,#583));
#1652=EDGE_LOOP('',(#584,#585));
#1653=EDGE_LOOP('',(#586,#587));
#1654=EDGE_LOOP('',(#588,#589,#590,#591,#592));
#1655=EDGE_LOOP('',(#593,#594,#595,#596));
#1656=EDGE_LOOP('',(#597,#598,#599,#600,#601));
#1657=EDGE_LOOP('',(#602,#603,#604,#605));
#1658=EDGE_LOOP('',(#606,#607,#608,#609));
#1659=EDGE_LOOP('',(#610));
#1660=EDGE_LOOP('',(#611));
#1661=EDGE_LOOP('',(#612));
#1662=EDGE_LOOP('',(#613,#614,#615,#616));
#1663=EDGE_LOOP('',(#617,#618,#619,#620));
#1664=EDGE_LOOP('',(#621));
#1665=EDGE_LOOP('',(#622));
#1666=EDGE_LOOP('',(#623));
#1667=EDGE_LOOP('',(#624,#625,#626,#627));
#1668=EDGE_LOOP('',(#628,#629,#630,#631));
#1669=EDGE_LOOP('',(#632,#633,#634,#635));
#1670=EDGE_LOOP('',(#636,#637,#638,#639));
#1671=EDGE_LOOP('',(#640));
#1672=EDGE_LOOP('',(#641));
#1673=EDGE_LOOP('',(#642,#643,#644,#645,#646,#647,#648));
#1674=EDGE_LOOP('',(#649));
#1675=EDGE_LOOP('',(#650,#651,#652,#653,#654,#655,#656));
#1676=EDGE_LOOP('',(#657));
#1677=EDGE_LOOP('',(#658));
#1678=EDGE_LOOP('',(#659));
#1679=EDGE_LOOP('',(#660));
#1680=EDGE_LOOP('',(#661));
#1681=EDGE_LOOP('',(#662));
#1682=EDGE_LOOP('',(#663));
#1683=EDGE_LOOP('',(#664,#665,#666,#667));
#1684=EDGE_LOOP('',(#668,#669,#670,#671));
#1685=EDGE_LOOP('',(#672,#673,#674,#675));
#1686=EDGE_LOOP('',(#676,#677,#678,#679));
#1687=EDGE_LOOP('',(#680));
#1688=EDGE_LOOP('',(#681));
#1689=EDGE_LOOP('',(#682));
#1690=EDGE_LOOP('',(#683,#684,#685,#686));
#1691=EDGE_LOOP('',(#687,#688,#689,#690));
#1692=EDGE_LOOP('',(#691));
#1693=EDGE_LOOP('',(#692));
#1694=EDGE_LOOP('',(#693));
#1695=EDGE_LOOP('',(#694));
#1696=EDGE_LOOP('',(#695));
#1697=EDGE_LOOP('',(#696,#697,#698,#699));
#1698=EDGE_LOOP('',(#700));
#1699=EDGE_LOOP('',(#701,#702,#703,#704,#705,#706,#707));
#1700=EDGE_LOOP('',(#708));
#1701=EDGE_LOOP('',(#709,#710,#711,#712,#713,#714,#715));
#1702=EDGE_LOOP('',(#716));
#1703=EDGE_LOOP('',(#717));
#1704=EDGE_LOOP('',(#718));
#1705=EDGE_LOOP('',(#719));
#1706=EDGE_LOOP('',(#720));
#1707=EDGE_LOOP('',(#721));
#1708=FACE_BOUND('',#1524,.T.);
#1709=FACE_BOUND('',#1525,.T.);
#1710=FACE_BOUND('',#1526,.T.);
#1711=FACE_BOUND('',#1527,.T.);
#1712=FACE_BOUND('',#1528,.T.);
#1713=FACE_BOUND('',#1529,.T.);
#1714=FACE_BOUND('',#1530,.T.);
#1715=FACE_BOUND('',#1531,.T.);
#1716=FACE_BOUND('',#1532,.T.);
#1717=FACE_BOUND('',#1533,.T.);
#1718=FACE_BOUND('',#1534,.T.);
#1719=FACE_BOUND('',#1535,.T.);
#1720=FACE_BOUND('',#1536,.T.);
#1721=FACE_BOUND('',#1537,.T.);
#1722=FACE_BOUND('',#1538,.T.);
#1723=FACE_BOUND('',#1539,.T.);
#1724=FACE_BOUND('',#1540,.T.);
#1725=FACE_BOUND('',#1541,.T.);
#1726=FACE_BOUND('',#1542,.T.);
#1727=FACE_BOUND('',#1543,.T.);
#1728=FACE_BOUND('',#1544,.T.);
#1729=FACE_BOUND('',#1545,.T.);
#1730=FACE_BOUND('',#1546,.T.);
#1731=FACE_BOUND('',#1547,.T.);
#1732=FACE_BOUND('',#1548,.T.);
#1733=FACE_BOUND('',#1549,.T.);
#1734=FACE_BOUND('',#1550,.T.);
#1735=FACE_BOUND('',#1551,.T.);
#1736=FACE_BOUND('',#1552,.T.);
#1737=FACE_BOUND('',#1553,.T.);
#1738=FACE_BOUND('',#1554,.T.);
#1739=FACE_BOUND('',#1555,.T.);
#1740=FACE_BOUND('',#1556,.T.);
#1741=FACE_BOUND('',#1557,.T.);
#1742=FACE_BOUND('',#1558,.T.);
#1743=FACE_BOUND('',#1559,.T.);
#1744=FACE_BOUND('',#1560,.T.);
#1745=FACE_BOUND('',#1561,.T.);
#1746=FACE_BOUND('',#1562,.T.);
#1747=FACE_BOUND('',#1563,.T.);
#1748=FACE_BOUND('',#1564,.T.);
#1749=FACE_BOUND('',#1565,.T.);
#1750=FACE_BOUND('',#1566,.T.);
#1751=FACE_BOUND('',#1567,.T.);
#1752=FACE_BOUND('',#1568,.T.);
#1753=FACE_BOUND('',#1569,.T.);
#1754=FACE_BOUND('',#1570,.T.);
#1755=FACE_BOUND('',#1571,.T.);
#1756=FACE_BOUND('',#1572,.T.);
#1757=FACE_BOUND('',#1573,.T.);
#1758=FACE_BOUND('',#1574,.T.);
#1759=FACE_BOUND('',#1575,.T.);
#1760=FACE_BOUND('',#1576,.T.);
#1761=FACE_BOUND('',#1577,.T.);
#1762=FACE_BOUND('',#1578,.T.);
#1763=FACE_BOUND('',#1579,.T.);
#1764=FACE_BOUND('',#1580,.T.);
#1765=FACE_BOUND('',#1581,.T.);
#1766=FACE_BOUND('',#1582,.T.);
#1767=FACE_BOUND('',#1583,.T.);
#1768=FACE_BOUND('',#1584,.T.);
#1769=FACE_BOUND('',#1585,.T.);
#1770=FACE_BOUND('',#1586,.T.);
#1771=FACE_BOUND('',#1587,.T.);
#1772=FACE_BOUND('',#1588,.T.);
#1773=FACE_BOUND('',#1589,.T.);
#1774=FACE_BOUND('',#1590,.T.);
#1775=FACE_BOUND('',#1591,.T.);
#1776=FACE_BOUND('',#1592,.T.);
#1777=FACE_BOUND('',#1593,.T.);
#1778=FACE_BOUND('',#1594,.T.);
#1779=FACE_BOUND('',#1595,.T.);
#1780=FACE_BOUND('',#1596,.T.);
#1781=FACE_BOUND('',#1597,.T.);
#1782=FACE_BOUND('',#1598,.T.);
#1783=FACE_BOUND('',#1599,.T.);
#1784=FACE_BOUND('',#1600,.T.);
#1785=FACE_BOUND('',#1601,.T.);
#1786=FACE_BOUND('',#1602,.T.);
#1787=FACE_BOUND('',#1603,.T.);
#1788=FACE_BOUND('',#1604,.T.);
#1789=FACE_BOUND('',#1605,.T.);
#1790=FACE_BOUND('',#1606,.T.);
#1791=FACE_BOUND('',#1607,.T.);
#1792=FACE_BOUND('',#1608,.T.);
#1793=FACE_BOUND('',#1609,.T.);
#1794=FACE_BOUND('',#1610,.T.);
#1795=FACE_BOUND('',#1611,.T.);
#1796=FACE_BOUND('',#1612,.T.);
#1797=FACE_BOUND('',#1613,.T.);
#1798=FACE_BOUND('',#1614,.T.);
#1799=FACE_BOUND('',#1615,.T.);
#1800=FACE_BOUND('',#1616,.T.);
#1801=FACE_BOUND('',#1617,.T.);
#1802=FACE_BOUND('',#1618,.T.);
#1803=FACE_BOUND('',#1619,.T.);
#1804=FACE_BOUND('',#1620,.T.);
#1805=FACE_BOUND('',#1621,.T.);
#1806=FACE_BOUND('',#1622,.T.);
#1807=FACE_BOUND('',#1623,.T.);
#1808=FACE_BOUND('',#1624,.T.);
#1809=FACE_BOUND('',#1625,.T.);
#1810=FACE_BOUND('',#1626,.T.);
#1811=FACE_BOUND('',#1627,.T.);
#1812=FACE_BOUND('',#1628,.T.);
#1813=FACE_BOUND('',#1629,.T.);
#1814=FACE_BOUND('',#1630,.T.);
#1815=FACE_BOUND('',#1631,.T.);
#1816=FACE_BOUND('',#1632,.T.);
#1817=FACE_BOUND('',#1633,.T.);
#1818=FACE_BOUND('',#1634,.T.);
#1819=FACE_BOUND('',#1635,.T.);
#1820=FACE_BOUND('',#1636,.T.);
#1821=FACE_BOUND('',#1637,.T.);
#1822=FACE_BOUND('',#1638,.T.);
#1823=FACE_BOUND('',#1639,.T.);
#1824=FACE_BOUND('',#1640,.T.);
#1825=FACE_BOUND('',#1641,.T.);
#1826=FACE_BOUND('',#1642,.T.);
#1827=FACE_BOUND('',#1643,.T.);
#1828=FACE_BOUND('',#1644,.T.);
#1829=FACE_BOUND('',#1645,.T.);
#1830=FACE_BOUND('',#1646,.T.);
#1831=FACE_BOUND('',#1647,.T.);
#1832=FACE_BOUND('',#1648,.T.);
#1833=FACE_BOUND('',#1649,.T.);
#1834=FACE_BOUND('',#1650,.T.);
#1835=FACE_BOUND('',#1651,.T.);
#1836=FACE_BOUND('',#1652,.T.);
#1837=FACE_BOUND('',#1653,.T.);
#1838=FACE_BOUND('',#1654,.T.);
#1839=FACE_BOUND('',#1655,.T.);
#1840=FACE_BOUND('',#1656,.T.);
#1841=FACE_BOUND('',#1657,.T.);
#1842=FACE_BOUND('',#1658,.T.);
#1843=FACE_BOUND('',#1659,.T.);
#1844=FACE_BOUND('',#1660,.T.);
#1845=FACE_BOUND('',#1661,.T.);
#1846=FACE_BOUND('',#1662,.T.);
#1847=FACE_BOUND('',#1663,.T.);
#1848=FACE_BOUND('',#1664,.T.);
#1849=FACE_BOUND('',#1665,.T.);
#1850=FACE_BOUND('',#1666,.T.);
#1851=FACE_BOUND('',#1667,.T.);
#1852=FACE_BOUND('',#1668,.T.);
#1853=FACE_BOUND('',#1669,.T.);
#1854=FACE_BOUND('',#1670,.T.);
#1855=FACE_BOUND('',#1671,.T.);
#1856=FACE_BOUND('',#1672,.T.);
#1857=FACE_BOUND('',#1673,.T.);
#1858=FACE_BOUND('',#1674,.T.);
#1859=FACE_BOUND('',#1675,.T.);
#1860=FACE_BOUND('',#1676,.T.);
#1861=FACE_BOUND('',#1677,.T.);
#1862=FACE_BOUND('',#1678,.T.);
#1863=FACE_BOUND('',#1679,.T.);
#1864=FACE_BOUND('',#1680,.T.);
#1865=FACE_BOUND('',#1681,.T.);
#1866=FACE_BOUND('',#1682,.T.);
#1867=FACE_BOUND('',#1683,.T.);
#1868=FACE_BOUND('',#1684,.T.);
#1869=FACE_BOUND('',#1685,.T.);
#1870=FACE_BOUND('',#1686,.T.);
#1871=FACE_BOUND('',#1687,.T.);
#1872=FACE_BOUND('',#1688,.T.);
#1873=FACE_BOUND('',#1689,.T.);
#1874=FACE_BOUND('',#1690,.T.);
#1875=FACE_BOUND('',#1691,.T.);
#1876=FACE_BOUND('',#1692,.T.);
#1877=FACE_BOUND('',#1693,.T.);
#1878=FACE_BOUND('',#1694,.T.);
#1879=FACE_BOUND('',#1695,.T.);
#1880=FACE_BOUND('',#1696,.T.);
#1881=FACE_BOUND('',#1697,.T.);
#1882=FACE_BOUND('',#1698,.T.);
#1883=FACE_BOUND('',#1699,.T.);
#1884=FACE_BOUND('',#1700,.T.);
#1885=FACE_BOUND('',#1701,.T.);
#1886=FACE_BOUND('',#1702,.T.);
#1887=FACE_BOUND('',#1703,.T.);
#1888=FACE_BOUND('',#1704,.T.);
#1889=FACE_BOUND('',#1705,.T.);
#1890=FACE_BOUND('',#1706,.T.);
#1891=FACE_BOUND('',#1707,.T.);
#1892=PLANE('',#2115);
#1893=PLANE('',#2117);
#1894=PLANE('',#2119);
#1895=PLANE('',#2121);
#1896=PLANE('',#2127);
#1897=PLANE('',#2129);
#1898=PLANE('',#2131);
#1899=PLANE('',#2133);
#1900=PLANE('',#2135);
#1901=PLANE('',#2136);
#1902=PLANE('',#2138);
#1903=PLANE('',#2154);
#1904=PLANE('',#2156);
#1905=PLANE('',#2158);
#1906=PLANE('',#2159);
#1907=PLANE('',#2160);
#1908=PLANE('',#2161);
#1909=PLANE('',#2162);
#1910=PLANE('',#2165);
#1911=PLANE('',#2167);
#1912=PLANE('',#2172);
#1913=PLANE('',#2175);
#1914=PLANE('',#2176);
#1915=PLANE('',#2177);
#1916=PLANE('',#2181);
#1917=PLANE('',#2182);
#1918=PLANE('',#2191);
#1919=PLANE('',#2195);
#1920=PLANE('',#2196);
#1921=PLANE('',#2200);
#1922=PLANE('',#2201);
#1923=PLANE('',#2204);
#1924=PLANE('',#2209);
#1925=PLANE('',#2210);
#1926=PLANE('',#2211);
#1927=PLANE('',#2212);
#1928=PLANE('',#2213);
#1929=PLANE('',#2214);
#1930=PLANE('',#2222);
#1931=PLANE('',#2223);
#1932=PLANE('',#2234);
#1933=PLANE('',#2238);
#1934=PLANE('',#2240);
#1935=PLANE('',#2243);
#1936=PLANE('',#2246);
#1937=PLANE('',#2247);
#1938=PLANE('',#2248);
#1939=PLANE('',#2249);
#1940=PLANE('',#2250);
#1941=PLANE('',#2251);
#1942=PLANE('',#2252);
#1943=PLANE('',#2253);
#1944=PLANE('',#2254);
#1945=PLANE('',#2255);
#1946=PLANE('',#2256);
#1947=PLANE('',#2257);
#1948=PLANE('',#2258);
#1949=PLANE('',#2259);
#1950=PLANE('',#2261);
#1951=PLANE('',#2262);
#1952=PLANE('',#2266);
#1953=PLANE('',#2267);
#1954=PLANE('',#2274);
#1955=PLANE('',#2281);
#1956=PLANE('',#2282);
#1957=PLANE('',#2287);
#1958=PLANE('',#2291);
#1959=PLANE('',#2295);
#1960=PLANE('',#2299);
#1961=PLANE('',#2303);
#1962=PLANE('',#2307);
#1963=PLANE('',#2308);
#1964=ADVANCED_FACE('',(#1708),#1892,.T.);
#1965=ADVANCED_FACE('',(#1709),#1893,.T.);
#1966=ADVANCED_FACE('',(#1710),#1894,.T.);
#1967=ADVANCED_FACE('',(#1711),#1895,.F.);
#1968=ADVANCED_FACE('',(#1712,#1713),#55,.F.);
#1969=ADVANCED_FACE('',(#1714),#1896,.T.);
#1970=ADVANCED_FACE('',(#1715),#1897,.T.);
#1971=ADVANCED_FACE('',(#1716),#1898,.T.);
#1972=ADVANCED_FACE('',(#1717),#1899,.T.);
#1973=ADVANCED_FACE('',(#1718),#1900,.F.);
#1974=ADVANCED_FACE('',(#1719),#1901,.T.);
#1975=ADVANCED_FACE('',(#1720,#1721,#1722),#1902,.F.);
#1976=ADVANCED_FACE('',(#1723,#1724),#56,.F.);
#1977=ADVANCED_FACE('',(#1725,#1726),#57,.F.);
#1978=ADVANCED_FACE('',(#1727,#1728),#27,.T.);
#1979=ADVANCED_FACE('',(#1729,#1730),#28,.T.);
#1980=ADVANCED_FACE('',(#1731),#26,.F.);
#1981=ADVANCED_FACE('',(#1732,#1733),#1903,.T.);
#1982=ADVANCED_FACE('',(#1734,#1735),#1904,.F.);
#1983=ADVANCED_FACE('',(#1736),#1905,.T.);
#1984=ADVANCED_FACE('',(#1737),#1906,.F.);
#1985=ADVANCED_FACE('',(#1738,#1739),#1907,.F.);
#1986=ADVANCED_FACE('',(#1740),#1908,.F.);
#1987=ADVANCED_FACE('',(#1741),#1909,.F.);
#1988=ADVANCED_FACE('',(#1742,#1743,#1744,#1745,#1746),#58,.F.);
#1989=ADVANCED_FACE('',(#1747),#1910,.F.);
#1990=ADVANCED_FACE('',(#1748,#1749),#59,.F.);
#1991=ADVANCED_FACE('',(#1750),#1911,.T.);
#1992=ADVANCED_FACE('',(#1751,#1752),#60,.F.);
#1993=ADVANCED_FACE('',(#1753,#1754),#61,.F.);
#1994=ADVANCED_FACE('',(#1755),#1912,.T.);
#1995=ADVANCED_FACE('',(#1756),#1913,.F.);
#1996=ADVANCED_FACE('',(#1757),#1914,.F.);
#1997=ADVANCED_FACE('',(#1758,#1759,#1760,#1761),#1915,.F.);
#1998=ADVANCED_FACE('',(#1762),#1916,.T.);
#1999=ADVANCED_FACE('',(#1763,#1764,#1765,#1766),#1917,.T.);
#2000=ADVANCED_FACE('',(#1767),#62,.T.);
#2001=ADVANCED_FACE('',(#1768),#63,.T.);
#2002=ADVANCED_FACE('',(#1769,#1770,#1771,#1772),#1918,.F.);
#2003=ADVANCED_FACE('',(#1773),#1919,.T.);
#2004=ADVANCED_FACE('',(#1774,#1775,#1776,#1777),#1920,.T.);
#2005=ADVANCED_FACE('',(#1778),#1921,.T.);
#2006=ADVANCED_FACE('',(#1779),#1922,.F.);
#2007=ADVANCED_FACE('',(#1780),#64,.T.);
#2008=ADVANCED_FACE('',(#1781),#1923,.F.);
#2009=ADVANCED_FACE('',(#1782,#1783),#65,.F.);
#2010=ADVANCED_FACE('',(#1784),#66,.T.);
#2011=ADVANCED_FACE('',(#1785,#1786,#1787),#1924,.F.);
#2012=ADVANCED_FACE('',(#1788),#1925,.T.);
#2013=ADVANCED_FACE('',(#1789),#1926,.F.);
#2014=ADVANCED_FACE('',(#1790,#1791),#1927,.T.);
#2015=ADVANCED_FACE('',(#1792),#1928,.F.);
#2016=ADVANCED_FACE('',(#1793),#1929,.T.);
#2017=ADVANCED_FACE('',(#1794),#67,.T.);
#2018=ADVANCED_FACE('',(#1795),#68,.T.);
#2019=ADVANCED_FACE('',(#1796,#1797),#69,.F.);
#2020=ADVANCED_FACE('',(#1798),#1930,.T.);
#2021=ADVANCED_FACE('',(#1799),#1931,.F.);
#2022=ADVANCED_FACE('',(#1800),#70,.T.);
#2023=ADVANCED_FACE('',(#1801),#71,.T.);
#2024=ADVANCED_FACE('',(#1802,#1803),#72,.F.);
#2025=ADVANCED_FACE('',(#1804,#1805),#73,.F.);
#2026=ADVANCED_FACE('',(#1806,#1807),#74,.F.);
#2027=ADVANCED_FACE('',(#1808,#1809),#75,.F.);
#2028=ADVANCED_FACE('',(#1810,#1811),#76,.F.);
#2029=ADVANCED_FACE('',(#1812,#1813),#77,.F.);
#2030=ADVANCED_FACE('',(#1814,#1815),#78,.F.);
#2031=ADVANCED_FACE('',(#1816,#1817),#1932,.T.);
#2032=ADVANCED_FACE('',(#1818,#1819),#79,.F.);
#2033=ADVANCED_FACE('',(#1820,#1821),#1933,.T.);
#2034=ADVANCED_FACE('',(#1822),#1934,.T.);
#2035=ADVANCED_FACE('',(#1823,#1824),#80,.F.);
#2036=ADVANCED_FACE('',(#1825),#1935,.T.);
#2037=ADVANCED_FACE('',(#1826,#1827),#81,.F.);
#2038=ADVANCED_FACE('',(#1828),#1936,.T.);
#2039=ADVANCED_FACE('',(#1829),#1937,.T.);
#2040=ADVANCED_FACE('',(#1830),#1938,.T.);
#2041=ADVANCED_FACE('',(#1831),#1939,.T.);
#2042=ADVANCED_FACE('',(#1832),#1940,.T.);
#2043=ADVANCED_FACE('',(#1833),#1941,.F.);
#2044=ADVANCED_FACE('',(#1834),#1942,.T.);
#2045=ADVANCED_FACE('',(#1835),#1943,.T.);
#2046=ADVANCED_FACE('',(#1836),#1944,.T.);
#2047=ADVANCED_FACE('',(#1837),#1945,.T.);
#2048=ADVANCED_FACE('',(#1838),#1946,.F.);
#2049=ADVANCED_FACE('',(#1839),#1947,.T.);
#2050=ADVANCED_FACE('',(#1840),#1948,.T.);
#2051=ADVANCED_FACE('',(#1841),#1949,.T.);
#2052=ADVANCED_FACE('',(#1842),#1950,.F.);
#2053=ADVANCED_FACE('',(#1843,#1844,#1845,#1846),#1951,.F.);
#2054=ADVANCED_FACE('',(#1847),#1952,.F.);
#2055=ADVANCED_FACE('',(#1848,#1849,#1850,#1851),#1953,.F.);
#2056=ADVANCED_FACE('',(#1852),#82,.T.);
#2057=ADVANCED_FACE('',(#1853),#1954,.F.);
#2058=ADVANCED_FACE('',(#1854),#83,.T.);
#2059=ADVANCED_FACE('',(#1855,#1856),#84,.F.);
#2060=ADVANCED_FACE('',(#1857,#1858),#1955,.F.);
#2061=ADVANCED_FACE('',(#1859,#1860),#1956,.T.);
#2062=ADVANCED_FACE('',(#1861,#1862),#85,.F.);
#2063=ADVANCED_FACE('',(#1863,#1864),#86,.F.);
#2064=ADVANCED_FACE('',(#1865,#1866),#87,.F.);
#2065=ADVANCED_FACE('',(#1867),#1957,.T.);
#2066=ADVANCED_FACE('',(#1868),#88,.T.);
#2067=ADVANCED_FACE('',(#1869),#1958,.F.);
#2068=ADVANCED_FACE('',(#1870),#89,.T.);
#2069=ADVANCED_FACE('',(#1871,#1872,#1873,#1874),#1959,.F.);
#2070=ADVANCED_FACE('',(#1875),#1960,.F.);
#2071=ADVANCED_FACE('',(#1876,#1877),#90,.F.);
#2072=ADVANCED_FACE('',(#1878,#1879,#1880,#1881),#1961,.F.);
#2073=ADVANCED_FACE('',(#1882,#1883),#1962,.F.);
#2074=ADVANCED_FACE('',(#1884,#1885),#1963,.T.);
#2075=ADVANCED_FACE('',(#1886,#1887),#91,.F.);
#2076=ADVANCED_FACE('',(#1888,#1889),#92,.F.);
#2077=ADVANCED_FACE('',(#1890,#1891),#93,.F.);
#2078=CLOSED_SHELL('',(#1964,#1965,#1966,#1967,#1968,#1969,#1970,#1971,
#1972,#1973,#1974,#1975,#1976,#1977,#1978,#1979,#1980,#1981,#1982,#1983,
#1984,#1985,#1986,#1987,#1988,#1989,#1990,#1991,#1992,#1993,#1994,#1995,
#1996,#1997,#1998,#1999,#2000,#2001,#2002,#2003,#2004,#2005,#2006,#2007,
#2008,#2009,#2010,#2011,#2012,#2013,#2014,#2015,#2016,#2017,#2018,#2019,
#2020,#2021,#2022,#2023,#2024,#2025,#2026,#2027,#2028,#2029,#2030,#2031,
#2032,#2033,#2034,#2035,#2036,#2037,#2038,#2039,#2040,#2041,#2042,#2043,
#2044,#2045,#2046,#2047,#2048,#2049,#2050,#2051));
#2079=CLOSED_SHELL('',(#2052,#2053,#2054,#2055,#2056,#2057,#2058,#2059,
#2060,#2061,#2062,#2063,#2064));
#2080=CLOSED_SHELL('',(#2065,#2066,#2067,#2068,#2069,#2070,#2071,#2072,
#2073,#2074,#2075,#2076,#2077));
#2081=STYLED_ITEM('',(#2084),#2105);
#2082=STYLED_ITEM('',(#2085),#2106);
#2083=STYLED_ITEM('',(#2086),#2107);
#2084=PRESENTATION_STYLE_ASSIGNMENT((#2087));
#2085=PRESENTATION_STYLE_ASSIGNMENT((#2088));
#2086=PRESENTATION_STYLE_ASSIGNMENT((#2089));
#2087=SURFACE_STYLE_USAGE(.BOTH.,#2090);
#2088=SURFACE_STYLE_USAGE(.BOTH.,#2091);
#2089=SURFACE_STYLE_USAGE(.BOTH.,#2092);
#2090=SURFACE_SIDE_STYLE('',(#2093));
#2091=SURFACE_SIDE_STYLE('',(#2094));
#2092=SURFACE_SIDE_STYLE('',(#2095));
#2093=SURFACE_STYLE_FILL_AREA(#2096);
#2094=SURFACE_STYLE_FILL_AREA(#2097);
#2095=SURFACE_STYLE_FILL_AREA(#2098);
#2096=FILL_AREA_STYLE('',(#2099));
#2097=FILL_AREA_STYLE('',(#2100));
#2098=FILL_AREA_STYLE('',(#2101));
#2099=FILL_AREA_STYLE_COLOUR('',#2102);
#2100=FILL_AREA_STYLE_COLOUR('',#2103);
#2101=FILL_AREA_STYLE_COLOUR('',#2104);
#2102=COLOUR_RGB('',0.615686274509804,0.811764705882353,0.929411764705882);
#2103=COLOUR_RGB('',0.231372549019608,0.380392156862745,0.705882352941177);
#2104=COLOUR_RGB('',0.647058823529412,0.647058823529412,0.647058823529412);
#2105=MANIFOLD_SOLID_BREP('Top Brace',#2078);
#2106=MANIFOLD_SOLID_BREP('Bottom Left Brace',#2079);
#2107=MANIFOLD_SOLID_BREP('Bottom Right brace',#2080);
#2108=SHAPE_DEFINITION_REPRESENTATION(#3790,#2111);
#2109=SHAPE_DEFINITION_REPRESENTATION(#3791,#2112);
#2110=SHAPE_DEFINITION_REPRESENTATION(#3792,#2113);
#2111=SHAPE_REPRESENTATION('Top Brace',(#2114),#3775);
#2112=SHAPE_REPRESENTATION('Bottom Left Brace',(#2260),#3776);
#2113=SHAPE_REPRESENTATION('Bottom Right brace',(#2286),#3777);
#2114=AXIS2_PLACEMENT_3D('',#2874,#2312,#2313);
#2115=AXIS2_PLACEMENT_3D('',#2875,#2314,#2315);
#2116=AXIS2_PLACEMENT_3D('',#2881,#2318,#2319);
#2117=AXIS2_PLACEMENT_3D('',#2882,#2320,#2321);
#2118=AXIS2_PLACEMENT_3D('',#2883,#2322,#2323);
#2119=AXIS2_PLACEMENT_3D('',#2888,#2326,#2327);
#2120=AXIS2_PLACEMENT_3D('',#2893,#2330,#2331);
#2121=AXIS2_PLACEMENT_3D('',#2894,#2332,#2333);
#2122=AXIS2_PLACEMENT_3D('',#2908,#2341,#2342);
#2123=AXIS2_PLACEMENT_3D('',#2931,#2344,#2345);
#2124=AXIS2_PLACEMENT_3D('',#2932,#2346,#2347);
#2125=AXIS2_PLACEMENT_3D('',#2933,#2348,#2349);
#2126=AXIS2_PLACEMENT_3D('',#2937,#2351,#2352);
#2127=AXIS2_PLACEMENT_3D('',#2938,#2353,#2354);
#2128=AXIS2_PLACEMENT_3D('',#2941,#2356,#2357);
#2129=AXIS2_PLACEMENT_3D('',#2943,#2359,#2360);
#2130=AXIS2_PLACEMENT_3D('',#2949,#2363,#2364);
#2131=AXIS2_PLACEMENT_3D('',#2950,#2365,#2366);
#2132=AXIS2_PLACEMENT_3D('',#2955,#2369,#2370);
#2133=AXIS2_PLACEMENT_3D('',#2956,#2371,#2372);
#2134=AXIS2_PLACEMENT_3D('',#2957,#2373,#2374);
#2135=AXIS2_PLACEMENT_3D('',#2962,#2377,#2378);
#2136=AXIS2_PLACEMENT_3D('',#2978,#2387,#2388);
#2137=AXIS2_PLACEMENT_3D('',#2980,#2390,#2391);
#2138=AXIS2_PLACEMENT_3D('',#2981,#2392,#2393);
#2139=AXIS2_PLACEMENT_3D('',#2982,#2394,#2395);
#2140=AXIS2_PLACEMENT_3D('',#2984,#2396,#2397);
#2141=AXIS2_PLACEMENT_3D('',#2989,#2399,#2400);
#2142=AXIS2_PLACEMENT_3D('',#3025,#2412,#2413);
#2143=AXIS2_PLACEMENT_3D('',#3029,#2415,#2416);
#2144=AXIS2_PLACEMENT_3D('',#3030,#2417,#2418);
#2145=AXIS2_PLACEMENT_3D('',#3031,#2419,#2420);
#2146=AXIS2_PLACEMENT_3D('',#3033,#2421,#2422);
#2147=AXIS2_PLACEMENT_3D('',#3034,#2423,#2424);
#2148=AXIS2_PLACEMENT_3D('',#3036,#2425,#2426);
#2149=AXIS2_PLACEMENT_3D('',#3043,#2427,#2428);
#2150=AXIS2_PLACEMENT_3D('',#3044,#2429,#2430);
#2151=AXIS2_PLACEMENT_3D('',#3077,#2431,#2432);
#2152=AXIS2_PLACEMENT_3D('',#3087,#2433,#2434);
#2153=AXIS2_PLACEMENT_3D('',#3088,#2435,#2436);
#2154=AXIS2_PLACEMENT_3D('',#3257,#2443,#2444);
#2155=AXIS2_PLACEMENT_3D('',#3258,#2445,#2446);
#2156=AXIS2_PLACEMENT_3D('',#3264,#2450,#2451);
#2157=AXIS2_PLACEMENT_3D('',#3265,#2452,#2453);
#2158=AXIS2_PLACEMENT_3D('',#3271,#2457,#2458);
#2159=AXIS2_PLACEMENT_3D('',#3276,#2462,#2463);
#2160=AXIS2_PLACEMENT_3D('',#3281,#2467,#2468);
#2161=AXIS2_PLACEMENT_3D('',#3283,#2470,#2471);
#2162=AXIS2_PLACEMENT_3D('',#3289,#2475,#2476);
#2163=AXIS2_PLACEMENT_3D('',#3290,#2477,#2478);
#2164=AXIS2_PLACEMENT_3D('',#3299,#2483,#2484);
#2165=AXIS2_PLACEMENT_3D('',#3424,#2487,#2488);
#2166=AXIS2_PLACEMENT_3D('',#3426,#2490,#2491);
#2167=AXIS2_PLACEMENT_3D('',#3427,#2492,#2493);
#2168=AXIS2_PLACEMENT_3D('',#3433,#2497,#2498);
#2169=AXIS2_PLACEMENT_3D('',#3434,#2499,#2500);
#2170=AXIS2_PLACEMENT_3D('',#3436,#2501,#2502);
#2171=AXIS2_PLACEMENT_3D('',#3437,#2503,#2504);
#2172=AXIS2_PLACEMENT_3D('',#3439,#2505,#2506);
#2173=AXIS2_PLACEMENT_3D('',#3440,#2507,#2508);
#2174=AXIS2_PLACEMENT_3D('',#3452,#2514,#2515);
#2175=AXIS2_PLACEMENT_3D('',#3453,#2516,#2517);
#2176=AXIS2_PLACEMENT_3D('',#3462,#2522,#2523);
#2177=AXIS2_PLACEMENT_3D('',#3468,#2527,#2528);
#2178=AXIS2_PLACEMENT_3D('',#3469,#2529,#2530);
#2179=AXIS2_PLACEMENT_3D('',#3471,#2531,#2532);
#2180=AXIS2_PLACEMENT_3D('',#3473,#2533,#2534);
#2181=AXIS2_PLACEMENT_3D('',#3480,#2538,#2539);
#2182=AXIS2_PLACEMENT_3D('',#3486,#2543,#2544);
#2183=AXIS2_PLACEMENT_3D('',#3487,#2545,#2546);
#2184=AXIS2_PLACEMENT_3D('',#3489,#2547,#2548);
#2185=AXIS2_PLACEMENT_3D('',#3491,#2549,#2550);
#2186=AXIS2_PLACEMENT_3D('',#3498,#2554,#2555);
#2187=AXIS2_PLACEMENT_3D('',#3503,#2556,#2557);
#2188=AXIS2_PLACEMENT_3D('',#3504,#2558,#2559);
#2189=AXIS2_PLACEMENT_3D('',#3505,#2560,#2561);
#2190=AXIS2_PLACEMENT_3D('',#3510,#2562,#2563);
#2191=AXIS2_PLACEMENT_3D('',#3513,#2565,#2566);
#2192=AXIS2_PLACEMENT_3D('',#3514,#2567,#2568);
#2193=AXIS2_PLACEMENT_3D('',#3516,#2569,#2570);
#2194=AXIS2_PLACEMENT_3D('',#3518,#2571,#2572);
#2195=AXIS2_PLACEMENT_3D('',#3523,#2575,#2576);
#2196=AXIS2_PLACEMENT_3D('',#3527,#2579,#2580);
#2197=AXIS2_PLACEMENT_3D('',#3528,#2581,#2582);
#2198=AXIS2_PLACEMENT_3D('',#3530,#2583,#2584);
#2199=AXIS2_PLACEMENT_3D('',#3532,#2585,#2586);
#2200=AXIS2_PLACEMENT_3D('',#3537,#2589,#2590);
#2201=AXIS2_PLACEMENT_3D('',#3541,#2593,#2594);
#2202=AXIS2_PLACEMENT_3D('',#3545,#2597,#2598);
#2203=AXIS2_PLACEMENT_3D('',#3546,#2599,#2600);
#2204=AXIS2_PLACEMENT_3D('',#3547,#2601,#2602);
#2205=AXIS2_PLACEMENT_3D('',#3553,#2606,#2607);
#2206=AXIS2_PLACEMENT_3D('',#3554,#2608,#2609);
#2207=AXIS2_PLACEMENT_3D('',#3555,#2610,#2611);
#2208=AXIS2_PLACEMENT_3D('',#3556,#2612,#2613);
#2209=AXIS2_PLACEMENT_3D('',#3557,#2614,#2615);
#2210=AXIS2_PLACEMENT_3D('',#3558,#2616,#2617);
#2211=AXIS2_PLACEMENT_3D('',#3559,#2618,#2619);
#2212=AXIS2_PLACEMENT_3D('',#3561,#2621,#2622);
#2213=AXIS2_PLACEMENT_3D('',#3563,#2624,#2625);
#2214=AXIS2_PLACEMENT_3D('',#3564,#2626,#2627);
#2215=AXIS2_PLACEMENT_3D('',#3565,#2628,#2629);
#2216=AXIS2_PLACEMENT_3D('',#3566,#2630,#2631);
#2217=AXIS2_PLACEMENT_3D('',#3567,#2632,#2633);
#2218=AXIS2_PLACEMENT_3D('',#3568,#2634,#2635);
#2219=AXIS2_PLACEMENT_3D('',#3570,#2636,#2637);
#2220=AXIS2_PLACEMENT_3D('',#3571,#2638,#2639);
#2221=AXIS2_PLACEMENT_3D('',#3575,#2641,#2642);
#2222=AXIS2_PLACEMENT_3D('',#3578,#2644,#2645);
#2223=AXIS2_PLACEMENT_3D('',#3580,#2647,#2648);
#2224=AXIS2_PLACEMENT_3D('',#3582,#2650,#2651);
#2225=AXIS2_PLACEMENT_3D('',#3583,#2652,#2653);
#2226=AXIS2_PLACEMENT_3D('',#3584,#2654,#2655);
#2227=AXIS2_PLACEMENT_3D('',#3585,#2656,#2657);
#2228=AXIS2_PLACEMENT_3D('',#3586,#2658,#2659);
#2229=AXIS2_PLACEMENT_3D('',#3587,#2660,#2661);
#2230=AXIS2_PLACEMENT_3D('',#3588,#2662,#2663);
#2231=AXIS2_PLACEMENT_3D('',#3589,#2664,#2665);
#2232=AXIS2_PLACEMENT_3D('',#3590,#2666,#2667);
#2233=AXIS2_PLACEMENT_3D('',#3591,#2668,#2669);
#2234=AXIS2_PLACEMENT_3D('',#3593,#2670,#2671);
#2235=AXIS2_PLACEMENT_3D('',#3594,#2672,#2673);
#2236=AXIS2_PLACEMENT_3D('',#3596,#2674,#2675);
#2237=AXIS2_PLACEMENT_3D('',#3597,#2676,#2677);
#2238=AXIS2_PLACEMENT_3D('',#3599,#2678,#2679);
#2239=AXIS2_PLACEMENT_3D('',#3600,#2680,#2681);
#2240=AXIS2_PLACEMENT_3D('',#3602,#2682,#2683);
#2241=AXIS2_PLACEMENT_3D('',#3603,#2684,#2685);
#2242=AXIS2_PLACEMENT_3D('',#3605,#2686,#2687);
#2243=AXIS2_PLACEMENT_3D('',#3606,#2688,#2689);
#2244=AXIS2_PLACEMENT_3D('',#3607,#2690,#2691);
#2245=AXIS2_PLACEMENT_3D('',#3609,#2692,#2693);
#2246=AXIS2_PLACEMENT_3D('',#3610,#2694,#2695);
#2247=AXIS2_PLACEMENT_3D('',#3611,#2696,#2697);
#2248=AXIS2_PLACEMENT_3D('',#3619,#2703,#2704);
#2249=AXIS2_PLACEMENT_3D('',#3620,#2705,#2706);
#2250=AXIS2_PLACEMENT_3D('',#3622,#2708,#2709);
#2251=AXIS2_PLACEMENT_3D('',#3623,#2710,#2711);
#2252=AXIS2_PLACEMENT_3D('',#3625,#2713,#2714);
#2253=AXIS2_PLACEMENT_3D('',#3626,#2715,#2716);
#2254=AXIS2_PLACEMENT_3D('',#3634,#2722,#2723);
#2255=AXIS2_PLACEMENT_3D('',#3635,#2724,#2725);
#2256=AXIS2_PLACEMENT_3D('',#3636,#2726,#2727);
#2257=AXIS2_PLACEMENT_3D('',#3638,#2729,#2730);
#2258=AXIS2_PLACEMENT_3D('',#3639,#2731,#2732);
#2259=AXIS2_PLACEMENT_3D('',#3641,#2734,#2735);
#2260=AXIS2_PLACEMENT_3D('',#3642,#2736,#2737);
#2261=AXIS2_PLACEMENT_3D('',#3643,#2738,#2739);
#2262=AXIS2_PLACEMENT_3D('',#3652,#2744,#2745);
#2263=AXIS2_PLACEMENT_3D('',#3653,#2746,#2747);
#2264=AXIS2_PLACEMENT_3D('',#3655,#2748,#2749);
#2265=AXIS2_PLACEMENT_3D('',#3657,#2750,#2751);
#2266=AXIS2_PLACEMENT_3D('',#3664,#2755,#2756);
#2267=AXIS2_PLACEMENT_3D('',#3670,#2760,#2761);
#2268=AXIS2_PLACEMENT_3D('',#3671,#2762,#2763);
#2269=AXIS2_PLACEMENT_3D('',#3673,#2764,#2765);
#2270=AXIS2_PLACEMENT_3D('',#3675,#2766,#2767);
#2271=AXIS2_PLACEMENT_3D('',#3682,#2771,#2772);
#2272=AXIS2_PLACEMENT_3D('',#3683,#2773,#2774);
#2273=AXIS2_PLACEMENT_3D('',#3685,#2775,#2776);
#2274=AXIS2_PLACEMENT_3D('',#3688,#2778,#2779);
#2275=AXIS2_PLACEMENT_3D('',#3694,#2783,#2784);
#2276=AXIS2_PLACEMENT_3D('',#3695,#2785,#2786);
#2277=AXIS2_PLACEMENT_3D('',#3696,#2787,#2788);
#2278=AXIS2_PLACEMENT_3D('',#3697,#2789,#2790);
#2279=AXIS2_PLACEMENT_3D('',#3698,#2791,#2792);
#2280=AXIS2_PLACEMENT_3D('',#3700,#2793,#2794);
#2281=AXIS2_PLACEMENT_3D('',#3702,#2795,#2796);
#2282=AXIS2_PLACEMENT_3D('',#3703,#2797,#2798);
#2283=AXIS2_PLACEMENT_3D('',#3704,#2799,#2800);
#2284=AXIS2_PLACEMENT_3D('',#3705,#2801,#2802);
#2285=AXIS2_PLACEMENT_3D('',#3706,#2803,#2804);
#2286=AXIS2_PLACEMENT_3D('',#3707,#2805,#2806);
#2287=AXIS2_PLACEMENT_3D('',#3708,#2807,#2808);
#2288=AXIS2_PLACEMENT_3D('',#3717,#2813,#2814);
#2289=AXIS2_PLACEMENT_3D('',#3718,#2815,#2816);
#2290=AXIS2_PLACEMENT_3D('',#3720,#2817,#2818);
#2291=AXIS2_PLACEMENT_3D('',#3723,#2820,#2821);
#2292=AXIS2_PLACEMENT_3D('',#3729,#2825,#2826);
#2293=AXIS2_PLACEMENT_3D('',#3730,#2827,#2828);
#2294=AXIS2_PLACEMENT_3D('',#3732,#2829,#2830);
#2295=AXIS2_PLACEMENT_3D('',#3735,#2832,#2833);
#2296=AXIS2_PLACEMENT_3D('',#3736,#2834,#2835);
#2297=AXIS2_PLACEMENT_3D('',#3738,#2836,#2837);
#2298=AXIS2_PLACEMENT_3D('',#3740,#2838,#2839);
#2299=AXIS2_PLACEMENT_3D('',#3747,#2843,#2844);
#2300=AXIS2_PLACEMENT_3D('',#3753,#2848,#2849);
#2301=AXIS2_PLACEMENT_3D('',#3754,#2850,#2851);
#2302=AXIS2_PLACEMENT_3D('',#3756,#2852,#2853);
#2303=AXIS2_PLACEMENT_3D('',#3758,#2854,#2855);
#2304=AXIS2_PLACEMENT_3D('',#3759,#2856,#2857);
#2305=AXIS2_PLACEMENT_3D('',#3761,#2858,#2859);
#2306=AXIS2_PLACEMENT_3D('',#3763,#2860,#2861);
#2307=AXIS2_PLACEMENT_3D('',#3767,#2864,#2865);
#2308=AXIS2_PLACEMENT_3D('',#3768,#2866,#2867);
#2309=AXIS2_PLACEMENT_3D('',#3769,#2868,#2869);
#2310=AXIS2_PLACEMENT_3D('',#3770,#2870,#2871);
#2311=AXIS2_PLACEMENT_3D('',#3771,#2872,#2873);
#2312=DIRECTION('',(0.,0.,1.));
#2313=DIRECTION('',(1.,0.,0.));
#2314=DIRECTION('',(0.,1.,0.));
#2315=DIRECTION('',(-1.,0.,0.));
#2316=DIRECTION('',(-1.,0.,0.));
#2317=DIRECTION('',(0.,0.,-1.));
#2318=DIRECTION('',(0.,1.,0.));
#2319=DIRECTION('',(0.,0.,1.));
#2320=DIRECTION('',(0.,1.,0.));
#2321=DIRECTION('',(-1.,0.,0.));
#2322=DIRECTION('',(0.,1.,0.));
#2323=DIRECTION('',(0.,0.,1.));
#2324=DIRECTION('',(0.,0.,-1.));
#2325=DIRECTION('',(-1.,0.,0.));
#2326=DIRECTION('',(0.,1.,0.));
#2327=DIRECTION('',(-1.,0.,0.));
#2328=DIRECTION('',(0.,0.,-1.));
#2329=DIRECTION('',(-1.,0.,0.));
#2330=DIRECTION('',(0.,1.,0.));
#2331=DIRECTION('',(0.,0.,1.));
#2332=DIRECTION('',(0.,0.,1.));
#2333=DIRECTION('',(1.,0.,0.));
#2334=DIRECTION('',(0.,-1.,0.));
#2335=DIRECTION('',(-1.,0.,0.));
#2336=DIRECTION('',(0.,-1.,0.));
#2337=DIRECTION('',(0.,-1.,0.));
#2338=DIRECTION('',(-1.,0.,0.));
#2339=DIRECTION('',(0.,-1.,0.));
#2340=DIRECTION('',(-1.,0.,0.));
#2341=DIRECTION('',(0.,-1.,0.));
#2342=DIRECTION('',(0.,0.,-1.));
#2343=DIRECTION('',(0.,-1.,0.));
#2344=DIRECTION('',(0.,-1.,0.));
#2345=DIRECTION('',(0.,0.,1.));
#2346=DIRECTION('',(0.,-1.,0.));
#2347=DIRECTION('',(0.,0.,1.));
#2348=DIRECTION('',(0.,-1.,0.));
#2349=DIRECTION('',(0.,0.,1.));
#2350=DIRECTION('',(0.,-1.,0.));
#2351=DIRECTION('',(0.,-1.,0.));
#2352=DIRECTION('',(0.,0.,1.));
#2353=DIRECTION('',(0.,1.,0.));
#2354=DIRECTION('',(-1.,0.,0.));
#2355=DIRECTION('',(0.,0.,-1.));
#2356=DIRECTION('',(0.,1.,0.));
#2357=DIRECTION('',(0.,0.,1.));
#2358=DIRECTION('',(-1.,0.,0.));
#2359=DIRECTION('',(0.,1.,0.));
#2360=DIRECTION('',(-1.,0.,0.));
#2361=DIRECTION('',(0.,0.,-1.));
#2362=DIRECTION('',(1.,0.,0.));
#2363=DIRECTION('',(0.,1.,0.));
#2364=DIRECTION('',(0.,0.,1.));
#2365=DIRECTION('',(0.,1.,0.));
#2366=DIRECTION('',(-1.,0.,0.));
#2367=DIRECTION('',(1.,0.,0.));
#2368=DIRECTION('',(0.,0.,-1.));
#2369=DIRECTION('',(0.,1.,0.));
#2370=DIRECTION('',(0.,0.,1.));
#2371=DIRECTION('',(0.,1.,0.));
#2372=DIRECTION('',(-1.,0.,0.));
#2373=DIRECTION('',(0.,1.,0.));
#2374=DIRECTION('',(0.,0.,1.));
#2375=DIRECTION('',(0.,0.,-1.));
#2376=DIRECTION('',(1.,0.,0.));
#2377=DIRECTION('',(0.,0.,-1.));
#2378=DIRECTION('',(-1.,0.,0.));
#2379=DIRECTION('',(0.,-1.,0.));
#2380=DIRECTION('',(1.,0.,0.));
#2381=DIRECTION('',(0.,-1.,0.));
#2382=DIRECTION('',(1.,0.,0.));
#2383=DIRECTION('',(0.,-1.,0.));
#2384=DIRECTION('',(1.,0.,0.));
#2385=DIRECTION('',(0.,-1.,0.));
#2386=DIRECTION('',(1.,0.,0.));
#2387=DIRECTION('',(0.,1.,0.));
#2388=DIRECTION('',(-1.,0.,0.));
#2389=DIRECTION('',(0.,0.,-1.));
#2390=DIRECTION('',(0.,1.,0.));
#2391=DIRECTION('',(0.,0.,1.));
#2392=DIRECTION('',(0.,0.,-1.));
#2393=DIRECTION('',(-1.,0.,0.));
#2394=DIRECTION('',(0.,0.,1.));
#2395=DIRECTION('',(1.,0.,0.));
#2396=DIRECTION('',(0.,0.,1.));
#2397=DIRECTION('',(1.,0.,0.));
#2398=DIRECTION('',(0.687854536467788,0.725848563173259,0.));
#2399=DIRECTION('',(0.,0.,-1.));
#2400=DIRECTION('',(-1.,0.,0.));
#2401=DIRECTION('',(0.965116706020588,-0.26182005988841,0.));
#2402=DIRECTION('',(-1.,0.,0.));
#2403=DIRECTION('',(0.,-1.,0.));
#2404=DIRECTION('',(1.,0.,0.));
#2405=DIRECTION('',(0.,-1.,0.));
#2406=DIRECTION('',(1.,0.,0.));
#2407=DIRECTION('',(0.,-1.,0.));
#2408=DIRECTION('',(-1.,0.,0.));
#2409=DIRECTION('',(0.,-1.,0.));
#2410=DIRECTION('',(-1.,0.,0.));
#2411=DIRECTION('',(-0.965116706020569,-0.261820059888481,0.));
#2412=DIRECTION('',(0.,0.,-1.));
#2413=DIRECTION('',(-1.,0.,0.));
#2414=DIRECTION('',(-0.688549520742919,0.725189325269407,0.));
#2415=DIRECTION('',(0.,0.,1.));
#2416=DIRECTION('',(1.,0.,0.));
#2417=DIRECTION('',(0.,1.,0.));
#2418=DIRECTION('',(0.,0.,1.));
#2419=DIRECTION('',(0.,-1.,0.));
#2420=DIRECTION('',(0.,0.,-1.));
#2421=DIRECTION('',(0.,1.,0.));
#2422=DIRECTION('',(0.,0.,1.));
#2423=DIRECTION('',(0.,1.,0.));
#2424=DIRECTION('',(0.,0.,1.));
#2425=DIRECTION('',(0.,-1.,0.));
#2426=DIRECTION('',(0.,0.,-1.));
#2427=DIRECTION('',(0.,-1.,0.));
#2428=DIRECTION('',(0.,0.,-1.));
#2429=DIRECTION('',(0.,-1.,0.));
#2430=DIRECTION('',(0.,0.,-1.));
#2431=DIRECTION('',(0.,-1.,0.));
#2432=DIRECTION('',(0.,0.,-1.));
#2433=DIRECTION('',(0.,-1.,0.));
#2434=DIRECTION('',(0.,0.,-1.));
#2435=DIRECTION('',(0.,-1.,0.));
#2436=DIRECTION('',(0.,0.,-1.));
#2437=DIRECTION('',(0.,-1.,0.));
#2438=DIRECTION('',(0.,1.,0.));
#2439=DIRECTION('',(0.,-1.,0.));
#2440=DIRECTION('',(0.,-1.,0.));
#2441=DIRECTION('',(0.,1.,0.));
#2442=DIRECTION('',(0.,-1.,0.));
#2443=DIRECTION('',(0.261820059888481,-0.965116706020569,0.));
#2444=DIRECTION('',(0.965116706020569,0.261820059888481,0.));
#2445=DIRECTION('',(0.261820059888481,-0.965116706020569,0.));
#2446=DIRECTION('',(-0.965116706020569,-0.261820059888481,0.));
#2447=DIRECTION('',(0.,0.,1.));
#2448=DIRECTION('',(0.,0.,1.));
#2449=DIRECTION('',(0.965116706020569,0.261820059888481,0.));
#2450=DIRECTION('',(0.26182005988841,0.965116706020588,0.));
#2451=DIRECTION('',(-0.965116706020588,0.26182005988841,0.));
#2452=DIRECTION('',(0.26182005988841,0.965116706020588,0.));
#2453=DIRECTION('',(0.965116706020588,-0.26182005988841,0.));
#2454=DIRECTION('',(0.,0.,1.));
#2455=DIRECTION('',(-0.965116706020588,0.26182005988841,0.));
#2456=DIRECTION('',(0.,0.,1.));
#2457=DIRECTION('',(3.25471765899002E-15,0.,-1.));
#2458=DIRECTION('',(-1.,0.,-3.25471765899002E-15));
#2459=DIRECTION('',(1.,0.,3.25471765899002E-15));
#2460=DIRECTION('',(0.,1.,0.));
#2461=DIRECTION('',(1.,0.,0.));
#2462=DIRECTION('',(-2.92986953960318E-16,0.,1.));
#2463=DIRECTION('',(1.,0.,2.92986953960318E-16));
#2464=DIRECTION('',(-1.,0.,0.));
#2465=DIRECTION('',(0.,1.,0.));
#2466=DIRECTION('',(-1.,0.,-2.92986953960318E-16));
#2467=DIRECTION('',(0.,1.,0.));
#2468=DIRECTION('',(0.,0.,1.));
#2469=DIRECTION('',(0.,0.,1.));
#2470=DIRECTION('',(0.,0.,1.));
#2471=DIRECTION('',(1.,0.,0.));
#2472=DIRECTION('',(0.,1.,0.));
#2473=DIRECTION('',(1.,0.,0.));
#2474=DIRECTION('',(1.,0.,0.));
#2475=DIRECTION('',(-1.,0.,0.));
#2476=DIRECTION('',(0.,0.,1.));
#2477=DIRECTION('',(-1.,0.,0.));
#2478=DIRECTION('',(0.,0.,1.));
#2479=DIRECTION('',(0.,1.,0.));
#2480=DIRECTION('',(0.,0.,-1.));
#2481=DIRECTION('',(0.,-1.,0.));
#2482=DIRECTION('',(0.,0.,-1.));
#2483=DIRECTION('',(0.,0.,1.));
#2484=DIRECTION('',(1.,0.,0.));
#2485=DIRECTION('',(0.,0.,1.));
#2486=DIRECTION('',(0.,0.,1.));
#2487=DIRECTION('',(0.,-1.,0.));
#2488=DIRECTION('',(0.,0.,-1.));
#2489=DIRECTION('',(0.,0.,1.));
#2490=DIRECTION('',(0.,-1.,0.));
#2491=DIRECTION('',(0.,0.,-1.));
#2492=DIRECTION('',(0.,0.,-1.));
#2493=DIRECTION('',(-1.,0.,0.));
#2494=DIRECTION('',(1.,0.,0.));
#2495=DIRECTION('',(0.,1.,0.));
#2496=DIRECTION('',(-1.,0.,0.));
#2497=DIRECTION('',(0.,-1.,0.));
#2498=DIRECTION('',(0.,0.,-1.));
#2499=DIRECTION('',(0.,-1.,0.));
#2500=DIRECTION('',(0.,0.,-1.));
#2501=DIRECTION('',(0.,-1.,0.));
#2502=DIRECTION('',(0.,0.,-1.));
#2503=DIRECTION('',(0.,-1.,0.));
#2504=DIRECTION('',(0.,0.,-1.));
#2505=DIRECTION('',(0.,-1.,0.));
#2506=DIRECTION('',(1.,0.,0.));
#2507=DIRECTION('',(0.,1.,0.));
#2508=DIRECTION('',(0.,0.,-1.));
#2509=DIRECTION('',(0.,0.,1.));
#2510=DIRECTION('',(1.,0.,0.));
#2511=DIRECTION('',(0.,0.,1.));
#2512=DIRECTION('',(1.,0.,0.));
#2513=DIRECTION('',(0.,0.,-1.));
#2514=DIRECTION('',(0.,-1.,0.));
#2515=DIRECTION('',(0.,0.,-1.));
#2516=DIRECTION('',(1.,0.,0.));
#2517=DIRECTION('',(0.,0.,-1.));
#2518=DIRECTION('',(0.,0.,1.));
#2519=DIRECTION('',(0.,-1.,0.));
#2520=DIRECTION('',(0.,0.,1.));
#2521=DIRECTION('',(0.,-1.,0.));
#2522=DIRECTION('',(1.75668200098917E-15,0.,1.));
#2523=DIRECTION('',(1.,0.,-1.75668200098917E-15));
#2524=DIRECTION('',(-1.,0.,1.75668200098917E-15));
#2525=DIRECTION('',(-1.,0.,1.75668200098917E-15));
#2526=DIRECTION('',(0.,-1.,0.));
#2527=DIRECTION('',(1.,0.,-1.57907013029993E-15));
#2528=DIRECTION('',(-1.57907013029993E-15,0.,-1.));
#2529=DIRECTION('',(1.,0.,-1.57907013029993E-15));
#2530=DIRECTION('',(-1.57907013029993E-15,0.,-1.));
#2531=DIRECTION('',(1.,0.,-1.57907013029993E-15));
#2532=DIRECTION('',(-1.57907013029993E-15,0.,-1.));
#2533=DIRECTION('',(1.,0.,-1.57907013029993E-15));
#2534=DIRECTION('',(-1.57907013029993E-15,0.,-1.));
#2535=DIRECTION('',(1.57907013029993E-15,0.,1.));
#2536=DIRECTION('',(1.57907013029993E-15,0.,1.));
#2537=DIRECTION('',(0.,-1.,0.));
#2538=DIRECTION('',(0.,0.,-1.));
#2539=DIRECTION('',(-1.,0.,0.));
#2540=DIRECTION('',(1.,0.,0.));
#2541=DIRECTION('',(1.,0.,0.));
#2542=DIRECTION('',(0.,-1.,0.));
#2543=DIRECTION('',(1.,0.,0.));
#2544=DIRECTION('',(0.,0.,-1.));
#2545=DIRECTION('',(1.,0.,0.));
#2546=DIRECTION('',(0.,0.,-1.));
#2547=DIRECTION('',(1.,0.,0.));
#2548=DIRECTION('',(0.,0.,-1.));
#2549=DIRECTION('',(1.,0.,0.));
#2550=DIRECTION('',(0.,0.,-1.));
#2551=DIRECTION('',(0.,0.,1.));
#2552=DIRECTION('',(0.,0.,1.));
#2553=DIRECTION('',(0.,-1.,0.));
#2554=DIRECTION('',(0.,-1.,0.));
#2555=DIRECTION('',(0.,0.,-1.));
#2556=DIRECTION('',(0.,-1.,0.));
#2557=DIRECTION('',(0.,0.,-1.));
#2558=DIRECTION('',(0.,-1.,0.));
#2559=DIRECTION('',(0.,0.,-1.));
#2560=DIRECTION('',(0.,-1.,0.));
#2561=DIRECTION('',(0.,0.,-1.));
#2562=DIRECTION('',(0.,1.,0.));
#2563=DIRECTION('',(0.,0.,-1.));
#2564=DIRECTION('',(0.,-1.,0.));
#2565=DIRECTION('',(1.,0.,0.));
#2566=DIRECTION('',(0.,0.,-1.));
#2567=DIRECTION('',(1.,0.,0.));
#2568=DIRECTION('',(0.,0.,-1.));
#2569=DIRECTION('',(1.,0.,0.));
#2570=DIRECTION('',(0.,0.,-1.));
#2571=DIRECTION('',(1.,0.,0.));
#2572=DIRECTION('',(0.,0.,-1.));
#2573=DIRECTION('',(0.,0.,1.));
#2574=DIRECTION('',(0.,-1.,0.));
#2575=DIRECTION('',(0.,0.,-1.));
#2576=DIRECTION('',(-1.,0.,0.));
#2577=DIRECTION('',(1.,0.,0.));
#2578=DIRECTION('',(0.,-1.,0.));
#2579=DIRECTION('',(1.,0.,0.));
#2580=DIRECTION('',(0.,0.,-1.));
#2581=DIRECTION('',(1.,0.,0.));
#2582=DIRECTION('',(0.,0.,-1.));
#2583=DIRECTION('',(1.,0.,0.));
#2584=DIRECTION('',(0.,0.,-1.));
#2585=DIRECTION('',(1.,0.,0.));
#2586=DIRECTION('',(0.,0.,-1.));
#2587=DIRECTION('',(0.,0.,1.));
#2588=DIRECTION('',(0.,-1.,0.));
#2589=DIRECTION('',(0.,0.,-1.));
#2590=DIRECTION('',(-1.,0.,0.));
#2591=DIRECTION('',(1.,0.,0.));
#2592=DIRECTION('',(0.,-1.,0.));
#2593=DIRECTION('',(-1.,0.,0.));
#2594=DIRECTION('',(0.,0.,1.));
#2595=DIRECTION('',(0.,0.,-1.));
#2596=DIRECTION('',(0.,-1.,0.));
#2597=DIRECTION('',(0.,-1.,0.));
#2598=DIRECTION('',(0.,0.,-1.));
#2599=DIRECTION('',(0.,-1.,0.));
#2600=DIRECTION('',(0.,0.,-1.));
#2601=DIRECTION('',(1.,0.,0.));
#2602=DIRECTION('',(0.,0.,-1.));
#2603=DIRECTION('',(0.,0.,1.));
#2604=DIRECTION('',(0.,0.,1.));
#2605=DIRECTION('',(0.,-1.,0.));
#2606=DIRECTION('',(0.,-1.,0.));
#2607=DIRECTION('',(0.,0.,-1.));
#2608=DIRECTION('',(0.,-1.,0.));
#2609=DIRECTION('',(0.,0.,-1.));
#2610=DIRECTION('',(0.,-1.,0.));
#2611=DIRECTION('',(0.,0.,-1.));
#2612=DIRECTION('',(0.,-1.,0.));
#2613=DIRECTION('',(0.,0.,-1.));
#2614=DIRECTION('',(0.,-1.,0.));
#2615=DIRECTION('',(1.,0.,0.));
#2616=DIRECTION('',(0.,-1.,0.));
#2617=DIRECTION('',(1.,0.,0.));
#2618=DIRECTION('',(0.,-1.,0.));
#2619=DIRECTION('',(0.,0.,-1.));
#2620=DIRECTION('',(0.,0.,1.));
#2621=DIRECTION('',(0.,-1.,0.));
#2622=DIRECTION('',(0.,0.,-1.));
#2623=DIRECTION('',(0.,0.,1.));
#2624=DIRECTION('',(-1.,0.,0.));
#2625=DIRECTION('',(0.,0.,1.));
#2626=DIRECTION('',(-1.,0.,0.));
#2627=DIRECTION('',(0.,0.,1.));
#2628=DIRECTION('',(-1.,0.,0.));
#2629=DIRECTION('',(0.,0.,1.));
#2630=DIRECTION('',(1.,0.,0.));
#2631=DIRECTION('',(0.,0.,-1.));
#2632=DIRECTION('',(0.,-1.,0.));
#2633=DIRECTION('',(0.,0.,-1.));
#2634=DIRECTION('',(0.,1.,0.));
#2635=DIRECTION('',(0.,0.,1.));
#2636=DIRECTION('',(0.,1.,0.));
#2637=DIRECTION('',(0.,0.,1.));
#2638=DIRECTION('',(0.,1.,0.));
#2639=DIRECTION('',(0.,0.,1.));
#2640=DIRECTION('',(0.,-1.,0.));
#2641=DIRECTION('',(0.,1.,0.));
#2642=DIRECTION('',(0.,0.,1.));
#2643=DIRECTION('',(0.,-1.,0.));
#2644=DIRECTION('',(0.725189325269407,0.688549520742919,0.));
#2645=DIRECTION('',(-0.688549520742919,0.725189325269407,0.));
#2646=DIRECTION('',(0.,0.,1.));
#2647=DIRECTION('',(0.725848563173259,-0.687854536467788,0.));
#2648=DIRECTION('',(0.687854536467788,0.725848563173259,0.));
#2649=DIRECTION('',(0.,0.,1.));
#2650=DIRECTION('',(0.,0.,1.));
#2651=DIRECTION('',(1.,0.,0.));
#2652=DIRECTION('',(0.,0.,1.));
#2653=DIRECTION('',(1.,0.,0.));
#2654=DIRECTION('',(1.,0.,0.));
#2655=DIRECTION('',(0.,0.,-1.));
#2656=DIRECTION('',(1.,0.,0.));
#2657=DIRECTION('',(0.,0.,-1.));
#2658=DIRECTION('',(1.,0.,0.));
#2659=DIRECTION('',(0.,0.,-1.));
#2660=DIRECTION('',(1.,0.,0.));
#2661=DIRECTION('',(0.,0.,-1.));
#2662=DIRECTION('',(1.,0.,0.));
#2663=DIRECTION('',(0.,0.,-1.));
#2664=DIRECTION('',(1.,0.,0.));
#2665=DIRECTION('',(0.,0.,-1.));
#2666=DIRECTION('',(0.,0.,1.));
#2667=DIRECTION('',(1.,0.,0.));
#2668=DIRECTION('',(0.,0.,1.));
#2669=DIRECTION('',(1.,0.,0.));
#2670=DIRECTION('',(0.,0.,1.));
#2671=DIRECTION('',(1.,0.,0.));
#2672=DIRECTION('',(0.,0.,1.));
#2673=DIRECTION('',(1.,0.,0.));
#2674=DIRECTION('',(0.,0.,1.));
#2675=DIRECTION('',(1.,0.,0.));
#2676=DIRECTION('',(0.,0.,1.));
#2677=DIRECTION('',(1.,0.,0.));
#2678=DIRECTION('',(0.,0.,1.));
#2679=DIRECTION('',(1.,0.,0.));
#2680=DIRECTION('',(0.,0.,1.));
#2681=DIRECTION('',(1.,0.,0.));
#2682=DIRECTION('',(0.,0.,1.));
#2683=DIRECTION('',(1.,0.,0.));
#2684=DIRECTION('',(0.,0.,1.));
#2685=DIRECTION('',(1.,0.,0.));
#2686=DIRECTION('',(0.,0.,1.));
#2687=DIRECTION('',(1.,0.,0.));
#2688=DIRECTION('',(0.,0.,1.));
#2689=DIRECTION('',(1.,0.,0.));
#2690=DIRECTION('',(0.,0.,1.));
#2691=DIRECTION('',(1.,0.,0.));
#2692=DIRECTION('',(0.,0.,1.));
#2693=DIRECTION('',(1.,0.,0.));
#2694=DIRECTION('',(0.,1.,0.));
#2695=DIRECTION('',(-1.,0.,0.));
#2696=DIRECTION('',(0.,0.,-1.));
#2697=DIRECTION('',(-1.,0.,0.));
#2698=DIRECTION('',(0.,-1.,0.));
#2699=DIRECTION('',(1.,0.,0.));
#2700=DIRECTION('',(1.,0.,0.));
#2701=DIRECTION('',(1.,0.,0.));
#2702=DIRECTION('',(0.,-1.,0.));
#2703=DIRECTION('',(0.,1.,0.));
#2704=DIRECTION('',(-1.,0.,0.));
#2705=DIRECTION('',(-1.,0.,0.));
#2706=DIRECTION('',(0.,0.,1.));
#2707=DIRECTION('',(0.,0.,-1.));
#2708=DIRECTION('',(0.,1.,0.));
#2709=DIRECTION('',(-1.,0.,0.));
#2710=DIRECTION('',(-1.,0.,0.));
#2711=DIRECTION('',(0.,0.,1.));
#2712=DIRECTION('',(0.,0.,-1.));
#2713=DIRECTION('',(0.,1.,0.));
#2714=DIRECTION('',(-1.,0.,0.));
#2715=DIRECTION('',(0.,0.,1.));
#2716=DIRECTION('',(1.,0.,0.));
#2717=DIRECTION('',(0.,-1.,0.));
#2718=DIRECTION('',(-1.,0.,0.));
#2719=DIRECTION('',(-1.,0.,0.));
#2720=DIRECTION('',(-1.,0.,0.));
#2721=DIRECTION('',(0.,-1.,0.));
#2722=DIRECTION('',(0.,1.,0.));
#2723=DIRECTION('',(1.,0.,0.));
#2724=DIRECTION('',(0.,1.,0.));
#2725=DIRECTION('',(1.,0.,0.));
#2726=DIRECTION('',(-1.,0.,0.));
#2727=DIRECTION('',(0.,0.,1.));
#2728=DIRECTION('',(0.,0.,-1.));
#2729=DIRECTION('',(0.,1.,0.));
#2730=DIRECTION('',(1.,0.,0.));
#2731=DIRECTION('',(-1.,0.,0.));
#2732=DIRECTION('',(0.,0.,1.));
#2733=DIRECTION('',(0.,0.,-1.));
#2734=DIRECTION('',(0.,1.,0.));
#2735=DIRECTION('',(1.,0.,0.));
#2736=DIRECTION('',(0.,0.,1.));
#2737=DIRECTION('',(1.,0.,0.));
#2738=DIRECTION('',(0.,0.,-1.));
#2739=DIRECTION('',(-1.,0.,0.));
#2740=DIRECTION('',(1.,0.,0.));
#2741=DIRECTION('',(0.,-1.,0.));
#2742=DIRECTION('',(1.,0.,0.));
#2743=DIRECTION('',(0.,-1.,0.));
#2744=DIRECTION('',(-1.,0.,0.));
#2745=DIRECTION('',(0.,0.,1.));
#2746=DIRECTION('',(-1.,0.,0.));
#2747=DIRECTION('',(0.,0.,1.));
#2748=DIRECTION('',(-1.,0.,0.));
#2749=DIRECTION('',(0.,0.,1.));
#2750=DIRECTION('',(-1.,0.,0.));
#2751=DIRECTION('',(0.,0.,1.));
#2752=DIRECTION('',(0.,0.,-1.));
#2753=DIRECTION('',(0.,0.,-1.));
#2754=DIRECTION('',(0.,-1.,0.));
#2755=DIRECTION('',(0.,0.,-1.));
#2756=DIRECTION('',(-1.,0.,0.));
#2757=DIRECTION('',(1.,0.,0.));
#2758=DIRECTION('',(1.,0.,0.));
#2759=DIRECTION('',(0.,-1.,0.));
#2760=DIRECTION('',(1.,0.,0.));
#2761=DIRECTION('',(0.,0.,-1.));
#2762=DIRECTION('',(1.,0.,0.));
#2763=DIRECTION('',(0.,0.,-1.));
#2764=DIRECTION('',(1.,0.,0.));
#2765=DIRECTION('',(0.,0.,-1.));
#2766=DIRECTION('',(1.,0.,0.));
#2767=DIRECTION('',(0.,0.,-1.));
#2768=DIRECTION('',(0.,0.,1.));
#2769=DIRECTION('',(0.,0.,1.));
#2770=DIRECTION('',(0.,-1.,0.));
#2771=DIRECTION('',(0.,-1.,0.));
#2772=DIRECTION('',(0.,0.,-1.));
#2773=DIRECTION('',(0.,-1.,0.));
#2774=DIRECTION('',(0.,0.,-1.));
#2775=DIRECTION('',(0.,-1.,0.));
#2776=DIRECTION('',(0.,0.,-1.));
#2777=DIRECTION('',(0.,-1.,0.));
#2778=DIRECTION('',(1.,0.,0.));
#2779=DIRECTION('',(0.,0.,-1.));
#2780=DIRECTION('',(0.,0.,1.));
#2781=DIRECTION('',(0.,0.,1.));
#2782=DIRECTION('',(0.,-1.,0.));
#2783=DIRECTION('',(0.,-1.,0.));
#2784=DIRECTION('',(0.,0.,-1.));
#2785=DIRECTION('',(0.,1.,0.));
#2786=DIRECTION('',(0.,0.,-1.));
#2787=DIRECTION('',(0.,1.,0.));
#2788=DIRECTION('',(0.,0.,-1.));
#2789=DIRECTION('',(0.,-1.,0.));
#2790=DIRECTION('',(0.,0.,-1.));
#2791=DIRECTION('',(0.,1.,0.));
#2792=DIRECTION('',(0.,0.,-1.));
#2793=DIRECTION('',(0.,1.,0.));
#2794=DIRECTION('',(0.,0.,-1.));
#2795=DIRECTION('',(0.,-1.,0.));
#2796=DIRECTION('',(1.,0.,0.));
#2797=DIRECTION('',(0.,-1.,0.));
#2798=DIRECTION('',(1.,0.,0.));
#2799=DIRECTION('',(1.,0.,0.));
#2800=DIRECTION('',(0.,0.,-1.));
#2801=DIRECTION('',(1.,0.,0.));
#2802=DIRECTION('',(0.,0.,-1.));
#2803=DIRECTION('',(1.,0.,0.));
#2804=DIRECTION('',(0.,0.,-1.));
#2805=DIRECTION('',(0.,0.,1.));
#2806=DIRECTION('',(1.,0.,0.));
#2807=DIRECTION('',(0.,0.,1.));
#2808=DIRECTION('',(1.,0.,0.));
#2809=DIRECTION('',(-1.,0.,0.));
#2810=DIRECTION('',(0.,-1.,0.));
#2811=DIRECTION('',(-1.,0.,0.));
#2812=DIRECTION('',(0.,-1.,0.));
#2813=DIRECTION('',(0.,-1.,0.));
#2814=DIRECTION('',(0.,0.,-1.));
#2815=DIRECTION('',(0.,-1.,0.));
#2816=DIRECTION('',(0.,0.,-1.));
#2817=DIRECTION('',(0.,-1.,0.));
#2818=DIRECTION('',(0.,0.,-1.));
#2819=DIRECTION('',(0.,-1.,0.));
#2820=DIRECTION('',(-1.,0.,0.));
#2821=DIRECTION('',(0.,0.,1.));
#2822=DIRECTION('',(0.,0.,-1.));
#2823=DIRECTION('',(0.,0.,-1.));
#2824=DIRECTION('',(0.,-1.,0.));
#2825=DIRECTION('',(0.,-1.,0.));
#2826=DIRECTION('',(0.,0.,-1.));
#2827=DIRECTION('',(0.,-1.,0.));
#2828=DIRECTION('',(0.,0.,-1.));
#2829=DIRECTION('',(0.,-1.,0.));
#2830=DIRECTION('',(0.,0.,-1.));
#2831=DIRECTION('',(0.,-1.,0.));
#2832=DIRECTION('',(-1.,0.,0.));
#2833=DIRECTION('',(0.,0.,1.));
#2834=DIRECTION('',(-1.,0.,0.));
#2835=DIRECTION('',(0.,0.,1.));
#2836=DIRECTION('',(-1.,0.,0.));
#2837=DIRECTION('',(0.,0.,1.));
#2838=DIRECTION('',(-1.,0.,0.));
#2839=DIRECTION('',(0.,0.,1.));
#2840=DIRECTION('',(0.,0.,-1.));
#2841=DIRECTION('',(0.,0.,-1.));
#2842=DIRECTION('',(0.,-1.,0.));
#2843=DIRECTION('',(0.,0.,-1.));
#2844=DIRECTION('',(-1.,0.,0.));
#2845=DIRECTION('',(1.,0.,0.));
#2846=DIRECTION('',(1.,0.,0.));
#2847=DIRECTION('',(0.,-1.,0.));
#2848=DIRECTION('',(0.,-1.,0.));
#2849=DIRECTION('',(0.,0.,-1.));
#2850=DIRECTION('',(0.,-1.,0.));
#2851=DIRECTION('',(0.,0.,-1.));
#2852=DIRECTION('',(0.,-1.,0.));
#2853=DIRECTION('',(0.,0.,-1.));
#2854=DIRECTION('',(1.,0.,0.));
#2855=DIRECTION('',(0.,0.,-1.));
#2856=DIRECTION('',(1.,0.,0.));
#2857=DIRECTION('',(0.,0.,-1.));
#2858=DIRECTION('',(1.,0.,0.));
#2859=DIRECTION('',(0.,0.,-1.));
#2860=DIRECTION('',(1.,0.,0.));
#2861=DIRECTION('',(0.,0.,-1.));
#2862=DIRECTION('',(0.,0.,1.));
#2863=DIRECTION('',(0.,0.,1.));
#2864=DIRECTION('',(0.,-1.,0.));
#2865=DIRECTION('',(1.,0.,0.));
#2866=DIRECTION('',(0.,-1.,0.));
#2867=DIRECTION('',(1.,0.,0.));
#2868=DIRECTION('',(1.,0.,0.));
#2869=DIRECTION('',(0.,0.,-1.));
#2870=DIRECTION('',(1.,0.,0.));
#2871=DIRECTION('',(0.,0.,-1.));
#2872=DIRECTION('',(1.,0.,0.));
#2873=DIRECTION('',(0.,0.,-1.));
#2874=CARTESIAN_POINT('',(0.,0.,0.));
#2875=CARTESIAN_POINT('',(-0.00225,-0.0651540968322485,0.04395));
#2876=CARTESIAN_POINT('',(0.0329509618943233,-0.0651540968322485,0.04545));
#2877=CARTESIAN_POINT('',(0.0365,-0.0651540968322485,0.04545));
#2878=CARTESIAN_POINT('',(0.035,-0.0651540968322485,0.04545));
#2879=CARTESIAN_POINT('',(0.0365,-0.0651540968322485,0.0447));
#2880=CARTESIAN_POINT('',(0.0365,-0.0651540968322485,0.04395));
#2881=CARTESIAN_POINT('',(0.035,-0.0651540968322485,0.04395));
#2882=CARTESIAN_POINT('',(-0.00225,-0.0651540968322485,0.04395));
#2883=CARTESIAN_POINT('',(0.035,-0.0651540968322485,0.04395));
#2884=CARTESIAN_POINT('',(0.035,-0.0651540968322485,0.04245));
#2885=CARTESIAN_POINT('',(0.0365,-0.0651540968322485,0.0447));
#2886=CARTESIAN_POINT('',(0.0365,-0.0651540968322485,0.04245));
#2887=CARTESIAN_POINT('',(0.03425,-0.0651540968322485,0.04245));
#2888=CARTESIAN_POINT('',(-0.00225,-0.0651540968322485,0.04395));
#2889=CARTESIAN_POINT('',(0.0335,-0.0651540968322485,0.0447));
#2890=CARTESIAN_POINT('',(0.0335,-0.0651540968322485,0.04545));
#2891=CARTESIAN_POINT('',(0.0335,-0.0651540968322485,0.04395));
#2892=CARTESIAN_POINT('',(0.0329509618943233,-0.0651540968322485,0.04545));
#2893=CARTESIAN_POINT('',(0.035,-0.0651540968322485,0.04395));
#2894=CARTESIAN_POINT('',(0.0329509618943233,-0.0647540968322485,0.04545));
#2895=CARTESIAN_POINT('',(0.0375980762113533,-0.0647540968322485,0.04545));
#2896=CARTESIAN_POINT('',(0.0375980762113533,-0.0647540968322485,0.04545));
#2897=CARTESIAN_POINT('',(0.0375980762113533,-0.0649540968322485,0.04545));
#2898=CARTESIAN_POINT('',(0.0370490381056766,-0.0649540968322485,0.04545));
#2899=CARTESIAN_POINT('',(0.0365,-0.0649540968322485,0.04545));
#2900=CARTESIAN_POINT('',(0.0365,-0.0649540968322485,0.04545));
#2901=CARTESIAN_POINT('',(0.0335,-0.0649540968322485,0.04545));
#2902=CARTESIAN_POINT('',(0.0335,-0.0649540968322485,0.04545));
#2903=CARTESIAN_POINT('',(0.0329509618943233,-0.0649540968322485,0.04545));
#2904=CARTESIAN_POINT('',(0.0324019237886467,-0.0649540968322485,0.04545));
#2905=CARTESIAN_POINT('',(0.0324019237886467,-0.0647540968322485,0.04545));
#2906=CARTESIAN_POINT('',(0.0324019237886467,-0.0647540968322485,0.04545));
#2907=CARTESIAN_POINT('',(0.0329509618943233,-0.0647540968322485,0.04545));
#2908=CARTESIAN_POINT('',(0.035,-0.0401540968322485,0.04395));
#2909=CARTESIAN_POINT('',(0.0380822148320793,-0.0603843512634549,0.0437738700132504));
#2910=CARTESIAN_POINT('',(0.0376554547771027,-0.0595212217265694,0.0422206328432118));
#2911=CARTESIAN_POINT('',(0.0365561028820843,-0.0584228916046774,0.0412199867119738));
#2912=CARTESIAN_POINT('',(0.0351611460464867,-0.0573503282083601,0.0408888101375003));
#2913=CARTESIAN_POINT('',(0.0340258138857471,-0.0566295657529541,0.0410289814445402));
#2914=CARTESIAN_POINT('',(0.0329031481257153,-0.0561281434568288,0.0416663908487069));
#2915=CARTESIAN_POINT('',(0.0321134288473744,-0.0561105240442182,0.0428152140743788));
#2916=CARTESIAN_POINT('',(0.0319232825888646,-0.0565927084009468,0.0441059330947766));
#2917=CARTESIAN_POINT('',(0.0322094267954496,-0.0573058018976504,0.0452194995802125));
#2918=CARTESIAN_POINT('',(0.0328266656471621,-0.058110002011779,0.0461076141139601));
#2919=CARTESIAN_POINT('',(0.0337031091375159,-0.0589309683162303,0.0467248659970203));
#2920=CARTESIAN_POINT('',(0.0347645534891752,-0.0596984006949898,0.0470114865734822));
#2921=CARTESIAN_POINT('',(0.0359557943048921,-0.0603528661955976,0.0468834131791828));
#2922=CARTESIAN_POINT('',(0.0370979645577208,-0.0607613570940279,0.0462332935810109));
#2923=CARTESIAN_POINT('',(0.0378860535966223,-0.0607752079399485,0.0450870648046062));
#2924=CARTESIAN_POINT('',(0.0380822148320793,-0.0603843512634549,0.0437738700132504));
#2925=CARTESIAN_POINT('',(0.0376554547771027,-0.0595212217265694,0.0422206328432118));
#2926=CARTESIAN_POINT('',(0.0365561028820843,-0.0584228916046774,0.0412199867119738));
#2927=CARTESIAN_POINT('',(0.0377060954708434,-0.0597174040620402,0.0426549913889548));
#2928=CARTESIAN_POINT('',(0.0375980762113533,-0.0647540968322485,0.04245));
#2929=CARTESIAN_POINT('',(0.0375980762113533,-0.0647540968322485,0.04245));
#2930=CARTESIAN_POINT('',(0.0375980762113533,-0.0649540968322485,0.04245));
#2931=CARTESIAN_POINT('',(0.035,-0.0649540968322485,0.04395));
#2932=CARTESIAN_POINT('',(0.035,-0.0647540968322485,0.04395));
#2933=CARTESIAN_POINT('',(0.035,-0.0649540968322485,0.04395));
#2934=CARTESIAN_POINT('',(0.0324019237886467,-0.0649540968322485,0.04245));
#2935=CARTESIAN_POINT('',(0.0324019237886467,-0.0647540968322485,0.04245));
#2936=CARTESIAN_POINT('',(0.0324019237886467,-0.0647540968322485,0.04245));
#2937=CARTESIAN_POINT('',(0.035,-0.0647540968322485,0.04395));
#2938=CARTESIAN_POINT('',(-0.00225,-0.0651540968322485,0.04395));
#2939=CARTESIAN_POINT('',(0.0335,-0.0651540968322485,0.0447));
#2940=CARTESIAN_POINT('',(0.0335,-0.0651540968322485,0.04245));
#2941=CARTESIAN_POINT('',(0.035,-0.0651540968322485,0.04395));
#2942=CARTESIAN_POINT('',(0.03425,-0.0651540968322485,0.04245));
#2943=CARTESIAN_POINT('',(-0.00225,-0.0651540968322485,0.04395));
#2944=CARTESIAN_POINT('',(-0.0365,-0.0651540968322485,0.0447));
#2945=CARTESIAN_POINT('',(-0.0365,-0.0651540968322485,0.04545));
#2946=CARTESIAN_POINT('',(-0.0365,-0.0651540968322485,0.04395));
#2947=CARTESIAN_POINT('',(-0.0329509618943233,-0.0651540968322485,0.04545));
#2948=CARTESIAN_POINT('',(-0.035,-0.0651540968322485,0.04545));
#2949=CARTESIAN_POINT('',(-0.035,-0.0651540968322485,0.04395));
#2950=CARTESIAN_POINT('',(-0.00225,-0.0651540968322485,0.04395));
#2951=CARTESIAN_POINT('',(-0.0329509618943233,-0.0651540968322485,0.04545));
#2952=CARTESIAN_POINT('',(-0.0335,-0.0651540968322485,0.04545));
#2953=CARTESIAN_POINT('',(-0.0335,-0.0651540968322485,0.0447));
#2954=CARTESIAN_POINT('',(-0.0335,-0.0651540968322485,0.04395));
#2955=CARTESIAN_POINT('',(-0.035,-0.0651540968322485,0.04395));
#2956=CARTESIAN_POINT('',(-0.00225,-0.0651540968322485,0.04395));
#2957=CARTESIAN_POINT('',(-0.035,-0.0651540968322485,0.04395));
#2958=CARTESIAN_POINT('',(-0.035,-0.0651540968322485,0.04245));
#2959=CARTESIAN_POINT('',(-0.0335,-0.0651540968322485,0.0447));
#2960=CARTESIAN_POINT('',(-0.0335,-0.0651540968322485,0.04245));
#2961=CARTESIAN_POINT('',(-0.03425,-0.0651540968322485,0.04245));
#2962=CARTESIAN_POINT('',(-0.03425,-0.0647540968322485,0.04245));
#2963=CARTESIAN_POINT('',(-0.0375980762113533,-0.0647540968322485,0.04245));
#2964=CARTESIAN_POINT('',(-0.0375980762113533,-0.0647540968322485,0.04245));
#2965=CARTESIAN_POINT('',(-0.0375980762113533,-0.0649540968322485,0.04245));
#2966=CARTESIAN_POINT('',(-0.0370490381056766,-0.0649540968322485,0.04245));
#2967=CARTESIAN_POINT('',(-0.0365,-0.0649540968322485,0.04245));
#2968=CARTESIAN_POINT('',(-0.0365,-0.0649540968322485,0.04245));
#2969=CARTESIAN_POINT('',(-0.0365,-0.0651540968322485,0.04245));
#2970=CARTESIAN_POINT('',(-0.03425,-0.0651540968322485,0.04245));
#2971=CARTESIAN_POINT('',(-0.0335,-0.0649540968322485,0.04245));
#2972=CARTESIAN_POINT('',(-0.0335,-0.0649540968322485,0.04245));
#2973=CARTESIAN_POINT('',(-0.0329509618943233,-0.0649540968322485,0.04245));
#2974=CARTESIAN_POINT('',(-0.0324019237886467,-0.0649540968322485,0.04245));
#2975=CARTESIAN_POINT('',(-0.0324019237886467,-0.0647540968322485,0.04245));
#2976=CARTESIAN_POINT('',(-0.0324019237886467,-0.0647540968322485,0.04245));
#2977=CARTESIAN_POINT('',(-0.03425,-0.0647540968322485,0.04245));
#2978=CARTESIAN_POINT('',(-0.00225,-0.0651540968322485,0.04395));
#2979=CARTESIAN_POINT('',(-0.0365,-0.0651540968322485,0.0447));
#2980=CARTESIAN_POINT('',(-0.035,-0.0651540968322485,0.04395));
#2981=CARTESIAN_POINT('',(0.,0.059,0.04925));
#2982=CARTESIAN_POINT('',(-0.00134999999999996,-0.01025,0.04925));
#2983=CARTESIAN_POINT('',(0.000950000000000038,-0.01025,0.04925));
#2984=CARTESIAN_POINT('',(-0.0027,0.01995,0.04925));
#2985=CARTESIAN_POINT('',(-0.0004,0.01995,0.04925));
#2986=CARTESIAN_POINT('',(0.0110374340295562,-0.0654288221316228,0.04925));
#2987=CARTESIAN_POINT('',(0.0115870955515533,-0.0648487997506962,0.04925));
#2988=CARTESIAN_POINT('',(0.0145169712634652,-0.0617570907293557,0.04925));
#2989=CARTESIAN_POINT('',(0.0141275655226597,-0.0672562906283335,0.04925));
#2990=CARTESIAN_POINT('',(0.0132111953130503,-0.0706341990994055,0.04925));
#2991=CARTESIAN_POINT('',(0.0150289483978236,-0.0711273251830685,0.04925));
#2992=CARTESIAN_POINT('',(0.0225000000000047,-0.0731540968322485,0.04925));
#2993=CARTESIAN_POINT('',(1.6002940030288E-15,-0.0731540968322485,0.04925));
#2994=CARTESIAN_POINT('',(0.0425,-0.0731540968322472,0.04925));
#2995=CARTESIAN_POINT('',(0.0425,-0.0731560968322472,0.04925));
#2996=CARTESIAN_POINT('',(0.0425,-0.0651540968322485,0.04925));
#2997=CARTESIAN_POINT('',(0.0362571200483458,-0.0651540968322485,0.04925));
#2998=CARTESIAN_POINT('',(0.0419434210953711,-0.0651540968322485,0.04925));
#2999=CARTESIAN_POINT('',(0.0419434210953711,-0.0651540968322472,0.04925));
#3000=CARTESIAN_POINT('',(0.0388522822918304,-0.0631968844428638,0.04925));
#3001=CARTESIAN_POINT('',(0.0325944850305153,-0.0594292957079191,0.04925));
#3002=CARTESIAN_POINT('',(0.026011596917076,-0.0562937948061875,0.04925));
#3003=CARTESIAN_POINT('',(0.0225,-0.0551540968322472,0.04925));
#3004=CARTESIAN_POINT('',(0.0225,-0.0551540968322472,0.04925));
#3005=CARTESIAN_POINT('',(0.0225,0.059,0.04925));
#3006=CARTESIAN_POINT('',(0.0225,0.059,0.04925));
#3007=CARTESIAN_POINT('',(0.,0.059,0.04925));
#3008=CARTESIAN_POINT('',(-0.0225,0.059,0.04925));
#3009=CARTESIAN_POINT('',(-0.0225,0.059,0.04925));
#3010=CARTESIAN_POINT('',(-0.0225,-0.0551540968322472,0.04925));
#3011=CARTESIAN_POINT('',(-0.0225,-0.0551540968322472,0.04925));
#3012=CARTESIAN_POINT('',(-0.026011596917164,-0.0562937948061773,0.04925));
#3013=CARTESIAN_POINT('',(-0.032594485030781,-0.0594292957079094,0.04925));
#3014=CARTESIAN_POINT('',(-0.0388522822922781,-0.0631968844428613,0.04925));
#3015=CARTESIAN_POINT('',(-0.0419434210959112,-0.0651540968322485,0.04925));
#3016=CARTESIAN_POINT('',(-0.0419434210959112,-0.0651540968322485,0.04925));
#3017=CARTESIAN_POINT('',(-0.0362571200483463,-0.0651540968322485,0.04925));
#3018=CARTESIAN_POINT('',(-0.0425,-0.0651540968322485,0.04925));
#3019=CARTESIAN_POINT('',(-0.0425,-0.0731560968322472,0.04925));
#3020=CARTESIAN_POINT('',(-0.0425,-0.0731540968322472,0.04925));
#3021=CARTESIAN_POINT('',(1.6002940030288E-15,-0.0731540968322485,0.04925));
#3022=CARTESIAN_POINT('',(-0.0225,-0.0731540968322485,0.04925));
#3023=CARTESIAN_POINT('',(-0.0150236401197777,-0.0711258851358012,0.04925));
#3024=CARTESIAN_POINT('',(-0.0132067331684821,-0.0706329885940333,0.04925));
#3025=CARTESIAN_POINT('',(-0.0141231033780918,-0.0672550801229613,0.04925));
#3026=CARTESIAN_POINT('',(-0.0115849407396489,-0.064845156800361,0.04925));
#3027=CARTESIAN_POINT('',(-0.0110255333724717,-0.0654343319271061,0.04925));
#3028=CARTESIAN_POINT('',(-0.0145037865053881,-0.0617709904148583,0.04925));
#3029=CARTESIAN_POINT('',(1.7347234759768E-17,-0.048,0.04925));
#3030=CARTESIAN_POINT('',(0.035,-0.0901540968322485,0.04395));
#3031=CARTESIAN_POINT('',(0.035,-0.0731540968322472,0.04395));
#3032=CARTESIAN_POINT('',(0.035,-0.0731540968322472,0.04245));
#3033=CARTESIAN_POINT('',(-0.035,-0.0901540968322485,0.04395));
#3034=CARTESIAN_POINT('',(-0.035,-0.0731540968322485,0.04395));
#3035=CARTESIAN_POINT('',(-0.035,-0.0731540968322485,0.04545));
#3036=CARTESIAN_POINT('',(-0.0133056601876601,-0.0551540968322472,0.0294928639415436));
#3037=CARTESIAN_POINT('',(-0.0425,-0.0651540968322485,0.0484178817220409));
#3038=CARTESIAN_POINT('',(-0.0425,-0.063939611996424,0.0455153604589184));
#3039=CARTESIAN_POINT('',(-0.0425,-0.0628932889166939,0.0425558350718131));
#3040=CARTESIAN_POINT('',(-0.0425,-0.0621310787147315,0.0395));
#3041=CARTESIAN_POINT('',(-0.0425,-0.0651540968322485,0.0484178817220409));
#3042=CARTESIAN_POINT('',(-0.0425,-0.0621310787147315,0.0395));
#3043=CARTESIAN_POINT('',(-0.0133056601876601,-0.0651540968322485,0.0294928639415436));
#3044=CARTESIAN_POINT('',(-0.0133056601876601,-0.0551540968322472,0.0294928639415436));
#3045=CARTESIAN_POINT('',(-0.0339822206568303,-0.0551540968322472,0.0363747355606519));
#3046=CARTESIAN_POINT('',(-0.0369451495494416,-0.05813765670231,0.0395));
#3047=CARTESIAN_POINT('',(-0.0370806796228369,-0.0580915653563508,0.0390261382911527));
#3048=CARTESIAN_POINT('',(-0.0370083882464174,-0.0577690452851466,0.0380423334307743));
#3049=CARTESIAN_POINT('',(-0.0361703589685715,-0.0569273973093308,0.037101417499294));
#3050=CARTESIAN_POINT('',(-0.0351249173496354,-0.0560376735136479,0.0365767418931057));
#3051=CARTESIAN_POINT('',(-0.0343708023719869,-0.0554480149217608,0.0364171589826769));
#3052=CARTESIAN_POINT('',(-0.0339822206568303,-0.0551540968322472,0.0363747355606519));
#3053=CARTESIAN_POINT('',(-0.0369451495494416,-0.05813765670231,0.0395));
#3054=CARTESIAN_POINT('',(-0.0425,-0.0621310787147315,0.0395));
#3055=CARTESIAN_POINT('',(-0.0406560403260906,-0.0607892869572631,0.0395));
#3056=CARTESIAN_POINT('',(-0.0388060566590164,-0.0594558745749376,0.0395));
#3057=CARTESIAN_POINT('',(-0.0369451495494416,-0.05813765670231,0.0395));
#3058=CARTESIAN_POINT('',(-0.036583119757293,-0.0584461826889845,0.0412336181131159));
#3059=CARTESIAN_POINT('',(-0.0376769542739536,-0.0595477543122757,0.042254385281036));
#3060=CARTESIAN_POINT('',(-0.0380828671245522,-0.0603974893198929,0.0438069285394991));
#3061=CARTESIAN_POINT('',(-0.0378757400652355,-0.060778391284286,0.0451109351289481));
#3062=CARTESIAN_POINT('',(-0.0370801131455177,-0.060757461832769,0.0462498034442324));
#3063=CARTESIAN_POINT('',(-0.0359319141871614,-0.0603417130713694,0.0468905662858608));
#3064=CARTESIAN_POINT('',(-0.0347445026139303,-0.0596858700037649,0.0470102055018228));
#3065=CARTESIAN_POINT('',(-0.0336765250771727,-0.0589094807735335,0.0467130224134181));
#3066=CARTESIAN_POINT('',(-0.0328089251436379,-0.0580900312719401,0.0460884000371102));
#3067=CARTESIAN_POINT('',(-0.0322002957262729,-0.057290622519348,0.0451997171903305));
#3068=CARTESIAN_POINT('',(-0.0319216550006857,-0.0565787949214418,0.0440788974355182));
#3069=CARTESIAN_POINT('',(-0.0321232863817179,-0.0561057389213958,0.0427906401802563));
#3070=CARTESIAN_POINT('',(-0.0329235030603333,-0.0561339130744559,0.0416476775318807));
#3071=CARTESIAN_POINT('',(-0.0340513934309081,-0.056643819647552,0.0410208541035403));
#3072=CARTESIAN_POINT('',(-0.0351860221636526,-0.0573678342538973,0.0408902087961273));
#3073=CARTESIAN_POINT('',(-0.036583119757293,-0.0584461826889845,0.0412336181131159));
#3074=CARTESIAN_POINT('',(-0.0376769542739536,-0.0595477543122757,0.042254385281036));
#3075=CARTESIAN_POINT('',(-0.0380828671245522,-0.0603974893198929,0.0438069285394991));
#3076=CARTESIAN_POINT('',(-0.0377211056810981,-0.0597392016795405,0.0426868357698637));
#3077=CARTESIAN_POINT('',(0.0133056601876601,-0.0651540968322472,0.0294928639415436));
#3078=CARTESIAN_POINT('',(0.0339604258016085,-0.0551540968322472,0.0364398753313424));
#3079=CARTESIAN_POINT('',(0.0343443724021556,-0.0554443026783887,0.0364817629371898));
#3080=CARTESIAN_POINT('',(0.0350856914673567,-0.0560234655189165,0.0366374177605485));
#3081=CARTESIAN_POINT('',(0.0361192010214363,-0.056901545746753,0.0371482376526514));
#3082=CARTESIAN_POINT('',(0.0369583371119916,-0.0577378268199858,0.0380600314359748));
#3083=CARTESIAN_POINT('',(0.0370577185314245,-0.0580758941232611,0.0390283021292935));
#3084=CARTESIAN_POINT('',(0.0369353352822108,-0.058130704751861,0.0395));
#3085=CARTESIAN_POINT('',(0.0339604258016085,-0.0551540968322472,0.0364398753313424));
#3086=CARTESIAN_POINT('',(0.0369353352822108,-0.058130704751861,0.0395));
#3087=CARTESIAN_POINT('',(0.0133056601876601,-0.0551540968322472,0.0294928639415436));
#3088=CARTESIAN_POINT('',(0.0133056601876601,-0.0651540968322472,0.0294928639415436));
#3089=CARTESIAN_POINT('',(0.0425,-0.0651540968322485,0.0484178817212235));
#3090=CARTESIAN_POINT('',(0.0425,-0.0621310787149693,0.0395));
#3091=CARTESIAN_POINT('',(0.0425,-0.0628932889168871,0.04255583507153));
#3092=CARTESIAN_POINT('',(0.0425,-0.0639396119965289,0.0455153604583652));
#3093=CARTESIAN_POINT('',(0.0425,-0.0651540968322472,0.0484178817212235));
#3094=CARTESIAN_POINT('',(0.0425,-0.0621310787149693,0.0395));
#3095=CARTESIAN_POINT('',(0.0369353352822108,-0.058130704751861,0.0395));
#3096=CARTESIAN_POINT('',(0.038799553326883,-0.05945118464315,0.0395));
#3097=CARTESIAN_POINT('',(0.0406527986006188,-0.0607869280552623,0.0395));
#3098=CARTESIAN_POINT('',(0.0425,-0.0621310787149693,0.0395));
#3099=CARTESIAN_POINT('',(0.0225500548539934,0.059,0.0364039769465016));
#3100=CARTESIAN_POINT('',(0.0225500548539934,-0.0728466283435747,0.0364039769465016));
#3101=CARTESIAN_POINT('',(0.021227622199963,0.059,0.0376445773714579));
#3102=CARTESIAN_POINT('',(0.021227622199963,-0.0728466283435747,0.0376445773714579));
#3103=CARTESIAN_POINT('',(0.0181416448515296,0.059,0.0399337053914218));
#3104=CARTESIAN_POINT('',(0.0181416448515296,-0.0728466283435747,0.0399337053914218));
#3105=CARTESIAN_POINT('',(0.0126518926417486,0.059,0.0424602675496859));
#3106=CARTESIAN_POINT('',(0.0126518926417486,-0.0728466283435747,0.0424602675496859));
#3107=CARTESIAN_POINT('',(0.00654315758698152,0.059,0.0440349776924645));
#3108=CARTESIAN_POINT('',(0.00654315758698152,-0.0728466283435747,0.0440349776924645));
#3109=CARTESIAN_POINT('',(1.23351993901231E-8,0.059,0.044582510164038));
#3110=CARTESIAN_POINT('',(1.23351993901231E-8,-0.0728466283435747,0.044582510164038));
#3111=CARTESIAN_POINT('',(-0.0065431343000851,0.059,0.0440349816513724));
#3112=CARTESIAN_POINT('',(-0.0065431343000851,-0.0728466283435747,0.0440349816513724));
#3113=CARTESIAN_POINT('',(-0.0126518711634285,0.059,0.0424602751176434));
#3114=CARTESIAN_POINT('',(-0.0126518711634285,-0.0728466283435747,0.0424602751176434));
#3115=CARTESIAN_POINT('',(-0.0181416260202887,0.0590000000000001,0.0399337164344004));
#3116=CARTESIAN_POINT('',(-0.0181416260202887,-0.0728466283435746,0.0399337164344004));
#3117=CARTESIAN_POINT('',(-0.0212276060839489,0.0589999999999998,0.0376445903161138));
#3118=CARTESIAN_POINT('',(-0.0212276060839489,-0.0728466283435749,0.0376445903161138));
#3119=CARTESIAN_POINT('',(-0.0225500402656915,0.059,0.0364039906320663));
#3120=CARTESIAN_POINT('',(-0.0225500402656915,-0.0728466283435747,0.0364039906320663));
#3121=CARTESIAN_POINT('',(0.0184679419024674,-0.072060266743115,0.0394999999999999));
#3122=CARTESIAN_POINT('',(0.0168108821157778,-0.0716107340701405,0.0405186189931086));
#3123=CARTESIAN_POINT('',(0.0150405364824255,-0.0711304688370801,0.0413694189693711));
#3124=CARTESIAN_POINT('',(0.0132111953130503,-0.0706341990994055,0.042059583106387));
#3125=CARTESIAN_POINT('',(0.0184679419024674,-0.072060266743115,0.0395));
#3126=CARTESIAN_POINT('',(0.0132111953130503,-0.0706341990994056,0.042059583106387));
#3127=CARTESIAN_POINT('',(0.0132111953130503,-0.0706341990994055,0.0420595831063871));
#3128=CARTESIAN_POINT('',(0.0126508966854783,-0.0704821994300275,0.0422709696018332));
#3129=CARTESIAN_POINT('',(0.0116007460165796,-0.0698966338090412,0.0426310146582827));
#3130=CARTESIAN_POINT('',(0.0106125813549358,-0.0682958403819035,0.042923765895301));
#3131=CARTESIAN_POINT('',(0.0105684428694789,-0.0663859493544209,0.0429360062372429));
#3132=CARTESIAN_POINT('',(0.0111716637452026,-0.0652871781632085,0.0427590582898482));
#3133=CARTESIAN_POINT('',(0.0115870955515533,-0.0648487997506962,0.0426257732667503));
#3134=CARTESIAN_POINT('',(0.0115870955515533,-0.0648487997506962,0.0426257732667503));
#3135=CARTESIAN_POINT('',(0.0115870955515533,-0.0648487997506962,0.0426257732667502));
#3136=CARTESIAN_POINT('',(0.0125706762886441,-0.0638108903862419,0.0423102062368364));
#3137=CARTESIAN_POINT('',(0.013547629060134,-0.0627799750867435,0.0419488675198177));
#3138=CARTESIAN_POINT('',(0.0145169712634652,-0.0617570907293557,0.0415349714171056));
#3139=CARTESIAN_POINT('',(0.0145169712634652,-0.0617570907293557,0.0415349714171056));
#3140=CARTESIAN_POINT('',(0.0145169712634652,-0.0617570907293557,0.0415349714171055));
#3141=CARTESIAN_POINT('',(0.0158235871914403,-0.0603783031461405,0.0409770639635025));
#3142=CARTESIAN_POINT('',(0.0175013745904674,-0.0580043710854268,0.0401017435985279));
#3143=CARTESIAN_POINT('',(0.0189955871948653,-0.0544811747484093,0.0391762979217671));
#3144=CARTESIAN_POINT('',(0.019748625930439,-0.0516001303717122,0.0386659340521927));
#3145=CARTESIAN_POINT('',(0.0200645861633919,-0.0486379045866408,0.0384394955364339));
#3146=CARTESIAN_POINT('',(0.0199332907772122,-0.0456342392112366,0.0385343515152323));
#3147=CARTESIAN_POINT('',(0.0193746742981935,-0.0427562558711608,0.0389243374920906));
#3148=CARTESIAN_POINT('',(0.0183971792080685,-0.0399782751743976,0.0395560136467207));
#3149=CARTESIAN_POINT('',(0.0170675842063526,-0.0374434377659762,0.0403261561889086));
#3150=CARTESIAN_POINT('',(0.0153766415531128,-0.035105358180437,0.0411766372997577));
#3151=CARTESIAN_POINT('',(0.0134074929048796,-0.0330677739622456,0.0420128271117311));
#3152=CARTESIAN_POINT('',(0.0103506470094892,-0.0306969061143126,0.0430690895882695));
#3153=CARTESIAN_POINT('',(0.00684832389441001,-0.0290284801158235,0.0438841344413955));
#3154=CARTESIAN_POINT('',(0.00297139149685992,-0.0281480508136049,0.044324934319414));
#3155=CARTESIAN_POINT('',(2.85015533545479E-5,-0.0279259074639033,0.0444375400837929));
#3156=CARTESIAN_POINT('',(-0.00297823196495938,-0.028148367182862,0.0443248811515492));
#3157=CARTESIAN_POINT('',(-0.00584641779313795,-0.0287977810365596,0.0439992345384642));
#3158=CARTESIAN_POINT('',(-0.0086147930716367,-0.029871611945179,0.0434734370511367));
#3159=CARTESIAN_POINT('',(-0.0111234894436251,-0.0312950638460489,0.0428022326525098));
#3160=CARTESIAN_POINT('',(-0.0134193279233435,-0.0330781435085063,0.042008402150971));
#3161=CARTESIAN_POINT('',(-0.0153880521329867,-0.035118918077228,0.0411713419267121));
#3162=CARTESIAN_POINT('',(-0.0170784440855418,-0.037460464192233,0.0403202835213642));
#3163=CARTESIAN_POINT('',(-0.0184018425475127,-0.0399928901002067,0.0395528301204499));
#3164=CARTESIAN_POINT('',(-0.0193698412025056,-0.0427375175658729,0.0389279530809826));
#3165=CARTESIAN_POINT('',(-0.0201274166644698,-0.046631361744475,0.0383969304775663));
#3166=CARTESIAN_POINT('',(-0.0199602786052817,-0.0516718632603226,0.0385232658965996));
#3167=CARTESIAN_POINT('',(-0.0180444524416232,-0.0572541833188925,0.0398205055847371));
#3168=CARTESIAN_POINT('',(-0.0158104227179561,-0.0603948241336846,0.0409833674538558));
#3169=CARTESIAN_POINT('',(-0.0145037865053881,-0.0617709904148583,0.041540597670612));
#3170=CARTESIAN_POINT('',(-0.0145037865053881,-0.0617709904148583,0.041540597670612));
#3171=CARTESIAN_POINT('',(-0.0115849407396507,-0.0648451568003591,0.0426264645285151));
#3172=CARTESIAN_POINT('',(-0.0125647949670115,-0.0638131615631314,0.0423121632125486));
#3173=CARTESIAN_POINT('',(-0.0135380670516316,-0.0627880987243864,0.041952439968695));
#3174=CARTESIAN_POINT('',(-0.0145037865053881,-0.0617709904148583,0.041540597670612));
#3175=CARTESIAN_POINT('',(-0.0115849407396507,-0.0648451568003591,0.0426264645285151));
#3176=CARTESIAN_POINT('',(-0.0115849407396489,-0.064845156800361,0.0426264645285192));
#3177=CARTESIAN_POINT('',(-0.0111692494925593,-0.0652829682371797,0.0427598030418896));
#3178=CARTESIAN_POINT('',(-0.0105665252192337,-0.0663754429592305,0.0429365736639072));
#3179=CARTESIAN_POINT('',(-0.0106064630398005,-0.0682893952350076,0.0429254800829261));
#3180=CARTESIAN_POINT('',(-0.0115900219752195,-0.0698903982458161,0.0426345076483683));
#3181=CARTESIAN_POINT('',(-0.0126463723275708,-0.0704809720472143,0.0422725850491393));
#3182=CARTESIAN_POINT('',(-0.0132067331684821,-0.0706329885940333,0.0420612661978377));
#3183=CARTESIAN_POINT('',(-0.0132067331684821,-0.0706329885940332,0.0420612661978377));
#3184=CARTESIAN_POINT('',(-0.0184679419024675,-0.072060266743116,0.0394999999999999));
#3185=CARTESIAN_POINT('',(-0.0168095339598013,-0.0716103683379182,0.0405194477243918));
#3186=CARTESIAN_POINT('',(-0.0150376290183904,-0.0711296800905976,0.0413708132260951));
#3187=CARTESIAN_POINT('',(-0.0132067331684821,-0.0706329885940332,0.0420612661978377));
#3188=CARTESIAN_POINT('',(-0.0184679419024676,-0.072060266743116,0.0395));
#3189=CARTESIAN_POINT('',(-0.0184679419024676,0.059,0.0395));
#3190=CARTESIAN_POINT('',(-0.0184679419024676,-0.05813765670231,0.0395));
#3191=CARTESIAN_POINT('',(-0.0184679419024676,-0.05813765670231,0.0395));
#3192=CARTESIAN_POINT('',(-0.0193527604181518,-0.058084751842581,0.0389560890614983));
#3193=CARTESIAN_POINT('',(-0.0206249203372544,-0.0578251914312106,0.0380671130115433));
#3194=CARTESIAN_POINT('',(-0.0220072464461158,-0.0567170460963741,0.036910060686602));
#3195=CARTESIAN_POINT('',(-0.0224444724121087,-0.055832347959125,0.0365030257656166));
#3196=CARTESIAN_POINT('',(-0.0225500402656914,-0.0553262792636392,0.0364039906320663));
#3197=CARTESIAN_POINT('',(-0.0225500201328457,-0.0553262343610085,0.0364039818454536));
#3198=CARTESIAN_POINT('',(-0.0225500237799275,-0.086,0.036403973058841));
#3199=CARTESIAN_POINT('',(-0.0225500237799275,0.00400000000000012,0.036403973058841));
#3200=CARTESIAN_POINT('',(-0.0225500237799275,0.059,0.036403973058841));
#3201=CARTESIAN_POINT('',(-0.0225500237799275,0.059,0.036403973058841));
#3202=CARTESIAN_POINT('',(0.0225500548539934,0.059,0.0364039769465016));
#3203=CARTESIAN_POINT('',(0.0223549105673986,0.059,0.0365870456904103));
#3204=CARTESIAN_POINT('',(0.0218656494974434,0.059,0.0370302575189572));
#3205=CARTESIAN_POINT('',(0.0211967793154666,0.059,0.0375868947748218));
#3206=CARTESIAN_POINT('',(0.0205582067226697,0.059,0.0380800399562623));
#3207=CARTESIAN_POINT('',(0.0200652120782023,0.059,0.0384423163827263));
#3208=CARTESIAN_POINT('',(0.0195598826993433,0.059,0.0387956527551262));
#3209=CARTESIAN_POINT('',(0.0188721969747208,0.059,0.0392532012765879));
#3210=CARTESIAN_POINT('',(0.0179862444053272,0.059,0.0398002011786448));
#3211=CARTESIAN_POINT('',(0.0168835870712853,0.059,0.0404158221174088));
#3212=CARTESIAN_POINT('',(0.0153636800782231,0.059,0.0411814748850476));
#3213=CARTESIAN_POINT('',(0.0133764668745756,0.059,0.0420333938498518));
#3214=CARTESIAN_POINT('',(0.0108705971345114,0.059,0.0428821383785711));
#3215=CARTESIAN_POINT('',(0.00869677963507868,0.059,0.0434403122136097));
#3216=CARTESIAN_POINT('',(0.00691560988151936,0.059,0.0437946770837412));
#3217=CARTESIAN_POINT('',(0.00556098640143745,0.059,0.0440136832151985));
#3218=CARTESIAN_POINT('',(0.0041899179296434,0.059,0.0441852400294451));
#3219=CARTESIAN_POINT('',(0.00280474546796203,0.059,0.0443086635682226));
#3220=CARTESIAN_POINT('',(0.00164050893190044,0.059,0.0443708339875094));
#3221=CARTESIAN_POINT('',(0.000704537955784655,0.059,0.0443958170090048));
#3222=CARTESIAN_POINT('',(-4.39190192816415E-19,0.059,0.0444020914954976));
#3223=CARTESIAN_POINT('',(-0.000704537955784656,0.059,0.0443958170090048));
#3224=CARTESIAN_POINT('',(-0.00164050893190044,0.059,0.0443708339875094));
#3225=CARTESIAN_POINT('',(-0.00280474546796203,0.059,0.0443086635682226));
#3226=CARTESIAN_POINT('',(-0.0041899179296434,0.059,0.0441852400294451));
#3227=CARTESIAN_POINT('',(-0.00556098640143745,0.059,0.0440136832151984));
#3228=CARTESIAN_POINT('',(-0.00691560988151936,0.059,0.0437946770837412));
#3229=CARTESIAN_POINT('',(-0.00869677963507868,0.059,0.0434403122136097));
#3230=CARTESIAN_POINT('',(-0.0108705971345114,0.059,0.0428821383785711));
#3231=CARTESIAN_POINT('',(-0.0133764668745756,0.059,0.0420333938498519));
#3232=CARTESIAN_POINT('',(-0.0153636800782231,0.059,0.0411814748850477));
#3233=CARTESIAN_POINT('',(-0.0168835870712853,0.059,0.0404158221174088));
#3234=CARTESIAN_POINT('',(-0.0179862444053272,0.059,0.0398002011786448));
#3235=CARTESIAN_POINT('',(-0.0188721969747208,0.059,0.0392532012765879));
#3236=CARTESIAN_POINT('',(-0.0195598826993433,0.059,0.0387956527551263));
#3237=CARTESIAN_POINT('',(-0.0200652120782023,0.059,0.0384423163827263));
#3238=CARTESIAN_POINT('',(-0.0205582067226697,0.059,0.0380800399562623));
#3239=CARTESIAN_POINT('',(-0.0211967793154666,0.059,0.0375868947748218));
#3240=CARTESIAN_POINT('',(-0.0218656494974515,0.059,0.0370302575189504));
#3241=CARTESIAN_POINT('',(-0.0223549105674141,0.059,0.0365870456903963));
#3242=CARTESIAN_POINT('',(-0.022550054854016,0.059,0.0364039769464803));
#3243=CARTESIAN_POINT('',(0.0225500237799205,0.059,0.0364039730588556));
#3244=CARTESIAN_POINT('',(0.0225500237799205,0.059,0.0364039730588556));
#3245=CARTESIAN_POINT('',(0.022550031334771,0.00400000000000012,0.0364039740040328));
#3246=CARTESIAN_POINT('',(0.0225500548539934,-0.086,0.0364039769464909));
#3247=CARTESIAN_POINT('',(0.0225500548539934,-0.0546540968322485,0.0364039769464909));
#3248=CARTESIAN_POINT('',(0.0225500548539934,-0.0546540968322485,0.0364039769465122));
#3249=CARTESIAN_POINT('',(0.0225500548539934,-0.0552291261956397,0.0364039769465122));
#3250=CARTESIAN_POINT('',(0.022235542210844,-0.0563334753404836,0.0367045575271778));
#3251=CARTESIAN_POINT('',(0.0211810278268314,-0.057393462754835,0.0376133582774255));
#3252=CARTESIAN_POINT('',(0.0198926287597664,-0.057947956700242,0.0385833006816403));
#3253=CARTESIAN_POINT('',(0.0189513730032442,-0.0580961737606175,0.0392028278007432));
#3254=CARTESIAN_POINT('',(0.0184679419024676,-0.0581307047518625,0.0395));
#3255=CARTESIAN_POINT('',(0.0184679419024674,-0.058130704751861,0.0395));
#3256=CARTESIAN_POINT('',(0.0184679419024674,0.059,0.0395));
#3257=CARTESIAN_POINT('',(-0.0150236401197776,-0.0711258851358012,0.02425));
#3258=CARTESIAN_POINT('',(-0.018,-0.0719333219123363,0.044));
#3259=CARTESIAN_POINT('',(-0.01975,-0.0724080677145244,0.044));
#3260=CARTESIAN_POINT('',(-0.0132067331684821,-0.0706329885940333,0.02425));
#3261=CARTESIAN_POINT('',(-0.0225,-0.0731540968322485,0.02425));
#3262=CARTESIAN_POINT('',(-0.0225,-0.0731540968322485,0.0395));
#3263=CARTESIAN_POINT('',(-0.0150236401197776,-0.0711258851358012,0.0395));
#3264=CARTESIAN_POINT('',(0.0150289483978236,-0.0711273251830686,0.02425));
#3265=CARTESIAN_POINT('',(0.018,-0.0719333219123354,0.044));
#3266=CARTESIAN_POINT('',(0.01975,-0.0724080677145233,0.044));
#3267=CARTESIAN_POINT('',(0.0132111953130503,-0.0706341990994055,0.02425));
#3268=CARTESIAN_POINT('',(0.0150289483978236,-0.0711273251830686,0.0395));
#3269=CARTESIAN_POINT('',(0.0225,-0.0731540968322485,0.0395));
#3270=CARTESIAN_POINT('',(0.0225,-0.0731540968322472,0.02425));
#3271=CARTESIAN_POINT('',(-0.0323256140838918,-0.0581540968322485,0.0395));
#3272=CARTESIAN_POINT('',(-0.0323256140838918,-0.0731540968322485,0.0395));
#3273=CARTESIAN_POINT('',(-0.0425,-0.0731540968322485,0.0395));
#3274=CARTESIAN_POINT('',(-0.0425,-0.0901540968322485,0.0395));
#3275=CARTESIAN_POINT('',(-0.0276068994928565,-0.05813765670231,0.0395));
#3276=CARTESIAN_POINT('',(0.0343416431348118,-0.0581540968322485,0.0395));
#3277=CARTESIAN_POINT('',(0.0255658704440902,-0.058130704751861,0.0395));
#3278=CARTESIAN_POINT('',(0.0425,-0.0901540968322485,0.0395));
#3279=CARTESIAN_POINT('',(0.0425,-0.0731540968322472,0.0395));
#3280=CARTESIAN_POINT('',(0.0343416431348118,-0.0731540968322485,0.0395));
#3281=CARTESIAN_POINT('',(-0.0357470671402864,-0.0731540968322485,0.02425));
#3282=CARTESIAN_POINT('',(-0.0425,-0.0731540968322472,0.0455293895459724));
#3283=CARTESIAN_POINT('',(0.028261259995933,-0.086,0.0364039769464803));
#3284=CARTESIAN_POINT('',(0.0339724651378727,-0.086,0.0364039769464803));
#3285=CARTESIAN_POINT('',(0.0339724651378727,-0.0546540968322485,0.0364039769464803));
#3286=CARTESIAN_POINT('',(0.0339724651378727,0.00400000000000012,0.0364039769464803));
#3287=CARTESIAN_POINT('',(0.0225500548539848,-0.0546540968322485,0.0364039769464803));
#3288=CARTESIAN_POINT('',(0.028261259995933,0.00400000000000012,0.0364039769464803));
#3289=CARTESIAN_POINT('',(-0.02255,0.059,0.0354438089382556));
#3290=CARTESIAN_POINT('',(-0.02255,-0.0546540968322485,0.0398388371757898));
#3291=CARTESIAN_POINT('',(-0.02255,-0.0546540968322485,0.0363388371757898));
#3292=CARTESIAN_POINT('',(-0.02255,-0.086,0.0363388371757898));
#3293=CARTESIAN_POINT('',(-0.02255,0.00400000000000012,0.0363388371757898));
#3294=CARTESIAN_POINT('',(-0.02255,0.00400000000000012,0.0354438089382556));
#3295=CARTESIAN_POINT('',(-0.02255,0.00400000000000012,0.0344836994023243));
#3296=CARTESIAN_POINT('',(-0.02255,0.059,0.0344836994023243));
#3297=CARTESIAN_POINT('',(-0.02255,0.059,0.0344836994023243));
#3298=CARTESIAN_POINT('',(-0.02255,0.059,0.0354438089382556));
#3299=CARTESIAN_POINT('',(1.7347234759768E-17,-0.048,0.02425));
#3300=CARTESIAN_POINT('',(0.0145169712634652,-0.0617570907293557,0.02425));
#3301=CARTESIAN_POINT('',(-0.0145037865053881,-0.0617709904148583,0.02425));
#3302=CARTESIAN_POINT('',(0.0185443316234745,-0.0555278041769453,0.0423108650752565));
#3303=CARTESIAN_POINT('',(0.0180135817947169,-0.05672285771802,0.0422199508625956));
#3304=CARTESIAN_POINT('',(0.0175033812971678,-0.0576934365142221,0.0422944347057336));
#3305=CARTESIAN_POINT('',(0.017066183014226,-0.0584344408157073,0.0425034444138007));
#3306=CARTESIAN_POINT('',(0.0167410791413898,-0.058947611747481,0.0427575984443443));
#3307=CARTESIAN_POINT('',(0.0164363971528764,-0.0593982991095796,0.0431516313957599));
#3308=CARTESIAN_POINT('',(0.0162254917722673,-0.0596934175508432,0.0437383235926838));
#3309=CARTESIAN_POINT('',(0.016263364099483,-0.059641371996327,0.0444370116441224));
#3310=CARTESIAN_POINT('',(0.0165117969600518,-0.059289424184053,0.0449674258705397));
#3311=CARTESIAN_POINT('',(0.0168240632622564,-0.058819923191047,0.0453195582746873));
#3312=CARTESIAN_POINT('',(0.0172641807467867,-0.0581126275042442,0.0456222883440474));
#3313=CARTESIAN_POINT('',(0.0177962078640491,-0.0571583149469744,0.045771678801199));
#3314=CARTESIAN_POINT('',(0.018357234447626,-0.0559735760204206,0.0457400677534549));
#3315=CARTESIAN_POINT('',(0.0188352535161776,-0.0547669223156458,0.0455639112590855));
#3316=CARTESIAN_POINT('',(0.0191645879202306,-0.0537472476143874,0.0453236807649637));
#3317=CARTESIAN_POINT('',(0.0193840313586154,-0.052938401086655,0.0450807555831274));
#3318=CARTESIAN_POINT('',(0.0195275603938558,-0.0523363492222009,0.0448669098072637));
#3319=CARTESIAN_POINT('',(0.0196303782700454,-0.0518355580599026,0.0446533036962692));
#3320=CARTESIAN_POINT('',(0.0196982390543975,-0.0514653279416763,0.0444323529480738));
#3321=CARTESIAN_POINT('',(0.0197435043342355,-0.0511944489123252,0.0442298911049586));
#3322=CARTESIAN_POINT('',(0.0197558004671624,-0.0511165083455939,0.0438751238522038));
#3323=CARTESIAN_POINT('',(0.0197137201459903,-0.0513760240073708,0.043628783129727));
#3324=CARTESIAN_POINT('',(0.0196660160399435,-0.0516432285601792,0.0434557944887151));
#3325=CARTESIAN_POINT('',(0.0195920497650117,-0.052027634198008,0.0432617199628843));
#3326=CARTESIAN_POINT('',(0.0194846850838992,-0.0525247260113745,0.0430617739270268));
#3327=CARTESIAN_POINT('',(0.0192861519932615,-0.0533237789453734,0.0427937991806751));
#3328=CARTESIAN_POINT('',(0.0189877526550688,-0.0543245941857664,0.0425292857728601));
#3329=CARTESIAN_POINT('',(0.0185443316234745,-0.0555278041769453,0.0423108650752565));
#3330=CARTESIAN_POINT('',(0.0180135817947169,-0.05672285771802,0.0422199508625956));
#3331=CARTESIAN_POINT('',(0.0175033812971678,-0.0576934365142221,0.0422944347057336));
#3332=CARTESIAN_POINT('',(0.018,-0.0567177978870813,0.04225));
#3333=CARTESIAN_POINT('',(-0.0174026054786311,-0.057885493047576,0.0423110692996717));
#3334=CARTESIAN_POINT('',(-0.0180119982323104,-0.0567263127338126,0.0422192075611241));
#3335=CARTESIAN_POINT('',(-0.0185494015921273,-0.0555160433396613,0.0423121004558318));
#3336=CARTESIAN_POINT('',(-0.0189948004305945,-0.0543047498156646,0.0425333012372777));
#3337=CARTESIAN_POINT('',(-0.0192994776473685,-0.0532765708002136,0.042806903088595));
#3338=CARTESIAN_POINT('',(-0.019498841218687,-0.0524636651446906,0.0430843902916301));
#3339=CARTESIAN_POINT('',(-0.0196054887588725,-0.0519617087142777,0.0432896429801092));
#3340=CARTESIAN_POINT('',(-0.0196785045449286,-0.0515753556864759,0.043496162709119));
#3341=CARTESIAN_POINT('',(-0.0197251513122411,-0.0513078313739883,0.0436761105894867));
#3342=CARTESIAN_POINT('',(-0.0197604681719513,-0.0510866414878995,0.0439709728021819));
#3343=CARTESIAN_POINT('',(-0.0197319445779466,-0.0512663438319839,0.0442928289172436));
#3344=CARTESIAN_POINT('',(-0.0196861367639408,-0.0515331397934398,0.0444770237996196));
#3345=CARTESIAN_POINT('',(-0.0196157564885273,-0.0519100614789137,0.0446873307982489));
#3346=CARTESIAN_POINT('',(-0.0195117314112449,-0.0524066679624168,0.0448938546019536));
#3347=CARTESIAN_POINT('',(-0.019367013874279,-0.0530046039693228,0.0451019408712111));
#3348=CARTESIAN_POINT('',(-0.0191463443093834,-0.0538073501269385,0.0453392169487373));
#3349=CARTESIAN_POINT('',(-0.0188159791758867,-0.0548199612281341,0.0455739097112892));
#3350=CARTESIAN_POINT('',(-0.0183371947927793,-0.0560189665344844,0.0457437460712076));
#3351=CARTESIAN_POINT('',(-0.0177789717187551,-0.0571913457596954,0.0457696288357332));
#3352=CARTESIAN_POINT('',(-0.0172475713713704,-0.0581405880984405,0.0456142949142272));
#3353=CARTESIAN_POINT('',(-0.0168121584778198,-0.0588383288957432,0.0453090344751554));
#3354=CARTESIAN_POINT('',(-0.0165002638724902,-0.0593061865242791,0.0449501293692819));
#3355=CARTESIAN_POINT('',(-0.016258630483037,-0.0596478520212718,0.0444165713262551));
#3356=CARTESIAN_POINT('',(-0.0162287306033209,-0.0596890051031557,0.0437211917232488));
#3357=CARTESIAN_POINT('',(-0.0164425135501731,-0.0593894193033043,0.0431417661656362));
#3358=CARTESIAN_POINT('',(-0.0168457073952967,-0.0587927287433286,0.0426258779337548));
#3359=CARTESIAN_POINT('',(-0.0174026054786311,-0.057885493047576,0.0423110692996717));
#3360=CARTESIAN_POINT('',(-0.0180119982323104,-0.0567263127338126,0.0422192075611241));
#3361=CARTESIAN_POINT('',(-0.0185494015921273,-0.0555160433396613,0.0423121004558318));
#3362=CARTESIAN_POINT('',(-0.018,-0.0567177978870813,0.04225));
#3363=CARTESIAN_POINT('',(-0.0185443316234745,-0.0404721958230547,0.0423108650752565));
#3364=CARTESIAN_POINT('',(-0.0180135817947169,-0.0392771422819798,0.0422199508625955));
#3365=CARTESIAN_POINT('',(-0.0175033812971677,-0.0383065634857779,0.0422944347057336));
#3366=CARTESIAN_POINT('',(-0.017066183014226,-0.0375655591842927,0.0425034444138007));
#3367=CARTESIAN_POINT('',(-0.0167410791413898,-0.037052388252519,0.0427575984443443));
#3368=CARTESIAN_POINT('',(-0.0164363971528764,-0.0366017008904204,0.0431516313957599));
#3369=CARTESIAN_POINT('',(-0.0162254917722674,-0.0363065824491569,0.0437383235926837));
#3370=CARTESIAN_POINT('',(-0.016263364099483,-0.0363586280036729,0.0444370116441222));
#3371=CARTESIAN_POINT('',(-0.0165117969600517,-0.0367105758159469,0.0449674258705395));
#3372=CARTESIAN_POINT('',(-0.0168240632622562,-0.0371800768089528,0.0453195582746872));
#3373=CARTESIAN_POINT('',(-0.0172641807467866,-0.0378873724957555,0.0456222883440473));
#3374=CARTESIAN_POINT('',(-0.0177962078640489,-0.0388416850530254,0.045771678801199));
#3375=CARTESIAN_POINT('',(-0.0183572344476258,-0.0400264239795791,0.0457400677534549));
#3376=CARTESIAN_POINT('',(-0.0188352535161775,-0.0412330776843539,0.0455639112590856));
#3377=CARTESIAN_POINT('',(-0.0191645879202305,-0.0422527523856122,0.0453236807649639));
#3378=CARTESIAN_POINT('',(-0.0193840313586153,-0.0430615989133446,0.0450807555831276));
#3379=CARTESIAN_POINT('',(-0.0195275603938557,-0.0436636507777987,0.0448669098072639));
#3380=CARTESIAN_POINT('',(-0.0196303782700453,-0.044164441940097,0.0446533036962694));
#3381=CARTESIAN_POINT('',(-0.0196982390543975,-0.0445346720583234,0.0444323529480741));
#3382=CARTESIAN_POINT('',(-0.0197435043342354,-0.0448055510876746,0.0442298911049592));
#3383=CARTESIAN_POINT('',(-0.0197558004671624,-0.0448834916544065,0.0438751238522039));
#3384=CARTESIAN_POINT('',(-0.0197137201459903,-0.0446239759926295,0.0436287831297271));
#3385=CARTESIAN_POINT('',(-0.0196660160399436,-0.044356771439821,0.0434557944887151));
#3386=CARTESIAN_POINT('',(-0.0195920497650117,-0.0439723658019922,0.0432617199628843));
#3387=CARTESIAN_POINT('',(-0.0194846850838993,-0.0434752739886257,0.0430617739270268));
#3388=CARTESIAN_POINT('',(-0.0192861519932615,-0.0426762210546267,0.0427937991806751));
#3389=CARTESIAN_POINT('',(-0.0189877526550689,-0.0416754058142337,0.0425292857728601));
#3390=CARTESIAN_POINT('',(-0.0185443316234745,-0.0404721958230547,0.0423108650752565));
#3391=CARTESIAN_POINT('',(-0.0180135817947169,-0.0392771422819798,0.0422199508625955));
#3392=CARTESIAN_POINT('',(-0.0175033812971677,-0.0383065634857779,0.0422944347057336));
#3393=CARTESIAN_POINT('',(-0.018,-0.0392822021129186,0.04225));
#3394=CARTESIAN_POINT('',(0.0174026054786311,-0.0381145069524241,0.0423110692996717));
#3395=CARTESIAN_POINT('',(0.0180119982323104,-0.0392736872661872,0.0422192075611241));
#3396=CARTESIAN_POINT('',(0.0185494015921273,-0.0404839566603386,0.0423121004558318));
#3397=CARTESIAN_POINT('',(0.0189948004305945,-0.0416952501843354,0.0425333012372778));
#3398=CARTESIAN_POINT('',(0.0192994776473685,-0.0427234291997864,0.042806903088595));
#3399=CARTESIAN_POINT('',(0.019498841218687,-0.0435363348553095,0.0430843902916301));
#3400=CARTESIAN_POINT('',(0.0196054887588726,-0.0440382912857224,0.0432896429801093));
#3401=CARTESIAN_POINT('',(0.0196785045449286,-0.0444246443135241,0.0434961627091191));
#3402=CARTESIAN_POINT('',(0.0197251513122412,-0.0446921686260117,0.0436761105894869));
#3403=CARTESIAN_POINT('',(0.0197604681719513,-0.0449133585121003,0.0439709728021821));
#3404=CARTESIAN_POINT('',(0.0197319445779466,-0.0447336561680158,0.0442928289172437));
#3405=CARTESIAN_POINT('',(0.0196861367639407,-0.04446686020656,0.0444770237996197));
#3406=CARTESIAN_POINT('',(0.0196157564885272,-0.044089938521086,0.044687330798249));
#3407=CARTESIAN_POINT('',(0.0195117314112449,-0.0435933320375829,0.0448938546019537));
#3408=CARTESIAN_POINT('',(0.019367013874279,-0.0429953960306769,0.0451019408712112));
#3409=CARTESIAN_POINT('',(0.0191463443093833,-0.0421926498730612,0.0453392169487374));
#3410=CARTESIAN_POINT('',(0.0188159791758867,-0.0411800387718655,0.0455739097112893));
#3411=CARTESIAN_POINT('',(0.0183371947927792,-0.0399810334655153,0.0457437460712076));
#3412=CARTESIAN_POINT('',(0.0177789717187549,-0.0388086542403042,0.0457696288357332));
#3413=CARTESIAN_POINT('',(0.0172475713713703,-0.0378594119015591,0.0456142949142271));
#3414=CARTESIAN_POINT('',(0.0168121584778196,-0.0371616711042565,0.0453090344751552));
#3415=CARTESIAN_POINT('',(0.01650026387249,-0.0366938134757206,0.0449501293692817));
#3416=CARTESIAN_POINT('',(0.0162586304830369,-0.0363521479787281,0.0444165713262547));
#3417=CARTESIAN_POINT('',(0.0162287306033209,-0.0363109948968443,0.0437211917232485));
#3418=CARTESIAN_POINT('',(0.0164425135501732,-0.0366105806966959,0.043141766165636));
#3419=CARTESIAN_POINT('',(0.0168457073952968,-0.0372072712566715,0.0426258779337548));
#3420=CARTESIAN_POINT('',(0.0174026054786311,-0.0381145069524241,0.0423110692996717));
#3421=CARTESIAN_POINT('',(0.0180119982323104,-0.0392736872661872,0.0422192075611241));
#3422=CARTESIAN_POINT('',(0.0185494015921273,-0.0404839566603386,0.0423121004558318));
#3423=CARTESIAN_POINT('',(0.018,-0.0392822021129186,0.04225));
#3424=CARTESIAN_POINT('',(-0.0414941342805728,-0.0651540968322485,0.02425));
#3425=CARTESIAN_POINT('',(-0.0425,-0.0651540968322485,0.0455293895459724));
#3426=CARTESIAN_POINT('',(-0.018,0.059,0.044));
#3427=CARTESIAN_POINT('',(-0.0282720671402864,-0.086,0.0363388371757898));
#3428=CARTESIAN_POINT('',(-0.0282720671402864,-0.0546540968322485,0.0363388371757898));
#3429=CARTESIAN_POINT('',(-0.0339941342805728,-0.0546540968322485,0.0363388371757898));
#3430=CARTESIAN_POINT('',(-0.0339941342805728,-0.086,0.0363388371757898));
#3431=CARTESIAN_POINT('',(-0.0339941342805728,0.00400000000000012,0.0363388371757898));
#3432=CARTESIAN_POINT('',(-0.0282720671402864,0.00400000000000012,0.0363388371757898));
#3433=CARTESIAN_POINT('',(0.018,0.059,0.044));
#3434=CARTESIAN_POINT('',(0.018,0.059,0.044));
#3435=CARTESIAN_POINT('',(0.018,0.059,0.04225));
#3436=CARTESIAN_POINT('',(-0.018,0.059,0.044));
#3437=CARTESIAN_POINT('',(-0.018,0.059,0.044));
#3438=CARTESIAN_POINT('',(-0.018,0.059,0.04225));
#3439=CARTESIAN_POINT('',(0.,0.00400000000000012,0.0265));
#3440=CARTESIAN_POINT('',(-0.0133056601876601,0.00400000000000012,0.0294928639415436));
#3441=CARTESIAN_POINT('',(-0.0350974088512515,0.00400000000000012,0.0294928639415436));
#3442=CARTESIAN_POINT('',(-0.0350974088512515,0.00400000000000012,0.02405));
#3443=CARTESIAN_POINT('',(-0.0350974088512515,0.00400000000000012,0.0186071360584564));
#3444=CARTESIAN_POINT('',(-0.0331474088512515,0.00400000000000012,0.0186071360584564));
#3445=CARTESIAN_POINT('',(-0.0311974088512515,0.00400000000000012,0.0186071360584564));
#3446=CARTESIAN_POINT('',(-0.0311974088512515,0.00400000000000012,0.0240999999999943));
#3447=CARTESIAN_POINT('',(-0.0311974088512515,0.00400000000000012,0.0295928639415322));
#3448=CARTESIAN_POINT('',(-0.0292224088512515,0.00400000000000012,0.0295928639415322));
#3449=CARTESIAN_POINT('',(-0.0272474088512516,0.00400000000000012,0.0295928639415322));
#3450=CARTESIAN_POINT('',(-0.0272474088512516,0.00400000000000012,0.0296144821782963));
#3451=CARTESIAN_POINT('',(-0.0272474088512516,0.00400000000000012,0.0296361004150602));
#3452=CARTESIAN_POINT('',(-0.0274,0.00400000000000012,0.0344836994023243));
#3453=CARTESIAN_POINT('',(0.0272474088512515,0.059,0.0296144821783019));
#3454=CARTESIAN_POINT('',(0.0272474088512515,0.00400000000000012,0.0296144821783019));
#3455=CARTESIAN_POINT('',(0.0272474088512515,0.00400000000000012,0.0295928639415322));
#3456=CARTESIAN_POINT('',(0.0272474088512515,0.00400000000000012,0.0296361004150716));
#3457=CARTESIAN_POINT('',(0.0272474088512515,0.059,0.0296361004150716));
#3458=CARTESIAN_POINT('',(0.0272474088512515,0.059,0.0296361004150716));
#3459=CARTESIAN_POINT('',(0.0272474088512515,0.059,0.0296144821783019));
#3460=CARTESIAN_POINT('',(0.0272474088512515,0.059,0.0295928639415322));
#3461=CARTESIAN_POINT('',(0.0272474088512515,0.059,0.0295928639415322));
#3462=CARTESIAN_POINT('',(0.0292224088512515,0.059,0.0295928639415322));
#3463=CARTESIAN_POINT('',(0.0292224088512515,0.00400000000000012,0.0295928639415322));
#3464=CARTESIAN_POINT('',(0.0311974088512515,0.00400000000000012,0.0295928639415322));
#3465=CARTESIAN_POINT('',(0.0292224088512515,0.059,0.0295928639415322));
#3466=CARTESIAN_POINT('',(0.0311974088512515,0.059,0.0295928639415322));
#3467=CARTESIAN_POINT('',(0.0311974088512515,0.059,0.0295928639415322));
#3468=CARTESIAN_POINT('',(0.0311974088512515,0.059,0.0240999999999943));
#3469=CARTESIAN_POINT('',(0.0311974088512515,0.019,0.02405));
#3470=CARTESIAN_POINT('',(0.0311974088512514,0.019,0.02255));
#3471=CARTESIAN_POINT('',(0.0311974088512515,0.034,0.02405));
#3472=CARTESIAN_POINT('',(0.0311974088512514,0.034,0.02255));
#3473=CARTESIAN_POINT('',(0.0311974088512515,0.049,0.02405));
#3474=CARTESIAN_POINT('',(0.0311974088512514,0.049,0.02255));
#3475=CARTESIAN_POINT('',(0.0311974088512515,0.00400000000000012,0.0240999999999943));
#3476=CARTESIAN_POINT('',(0.0311974088512515,0.00400000000000012,0.0186071360584564));
#3477=CARTESIAN_POINT('',(0.0311974088512515,0.059,0.0240999999999943));
#3478=CARTESIAN_POINT('',(0.0311974088512515,0.059,0.0186071360584564));
#3479=CARTESIAN_POINT('',(0.0311974088512515,0.059,0.0186071360584564));
#3480=CARTESIAN_POINT('',(0.0331474088512515,0.059,0.0186071360584564));
#3481=CARTESIAN_POINT('',(0.0331474088512515,0.00400000000000012,0.0186071360584564));
#3482=CARTESIAN_POINT('',(0.0350974088512515,0.00400000000000012,0.0186071360584564));
#3483=CARTESIAN_POINT('',(0.0331474088512515,0.059,0.0186071360584564));
#3484=CARTESIAN_POINT('',(0.0350974088512515,0.059,0.0186071360584564));
#3485=CARTESIAN_POINT('',(0.0350974088512515,0.059,0.0186071360584564));
#3486=CARTESIAN_POINT('',(0.0350974088512515,0.059,0.02405));
#3487=CARTESIAN_POINT('',(0.0350974088512515,0.019,0.02405));
#3488=CARTESIAN_POINT('',(0.0350974088512515,0.019,0.02255));
#3489=CARTESIAN_POINT('',(0.0350974088512515,0.034,0.02405));
#3490=CARTESIAN_POINT('',(0.0350974088512515,0.034,0.02255));
#3491=CARTESIAN_POINT('',(0.0350974088512515,0.049,0.02405));
#3492=CARTESIAN_POINT('',(0.0350974088512515,0.049,0.02255));
#3493=CARTESIAN_POINT('',(0.0350974088512515,0.00400000000000012,0.02405));
#3494=CARTESIAN_POINT('',(0.0350974088512515,0.00400000000000012,0.0294928639415436));
#3495=CARTESIAN_POINT('',(0.0350974088512515,0.059,0.02405));
#3496=CARTESIAN_POINT('',(0.0350974088512515,0.059,0.0294928639415436));
#3497=CARTESIAN_POINT('',(0.0350974088512515,0.059,0.0294928639415436));
#3498=CARTESIAN_POINT('',(0.0133056601876601,0.059,0.0294928639415436));
#3499=CARTESIAN_POINT('',(0.0339604258016085,-0.0551540968322472,0.0364398753313424));
#3500=CARTESIAN_POINT('',(0.0339683950748273,-0.0549899390049914,0.0364161811899035));
#3501=CARTESIAN_POINT('',(0.0339724651378727,-0.0548219910850756,0.0364039769464803));
#3502=CARTESIAN_POINT('',(0.0339724651378727,-0.0546540968322485,0.0364039769464803));
#3503=CARTESIAN_POINT('',(0.0133056601876601,0.00400000000000012,0.0294928639415436));
#3504=CARTESIAN_POINT('',(0.0133056601876601,0.059,0.0294928639415436));
#3505=CARTESIAN_POINT('',(-0.0133056601876601,0.059,0.0294928639415436));
#3506=CARTESIAN_POINT('',(-0.0339941342805728,-0.0546540968322485,0.0363388371757898));
#3507=CARTESIAN_POINT('',(-0.0339941342805728,-0.0548229250545262,0.0363388371757898));
#3508=CARTESIAN_POINT('',(-0.0339901250984855,-0.0549895598430341,0.0363509866918985));
#3509=CARTESIAN_POINT('',(-0.0339822206568303,-0.0551540968322472,0.0363747355606519));
#3510=CARTESIAN_POINT('',(-0.0133056601876601,0.059,0.0294928639415436));
#3511=CARTESIAN_POINT('',(-0.0350974088512515,0.059,0.0294928639415436));
#3512=CARTESIAN_POINT('',(-0.0350974088512515,0.059,0.0294928639415436));
#3513=CARTESIAN_POINT('',(-0.0350974088512515,0.059,0.02405));
#3514=CARTESIAN_POINT('',(-0.0350974088512515,0.019,0.02405));
#3515=CARTESIAN_POINT('',(-0.0350974088512515,0.019,0.02255));
#3516=CARTESIAN_POINT('',(-0.0350974088512515,0.034,0.02405));
#3517=CARTESIAN_POINT('',(-0.0350974088512515,0.034,0.02255));
#3518=CARTESIAN_POINT('',(-0.0350974088512515,0.049,0.02405));
#3519=CARTESIAN_POINT('',(-0.0350974088512515,0.049,0.02255));
#3520=CARTESIAN_POINT('',(-0.0350974088512515,0.059,0.02405));
#3521=CARTESIAN_POINT('',(-0.0350974088512515,0.059,0.0186071360584564));
#3522=CARTESIAN_POINT('',(-0.0350974088512515,0.059,0.0186071360584564));
#3523=CARTESIAN_POINT('',(-0.0331474088512515,0.059,0.0186071360584564));
#3524=CARTESIAN_POINT('',(-0.0331474088512515,0.059,0.0186071360584564));
#3525=CARTESIAN_POINT('',(-0.0311974088512515,0.059,0.0186071360584564));
#3526=CARTESIAN_POINT('',(-0.0311974088512515,0.059,0.0186071360584564));
#3527=CARTESIAN_POINT('',(-0.0311974088512515,0.059,0.0240999999999943));
#3528=CARTESIAN_POINT('',(-0.0311974088512516,0.019,0.02405));
#3529=CARTESIAN_POINT('',(-0.0311974088512516,0.019,0.02255));
#3530=CARTESIAN_POINT('',(-0.0311974088512516,0.034,0.02405));
#3531=CARTESIAN_POINT('',(-0.0311974088512516,0.034,0.02255));
#3532=CARTESIAN_POINT('',(-0.0311974088512516,0.049,0.02405));
#3533=CARTESIAN_POINT('',(-0.0311974088512516,0.049,0.02255));
#3534=CARTESIAN_POINT('',(-0.0311974088512515,0.059,0.0240999999999943));
#3535=CARTESIAN_POINT('',(-0.0311974088512515,0.059,0.0295928639415322));
#3536=CARTESIAN_POINT('',(-0.0311974088512515,0.059,0.0295928639415322));
#3537=CARTESIAN_POINT('',(-0.0292224088512515,0.059,0.0295928639415322));
#3538=CARTESIAN_POINT('',(-0.0292224088512515,0.059,0.0295928639415322));
#3539=CARTESIAN_POINT('',(-0.0272474088512516,0.059,0.0295928639415322));
#3540=CARTESIAN_POINT('',(-0.0272474088512516,0.059,0.0295928639415322));
#3541=CARTESIAN_POINT('',(-0.0272474088512516,0.059,0.0296144821782963));
#3542=CARTESIAN_POINT('',(-0.0272474088512516,0.059,0.0296144821782963));
#3543=CARTESIAN_POINT('',(-0.0272474088512516,0.059,0.0296361004150602));
#3544=CARTESIAN_POINT('',(-0.0272474088512516,0.059,0.0296361004150602));
#3545=CARTESIAN_POINT('',(-0.0274,0.059,0.0344836994023243));
#3546=CARTESIAN_POINT('',(-0.0274,0.059,0.0344836994023243));
#3547=CARTESIAN_POINT('',(0.02255,0.059,0.0354438089382613));
#3548=CARTESIAN_POINT('',(0.02255,0.00400000000000012,0.0354438089382613));
#3549=CARTESIAN_POINT('',(0.02255,0.00400000000000012,0.0344836994023356));
#3550=CARTESIAN_POINT('',(0.02255,0.059,0.0354438089382613));
#3551=CARTESIAN_POINT('',(0.02255,0.059,0.0344836994023356));
#3552=CARTESIAN_POINT('',(0.02255,0.059,0.0344836994023356));
#3553=CARTESIAN_POINT('',(0.018,0.059,0.044));
#3554=CARTESIAN_POINT('',(0.0274,0.059,0.0344836994023356));
#3555=CARTESIAN_POINT('',(0.0274,0.00400000000000012,0.0344836994023356));
#3556=CARTESIAN_POINT('',(0.0274,0.059,0.0344836994023356));
#3557=CARTESIAN_POINT('',(0.,0.059,0.0265));
#3558=CARTESIAN_POINT('',(0.,0.00400000000000012,0.0265));
#3559=CARTESIAN_POINT('',(0.0414832997070423,-0.0651540968322472,0.02425));
#3560=CARTESIAN_POINT('',(0.0425,-0.0651540968322485,0.0455293895459724));
#3561=CARTESIAN_POINT('',(0.0357470671402864,-0.0731540968322472,0.02425));
#3562=CARTESIAN_POINT('',(0.0425,-0.0731540968322472,0.0455293895459724));
#3563=CARTESIAN_POINT('',(0.0425,-0.0731560968322472,0.0455293895459724));
#3564=CARTESIAN_POINT('',(-0.0425,-0.0731560968322472,0.0455293895459724));
#3565=CARTESIAN_POINT('',(1.2490009027033E-16,-0.0546540968322485,0.0399039769464803));
#3566=CARTESIAN_POINT('',(1.2490009027033E-16,-0.0546540968322485,0.0398388371757898));
#3567=CARTESIAN_POINT('',(-0.035,-0.0401540968322485,0.04395));
#3568=CARTESIAN_POINT('',(-0.035,-0.0649540968322485,0.04395));
#3569=CARTESIAN_POINT('',(-0.0375980762113533,-0.0649540968322485,0.04545));
#3570=CARTESIAN_POINT('',(-0.035,-0.0647540968322485,0.04395));
#3571=CARTESIAN_POINT('',(-0.035,-0.0649540968322485,0.04395));
#3572=CARTESIAN_POINT('',(-0.0324019237886467,-0.0649540968322485,0.04545));
#3573=CARTESIAN_POINT('',(-0.0324019237886467,-0.0647540968322485,0.04545));
#3574=CARTESIAN_POINT('',(-0.0324019237886467,-0.0647540968322485,0.04545));
#3575=CARTESIAN_POINT('',(-0.035,-0.0647540968322485,0.04395));
#3576=CARTESIAN_POINT('',(-0.0375980762113533,-0.0647540968322485,0.04545));
#3577=CARTESIAN_POINT('',(-0.0375980762113533,-0.0647540968322485,0.04545));
#3578=CARTESIAN_POINT('',(-0.0110255333724717,-0.0654343319271061,0.02425));
#3579=CARTESIAN_POINT('',(-0.0115849407396489,-0.064845156800361,0.02425));
#3580=CARTESIAN_POINT('',(0.0110374340295562,-0.0654288221316228,0.02425));
#3581=CARTESIAN_POINT('',(0.0115870955515533,-0.0648487997506962,0.02425));
#3582=CARTESIAN_POINT('',(0.0141275655226597,-0.0672562906283335,0.02425));
#3583=CARTESIAN_POINT('',(-0.0141231033780918,-0.0672550801229613,0.02425));
#3584=CARTESIAN_POINT('',(-0.128497804238142,0.049,0.02405));
#3585=CARTESIAN_POINT('',(-0.128497804238142,0.034,0.02405));
#3586=CARTESIAN_POINT('',(-0.128497804238142,0.019,0.02405));
#3587=CARTESIAN_POINT('',(-0.128497804238142,0.049,0.02405));
#3588=CARTESIAN_POINT('',(-0.128497804238142,0.034,0.02405));
#3589=CARTESIAN_POINT('',(-0.128497804238142,0.019,0.02405));
#3590=CARTESIAN_POINT('',(-0.0027,0.01995,0.04875));
#3591=CARTESIAN_POINT('',(-0.0027,0.01995,0.04875));
#3592=CARTESIAN_POINT('',(-0.0004,0.01995,0.04875));
#3593=CARTESIAN_POINT('',(0.,-0.00707704841612419,0.04875));
#3594=CARTESIAN_POINT('',(-0.0027,0.01995,0.04875));
#3595=CARTESIAN_POINT('',(-0.0008,0.01995,0.04875));
#3596=CARTESIAN_POINT('',(-0.00134999999999996,-0.01025,0.04875));
#3597=CARTESIAN_POINT('',(-0.00134999999999996,-0.01025,0.04875));
#3598=CARTESIAN_POINT('',(0.000950000000000038,-0.01025,0.04875));
#3599=CARTESIAN_POINT('',(0.,-0.00707704841612419,0.04875));
#3600=CARTESIAN_POINT('',(-0.00134999999999996,-0.01025,0.04875));
#3601=CARTESIAN_POINT('',(0.000550000000000038,-0.01025,0.04875));
#3602=CARTESIAN_POINT('',(0.,-0.00707704841612419,0.04475));
#3603=CARTESIAN_POINT('',(-0.0027,0.01995,0.04475));
#3604=CARTESIAN_POINT('',(-0.0008,0.01995,0.04475));
#3605=CARTESIAN_POINT('',(-0.0027,0.01995,0.04475));
#3606=CARTESIAN_POINT('',(0.,-0.00707704841612419,0.04475));
#3607=CARTESIAN_POINT('',(-0.00134999999999996,-0.01025,0.04475));
#3608=CARTESIAN_POINT('',(0.000550000000000038,-0.01025,0.04475));
#3609=CARTESIAN_POINT('',(-0.00134999999999996,-0.01025,0.04475));
#3610=CARTESIAN_POINT('',(-0.0325,-0.0647540968322485,0.0428123677803259));
#3611=CARTESIAN_POINT('',(-0.0329509618943233,-0.0647540968322485,0.04545));
#3612=CARTESIAN_POINT('',(-0.0365,-0.0649540968322485,0.04545));
#3613=CARTESIAN_POINT('',(-0.0365,-0.0649540968322485,0.04545));
#3614=CARTESIAN_POINT('',(-0.0370490381056766,-0.0649540968322485,0.04545));
#3615=CARTESIAN_POINT('',(-0.0329509618943233,-0.0647540968322485,0.04545));
#3616=CARTESIAN_POINT('',(-0.0329509618943233,-0.0649540968322485,0.04545));
#3617=CARTESIAN_POINT('',(-0.0335,-0.0649540968322485,0.04545));
#3618=CARTESIAN_POINT('',(-0.0335,-0.0649540968322485,0.04545));
#3619=CARTESIAN_POINT('',(-0.0325,-0.0647540968322485,0.0428123677803259));
#3620=CARTESIAN_POINT('',(-0.0335,-0.0649540968322485,0.0447));
#3621=CARTESIAN_POINT('',(-0.0335,-0.0649540968322485,0.0447));
#3622=CARTESIAN_POINT('',(-0.0325,-0.0649540968322485,0.0428123677803259));
#3623=CARTESIAN_POINT('',(-0.0365,-0.0649540968322485,0.0447));
#3624=CARTESIAN_POINT('',(-0.0365,-0.0649540968322485,0.0447));
#3625=CARTESIAN_POINT('',(-0.0325,-0.0649540968322485,0.0428123677803259));
#3626=CARTESIAN_POINT('',(0.03425,-0.0647540968322485,0.04245));
#3627=CARTESIAN_POINT('',(0.0365,-0.0649540968322485,0.04245));
#3628=CARTESIAN_POINT('',(0.0365,-0.0649540968322485,0.04245));
#3629=CARTESIAN_POINT('',(0.0370490381056766,-0.0649540968322485,0.04245));
#3630=CARTESIAN_POINT('',(0.03425,-0.0647540968322485,0.04245));
#3631=CARTESIAN_POINT('',(0.0329509618943233,-0.0649540968322485,0.04245));
#3632=CARTESIAN_POINT('',(0.0335,-0.0649540968322485,0.04245));
#3633=CARTESIAN_POINT('',(0.0335,-0.0649540968322485,0.04245));
#3634=CARTESIAN_POINT('',(0.0325,-0.0647540968322485,0.0428123677803259));
#3635=CARTESIAN_POINT('',(0.0325,-0.0647540968322485,0.0428123677803259));
#3636=CARTESIAN_POINT('',(0.0335,-0.0649540968322485,0.0447));
#3637=CARTESIAN_POINT('',(0.0335,-0.0649540968322485,0.0447));
#3638=CARTESIAN_POINT('',(0.0325,-0.0649540968322485,0.0428123677803259));
#3639=CARTESIAN_POINT('',(0.0365,-0.0649540968322485,0.0447));
#3640=CARTESIAN_POINT('',(0.0365,-0.0649540968322485,0.0447));
#3641=CARTESIAN_POINT('',(0.0325,-0.0649540968322485,0.0428123677803259));
#3642=CARTESIAN_POINT('',(0.,0.,0.));
#3643=CARTESIAN_POINT('',(0.0331474088512515,0.059,0.0185071360584564));
#3644=CARTESIAN_POINT('',(0.0331474088512515,0.00400000000000012,0.0185071360584564));
#3645=CARTESIAN_POINT('',(0.0310974088512515,0.00400000000000012,0.0185071360584564));
#3646=CARTESIAN_POINT('',(0.0350974088512515,0.00400000000000012,0.0185071360584678));
#3647=CARTESIAN_POINT('',(0.0350974088512515,0.059,0.0185071360584678));
#3648=CARTESIAN_POINT('',(0.0350974088512515,0.059,0.0185071360584678));
#3649=CARTESIAN_POINT('',(0.0331474088512515,0.059,0.0185071360584564));
#3650=CARTESIAN_POINT('',(0.0310974088512515,0.059,0.0185071360584564));
#3651=CARTESIAN_POINT('',(0.0310974088512515,0.059,0.0185071360584564));
#3652=CARTESIAN_POINT('',(0.0310974088512515,0.059,0.0239999999999943));
#3653=CARTESIAN_POINT('',(0.0310974088512515,0.019,0.02405));
#3654=CARTESIAN_POINT('',(0.0310974088512515,0.019,0.02555));
#3655=CARTESIAN_POINT('',(0.0310974088512515,0.034,0.02405));
#3656=CARTESIAN_POINT('',(0.0310974088512515,0.034,0.02555));
#3657=CARTESIAN_POINT('',(0.0310974088512515,0.049,0.02405));
#3658=CARTESIAN_POINT('',(0.0310974088512515,0.049,0.02555));
#3659=CARTESIAN_POINT('',(0.0310974088512515,0.00400000000000012,0.0239999999999943));
#3660=CARTESIAN_POINT('',(0.0310974088512515,0.00400000000000012,0.0294928639415322));
#3661=CARTESIAN_POINT('',(0.0310974088512515,0.059,0.0239999999999943));
#3662=CARTESIAN_POINT('',(0.0310974088512515,0.059,0.0294928639415322));
#3663=CARTESIAN_POINT('',(0.0310974088512515,0.059,0.0294928639415322));
#3664=CARTESIAN_POINT('',(0.0291724088512515,0.059,0.0294928639415322));
#3665=CARTESIAN_POINT('',(0.0291724088512515,0.00400000000000012,0.0294928639415322));
#3666=CARTESIAN_POINT('',(0.0272474088512515,0.00400000000000012,0.0294928639415322));
#3667=CARTESIAN_POINT('',(0.0291724088512515,0.059,0.0294928639415322));
#3668=CARTESIAN_POINT('',(0.0272474088512515,0.059,0.0294928639415322));
#3669=CARTESIAN_POINT('',(0.0272474088512515,0.059,0.0294928639415322));
#3670=CARTESIAN_POINT('',(0.0272474088512515,0.059,0.023928381763236));
#3671=CARTESIAN_POINT('',(0.0272474088512515,0.019,0.02405));
#3672=CARTESIAN_POINT('',(0.0272474088512515,0.019,0.02255));
#3673=CARTESIAN_POINT('',(0.0272474088512515,0.034,0.02405));
#3674=CARTESIAN_POINT('',(0.0272474088512515,0.034,0.02255));
#3675=CARTESIAN_POINT('',(0.0272474088512515,0.049,0.02405));
#3676=CARTESIAN_POINT('',(0.0272474088512515,0.049,0.02255));
#3677=CARTESIAN_POINT('',(0.0272474088512515,0.00400000000000012,0.023928381763236));
#3678=CARTESIAN_POINT('',(0.0272474088512515,0.00400000000000012,0.0183638995849398));
#3679=CARTESIAN_POINT('',(0.0272474088512515,0.059,0.023928381763236));
#3680=CARTESIAN_POINT('',(0.0272474088512515,0.059,0.0183638995849398));
#3681=CARTESIAN_POINT('',(0.0272474088512515,0.059,0.0183638995849398));
#3682=CARTESIAN_POINT('',(0.0274,0.059,0.0135163005976757));
#3683=CARTESIAN_POINT('',(0.0274,0.00400000000000012,0.0135163005976757));
#3684=CARTESIAN_POINT('',(0.02255,0.00400000000000012,0.0135163005976757));
#3685=CARTESIAN_POINT('',(0.0274,0.059,0.0135163005976757));
#3686=CARTESIAN_POINT('',(0.02255,0.059,0.0135163005976757));
#3687=CARTESIAN_POINT('',(0.02255,0.059,0.0135163005976757));
#3688=CARTESIAN_POINT('',(0.02255,0.059,0.0125887317109429));
#3689=CARTESIAN_POINT('',(0.02255,0.00400000000000012,0.0125887317109429));
#3690=CARTESIAN_POINT('',(0.02255,0.00400000000000012,0.00377341526994192));
#3691=CARTESIAN_POINT('',(0.02255,0.059,0.0125887317109429));
#3692=CARTESIAN_POINT('',(0.02255,0.059,0.00377341526994192));
#3693=CARTESIAN_POINT('',(0.02255,0.059,0.00377341526994192));
#3694=CARTESIAN_POINT('',(0.0201732120870322,0.059,0.0185071360584564));
#3695=CARTESIAN_POINT('',(0.0201732120870322,0.00400000000000012,0.0185071360584564));
#3696=CARTESIAN_POINT('',(0.0201732120870322,0.059,0.0185071360584564));
#3697=CARTESIAN_POINT('',(0.027,0.059,0.012));
#3698=CARTESIAN_POINT('',(0.027,0.059,0.012));
#3699=CARTESIAN_POINT('',(0.027,0.059,0.01025));
#3700=CARTESIAN_POINT('',(0.027,0.00400000000000012,0.012));
#3701=CARTESIAN_POINT('',(0.027,0.00400000000000012,0.01025));
#3702=CARTESIAN_POINT('',(0.,0.059,0.0265));
#3703=CARTESIAN_POINT('',(0.,0.00400000000000012,0.0265));
#3704=CARTESIAN_POINT('',(-0.128497804238142,0.049,0.02405));
#3705=CARTESIAN_POINT('',(-0.128497804238142,0.034,0.02405));
#3706=CARTESIAN_POINT('',(-0.128497804238142,0.019,0.02405));
#3707=CARTESIAN_POINT('',(0.,0.,0.));
#3708=CARTESIAN_POINT('',(-0.0311474088512515,0.059,0.0185071360584564));
#3709=CARTESIAN_POINT('',(-0.0311474088512515,0.00400000000000012,0.0185071360584564));
#3710=CARTESIAN_POINT('',(-0.0310974088512515,0.00400000000000012,0.0185071360584564));
#3711=CARTESIAN_POINT('',(-0.0350974088512515,0.00400000000000012,0.0185071360584678));
#3712=CARTESIAN_POINT('',(-0.0310974088512515,0.059,0.0185071360584564));
#3713=CARTESIAN_POINT('',(-0.0310974088512515,0.059,0.0185071360584564));
#3714=CARTESIAN_POINT('',(-0.0311474088512515,0.059,0.0185071360584564));
#3715=CARTESIAN_POINT('',(-0.0350974088512515,0.059,0.0185071360584678));
#3716=CARTESIAN_POINT('',(-0.0350974088512515,0.059,0.0185071360584678));
#3717=CARTESIAN_POINT('',(-0.0201732120870322,0.059,0.0185071360584565));
#3718=CARTESIAN_POINT('',(-0.0201732120870322,0.00400000000000012,0.0185071360584565));
#3719=CARTESIAN_POINT('',(-0.02255,0.00400000000000012,0.00377341526994192));
#3720=CARTESIAN_POINT('',(-0.0201732120870322,0.059,0.0185071360584565));
#3721=CARTESIAN_POINT('',(-0.02255,0.059,0.00377341526994192));
#3722=CARTESIAN_POINT('',(-0.02255,0.059,0.00377341526994192));
#3723=CARTESIAN_POINT('',(-0.02255,0.059,0.00771728904707603));
#3724=CARTESIAN_POINT('',(-0.02255,0.00400000000000012,0.00771728904707603));
#3725=CARTESIAN_POINT('',(-0.02255,0.00400000000000012,0.0135163005976644));
#3726=CARTESIAN_POINT('',(-0.02255,0.059,0.00771728904707603));
#3727=CARTESIAN_POINT('',(-0.02255,0.059,0.0135163005976644));
#3728=CARTESIAN_POINT('',(-0.02255,0.059,0.0135163005976644));
#3729=CARTESIAN_POINT('',(-0.0274,0.059,0.0135163005976644));
#3730=CARTESIAN_POINT('',(-0.0274,0.00400000000000012,0.0135163005976644));
#3731=CARTESIAN_POINT('',(-0.0272474088512516,0.00400000000000012,0.0183638995849284));
#3732=CARTESIAN_POINT('',(-0.0274,0.059,0.0135163005976644));
#3733=CARTESIAN_POINT('',(-0.0272474088512516,0.059,0.0183638995849284));
#3734=CARTESIAN_POINT('',(-0.0272474088512516,0.059,0.0183638995849284));
#3735=CARTESIAN_POINT('',(-0.0272474088512516,0.059,0.0239283817632304));
#3736=CARTESIAN_POINT('',(-0.0272474088512516,0.019,0.02405));
#3737=CARTESIAN_POINT('',(-0.0272474088512516,0.019,0.02555));
#3738=CARTESIAN_POINT('',(-0.0272474088512516,0.034,0.02405));
#3739=CARTESIAN_POINT('',(-0.0272474088512516,0.034,0.02555));
#3740=CARTESIAN_POINT('',(-0.0272474088512516,0.049,0.02405));
#3741=CARTESIAN_POINT('',(-0.0272474088512516,0.049,0.02555));
#3742=CARTESIAN_POINT('',(-0.0272474088512516,0.00400000000000012,0.0239283817632304));
#3743=CARTESIAN_POINT('',(-0.0272474088512516,0.00400000000000012,0.0294928639415322));
#3744=CARTESIAN_POINT('',(-0.0272474088512516,0.059,0.0239283817632304));
#3745=CARTESIAN_POINT('',(-0.0272474088512516,0.059,0.0294928639415322));
#3746=CARTESIAN_POINT('',(-0.0272474088512516,0.059,0.0294928639415322));
#3747=CARTESIAN_POINT('',(-0.0291724088512515,0.059,0.0294928639415322));
#3748=CARTESIAN_POINT('',(-0.0291724088512515,0.00400000000000012,0.0294928639415322));
#3749=CARTESIAN_POINT('',(-0.0310974088512515,0.00400000000000012,0.0294928639415322));
#3750=CARTESIAN_POINT('',(-0.0291724088512515,0.059,0.0294928639415322));
#3751=CARTESIAN_POINT('',(-0.0310974088512515,0.059,0.0294928639415322));
#3752=CARTESIAN_POINT('',(-0.0310974088512515,0.059,0.0294928639415322));
#3753=CARTESIAN_POINT('',(-0.027,0.059,0.012));
#3754=CARTESIAN_POINT('',(-0.027,0.059,0.012));
#3755=CARTESIAN_POINT('',(-0.027,0.059,0.01025));
#3756=CARTESIAN_POINT('',(-0.027,0.00400000000000012,0.012));
#3757=CARTESIAN_POINT('',(-0.027,0.00400000000000012,0.01025));
#3758=CARTESIAN_POINT('',(-0.0310974088512515,0.059,0.0239999999999943));
#3759=CARTESIAN_POINT('',(-0.0310974088512515,0.019,0.02405));
#3760=CARTESIAN_POINT('',(-0.0310974088512515,0.019,0.02255));
#3761=CARTESIAN_POINT('',(-0.0310974088512515,0.034,0.02405));
#3762=CARTESIAN_POINT('',(-0.0310974088512515,0.034,0.02255));
#3763=CARTESIAN_POINT('',(-0.0310974088512515,0.049,0.02405));
#3764=CARTESIAN_POINT('',(-0.0310974088512515,0.049,0.02255));
#3765=CARTESIAN_POINT('',(-0.0310974088512515,0.00400000000000012,0.0239999999999943));
#3766=CARTESIAN_POINT('',(-0.0310974088512515,0.059,0.0239999999999943));
#3767=CARTESIAN_POINT('',(0.,0.059,0.0265));
#3768=CARTESIAN_POINT('',(0.,0.00400000000000012,0.0265));
#3769=CARTESIAN_POINT('',(-0.128497804238142,0.049,0.02405));
#3770=CARTESIAN_POINT('',(-0.128497804238142,0.034,0.02405));
#3771=CARTESIAN_POINT('',(-0.128497804238142,0.019,0.02405));
#3772=MECHANICAL_DESIGN_GEOMETRIC_PRESENTATION_REPRESENTATION('',(#2081),
#3775);
#3773=MECHANICAL_DESIGN_GEOMETRIC_PRESENTATION_REPRESENTATION('',(#2082),
#3776);
#3774=MECHANICAL_DESIGN_GEOMETRIC_PRESENTATION_REPRESENTATION('',(#2083),
#3777);
#3775=(
GEOMETRIC_REPRESENTATION_CONTEXT(3)
GLOBAL_UNCERTAINTY_ASSIGNED_CONTEXT((#3778))
GLOBAL_UNIT_ASSIGNED_CONTEXT((#3787,#3784,#3781))
REPRESENTATION_CONTEXT('Top Brace','TOP_LEVEL_ASSEMBLY_PART')
);
#3776=(
GEOMETRIC_REPRESENTATION_CONTEXT(3)
GLOBAL_UNCERTAINTY_ASSIGNED_CONTEXT((#3779))
GLOBAL_UNIT_ASSIGNED_CONTEXT((#3788,#3785,#3782))
REPRESENTATION_CONTEXT('Bottom Left Brace','TOP_LEVEL_ASSEMBLY_PART')
);
#3777=(
GEOMETRIC_REPRESENTATION_CONTEXT(3)
GLOBAL_UNCERTAINTY_ASSIGNED_CONTEXT((#3780))
GLOBAL_UNIT_ASSIGNED_CONTEXT((#3789,#3786,#3783))
REPRESENTATION_CONTEXT('Bottom Right brace','TOP_LEVEL_ASSEMBLY_PART')
);
#3778=UNCERTAINTY_MEASURE_WITH_UNIT(LENGTH_MEASURE(2.E-5),#3787,
'DISTANCE_ACCURACY_VALUE','Maximum Tolerance applied to model');
#3779=UNCERTAINTY_MEASURE_WITH_UNIT(LENGTH_MEASURE(1.E-8),#3788,
'DISTANCE_ACCURACY_VALUE','Maximum Tolerance applied to model');
#3780=UNCERTAINTY_MEASURE_WITH_UNIT(LENGTH_MEASURE(1.E-8),#3789,
'DISTANCE_ACCURACY_VALUE','Maximum Tolerance applied to model');
#3781=(
NAMED_UNIT(*)
SI_UNIT($,.STERADIAN.)
SOLID_ANGLE_UNIT()
);
#3782=(
NAMED_UNIT(*)
SI_UNIT($,.STERADIAN.)
SOLID_ANGLE_UNIT()
);
#3783=(
NAMED_UNIT(*)
SI_UNIT($,.STERADIAN.)
SOLID_ANGLE_UNIT()
);
#3784=(
NAMED_UNIT(*)
PLANE_ANGLE_UNIT()
SI_UNIT($,.RADIAN.)
);
#3785=(
NAMED_UNIT(*)
PLANE_ANGLE_UNIT()
SI_UNIT($,.RADIAN.)
);
#3786=(
NAMED_UNIT(*)
PLANE_ANGLE_UNIT()
SI_UNIT($,.RADIAN.)
);
#3787=(
LENGTH_UNIT()
NAMED_UNIT(*)
SI_UNIT($,.METRE.)
);
#3788=(
LENGTH_UNIT()
NAMED_UNIT(*)
SI_UNIT($,.METRE.)
);
#3789=(
LENGTH_UNIT()
NAMED_UNIT(*)
SI_UNIT($,.METRE.)
);
#3790=PRODUCT_DEFINITION_SHAPE('','',#3793);
#3791=PRODUCT_DEFINITION_SHAPE('','',#3794);
#3792=PRODUCT_DEFINITION_SHAPE('','',#3795);
#3793=PRODUCT_DEFINITION('','',#3799,#3796);
#3794=PRODUCT_DEFINITION('','',#3800,#3797);
#3795=PRODUCT_DEFINITION('','',#3801,#3798);
#3796=PRODUCT_DEFINITION_CONTEXT('',#3817,'design');
#3797=PRODUCT_DEFINITION_CONTEXT('',#3818,'design');
#3798=PRODUCT_DEFINITION_CONTEXT('',#3819,'design');
#3799=PRODUCT_DEFINITION_FORMATION_WITH_SPECIFIED_SOURCE('','',#3805,
 .NOT_KNOWN.);
#3800=PRODUCT_DEFINITION_FORMATION_WITH_SPECIFIED_SOURCE('','',#3806,
 .NOT_KNOWN.);
#3801=PRODUCT_DEFINITION_FORMATION_WITH_SPECIFIED_SOURCE('','',#3807,
 .NOT_KNOWN.);
#3802=PRODUCT_RELATED_PRODUCT_CATEGORY('','',(#3805));
#3803=PRODUCT_RELATED_PRODUCT_CATEGORY('','',(#3806));
#3804=PRODUCT_RELATED_PRODUCT_CATEGORY('','',(#3807));
#3805=PRODUCT('Top Brace','Top Brace','Top Brace',(#3811));
#3806=PRODUCT('Bottom Left Brace','Bottom Left Brace',
'Bottom Left Brace',(#3812));
#3807=PRODUCT('Bottom Right brace','Bottom Right brace',
'Bottom Right brace',(#3813));
#3808=PRODUCT_CATEGORY('','');
#3809=PRODUCT_CATEGORY('','');
#3810=PRODUCT_CATEGORY('','');
#3811=PRODUCT_CONTEXT('',#3817,'mechanical');
#3812=PRODUCT_CONTEXT('',#3818,'mechanical');
#3813=PRODUCT_CONTEXT('',#3819,'mechanical');
#3814=APPLICATION_PROTOCOL_DEFINITION('international standard',
'automotive_design',2010,#3817);
#3815=APPLICATION_PROTOCOL_DEFINITION('international standard',
'automotive_design',2010,#3818);
#3816=APPLICATION_PROTOCOL_DEFINITION('international standard',
'automotive_design',2010,#3819);
#3817=APPLICATION_CONTEXT(
'core data for automotive mechanical design processes');
#3818=APPLICATION_CONTEXT(
'core data for automotive mechanical design processes');
#3819=APPLICATION_CONTEXT(
'core data for automotive mechanical design processes');
ENDSEC;
END-ISO-10303-21;
