ISO-10303-21;
HEADER;
/* Generated by software containing ST-Developer
 * from STEP Tools, Inc. (www.steptools.com) 
 */
/* OPTION: using custom renumber hook */

FILE_DESCRIPTION(
/* description */ ('STEP AP214',
'CAx-IF Rec.Pracs.---User Defined Attributes---1.5---2016-08-15'),
/* implementation_level */ '2;1');

FILE_NAME(
/* name */ '6a7bfac0e5d6ddc0b13a389a',
/* time_stamp */ '2026-08-12T04:46:57Z',
/* author */ (''),
/* organization */ (''),
/* preprocessor_version */ 'ST-DEVELOPER v20',
/* originating_system */ 'ONSHAPE BY PTC INC, 1.219',
/* authorisation */ '  ');

FILE_SCHEMA (('AUTOMOTIVE_DESIGN {1 0 10303 214 3 1 1}'));
ENDSEC;

DATA;
#10=PROPERTY_DEFINITION_REPRESENTATION(#14,#12);
#11=PROPERTY_DEFINITION_REPRESENTATION(#15,#13);
#12=REPRESENTATION('',(#16),#6258);
#13=REPRESENTATION('',(#17),#6258);
#14=PROPERTY_DEFINITION('pmi validation property','',#6263);
#15=PROPERTY_DEFINITION('pmi validation property','',#6263);
#16=VALUE_REPRESENTATION_ITEM('number of annotations',COUNT_MEASURE(0.));
#17=VALUE_REPRESENTATION_ITEM('number of views',COUNT_MEASURE(0.));
#18=SHAPE_REPRESENTATION_RELATIONSHIP('','',#3616,#19);
#19=ADVANCED_BREP_SHAPE_REPRESENTATION('',(#3614),#6258);
#20=B_SPLINE_SURFACE_WITH_KNOTS('',1,3,((#6211,#6212,#6213,#6214),(#6215,
#6216,#6217,#6218),(#6219,#6220,#6221,#6222),(#6223,#6224,#6225,#6226)),
 .RULED_SURF.,.F.,.F.,.F.,(2,1,1,2),(4,4),(-0.0369995599489398,-0.0292498191659541,
0.,1.),(0.0718635641317435,0.0806559439008883),.PIECEWISE_BEZIER_KNOTS.);
#21=TOROIDAL_SURFACE('',#3952,0.002,0.001);
#22=TOROIDAL_SURFACE('',#3954,0.004,0.001);
#23=(
BOUNDED_SURFACE()
B_SPLINE_SURFACE(3,2,((#5908,#5909,#5910),(#5911,#5912,#5913),(#5914,#5915,
#5916),(#5917,#5918,#5919)),.UNSPECIFIED.,.F.,.F.,.F.)
B_SPLINE_SURFACE_WITH_KNOTS((4,4),(3,3),(0.0165554055851153,0.0323579044661489),
(0.,1.),.PIECEWISE_BEZIER_KNOTS.)
GEOMETRIC_REPRESENTATION_ITEM()
RATIONAL_B_SPLINE_SURFACE(((1.,0.888243735502545,1.),(1.,0.88062555686427,
1.),(1.,0.874072052292281,1.),(1.,0.868229996481306,1.)))
REPRESENTATION_ITEM('')
SURFACE()
);
#24=(
BOUNDED_SURFACE()
B_SPLINE_SURFACE(3,2,((#5920,#5921,#5922),(#5923,#5924,#5925),(#5926,#5927,
#5928),(#5929,#5930,#5931)),.UNSPECIFIED.,.F.,.F.,.F.)
B_SPLINE_SURFACE_WITH_KNOTS((4,4),(3,3),(0.0152918719689117,0.032315850387087),
(0.,1.),.PIECEWISE_BEZIER_KNOTS.)
GEOMETRIC_REPRESENTATION_ITEM()
RATIONAL_B_SPLINE_SURFACE(((1.,0.838811652672312,1.),(1.,0.846616028001667,
1.),(1.,0.85541508493805,1.),(1.,0.86573788542825,1.)))
REPRESENTATION_ITEM('')
SURFACE()
);
#25=(
BOUNDED_SURFACE()
B_SPLINE_SURFACE(3,2,((#6124,#6125,#6126),(#6127,#6128,#6129),(#6130,#6131,
#6132),(#6133,#6134,#6135)),.UNSPECIFIED.,.F.,.F.,.F.)
B_SPLINE_SURFACE_WITH_KNOTS((4,4),(3,3),(0.0454972377045089,0.0545569629036131),
(0.,1.),.PIECEWISE_BEZIER_KNOTS.)
GEOMETRIC_REPRESENTATION_ITEM()
RATIONAL_B_SPLINE_SURFACE(((1.,0.842174981049941,1.),(1.,0.84320082315598,
1.),(1.,0.844238391341096,1.),(1.,0.8452859732374,1.)))
REPRESENTATION_ITEM('')
SURFACE()
);
#26=(
BOUNDED_SURFACE()
B_SPLINE_SURFACE(3,2,((#6136,#6137,#6138),(#6139,#6140,#6141),(#6142,#6143,
#6144),(#6145,#6146,#6147)),.UNSPECIFIED.,.F.,.F.,.F.)
B_SPLINE_SURFACE_WITH_KNOTS((4,4),(3,3),(0.0449170797151324,0.0539765458625444),
(0.,1.),.PIECEWISE_BEZIER_KNOTS.)
GEOMETRIC_REPRESENTATION_ITEM()
RATIONAL_B_SPLINE_SURFACE(((1.,0.845285973313339,1.),(1.,0.844238387147197,
1.),(1.,0.843200809491027,1.),(1.,0.842174981295403,1.)))
REPRESENTATION_ITEM('')
SURFACE()
);
#27=CONICAL_SURFACE('',#3766,0.0224430223848459,0.124354994546761);
#28=CONICAL_SURFACE('',#3795,0.0055,0.124354994546761);
#29=CONICAL_SURFACE('',#3803,0.0055,0.124354994546761);
#30=CONICAL_SURFACE('',#3811,0.0055,0.124354994546761);
#31=CONICAL_SURFACE('',#3812,0.035443022384846,0.124354994546761);
#32=CONICAL_SURFACE('',#3956,0.0335,0.558599315343562);
#33=CONICAL_SURFACE('',#3957,0.0335,0.558599315343563);
#34=CONICAL_SURFACE('',#3959,0.0341978893608623,1.04854458574127);
#35=CONICAL_SURFACE('',#3960,0.0419742723848462,1.04854458574127);
#36=B_SPLINE_CURVE_WITH_KNOTS('',3,(#5059,#5060,#5061,#5062,#5063,#5064,
#5065),.UNSPECIFIED.,.F.,.F.,(4,1,1,1,4),(0.,0.00149228132011367,0.00298456264022735,
0.00447684396034102,0.00596912528045469),.UNSPECIFIED.);
#37=B_SPLINE_CURVE_WITH_KNOTS('',3,(#5102,#5103,#5104,#5105),
 .UNSPECIFIED.,.F.,.F.,(4,4),(0.,1.),.UNSPECIFIED.);
#38=B_SPLINE_CURVE_WITH_KNOTS('',3,(#5134,#5135,#5136,#5137,#5138),
 .UNSPECIFIED.,.F.,.F.,(4,1,4),(0.,0.00397888944255274,0.00795777888510547),
 .UNSPECIFIED.);
#39=B_SPLINE_CURVE_WITH_KNOTS('',3,(#5182,#5183,#5184,#5185,#5186),
 .UNSPECIFIED.,.F.,.F.,(4,1,4),(0.,0.00401877876337695,0.00803755752675389),
 .UNSPECIFIED.);
#40=B_SPLINE_CURVE_WITH_KNOTS('',3,(#5198,#5199,#5200,#5201,#5202),
 .UNSPECIFIED.,.F.,.F.,(4,1,4),(0.,0.00362805868846502,0.00725611737693004),
 .UNSPECIFIED.);
#41=B_SPLINE_CURVE_WITH_KNOTS('',3,(#5208,#5209,#5210,#5211,#5212),
 .UNSPECIFIED.,.F.,.F.,(4,1,4),(0.,0.00397829284310923,0.00795658568621847),
 .UNSPECIFIED.);
#42=B_SPLINE_CURVE_WITH_KNOTS('',3,(#5389,#5390,#5391,#5392),
 .UNSPECIFIED.,.F.,.F.,(4,4),(0.,0.00118256592926589),.UNSPECIFIED.);
#43=B_SPLINE_CURVE_WITH_KNOTS('',3,(#5402,#5403,#5404,#5405),
 .UNSPECIFIED.,.F.,.F.,(4,4),(0.,0.00270091349948469),.UNSPECIFIED.);
#44=B_SPLINE_CURVE_WITH_KNOTS('',3,(#5407,#5408,#5409,#5410),
 .UNSPECIFIED.,.F.,.F.,(4,4),(0.,0.00117267572327287),.UNSPECIFIED.);
#45=B_SPLINE_CURVE_WITH_KNOTS('',3,(#5601,#5602,#5603,#5604),
 .UNSPECIFIED.,.F.,.F.,(4,4),(0.,0.00807003902512567),.UNSPECIFIED.);
#46=B_SPLINE_CURVE_WITH_KNOTS('',3,(#5608,#5609,#5610,#5611),
 .UNSPECIFIED.,.F.,.F.,(4,4),(0.,0.00807003956603674),.UNSPECIFIED.);
#47=B_SPLINE_CURVE_WITH_KNOTS('',3,(#5614,#5615,#5616,#5617),
 .UNSPECIFIED.,.F.,.F.,(4,4),(1.94456009415171E-6,0.00209606470615259),
 .UNSPECIFIED.);
#48=B_SPLINE_CURVE_WITH_KNOTS('',3,(#5621,#5622,#5623,#5624),
 .UNSPECIFIED.,.F.,.F.,(4,4),(0.00278146132326195,0.00552337854458804),
 .UNSPECIFIED.);
#49=B_SPLINE_CURVE_WITH_KNOTS('',3,(#5661,#5662,#5663,#5664,#5665,#5666),
 .UNSPECIFIED.,.F.,.F.,(4,1,1,4),(4.9065389333868E-17,0.00369056397962357,
0.00553584596943532,0.00738112795924708),.UNSPECIFIED.);
#50=B_SPLINE_CURVE_WITH_KNOTS('',3,(#5715,#5716,#5717,#5718),
 .UNSPECIFIED.,.F.,.F.,(4,4),(0.,0.00923565551574159),.UNSPECIFIED.);
#51=B_SPLINE_CURVE_WITH_KNOTS('',3,(#5722,#5723,#5724,#5725),
 .UNSPECIFIED.,.F.,.F.,(4,4),(0.,0.0137090505782714),.UNSPECIFIED.);
#52=B_SPLINE_CURVE_WITH_KNOTS('',3,(#5727,#5728,#5729,#5730,#5731),
 .UNSPECIFIED.,.F.,.F.,(4,1,4),(0.0042921258338358,0.00841104883715819,
0.0125299718404806),.UNSPECIFIED.);
#53=B_SPLINE_CURVE_WITH_KNOTS('',3,(#5733,#5734,#5735,#5736,#5737,#5738,
#5739),.UNSPECIFIED.,.F.,.F.,(4,1,1,1,4),(-1.89029161640141E-5,0.00306468456886249,
0.006148272053889,0.00923185953891551,0.012315447023942),.UNSPECIFIED.);
#54=B_SPLINE_CURVE_WITH_KNOTS('',3,(#5752,#5753,#5754,#5755),
 .UNSPECIFIED.,.F.,.F.,(4,4),(0.,0.015784262125297),.UNSPECIFIED.);
#55=B_SPLINE_CURVE_WITH_KNOTS('',3,(#5766,#5767,#5768,#5769,#5770,#5771,
#5772),.UNSPECIFIED.,.F.,.F.,(4,1,1,1,4),(0.00010878630815659,0.00321408269123761,
0.00631937907431862,0.00942467545739964,0.0125299718404807),
 .UNSPECIFIED.);
#56=B_SPLINE_CURVE_WITH_KNOTS('',3,(#5776,#5777,#5778,#5779,#5780,#5781),
 .UNSPECIFIED.,.F.,.F.,(4,1,1,4),(-1.89029161640244E-5,0.00583555976317915,
0.00876279110285073,0.0116900224425223),.UNSPECIFIED.);
#57=B_SPLINE_CURVE_WITH_KNOTS('',3,(#5783,#5784,#5785,#5786),
 .UNSPECIFIED.,.F.,.F.,(4,4),(-0.0035401881282482,0.00419888486748787),
 .UNSPECIFIED.);
#58=B_SPLINE_CURVE_WITH_KNOTS('',3,(#5790,#5791,#5792,#5793),
 .UNSPECIFIED.,.F.,.F.,(4,4),(2.01830285612095E-7,0.00807281259907249),
 .UNSPECIFIED.);
#59=B_SPLINE_CURVE_WITH_KNOTS('',3,(#5794,#5795,#5796,#5797),
 .UNSPECIFIED.,.F.,.F.,(4,4),(1.99996200737738E-7,0.0021043931888232),
 .UNSPECIFIED.);
#60=B_SPLINE_CURVE_WITH_KNOTS('',3,(#5823,#5824,#5825,#5826,#5827),
 .UNSPECIFIED.,.F.,.F.,(4,1,4),(0.,0.00316589621425925,0.0063317924285185),
 .UNSPECIFIED.);
#61=B_SPLINE_CURVE_WITH_KNOTS('',3,(#5828,#5829,#5830,#5831,#5832),
 .UNSPECIFIED.,.F.,.F.,(4,1,4),(0.,0.00343889446040593,0.00687778892081185),
 .UNSPECIFIED.);
#62=B_SPLINE_CURVE_WITH_KNOTS('',3,(#5837,#5838,#5839,#5840),
 .UNSPECIFIED.,.F.,.F.,(4,4),(0.,0.00402240687986432),.UNSPECIFIED.);
#63=B_SPLINE_CURVE_WITH_KNOTS('',3,(#5870,#5871,#5872,#5873),
 .UNSPECIFIED.,.F.,.F.,(4,4),(0.,0.0153928904065877),.UNSPECIFIED.);
#64=B_SPLINE_CURVE_WITH_KNOTS('',3,(#5876,#5877,#5878,#5879),
 .UNSPECIFIED.,.F.,.F.,(4,4),(0.,0.0158247334360198),.UNSPECIFIED.);
#65=B_SPLINE_CURVE_WITH_KNOTS('',3,(#5897,#5898,#5899,#5900),
 .UNSPECIFIED.,.F.,.F.,(4,4),(0.,0.00329371466741363),.UNSPECIFIED.);
#66=B_SPLINE_CURVE_WITH_KNOTS('',3,(#6009,#6010,#6011,#6012),
 .UNSPECIFIED.,.F.,.F.,(4,4),(0.,0.00409253796145894),.UNSPECIFIED.);
#67=B_SPLINE_CURVE_WITH_KNOTS('',3,(#6070,#6071,#6072,#6073),
 .UNSPECIFIED.,.F.,.F.,(4,4),(0.,0.00805215877563533),.UNSPECIFIED.);
#68=B_SPLINE_CURVE_WITH_KNOTS('',3,(#6097,#6098,#6099,#6100),
 .UNSPECIFIED.,.F.,.F.,(4,4),(0.,0.00924430356620529),.UNSPECIFIED.);
#69=B_SPLINE_CURVE_WITH_KNOTS('',3,(#6106,#6107,#6108,#6109,#6110),
 .UNSPECIFIED.,.F.,.F.,(4,1,4),(0.,0.00394332429839093,0.00788664859678186),
 .UNSPECIFIED.);
#70=B_SPLINE_CURVE_WITH_KNOTS('',3,(#6111,#6112,#6113,#6114,#6115),
 .UNSPECIFIED.,.F.,.F.,(4,1,4),(0.,0.00394270101346862,0.00788540202693724),
 .UNSPECIFIED.);
#71=B_SPLINE_CURVE_WITH_KNOTS('',3,(#6117,#6118,#6119,#6120),
 .UNSPECIFIED.,.F.,.F.,(4,4),(0.,0.00805215695306881),.UNSPECIFIED.);
#72=B_SPLINE_CURVE_WITH_KNOTS('',3,(#6157,#6158,#6159,#6160),
 .UNSPECIFIED.,.F.,.F.,(4,4),(0.,0.00944021849244995),.UNSPECIFIED.);
#73=B_SPLINE_CURVE_WITH_KNOTS('',3,(#6172,#6173,#6174,#6175),
 .UNSPECIFIED.,.F.,.F.,(4,4),(0.,0.00976769144198848),.UNSPECIFIED.);
#74=B_SPLINE_CURVE_WITH_KNOTS('',3,(#6180,#6181,#6182,#6183),
 .UNSPECIFIED.,.F.,.F.,(4,4),(0.,0.00954751414547824),.UNSPECIFIED.);
#75=B_SPLINE_CURVE_WITH_KNOTS('',3,(#6185,#6186,#6187,#6188),
 .UNSPECIFIED.,.F.,.F.,(4,4),(0.,1.),.UNSPECIFIED.);
#76=B_SPLINE_CURVE_WITH_KNOTS('',3,(#6189,#6190,#6191,#6192),
 .UNSPECIFIED.,.F.,.F.,(4,4),(3.46944695195361E-18,0.0101597316991129),
 .UNSPECIFIED.);
#77=B_SPLINE_CURVE_WITH_KNOTS('',3,(#6196,#6197,#6198,#6199,#6200),
 .UNSPECIFIED.,.F.,.F.,(4,1,4),(0.,0.00194003905049742,0.00388007810099485),
 .UNSPECIFIED.);
#78=ELLIPSE('',#3622,0.0028284271247462,0.002);
#79=ELLIPSE('',#3625,0.0028284271247462,0.002);
#80=ELLIPSE('',#3645,0.270085634568001,0.0335);
#81=ELLIPSE('',#3672,0.00700098359547129,0.007);
#82=ELLIPSE('',#3673,0.00700016826720835,0.007);
#83=ELLIPSE('',#3730,0.0028284271247462,0.002);
#84=ELLIPSE('',#3761,0.0028284271247462,0.002);
#85=ELLIPSE('',#3763,0.0028284271247462,0.002);
#86=ELLIPSE('',#3765,0.00282912284240121,0.00200049194667165);
#87=ELLIPSE('',#3778,0.00700098359547129,0.007);
#88=ELLIPSE('',#3783,0.00700016826720835,0.007);
#89=ELLIPSE('',#3849,0.0015169744458425,0.00107266291754193);
#90=CIRCLE('',#3620,0.002);
#91=CIRCLE('',#3621,0.002);
#92=CIRCLE('',#3624,0.002);
#93=CIRCLE('',#3627,0.00135);
#94=CIRCLE('',#3629,0.00135);
#95=CIRCLE('',#3631,0.00135);
#96=CIRCLE('',#3634,0.00135);
#97=CIRCLE('',#3636,0.003);
#98=CIRCLE('',#3637,0.003);
#99=CIRCLE('',#3638,0.003);
#100=CIRCLE('',#3639,0.003);
#101=CIRCLE('',#3640,0.003);
#102=CIRCLE('',#3641,0.003);
#103=CIRCLE('',#3647,0.0335);
#104=CIRCLE('',#3648,0.0335);
#105=CIRCLE('',#3649,0.0335);
#106=CIRCLE('',#3651,0.0335);
#107=CIRCLE('',#3652,0.0204867723848459);
#108=CIRCLE('',#3653,0.00745625);
#109=CIRCLE('',#3654,0.0353992723848459);
#110=CIRCLE('',#3655,0.0023);
#111=CIRCLE('',#3657,0.003);
#112=CIRCLE('',#3658,0.003);
#113=CIRCLE('',#3660,0.003);
#114=CIRCLE('',#3661,0.003);
#115=CIRCLE('',#3663,0.007);
#116=CIRCLE('',#3664,0.189814333351345);
#117=CIRCLE('',#3665,0.0385);
#118=CIRCLE('',#3666,0.183814333351344);
#119=CIRCLE('',#3667,0.0269033376406174);
#120=CIRCLE('',#3668,0.0385);
#121=CIRCLE('',#3669,0.0209033376406174);
#122=CIRCLE('',#3670,0.007);
#123=CIRCLE('',#3671,0.00745625);
#124=CIRCLE('',#3674,0.00745625);
#125=CIRCLE('',#3675,0.0204867723848459);
#126=CIRCLE('',#3676,0.0335);
#127=CIRCLE('',#3677,0.007);
#128=CIRCLE('',#3678,0.038);
#129=CIRCLE('',#3679,0.007);
#130=CIRCLE('',#3680,0.002);
#131=CIRCLE('',#3681,0.002);
#132=CIRCLE('',#3682,0.002);
#133=CIRCLE('',#3683,0.00107266291754193);
#134=CIRCLE('',#3684,0.002);
#135=CIRCLE('',#3685,0.002);
#136=CIRCLE('',#3686,0.002);
#137=CIRCLE('',#3687,0.002);
#138=CIRCLE('',#3688,0.002);
#139=CIRCLE('',#3689,0.002);
#140=CIRCLE('',#3690,0.002);
#141=CIRCLE('',#3691,0.002);
#142=CIRCLE('',#3692,0.002);
#143=CIRCLE('',#3693,0.002);
#144=CIRCLE('',#3694,0.002);
#145=CIRCLE('',#3695,0.002);
#146=CIRCLE('',#3696,0.002);
#147=CIRCLE('',#3697,0.002);
#148=CIRCLE('',#3698,0.002);
#149=CIRCLE('',#3699,0.0023);
#150=CIRCLE('',#3700,0.0023);
#151=CIRCLE('',#3701,0.002);
#152=CIRCLE('',#3702,0.002);
#153=CIRCLE('',#3703,0.002);
#154=CIRCLE('',#3704,0.002);
#155=CIRCLE('',#3705,0.002);
#156=CIRCLE('',#3706,0.002);
#157=CIRCLE('',#3707,0.002);
#158=CIRCLE('',#3708,0.002);
#159=CIRCLE('',#3709,0.002);
#160=CIRCLE('',#3710,0.00200049194667165);
#161=CIRCLE('',#3711,0.002);
#162=CIRCLE('',#3712,0.002);
#163=CIRCLE('',#3713,0.002);
#164=CIRCLE('',#3714,0.002);
#165=CIRCLE('',#3719,0.004);
#166=CIRCLE('',#3720,0.004);
#167=CIRCLE('',#3722,0.004);
#168=CIRCLE('',#3723,0.004);
#169=CIRCLE('',#3732,0.0255777156879159);
#170=CIRCLE('',#3733,0.0419742723848462);
#171=CIRCLE('',#3734,0.002);
#172=CIRCLE('',#3735,0.002);
#173=CIRCLE('',#3736,0.002);
#174=CIRCLE('',#3737,0.002);
#175=CIRCLE('',#3738,0.002);
#176=CIRCLE('',#3739,0.002);
#177=CIRCLE('',#3740,0.002);
#178=CIRCLE('',#3741,0.002);
#179=CIRCLE('',#3742,0.002);
#180=CIRCLE('',#3743,0.002);
#181=CIRCLE('',#3744,0.002);
#182=CIRCLE('',#3745,0.002);
#183=CIRCLE('',#3746,0.002);
#184=CIRCLE('',#3747,0.002);
#185=CIRCLE('',#3748,0.002);
#186=CIRCLE('',#3749,0.002);
#187=CIRCLE('',#3750,0.002);
#188=CIRCLE('',#3751,0.002);
#189=CIRCLE('',#3752,0.002);
#190=CIRCLE('',#3753,0.002);
#191=CIRCLE('',#3754,0.002);
#192=CIRCLE('',#3755,0.002);
#193=CIRCLE('',#3756,0.002);
#194=CIRCLE('',#3757,0.002);
#195=CIRCLE('',#3758,0.002);
#196=CIRCLE('',#3759,0.002);
#197=CIRCLE('',#3767,0.0214867723848459);
#198=CIRCLE('',#3768,0.0224430223848459);
#199=CIRCLE('',#3770,0.0345901032987921);
#200=CIRCLE('',#3771,0.0329618847739701);
#201=CIRCLE('',#3772,0.00107266291754193);
#202=CIRCLE('',#3773,0.002);
#203=CIRCLE('',#3774,0.002);
#204=CIRCLE('',#3775,0.002);
#205=CIRCLE('',#3776,0.002);
#206=CIRCLE('',#3777,0.00200049194667165);
#207=CIRCLE('',#3779,0.0055);
#208=CIRCLE('',#3780,0.007);
#209=CIRCLE('',#3781,0.0209033376406174);
#210=CIRCLE('',#3782,0.0334430223848459);
#211=CIRCLE('',#3784,0.002);
#212=CIRCLE('',#3785,0.002);
#213=CIRCLE('',#3786,0.002);
#214=CIRCLE('',#3787,0.0269033376406174);
#215=CIRCLE('',#3788,0.183814333351344);
#216=CIRCLE('',#3789,0.0430745003729818);
#217=CIRCLE('',#3790,0.0015);
#218=CIRCLE('',#3791,0.0015);
#219=CIRCLE('',#3792,0.00125);
#220=CIRCLE('',#3793,0.007);
#221=CIRCLE('',#3794,0.189814333351345);
#222=CIRCLE('',#3797,0.0019);
#223=CIRCLE('',#3798,0.0019);
#224=CIRCLE('',#3800,0.00125);
#225=CIRCLE('',#3802,0.0015);
#226=CIRCLE('',#3807,0.0023);
#227=CIRCLE('',#3810,0.0015);
#228=CIRCLE('',#3813,0.0343992723848459);
#229=CIRCLE('',#3816,0.0023);
#230=CIRCLE('',#3818,0.0019);
#231=CIRCLE('',#3820,0.0023);
#232=CIRCLE('',#3822,0.0019);
#233=CIRCLE('',#3824,0.0019);
#234=CIRCLE('',#3827,0.0019);
#235=CIRCLE('',#3840,0.00125);
#236=CIRCLE('',#3841,0.00125);
#237=CIRCLE('',#3843,0.00125);
#238=CIRCLE('',#3844,0.00125);
#239=CIRCLE('',#3920,0.0335);
#240=CIRCLE('',#3922,0.0335);
#241=CIRCLE('',#3923,0.0209033376406174);
#242=CIRCLE('',#3924,0.0335);
#243=CIRCLE('',#3925,0.0269033376406174);
#244=CIRCLE('',#3926,0.0430745003729818);
#245=CIRCLE('',#3927,0.183814333351344);
#246=CIRCLE('',#3928,0.0335);
#247=CIRCLE('',#3929,0.189814333351345);
#248=CIRCLE('',#3930,0.007);
#249=CIRCLE('',#3931,0.038);
#250=CIRCLE('',#3932,0.007);
#251=CIRCLE('',#3941,0.004);
#252=CIRCLE('',#3949,0.00135);
#253=CIRCLE('',#3951,0.002);
#254=CIRCLE('',#3953,0.003);
#255=CYLINDRICAL_SURFACE('',#3619,0.002);
#256=CYLINDRICAL_SURFACE('',#3623,0.002);
#257=CYLINDRICAL_SURFACE('',#3635,0.003);
#258=CYLINDRICAL_SURFACE('',#3646,0.0335);
#259=CYLINDRICAL_SURFACE('',#3656,0.003);
#260=CYLINDRICAL_SURFACE('',#3659,0.003);
#261=CYLINDRICAL_SURFACE('',#3718,0.004);
#262=CYLINDRICAL_SURFACE('',#3721,0.004);
#263=CYLINDRICAL_SURFACE('',#3796,0.0019);
#264=CYLINDRICAL_SURFACE('',#3799,0.00125);
#265=CYLINDRICAL_SURFACE('',#3801,0.0015);
#266=CYLINDRICAL_SURFACE('',#3806,0.0023);
#267=CYLINDRICAL_SURFACE('',#3809,0.0015);
#268=CYLINDRICAL_SURFACE('',#3815,0.0023);
#269=CYLINDRICAL_SURFACE('',#3819,0.0023);
#270=CYLINDRICAL_SURFACE('',#3825,0.0019);
#271=CYLINDRICAL_SURFACE('',#3828,0.0019);
#272=CYLINDRICAL_SURFACE('',#3829,0.00893300260750679);
#273=CYLINDRICAL_SURFACE('',#3830,0.00893300260750681);
#274=CYLINDRICAL_SURFACE('',#3839,0.00125);
#275=CYLINDRICAL_SURFACE('',#3842,0.00125);
#276=CYLINDRICAL_SURFACE('',#3850,0.007);
#277=CYLINDRICAL_SURFACE('',#3851,0.007);
#278=CYLINDRICAL_SURFACE('',#3856,0.00107266291754193);
#279=CYLINDRICAL_SURFACE('',#3862,0.00200049194667165);
#280=CYLINDRICAL_SURFACE('',#3888,0.002);
#281=CYLINDRICAL_SURFACE('',#3889,0.002);
#282=CYLINDRICAL_SURFACE('',#3890,0.002);
#283=CYLINDRICAL_SURFACE('',#3891,0.002);
#284=CYLINDRICAL_SURFACE('',#3892,0.002);
#285=CYLINDRICAL_SURFACE('',#3893,0.002);
#286=CYLINDRICAL_SURFACE('',#3894,0.002);
#287=CYLINDRICAL_SURFACE('',#3895,0.002);
#288=CYLINDRICAL_SURFACE('',#3896,0.002);
#289=CYLINDRICAL_SURFACE('',#3897,0.002);
#290=CYLINDRICAL_SURFACE('',#3898,0.002);
#291=CYLINDRICAL_SURFACE('',#3899,0.002);
#292=CYLINDRICAL_SURFACE('',#3900,0.002);
#293=CYLINDRICAL_SURFACE('',#3901,0.002);
#294=CYLINDRICAL_SURFACE('',#3902,0.002);
#295=CYLINDRICAL_SURFACE('',#3903,0.002);
#296=CYLINDRICAL_SURFACE('',#3904,0.002);
#297=CYLINDRICAL_SURFACE('',#3905,0.002);
#298=CYLINDRICAL_SURFACE('',#3906,0.002);
#299=CYLINDRICAL_SURFACE('',#3907,0.002);
#300=CYLINDRICAL_SURFACE('',#3908,0.002);
#301=CYLINDRICAL_SURFACE('',#3909,0.002);
#302=CYLINDRICAL_SURFACE('',#3910,0.002);
#303=CYLINDRICAL_SURFACE('',#3911,0.002);
#304=CYLINDRICAL_SURFACE('',#3912,0.002);
#305=CYLINDRICAL_SURFACE('',#3913,0.002);
#306=CYLINDRICAL_SURFACE('',#3914,0.002);
#307=CYLINDRICAL_SURFACE('',#3915,0.002);
#308=CYLINDRICAL_SURFACE('',#3916,0.002);
#309=CYLINDRICAL_SURFACE('',#3917,0.002);
#310=CYLINDRICAL_SURFACE('',#3918,0.002);
#311=CYLINDRICAL_SURFACE('',#3919,0.0335);
#312=CYLINDRICAL_SURFACE('',#3933,0.0335);
#313=CYLINDRICAL_SURFACE('',#3934,0.038);
#314=CYLINDRICAL_SURFACE('',#3935,0.007);
#315=CYLINDRICAL_SURFACE('',#3936,0.007);
#316=CYLINDRICAL_SURFACE('',#3937,0.007);
#317=CYLINDRICAL_SURFACE('',#3938,0.007);
#318=CYLINDRICAL_SURFACE('',#3939,0.0269033376406174);
#319=CYLINDRICAL_SURFACE('',#3943,0.183814333351344);
#320=CYLINDRICAL_SURFACE('',#3944,0.0430745003729818);
#321=CYLINDRICAL_SURFACE('',#3945,0.0209033376406174);
#322=CYLINDRICAL_SURFACE('',#3946,0.189814333351345);
#323=CYLINDRICAL_SURFACE('',#3948,0.00135);
#324=ORIENTED_EDGE('',*,*,#1370,.T.);
#325=ORIENTED_EDGE('',*,*,#1371,.T.);
#326=ORIENTED_EDGE('',*,*,#1372,.T.);
#327=ORIENTED_EDGE('',*,*,#1373,.T.);
#328=ORIENTED_EDGE('',*,*,#1374,.F.);
#329=ORIENTED_EDGE('',*,*,#1375,.F.);
#330=ORIENTED_EDGE('',*,*,#1376,.F.);
#331=ORIENTED_EDGE('',*,*,#1377,.F.);
#332=ORIENTED_EDGE('',*,*,#1378,.F.);
#333=ORIENTED_EDGE('',*,*,#1379,.F.);
#334=ORIENTED_EDGE('',*,*,#1380,.F.);
#335=ORIENTED_EDGE('',*,*,#1370,.F.);
#336=ORIENTED_EDGE('',*,*,#1381,.F.);
#337=ORIENTED_EDGE('',*,*,#1382,.F.);
#338=ORIENTED_EDGE('',*,*,#1383,.F.);
#339=ORIENTED_EDGE('',*,*,#1384,.T.);
#340=ORIENTED_EDGE('',*,*,#1385,.T.);
#341=ORIENTED_EDGE('',*,*,#1386,.F.);
#342=ORIENTED_EDGE('',*,*,#1387,.F.);
#343=ORIENTED_EDGE('',*,*,#1388,.T.);
#344=ORIENTED_EDGE('',*,*,#1389,.F.);
#345=ORIENTED_EDGE('',*,*,#1390,.T.);
#346=ORIENTED_EDGE('',*,*,#1391,.T.);
#347=ORIENTED_EDGE('',*,*,#1392,.T.);
#348=ORIENTED_EDGE('',*,*,#1393,.T.);
#349=ORIENTED_EDGE('',*,*,#1394,.T.);
#350=ORIENTED_EDGE('',*,*,#1383,.T.);
#351=ORIENTED_EDGE('',*,*,#1387,.T.);
#352=ORIENTED_EDGE('',*,*,#1395,.F.);
#353=ORIENTED_EDGE('',*,*,#1396,.T.);
#354=ORIENTED_EDGE('',*,*,#1397,.F.);
#355=ORIENTED_EDGE('',*,*,#1398,.F.);
#356=ORIENTED_EDGE('',*,*,#1399,.T.);
#357=ORIENTED_EDGE('',*,*,#1400,.T.);
#358=ORIENTED_EDGE('',*,*,#1401,.T.);
#359=ORIENTED_EDGE('',*,*,#1402,.T.);
#360=ORIENTED_EDGE('',*,*,#1403,.T.);
#361=ORIENTED_EDGE('',*,*,#1404,.F.);
#362=ORIENTED_EDGE('',*,*,#1405,.T.);
#363=ORIENTED_EDGE('',*,*,#1406,.T.);
#364=ORIENTED_EDGE('',*,*,#1392,.F.);
#365=ORIENTED_EDGE('',*,*,#1407,.T.);
#366=ORIENTED_EDGE('',*,*,#1397,.T.);
#367=ORIENTED_EDGE('',*,*,#1408,.T.);
#368=ORIENTED_EDGE('',*,*,#1409,.F.);
#369=ORIENTED_EDGE('',*,*,#1410,.T.);
#370=ORIENTED_EDGE('',*,*,#1411,.F.);
#371=ORIENTED_EDGE('',*,*,#1412,.F.);
#372=ORIENTED_EDGE('',*,*,#1413,.T.);
#373=ORIENTED_EDGE('',*,*,#1414,.T.);
#374=ORIENTED_EDGE('',*,*,#1403,.F.);
#375=ORIENTED_EDGE('',*,*,#1415,.F.);
#376=ORIENTED_EDGE('',*,*,#1402,.F.);
#377=ORIENTED_EDGE('',*,*,#1416,.T.);
#378=ORIENTED_EDGE('',*,*,#1417,.F.);
#379=ORIENTED_EDGE('',*,*,#1418,.F.);
#380=ORIENTED_EDGE('',*,*,#1419,.F.);
#381=ORIENTED_EDGE('',*,*,#1420,.T.);
#382=ORIENTED_EDGE('',*,*,#1421,.F.);
#383=ORIENTED_EDGE('',*,*,#1422,.T.);
#384=ORIENTED_EDGE('',*,*,#1423,.T.);
#385=ORIENTED_EDGE('',*,*,#1424,.F.);
#386=ORIENTED_EDGE('',*,*,#1425,.T.);
#387=ORIENTED_EDGE('',*,*,#1426,.F.);
#388=ORIENTED_EDGE('',*,*,#1427,.F.);
#389=ORIENTED_EDGE('',*,*,#1428,.F.);
#390=ORIENTED_EDGE('',*,*,#1429,.F.);
#391=ORIENTED_EDGE('',*,*,#1430,.F.);
#392=ORIENTED_EDGE('',*,*,#1431,.F.);
#393=ORIENTED_EDGE('',*,*,#1432,.T.);
#394=ORIENTED_EDGE('',*,*,#1433,.T.);
#395=ORIENTED_EDGE('',*,*,#1434,.T.);
#396=ORIENTED_EDGE('',*,*,#1435,.F.);
#397=ORIENTED_EDGE('',*,*,#1421,.T.);
#398=ORIENTED_EDGE('',*,*,#1436,.F.);
#399=ORIENTED_EDGE('',*,*,#1437,.T.);
#400=ORIENTED_EDGE('',*,*,#1438,.T.);
#401=ORIENTED_EDGE('',*,*,#1439,.T.);
#402=ORIENTED_EDGE('',*,*,#1440,.T.);
#403=ORIENTED_EDGE('',*,*,#1441,.F.);
#404=ORIENTED_EDGE('',*,*,#1442,.F.);
#405=ORIENTED_EDGE('',*,*,#1443,.T.);
#406=ORIENTED_EDGE('',*,*,#1444,.F.);
#407=ORIENTED_EDGE('',*,*,#1445,.T.);
#408=ORIENTED_EDGE('',*,*,#1446,.F.);
#409=ORIENTED_EDGE('',*,*,#1417,.T.);
#410=ORIENTED_EDGE('',*,*,#1447,.T.);
#411=ORIENTED_EDGE('',*,*,#1448,.T.);
#412=ORIENTED_EDGE('',*,*,#1449,.T.);
#413=ORIENTED_EDGE('',*,*,#1450,.F.);
#414=ORIENTED_EDGE('',*,*,#1451,.T.);
#415=ORIENTED_EDGE('',*,*,#1452,.T.);
#416=ORIENTED_EDGE('',*,*,#1453,.F.);
#417=ORIENTED_EDGE('',*,*,#1454,.T.);
#418=ORIENTED_EDGE('',*,*,#1455,.T.);
#419=ORIENTED_EDGE('',*,*,#1456,.T.);
#420=ORIENTED_EDGE('',*,*,#1457,.T.);
#421=ORIENTED_EDGE('',*,*,#1430,.T.);
#422=ORIENTED_EDGE('',*,*,#1458,.T.);
#423=ORIENTED_EDGE('',*,*,#1459,.T.);
#424=ORIENTED_EDGE('',*,*,#1460,.F.);
#425=ORIENTED_EDGE('',*,*,#1461,.T.);
#426=ORIENTED_EDGE('',*,*,#1462,.F.);
#427=ORIENTED_EDGE('',*,*,#1463,.T.);
#428=ORIENTED_EDGE('',*,*,#1464,.T.);
#429=ORIENTED_EDGE('',*,*,#1465,.T.);
#430=ORIENTED_EDGE('',*,*,#1466,.T.);
#431=ORIENTED_EDGE('',*,*,#1467,.T.);
#432=ORIENTED_EDGE('',*,*,#1468,.T.);
#433=ORIENTED_EDGE('',*,*,#1469,.F.);
#434=ORIENTED_EDGE('',*,*,#1470,.T.);
#435=ORIENTED_EDGE('',*,*,#1471,.T.);
#436=ORIENTED_EDGE('',*,*,#1472,.T.);
#437=ORIENTED_EDGE('',*,*,#1433,.F.);
#438=ORIENTED_EDGE('',*,*,#1473,.F.);
#439=ORIENTED_EDGE('',*,*,#1474,.T.);
#440=ORIENTED_EDGE('',*,*,#1475,.T.);
#441=ORIENTED_EDGE('',*,*,#1476,.T.);
#442=ORIENTED_EDGE('',*,*,#1477,.T.);
#443=ORIENTED_EDGE('',*,*,#1478,.T.);
#444=ORIENTED_EDGE('',*,*,#1479,.F.);
#445=ORIENTED_EDGE('',*,*,#1480,.F.);
#446=ORIENTED_EDGE('',*,*,#1481,.F.);
#447=ORIENTED_EDGE('',*,*,#1482,.T.);
#448=ORIENTED_EDGE('',*,*,#1483,.T.);
#449=ORIENTED_EDGE('',*,*,#1484,.T.);
#450=ORIENTED_EDGE('',*,*,#1485,.T.);
#451=ORIENTED_EDGE('',*,*,#1486,.T.);
#452=ORIENTED_EDGE('',*,*,#1487,.F.);
#453=ORIENTED_EDGE('',*,*,#1377,.T.);
#454=ORIENTED_EDGE('',*,*,#1488,.F.);
#455=ORIENTED_EDGE('',*,*,#1489,.T.);
#456=ORIENTED_EDGE('',*,*,#1490,.T.);
#457=ORIENTED_EDGE('',*,*,#1491,.T.);
#458=ORIENTED_EDGE('',*,*,#1492,.F.);
#459=ORIENTED_EDGE('',*,*,#1493,.T.);
#460=ORIENTED_EDGE('',*,*,#1494,.T.);
#461=ORIENTED_EDGE('',*,*,#1495,.T.);
#462=ORIENTED_EDGE('',*,*,#1496,.F.);
#463=ORIENTED_EDGE('',*,*,#1497,.T.);
#464=ORIENTED_EDGE('',*,*,#1498,.F.);
#465=ORIENTED_EDGE('',*,*,#1499,.T.);
#466=ORIENTED_EDGE('',*,*,#1500,.F.);
#467=ORIENTED_EDGE('',*,*,#1501,.T.);
#468=ORIENTED_EDGE('',*,*,#1502,.F.);
#469=ORIENTED_EDGE('',*,*,#1503,.T.);
#470=ORIENTED_EDGE('',*,*,#1504,.T.);
#471=ORIENTED_EDGE('',*,*,#1505,.T.);
#472=ORIENTED_EDGE('',*,*,#1506,.F.);
#473=ORIENTED_EDGE('',*,*,#1507,.T.);
#474=ORIENTED_EDGE('',*,*,#1508,.F.);
#475=ORIENTED_EDGE('',*,*,#1509,.T.);
#476=ORIENTED_EDGE('',*,*,#1510,.F.);
#477=ORIENTED_EDGE('',*,*,#1511,.T.);
#478=ORIENTED_EDGE('',*,*,#1512,.F.);
#479=ORIENTED_EDGE('',*,*,#1513,.F.);
#480=ORIENTED_EDGE('',*,*,#1514,.F.);
#481=ORIENTED_EDGE('',*,*,#1515,.T.);
#482=ORIENTED_EDGE('',*,*,#1516,.F.);
#483=ORIENTED_EDGE('',*,*,#1517,.T.);
#484=ORIENTED_EDGE('',*,*,#1518,.F.);
#485=ORIENTED_EDGE('',*,*,#1519,.T.);
#486=ORIENTED_EDGE('',*,*,#1520,.F.);
#487=ORIENTED_EDGE('',*,*,#1521,.T.);
#488=ORIENTED_EDGE('',*,*,#1522,.T.);
#489=ORIENTED_EDGE('',*,*,#1523,.T.);
#490=ORIENTED_EDGE('',*,*,#1524,.F.);
#491=ORIENTED_EDGE('',*,*,#1525,.T.);
#492=ORIENTED_EDGE('',*,*,#1526,.F.);
#493=ORIENTED_EDGE('',*,*,#1527,.T.);
#494=ORIENTED_EDGE('',*,*,#1528,.F.);
#495=ORIENTED_EDGE('',*,*,#1529,.T.);
#496=ORIENTED_EDGE('',*,*,#1530,.F.);
#497=ORIENTED_EDGE('',*,*,#1531,.T.);
#498=ORIENTED_EDGE('',*,*,#1532,.F.);
#499=ORIENTED_EDGE('',*,*,#1533,.F.);
#500=ORIENTED_EDGE('',*,*,#1534,.F.);
#501=ORIENTED_EDGE('',*,*,#1535,.T.);
#502=ORIENTED_EDGE('',*,*,#1536,.T.);
#503=ORIENTED_EDGE('',*,*,#1537,.T.);
#504=ORIENTED_EDGE('',*,*,#1538,.T.);
#505=ORIENTED_EDGE('',*,*,#1539,.T.);
#506=ORIENTED_EDGE('',*,*,#1540,.F.);
#507=ORIENTED_EDGE('',*,*,#1541,.T.);
#508=ORIENTED_EDGE('',*,*,#1542,.F.);
#509=ORIENTED_EDGE('',*,*,#1543,.T.);
#510=ORIENTED_EDGE('',*,*,#1544,.F.);
#511=ORIENTED_EDGE('',*,*,#1545,.F.);
#512=ORIENTED_EDGE('',*,*,#1546,.F.);
#513=ORIENTED_EDGE('',*,*,#1547,.T.);
#514=ORIENTED_EDGE('',*,*,#1548,.T.);
#515=ORIENTED_EDGE('',*,*,#1549,.F.);
#516=ORIENTED_EDGE('',*,*,#1550,.F.);
#517=ORIENTED_EDGE('',*,*,#1551,.T.);
#518=ORIENTED_EDGE('',*,*,#1552,.T.);
#519=ORIENTED_EDGE('',*,*,#1553,.F.);
#520=ORIENTED_EDGE('',*,*,#1554,.T.);
#521=ORIENTED_EDGE('',*,*,#1555,.T.);
#522=ORIENTED_EDGE('',*,*,#1556,.T.);
#523=ORIENTED_EDGE('',*,*,#1557,.T.);
#524=ORIENTED_EDGE('',*,*,#1558,.F.);
#525=ORIENTED_EDGE('',*,*,#1559,.F.);
#526=ORIENTED_EDGE('',*,*,#1560,.T.);
#527=ORIENTED_EDGE('',*,*,#1552,.F.);
#528=ORIENTED_EDGE('',*,*,#1561,.T.);
#529=ORIENTED_EDGE('',*,*,#1562,.F.);
#530=ORIENTED_EDGE('',*,*,#1563,.F.);
#531=ORIENTED_EDGE('',*,*,#1564,.T.);
#532=ORIENTED_EDGE('',*,*,#1565,.T.);
#533=ORIENTED_EDGE('',*,*,#1566,.F.);
#534=ORIENTED_EDGE('',*,*,#1567,.T.);
#535=ORIENTED_EDGE('',*,*,#1568,.T.);
#536=ORIENTED_EDGE('',*,*,#1569,.T.);
#537=ORIENTED_EDGE('',*,*,#1570,.T.);
#538=ORIENTED_EDGE('',*,*,#1571,.F.);
#539=ORIENTED_EDGE('',*,*,#1572,.T.);
#540=ORIENTED_EDGE('',*,*,#1573,.T.);
#541=ORIENTED_EDGE('',*,*,#1574,.F.);
#542=ORIENTED_EDGE('',*,*,#1575,.T.);
#543=ORIENTED_EDGE('',*,*,#1576,.F.);
#544=ORIENTED_EDGE('',*,*,#1556,.F.);
#545=ORIENTED_EDGE('',*,*,#1577,.F.);
#546=ORIENTED_EDGE('',*,*,#1545,.T.);
#547=ORIENTED_EDGE('',*,*,#1578,.F.);
#548=ORIENTED_EDGE('',*,*,#1579,.F.);
#549=ORIENTED_EDGE('',*,*,#1580,.F.);
#550=ORIENTED_EDGE('',*,*,#1581,.T.);
#551=ORIENTED_EDGE('',*,*,#1546,.T.);
#552=ORIENTED_EDGE('',*,*,#1582,.F.);
#553=ORIENTED_EDGE('',*,*,#1583,.F.);
#554=ORIENTED_EDGE('',*,*,#1584,.T.);
#555=ORIENTED_EDGE('',*,*,#1550,.T.);
#556=ORIENTED_EDGE('',*,*,#1585,.F.);
#557=ORIENTED_EDGE('',*,*,#1586,.F.);
#558=ORIENTED_EDGE('',*,*,#1587,.T.);
#559=ORIENTED_EDGE('',*,*,#1588,.T.);
#560=ORIENTED_EDGE('',*,*,#1589,.F.);
#561=ORIENTED_EDGE('',*,*,#1590,.T.);
#562=ORIENTED_EDGE('',*,*,#1591,.T.);
#563=ORIENTED_EDGE('',*,*,#1592,.T.);
#564=ORIENTED_EDGE('',*,*,#1593,.F.);
#565=ORIENTED_EDGE('',*,*,#1579,.T.);
#566=ORIENTED_EDGE('',*,*,#1594,.F.);
#567=ORIENTED_EDGE('',*,*,#1595,.T.);
#568=ORIENTED_EDGE('',*,*,#1596,.T.);
#569=ORIENTED_EDGE('',*,*,#1580,.T.);
#570=ORIENTED_EDGE('',*,*,#1597,.F.);
#571=ORIENTED_EDGE('',*,*,#1598,.T.);
#572=ORIENTED_EDGE('',*,*,#1599,.F.);
#573=ORIENTED_EDGE('',*,*,#1600,.T.);
#574=ORIENTED_EDGE('',*,*,#1601,.F.);
#575=ORIENTED_EDGE('',*,*,#1586,.T.);
#576=ORIENTED_EDGE('',*,*,#1602,.F.);
#577=ORIENTED_EDGE('',*,*,#1603,.F.);
#578=ORIENTED_EDGE('',*,*,#1604,.F.);
#579=ORIENTED_EDGE('',*,*,#1605,.T.);
#580=ORIENTED_EDGE('',*,*,#1606,.F.);
#581=ORIENTED_EDGE('',*,*,#1607,.T.);
#582=ORIENTED_EDGE('',*,*,#1608,.F.);
#583=ORIENTED_EDGE('',*,*,#1609,.F.);
#584=ORIENTED_EDGE('',*,*,#1610,.T.);
#585=ORIENTED_EDGE('',*,*,#1611,.T.);
#586=ORIENTED_EDGE('',*,*,#1612,.T.);
#587=ORIENTED_EDGE('',*,*,#1613,.F.);
#588=ORIENTED_EDGE('',*,*,#1614,.T.);
#589=ORIENTED_EDGE('',*,*,#1615,.F.);
#590=ORIENTED_EDGE('',*,*,#1616,.T.);
#591=ORIENTED_EDGE('',*,*,#1617,.T.);
#592=ORIENTED_EDGE('',*,*,#1618,.T.);
#593=ORIENTED_EDGE('',*,*,#1619,.T.);
#594=ORIENTED_EDGE('',*,*,#1620,.F.);
#595=ORIENTED_EDGE('',*,*,#1621,.F.);
#596=ORIENTED_EDGE('',*,*,#1622,.T.);
#597=ORIENTED_EDGE('',*,*,#1623,.F.);
#598=ORIENTED_EDGE('',*,*,#1624,.T.);
#599=ORIENTED_EDGE('',*,*,#1625,.F.);
#600=ORIENTED_EDGE('',*,*,#1626,.T.);
#601=ORIENTED_EDGE('',*,*,#1627,.F.);
#602=ORIENTED_EDGE('',*,*,#1628,.T.);
#603=ORIENTED_EDGE('',*,*,#1629,.F.);
#604=ORIENTED_EDGE('',*,*,#1630,.T.);
#605=ORIENTED_EDGE('',*,*,#1631,.T.);
#606=ORIENTED_EDGE('',*,*,#1632,.T.);
#607=ORIENTED_EDGE('',*,*,#1633,.F.);
#608=ORIENTED_EDGE('',*,*,#1634,.T.);
#609=ORIENTED_EDGE('',*,*,#1635,.F.);
#610=ORIENTED_EDGE('',*,*,#1636,.T.);
#611=ORIENTED_EDGE('',*,*,#1637,.F.);
#612=ORIENTED_EDGE('',*,*,#1638,.T.);
#613=ORIENTED_EDGE('',*,*,#1639,.T.);
#614=ORIENTED_EDGE('',*,*,#1640,.T.);
#615=ORIENTED_EDGE('',*,*,#1641,.T.);
#616=ORIENTED_EDGE('',*,*,#1642,.T.);
#617=ORIENTED_EDGE('',*,*,#1643,.F.);
#618=ORIENTED_EDGE('',*,*,#1644,.T.);
#619=ORIENTED_EDGE('',*,*,#1645,.T.);
#620=ORIENTED_EDGE('',*,*,#1646,.T.);
#621=ORIENTED_EDGE('',*,*,#1647,.T.);
#622=ORIENTED_EDGE('',*,*,#1648,.T.);
#623=ORIENTED_EDGE('',*,*,#1649,.F.);
#624=ORIENTED_EDGE('',*,*,#1650,.T.);
#625=ORIENTED_EDGE('',*,*,#1651,.F.);
#626=ORIENTED_EDGE('',*,*,#1569,.F.);
#627=ORIENTED_EDGE('',*,*,#1652,.T.);
#628=ORIENTED_EDGE('',*,*,#1609,.T.);
#629=ORIENTED_EDGE('',*,*,#1573,.F.);
#630=ORIENTED_EDGE('',*,*,#1653,.T.);
#631=ORIENTED_EDGE('',*,*,#1615,.T.);
#632=ORIENTED_EDGE('',*,*,#1654,.T.);
#633=ORIENTED_EDGE('',*,*,#1655,.F.);
#634=ORIENTED_EDGE('',*,*,#1656,.F.);
#635=ORIENTED_EDGE('',*,*,#1603,.T.);
#636=ORIENTED_EDGE('',*,*,#1657,.F.);
#637=ORIENTED_EDGE('',*,*,#1575,.F.);
#638=ORIENTED_EDGE('',*,*,#1438,.F.);
#639=ORIENTED_EDGE('',*,*,#1658,.T.);
#640=ORIENTED_EDGE('',*,*,#1659,.T.);
#641=ORIENTED_EDGE('',*,*,#1660,.T.);
#642=ORIENTED_EDGE('',*,*,#1467,.F.);
#643=ORIENTED_EDGE('',*,*,#1661,.F.);
#644=ORIENTED_EDGE('',*,*,#1662,.T.);
#645=ORIENTED_EDGE('',*,*,#1663,.F.);
#646=ORIENTED_EDGE('',*,*,#1664,.F.);
#647=ORIENTED_EDGE('',*,*,#1665,.F.);
#648=ORIENTED_EDGE('',*,*,#1666,.T.);
#649=ORIENTED_EDGE('',*,*,#1543,.F.);
#650=ORIENTED_EDGE('',*,*,#1667,.T.);
#651=ORIENTED_EDGE('',*,*,#1375,.T.);
#652=ORIENTED_EDGE('',*,*,#1668,.T.);
#653=ORIENTED_EDGE('',*,*,#1669,.T.);
#654=ORIENTED_EDGE('',*,*,#1670,.T.);
#655=ORIENTED_EDGE('',*,*,#1671,.T.);
#656=ORIENTED_EDGE('',*,*,#1371,.F.);
#657=ORIENTED_EDGE('',*,*,#1380,.T.);
#658=ORIENTED_EDGE('',*,*,#1672,.T.);
#659=ORIENTED_EDGE('',*,*,#1673,.T.);
#660=ORIENTED_EDGE('',*,*,#1674,.T.);
#661=ORIENTED_EDGE('',*,*,#1675,.F.);
#662=ORIENTED_EDGE('',*,*,#1571,.T.);
#663=ORIENTED_EDGE('',*,*,#1676,.T.);
#664=ORIENTED_EDGE('',*,*,#1677,.T.);
#665=ORIENTED_EDGE('',*,*,#1678,.T.);
#666=ORIENTED_EDGE('',*,*,#1567,.F.);
#667=ORIENTED_EDGE('',*,*,#1679,.T.);
#668=ORIENTED_EDGE('',*,*,#1680,.T.);
#669=ORIENTED_EDGE('',*,*,#1681,.T.);
#670=ORIENTED_EDGE('',*,*,#1682,.T.);
#671=ORIENTED_EDGE('',*,*,#1554,.F.);
#672=ORIENTED_EDGE('',*,*,#1683,.T.);
#673=ORIENTED_EDGE('',*,*,#1684,.T.);
#674=ORIENTED_EDGE('',*,*,#1685,.T.);
#675=ORIENTED_EDGE('',*,*,#1686,.T.);
#676=ORIENTED_EDGE('',*,*,#1428,.T.);
#677=ORIENTED_EDGE('',*,*,#1687,.T.);
#678=ORIENTED_EDGE('',*,*,#1688,.T.);
#679=ORIENTED_EDGE('',*,*,#1689,.T.);
#680=ORIENTED_EDGE('',*,*,#1690,.T.);
#681=ORIENTED_EDGE('',*,*,#1691,.F.);
#682=ORIENTED_EDGE('',*,*,#1692,.T.);
#683=ORIENTED_EDGE('',*,*,#1693,.T.);
#684=ORIENTED_EDGE('',*,*,#1694,.T.);
#685=ORIENTED_EDGE('',*,*,#1663,.T.);
#686=ORIENTED_EDGE('',*,*,#1695,.F.);
#687=ORIENTED_EDGE('',*,*,#1696,.T.);
#688=ORIENTED_EDGE('',*,*,#1697,.T.);
#689=ORIENTED_EDGE('',*,*,#1562,.T.);
#690=ORIENTED_EDGE('',*,*,#1698,.T.);
#691=ORIENTED_EDGE('',*,*,#1699,.T.);
#692=ORIENTED_EDGE('',*,*,#1548,.F.);
#693=ORIENTED_EDGE('',*,*,#1700,.F.);
#694=ORIENTED_EDGE('',*,*,#1701,.T.);
#695=ORIENTED_EDGE('',*,*,#1702,.T.);
#696=ORIENTED_EDGE('',*,*,#1703,.T.);
#697=ORIENTED_EDGE('',*,*,#1704,.T.);
#698=ORIENTED_EDGE('',*,*,#1705,.F.);
#699=ORIENTED_EDGE('',*,*,#1706,.F.);
#700=ORIENTED_EDGE('',*,*,#1707,.F.);
#701=ORIENTED_EDGE('',*,*,#1708,.F.);
#702=ORIENTED_EDGE('',*,*,#1709,.T.);
#703=ORIENTED_EDGE('',*,*,#1710,.T.);
#704=ORIENTED_EDGE('',*,*,#1711,.F.);
#705=ORIENTED_EDGE('',*,*,#1424,.T.);
#706=ORIENTED_EDGE('',*,*,#1712,.T.);
#707=ORIENTED_EDGE('',*,*,#1713,.T.);
#708=ORIENTED_EDGE('',*,*,#1466,.F.);
#709=ORIENTED_EDGE('',*,*,#1714,.T.);
#710=ORIENTED_EDGE('',*,*,#1715,.T.);
#711=ORIENTED_EDGE('',*,*,#1716,.T.);
#712=ORIENTED_EDGE('',*,*,#1661,.T.);
#713=ORIENTED_EDGE('',*,*,#1717,.F.);
#714=ORIENTED_EDGE('',*,*,#1718,.T.);
#715=ORIENTED_EDGE('',*,*,#1709,.F.);
#716=ORIENTED_EDGE('',*,*,#1719,.F.);
#717=ORIENTED_EDGE('',*,*,#1708,.T.);
#718=ORIENTED_EDGE('',*,*,#1720,.T.);
#719=ORIENTED_EDGE('',*,*,#1686,.F.);
#720=ORIENTED_EDGE('',*,*,#1721,.T.);
#721=ORIENTED_EDGE('',*,*,#1458,.F.);
#722=ORIENTED_EDGE('',*,*,#1429,.T.);
#723=ORIENTED_EDGE('',*,*,#1442,.T.);
#724=ORIENTED_EDGE('',*,*,#1720,.F.);
#725=ORIENTED_EDGE('',*,*,#1719,.T.);
#726=ORIENTED_EDGE('',*,*,#1717,.T.);
#727=ORIENTED_EDGE('',*,*,#1722,.F.);
#728=ORIENTED_EDGE('',*,*,#1512,.T.);
#729=ORIENTED_EDGE('',*,*,#1718,.F.);
#730=ORIENTED_EDGE('',*,*,#1722,.T.);
#731=ORIENTED_EDGE('',*,*,#1707,.T.);
#732=ORIENTED_EDGE('',*,*,#1723,.T.);
#733=ORIENTED_EDGE('',*,*,#1724,.F.);
#734=ORIENTED_EDGE('',*,*,#1725,.F.);
#735=ORIENTED_EDGE('',*,*,#1439,.F.);
#736=ORIENTED_EDGE('',*,*,#1665,.T.);
#737=ORIENTED_EDGE('',*,*,#1726,.F.);
#738=ORIENTED_EDGE('',*,*,#1693,.F.);
#739=ORIENTED_EDGE('',*,*,#1727,.T.);
#740=ORIENTED_EDGE('',*,*,#1728,.F.);
#741=ORIENTED_EDGE('',*,*,#1729,.F.);
#742=ORIENTED_EDGE('',*,*,#1440,.F.);
#743=ORIENTED_EDGE('',*,*,#1725,.T.);
#744=ORIENTED_EDGE('',*,*,#1730,.F.);
#745=ORIENTED_EDGE('',*,*,#1723,.F.);
#746=ORIENTED_EDGE('',*,*,#1444,.T.);
#747=ORIENTED_EDGE('',*,*,#1731,.F.);
#748=ORIENTED_EDGE('',*,*,#1513,.T.);
#749=ORIENTED_EDGE('',*,*,#1732,.F.);
#750=ORIENTED_EDGE('',*,*,#1731,.T.);
#751=ORIENTED_EDGE('',*,*,#1733,.F.);
#752=ORIENTED_EDGE('',*,*,#1441,.T.);
#753=ORIENTED_EDGE('',*,*,#1734,.F.);
#754=ORIENTED_EDGE('',*,*,#1733,.T.);
#755=ORIENTED_EDGE('',*,*,#1735,.T.);
#756=ORIENTED_EDGE('',*,*,#1735,.F.);
#757=ORIENTED_EDGE('',*,*,#1732,.T.);
#758=ORIENTED_EDGE('',*,*,#1736,.T.);
#759=ORIENTED_EDGE('',*,*,#1736,.F.);
#760=ORIENTED_EDGE('',*,*,#1734,.T.);
#761=ORIENTED_EDGE('',*,*,#1737,.F.);
#762=ORIENTED_EDGE('',*,*,#1738,.T.);
#763=ORIENTED_EDGE('',*,*,#1695,.T.);
#764=ORIENTED_EDGE('',*,*,#1662,.F.);
#765=ORIENTED_EDGE('',*,*,#1716,.F.);
#766=ORIENTED_EDGE('',*,*,#1715,.F.);
#767=ORIENTED_EDGE('',*,*,#1739,.T.);
#768=ORIENTED_EDGE('',*,*,#1664,.T.);
#769=ORIENTED_EDGE('',*,*,#1694,.F.);
#770=ORIENTED_EDGE('',*,*,#1730,.T.);
#771=ORIENTED_EDGE('',*,*,#1724,.T.);
#772=ORIENTED_EDGE('',*,*,#1726,.T.);
#773=ORIENTED_EDGE('',*,*,#1668,.F.);
#774=ORIENTED_EDGE('',*,*,#1374,.T.);
#775=ORIENTED_EDGE('',*,*,#1740,.F.);
#776=ORIENTED_EDGE('',*,*,#1741,.T.);
#777=ORIENTED_EDGE('',*,*,#1742,.T.);
#778=ORIENTED_EDGE('',*,*,#1743,.F.);
#779=ORIENTED_EDGE('',*,*,#1744,.F.);
#780=ORIENTED_EDGE('',*,*,#1558,.T.);
#781=ORIENTED_EDGE('',*,*,#1745,.T.);
#782=ORIENTED_EDGE('',*,*,#1746,.F.);
#783=ORIENTED_EDGE('',*,*,#1747,.F.);
#784=ORIENTED_EDGE('',*,*,#1743,.T.);
#785=ORIENTED_EDGE('',*,*,#1748,.T.);
#786=ORIENTED_EDGE('',*,*,#1749,.F.);
#787=ORIENTED_EDGE('',*,*,#1750,.F.);
#788=ORIENTED_EDGE('',*,*,#1746,.T.);
#789=ORIENTED_EDGE('',*,*,#1751,.F.);
#790=ORIENTED_EDGE('',*,*,#1752,.F.);
#791=ORIENTED_EDGE('',*,*,#1753,.T.);
#792=ORIENTED_EDGE('',*,*,#1749,.T.);
#793=ORIENTED_EDGE('',*,*,#1754,.F.);
#794=ORIENTED_EDGE('',*,*,#1564,.F.);
#795=ORIENTED_EDGE('',*,*,#1755,.T.);
#796=ORIENTED_EDGE('',*,*,#1752,.T.);
#797=ORIENTED_EDGE('',*,*,#1464,.F.);
#798=ORIENTED_EDGE('',*,*,#1756,.T.);
#799=ORIENTED_EDGE('',*,*,#1737,.T.);
#800=ORIENTED_EDGE('',*,*,#1757,.T.);
#801=ORIENTED_EDGE('',*,*,#1684,.F.);
#802=ORIENTED_EDGE('',*,*,#1758,.T.);
#803=ORIENTED_EDGE('',*,*,#1460,.T.);
#804=ORIENTED_EDGE('',*,*,#1759,.T.);
#805=ORIENTED_EDGE('',*,*,#1760,.T.);
#806=ORIENTED_EDGE('',*,*,#1761,.F.);
#807=ORIENTED_EDGE('',*,*,#1762,.T.);
#808=ORIENTED_EDGE('',*,*,#1763,.F.);
#809=ORIENTED_EDGE('',*,*,#1462,.T.);
#810=ORIENTED_EDGE('',*,*,#1764,.T.);
#811=ORIENTED_EDGE('',*,*,#1559,.T.);
#812=ORIENTED_EDGE('',*,*,#1744,.T.);
#813=ORIENTED_EDGE('',*,*,#1747,.T.);
#814=ORIENTED_EDGE('',*,*,#1750,.T.);
#815=ORIENTED_EDGE('',*,*,#1753,.F.);
#816=ORIENTED_EDGE('',*,*,#1755,.F.);
#817=ORIENTED_EDGE('',*,*,#1563,.T.);
#818=ORIENTED_EDGE('',*,*,#1697,.F.);
#819=ORIENTED_EDGE('',*,*,#1765,.T.);
#820=ORIENTED_EDGE('',*,*,#1760,.F.);
#821=ORIENTED_EDGE('',*,*,#1762,.F.);
#822=ORIENTED_EDGE('',*,*,#1557,.F.);
#823=ORIENTED_EDGE('',*,*,#1576,.T.);
#824=ORIENTED_EDGE('',*,*,#1657,.T.);
#825=ORIENTED_EDGE('',*,*,#1602,.T.);
#826=ORIENTED_EDGE('',*,*,#1585,.T.);
#827=ORIENTED_EDGE('',*,*,#1553,.T.);
#828=ORIENTED_EDGE('',*,*,#1565,.F.);
#829=ORIENTED_EDGE('',*,*,#1754,.T.);
#830=ORIENTED_EDGE('',*,*,#1751,.T.);
#831=ORIENTED_EDGE('',*,*,#1748,.F.);
#832=ORIENTED_EDGE('',*,*,#1745,.F.);
#833=ORIENTED_EDGE('',*,*,#1742,.F.);
#834=ORIENTED_EDGE('',*,*,#1761,.T.);
#835=ORIENTED_EDGE('',*,*,#1763,.T.);
#836=ORIENTED_EDGE('',*,*,#1766,.F.);
#837=ORIENTED_EDGE('',*,*,#1767,.T.);
#838=ORIENTED_EDGE('',*,*,#1740,.T.);
#839=ORIENTED_EDGE('',*,*,#1379,.T.);
#840=ORIENTED_EDGE('',*,*,#1373,.F.);
#841=ORIENTED_EDGE('',*,*,#1768,.T.);
#842=ORIENTED_EDGE('',*,*,#1621,.T.);
#843=ORIENTED_EDGE('',*,*,#1769,.F.);
#844=ORIENTED_EDGE('',*,*,#1770,.F.);
#845=ORIENTED_EDGE('',*,*,#1381,.T.);
#846=ORIENTED_EDGE('',*,*,#1461,.F.);
#847=ORIENTED_EDGE('',*,*,#1758,.F.);
#848=ORIENTED_EDGE('',*,*,#1683,.F.);
#849=ORIENTED_EDGE('',*,*,#1560,.F.);
#850=ORIENTED_EDGE('',*,*,#1764,.F.);
#851=ORIENTED_EDGE('',*,*,#1738,.F.);
#852=ORIENTED_EDGE('',*,*,#1756,.F.);
#853=ORIENTED_EDGE('',*,*,#1463,.F.);
#854=ORIENTED_EDGE('',*,*,#1765,.F.);
#855=ORIENTED_EDGE('',*,*,#1696,.F.);
#856=ORIENTED_EDGE('',*,*,#1739,.F.);
#857=ORIENTED_EDGE('',*,*,#1714,.F.);
#858=ORIENTED_EDGE('',*,*,#1465,.F.);
#859=ORIENTED_EDGE('',*,*,#1757,.F.);
#860=ORIENTED_EDGE('',*,*,#1459,.F.);
#861=ORIENTED_EDGE('',*,*,#1721,.F.);
#862=ORIENTED_EDGE('',*,*,#1685,.F.);
#863=ORIENTED_EDGE('',*,*,#1759,.F.);
#864=ORIENTED_EDGE('',*,*,#1500,.T.);
#865=ORIENTED_EDGE('',*,*,#1771,.T.);
#866=ORIENTED_EDGE('',*,*,#1677,.F.);
#867=ORIENTED_EDGE('',*,*,#1772,.T.);
#868=ORIENTED_EDGE('',*,*,#1613,.T.);
#869=ORIENTED_EDGE('',*,*,#1773,.T.);
#870=ORIENTED_EDGE('',*,*,#1502,.T.);
#871=ORIENTED_EDGE('',*,*,#1774,.T.);
#872=ORIENTED_EDGE('',*,*,#1504,.F.);
#873=ORIENTED_EDGE('',*,*,#1775,.T.);
#874=ORIENTED_EDGE('',*,*,#1611,.F.);
#875=ORIENTED_EDGE('',*,*,#1776,.T.);
#876=ORIENTED_EDGE('',*,*,#1479,.T.);
#877=ORIENTED_EDGE('',*,*,#1777,.T.);
#878=ORIENTED_EDGE('',*,*,#1673,.F.);
#879=ORIENTED_EDGE('',*,*,#1778,.T.);
#880=ORIENTED_EDGE('',*,*,#1672,.F.);
#881=ORIENTED_EDGE('',*,*,#1382,.T.);
#882=ORIENTED_EDGE('',*,*,#1770,.T.);
#883=ORIENTED_EDGE('',*,*,#1779,.T.);
#884=ORIENTED_EDGE('',*,*,#1480,.T.);
#885=ORIENTED_EDGE('',*,*,#1778,.F.);
#886=ORIENTED_EDGE('',*,*,#1485,.F.);
#887=ORIENTED_EDGE('',*,*,#1780,.T.);
#888=ORIENTED_EDGE('',*,*,#1616,.F.);
#889=ORIENTED_EDGE('',*,*,#1653,.F.);
#890=ORIENTED_EDGE('',*,*,#1572,.F.);
#891=ORIENTED_EDGE('',*,*,#1675,.T.);
#892=ORIENTED_EDGE('',*,*,#1781,.T.);
#893=ORIENTED_EDGE('',*,*,#1618,.F.);
#894=ORIENTED_EDGE('',*,*,#1782,.T.);
#895=ORIENTED_EDGE('',*,*,#1483,.F.);
#896=ORIENTED_EDGE('',*,*,#1783,.T.);
#897=ORIENTED_EDGE('',*,*,#1620,.T.);
#898=ORIENTED_EDGE('',*,*,#1784,.T.);
#899=ORIENTED_EDGE('',*,*,#1481,.T.);
#900=ORIENTED_EDGE('',*,*,#1779,.F.);
#901=ORIENTED_EDGE('',*,*,#1769,.T.);
#902=ORIENTED_EDGE('',*,*,#1681,.F.);
#903=ORIENTED_EDGE('',*,*,#1785,.T.);
#904=ORIENTED_EDGE('',*,*,#1526,.T.);
#905=ORIENTED_EDGE('',*,*,#1786,.F.);
#906=ORIENTED_EDGE('',*,*,#1608,.T.);
#907=ORIENTED_EDGE('',*,*,#1787,.T.);
#908=ORIENTED_EDGE('',*,*,#1528,.T.);
#909=ORIENTED_EDGE('',*,*,#1788,.T.);
#910=ORIENTED_EDGE('',*,*,#1679,.F.);
#911=ORIENTED_EDGE('',*,*,#1566,.T.);
#912=ORIENTED_EDGE('',*,*,#1651,.T.);
#913=ORIENTED_EDGE('',*,*,#1786,.T.);
#914=ORIENTED_EDGE('',*,*,#1533,.T.);
#915=ORIENTED_EDGE('',*,*,#1789,.F.);
#916=ORIENTED_EDGE('',*,*,#1655,.T.);
#917=ORIENTED_EDGE('',*,*,#1574,.T.);
#918=ORIENTED_EDGE('',*,*,#1555,.F.);
#919=ORIENTED_EDGE('',*,*,#1682,.F.);
#920=ORIENTED_EDGE('',*,*,#1532,.T.);
#921=ORIENTED_EDGE('',*,*,#1790,.T.);
#922=ORIENTED_EDGE('',*,*,#1604,.T.);
#923=ORIENTED_EDGE('',*,*,#1656,.T.);
#924=ORIENTED_EDGE('',*,*,#1789,.T.);
#925=ORIENTED_EDGE('',*,*,#1530,.T.);
#926=ORIENTED_EDGE('',*,*,#1791,.T.);
#927=ORIENTED_EDGE('',*,*,#1606,.T.);
#928=ORIENTED_EDGE('',*,*,#1792,.T.);
#929=ORIENTED_EDGE('',*,*,#1601,.T.);
#930=ORIENTED_EDGE('',*,*,#1793,.T.);
#931=ORIENTED_EDGE('',*,*,#1508,.T.);
#932=ORIENTED_EDGE('',*,*,#1794,.T.);
#933=ORIENTED_EDGE('',*,*,#1583,.T.);
#934=ORIENTED_EDGE('',*,*,#1506,.T.);
#935=ORIENTED_EDGE('',*,*,#1795,.T.);
#936=ORIENTED_EDGE('',*,*,#1597,.T.);
#937=ORIENTED_EDGE('',*,*,#1582,.T.);
#938=ORIENTED_EDGE('',*,*,#1549,.T.);
#939=ORIENTED_EDGE('',*,*,#1699,.F.);
#940=ORIENTED_EDGE('',*,*,#1796,.T.);
#941=ORIENTED_EDGE('',*,*,#1599,.T.);
#942=ORIENTED_EDGE('',*,*,#1797,.T.);
#943=ORIENTED_EDGE('',*,*,#1510,.T.);
#944=ORIENTED_EDGE('',*,*,#1798,.T.);
#945=ORIENTED_EDGE('',*,*,#1631,.F.);
#946=ORIENTED_EDGE('',*,*,#1799,.T.);
#947=ORIENTED_EDGE('',*,*,#1494,.F.);
#948=ORIENTED_EDGE('',*,*,#1800,.T.);
#949=ORIENTED_EDGE('',*,*,#1633,.T.);
#950=ORIENTED_EDGE('',*,*,#1801,.T.);
#951=ORIENTED_EDGE('',*,*,#1492,.T.);
#952=ORIENTED_EDGE('',*,*,#1802,.T.);
#953=ORIENTED_EDGE('',*,*,#1498,.T.);
#954=ORIENTED_EDGE('',*,*,#1803,.T.);
#955=ORIENTED_EDGE('',*,*,#1635,.T.);
#956=ORIENTED_EDGE('',*,*,#1804,.T.);
#957=ORIENTED_EDGE('',*,*,#1496,.T.);
#958=ORIENTED_EDGE('',*,*,#1805,.T.);
#959=ORIENTED_EDGE('',*,*,#1629,.T.);
#960=ORIENTED_EDGE('',*,*,#1806,.T.);
#961=ORIENTED_EDGE('',*,*,#1623,.T.);
#962=ORIENTED_EDGE('',*,*,#1807,.T.);
#963=ORIENTED_EDGE('',*,*,#1516,.T.);
#964=ORIENTED_EDGE('',*,*,#1808,.T.);
#965=ORIENTED_EDGE('',*,*,#1625,.T.);
#966=ORIENTED_EDGE('',*,*,#1809,.T.);
#967=ORIENTED_EDGE('',*,*,#1514,.T.);
#968=ORIENTED_EDGE('',*,*,#1810,.T.);
#969=ORIENTED_EDGE('',*,*,#1518,.T.);
#970=ORIENTED_EDGE('',*,*,#1811,.T.);
#971=ORIENTED_EDGE('',*,*,#1627,.T.);
#972=ORIENTED_EDGE('',*,*,#1812,.T.);
#973=ORIENTED_EDGE('',*,*,#1520,.T.);
#974=ORIENTED_EDGE('',*,*,#1813,.T.);
#975=ORIENTED_EDGE('',*,*,#1702,.F.);
#976=ORIENTED_EDGE('',*,*,#1814,.T.);
#977=ORIENTED_EDGE('',*,*,#1596,.F.);
#978=ORIENTED_EDGE('',*,*,#1815,.T.);
#979=ORIENTED_EDGE('',*,*,#1522,.F.);
#980=ORIENTED_EDGE('',*,*,#1816,.T.);
#981=ORIENTED_EDGE('',*,*,#1700,.T.);
#982=ORIENTED_EDGE('',*,*,#1547,.F.);
#983=ORIENTED_EDGE('',*,*,#1581,.F.);
#984=ORIENTED_EDGE('',*,*,#1524,.T.);
#985=ORIENTED_EDGE('',*,*,#1817,.T.);
#986=ORIENTED_EDGE('',*,*,#1594,.T.);
#987=ORIENTED_EDGE('',*,*,#1578,.T.);
#988=ORIENTED_EDGE('',*,*,#1544,.T.);
#989=ORIENTED_EDGE('',*,*,#1666,.F.);
#990=ORIENTED_EDGE('',*,*,#1818,.T.);
#991=ORIENTED_EDGE('',*,*,#1593,.T.);
#992=ORIENTED_EDGE('',*,*,#1819,.T.);
#993=ORIENTED_EDGE('',*,*,#1488,.T.);
#994=ORIENTED_EDGE('',*,*,#1376,.T.);
#995=ORIENTED_EDGE('',*,*,#1667,.F.);
#996=ORIENTED_EDGE('',*,*,#1542,.T.);
#997=ORIENTED_EDGE('',*,*,#1577,.T.);
#998=ORIENTED_EDGE('',*,*,#1589,.T.);
#999=ORIENTED_EDGE('',*,*,#1820,.T.);
#1000=ORIENTED_EDGE('',*,*,#1766,.T.);
#1001=ORIENTED_EDGE('',*,*,#1378,.T.);
#1002=ORIENTED_EDGE('',*,*,#1487,.T.);
#1003=ORIENTED_EDGE('',*,*,#1821,.T.);
#1004=ORIENTED_EDGE('',*,*,#1490,.F.);
#1005=ORIENTED_EDGE('',*,*,#1822,.T.);
#1006=ORIENTED_EDGE('',*,*,#1591,.F.);
#1007=ORIENTED_EDGE('',*,*,#1823,.T.);
#1008=ORIENTED_EDGE('',*,*,#1641,.F.);
#1009=ORIENTED_EDGE('',*,*,#1824,.T.);
#1010=ORIENTED_EDGE('',*,*,#1475,.F.);
#1011=ORIENTED_EDGE('',*,*,#1825,.T.);
#1012=ORIENTED_EDGE('',*,*,#1473,.T.);
#1013=ORIENTED_EDGE('',*,*,#1826,.T.);
#1014=ORIENTED_EDGE('',*,*,#1637,.T.);
#1015=ORIENTED_EDGE('',*,*,#1827,.T.);
#1016=ORIENTED_EDGE('',*,*,#1477,.F.);
#1017=ORIENTED_EDGE('',*,*,#1828,.T.);
#1018=ORIENTED_EDGE('',*,*,#1639,.F.);
#1019=ORIENTED_EDGE('',*,*,#1829,.T.);
#1020=ORIENTED_EDGE('',*,*,#1647,.F.);
#1021=ORIENTED_EDGE('',*,*,#1830,.T.);
#1022=ORIENTED_EDGE('',*,*,#1536,.F.);
#1023=ORIENTED_EDGE('',*,*,#1831,.T.);
#1024=ORIENTED_EDGE('',*,*,#1534,.T.);
#1025=ORIENTED_EDGE('',*,*,#1832,.T.);
#1026=ORIENTED_EDGE('',*,*,#1649,.T.);
#1027=ORIENTED_EDGE('',*,*,#1833,.T.);
#1028=ORIENTED_EDGE('',*,*,#1540,.T.);
#1029=ORIENTED_EDGE('',*,*,#1834,.T.);
#1030=ORIENTED_EDGE('',*,*,#1643,.T.);
#1031=ORIENTED_EDGE('',*,*,#1835,.T.);
#1032=ORIENTED_EDGE('',*,*,#1645,.F.);
#1033=ORIENTED_EDGE('',*,*,#1836,.T.);
#1034=ORIENTED_EDGE('',*,*,#1538,.F.);
#1035=ORIENTED_EDGE('',*,*,#1837,.T.);
#1036=ORIENTED_EDGE('',*,*,#1612,.F.);
#1037=ORIENTED_EDGE('',*,*,#1775,.F.);
#1038=ORIENTED_EDGE('',*,*,#1503,.F.);
#1039=ORIENTED_EDGE('',*,*,#1773,.F.);
#1040=ORIENTED_EDGE('',*,*,#1607,.F.);
#1041=ORIENTED_EDGE('',*,*,#1791,.F.);
#1042=ORIENTED_EDGE('',*,*,#1529,.F.);
#1043=ORIENTED_EDGE('',*,*,#1787,.F.);
#1044=ORIENTED_EDGE('',*,*,#1617,.F.);
#1045=ORIENTED_EDGE('',*,*,#1780,.F.);
#1046=ORIENTED_EDGE('',*,*,#1484,.F.);
#1047=ORIENTED_EDGE('',*,*,#1782,.F.);
#1048=ORIENTED_EDGE('',*,*,#1644,.F.);
#1049=ORIENTED_EDGE('',*,*,#1834,.F.);
#1050=ORIENTED_EDGE('',*,*,#1539,.F.);
#1051=ORIENTED_EDGE('',*,*,#1836,.F.);
#1052=ORIENTED_EDGE('',*,*,#1646,.F.);
#1053=ORIENTED_EDGE('',*,*,#1837,.F.);
#1054=ORIENTED_EDGE('',*,*,#1537,.F.);
#1055=ORIENTED_EDGE('',*,*,#1830,.F.);
#1056=ORIENTED_EDGE('',*,*,#1640,.F.);
#1057=ORIENTED_EDGE('',*,*,#1828,.F.);
#1058=ORIENTED_EDGE('',*,*,#1476,.F.);
#1059=ORIENTED_EDGE('',*,*,#1824,.F.);
#1060=ORIENTED_EDGE('',*,*,#1630,.F.);
#1061=ORIENTED_EDGE('',*,*,#1805,.F.);
#1062=ORIENTED_EDGE('',*,*,#1495,.F.);
#1063=ORIENTED_EDGE('',*,*,#1799,.F.);
#1064=ORIENTED_EDGE('',*,*,#1650,.F.);
#1065=ORIENTED_EDGE('',*,*,#1832,.F.);
#1066=ORIENTED_EDGE('',*,*,#1541,.F.);
#1067=ORIENTED_EDGE('',*,*,#1835,.F.);
#1068=ORIENTED_EDGE('',*,*,#1648,.F.);
#1069=ORIENTED_EDGE('',*,*,#1831,.F.);
#1070=ORIENTED_EDGE('',*,*,#1535,.F.);
#1071=ORIENTED_EDGE('',*,*,#1833,.F.);
#1072=ORIENTED_EDGE('',*,*,#1628,.F.);
#1073=ORIENTED_EDGE('',*,*,#1811,.F.);
#1074=ORIENTED_EDGE('',*,*,#1517,.F.);
#1075=ORIENTED_EDGE('',*,*,#1807,.F.);
#1076=ORIENTED_EDGE('',*,*,#1632,.F.);
#1077=ORIENTED_EDGE('',*,*,#1800,.F.);
#1078=ORIENTED_EDGE('',*,*,#1493,.F.);
#1079=ORIENTED_EDGE('',*,*,#1801,.F.);
#1080=ORIENTED_EDGE('',*,*,#1636,.F.);
#1081=ORIENTED_EDGE('',*,*,#1803,.F.);
#1082=ORIENTED_EDGE('',*,*,#1497,.F.);
#1083=ORIENTED_EDGE('',*,*,#1806,.F.);
#1084=ORIENTED_EDGE('',*,*,#1634,.F.);
#1085=ORIENTED_EDGE('',*,*,#1802,.F.);
#1086=ORIENTED_EDGE('',*,*,#1499,.F.);
#1087=ORIENTED_EDGE('',*,*,#1804,.F.);
#1088=ORIENTED_EDGE('',*,*,#1598,.F.);
#1089=ORIENTED_EDGE('',*,*,#1795,.F.);
#1090=ORIENTED_EDGE('',*,*,#1511,.F.);
#1091=ORIENTED_EDGE('',*,*,#1797,.F.);
#1092=ORIENTED_EDGE('',*,*,#1592,.F.);
#1093=ORIENTED_EDGE('',*,*,#1822,.F.);
#1094=ORIENTED_EDGE('',*,*,#1489,.F.);
#1095=ORIENTED_EDGE('',*,*,#1819,.F.);
#1096=ORIENTED_EDGE('',*,*,#1595,.F.);
#1097=ORIENTED_EDGE('',*,*,#1817,.F.);
#1098=ORIENTED_EDGE('',*,*,#1523,.F.);
#1099=ORIENTED_EDGE('',*,*,#1815,.F.);
#1100=ORIENTED_EDGE('',*,*,#1680,.F.);
#1101=ORIENTED_EDGE('',*,*,#1788,.F.);
#1102=ORIENTED_EDGE('',*,*,#1527,.F.);
#1103=ORIENTED_EDGE('',*,*,#1785,.F.);
#1104=ORIENTED_EDGE('',*,*,#1678,.F.);
#1105=ORIENTED_EDGE('',*,*,#1771,.F.);
#1106=ORIENTED_EDGE('',*,*,#1505,.F.);
#1107=ORIENTED_EDGE('',*,*,#1776,.F.);
#1108=ORIENTED_EDGE('',*,*,#1610,.F.);
#1109=ORIENTED_EDGE('',*,*,#1652,.F.);
#1110=ORIENTED_EDGE('',*,*,#1568,.F.);
#1111=ORIENTED_EDGE('',*,*,#1614,.F.);
#1112=ORIENTED_EDGE('',*,*,#1774,.F.);
#1113=ORIENTED_EDGE('',*,*,#1501,.F.);
#1114=ORIENTED_EDGE('',*,*,#1772,.F.);
#1115=ORIENTED_EDGE('',*,*,#1676,.F.);
#1116=ORIENTED_EDGE('',*,*,#1570,.F.);
#1117=ORIENTED_EDGE('',*,*,#1654,.F.);
#1118=ORIENTED_EDGE('',*,*,#1674,.F.);
#1119=ORIENTED_EDGE('',*,*,#1777,.F.);
#1120=ORIENTED_EDGE('',*,*,#1486,.F.);
#1121=ORIENTED_EDGE('',*,*,#1781,.F.);
#1122=ORIENTED_EDGE('',*,*,#1605,.F.);
#1123=ORIENTED_EDGE('',*,*,#1790,.F.);
#1124=ORIENTED_EDGE('',*,*,#1531,.F.);
#1125=ORIENTED_EDGE('',*,*,#1792,.F.);
#1126=ORIENTED_EDGE('',*,*,#1624,.F.);
#1127=ORIENTED_EDGE('',*,*,#1808,.F.);
#1128=ORIENTED_EDGE('',*,*,#1515,.F.);
#1129=ORIENTED_EDGE('',*,*,#1809,.F.);
#1130=ORIENTED_EDGE('',*,*,#1638,.F.);
#1131=ORIENTED_EDGE('',*,*,#1826,.F.);
#1132=ORIENTED_EDGE('',*,*,#1478,.F.);
#1133=ORIENTED_EDGE('',*,*,#1829,.F.);
#1134=ORIENTED_EDGE('',*,*,#1619,.F.);
#1135=ORIENTED_EDGE('',*,*,#1783,.F.);
#1136=ORIENTED_EDGE('',*,*,#1482,.F.);
#1137=ORIENTED_EDGE('',*,*,#1784,.F.);
#1138=ORIENTED_EDGE('',*,*,#1626,.F.);
#1139=ORIENTED_EDGE('',*,*,#1810,.F.);
#1140=ORIENTED_EDGE('',*,*,#1519,.F.);
#1141=ORIENTED_EDGE('',*,*,#1812,.F.);
#1142=ORIENTED_EDGE('',*,*,#1600,.F.);
#1143=ORIENTED_EDGE('',*,*,#1798,.F.);
#1144=ORIENTED_EDGE('',*,*,#1509,.F.);
#1145=ORIENTED_EDGE('',*,*,#1793,.F.);
#1146=ORIENTED_EDGE('',*,*,#1703,.F.);
#1147=ORIENTED_EDGE('',*,*,#1813,.F.);
#1148=ORIENTED_EDGE('',*,*,#1525,.F.);
#1149=ORIENTED_EDGE('',*,*,#1818,.F.);
#1150=ORIENTED_EDGE('',*,*,#1642,.F.);
#1151=ORIENTED_EDGE('',*,*,#1825,.F.);
#1152=ORIENTED_EDGE('',*,*,#1474,.F.);
#1153=ORIENTED_EDGE('',*,*,#1827,.F.);
#1154=ORIENTED_EDGE('',*,*,#1701,.F.);
#1155=ORIENTED_EDGE('',*,*,#1816,.F.);
#1156=ORIENTED_EDGE('',*,*,#1521,.F.);
#1157=ORIENTED_EDGE('',*,*,#1814,.F.);
#1158=ORIENTED_EDGE('',*,*,#1584,.F.);
#1159=ORIENTED_EDGE('',*,*,#1794,.F.);
#1160=ORIENTED_EDGE('',*,*,#1507,.F.);
#1161=ORIENTED_EDGE('',*,*,#1796,.F.);
#1162=ORIENTED_EDGE('',*,*,#1698,.F.);
#1163=ORIENTED_EDGE('',*,*,#1561,.F.);
#1164=ORIENTED_EDGE('',*,*,#1551,.F.);
#1165=ORIENTED_EDGE('',*,*,#1590,.F.);
#1166=ORIENTED_EDGE('',*,*,#1821,.F.);
#1167=ORIENTED_EDGE('',*,*,#1491,.F.);
#1168=ORIENTED_EDGE('',*,*,#1823,.F.);
#1169=ORIENTED_EDGE('',*,*,#1469,.T.);
#1170=ORIENTED_EDGE('',*,*,#1838,.T.);
#1171=ORIENTED_EDGE('',*,*,#1839,.F.);
#1172=ORIENTED_EDGE('',*,*,#1840,.T.);
#1173=ORIENTED_EDGE('',*,*,#1841,.T.);
#1174=ORIENTED_EDGE('',*,*,#1728,.T.);
#1175=ORIENTED_EDGE('',*,*,#1842,.T.);
#1176=ORIENTED_EDGE('',*,*,#1843,.T.);
#1177=ORIENTED_EDGE('',*,*,#1844,.T.);
#1178=ORIENTED_EDGE('',*,*,#1845,.F.);
#1179=ORIENTED_EDGE('',*,*,#1846,.T.);
#1180=ORIENTED_EDGE('',*,*,#1847,.T.);
#1181=ORIENTED_EDGE('',*,*,#1848,.T.);
#1182=ORIENTED_EDGE('',*,*,#1849,.F.);
#1183=ORIENTED_EDGE('',*,*,#1850,.T.);
#1184=ORIENTED_EDGE('',*,*,#1422,.F.);
#1185=ORIENTED_EDGE('',*,*,#1435,.T.);
#1186=ORIENTED_EDGE('',*,*,#1851,.T.);
#1187=ORIENTED_EDGE('',*,*,#1852,.F.);
#1188=ORIENTED_EDGE('',*,*,#1853,.T.);
#1189=ORIENTED_EDGE('',*,*,#1839,.T.);
#1190=ORIENTED_EDGE('',*,*,#1854,.T.);
#1191=ORIENTED_EDGE('',*,*,#1659,.F.);
#1192=ORIENTED_EDGE('',*,*,#1855,.T.);
#1193=ORIENTED_EDGE('',*,*,#1443,.F.);
#1194=ORIENTED_EDGE('',*,*,#1445,.F.);
#1195=ORIENTED_EDGE('',*,*,#1841,.F.);
#1196=ORIENTED_EDGE('',*,*,#1856,.T.);
#1197=ORIENTED_EDGE('',*,*,#1436,.T.);
#1198=ORIENTED_EDGE('',*,*,#1729,.T.);
#1199=ORIENTED_EDGE('',*,*,#1471,.F.);
#1200=ORIENTED_EDGE('',*,*,#1857,.T.);
#1201=ORIENTED_EDGE('',*,*,#1852,.T.);
#1202=ORIENTED_EDGE('',*,*,#1858,.T.);
#1203=ORIENTED_EDGE('',*,*,#1855,.F.);
#1204=ORIENTED_EDGE('',*,*,#1658,.F.);
#1205=ORIENTED_EDGE('',*,*,#1437,.F.);
#1206=ORIENTED_EDGE('',*,*,#1856,.F.);
#1207=ORIENTED_EDGE('',*,*,#1468,.F.);
#1208=ORIENTED_EDGE('',*,*,#1660,.F.);
#1209=ORIENTED_EDGE('',*,*,#1854,.F.);
#1210=ORIENTED_EDGE('',*,*,#1838,.F.);
#1211=ORIENTED_EDGE('',*,*,#1853,.F.);
#1212=ORIENTED_EDGE('',*,*,#1857,.F.);
#1213=ORIENTED_EDGE('',*,*,#1470,.F.);
#1214=ORIENTED_EDGE('',*,*,#1840,.F.);
#1215=ORIENTED_EDGE('',*,*,#1851,.F.);
#1216=ORIENTED_EDGE('',*,*,#1434,.F.);
#1217=ORIENTED_EDGE('',*,*,#1472,.F.);
#1218=ORIENTED_EDGE('',*,*,#1858,.F.);
#1219=ORIENTED_EDGE('',*,*,#1416,.F.);
#1220=ORIENTED_EDGE('',*,*,#1404,.T.);
#1221=ORIENTED_EDGE('',*,*,#1414,.F.);
#1222=ORIENTED_EDGE('',*,*,#1859,.F.);
#1223=ORIENTED_EDGE('',*,*,#1710,.F.);
#1224=ORIENTED_EDGE('',*,*,#1860,.F.);
#1225=ORIENTED_EDGE('',*,*,#1447,.F.);
#1226=ORIENTED_EDGE('',*,*,#1689,.F.);
#1227=ORIENTED_EDGE('',*,*,#1861,.F.);
#1228=ORIENTED_EDGE('',*,*,#1455,.F.);
#1229=ORIENTED_EDGE('',*,*,#1862,.F.);
#1230=ORIENTED_EDGE('',*,*,#1845,.T.);
#1231=ORIENTED_EDGE('',*,*,#1863,.T.);
#1232=ORIENTED_EDGE('',*,*,#1451,.F.);
#1233=ORIENTED_EDGE('',*,*,#1864,.F.);
#1234=ORIENTED_EDGE('',*,*,#1704,.F.);
#1235=ORIENTED_EDGE('',*,*,#1865,.T.);
#1236=ORIENTED_EDGE('',*,*,#1866,.T.);
#1237=ORIENTED_EDGE('',*,*,#1867,.T.);
#1238=ORIENTED_EDGE('',*,*,#1868,.T.);
#1239=ORIENTED_EDGE('',*,*,#1456,.F.);
#1240=ORIENTED_EDGE('',*,*,#1861,.T.);
#1241=ORIENTED_EDGE('',*,*,#1688,.F.);
#1242=ORIENTED_EDGE('',*,*,#1690,.F.);
#1243=ORIENTED_EDGE('',*,*,#1862,.T.);
#1244=ORIENTED_EDGE('',*,*,#1454,.F.);
#1245=ORIENTED_EDGE('',*,*,#1869,.F.);
#1246=ORIENTED_EDGE('',*,*,#1450,.T.);
#1247=ORIENTED_EDGE('',*,*,#1870,.T.);
#1248=ORIENTED_EDGE('',*,*,#1847,.F.);
#1249=ORIENTED_EDGE('',*,*,#1871,.F.);
#1250=ORIENTED_EDGE('',*,*,#1705,.T.);
#1251=ORIENTED_EDGE('',*,*,#1864,.T.);
#1252=ORIENTED_EDGE('',*,*,#1846,.F.);
#1253=ORIENTED_EDGE('',*,*,#1865,.F.);
#1254=ORIENTED_EDGE('',*,*,#1706,.T.);
#1255=ORIENTED_EDGE('',*,*,#1871,.T.);
#1256=ORIENTED_EDGE('',*,*,#1843,.F.);
#1257=ORIENTED_EDGE('',*,*,#1872,.T.);
#1258=ORIENTED_EDGE('',*,*,#1691,.T.);
#1259=ORIENTED_EDGE('',*,*,#1869,.T.);
#1260=ORIENTED_EDGE('',*,*,#1453,.T.);
#1261=ORIENTED_EDGE('',*,*,#1873,.T.);
#1262=ORIENTED_EDGE('',*,*,#1713,.F.);
#1263=ORIENTED_EDGE('',*,*,#1874,.T.);
#1264=ORIENTED_EDGE('',*,*,#1849,.T.);
#1265=ORIENTED_EDGE('',*,*,#1875,.T.);
#1266=ORIENTED_EDGE('',*,*,#1448,.F.);
#1267=ORIENTED_EDGE('',*,*,#1860,.T.);
#1268=ORIENTED_EDGE('',*,*,#1687,.F.);
#1269=ORIENTED_EDGE('',*,*,#1427,.T.);
#1270=ORIENTED_EDGE('',*,*,#1876,.T.);
#1271=ORIENTED_EDGE('',*,*,#1412,.T.);
#1272=ORIENTED_EDGE('',*,*,#1877,.F.);
#1273=ORIENTED_EDGE('',*,*,#1419,.T.);
#1274=ORIENTED_EDGE('',*,*,#1457,.F.);
#1275=ORIENTED_EDGE('',*,*,#1868,.F.);
#1276=ORIENTED_EDGE('',*,*,#1878,.T.);
#1277=ORIENTED_EDGE('',*,*,#1866,.F.);
#1278=ORIENTED_EDGE('',*,*,#1399,.F.);
#1279=ORIENTED_EDGE('',*,*,#1390,.F.);
#1280=ORIENTED_EDGE('',*,*,#1388,.F.);
#1281=ORIENTED_EDGE('',*,*,#1385,.F.);
#1282=ORIENTED_EDGE('',*,*,#1879,.T.);
#1283=ORIENTED_EDGE('',*,*,#1880,.T.);
#1284=ORIENTED_EDGE('',*,*,#1879,.F.);
#1285=ORIENTED_EDGE('',*,*,#1880,.F.);
#1286=ORIENTED_EDGE('',*,*,#1881,.F.);
#1287=ORIENTED_EDGE('',*,*,#1878,.F.);
#1288=ORIENTED_EDGE('',*,*,#1867,.F.);
#1289=ORIENTED_EDGE('',*,*,#1881,.T.);
#1290=ORIENTED_EDGE('',*,*,#1850,.F.);
#1291=ORIENTED_EDGE('',*,*,#1874,.F.);
#1292=ORIENTED_EDGE('',*,*,#1712,.F.);
#1293=ORIENTED_EDGE('',*,*,#1423,.F.);
#1294=ORIENTED_EDGE('',*,*,#1692,.F.);
#1295=ORIENTED_EDGE('',*,*,#1872,.F.);
#1296=ORIENTED_EDGE('',*,*,#1842,.F.);
#1297=ORIENTED_EDGE('',*,*,#1727,.F.);
#1298=ORIENTED_EDGE('',*,*,#1873,.F.);
#1299=ORIENTED_EDGE('',*,*,#1452,.F.);
#1300=ORIENTED_EDGE('',*,*,#1863,.F.);
#1301=ORIENTED_EDGE('',*,*,#1844,.F.);
#1302=ORIENTED_EDGE('',*,*,#1870,.F.);
#1303=ORIENTED_EDGE('',*,*,#1449,.F.);
#1304=ORIENTED_EDGE('',*,*,#1875,.F.);
#1305=ORIENTED_EDGE('',*,*,#1848,.F.);
#1306=ORIENTED_EDGE('',*,*,#1372,.F.);
#1307=ORIENTED_EDGE('',*,*,#1671,.F.);
#1308=ORIENTED_EDGE('',*,*,#1882,.F.);
#1309=ORIENTED_EDGE('',*,*,#1622,.F.);
#1310=ORIENTED_EDGE('',*,*,#1768,.F.);
#1311=ORIENTED_EDGE('',*,*,#1883,.F.);
#1312=ORIENTED_EDGE('',*,*,#1587,.F.);
#1313=ORIENTED_EDGE('',*,*,#1882,.T.);
#1314=ORIENTED_EDGE('',*,*,#1670,.F.);
#1315=ORIENTED_EDGE('',*,*,#1588,.F.);
#1316=ORIENTED_EDGE('',*,*,#1883,.T.);
#1317=ORIENTED_EDGE('',*,*,#1669,.F.);
#1318=ORIENTED_EDGE('',*,*,#1741,.F.);
#1319=ORIENTED_EDGE('',*,*,#1767,.F.);
#1320=ORIENTED_EDGE('',*,*,#1820,.F.);
#1321=ORIENTED_EDGE('',*,*,#1415,.T.);
#1322=ORIENTED_EDGE('',*,*,#1884,.T.);
#1323=ORIENTED_EDGE('',*,*,#1431,.T.);
#1324=ORIENTED_EDGE('',*,*,#1420,.F.);
#1325=ORIENTED_EDGE('',*,*,#1877,.T.);
#1326=ORIENTED_EDGE('',*,*,#1411,.T.);
#1327=ORIENTED_EDGE('',*,*,#1876,.F.);
#1328=ORIENTED_EDGE('',*,*,#1426,.T.);
#1329=ORIENTED_EDGE('',*,*,#1885,.T.);
#1330=ORIENTED_EDGE('',*,*,#1413,.F.);
#1331=ORIENTED_EDGE('',*,*,#1425,.F.);
#1332=ORIENTED_EDGE('',*,*,#1711,.T.);
#1333=ORIENTED_EDGE('',*,*,#1859,.T.);
#1334=ORIENTED_EDGE('',*,*,#1885,.F.);
#1335=ORIENTED_EDGE('',*,*,#1418,.T.);
#1336=ORIENTED_EDGE('',*,*,#1446,.T.);
#1337=ORIENTED_EDGE('',*,*,#1432,.F.);
#1338=ORIENTED_EDGE('',*,*,#1884,.F.);
#1339=ORIENTED_EDGE('',*,*,#1398,.T.);
#1340=ORIENTED_EDGE('',*,*,#1407,.F.);
#1341=ORIENTED_EDGE('',*,*,#1886,.F.);
#1342=ORIENTED_EDGE('',*,*,#1887,.F.);
#1343=ORIENTED_EDGE('',*,*,#1405,.F.);
#1344=ORIENTED_EDGE('',*,*,#1888,.T.);
#1345=ORIENTED_EDGE('',*,*,#1409,.T.);
#1346=ORIENTED_EDGE('',*,*,#1889,.F.);
#1347=ORIENTED_EDGE('',*,*,#1890,.T.);
#1348=ORIENTED_EDGE('',*,*,#1391,.F.);
#1349=ORIENTED_EDGE('',*,*,#1401,.F.);
#1350=ORIENTED_EDGE('',*,*,#1888,.F.);
#1351=ORIENTED_EDGE('',*,*,#1410,.F.);
#1352=ORIENTED_EDGE('',*,*,#1386,.T.);
#1353=ORIENTED_EDGE('',*,*,#1389,.T.);
#1354=ORIENTED_EDGE('',*,*,#1890,.F.);
#1355=ORIENTED_EDGE('',*,*,#1891,.F.);
#1356=ORIENTED_EDGE('',*,*,#1395,.T.);
#1357=ORIENTED_EDGE('',*,*,#1396,.F.);
#1358=ORIENTED_EDGE('',*,*,#1891,.T.);
#1359=ORIENTED_EDGE('',*,*,#1889,.T.);
#1360=ORIENTED_EDGE('',*,*,#1408,.F.);
#1361=ORIENTED_EDGE('',*,*,#1384,.F.);
#1362=ORIENTED_EDGE('',*,*,#1394,.F.);
#1363=ORIENTED_EDGE('',*,*,#1892,.T.);
#1364=ORIENTED_EDGE('',*,*,#1886,.T.);
#1365=ORIENTED_EDGE('',*,*,#1400,.F.);
#1366=ORIENTED_EDGE('',*,*,#1393,.F.);
#1367=ORIENTED_EDGE('',*,*,#1406,.F.);
#1368=ORIENTED_EDGE('',*,*,#1887,.T.);
#1369=ORIENTED_EDGE('',*,*,#1892,.F.);
#1370=EDGE_CURVE('',#1893,#1894,#2250,.T.);
#1371=EDGE_CURVE('',#1894,#1895,#2251,.T.);
#1372=EDGE_CURVE('',#1895,#1896,#2252,.T.);
#1373=EDGE_CURVE('',#1896,#1893,#2253,.T.);
#1374=EDGE_CURVE('',#1897,#1898,#2254,.F.);
#1375=EDGE_CURVE('',#1899,#1897,#90,.T.);
#1376=EDGE_CURVE('',#1900,#1899,#2255,.F.);
#1377=EDGE_CURVE('',#1901,#1900,#91,.T.);
#1378=EDGE_CURVE('',#1902,#1901,#2256,.T.);
#1379=EDGE_CURVE('',#1898,#1902,#78,.F.);
#1380=EDGE_CURVE('',#1894,#1903,#92,.F.);
#1381=EDGE_CURVE('',#1904,#1893,#79,.F.);
#1382=EDGE_CURVE('',#1903,#1904,#2257,.T.);
#1383=EDGE_CURVE('',#1905,#1906,#2258,.T.);
#1384=EDGE_CURVE('',#1905,#1907,#2259,.T.);
#1385=EDGE_CURVE('',#1907,#1906,#93,.T.);
#1386=EDGE_CURVE('',#1908,#1909,#2260,.T.);
#1387=EDGE_CURVE('',#1906,#1908,#2261,.T.);
#1388=EDGE_CURVE('',#1906,#1909,#94,.T.);
#1389=EDGE_CURVE('',#1909,#1910,#2262,.T.);
#1390=EDGE_CURVE('',#1909,#1911,#95,.T.);
#1391=EDGE_CURVE('',#1911,#1910,#2263,.T.);
#1392=EDGE_CURVE('',#1912,#1913,#2264,.T.);
#1393=EDGE_CURVE('',#1913,#1914,#2265,.T.);
#1394=EDGE_CURVE('',#1914,#1905,#2266,.T.);
#1395=EDGE_CURVE('',#1915,#1908,#2267,.T.);
#1396=EDGE_CURVE('',#1915,#1916,#2268,.T.);
#1397=EDGE_CURVE('',#1917,#1916,#2269,.T.);
#1398=EDGE_CURVE('',#1912,#1917,#2270,.T.);
#1399=EDGE_CURVE('',#1911,#1907,#96,.T.);
#1400=EDGE_CURVE('',#1907,#1918,#2271,.T.);
#1401=EDGE_CURVE('',#1918,#1911,#2272,.T.);
#1402=EDGE_CURVE('',#1919,#1920,#97,.T.);
#1403=EDGE_CURVE('',#1920,#1921,#98,.T.);
#1404=EDGE_CURVE('',#1919,#1921,#36,.T.);
#1405=EDGE_CURVE('',#1922,#1923,#2273,.T.);
#1406=EDGE_CURVE('',#1923,#1913,#99,.T.);
#1407=EDGE_CURVE('',#1912,#1917,#100,.T.);
#1408=EDGE_CURVE('',#1916,#1924,#101,.T.);
#1409=EDGE_CURVE('',#1925,#1924,#2274,.T.);
#1410=EDGE_CURVE('',#1925,#1922,#102,.T.);
#1411=EDGE_CURVE('',#1926,#1920,#2275,.T.);
#1412=EDGE_CURVE('',#1927,#1926,#2276,.T.);
#1413=EDGE_CURVE('',#1927,#1928,#2277,.T.);
#1414=EDGE_CURVE('',#1928,#1921,#2278,.F.);
#1415=EDGE_CURVE('',#1920,#1929,#2279,.T.);
#1416=EDGE_CURVE('',#1919,#1930,#2280,.F.);
#1417=EDGE_CURVE('',#1931,#1930,#2281,.T.);
#1418=EDGE_CURVE('',#1929,#1931,#2282,.T.);
#1419=EDGE_CURVE('',#1932,#1933,#2283,.T.);
#1420=EDGE_CURVE('',#1932,#1934,#2284,.T.);
#1421=EDGE_CURVE('',#1935,#1934,#80,.T.);
#1422=EDGE_CURVE('',#1935,#1936,#2285,.T.);
#1423=EDGE_CURVE('',#1936,#1937,#37,.T.);
#1424=EDGE_CURVE('',#1938,#1937,#2286,.T.);
#1425=EDGE_CURVE('',#1938,#1939,#2287,.T.);
#1426=EDGE_CURVE('',#1940,#1939,#2288,.T.);
#1427=EDGE_CURVE('',#1941,#1940,#2289,.T.);
#1428=EDGE_CURVE('',#1942,#1941,#2290,.T.);
#1429=EDGE_CURVE('',#1943,#1942,#2291,.T.);
#1430=EDGE_CURVE('',#1933,#1943,#2292,.T.);
#1431=EDGE_CURVE('',#1944,#1934,#103,.F.);
#1432=EDGE_CURVE('',#1944,#1945,#2293,.T.);
#1433=EDGE_CURVE('',#1945,#1946,#104,.T.);
#1434=EDGE_CURVE('',#1946,#1947,#2294,.F.);
#1435=EDGE_CURVE('',#1935,#1947,#105,.T.);
#1436=EDGE_CURVE('',#1948,#1949,#106,.T.);
#1437=EDGE_CURVE('',#1948,#1950,#38,.T.);
#1438=EDGE_CURVE('',#1950,#1951,#107,.T.);
#1439=EDGE_CURVE('',#1951,#1952,#108,.F.);
#1440=EDGE_CURVE('',#1952,#1949,#109,.F.);
#1441=EDGE_CURVE('',#1953,#1953,#110,.T.);
#1442=EDGE_CURVE('',#1954,#1954,#111,.T.);
#1443=EDGE_CURVE('',#1955,#1955,#112,.T.);
#1444=EDGE_CURVE('',#1956,#1956,#113,.T.);
#1445=EDGE_CURVE('',#1957,#1957,#114,.T.);
#1446=EDGE_CURVE('',#1931,#1945,#2295,.T.);
#1447=EDGE_CURVE('',#1930,#1958,#115,.F.);
#1448=EDGE_CURVE('',#1958,#1959,#116,.T.);
#1449=EDGE_CURVE('',#1959,#1960,#117,.F.);
#1450=EDGE_CURVE('',#1961,#1960,#118,.T.);
#1451=EDGE_CURVE('',#1961,#1962,#119,.T.);
#1452=EDGE_CURVE('',#1962,#1963,#120,.F.);
#1453=EDGE_CURVE('',#1964,#1963,#121,.T.);
#1454=EDGE_CURVE('',#1964,#1965,#2296,.T.);
#1455=EDGE_CURVE('',#1965,#1966,#122,.T.);
#1456=EDGE_CURVE('',#1966,#1967,#2297,.T.);
#1457=EDGE_CURVE('',#1967,#1933,#2298,.T.);
#1458=EDGE_CURVE('',#1943,#1968,#123,.F.);
#1459=EDGE_CURVE('',#1968,#1969,#39,.T.);
#1460=EDGE_CURVE('',#1970,#1969,#2299,.T.);
#1461=EDGE_CURVE('',#1970,#1971,#81,.F.);
#1462=EDGE_CURVE('',#1972,#1971,#2300,.T.);
#1463=EDGE_CURVE('',#1972,#1973,#82,.F.);
#1464=EDGE_CURVE('',#1973,#1974,#2301,.T.);
#1465=EDGE_CURVE('',#1974,#1975,#40,.T.);
#1466=EDGE_CURVE('',#1975,#1976,#124,.F.);
#1467=EDGE_CURVE('',#1976,#1977,#125,.T.);
#1468=EDGE_CURVE('',#1977,#1978,#41,.T.);
#1469=EDGE_CURVE('',#1979,#1978,#126,.T.);
#1470=EDGE_CURVE('',#1979,#1980,#127,.F.);
#1471=EDGE_CURVE('',#1980,#1981,#128,.T.);
#1472=EDGE_CURVE('',#1981,#1946,#129,.F.);
#1473=EDGE_CURVE('',#1982,#1983,#2302,.T.);
#1474=EDGE_CURVE('',#1982,#1984,#130,.T.);
#1475=EDGE_CURVE('',#1984,#1985,#2303,.T.);
#1476=EDGE_CURVE('',#1985,#1986,#131,.T.);
#1477=EDGE_CURVE('',#1986,#1987,#2304,.T.);
#1478=EDGE_CURVE('',#1987,#1983,#132,.T.);
#1479=EDGE_CURVE('',#1988,#1989,#2305,.T.);
#1480=EDGE_CURVE('',#1990,#1988,#133,.T.);
#1481=EDGE_CURVE('',#1991,#1990,#2306,.T.);
#1482=EDGE_CURVE('',#1991,#1992,#134,.T.);
#1483=EDGE_CURVE('',#1992,#1993,#2307,.T.);
#1484=EDGE_CURVE('',#1993,#1994,#135,.T.);
#1485=EDGE_CURVE('',#1994,#1995,#2308,.T.);
#1486=EDGE_CURVE('',#1995,#1989,#136,.T.);
#1487=EDGE_CURVE('',#1901,#1996,#2309,.T.);
#1488=EDGE_CURVE('',#1997,#1900,#2310,.T.);
#1489=EDGE_CURVE('',#1997,#1998,#137,.T.);
#1490=EDGE_CURVE('',#1998,#1999,#2311,.T.);
#1491=EDGE_CURVE('',#1999,#1996,#138,.T.);
#1492=EDGE_CURVE('',#2000,#2001,#2312,.T.);
#1493=EDGE_CURVE('',#2000,#2002,#139,.T.);
#1494=EDGE_CURVE('',#2002,#2003,#2313,.T.);
#1495=EDGE_CURVE('',#2003,#2004,#140,.T.);
#1496=EDGE_CURVE('',#2005,#2004,#2314,.T.);
#1497=EDGE_CURVE('',#2005,#2006,#141,.T.);
#1498=EDGE_CURVE('',#2007,#2006,#2315,.T.);
#1499=EDGE_CURVE('',#2007,#2001,#142,.T.);
#1500=EDGE_CURVE('',#2008,#2009,#2316,.T.);
#1501=EDGE_CURVE('',#2008,#2010,#143,.T.);
#1502=EDGE_CURVE('',#2011,#2010,#2317,.T.);
#1503=EDGE_CURVE('',#2011,#2012,#144,.T.);
#1504=EDGE_CURVE('',#2012,#2013,#2318,.T.);
#1505=EDGE_CURVE('',#2013,#2009,#145,.T.);
#1506=EDGE_CURVE('',#2014,#2015,#2319,.T.);
#1507=EDGE_CURVE('',#2014,#2016,#146,.T.);
#1508=EDGE_CURVE('',#2017,#2016,#2320,.T.);
#1509=EDGE_CURVE('',#2017,#2018,#147,.T.);
#1510=EDGE_CURVE('',#2019,#2018,#2321,.T.);
#1511=EDGE_CURVE('',#2019,#2015,#148,.T.);
#1512=EDGE_CURVE('',#2020,#2020,#149,.T.);
#1513=EDGE_CURVE('',#2021,#2021,#150,.T.);
#1514=EDGE_CURVE('',#2022,#2023,#2322,.T.);
#1515=EDGE_CURVE('',#2022,#2024,#151,.T.);
#1516=EDGE_CURVE('',#2025,#2024,#2323,.T.);
#1517=EDGE_CURVE('',#2025,#2026,#152,.T.);
#1518=EDGE_CURVE('',#2027,#2026,#2324,.T.);
#1519=EDGE_CURVE('',#2027,#2023,#153,.T.);
#1520=EDGE_CURVE('',#2028,#2029,#2325,.T.);
#1521=EDGE_CURVE('',#2028,#2030,#154,.T.);
#1522=EDGE_CURVE('',#2030,#2031,#2326,.T.);
#1523=EDGE_CURVE('',#2031,#2032,#155,.T.);
#1524=EDGE_CURVE('',#2033,#2032,#2327,.T.);
#1525=EDGE_CURVE('',#2033,#2029,#156,.T.);
#1526=EDGE_CURVE('',#2034,#2035,#2328,.T.);
#1527=EDGE_CURVE('',#2034,#2036,#157,.T.);
#1528=EDGE_CURVE('',#2037,#2036,#2329,.T.);
#1529=EDGE_CURVE('',#2037,#2038,#158,.T.);
#1530=EDGE_CURVE('',#2039,#2038,#2330,.T.);
#1531=EDGE_CURVE('',#2039,#2040,#159,.T.);
#1532=EDGE_CURVE('',#2041,#2040,#2331,.T.);
#1533=EDGE_CURVE('',#2035,#2041,#160,.T.);
#1534=EDGE_CURVE('',#2042,#2043,#2332,.T.);
#1535=EDGE_CURVE('',#2042,#2044,#161,.T.);
#1536=EDGE_CURVE('',#2044,#2045,#2333,.T.);
#1537=EDGE_CURVE('',#2045,#2046,#162,.T.);
#1538=EDGE_CURVE('',#2046,#2047,#2334,.T.);
#1539=EDGE_CURVE('',#2047,#2048,#163,.T.);
#1540=EDGE_CURVE('',#2049,#2048,#2335,.T.);
#1541=EDGE_CURVE('',#2049,#2043,#164,.T.);
#1542=EDGE_CURVE('',#2050,#2051,#2336,.T.);
#1543=EDGE_CURVE('',#2050,#2052,#2337,.T.);
#1544=EDGE_CURVE('',#2053,#2052,#2338,.T.);
#1545=EDGE_CURVE('',#2051,#2053,#2339,.T.);
#1546=EDGE_CURVE('',#2054,#2055,#2340,.T.);
#1547=EDGE_CURVE('',#2054,#2056,#2341,.T.);
#1548=EDGE_CURVE('',#2056,#2057,#2342,.T.);
#1549=EDGE_CURVE('',#2055,#2057,#2343,.T.);
#1550=EDGE_CURVE('',#2058,#2059,#2344,.T.);
#1551=EDGE_CURVE('',#2058,#2060,#2345,.T.);
#1552=EDGE_CURVE('',#2060,#2061,#2346,.T.);
#1553=EDGE_CURVE('',#2059,#2061,#2347,.T.);
#1554=EDGE_CURVE('',#2062,#2063,#2348,.T.);
#1555=EDGE_CURVE('',#2063,#2064,#42,.T.);
#1556=EDGE_CURVE('',#2064,#2065,#2349,.T.);
#1557=EDGE_CURVE('',#2065,#2066,#165,.T.);
#1558=EDGE_CURVE('',#2067,#2066,#2350,.T.);
#1559=EDGE_CURVE('',#2068,#2067,#166,.T.);
#1560=EDGE_CURVE('',#2068,#2062,#43,.T.);
#1561=EDGE_CURVE('',#2060,#2069,#44,.T.);
#1562=EDGE_CURVE('',#2070,#2069,#2351,.T.);
#1563=EDGE_CURVE('',#2071,#2070,#167,.T.);
#1564=EDGE_CURVE('',#2071,#2072,#2352,.T.);
#1565=EDGE_CURVE('',#2072,#2061,#168,.T.);
#1566=EDGE_CURVE('',#2073,#2074,#2353,.T.);
#1567=EDGE_CURVE('',#2073,#2075,#2354,.T.);
#1568=EDGE_CURVE('',#2075,#2076,#2355,.T.);
#1569=EDGE_CURVE('',#2076,#2074,#2356,.T.);
#1570=EDGE_CURVE('',#2077,#2078,#2357,.T.);
#1571=EDGE_CURVE('',#2079,#2078,#2358,.T.);
#1572=EDGE_CURVE('',#2079,#2080,#2359,.T.);
#1573=EDGE_CURVE('',#2080,#2077,#2360,.T.);
#1574=EDGE_CURVE('',#2081,#2064,#2361,.F.);
#1575=EDGE_CURVE('',#2081,#2082,#2362,.T.);
#1576=EDGE_CURVE('',#2065,#2082,#2363,.T.);
#1577=EDGE_CURVE('',#2051,#2083,#2364,.T.);
#1578=EDGE_CURVE('',#2084,#2053,#2365,.T.);
#1579=EDGE_CURVE('',#2083,#2084,#2366,.T.);
#1580=EDGE_CURVE('',#2085,#2086,#2367,.T.);
#1581=EDGE_CURVE('',#2085,#2054,#2368,.T.);
#1582=EDGE_CURVE('',#2086,#2055,#2369,.T.);
#1583=EDGE_CURVE('',#2087,#2088,#2370,.T.);
#1584=EDGE_CURVE('',#2087,#2058,#83,.F.);
#1585=EDGE_CURVE('',#2089,#2059,#2371,.T.);
#1586=EDGE_CURVE('',#2088,#2089,#2372,.T.);
#1587=EDGE_CURVE('',#2090,#2091,#169,.T.);
#1588=EDGE_CURVE('',#2091,#2092,#170,.F.);
#1589=EDGE_CURVE('',#2093,#2092,#2373,.T.);
#1590=EDGE_CURVE('',#2093,#2094,#171,.F.);
#1591=EDGE_CURVE('',#2094,#2095,#2374,.T.);
#1592=EDGE_CURVE('',#2095,#2096,#172,.F.);
#1593=EDGE_CURVE('',#2083,#2096,#2375,.T.);
#1594=EDGE_CURVE('',#2097,#2084,#2376,.T.);
#1595=EDGE_CURVE('',#2097,#2098,#173,.F.);
#1596=EDGE_CURVE('',#2098,#2085,#2377,.T.);
#1597=EDGE_CURVE('',#2099,#2086,#2378,.T.);
#1598=EDGE_CURVE('',#2099,#2100,#174,.F.);
#1599=EDGE_CURVE('',#2101,#2100,#2379,.T.);
#1600=EDGE_CURVE('',#2101,#2102,#175,.F.);
#1601=EDGE_CURVE('',#2088,#2102,#2380,.T.);
#1602=EDGE_CURVE('',#2103,#2089,#2381,.T.);
#1603=EDGE_CURVE('',#2104,#2103,#2382,.T.);
#1604=EDGE_CURVE('',#2105,#2104,#2383,.T.);
#1605=EDGE_CURVE('',#2105,#2106,#176,.F.);
#1606=EDGE_CURVE('',#2107,#2106,#2384,.T.);
#1607=EDGE_CURVE('',#2107,#2108,#177,.F.);
#1608=EDGE_CURVE('',#2109,#2108,#2385,.T.);
#1609=EDGE_CURVE('',#2110,#2109,#2386,.T.);
#1610=EDGE_CURVE('',#2110,#2111,#178,.F.);
#1611=EDGE_CURVE('',#2111,#2112,#2387,.T.);
#1612=EDGE_CURVE('',#2112,#2113,#179,.F.);
#1613=EDGE_CURVE('',#2114,#2113,#2388,.T.);
#1614=EDGE_CURVE('',#2114,#2115,#180,.F.);
#1615=EDGE_CURVE('',#2116,#2115,#2389,.T.);
#1616=EDGE_CURVE('',#2116,#2117,#2390,.T.);
#1617=EDGE_CURVE('',#2117,#2118,#181,.F.);
#1618=EDGE_CURVE('',#2118,#2119,#2391,.T.);
#1619=EDGE_CURVE('',#2119,#2120,#182,.F.);
#1620=EDGE_CURVE('',#2121,#2120,#2392,.T.);
#1621=EDGE_CURVE('',#2122,#2121,#2393,.T.);
#1622=EDGE_CURVE('',#2122,#2090,#2394,.T.);
#1623=EDGE_CURVE('',#2123,#2124,#2395,.T.);
#1624=EDGE_CURVE('',#2123,#2125,#183,.F.);
#1625=EDGE_CURVE('',#2126,#2125,#2396,.T.);
#1626=EDGE_CURVE('',#2126,#2127,#184,.F.);
#1627=EDGE_CURVE('',#2128,#2127,#2397,.T.);
#1628=EDGE_CURVE('',#2128,#2124,#185,.F.);
#1629=EDGE_CURVE('',#2129,#2130,#2398,.T.);
#1630=EDGE_CURVE('',#2129,#2131,#186,.F.);
#1631=EDGE_CURVE('',#2131,#2132,#2399,.T.);
#1632=EDGE_CURVE('',#2132,#2133,#187,.F.);
#1633=EDGE_CURVE('',#2134,#2133,#2400,.T.);
#1634=EDGE_CURVE('',#2134,#2135,#188,.F.);
#1635=EDGE_CURVE('',#2136,#2135,#2401,.T.);
#1636=EDGE_CURVE('',#2136,#2130,#189,.F.);
#1637=EDGE_CURVE('',#2137,#2138,#2402,.T.);
#1638=EDGE_CURVE('',#2137,#2139,#190,.F.);
#1639=EDGE_CURVE('',#2139,#2140,#2403,.T.);
#1640=EDGE_CURVE('',#2140,#2141,#191,.F.);
#1641=EDGE_CURVE('',#2141,#2142,#2404,.T.);
#1642=EDGE_CURVE('',#2142,#2138,#192,.F.);
#1643=EDGE_CURVE('',#2143,#2144,#2405,.T.);
#1644=EDGE_CURVE('',#2143,#2145,#193,.F.);
#1645=EDGE_CURVE('',#2145,#2146,#2406,.T.);
#1646=EDGE_CURVE('',#2146,#2147,#194,.F.);
#1647=EDGE_CURVE('',#2147,#2148,#2407,.T.);
#1648=EDGE_CURVE('',#2148,#2149,#195,.F.);
#1649=EDGE_CURVE('',#2150,#2149,#2408,.T.);
#1650=EDGE_CURVE('',#2150,#2144,#196,.F.);
#1651=EDGE_CURVE('',#2074,#2109,#2409,.T.);
#1652=EDGE_CURVE('',#2076,#2110,#84,.F.);
#1653=EDGE_CURVE('',#2080,#2116,#2410,.T.);
#1654=EDGE_CURVE('',#2115,#2077,#85,.F.);
#1655=EDGE_CURVE('',#2151,#2081,#86,.T.);
#1656=EDGE_CURVE('',#2104,#2151,#2411,.T.);
#1657=EDGE_CURVE('',#2082,#2103,#2412,.T.);
#1658=EDGE_CURVE('',#1950,#2152,#45,.T.);
#1659=EDGE_CURVE('',#2152,#2153,#197,.T.);
#1660=EDGE_CURVE('',#2153,#1977,#46,.T.);
#1661=EDGE_CURVE('',#2154,#1976,#2413,.T.);
#1662=EDGE_CURVE('',#2154,#2155,#47,.T.);
#1663=EDGE_CURVE('',#2156,#2155,#198,.T.);
#1664=EDGE_CURVE('',#2157,#2156,#48,.T.);
#1665=EDGE_CURVE('',#1951,#2157,#2414,.T.);
#1666=EDGE_CURVE('',#2158,#2052,#2415,.T.);
#1667=EDGE_CURVE('',#2050,#1899,#2416,.T.);
#1668=EDGE_CURVE('',#1897,#2159,#2417,.T.);
#1669=EDGE_CURVE('',#2159,#2160,#199,.F.);
#1670=EDGE_CURVE('',#2160,#2161,#200,.T.);
#1671=EDGE_CURVE('',#2161,#1895,#2418,.T.);
#1672=EDGE_CURVE('',#1903,#2162,#201,.T.);
#1673=EDGE_CURVE('',#2162,#2163,#2419,.T.);
#1674=EDGE_CURVE('',#2163,#2164,#202,.T.);
#1675=EDGE_CURVE('',#2079,#2164,#2420,.T.);
#1676=EDGE_CURVE('',#2078,#2165,#203,.T.);
#1677=EDGE_CURVE('',#2165,#2166,#2421,.T.);
#1678=EDGE_CURVE('',#2166,#2075,#204,.T.);
#1679=EDGE_CURVE('',#2073,#2167,#2422,.T.);
#1680=EDGE_CURVE('',#2167,#2168,#205,.T.);
#1681=EDGE_CURVE('',#2168,#2169,#2423,.T.);
#1682=EDGE_CURVE('',#2169,#2063,#206,.T.);
#1683=EDGE_CURVE('',#2062,#2170,#87,.F.);
#1684=EDGE_CURVE('',#2170,#2171,#2424,.T.);
#1685=EDGE_CURVE('',#2171,#2172,#49,.T.);
#1686=EDGE_CURVE('',#2172,#1942,#207,.F.);
#1687=EDGE_CURVE('',#1941,#2173,#2425,.T.);
#1688=EDGE_CURVE('',#2173,#2174,#2426,.T.);
#1689=EDGE_CURVE('',#2174,#2175,#208,.F.);
#1690=EDGE_CURVE('',#2175,#2176,#2427,.T.);
#1691=EDGE_CURVE('',#2177,#2176,#209,.F.);
#1692=EDGE_CURVE('',#2177,#2178,#2428,.T.);
#1693=EDGE_CURVE('',#2178,#2179,#210,.F.);
#1694=EDGE_CURVE('',#2179,#2156,#2429,.T.);
#1695=EDGE_CURVE('',#2180,#2155,#2430,.T.);
#1696=EDGE_CURVE('',#2180,#2181,#88,.F.);
#1697=EDGE_CURVE('',#2181,#2070,#2431,.T.);
#1698=EDGE_CURVE('',#2069,#2182,#211,.T.);
#1699=EDGE_CURVE('',#2182,#2057,#2432,.T.);
#1700=EDGE_CURVE('',#2183,#2056,#2433,.T.);
#1701=EDGE_CURVE('',#2183,#2184,#212,.T.);
#1702=EDGE_CURVE('',#2184,#2185,#2434,.T.);
#1703=EDGE_CURVE('',#2185,#2158,#213,.T.);
#1704=EDGE_CURVE('',#2186,#2187,#214,.F.);
#1705=EDGE_CURVE('',#2188,#2187,#215,.F.);
#1706=EDGE_CURVE('',#2186,#2188,#216,.F.);
#1707=EDGE_CURVE('',#2189,#2189,#217,.F.);
#1708=EDGE_CURVE('',#2190,#2190,#218,.F.);
#1709=EDGE_CURVE('',#2191,#2191,#219,.T.);
#1710=EDGE_CURVE('',#2192,#2193,#220,.T.);
#1711=EDGE_CURVE('',#1938,#2193,#2435,.T.);
#1712=EDGE_CURVE('',#1937,#2194,#50,.T.);
#1713=EDGE_CURVE('',#2194,#2192,#221,.F.);
#1714=EDGE_CURVE('',#1975,#2195,#51,.T.);
#1715=EDGE_CURVE('',#2195,#2196,#52,.T.);
#1716=EDGE_CURVE('',#2196,#2154,#53,.T.);
#1717=EDGE_CURVE('',#2197,#2197,#222,.T.);
#1718=EDGE_CURVE('',#2198,#2198,#223,.T.);
#1719=EDGE_CURVE('',#2199,#2199,#224,.T.);
#1720=EDGE_CURVE('',#2200,#2200,#225,.T.);
#1721=EDGE_CURVE('',#2172,#1968,#54,.T.);
#1722=EDGE_CURVE('',#2201,#2201,#226,.T.);
#1723=EDGE_CURVE('',#2202,#2202,#227,.T.);
#1724=EDGE_CURVE('',#2203,#2204,#55,.T.);
#1725=EDGE_CURVE('',#1952,#2203,#2436,.T.);
#1726=EDGE_CURVE('',#2204,#2157,#56,.T.);
#1727=EDGE_CURVE('',#2178,#2205,#57,.T.);
#1728=EDGE_CURVE('',#2206,#2205,#228,.T.);
#1729=EDGE_CURVE('',#1949,#2206,#58,.T.);
#1730=EDGE_CURVE('',#2179,#2203,#59,.T.);
#1731=EDGE_CURVE('',#2207,#2207,#229,.T.);
#1732=EDGE_CURVE('',#2208,#2208,#230,.T.);
#1733=EDGE_CURVE('',#2209,#2209,#231,.T.);
#1734=EDGE_CURVE('',#2210,#2210,#232,.T.);
#1735=EDGE_CURVE('',#2211,#2211,#233,.T.);
#1736=EDGE_CURVE('',#2212,#2212,#234,.T.);
#1737=EDGE_CURVE('',#2213,#2214,#2437,.T.);
#1738=EDGE_CURVE('',#2213,#2180,#60,.T.);
#1739=EDGE_CURVE('',#2195,#2214,#61,.T.);
#1740=EDGE_CURVE('',#2215,#1898,#2438,.T.);
#1741=EDGE_CURVE('',#2215,#2159,#62,.T.);
#1742=EDGE_CURVE('',#2066,#2216,#2439,.T.);
#1743=EDGE_CURVE('',#2217,#2216,#2440,.T.);
#1744=EDGE_CURVE('',#2067,#2217,#2441,.T.);
#1745=EDGE_CURVE('',#2216,#2218,#2442,.T.);
#1746=EDGE_CURVE('',#2219,#2218,#2443,.T.);
#1747=EDGE_CURVE('',#2217,#2219,#2444,.T.);
#1748=EDGE_CURVE('',#2218,#2220,#2445,.T.);
#1749=EDGE_CURVE('',#2221,#2220,#2446,.T.);
#1750=EDGE_CURVE('',#2219,#2221,#2447,.T.);
#1751=EDGE_CURVE('',#2222,#2220,#2448,.T.);
#1752=EDGE_CURVE('',#2223,#2222,#2449,.T.);
#1753=EDGE_CURVE('',#2223,#2221,#2450,.T.);
#1754=EDGE_CURVE('',#2072,#2222,#2451,.T.);
#1755=EDGE_CURVE('',#2071,#2223,#2452,.T.);
#1756=EDGE_CURVE('',#1973,#2213,#2453,.F.);
#1757=EDGE_CURVE('',#2214,#1974,#63,.T.);
#1758=EDGE_CURVE('',#2170,#1970,#2454,.F.);
#1759=EDGE_CURVE('',#1969,#2171,#64,.T.);
#1760=EDGE_CURVE('',#2224,#2224,#235,.T.);
#1761=EDGE_CURVE('',#2225,#2225,#236,.T.);
#1762=EDGE_CURVE('',#2226,#2226,#237,.T.);
#1763=EDGE_CURVE('',#2227,#2227,#238,.T.);
#1764=EDGE_CURVE('',#1971,#2068,#2455,.T.);
#1765=EDGE_CURVE('',#2181,#1972,#2456,.T.);
#1766=EDGE_CURVE('',#2228,#1902,#2457,.T.);
#1767=EDGE_CURVE('',#2228,#2215,#65,.T.);
#1768=EDGE_CURVE('',#1896,#2122,#2458,.T.);
#1769=EDGE_CURVE('',#2229,#2121,#2459,.T.);
#1770=EDGE_CURVE('',#1904,#2229,#89,.T.);
#1771=EDGE_CURVE('',#2009,#2166,#2460,.F.);
#1772=EDGE_CURVE('',#2165,#2008,#2461,.T.);
#1773=EDGE_CURVE('',#2113,#2011,#2462,.T.);
#1774=EDGE_CURVE('',#2010,#2114,#2463,.F.);
#1775=EDGE_CURVE('',#2012,#2112,#2464,.F.);
#1776=EDGE_CURVE('',#2111,#2013,#2465,.T.);
#1777=EDGE_CURVE('',#1989,#2163,#2466,.F.);
#1778=EDGE_CURVE('',#2162,#1988,#2467,.T.);
#1779=EDGE_CURVE('',#2229,#1990,#2468,.T.);
#1780=EDGE_CURVE('',#1994,#2117,#2469,.F.);
#1781=EDGE_CURVE('',#2164,#1995,#2470,.T.);
#1782=EDGE_CURVE('',#2118,#1993,#2471,.T.);
#1783=EDGE_CURVE('',#1992,#2119,#2472,.F.);
#1784=EDGE_CURVE('',#2120,#1991,#2473,.T.);
#1785=EDGE_CURVE('',#2168,#2034,#2474,.T.);
#1786=EDGE_CURVE('',#2169,#2035,#2475,.T.);
#1787=EDGE_CURVE('',#2108,#2037,#2476,.T.);
#1788=EDGE_CURVE('',#2036,#2167,#2477,.F.);
#1789=EDGE_CURVE('',#2151,#2041,#2478,.T.);
#1790=EDGE_CURVE('',#2040,#2105,#2479,.F.);
#1791=EDGE_CURVE('',#2038,#2107,#2480,.F.);
#1792=EDGE_CURVE('',#2106,#2039,#2481,.T.);
#1793=EDGE_CURVE('',#2102,#2017,#2482,.T.);
#1794=EDGE_CURVE('',#2016,#2087,#2483,.F.);
#1795=EDGE_CURVE('',#2015,#2099,#2484,.F.);
#1796=EDGE_CURVE('',#2182,#2014,#2485,.T.);
#1797=EDGE_CURVE('',#2100,#2019,#2486,.T.);
#1798=EDGE_CURVE('',#2018,#2101,#2487,.F.);
#1799=EDGE_CURVE('',#2131,#2003,#2488,.T.);
#1800=EDGE_CURVE('',#2002,#2132,#2489,.F.);
#1801=EDGE_CURVE('',#2133,#2000,#2490,.T.);
#1802=EDGE_CURVE('',#2001,#2134,#2491,.F.);
#1803=EDGE_CURVE('',#2006,#2136,#2492,.F.);
#1804=EDGE_CURVE('',#2135,#2007,#2493,.T.);
#1805=EDGE_CURVE('',#2004,#2129,#2494,.F.);
#1806=EDGE_CURVE('',#2130,#2005,#2495,.T.);
#1807=EDGE_CURVE('',#2124,#2025,#2496,.T.);
#1808=EDGE_CURVE('',#2024,#2123,#2497,.F.);
#1809=EDGE_CURVE('',#2125,#2022,#2498,.T.);
#1810=EDGE_CURVE('',#2023,#2126,#2499,.F.);
#1811=EDGE_CURVE('',#2026,#2128,#2500,.F.);
#1812=EDGE_CURVE('',#2127,#2027,#2501,.T.);
#1813=EDGE_CURVE('',#2029,#2185,#2502,.F.);
#1814=EDGE_CURVE('',#2184,#2028,#2503,.T.);
#1815=EDGE_CURVE('',#2098,#2031,#2504,.T.);
#1816=EDGE_CURVE('',#2030,#2183,#2505,.F.);
#1817=EDGE_CURVE('',#2032,#2097,#2506,.F.);
#1818=EDGE_CURVE('',#2158,#2033,#2507,.T.);
#1819=EDGE_CURVE('',#2096,#1997,#2508,.T.);
#1820=EDGE_CURVE('',#2092,#2228,#66,.T.);
#1821=EDGE_CURVE('',#1996,#2093,#2509,.F.);
#1822=EDGE_CURVE('',#1998,#2095,#2510,.F.);
#1823=EDGE_CURVE('',#2094,#1999,#2511,.T.);
#1824=EDGE_CURVE('',#2141,#1985,#2512,.T.);
#1825=EDGE_CURVE('',#1984,#2142,#2513,.F.);
#1826=EDGE_CURVE('',#1983,#2137,#2514,.F.);
#1827=EDGE_CURVE('',#2138,#1982,#2515,.T.);
#1828=EDGE_CURVE('',#1986,#2140,#2516,.F.);
#1829=EDGE_CURVE('',#2139,#1987,#2517,.T.);
#1830=EDGE_CURVE('',#2147,#2045,#2518,.T.);
#1831=EDGE_CURVE('',#2044,#2148,#2519,.F.);
#1832=EDGE_CURVE('',#2043,#2150,#2520,.F.);
#1833=EDGE_CURVE('',#2149,#2042,#2521,.T.);
#1834=EDGE_CURVE('',#2048,#2143,#2522,.F.);
#1835=EDGE_CURVE('',#2144,#2049,#2523,.T.);
#1836=EDGE_CURVE('',#2145,#2047,#2524,.T.);
#1837=EDGE_CURVE('',#2046,#2146,#2525,.F.);
#1838=EDGE_CURVE('',#1978,#2230,#67,.T.);
#1839=EDGE_CURVE('',#2231,#2230,#239,.T.);
#1840=EDGE_CURVE('',#2231,#1979,#2526,.T.);
#1841=EDGE_CURVE('',#2232,#2206,#240,.T.);
#1842=EDGE_CURVE('',#2205,#2233,#2527,.T.);
#1843=EDGE_CURVE('',#2233,#2234,#241,.F.);
#1844=EDGE_CURVE('',#2234,#2235,#242,.T.);
#1845=EDGE_CURVE('',#2236,#2235,#243,.F.);
#1846=EDGE_CURVE('',#2236,#2237,#244,.F.);
#1847=EDGE_CURVE('',#2237,#2238,#245,.F.);
#1848=EDGE_CURVE('',#2238,#2239,#246,.T.);
#1849=EDGE_CURVE('',#2240,#2239,#247,.F.);
#1850=EDGE_CURVE('',#2240,#1936,#68,.T.);
#1851=EDGE_CURVE('',#1947,#2241,#248,.F.);
#1852=EDGE_CURVE('',#2242,#2241,#249,.T.);
#1853=EDGE_CURVE('',#2242,#2231,#250,.F.);
#1854=EDGE_CURVE('',#2230,#2153,#69,.T.);
#1855=EDGE_CURVE('',#2152,#2232,#70,.T.);
#1856=EDGE_CURVE('',#2232,#1948,#71,.T.);
#1857=EDGE_CURVE('',#1980,#2242,#2528,.F.);
#1858=EDGE_CURVE('',#2241,#1981,#2529,.T.);
#1859=EDGE_CURVE('',#2193,#1928,#2530,.F.);
#1860=EDGE_CURVE('',#1958,#2192,#2531,.F.);
#1861=EDGE_CURVE('',#1966,#2174,#2532,.F.);
#1862=EDGE_CURVE('',#2175,#1965,#2533,.T.);
#1863=EDGE_CURVE('',#2235,#1962,#72,.T.);
#1864=EDGE_CURVE('',#2187,#1961,#2534,.T.);
#1865=EDGE_CURVE('',#2186,#2236,#2535,.T.);
#1866=EDGE_CURVE('',#2173,#2243,#2536,.T.);
#1867=EDGE_CURVE('',#2243,#2244,#251,.F.);
#1868=EDGE_CURVE('',#2244,#1967,#2537,.T.);
#1869=EDGE_CURVE('',#2176,#1964,#2538,.T.);
#1870=EDGE_CURVE('',#1960,#2238,#73,.T.);
#1871=EDGE_CURVE('',#2188,#2237,#2539,.T.);
#1872=EDGE_CURVE('',#2233,#2177,#2540,.F.);
#1873=EDGE_CURVE('',#1963,#2234,#74,.T.);
#1874=EDGE_CURVE('',#2194,#2240,#75,.T.);
#1875=EDGE_CURVE('',#2239,#1959,#76,.T.);
#1876=EDGE_CURVE('',#1940,#1927,#2541,.T.);
#1877=EDGE_CURVE('',#1932,#1926,#2542,.T.);
#1878=EDGE_CURVE('',#2244,#2243,#77,.T.);
#1879=EDGE_CURVE('',#2245,#2245,#252,.T.);
#1880=EDGE_CURVE('',#2246,#2246,#253,.T.);
#1881=EDGE_CURVE('',#2247,#2247,#254,.F.);
#1882=EDGE_CURVE('',#2090,#2161,#2543,.T.);
#1883=EDGE_CURVE('',#2091,#2160,#2544,.T.);
#1884=EDGE_CURVE('',#1929,#1944,#2545,.T.);
#1885=EDGE_CURVE('',#1939,#1928,#2546,.T.);
#1886=EDGE_CURVE('',#2248,#1918,#2547,.T.);
#1887=EDGE_CURVE('',#1923,#2248,#2548,.T.);
#1888=EDGE_CURVE('',#1922,#1925,#2549,.T.);
#1889=EDGE_CURVE('',#2249,#1924,#2550,.T.);
#1890=EDGE_CURVE('',#2249,#1910,#2551,.T.);
#1891=EDGE_CURVE('',#1915,#2249,#2552,.T.);
#1892=EDGE_CURVE('',#1914,#2248,#2553,.T.);
#1893=VERTEX_POINT('',#4989);
#1894=VERTEX_POINT('',#4990);
#1895=VERTEX_POINT('',#4992);
#1896=VERTEX_POINT('',#4994);
#1897=VERTEX_POINT('',#4998);
#1898=VERTEX_POINT('',#4999);
#1899=VERTEX_POINT('',#5001);
#1900=VERTEX_POINT('',#5003);
#1901=VERTEX_POINT('',#5005);
#1902=VERTEX_POINT('',#5007);
#1903=VERTEX_POINT('',#5011);
#1904=VERTEX_POINT('',#5013);
#1905=VERTEX_POINT('',#5017);
#1906=VERTEX_POINT('',#5018);
#1907=VERTEX_POINT('',#5020);
#1908=VERTEX_POINT('',#5024);
#1909=VERTEX_POINT('',#5025);
#1910=VERTEX_POINT('',#5030);
#1911=VERTEX_POINT('',#5032);
#1912=VERTEX_POINT('',#5036);
#1913=VERTEX_POINT('',#5037);
#1914=VERTEX_POINT('',#5039);
#1915=VERTEX_POINT('',#5042);
#1916=VERTEX_POINT('',#5044);
#1917=VERTEX_POINT('',#5046);
#1918=VERTEX_POINT('',#5051);
#1919=VERTEX_POINT('',#5055);
#1920=VERTEX_POINT('',#5056);
#1921=VERTEX_POINT('',#5058);
#1922=VERTEX_POINT('',#5067);
#1923=VERTEX_POINT('',#5068);
#1924=VERTEX_POINT('',#5072);
#1925=VERTEX_POINT('',#5074);
#1926=VERTEX_POINT('',#5078);
#1927=VERTEX_POINT('',#5080);
#1928=VERTEX_POINT('',#5082);
#1929=VERTEX_POINT('',#5086);
#1930=VERTEX_POINT('',#5088);
#1931=VERTEX_POINT('',#5090);
#1932=VERTEX_POINT('',#5094);
#1933=VERTEX_POINT('',#5095);
#1934=VERTEX_POINT('',#5097);
#1935=VERTEX_POINT('',#5099);
#1936=VERTEX_POINT('',#5101);
#1937=VERTEX_POINT('',#5106);
#1938=VERTEX_POINT('',#5108);
#1939=VERTEX_POINT('',#5110);
#1940=VERTEX_POINT('',#5112);
#1941=VERTEX_POINT('',#5114);
#1942=VERTEX_POINT('',#5116);
#1943=VERTEX_POINT('',#5118);
#1944=VERTEX_POINT('',#5122);
#1945=VERTEX_POINT('',#5124);
#1946=VERTEX_POINT('',#5126);
#1947=VERTEX_POINT('',#5128);
#1948=VERTEX_POINT('',#5132);
#1949=VERTEX_POINT('',#5133);
#1950=VERTEX_POINT('',#5139);
#1951=VERTEX_POINT('',#5141);
#1952=VERTEX_POINT('',#5143);
#1953=VERTEX_POINT('',#5146);
#1954=VERTEX_POINT('',#5149);
#1955=VERTEX_POINT('',#5151);
#1956=VERTEX_POINT('',#5154);
#1957=VERTEX_POINT('',#5156);
#1958=VERTEX_POINT('',#5160);
#1959=VERTEX_POINT('',#5162);
#1960=VERTEX_POINT('',#5164);
#1961=VERTEX_POINT('',#5166);
#1962=VERTEX_POINT('',#5168);
#1963=VERTEX_POINT('',#5170);
#1964=VERTEX_POINT('',#5172);
#1965=VERTEX_POINT('',#5174);
#1966=VERTEX_POINT('',#5176);
#1967=VERTEX_POINT('',#5178);
#1968=VERTEX_POINT('',#5181);
#1969=VERTEX_POINT('',#5187);
#1970=VERTEX_POINT('',#5189);
#1971=VERTEX_POINT('',#5191);
#1972=VERTEX_POINT('',#5193);
#1973=VERTEX_POINT('',#5195);
#1974=VERTEX_POINT('',#5197);
#1975=VERTEX_POINT('',#5203);
#1976=VERTEX_POINT('',#5205);
#1977=VERTEX_POINT('',#5207);
#1978=VERTEX_POINT('',#5213);
#1979=VERTEX_POINT('',#5215);
#1980=VERTEX_POINT('',#5217);
#1981=VERTEX_POINT('',#5219);
#1982=VERTEX_POINT('',#5222);
#1983=VERTEX_POINT('',#5223);
#1984=VERTEX_POINT('',#5225);
#1985=VERTEX_POINT('',#5227);
#1986=VERTEX_POINT('',#5229);
#1987=VERTEX_POINT('',#5231);
#1988=VERTEX_POINT('',#5234);
#1989=VERTEX_POINT('',#5235);
#1990=VERTEX_POINT('',#5237);
#1991=VERTEX_POINT('',#5239);
#1992=VERTEX_POINT('',#5241);
#1993=VERTEX_POINT('',#5243);
#1994=VERTEX_POINT('',#5245);
#1995=VERTEX_POINT('',#5247);
#1996=VERTEX_POINT('',#5250);
#1997=VERTEX_POINT('',#5252);
#1998=VERTEX_POINT('',#5254);
#1999=VERTEX_POINT('',#5256);
#2000=VERTEX_POINT('',#5259);
#2001=VERTEX_POINT('',#5260);
#2002=VERTEX_POINT('',#5262);
#2003=VERTEX_POINT('',#5264);
#2004=VERTEX_POINT('',#5266);
#2005=VERTEX_POINT('',#5268);
#2006=VERTEX_POINT('',#5270);
#2007=VERTEX_POINT('',#5272);
#2008=VERTEX_POINT('',#5275);
#2009=VERTEX_POINT('',#5276);
#2010=VERTEX_POINT('',#5278);
#2011=VERTEX_POINT('',#5280);
#2012=VERTEX_POINT('',#5282);
#2013=VERTEX_POINT('',#5284);
#2014=VERTEX_POINT('',#5287);
#2015=VERTEX_POINT('',#5288);
#2016=VERTEX_POINT('',#5290);
#2017=VERTEX_POINT('',#5292);
#2018=VERTEX_POINT('',#5294);
#2019=VERTEX_POINT('',#5296);
#2020=VERTEX_POINT('',#5299);
#2021=VERTEX_POINT('',#5301);
#2022=VERTEX_POINT('',#5303);
#2023=VERTEX_POINT('',#5304);
#2024=VERTEX_POINT('',#5306);
#2025=VERTEX_POINT('',#5308);
#2026=VERTEX_POINT('',#5310);
#2027=VERTEX_POINT('',#5312);
#2028=VERTEX_POINT('',#5315);
#2029=VERTEX_POINT('',#5316);
#2030=VERTEX_POINT('',#5318);
#2031=VERTEX_POINT('',#5320);
#2032=VERTEX_POINT('',#5322);
#2033=VERTEX_POINT('',#5324);
#2034=VERTEX_POINT('',#5327);
#2035=VERTEX_POINT('',#5328);
#2036=VERTEX_POINT('',#5330);
#2037=VERTEX_POINT('',#5332);
#2038=VERTEX_POINT('',#5334);
#2039=VERTEX_POINT('',#5336);
#2040=VERTEX_POINT('',#5338);
#2041=VERTEX_POINT('',#5340);
#2042=VERTEX_POINT('',#5343);
#2043=VERTEX_POINT('',#5344);
#2044=VERTEX_POINT('',#5346);
#2045=VERTEX_POINT('',#5348);
#2046=VERTEX_POINT('',#5350);
#2047=VERTEX_POINT('',#5352);
#2048=VERTEX_POINT('',#5354);
#2049=VERTEX_POINT('',#5356);
#2050=VERTEX_POINT('',#5360);
#2051=VERTEX_POINT('',#5361);
#2052=VERTEX_POINT('',#5363);
#2053=VERTEX_POINT('',#5365);
#2054=VERTEX_POINT('',#5369);
#2055=VERTEX_POINT('',#5370);
#2056=VERTEX_POINT('',#5372);
#2057=VERTEX_POINT('',#5374);
#2058=VERTEX_POINT('',#5378);
#2059=VERTEX_POINT('',#5379);
#2060=VERTEX_POINT('',#5381);
#2061=VERTEX_POINT('',#5383);
#2062=VERTEX_POINT('',#5387);
#2063=VERTEX_POINT('',#5388);
#2064=VERTEX_POINT('',#5393);
#2065=VERTEX_POINT('',#5395);
#2066=VERTEX_POINT('',#5397);
#2067=VERTEX_POINT('',#5399);
#2068=VERTEX_POINT('',#5401);
#2069=VERTEX_POINT('',#5411);
#2070=VERTEX_POINT('',#5413);
#2071=VERTEX_POINT('',#5415);
#2072=VERTEX_POINT('',#5417);
#2073=VERTEX_POINT('',#5421);
#2074=VERTEX_POINT('',#5422);
#2075=VERTEX_POINT('',#5424);
#2076=VERTEX_POINT('',#5426);
#2077=VERTEX_POINT('',#5430);
#2078=VERTEX_POINT('',#5431);
#2079=VERTEX_POINT('',#5433);
#2080=VERTEX_POINT('',#5435);
#2081=VERTEX_POINT('',#5439);
#2082=VERTEX_POINT('',#5441);
#2083=VERTEX_POINT('',#5445);
#2084=VERTEX_POINT('',#5447);
#2085=VERTEX_POINT('',#5451);
#2086=VERTEX_POINT('',#5452);
#2087=VERTEX_POINT('',#5457);
#2088=VERTEX_POINT('',#5458);
#2089=VERTEX_POINT('',#5461);
#2090=VERTEX_POINT('',#5465);
#2091=VERTEX_POINT('',#5466);
#2092=VERTEX_POINT('',#5468);
#2093=VERTEX_POINT('',#5470);
#2094=VERTEX_POINT('',#5472);
#2095=VERTEX_POINT('',#5474);
#2096=VERTEX_POINT('',#5476);
#2097=VERTEX_POINT('',#5479);
#2098=VERTEX_POINT('',#5481);
#2099=VERTEX_POINT('',#5484);
#2100=VERTEX_POINT('',#5486);
#2101=VERTEX_POINT('',#5488);
#2102=VERTEX_POINT('',#5490);
#2103=VERTEX_POINT('',#5493);
#2104=VERTEX_POINT('',#5495);
#2105=VERTEX_POINT('',#5497);
#2106=VERTEX_POINT('',#5499);
#2107=VERTEX_POINT('',#5501);
#2108=VERTEX_POINT('',#5503);
#2109=VERTEX_POINT('',#5505);
#2110=VERTEX_POINT('',#5507);
#2111=VERTEX_POINT('',#5509);
#2112=VERTEX_POINT('',#5511);
#2113=VERTEX_POINT('',#5513);
#2114=VERTEX_POINT('',#5515);
#2115=VERTEX_POINT('',#5517);
#2116=VERTEX_POINT('',#5519);
#2117=VERTEX_POINT('',#5521);
#2118=VERTEX_POINT('',#5523);
#2119=VERTEX_POINT('',#5525);
#2120=VERTEX_POINT('',#5527);
#2121=VERTEX_POINT('',#5529);
#2122=VERTEX_POINT('',#5531);
#2123=VERTEX_POINT('',#5534);
#2124=VERTEX_POINT('',#5535);
#2125=VERTEX_POINT('',#5537);
#2126=VERTEX_POINT('',#5539);
#2127=VERTEX_POINT('',#5541);
#2128=VERTEX_POINT('',#5543);
#2129=VERTEX_POINT('',#5546);
#2130=VERTEX_POINT('',#5547);
#2131=VERTEX_POINT('',#5549);
#2132=VERTEX_POINT('',#5551);
#2133=VERTEX_POINT('',#5553);
#2134=VERTEX_POINT('',#5555);
#2135=VERTEX_POINT('',#5557);
#2136=VERTEX_POINT('',#5559);
#2137=VERTEX_POINT('',#5562);
#2138=VERTEX_POINT('',#5563);
#2139=VERTEX_POINT('',#5565);
#2140=VERTEX_POINT('',#5567);
#2141=VERTEX_POINT('',#5569);
#2142=VERTEX_POINT('',#5571);
#2143=VERTEX_POINT('',#5574);
#2144=VERTEX_POINT('',#5575);
#2145=VERTEX_POINT('',#5577);
#2146=VERTEX_POINT('',#5579);
#2147=VERTEX_POINT('',#5581);
#2148=VERTEX_POINT('',#5583);
#2149=VERTEX_POINT('',#5585);
#2150=VERTEX_POINT('',#5587);
#2151=VERTEX_POINT('',#5597);
#2152=VERTEX_POINT('',#5605);
#2153=VERTEX_POINT('',#5607);
#2154=VERTEX_POINT('',#5613);
#2155=VERTEX_POINT('',#5618);
#2156=VERTEX_POINT('',#5620);
#2157=VERTEX_POINT('',#5625);
#2158=VERTEX_POINT('',#5629);
#2159=VERTEX_POINT('',#5632);
#2160=VERTEX_POINT('',#5634);
#2161=VERTEX_POINT('',#5636);
#2162=VERTEX_POINT('',#5639);
#2163=VERTEX_POINT('',#5641);
#2164=VERTEX_POINT('',#5643);
#2165=VERTEX_POINT('',#5646);
#2166=VERTEX_POINT('',#5648);
#2167=VERTEX_POINT('',#5651);
#2168=VERTEX_POINT('',#5653);
#2169=VERTEX_POINT('',#5655);
#2170=VERTEX_POINT('',#5658);
#2171=VERTEX_POINT('',#5660);
#2172=VERTEX_POINT('',#5667);
#2173=VERTEX_POINT('',#5670);
#2174=VERTEX_POINT('',#5672);
#2175=VERTEX_POINT('',#5674);
#2176=VERTEX_POINT('',#5676);
#2177=VERTEX_POINT('',#5678);
#2178=VERTEX_POINT('',#5680);
#2179=VERTEX_POINT('',#5682);
#2180=VERTEX_POINT('',#5685);
#2181=VERTEX_POINT('',#5687);
#2182=VERTEX_POINT('',#5690);
#2183=VERTEX_POINT('',#5693);
#2184=VERTEX_POINT('',#5695);
#2185=VERTEX_POINT('',#5697);
#2186=VERTEX_POINT('',#5700);
#2187=VERTEX_POINT('',#5701);
#2188=VERTEX_POINT('',#5703);
#2189=VERTEX_POINT('',#5706);
#2190=VERTEX_POINT('',#5708);
#2191=VERTEX_POINT('',#5710);
#2192=VERTEX_POINT('',#5712);
#2193=VERTEX_POINT('',#5713);
#2194=VERTEX_POINT('',#5719);
#2195=VERTEX_POINT('',#5726);
#2196=VERTEX_POINT('',#5732);
#2197=VERTEX_POINT('',#5742);
#2198=VERTEX_POINT('',#5744);
#2199=VERTEX_POINT('',#5747);
#2200=VERTEX_POINT('',#5750);
#2201=VERTEX_POINT('',#5760);
#2202=VERTEX_POINT('',#5764);
#2203=VERTEX_POINT('',#5773);
#2204=VERTEX_POINT('',#5774);
#2205=VERTEX_POINT('',#5787);
#2206=VERTEX_POINT('',#5789);
#2207=VERTEX_POINT('',#5801);
#2208=VERTEX_POINT('',#5804);
#2209=VERTEX_POINT('',#5807);
#2210=VERTEX_POINT('',#5810);
#2211=VERTEX_POINT('',#5813);
#2212=VERTEX_POINT('',#5817);
#2213=VERTEX_POINT('',#5821);
#2214=VERTEX_POINT('',#5822);
#2215=VERTEX_POINT('',#5836);
#2216=VERTEX_POINT('',#5843);
#2217=VERTEX_POINT('',#5845);
#2218=VERTEX_POINT('',#5849);
#2219=VERTEX_POINT('',#5851);
#2220=VERTEX_POINT('',#5855);
#2221=VERTEX_POINT('',#5857);
#2222=VERTEX_POINT('',#5861);
#2223=VERTEX_POINT('',#5863);
#2224=VERTEX_POINT('',#5882);
#2225=VERTEX_POINT('',#5884);
#2226=VERTEX_POINT('',#5887);
#2227=VERTEX_POINT('',#5889);
#2228=VERTEX_POINT('',#5896);
#2229=VERTEX_POINT('',#5904);
#2230=VERTEX_POINT('',#6074);
#2231=VERTEX_POINT('',#6076);
#2232=VERTEX_POINT('',#6080);
#2233=VERTEX_POINT('',#6082);
#2234=VERTEX_POINT('',#6084);
#2235=VERTEX_POINT('',#6086);
#2236=VERTEX_POINT('',#6088);
#2237=VERTEX_POINT('',#6090);
#2238=VERTEX_POINT('',#6092);
#2239=VERTEX_POINT('',#6094);
#2240=VERTEX_POINT('',#6096);
#2241=VERTEX_POINT('',#6102);
#2242=VERTEX_POINT('',#6104);
#2243=VERTEX_POINT('',#6165);
#2244=VERTEX_POINT('',#6167);
#2245=VERTEX_POINT('',#6203);
#2246=VERTEX_POINT('',#6206);
#2247=VERTEX_POINT('',#6209);
#2248=VERTEX_POINT('',#6244);
#2249=VERTEX_POINT('',#6248);
#2250=LINE('',#4988,#2554);
#2251=LINE('',#4991,#2555);
#2252=LINE('',#4993,#2556);
#2253=LINE('',#4995,#2557);
#2254=LINE('',#4997,#2558);
#2255=LINE('',#5002,#2559);
#2256=LINE('',#5006,#2560);
#2257=LINE('',#5014,#2561);
#2258=LINE('',#5016,#2562);
#2259=LINE('',#5019,#2563);
#2260=LINE('',#5023,#2564);
#2261=LINE('',#5026,#2565);
#2262=LINE('',#5029,#2566);
#2263=LINE('',#5033,#2567);
#2264=LINE('',#5035,#2568);
#2265=LINE('',#5038,#2569);
#2266=LINE('',#5040,#2570);
#2267=LINE('',#5041,#2571);
#2268=LINE('',#5043,#2572);
#2269=LINE('',#5045,#2573);
#2270=LINE('',#5047,#2574);
#2271=LINE('',#5050,#2575);
#2272=LINE('',#5052,#2576);
#2273=LINE('',#5066,#2577);
#2274=LINE('',#5073,#2578);
#2275=LINE('',#5077,#2579);
#2276=LINE('',#5079,#2580);
#2277=LINE('',#5081,#2581);
#2278=LINE('',#5083,#2582);
#2279=LINE('',#5085,#2583);
#2280=LINE('',#5087,#2584);
#2281=LINE('',#5089,#2585);
#2282=LINE('',#5091,#2586);
#2283=LINE('',#5093,#2587);
#2284=LINE('',#5096,#2588);
#2285=LINE('',#5100,#2589);
#2286=LINE('',#5107,#2590);
#2287=LINE('',#5109,#2591);
#2288=LINE('',#5111,#2592);
#2289=LINE('',#5113,#2593);
#2290=LINE('',#5115,#2594);
#2291=LINE('',#5117,#2595);
#2292=LINE('',#5119,#2596);
#2293=LINE('',#5123,#2597);
#2294=LINE('',#5127,#2598);
#2295=LINE('',#5158,#2599);
#2296=LINE('',#5173,#2600);
#2297=LINE('',#5177,#2601);
#2298=LINE('',#5179,#2602);
#2299=LINE('',#5188,#2603);
#2300=LINE('',#5192,#2604);
#2301=LINE('',#5196,#2605);
#2302=LINE('',#5221,#2606);
#2303=LINE('',#5226,#2607);
#2304=LINE('',#5230,#2608);
#2305=LINE('',#5233,#2609);
#2306=LINE('',#5238,#2610);
#2307=LINE('',#5242,#2611);
#2308=LINE('',#5246,#2612);
#2309=LINE('',#5249,#2613);
#2310=LINE('',#5251,#2614);
#2311=LINE('',#5255,#2615);
#2312=LINE('',#5258,#2616);
#2313=LINE('',#5263,#2617);
#2314=LINE('',#5267,#2618);
#2315=LINE('',#5271,#2619);
#2316=LINE('',#5274,#2620);
#2317=LINE('',#5279,#2621);
#2318=LINE('',#5283,#2622);
#2319=LINE('',#5286,#2623);
#2320=LINE('',#5291,#2624);
#2321=LINE('',#5295,#2625);
#2322=LINE('',#5302,#2626);
#2323=LINE('',#5307,#2627);
#2324=LINE('',#5311,#2628);
#2325=LINE('',#5314,#2629);
#2326=LINE('',#5319,#2630);
#2327=LINE('',#5323,#2631);
#2328=LINE('',#5326,#2632);
#2329=LINE('',#5331,#2633);
#2330=LINE('',#5335,#2634);
#2331=LINE('',#5339,#2635);
#2332=LINE('',#5342,#2636);
#2333=LINE('',#5347,#2637);
#2334=LINE('',#5351,#2638);
#2335=LINE('',#5355,#2639);
#2336=LINE('',#5359,#2640);
#2337=LINE('',#5362,#2641);
#2338=LINE('',#5364,#2642);
#2339=LINE('',#5366,#2643);
#2340=LINE('',#5368,#2644);
#2341=LINE('',#5371,#2645);
#2342=LINE('',#5373,#2646);
#2343=LINE('',#5375,#2647);
#2344=LINE('',#5377,#2648);
#2345=LINE('',#5380,#2649);
#2346=LINE('',#5382,#2650);
#2347=LINE('',#5384,#2651);
#2348=LINE('',#5386,#2652);
#2349=LINE('',#5394,#2653);
#2350=LINE('',#5398,#2654);
#2351=LINE('',#5412,#2655);
#2352=LINE('',#5416,#2656);
#2353=LINE('',#5420,#2657);
#2354=LINE('',#5423,#2658);
#2355=LINE('',#5425,#2659);
#2356=LINE('',#5427,#2660);
#2357=LINE('',#5429,#2661);
#2358=LINE('',#5432,#2662);
#2359=LINE('',#5434,#2663);
#2360=LINE('',#5436,#2664);
#2361=LINE('',#5438,#2665);
#2362=LINE('',#5440,#2666);
#2363=LINE('',#5442,#2667);
#2364=LINE('',#5444,#2668);
#2365=LINE('',#5446,#2669);
#2366=LINE('',#5448,#2670);
#2367=LINE('',#5450,#2671);
#2368=LINE('',#5453,#2672);
#2369=LINE('',#5454,#2673);
#2370=LINE('',#5456,#2674);
#2371=LINE('',#5460,#2675);
#2372=LINE('',#5462,#2676);
#2373=LINE('',#5469,#2677);
#2374=LINE('',#5473,#2678);
#2375=LINE('',#5477,#2679);
#2376=LINE('',#5478,#2680);
#2377=LINE('',#5482,#2681);
#2378=LINE('',#5483,#2682);
#2379=LINE('',#5487,#2683);
#2380=LINE('',#5491,#2684);
#2381=LINE('',#5492,#2685);
#2382=LINE('',#5494,#2686);
#2383=LINE('',#5496,#2687);
#2384=LINE('',#5500,#2688);
#2385=LINE('',#5504,#2689);
#2386=LINE('',#5506,#2690);
#2387=LINE('',#5510,#2691);
#2388=LINE('',#5514,#2692);
#2389=LINE('',#5518,#2693);
#2390=LINE('',#5520,#2694);
#2391=LINE('',#5524,#2695);
#2392=LINE('',#5528,#2696);
#2393=LINE('',#5530,#2697);
#2394=LINE('',#5532,#2698);
#2395=LINE('',#5533,#2699);
#2396=LINE('',#5538,#2700);
#2397=LINE('',#5542,#2701);
#2398=LINE('',#5545,#2702);
#2399=LINE('',#5550,#2703);
#2400=LINE('',#5554,#2704);
#2401=LINE('',#5558,#2705);
#2402=LINE('',#5561,#2706);
#2403=LINE('',#5566,#2707);
#2404=LINE('',#5570,#2708);
#2405=LINE('',#5573,#2709);
#2406=LINE('',#5578,#2710);
#2407=LINE('',#5582,#2711);
#2408=LINE('',#5586,#2712);
#2409=LINE('',#5590,#2713);
#2410=LINE('',#5593,#2714);
#2411=LINE('',#5598,#2715);
#2412=LINE('',#5599,#2716);
#2413=LINE('',#5612,#2717);
#2414=LINE('',#5626,#2718);
#2415=LINE('',#5628,#2719);
#2416=LINE('',#5630,#2720);
#2417=LINE('',#5631,#2721);
#2418=LINE('',#5637,#2722);
#2419=LINE('',#5640,#2723);
#2420=LINE('',#5644,#2724);
#2421=LINE('',#5647,#2725);
#2422=LINE('',#5650,#2726);
#2423=LINE('',#5654,#2727);
#2424=LINE('',#5659,#2728);
#2425=LINE('',#5669,#2729);
#2426=LINE('',#5671,#2730);
#2427=LINE('',#5675,#2731);
#2428=LINE('',#5679,#2732);
#2429=LINE('',#5683,#2733);
#2430=LINE('',#5684,#2734);
#2431=LINE('',#5688,#2735);
#2432=LINE('',#5691,#2736);
#2433=LINE('',#5692,#2737);
#2434=LINE('',#5696,#2738);
#2435=LINE('',#5714,#2739);
#2436=LINE('',#5775,#2740);
#2437=LINE('',#5820,#2741);
#2438=LINE('',#5835,#2742);
#2439=LINE('',#5842,#2743);
#2440=LINE('',#5844,#2744);
#2441=LINE('',#5846,#2745);
#2442=LINE('',#5848,#2746);
#2443=LINE('',#5850,#2747);
#2444=LINE('',#5852,#2748);
#2445=LINE('',#5854,#2749);
#2446=LINE('',#5856,#2750);
#2447=LINE('',#5858,#2751);
#2448=LINE('',#5860,#2752);
#2449=LINE('',#5862,#2753);
#2450=LINE('',#5864,#2754);
#2451=LINE('',#5866,#2755);
#2452=LINE('',#5867,#2756);
#2453=LINE('',#5869,#2757);
#2454=LINE('',#5875,#2758);
#2455=LINE('',#5891,#2759);
#2456=LINE('',#5892,#2760);
#2457=LINE('',#5895,#2761);
#2458=LINE('',#5902,#2762);
#2459=LINE('',#5903,#2763);
#2460=LINE('',#5933,#2764);
#2461=LINE('',#5934,#2765);
#2462=LINE('',#5936,#2766);
#2463=LINE('',#5937,#2767);
#2464=LINE('',#5939,#2768);
#2465=LINE('',#5940,#2769);
#2466=LINE('',#5942,#2770);
#2467=LINE('',#5943,#2771);
#2468=LINE('',#5945,#2772);
#2469=LINE('',#5947,#2773);
#2470=LINE('',#5948,#2774);
#2471=LINE('',#5950,#2775);
#2472=LINE('',#5951,#2776);
#2473=LINE('',#5953,#2777);
#2474=LINE('',#5955,#2778);
#2475=LINE('',#5956,#2779);
#2476=LINE('',#5958,#2780);
#2477=LINE('',#5959,#2781);
#2478=LINE('',#5961,#2782);
#2479=LINE('',#5963,#2783);
#2480=LINE('',#5965,#2784);
#2481=LINE('',#5966,#2785);
#2482=LINE('',#5968,#2786);
#2483=LINE('',#5969,#2787);
#2484=LINE('',#5971,#2788);
#2485=LINE('',#5972,#2789);
#2486=LINE('',#5974,#2790);
#2487=LINE('',#5975,#2791);
#2488=LINE('',#5977,#2792);
#2489=LINE('',#5978,#2793);
#2490=LINE('',#5980,#2794);
#2491=LINE('',#5981,#2795);
#2492=LINE('',#5983,#2796);
#2493=LINE('',#5984,#2797);
#2494=LINE('',#5986,#2798);
#2495=LINE('',#5987,#2799);
#2496=LINE('',#5989,#2800);
#2497=LINE('',#5990,#2801);
#2498=LINE('',#5992,#2802);
#2499=LINE('',#5993,#2803);
#2500=LINE('',#5995,#2804);
#2501=LINE('',#5996,#2805);
#2502=LINE('',#5998,#2806);
#2503=LINE('',#5999,#2807);
#2504=LINE('',#6001,#2808);
#2505=LINE('',#6002,#2809);
#2506=LINE('',#6004,#2810);
#2507=LINE('',#6005,#2811);
#2508=LINE('',#6007,#2812);
#2509=LINE('',#6013,#2813);
#2510=LINE('',#6015,#2814);
#2511=LINE('',#6016,#2815);
#2512=LINE('',#6018,#2816);
#2513=LINE('',#6019,#2817);
#2514=LINE('',#6021,#2818);
#2515=LINE('',#6022,#2819);
#2516=LINE('',#6024,#2820);
#2517=LINE('',#6025,#2821);
#2518=LINE('',#6027,#2822);
#2519=LINE('',#6028,#2823);
#2520=LINE('',#6030,#2824);
#2521=LINE('',#6031,#2825);
#2522=LINE('',#6033,#2826);
#2523=LINE('',#6034,#2827);
#2524=LINE('',#6036,#2828);
#2525=LINE('',#6037,#2829);
#2526=LINE('',#6077,#2830);
#2527=LINE('',#6081,#2831);
#2528=LINE('',#6122,#2832);
#2529=LINE('',#6123,#2833);
#2530=LINE('',#6151,#2834);
#2531=LINE('',#6152,#2835);
#2532=LINE('',#6154,#2836);
#2533=LINE('',#6155,#2837);
#2534=LINE('',#6161,#2838);
#2535=LINE('',#6162,#2839);
#2536=LINE('',#6164,#2840);
#2537=LINE('',#6168,#2841);
#2538=LINE('',#6170,#2842);
#2539=LINE('',#6176,#2843);
#2540=LINE('',#6179,#2844);
#2541=LINE('',#6194,#2845);
#2542=LINE('',#6195,#2846);
#2543=LINE('',#6231,#2847);
#2544=LINE('',#6233,#2848);
#2545=LINE('',#6236,#2849);
#2546=LINE('',#6238,#2850);
#2547=LINE('',#6243,#2851);
#2548=LINE('',#6245,#2852);
#2549=LINE('',#6246,#2853);
#2550=LINE('',#6247,#2854);
#2551=LINE('',#6249,#2855);
#2552=LINE('',#6252,#2856);
#2553=LINE('',#6255,#2857);
#2554=VECTOR('',#3976,1.);
#2555=VECTOR('',#3977,1.);
#2556=VECTOR('',#3978,1.);
#2557=VECTOR('',#3979,1.);
#2558=VECTOR('',#3982,1.);
#2559=VECTOR('',#3985,1.);
#2560=VECTOR('',#3988,1.);
#2561=VECTOR('',#3997,1.);
#2562=VECTOR('',#4000,1.);
#2563=VECTOR('',#4001,1.);
#2564=VECTOR('',#4006,1.);
#2565=VECTOR('',#4007,1.);
#2566=VECTOR('',#4012,1.);
#2567=VECTOR('',#4015,1.);
#2568=VECTOR('',#4018,1.);
#2569=VECTOR('',#4019,1.);
#2570=VECTOR('',#4020,1.);
#2571=VECTOR('',#4021,1.);
#2572=VECTOR('',#4022,1.);
#2573=VECTOR('',#4023,1.);
#2574=VECTOR('',#4024,1.);
#2575=VECTOR('',#4029,1.);
#2576=VECTOR('',#4030,1.);
#2577=VECTOR('',#4037,1.);
#2578=VECTOR('',#4044,1.);
#2579=VECTOR('',#4049,1.);
#2580=VECTOR('',#4050,1.);
#2581=VECTOR('',#4051,1.);
#2582=VECTOR('',#4052,1.);
#2583=VECTOR('',#4055,1.);
#2584=VECTOR('',#4056,1.);
#2585=VECTOR('',#4057,1.);
#2586=VECTOR('',#4058,1.);
#2587=VECTOR('',#4061,1.);
#2588=VECTOR('',#4062,1.);
#2589=VECTOR('',#4065,1.);
#2590=VECTOR('',#4066,1.);
#2591=VECTOR('',#4067,1.);
#2592=VECTOR('',#4068,1.);
#2593=VECTOR('',#4069,1.);
#2594=VECTOR('',#4070,1.);
#2595=VECTOR('',#4071,1.);
#2596=VECTOR('',#4072,1.);
#2597=VECTOR('',#4077,1.);
#2598=VECTOR('',#4080,1.);
#2599=VECTOR('',#4109,1.);
#2600=VECTOR('',#4124,1.);
#2601=VECTOR('',#4127,1.);
#2602=VECTOR('',#4128,1.);
#2603=VECTOR('',#4131,1.);
#2604=VECTOR('',#4134,1.);
#2605=VECTOR('',#4137,1.);
#2606=VECTOR('',#4150,1.);
#2607=VECTOR('',#4153,1.);
#2608=VECTOR('',#4156,1.);
#2609=VECTOR('',#4159,1.);
#2610=VECTOR('',#4162,1.);
#2611=VECTOR('',#4165,1.);
#2612=VECTOR('',#4168,1.);
#2613=VECTOR('',#4171,1.);
#2614=VECTOR('',#4172,1.);
#2615=VECTOR('',#4175,1.);
#2616=VECTOR('',#4178,1.);
#2617=VECTOR('',#4181,1.);
#2618=VECTOR('',#4184,1.);
#2619=VECTOR('',#4187,1.);
#2620=VECTOR('',#4190,1.);
#2621=VECTOR('',#4193,1.);
#2622=VECTOR('',#4196,1.);
#2623=VECTOR('',#4199,1.);
#2624=VECTOR('',#4202,1.);
#2625=VECTOR('',#4205,1.);
#2626=VECTOR('',#4212,1.);
#2627=VECTOR('',#4215,1.);
#2628=VECTOR('',#4218,1.);
#2629=VECTOR('',#4221,1.);
#2630=VECTOR('',#4224,1.);
#2631=VECTOR('',#4227,1.);
#2632=VECTOR('',#4230,1.);
#2633=VECTOR('',#4233,1.);
#2634=VECTOR('',#4236,1.);
#2635=VECTOR('',#4239,1.);
#2636=VECTOR('',#4242,1.);
#2637=VECTOR('',#4245,1.);
#2638=VECTOR('',#4248,1.);
#2639=VECTOR('',#4251,1.);
#2640=VECTOR('',#4256,1.);
#2641=VECTOR('',#4257,1.);
#2642=VECTOR('',#4258,1.);
#2643=VECTOR('',#4259,1.);
#2644=VECTOR('',#4262,1.);
#2645=VECTOR('',#4263,1.);
#2646=VECTOR('',#4264,1.);
#2647=VECTOR('',#4265,1.);
#2648=VECTOR('',#4268,1.);
#2649=VECTOR('',#4269,1.);
#2650=VECTOR('',#4270,1.);
#2651=VECTOR('',#4271,1.);
#2652=VECTOR('',#4274,1.);
#2653=VECTOR('',#4275,1.);
#2654=VECTOR('',#4278,1.);
#2655=VECTOR('',#4283,1.);
#2656=VECTOR('',#4286,1.);
#2657=VECTOR('',#4291,1.);
#2658=VECTOR('',#4292,1.);
#2659=VECTOR('',#4293,1.);
#2660=VECTOR('',#4294,1.);
#2661=VECTOR('',#4297,1.);
#2662=VECTOR('',#4298,1.);
#2663=VECTOR('',#4299,1.);
#2664=VECTOR('',#4300,1.);
#2665=VECTOR('',#4303,1.);
#2666=VECTOR('',#4304,1.);
#2667=VECTOR('',#4305,1.);
#2668=VECTOR('',#4308,1.);
#2669=VECTOR('',#4309,1.);
#2670=VECTOR('',#4310,1.);
#2671=VECTOR('',#4313,1.);
#2672=VECTOR('',#4314,1.);
#2673=VECTOR('',#4315,1.);
#2674=VECTOR('',#4318,1.);
#2675=VECTOR('',#4321,1.);
#2676=VECTOR('',#4322,1.);
#2677=VECTOR('',#4329,1.);
#2678=VECTOR('',#4332,1.);
#2679=VECTOR('',#4335,1.);
#2680=VECTOR('',#4336,1.);
#2681=VECTOR('',#4339,1.);
#2682=VECTOR('',#4340,1.);
#2683=VECTOR('',#4343,1.);
#2684=VECTOR('',#4346,1.);
#2685=VECTOR('',#4347,1.);
#2686=VECTOR('',#4348,1.);
#2687=VECTOR('',#4349,1.);
#2688=VECTOR('',#4352,1.);
#2689=VECTOR('',#4355,1.);
#2690=VECTOR('',#4356,1.);
#2691=VECTOR('',#4359,1.);
#2692=VECTOR('',#4362,1.);
#2693=VECTOR('',#4365,1.);
#2694=VECTOR('',#4366,1.);
#2695=VECTOR('',#4369,1.);
#2696=VECTOR('',#4372,1.);
#2697=VECTOR('',#4373,1.);
#2698=VECTOR('',#4374,1.);
#2699=VECTOR('',#4375,1.);
#2700=VECTOR('',#4378,1.);
#2701=VECTOR('',#4381,1.);
#2702=VECTOR('',#4384,1.);
#2703=VECTOR('',#4387,1.);
#2704=VECTOR('',#4390,1.);
#2705=VECTOR('',#4393,1.);
#2706=VECTOR('',#4396,1.);
#2707=VECTOR('',#4399,1.);
#2708=VECTOR('',#4402,1.);
#2709=VECTOR('',#4405,1.);
#2710=VECTOR('',#4408,1.);
#2711=VECTOR('',#4411,1.);
#2712=VECTOR('',#4414,1.);
#2713=VECTOR('',#4419,1.);
#2714=VECTOR('',#4424,1.);
#2715=VECTOR('',#4431,1.);
#2716=VECTOR('',#4432,1.);
#2717=VECTOR('',#4437,1.);
#2718=VECTOR('',#4440,1.);
#2719=VECTOR('',#4443,1.);
#2720=VECTOR('',#4444,1.);
#2721=VECTOR('',#4445,1.);
#2722=VECTOR('',#4450,1.);
#2723=VECTOR('',#4453,1.);
#2724=VECTOR('',#4456,1.);
#2725=VECTOR('',#4459,1.);
#2726=VECTOR('',#4462,1.);
#2727=VECTOR('',#4465,1.);
#2728=VECTOR('',#4470,1.);
#2729=VECTOR('',#4473,1.);
#2730=VECTOR('',#4474,1.);
#2731=VECTOR('',#4477,1.);
#2732=VECTOR('',#4480,1.);
#2733=VECTOR('',#4483,1.);
#2734=VECTOR('',#4484,1.);
#2735=VECTOR('',#4487,1.);
#2736=VECTOR('',#4490,1.);
#2737=VECTOR('',#4491,1.);
#2738=VECTOR('',#4494,1.);
#2739=VECTOR('',#4511,1.);
#2740=VECTOR('',#4548,1.);
#2741=VECTOR('',#4585,1.);
#2742=VECTOR('',#4590,1.);
#2743=VECTOR('',#4593,1.);
#2744=VECTOR('',#4594,1.);
#2745=VECTOR('',#4595,1.);
#2746=VECTOR('',#4598,1.);
#2747=VECTOR('',#4599,1.);
#2748=VECTOR('',#4600,1.);
#2749=VECTOR('',#4603,1.);
#2750=VECTOR('',#4604,1.);
#2751=VECTOR('',#4605,1.);
#2752=VECTOR('',#4608,1.);
#2753=VECTOR('',#4609,1.);
#2754=VECTOR('',#4610,1.);
#2755=VECTOR('',#4613,1.);
#2756=VECTOR('',#4614,1.);
#2757=VECTOR('',#4617,1.);
#2758=VECTOR('',#4620,1.);
#2759=VECTOR('',#4635,1.);
#2760=VECTOR('',#4636,1.);
#2761=VECTOR('',#4641,1.);
#2762=VECTOR('',#4644,1.);
#2763=VECTOR('',#4645,1.);
#2764=VECTOR('',#4654,1.);
#2765=VECTOR('',#4655,1.);
#2766=VECTOR('',#4658,1.);
#2767=VECTOR('',#4659,1.);
#2768=VECTOR('',#4662,1.);
#2769=VECTOR('',#4663,1.);
#2770=VECTOR('',#4666,1.);
#2771=VECTOR('',#4667,1.);
#2772=VECTOR('',#4670,1.);
#2773=VECTOR('',#4673,1.);
#2774=VECTOR('',#4674,1.);
#2775=VECTOR('',#4677,1.);
#2776=VECTOR('',#4678,1.);
#2777=VECTOR('',#4681,1.);
#2778=VECTOR('',#4684,1.);
#2779=VECTOR('',#4685,1.);
#2780=VECTOR('',#4688,1.);
#2781=VECTOR('',#4689,1.);
#2782=VECTOR('',#4692,1.);
#2783=VECTOR('',#4695,1.);
#2784=VECTOR('',#4698,1.);
#2785=VECTOR('',#4699,1.);
#2786=VECTOR('',#4702,1.);
#2787=VECTOR('',#4703,1.);
#2788=VECTOR('',#4706,1.);
#2789=VECTOR('',#4707,1.);
#2790=VECTOR('',#4710,1.);
#2791=VECTOR('',#4711,1.);
#2792=VECTOR('',#4714,1.);
#2793=VECTOR('',#4715,1.);
#2794=VECTOR('',#4718,1.);
#2795=VECTOR('',#4719,1.);
#2796=VECTOR('',#4722,1.);
#2797=VECTOR('',#4723,1.);
#2798=VECTOR('',#4726,1.);
#2799=VECTOR('',#4727,1.);
#2800=VECTOR('',#4730,1.);
#2801=VECTOR('',#4731,1.);
#2802=VECTOR('',#4734,1.);
#2803=VECTOR('',#4735,1.);
#2804=VECTOR('',#4738,1.);
#2805=VECTOR('',#4739,1.);
#2806=VECTOR('',#4742,1.);
#2807=VECTOR('',#4743,1.);
#2808=VECTOR('',#4746,1.);
#2809=VECTOR('',#4747,1.);
#2810=VECTOR('',#4750,1.);
#2811=VECTOR('',#4751,1.);
#2812=VECTOR('',#4754,1.);
#2813=VECTOR('',#4757,1.);
#2814=VECTOR('',#4760,1.);
#2815=VECTOR('',#4761,1.);
#2816=VECTOR('',#4764,1.);
#2817=VECTOR('',#4765,1.);
#2818=VECTOR('',#4768,1.);
#2819=VECTOR('',#4769,1.);
#2820=VECTOR('',#4772,1.);
#2821=VECTOR('',#4773,1.);
#2822=VECTOR('',#4776,1.);
#2823=VECTOR('',#4777,1.);
#2824=VECTOR('',#4780,1.);
#2825=VECTOR('',#4781,1.);
#2826=VECTOR('',#4784,1.);
#2827=VECTOR('',#4785,1.);
#2828=VECTOR('',#4788,1.);
#2829=VECTOR('',#4789,1.);
#2830=VECTOR('',#4856,1.);
#2831=VECTOR('',#4861,1.);
#2832=VECTOR('',#4886,1.);
#2833=VECTOR('',#4887,1.);
#2834=VECTOR('',#4894,1.);
#2835=VECTOR('',#4895,1.);
#2836=VECTOR('',#4898,1.);
#2837=VECTOR('',#4899,1.);
#2838=VECTOR('',#4902,1.);
#2839=VECTOR('',#4903,1.);
#2840=VECTOR('',#4906,1.);
#2841=VECTOR('',#4909,1.);
#2842=VECTOR('',#4912,1.);
#2843=VECTOR('',#4915,1.);
#2844=VECTOR('',#4920,1.);
#2845=VECTOR('',#4925,1.);
#2846=VECTOR('',#4926,1.);
#2847=VECTOR('',#4949,1.);
#2848=VECTOR('',#4952,1.);
#2849=VECTOR('',#4957,1.);
#2850=VECTOR('',#4960,1.);
#2851=VECTOR('',#4969,1.);
#2852=VECTOR('',#4970,1.);
#2853=VECTOR('',#4971,1.);
#2854=VECTOR('',#4972,1.);
#2855=VECTOR('',#4973,1.);
#2856=VECTOR('',#4978,1.);
#2857=VECTOR('',#4983,1.);
#2858=EDGE_LOOP('',(#324,#325,#326,#327));
#2859=EDGE_LOOP('',(#328,#329,#330,#331,#332,#333));
#2860=EDGE_LOOP('',(#334,#335,#336,#337));
#2861=EDGE_LOOP('',(#338,#339,#340));
#2862=EDGE_LOOP('',(#341,#342,#343));
#2863=EDGE_LOOP('',(#344,#345,#346));
#2864=EDGE_LOOP('',(#347,#348,#349,#350,#351,#352,#353,#354,#355));
#2865=EDGE_LOOP('',(#356,#357,#358));
#2866=EDGE_LOOP('',(#359,#360,#361));
#2867=EDGE_LOOP('',(#362,#363,#364,#365,#366,#367,#368,#369));
#2868=EDGE_LOOP('',(#370,#371,#372,#373,#374));
#2869=EDGE_LOOP('',(#375,#376,#377,#378,#379));
#2870=EDGE_LOOP('',(#380,#381,#382,#383,#384,#385,#386,#387,#388,#389,#390,
#391));
#2871=EDGE_LOOP('',(#392,#393,#394,#395,#396,#397));
#2872=EDGE_LOOP('',(#398,#399,#400,#401,#402));
#2873=EDGE_LOOP('',(#403));
#2874=EDGE_LOOP('',(#404));
#2875=EDGE_LOOP('',(#405));
#2876=EDGE_LOOP('',(#406));
#2877=EDGE_LOOP('',(#407));
#2878=EDGE_LOOP('',(#408,#409,#410,#411,#412,#413,#414,#415,#416,#417,#418,
#419,#420,#421,#422,#423,#424,#425,#426,#427,#428,#429,#430,#431,#432,#433,
#434,#435,#436,#437));
#2879=EDGE_LOOP('',(#438,#439,#440,#441,#442,#443));
#2880=EDGE_LOOP('',(#444,#445,#446,#447,#448,#449,#450,#451));
#2881=EDGE_LOOP('',(#452,#453,#454,#455,#456,#457));
#2882=EDGE_LOOP('',(#458,#459,#460,#461,#462,#463,#464,#465));
#2883=EDGE_LOOP('',(#466,#467,#468,#469,#470,#471));
#2884=EDGE_LOOP('',(#472,#473,#474,#475,#476,#477));
#2885=EDGE_LOOP('',(#478));
#2886=EDGE_LOOP('',(#479));
#2887=EDGE_LOOP('',(#480,#481,#482,#483,#484,#485));
#2888=EDGE_LOOP('',(#486,#487,#488,#489,#490,#491));
#2889=EDGE_LOOP('',(#492,#493,#494,#495,#496,#497,#498,#499));
#2890=EDGE_LOOP('',(#500,#501,#502,#503,#504,#505,#506,#507));
#2891=EDGE_LOOP('',(#508,#509,#510,#511));
#2892=EDGE_LOOP('',(#512,#513,#514,#515));
#2893=EDGE_LOOP('',(#516,#517,#518,#519));
#2894=EDGE_LOOP('',(#520,#521,#522,#523,#524,#525,#526));
#2895=EDGE_LOOP('',(#527,#528,#529,#530,#531,#532));
#2896=EDGE_LOOP('',(#533,#534,#535,#536));
#2897=EDGE_LOOP('',(#537,#538,#539,#540));
#2898=EDGE_LOOP('',(#541,#542,#543,#544));
#2899=EDGE_LOOP('',(#545,#546,#547,#548));
#2900=EDGE_LOOP('',(#549,#550,#551,#552));
#2901=EDGE_LOOP('',(#553,#554,#555,#556,#557));
#2902=EDGE_LOOP('',(#558,#559,#560,#561,#562,#563,#564,#565,#566,#567,#568,
#569,#570,#571,#572,#573,#574,#575,#576,#577,#578,#579,#580,#581,#582,#583,
#584,#585,#586,#587,#588,#589,#590,#591,#592,#593,#594,#595,#596));
#2903=EDGE_LOOP('',(#597,#598,#599,#600,#601,#602));
#2904=EDGE_LOOP('',(#603,#604,#605,#606,#607,#608,#609,#610));
#2905=EDGE_LOOP('',(#611,#612,#613,#614,#615,#616));
#2906=EDGE_LOOP('',(#617,#618,#619,#620,#621,#622,#623,#624));
#2907=EDGE_LOOP('',(#625,#626,#627,#628));
#2908=EDGE_LOOP('',(#629,#630,#631,#632));
#2909=EDGE_LOOP('',(#633,#634,#635,#636,#637));
#2910=EDGE_LOOP('',(#638,#639,#640,#641,#642,#643,#644,#645,#646,#647));
#2911=EDGE_LOOP('',(#648,#649,#650,#651,#652,#653,#654,#655,#656,#657,#658,
#659,#660,#661,#662,#663,#664,#665,#666,#667,#668,#669,#670,#671,#672,#673,
#674,#675,#676,#677,#678,#679,#680,#681,#682,#683,#684,#685,#686,#687,#688,
#689,#690,#691,#692,#693,#694,#695,#696));
#2912=EDGE_LOOP('',(#697,#698,#699));
#2913=EDGE_LOOP('',(#700));
#2914=EDGE_LOOP('',(#701));
#2915=EDGE_LOOP('',(#702));
#2916=EDGE_LOOP('',(#703,#704,#705,#706,#707));
#2917=EDGE_LOOP('',(#708,#709,#710,#711,#712));
#2918=EDGE_LOOP('',(#713));
#2919=EDGE_LOOP('',(#714));
#2920=EDGE_LOOP('',(#715));
#2921=EDGE_LOOP('',(#716));
#2922=EDGE_LOOP('',(#717));
#2923=EDGE_LOOP('',(#718));
#2924=EDGE_LOOP('',(#719,#720,#721,#722));
#2925=EDGE_LOOP('',(#723));
#2926=EDGE_LOOP('',(#724));
#2927=EDGE_LOOP('',(#725));
#2928=EDGE_LOOP('',(#726));
#2929=EDGE_LOOP('',(#727));
#2930=EDGE_LOOP('',(#728));
#2931=EDGE_LOOP('',(#729));
#2932=EDGE_LOOP('',(#730));
#2933=EDGE_LOOP('',(#731));
#2934=EDGE_LOOP('',(#732));
#2935=EDGE_LOOP('',(#733,#734,#735,#736,#737));
#2936=EDGE_LOOP('',(#738,#739,#740,#741,#742,#743,#744));
#2937=EDGE_LOOP('',(#745));
#2938=EDGE_LOOP('',(#746));
#2939=EDGE_LOOP('',(#747));
#2940=EDGE_LOOP('',(#748));
#2941=EDGE_LOOP('',(#749));
#2942=EDGE_LOOP('',(#750));
#2943=EDGE_LOOP('',(#751));
#2944=EDGE_LOOP('',(#752));
#2945=EDGE_LOOP('',(#753));
#2946=EDGE_LOOP('',(#754));
#2947=EDGE_LOOP('',(#755));
#2948=EDGE_LOOP('',(#756));
#2949=EDGE_LOOP('',(#757));
#2950=EDGE_LOOP('',(#758));
#2951=EDGE_LOOP('',(#759));
#2952=EDGE_LOOP('',(#760));
#2953=EDGE_LOOP('',(#761,#762,#763,#764,#765,#766,#767));
#2954=EDGE_LOOP('',(#768,#769,#770,#771,#772));
#2955=EDGE_LOOP('',(#773,#774,#775,#776));
#2956=EDGE_LOOP('',(#777,#778,#779,#780));
#2957=EDGE_LOOP('',(#781,#782,#783,#784));
#2958=EDGE_LOOP('',(#785,#786,#787,#788));
#2959=EDGE_LOOP('',(#789,#790,#791,#792));
#2960=EDGE_LOOP('',(#793,#794,#795,#796));
#2961=EDGE_LOOP('',(#797,#798,#799,#800));
#2962=EDGE_LOOP('',(#801,#802,#803,#804));
#2963=EDGE_LOOP('',(#805));
#2964=EDGE_LOOP('',(#806));
#2965=EDGE_LOOP('',(#807));
#2966=EDGE_LOOP('',(#808));
#2967=EDGE_LOOP('',(#809,#810,#811,#812,#813,#814,#815,#816,#817,#818,#819));
#2968=EDGE_LOOP('',(#820));
#2969=EDGE_LOOP('',(#821));
#2970=EDGE_LOOP('',(#822,#823,#824,#825,#826,#827,#828,#829,#830,#831,#832,
#833));
#2971=EDGE_LOOP('',(#834));
#2972=EDGE_LOOP('',(#835));
#2973=EDGE_LOOP('',(#836,#837,#838,#839));
#2974=EDGE_LOOP('',(#840,#841,#842,#843,#844,#845));
#2975=EDGE_LOOP('',(#846,#847,#848,#849,#850));
#2976=EDGE_LOOP('',(#851,#852,#853,#854,#855));
#2977=EDGE_LOOP('',(#856,#857,#858,#859));
#2978=EDGE_LOOP('',(#860,#861,#862,#863));
#2979=EDGE_LOOP('',(#864,#865,#866,#867));
#2980=EDGE_LOOP('',(#868,#869,#870,#871));
#2981=EDGE_LOOP('',(#872,#873,#874,#875));
#2982=EDGE_LOOP('',(#876,#877,#878,#879));
#2983=EDGE_LOOP('',(#880,#881,#882,#883,#884,#885));
#2984=EDGE_LOOP('',(#886,#887,#888,#889,#890,#891,#892));
#2985=EDGE_LOOP('',(#893,#894,#895,#896));
#2986=EDGE_LOOP('',(#897,#898,#899,#900,#901));
#2987=EDGE_LOOP('',(#902,#903,#904,#905));
#2988=EDGE_LOOP('',(#906,#907,#908,#909,#910,#911,#912));
#2989=EDGE_LOOP('',(#913,#914,#915,#916,#917,#918,#919));
#2990=EDGE_LOOP('',(#920,#921,#922,#923,#924));
#2991=EDGE_LOOP('',(#925,#926,#927,#928));
#2992=EDGE_LOOP('',(#929,#930,#931,#932,#933));
#2993=EDGE_LOOP('',(#934,#935,#936,#937,#938,#939,#940));
#2994=EDGE_LOOP('',(#941,#942,#943,#944));
#2995=EDGE_LOOP('',(#945,#946,#947,#948));
#2996=EDGE_LOOP('',(#949,#950,#951,#952));
#2997=EDGE_LOOP('',(#953,#954,#955,#956));
#2998=EDGE_LOOP('',(#957,#958,#959,#960));
#2999=EDGE_LOOP('',(#961,#962,#963,#964));
#3000=EDGE_LOOP('',(#965,#966,#967,#968));
#3001=EDGE_LOOP('',(#969,#970,#971,#972));
#3002=EDGE_LOOP('',(#973,#974,#975,#976));
#3003=EDGE_LOOP('',(#977,#978,#979,#980,#981,#982,#983));
#3004=EDGE_LOOP('',(#984,#985,#986,#987,#988,#989,#990));
#3005=EDGE_LOOP('',(#991,#992,#993,#994,#995,#996,#997));
#3006=EDGE_LOOP('',(#998,#999,#1000,#1001,#1002,#1003));
#3007=EDGE_LOOP('',(#1004,#1005,#1006,#1007));
#3008=EDGE_LOOP('',(#1008,#1009,#1010,#1011));
#3009=EDGE_LOOP('',(#1012,#1013,#1014,#1015));
#3010=EDGE_LOOP('',(#1016,#1017,#1018,#1019));
#3011=EDGE_LOOP('',(#1020,#1021,#1022,#1023));
#3012=EDGE_LOOP('',(#1024,#1025,#1026,#1027));
#3013=EDGE_LOOP('',(#1028,#1029,#1030,#1031));
#3014=EDGE_LOOP('',(#1032,#1033,#1034,#1035));
#3015=EDGE_LOOP('',(#1036,#1037,#1038,#1039));
#3016=EDGE_LOOP('',(#1040,#1041,#1042,#1043));
#3017=EDGE_LOOP('',(#1044,#1045,#1046,#1047));
#3018=EDGE_LOOP('',(#1048,#1049,#1050,#1051));
#3019=EDGE_LOOP('',(#1052,#1053,#1054,#1055));
#3020=EDGE_LOOP('',(#1056,#1057,#1058,#1059));
#3021=EDGE_LOOP('',(#1060,#1061,#1062,#1063));
#3022=EDGE_LOOP('',(#1064,#1065,#1066,#1067));
#3023=EDGE_LOOP('',(#1068,#1069,#1070,#1071));
#3024=EDGE_LOOP('',(#1072,#1073,#1074,#1075));
#3025=EDGE_LOOP('',(#1076,#1077,#1078,#1079));
#3026=EDGE_LOOP('',(#1080,#1081,#1082,#1083));
#3027=EDGE_LOOP('',(#1084,#1085,#1086,#1087));
#3028=EDGE_LOOP('',(#1088,#1089,#1090,#1091));
#3029=EDGE_LOOP('',(#1092,#1093,#1094,#1095));
#3030=EDGE_LOOP('',(#1096,#1097,#1098,#1099));
#3031=EDGE_LOOP('',(#1100,#1101,#1102,#1103));
#3032=EDGE_LOOP('',(#1104,#1105,#1106,#1107,#1108,#1109,#1110));
#3033=EDGE_LOOP('',(#1111,#1112,#1113,#1114,#1115,#1116,#1117));
#3034=EDGE_LOOP('',(#1118,#1119,#1120,#1121));
#3035=EDGE_LOOP('',(#1122,#1123,#1124,#1125));
#3036=EDGE_LOOP('',(#1126,#1127,#1128,#1129));
#3037=EDGE_LOOP('',(#1130,#1131,#1132,#1133));
#3038=EDGE_LOOP('',(#1134,#1135,#1136,#1137));
#3039=EDGE_LOOP('',(#1138,#1139,#1140,#1141));
#3040=EDGE_LOOP('',(#1142,#1143,#1144,#1145));
#3041=EDGE_LOOP('',(#1146,#1147,#1148,#1149));
#3042=EDGE_LOOP('',(#1150,#1151,#1152,#1153));
#3043=EDGE_LOOP('',(#1154,#1155,#1156,#1157));
#3044=EDGE_LOOP('',(#1158,#1159,#1160,#1161,#1162,#1163,#1164));
#3045=EDGE_LOOP('',(#1165,#1166,#1167,#1168));
#3046=EDGE_LOOP('',(#1169,#1170,#1171,#1172));
#3047=EDGE_LOOP('',(#1173,#1174,#1175,#1176,#1177,#1178,#1179,#1180,#1181,
#1182,#1183,#1184,#1185,#1186,#1187,#1188,#1189,#1190,#1191,#1192));
#3048=EDGE_LOOP('',(#1193));
#3049=EDGE_LOOP('',(#1194));
#3050=EDGE_LOOP('',(#1195,#1196,#1197,#1198));
#3051=EDGE_LOOP('',(#1199,#1200,#1201,#1202));
#3052=EDGE_LOOP('',(#1203,#1204,#1205,#1206));
#3053=EDGE_LOOP('',(#1207,#1208,#1209,#1210));
#3054=EDGE_LOOP('',(#1211,#1212,#1213,#1214));
#3055=EDGE_LOOP('',(#1215,#1216,#1217,#1218));
#3056=EDGE_LOOP('',(#1219,#1220,#1221,#1222,#1223,#1224,#1225));
#3057=EDGE_LOOP('',(#1226,#1227,#1228,#1229));
#3058=EDGE_LOOP('',(#1230,#1231,#1232,#1233,#1234,#1235));
#3059=EDGE_LOOP('',(#1236,#1237,#1238,#1239,#1240,#1241));
#3060=EDGE_LOOP('',(#1242,#1243,#1244,#1245));
#3061=EDGE_LOOP('',(#1246,#1247,#1248,#1249,#1250,#1251));
#3062=EDGE_LOOP('',(#1252,#1253,#1254,#1255));
#3063=EDGE_LOOP('',(#1256,#1257,#1258,#1259,#1260,#1261));
#3064=EDGE_LOOP('',(#1262,#1263,#1264,#1265,#1266,#1267));
#3065=EDGE_LOOP('',(#1268,#1269,#1270,#1271,#1272,#1273,#1274,#1275,#1276,
#1277));
#3066=EDGE_LOOP('',(#1278,#1279,#1280,#1281));
#3067=EDGE_LOOP('',(#1282));
#3068=EDGE_LOOP('',(#1283));
#3069=EDGE_LOOP('',(#1284));
#3070=EDGE_LOOP('',(#1285));
#3071=EDGE_LOOP('',(#1286));
#3072=EDGE_LOOP('',(#1287,#1288));
#3073=EDGE_LOOP('',(#1289));
#3074=EDGE_LOOP('',(#1290,#1291,#1292,#1293));
#3075=EDGE_LOOP('',(#1294,#1295,#1296,#1297));
#3076=EDGE_LOOP('',(#1298,#1299,#1300,#1301));
#3077=EDGE_LOOP('',(#1302,#1303,#1304,#1305));
#3078=EDGE_LOOP('',(#1306,#1307,#1308,#1309,#1310));
#3079=EDGE_LOOP('',(#1311,#1312,#1313,#1314));
#3080=EDGE_LOOP('',(#1315,#1316,#1317,#1318,#1319,#1320));
#3081=EDGE_LOOP('',(#1321,#1322,#1323,#1324,#1325,#1326));
#3082=EDGE_LOOP('',(#1327,#1328,#1329,#1330));
#3083=EDGE_LOOP('',(#1331,#1332,#1333,#1334));
#3084=EDGE_LOOP('',(#1335,#1336,#1337,#1338));
#3085=EDGE_LOOP('',(#1339,#1340));
#3086=EDGE_LOOP('',(#1341,#1342,#1343,#1344,#1345,#1346,#1347,#1348,#1349));
#3087=EDGE_LOOP('',(#1350,#1351));
#3088=EDGE_LOOP('',(#1352,#1353,#1354,#1355,#1356));
#3089=EDGE_LOOP('',(#1357,#1358,#1359,#1360));
#3090=EDGE_LOOP('',(#1361,#1362,#1363,#1364,#1365));
#3091=EDGE_LOOP('',(#1366,#1367,#1368,#1369));
#3092=FACE_BOUND('',#2858,.T.);
#3093=FACE_BOUND('',#2859,.T.);
#3094=FACE_BOUND('',#2860,.T.);
#3095=FACE_BOUND('',#2861,.T.);
#3096=FACE_BOUND('',#2862,.T.);
#3097=FACE_BOUND('',#2863,.T.);
#3098=FACE_BOUND('',#2864,.T.);
#3099=FACE_BOUND('',#2865,.T.);
#3100=FACE_BOUND('',#2866,.T.);
#3101=FACE_BOUND('',#2867,.T.);
#3102=FACE_BOUND('',#2868,.T.);
#3103=FACE_BOUND('',#2869,.T.);
#3104=FACE_BOUND('',#2870,.T.);
#3105=FACE_BOUND('',#2871,.T.);
#3106=FACE_BOUND('',#2872,.T.);
#3107=FACE_BOUND('',#2873,.T.);
#3108=FACE_BOUND('',#2874,.T.);
#3109=FACE_BOUND('',#2875,.T.);
#3110=FACE_BOUND('',#2876,.T.);
#3111=FACE_BOUND('',#2877,.T.);
#3112=FACE_BOUND('',#2878,.T.);
#3113=FACE_BOUND('',#2879,.T.);
#3114=FACE_BOUND('',#2880,.T.);
#3115=FACE_BOUND('',#2881,.T.);
#3116=FACE_BOUND('',#2882,.T.);
#3117=FACE_BOUND('',#2883,.T.);
#3118=FACE_BOUND('',#2884,.T.);
#3119=FACE_BOUND('',#2885,.T.);
#3120=FACE_BOUND('',#2886,.T.);
#3121=FACE_BOUND('',#2887,.T.);
#3122=FACE_BOUND('',#2888,.T.);
#3123=FACE_BOUND('',#2889,.T.);
#3124=FACE_BOUND('',#2890,.T.);
#3125=FACE_BOUND('',#2891,.T.);
#3126=FACE_BOUND('',#2892,.T.);
#3127=FACE_BOUND('',#2893,.T.);
#3128=FACE_BOUND('',#2894,.T.);
#3129=FACE_BOUND('',#2895,.T.);
#3130=FACE_BOUND('',#2896,.T.);
#3131=FACE_BOUND('',#2897,.T.);
#3132=FACE_BOUND('',#2898,.T.);
#3133=FACE_BOUND('',#2899,.T.);
#3134=FACE_BOUND('',#2900,.T.);
#3135=FACE_BOUND('',#2901,.T.);
#3136=FACE_BOUND('',#2902,.T.);
#3137=FACE_BOUND('',#2903,.T.);
#3138=FACE_BOUND('',#2904,.T.);
#3139=FACE_BOUND('',#2905,.T.);
#3140=FACE_BOUND('',#2906,.T.);
#3141=FACE_BOUND('',#2907,.T.);
#3142=FACE_BOUND('',#2908,.T.);
#3143=FACE_BOUND('',#2909,.T.);
#3144=FACE_BOUND('',#2910,.T.);
#3145=FACE_BOUND('',#2911,.T.);
#3146=FACE_BOUND('',#2912,.T.);
#3147=FACE_BOUND('',#2913,.T.);
#3148=FACE_BOUND('',#2914,.T.);
#3149=FACE_BOUND('',#2915,.T.);
#3150=FACE_BOUND('',#2916,.T.);
#3151=FACE_BOUND('',#2917,.T.);
#3152=FACE_BOUND('',#2918,.T.);
#3153=FACE_BOUND('',#2919,.T.);
#3154=FACE_BOUND('',#2920,.T.);
#3155=FACE_BOUND('',#2921,.T.);
#3156=FACE_BOUND('',#2922,.T.);
#3157=FACE_BOUND('',#2923,.T.);
#3158=FACE_BOUND('',#2924,.T.);
#3159=FACE_BOUND('',#2925,.T.);
#3160=FACE_BOUND('',#2926,.T.);
#3161=FACE_BOUND('',#2927,.T.);
#3162=FACE_BOUND('',#2928,.T.);
#3163=FACE_BOUND('',#2929,.T.);
#3164=FACE_BOUND('',#2930,.T.);
#3165=FACE_BOUND('',#2931,.T.);
#3166=FACE_BOUND('',#2932,.T.);
#3167=FACE_BOUND('',#2933,.T.);
#3168=FACE_BOUND('',#2934,.T.);
#3169=FACE_BOUND('',#2935,.T.);
#3170=FACE_BOUND('',#2936,.T.);
#3171=FACE_BOUND('',#2937,.T.);
#3172=FACE_BOUND('',#2938,.T.);
#3173=FACE_BOUND('',#2939,.T.);
#3174=FACE_BOUND('',#2940,.T.);
#3175=FACE_BOUND('',#2941,.T.);
#3176=FACE_BOUND('',#2942,.T.);
#3177=FACE_BOUND('',#2943,.T.);
#3178=FACE_BOUND('',#2944,.T.);
#3179=FACE_BOUND('',#2945,.T.);
#3180=FACE_BOUND('',#2946,.T.);
#3181=FACE_BOUND('',#2947,.T.);
#3182=FACE_BOUND('',#2948,.T.);
#3183=FACE_BOUND('',#2949,.T.);
#3184=FACE_BOUND('',#2950,.T.);
#3185=FACE_BOUND('',#2951,.T.);
#3186=FACE_BOUND('',#2952,.T.);
#3187=FACE_BOUND('',#2953,.T.);
#3188=FACE_BOUND('',#2954,.T.);
#3189=FACE_BOUND('',#2955,.T.);
#3190=FACE_BOUND('',#2956,.T.);
#3191=FACE_BOUND('',#2957,.T.);
#3192=FACE_BOUND('',#2958,.T.);
#3193=FACE_BOUND('',#2959,.T.);
#3194=FACE_BOUND('',#2960,.T.);
#3195=FACE_BOUND('',#2961,.T.);
#3196=FACE_BOUND('',#2962,.T.);
#3197=FACE_BOUND('',#2963,.T.);
#3198=FACE_BOUND('',#2964,.T.);
#3199=FACE_BOUND('',#2965,.T.);
#3200=FACE_BOUND('',#2966,.T.);
#3201=FACE_BOUND('',#2967,.T.);
#3202=FACE_BOUND('',#2968,.T.);
#3203=FACE_BOUND('',#2969,.T.);
#3204=FACE_BOUND('',#2970,.T.);
#3205=FACE_BOUND('',#2971,.T.);
#3206=FACE_BOUND('',#2972,.T.);
#3207=FACE_BOUND('',#2973,.T.);
#3208=FACE_BOUND('',#2974,.T.);
#3209=FACE_BOUND('',#2975,.T.);
#3210=FACE_BOUND('',#2976,.T.);
#3211=FACE_BOUND('',#2977,.T.);
#3212=FACE_BOUND('',#2978,.T.);
#3213=FACE_BOUND('',#2979,.T.);
#3214=FACE_BOUND('',#2980,.T.);
#3215=FACE_BOUND('',#2981,.T.);
#3216=FACE_BOUND('',#2982,.T.);
#3217=FACE_BOUND('',#2983,.T.);
#3218=FACE_BOUND('',#2984,.T.);
#3219=FACE_BOUND('',#2985,.T.);
#3220=FACE_BOUND('',#2986,.T.);
#3221=FACE_BOUND('',#2987,.T.);
#3222=FACE_BOUND('',#2988,.T.);
#3223=FACE_BOUND('',#2989,.T.);
#3224=FACE_BOUND('',#2990,.T.);
#3225=FACE_BOUND('',#2991,.T.);
#3226=FACE_BOUND('',#2992,.T.);
#3227=FACE_BOUND('',#2993,.T.);
#3228=FACE_BOUND('',#2994,.T.);
#3229=FACE_BOUND('',#2995,.T.);
#3230=FACE_BOUND('',#2996,.T.);
#3231=FACE_BOUND('',#2997,.T.);
#3232=FACE_BOUND('',#2998,.T.);
#3233=FACE_BOUND('',#2999,.T.);
#3234=FACE_BOUND('',#3000,.T.);
#3235=FACE_BOUND('',#3001,.T.);
#3236=FACE_BOUND('',#3002,.T.);
#3237=FACE_BOUND('',#3003,.T.);
#3238=FACE_BOUND('',#3004,.T.);
#3239=FACE_BOUND('',#3005,.T.);
#3240=FACE_BOUND('',#3006,.T.);
#3241=FACE_BOUND('',#3007,.T.);
#3242=FACE_BOUND('',#3008,.T.);
#3243=FACE_BOUND('',#3009,.T.);
#3244=FACE_BOUND('',#3010,.T.);
#3245=FACE_BOUND('',#3011,.T.);
#3246=FACE_BOUND('',#3012,.T.);
#3247=FACE_BOUND('',#3013,.T.);
#3248=FACE_BOUND('',#3014,.T.);
#3249=FACE_BOUND('',#3015,.T.);
#3250=FACE_BOUND('',#3016,.T.);
#3251=FACE_BOUND('',#3017,.T.);
#3252=FACE_BOUND('',#3018,.T.);
#3253=FACE_BOUND('',#3019,.T.);
#3254=FACE_BOUND('',#3020,.T.);
#3255=FACE_BOUND('',#3021,.T.);
#3256=FACE_BOUND('',#3022,.T.);
#3257=FACE_BOUND('',#3023,.T.);
#3258=FACE_BOUND('',#3024,.T.);
#3259=FACE_BOUND('',#3025,.T.);
#3260=FACE_BOUND('',#3026,.T.);
#3261=FACE_BOUND('',#3027,.T.);
#3262=FACE_BOUND('',#3028,.T.);
#3263=FACE_BOUND('',#3029,.T.);
#3264=FACE_BOUND('',#3030,.T.);
#3265=FACE_BOUND('',#3031,.T.);
#3266=FACE_BOUND('',#3032,.T.);
#3267=FACE_BOUND('',#3033,.T.);
#3268=FACE_BOUND('',#3034,.T.);
#3269=FACE_BOUND('',#3035,.T.);
#3270=FACE_BOUND('',#3036,.T.);
#3271=FACE_BOUND('',#3037,.T.);
#3272=FACE_BOUND('',#3038,.T.);
#3273=FACE_BOUND('',#3039,.T.);
#3274=FACE_BOUND('',#3040,.T.);
#3275=FACE_BOUND('',#3041,.T.);
#3276=FACE_BOUND('',#3042,.T.);
#3277=FACE_BOUND('',#3043,.T.);
#3278=FACE_BOUND('',#3044,.T.);
#3279=FACE_BOUND('',#3045,.T.);
#3280=FACE_BOUND('',#3046,.T.);
#3281=FACE_BOUND('',#3047,.T.);
#3282=FACE_BOUND('',#3048,.T.);
#3283=FACE_BOUND('',#3049,.T.);
#3284=FACE_BOUND('',#3050,.T.);
#3285=FACE_BOUND('',#3051,.T.);
#3286=FACE_BOUND('',#3052,.T.);
#3287=FACE_BOUND('',#3053,.T.);
#3288=FACE_BOUND('',#3054,.T.);
#3289=FACE_BOUND('',#3055,.T.);
#3290=FACE_BOUND('',#3056,.T.);
#3291=FACE_BOUND('',#3057,.T.);
#3292=FACE_BOUND('',#3058,.T.);
#3293=FACE_BOUND('',#3059,.T.);
#3294=FACE_BOUND('',#3060,.T.);
#3295=FACE_BOUND('',#3061,.T.);
#3296=FACE_BOUND('',#3062,.T.);
#3297=FACE_BOUND('',#3063,.T.);
#3298=FACE_BOUND('',#3064,.T.);
#3299=FACE_BOUND('',#3065,.T.);
#3300=FACE_BOUND('',#3066,.T.);
#3301=FACE_BOUND('',#3067,.T.);
#3302=FACE_BOUND('',#3068,.T.);
#3303=FACE_BOUND('',#3069,.T.);
#3304=FACE_BOUND('',#3070,.T.);
#3305=FACE_BOUND('',#3071,.T.);
#3306=FACE_BOUND('',#3072,.T.);
#3307=FACE_BOUND('',#3073,.T.);
#3308=FACE_BOUND('',#3074,.T.);
#3309=FACE_BOUND('',#3075,.T.);
#3310=FACE_BOUND('',#3076,.T.);
#3311=FACE_BOUND('',#3077,.T.);
#3312=FACE_BOUND('',#3078,.T.);
#3313=FACE_BOUND('',#3079,.T.);
#3314=FACE_BOUND('',#3080,.T.);
#3315=FACE_BOUND('',#3081,.T.);
#3316=FACE_BOUND('',#3082,.T.);
#3317=FACE_BOUND('',#3083,.T.);
#3318=FACE_BOUND('',#3084,.T.);
#3319=FACE_BOUND('',#3085,.T.);
#3320=FACE_BOUND('',#3086,.T.);
#3321=FACE_BOUND('',#3087,.T.);
#3322=FACE_BOUND('',#3088,.T.);
#3323=FACE_BOUND('',#3089,.T.);
#3324=FACE_BOUND('',#3090,.T.);
#3325=FACE_BOUND('',#3091,.T.);
#3326=PLANE('',#3618);
#3327=PLANE('',#3626);
#3328=PLANE('',#3628);
#3329=PLANE('',#3630);
#3330=PLANE('',#3632);
#3331=PLANE('',#3633);
#3332=PLANE('',#3642);
#3333=PLANE('',#3643);
#3334=PLANE('',#3644);
#3335=PLANE('',#3650);
#3336=PLANE('',#3662);
#3337=PLANE('',#3715);
#3338=PLANE('',#3716);
#3339=PLANE('',#3717);
#3340=PLANE('',#3724);
#3341=PLANE('',#3725);
#3342=PLANE('',#3726);
#3343=PLANE('',#3727);
#3344=PLANE('',#3728);
#3345=PLANE('',#3729);
#3346=PLANE('',#3731);
#3347=PLANE('',#3760);
#3348=PLANE('',#3762);
#3349=PLANE('',#3764);
#3350=PLANE('',#3769);
#3351=PLANE('',#3804);
#3352=PLANE('',#3805);
#3353=PLANE('',#3808);
#3354=PLANE('',#3814);
#3355=PLANE('',#3817);
#3356=PLANE('',#3821);
#3357=PLANE('',#3823);
#3358=PLANE('',#3826);
#3359=PLANE('',#3831);
#3360=PLANE('',#3832);
#3361=PLANE('',#3833);
#3362=PLANE('',#3834);
#3363=PLANE('',#3835);
#3364=PLANE('',#3836);
#3365=PLANE('',#3837);
#3366=PLANE('',#3838);
#3367=PLANE('',#3845);
#3368=PLANE('',#3846);
#3369=PLANE('',#3847);
#3370=PLANE('',#3848);
#3371=PLANE('',#3852);
#3372=PLANE('',#3853);
#3373=PLANE('',#3854);
#3374=PLANE('',#3855);
#3375=PLANE('',#3857);
#3376=PLANE('',#3858);
#3377=PLANE('',#3859);
#3378=PLANE('',#3860);
#3379=PLANE('',#3861);
#3380=PLANE('',#3863);
#3381=PLANE('',#3864);
#3382=PLANE('',#3865);
#3383=PLANE('',#3866);
#3384=PLANE('',#3867);
#3385=PLANE('',#3868);
#3386=PLANE('',#3869);
#3387=PLANE('',#3870);
#3388=PLANE('',#3871);
#3389=PLANE('',#3872);
#3390=PLANE('',#3873);
#3391=PLANE('',#3874);
#3392=PLANE('',#3875);
#3393=PLANE('',#3876);
#3394=PLANE('',#3877);
#3395=PLANE('',#3878);
#3396=PLANE('',#3879);
#3397=PLANE('',#3880);
#3398=PLANE('',#3881);
#3399=PLANE('',#3882);
#3400=PLANE('',#3883);
#3401=PLANE('',#3884);
#3402=PLANE('',#3885);
#3403=PLANE('',#3886);
#3404=PLANE('',#3887);
#3405=PLANE('',#3921);
#3406=PLANE('',#3940);
#3407=PLANE('',#3942);
#3408=PLANE('',#3947);
#3409=PLANE('',#3950);
#3410=PLANE('',#3955);
#3411=PLANE('',#3958);
#3412=PLANE('',#3961);
#3413=PLANE('',#3962);
#3414=PLANE('',#3963);
#3415=PLANE('',#3964);
#3416=PLANE('',#3965);
#3417=PLANE('',#3966);
#3418=PLANE('',#3967);
#3419=PLANE('',#3968);
#3420=PLANE('',#3969);
#3421=PLANE('',#3970);
#3422=PLANE('',#3971);
#3423=ADVANCED_FACE('',(#3092),#3326,.T.);
#3424=ADVANCED_FACE('',(#3093),#255,.F.);
#3425=ADVANCED_FACE('',(#3094),#256,.T.);
#3426=ADVANCED_FACE('',(#3095),#3327,.F.);
#3427=ADVANCED_FACE('',(#3096),#3328,.F.);
#3428=ADVANCED_FACE('',(#3097),#3329,.F.);
#3429=ADVANCED_FACE('',(#3098),#3330,.F.);
#3430=ADVANCED_FACE('',(#3099),#3331,.F.);
#3431=ADVANCED_FACE('',(#3100,#3101),#257,.F.);
#3432=ADVANCED_FACE('',(#3102),#3332,.T.);
#3433=ADVANCED_FACE('',(#3103),#3333,.T.);
#3434=ADVANCED_FACE('',(#3104),#3334,.T.);
#3435=ADVANCED_FACE('',(#3105),#258,.F.);
#3436=ADVANCED_FACE('',(#3106,#3107),#3335,.F.);
#3437=ADVANCED_FACE('',(#3108,#3109),#259,.F.);
#3438=ADVANCED_FACE('',(#3110,#3111),#260,.F.);
#3439=ADVANCED_FACE('',(#3112,#3113,#3114,#3115,#3116,#3117,#3118,#3119,
#3120,#3121,#3122,#3123,#3124),#3336,.F.);
#3440=ADVANCED_FACE('',(#3125),#3337,.T.);
#3441=ADVANCED_FACE('',(#3126),#3338,.T.);
#3442=ADVANCED_FACE('',(#3127),#3339,.T.);
#3443=ADVANCED_FACE('',(#3128),#261,.T.);
#3444=ADVANCED_FACE('',(#3129),#262,.T.);
#3445=ADVANCED_FACE('',(#3130),#3340,.T.);
#3446=ADVANCED_FACE('',(#3131),#3341,.T.);
#3447=ADVANCED_FACE('',(#3132),#3342,.T.);
#3448=ADVANCED_FACE('',(#3133),#3343,.T.);
#3449=ADVANCED_FACE('',(#3134),#3344,.T.);
#3450=ADVANCED_FACE('',(#3135),#3345,.T.);
#3451=ADVANCED_FACE('',(#3136,#3137,#3138,#3139,#3140),#3346,.T.);
#3452=ADVANCED_FACE('',(#3141),#3347,.T.);
#3453=ADVANCED_FACE('',(#3142),#3348,.T.);
#3454=ADVANCED_FACE('',(#3143),#3349,.T.);
#3455=ADVANCED_FACE('',(#3144),#27,.F.);
#3456=ADVANCED_FACE('',(#3145,#3146,#3147,#3148,#3149,#3150),#3350,.F.);
#3457=ADVANCED_FACE('',(#3151),#28,.T.);
#3458=ADVANCED_FACE('',(#3152,#3153),#263,.F.);
#3459=ADVANCED_FACE('',(#3154,#3155),#264,.F.);
#3460=ADVANCED_FACE('',(#3156,#3157),#265,.F.);
#3461=ADVANCED_FACE('',(#3158),#29,.T.);
#3462=ADVANCED_FACE('',(#3159,#3160),#3351,.T.);
#3463=ADVANCED_FACE('',(#3161,#3162),#3352,.T.);
#3464=ADVANCED_FACE('',(#3163,#3164),#266,.F.);
#3465=ADVANCED_FACE('',(#3165,#3166),#3353,.T.);
#3466=ADVANCED_FACE('',(#3167,#3168),#267,.F.);
#3467=ADVANCED_FACE('',(#3169),#30,.T.);
#3468=ADVANCED_FACE('',(#3170),#31,.T.);
#3469=ADVANCED_FACE('',(#3171,#3172),#3354,.T.);
#3470=ADVANCED_FACE('',(#3173,#3174),#268,.F.);
#3471=ADVANCED_FACE('',(#3175,#3176),#3355,.T.);
#3472=ADVANCED_FACE('',(#3177,#3178),#269,.F.);
#3473=ADVANCED_FACE('',(#3179,#3180),#3356,.T.);
#3474=ADVANCED_FACE('',(#3181),#3357,.T.);
#3475=ADVANCED_FACE('',(#3182,#3183),#270,.F.);
#3476=ADVANCED_FACE('',(#3184),#3358,.T.);
#3477=ADVANCED_FACE('',(#3185,#3186),#271,.F.);
#3478=ADVANCED_FACE('',(#3187),#272,.T.);
#3479=ADVANCED_FACE('',(#3188),#273,.T.);
#3480=ADVANCED_FACE('',(#3189),#3359,.T.);
#3481=ADVANCED_FACE('',(#3190),#3360,.F.);
#3482=ADVANCED_FACE('',(#3191),#3361,.F.);
#3483=ADVANCED_FACE('',(#3192),#3362,.F.);
#3484=ADVANCED_FACE('',(#3193),#3363,.T.);
#3485=ADVANCED_FACE('',(#3194),#3364,.T.);
#3486=ADVANCED_FACE('',(#3195),#3365,.F.);
#3487=ADVANCED_FACE('',(#3196),#3366,.F.);
#3488=ADVANCED_FACE('',(#3197,#3198),#274,.F.);
#3489=ADVANCED_FACE('',(#3199,#3200),#275,.F.);
#3490=ADVANCED_FACE('',(#3201,#3202,#3203),#3367,.T.);
#3491=ADVANCED_FACE('',(#3204,#3205,#3206),#3368,.F.);
#3492=ADVANCED_FACE('',(#3207),#3369,.T.);
#3493=ADVANCED_FACE('',(#3208),#3370,.T.);
#3494=ADVANCED_FACE('',(#3209),#276,.T.);
#3495=ADVANCED_FACE('',(#3210),#277,.T.);
#3496=ADVANCED_FACE('',(#3211),#23,.F.);
#3497=ADVANCED_FACE('',(#3212),#24,.F.);
#3498=ADVANCED_FACE('',(#3213),#3371,.F.);
#3499=ADVANCED_FACE('',(#3214),#3372,.F.);
#3500=ADVANCED_FACE('',(#3215),#3373,.T.);
#3501=ADVANCED_FACE('',(#3216),#3374,.F.);
#3502=ADVANCED_FACE('',(#3217),#278,.F.);
#3503=ADVANCED_FACE('',(#3218),#3375,.T.);
#3504=ADVANCED_FACE('',(#3219),#3376,.T.);
#3505=ADVANCED_FACE('',(#3220),#3377,.F.);
#3506=ADVANCED_FACE('',(#3221),#3378,.F.);
#3507=ADVANCED_FACE('',(#3222),#3379,.F.);
#3508=ADVANCED_FACE('',(#3223),#279,.F.);
#3509=ADVANCED_FACE('',(#3224),#3380,.F.);
#3510=ADVANCED_FACE('',(#3225),#3381,.F.);
#3511=ADVANCED_FACE('',(#3226),#3382,.F.);
#3512=ADVANCED_FACE('',(#3227),#3383,.F.);
#3513=ADVANCED_FACE('',(#3228),#3384,.F.);
#3514=ADVANCED_FACE('',(#3229),#3385,.T.);
#3515=ADVANCED_FACE('',(#3230),#3386,.F.);
#3516=ADVANCED_FACE('',(#3231),#3387,.F.);
#3517=ADVANCED_FACE('',(#3232),#3388,.F.);
#3518=ADVANCED_FACE('',(#3233),#3389,.F.);
#3519=ADVANCED_FACE('',(#3234),#3390,.F.);
#3520=ADVANCED_FACE('',(#3235),#3391,.F.);
#3521=ADVANCED_FACE('',(#3236),#3392,.F.);
#3522=ADVANCED_FACE('',(#3237),#3393,.T.);
#3523=ADVANCED_FACE('',(#3238),#3394,.F.);
#3524=ADVANCED_FACE('',(#3239),#3395,.F.);
#3525=ADVANCED_FACE('',(#3240),#3396,.F.);
#3526=ADVANCED_FACE('',(#3241),#3397,.T.);
#3527=ADVANCED_FACE('',(#3242),#3398,.T.);
#3528=ADVANCED_FACE('',(#3243),#3399,.F.);
#3529=ADVANCED_FACE('',(#3244),#3400,.T.);
#3530=ADVANCED_FACE('',(#3245),#3401,.T.);
#3531=ADVANCED_FACE('',(#3246),#3402,.F.);
#3532=ADVANCED_FACE('',(#3247),#3403,.F.);
#3533=ADVANCED_FACE('',(#3248),#3404,.T.);
#3534=ADVANCED_FACE('',(#3249),#280,.F.);
#3535=ADVANCED_FACE('',(#3250),#281,.F.);
#3536=ADVANCED_FACE('',(#3251),#282,.F.);
#3537=ADVANCED_FACE('',(#3252),#283,.F.);
#3538=ADVANCED_FACE('',(#3253),#284,.F.);
#3539=ADVANCED_FACE('',(#3254),#285,.F.);
#3540=ADVANCED_FACE('',(#3255),#286,.F.);
#3541=ADVANCED_FACE('',(#3256),#287,.F.);
#3542=ADVANCED_FACE('',(#3257),#288,.F.);
#3543=ADVANCED_FACE('',(#3258),#289,.F.);
#3544=ADVANCED_FACE('',(#3259),#290,.F.);
#3545=ADVANCED_FACE('',(#3260),#291,.F.);
#3546=ADVANCED_FACE('',(#3261),#292,.F.);
#3547=ADVANCED_FACE('',(#3262),#293,.F.);
#3548=ADVANCED_FACE('',(#3263),#294,.F.);
#3549=ADVANCED_FACE('',(#3264),#295,.F.);
#3550=ADVANCED_FACE('',(#3265),#296,.F.);
#3551=ADVANCED_FACE('',(#3266),#297,.F.);
#3552=ADVANCED_FACE('',(#3267),#298,.F.);
#3553=ADVANCED_FACE('',(#3268),#299,.F.);
#3554=ADVANCED_FACE('',(#3269),#300,.F.);
#3555=ADVANCED_FACE('',(#3270),#301,.F.);
#3556=ADVANCED_FACE('',(#3271),#302,.F.);
#3557=ADVANCED_FACE('',(#3272),#303,.F.);
#3558=ADVANCED_FACE('',(#3273),#304,.F.);
#3559=ADVANCED_FACE('',(#3274),#305,.F.);
#3560=ADVANCED_FACE('',(#3275),#306,.F.);
#3561=ADVANCED_FACE('',(#3276),#307,.F.);
#3562=ADVANCED_FACE('',(#3277),#308,.F.);
#3563=ADVANCED_FACE('',(#3278),#309,.F.);
#3564=ADVANCED_FACE('',(#3279),#310,.F.);
#3565=ADVANCED_FACE('',(#3280),#311,.F.);
#3566=ADVANCED_FACE('',(#3281,#3282,#3283),#3405,.T.);
#3567=ADVANCED_FACE('',(#3284),#312,.F.);
#3568=ADVANCED_FACE('',(#3285),#313,.F.);
#3569=ADVANCED_FACE('',(#3286),#25,.T.);
#3570=ADVANCED_FACE('',(#3287),#26,.T.);
#3571=ADVANCED_FACE('',(#3288),#314,.T.);
#3572=ADVANCED_FACE('',(#3289),#315,.T.);
#3573=ADVANCED_FACE('',(#3290),#316,.F.);
#3574=ADVANCED_FACE('',(#3291),#317,.T.);
#3575=ADVANCED_FACE('',(#3292),#318,.T.);
#3576=ADVANCED_FACE('',(#3293),#3406,.T.);
#3577=ADVANCED_FACE('',(#3294),#3407,.T.);
#3578=ADVANCED_FACE('',(#3295),#319,.F.);
#3579=ADVANCED_FACE('',(#3296),#320,.F.);
#3580=ADVANCED_FACE('',(#3297),#321,.F.);
#3581=ADVANCED_FACE('',(#3298),#322,.T.);
#3582=ADVANCED_FACE('',(#3299),#3408,.T.);
#3583=ADVANCED_FACE('',(#3300,#3301),#323,.F.);
#3584=ADVANCED_FACE('',(#3302,#3303),#3409,.T.);
#3585=ADVANCED_FACE('',(#3304,#3305),#21,.T.);
#3586=ADVANCED_FACE('',(#3306,#3307),#22,.F.);
#3587=ADVANCED_FACE('',(#3308),#20,.T.);
#3588=ADVANCED_FACE('',(#3309),#3410,.T.);
#3589=ADVANCED_FACE('',(#3310),#32,.F.);
#3590=ADVANCED_FACE('',(#3311),#33,.F.);
#3591=ADVANCED_FACE('',(#3312),#3411,.F.);
#3592=ADVANCED_FACE('',(#3313),#34,.F.);
#3593=ADVANCED_FACE('',(#3314),#35,.T.);
#3594=ADVANCED_FACE('',(#3315),#3412,.F.);
#3595=ADVANCED_FACE('',(#3316),#3413,.T.);
#3596=ADVANCED_FACE('',(#3317),#3414,.F.);
#3597=ADVANCED_FACE('',(#3318),#3415,.T.);
#3598=ADVANCED_FACE('',(#3319),#3416,.T.);
#3599=ADVANCED_FACE('',(#3320),#3417,.T.);
#3600=ADVANCED_FACE('',(#3321),#3418,.T.);
#3601=ADVANCED_FACE('',(#3322),#3419,.F.);
#3602=ADVANCED_FACE('',(#3323),#3420,.T.);
#3603=ADVANCED_FACE('',(#3324),#3421,.T.);
#3604=ADVANCED_FACE('',(#3325),#3422,.T.);
#3605=CLOSED_SHELL('',(#3423,#3424,#3425,#3426,#3427,#3428,#3429,#3430,
#3431,#3432,#3433,#3434,#3435,#3436,#3437,#3438,#3439,#3440,#3441,#3442,
#3443,#3444,#3445,#3446,#3447,#3448,#3449,#3450,#3451,#3452,#3453,#3454,
#3455,#3456,#3457,#3458,#3459,#3460,#3461,#3462,#3463,#3464,#3465,#3466,
#3467,#3468,#3469,#3470,#3471,#3472,#3473,#3474,#3475,#3476,#3477,#3478,
#3479,#3480,#3481,#3482,#3483,#3484,#3485,#3486,#3487,#3488,#3489,#3490,
#3491,#3492,#3493,#3494,#3495,#3496,#3497,#3498,#3499,#3500,#3501,#3502,
#3503,#3504,#3505,#3506,#3507,#3508,#3509,#3510,#3511,#3512,#3513,#3514,
#3515,#3516,#3517,#3518,#3519,#3520,#3521,#3522,#3523,#3524,#3525,#3526,
#3527,#3528,#3529,#3530,#3531,#3532,#3533,#3534,#3535,#3536,#3537,#3538,
#3539,#3540,#3541,#3542,#3543,#3544,#3545,#3546,#3547,#3548,#3549,#3550,
#3551,#3552,#3553,#3554,#3555,#3556,#3557,#3558,#3559,#3560,#3561,#3562,
#3563,#3564,#3565,#3566,#3567,#3568,#3569,#3570,#3571,#3572,#3573,#3574,
#3575,#3576,#3577,#3578,#3579,#3580,#3581,#3582,#3583,#3584,#3585,#3586,
#3587,#3588,#3589,#3590,#3591,#3592,#3593,#3594,#3595,#3596,#3597,#3598,
#3599,#3600,#3601,#3602,#3603,#3604));
#3606=STYLED_ITEM('',(#3607),#3614);
#3607=PRESENTATION_STYLE_ASSIGNMENT((#3608));
#3608=SURFACE_STYLE_USAGE(.BOTH.,#3609);
#3609=SURFACE_SIDE_STYLE('',(#3610));
#3610=SURFACE_STYLE_FILL_AREA(#3611);
#3611=FILL_AREA_STYLE('',(#3612));
#3612=FILL_AREA_STYLE_COLOUR('',#3613);
#3613=COLOUR_RGB('',0.615686274509804,0.811764705882353,0.929411764705882);
#3614=MANIFOLD_SOLID_BREP('Lidar Mount',#3605);
#3615=SHAPE_DEFINITION_REPRESENTATION(#6263,#3616);
#3616=SHAPE_REPRESENTATION('Lidar Mount',(#3617),#6258);
#3617=AXIS2_PLACEMENT_3D('',#4986,#3972,#3973);
#3618=AXIS2_PLACEMENT_3D('',#4987,#3974,#3975);
#3619=AXIS2_PLACEMENT_3D('',#4996,#3980,#3981);
#3620=AXIS2_PLACEMENT_3D('',#5000,#3983,#3984);
#3621=AXIS2_PLACEMENT_3D('',#5004,#3986,#3987);
#3622=AXIS2_PLACEMENT_3D('',#5008,#3989,#3990);
#3623=AXIS2_PLACEMENT_3D('',#5009,#3991,#3992);
#3624=AXIS2_PLACEMENT_3D('',#5010,#3993,#3994);
#3625=AXIS2_PLACEMENT_3D('',#5012,#3995,#3996);
#3626=AXIS2_PLACEMENT_3D('',#5015,#3998,#3999);
#3627=AXIS2_PLACEMENT_3D('',#5021,#4002,#4003);
#3628=AXIS2_PLACEMENT_3D('',#5022,#4004,#4005);
#3629=AXIS2_PLACEMENT_3D('',#5027,#4008,#4009);
#3630=AXIS2_PLACEMENT_3D('',#5028,#4010,#4011);
#3631=AXIS2_PLACEMENT_3D('',#5031,#4013,#4014);
#3632=AXIS2_PLACEMENT_3D('',#5034,#4016,#4017);
#3633=AXIS2_PLACEMENT_3D('',#5048,#4025,#4026);
#3634=AXIS2_PLACEMENT_3D('',#5049,#4027,#4028);
#3635=AXIS2_PLACEMENT_3D('',#5053,#4031,#4032);
#3636=AXIS2_PLACEMENT_3D('',#5054,#4033,#4034);
#3637=AXIS2_PLACEMENT_3D('',#5057,#4035,#4036);
#3638=AXIS2_PLACEMENT_3D('',#5069,#4038,#4039);
#3639=AXIS2_PLACEMENT_3D('',#5070,#4040,#4041);
#3640=AXIS2_PLACEMENT_3D('',#5071,#4042,#4043);
#3641=AXIS2_PLACEMENT_3D('',#5075,#4045,#4046);
#3642=AXIS2_PLACEMENT_3D('',#5076,#4047,#4048);
#3643=AXIS2_PLACEMENT_3D('',#5084,#4053,#4054);
#3644=AXIS2_PLACEMENT_3D('',#5092,#4059,#4060);
#3645=AXIS2_PLACEMENT_3D('',#5098,#4063,#4064);
#3646=AXIS2_PLACEMENT_3D('',#5120,#4073,#4074);
#3647=AXIS2_PLACEMENT_3D('',#5121,#4075,#4076);
#3648=AXIS2_PLACEMENT_3D('',#5125,#4078,#4079);
#3649=AXIS2_PLACEMENT_3D('',#5129,#4081,#4082);
#3650=AXIS2_PLACEMENT_3D('',#5130,#4083,#4084);
#3651=AXIS2_PLACEMENT_3D('',#5131,#4085,#4086);
#3652=AXIS2_PLACEMENT_3D('',#5140,#4087,#4088);
#3653=AXIS2_PLACEMENT_3D('',#5142,#4089,#4090);
#3654=AXIS2_PLACEMENT_3D('',#5144,#4091,#4092);
#3655=AXIS2_PLACEMENT_3D('',#5145,#4093,#4094);
#3656=AXIS2_PLACEMENT_3D('',#5147,#4095,#4096);
#3657=AXIS2_PLACEMENT_3D('',#5148,#4097,#4098);
#3658=AXIS2_PLACEMENT_3D('',#5150,#4099,#4100);
#3659=AXIS2_PLACEMENT_3D('',#5152,#4101,#4102);
#3660=AXIS2_PLACEMENT_3D('',#5153,#4103,#4104);
#3661=AXIS2_PLACEMENT_3D('',#5155,#4105,#4106);
#3662=AXIS2_PLACEMENT_3D('',#5157,#4107,#4108);
#3663=AXIS2_PLACEMENT_3D('',#5159,#4110,#4111);
#3664=AXIS2_PLACEMENT_3D('',#5161,#4112,#4113);
#3665=AXIS2_PLACEMENT_3D('',#5163,#4114,#4115);
#3666=AXIS2_PLACEMENT_3D('',#5165,#4116,#4117);
#3667=AXIS2_PLACEMENT_3D('',#5167,#4118,#4119);
#3668=AXIS2_PLACEMENT_3D('',#5169,#4120,#4121);
#3669=AXIS2_PLACEMENT_3D('',#5171,#4122,#4123);
#3670=AXIS2_PLACEMENT_3D('',#5175,#4125,#4126);
#3671=AXIS2_PLACEMENT_3D('',#5180,#4129,#4130);
#3672=AXIS2_PLACEMENT_3D('',#5190,#4132,#4133);
#3673=AXIS2_PLACEMENT_3D('',#5194,#4135,#4136);
#3674=AXIS2_PLACEMENT_3D('',#5204,#4138,#4139);
#3675=AXIS2_PLACEMENT_3D('',#5206,#4140,#4141);
#3676=AXIS2_PLACEMENT_3D('',#5214,#4142,#4143);
#3677=AXIS2_PLACEMENT_3D('',#5216,#4144,#4145);
#3678=AXIS2_PLACEMENT_3D('',#5218,#4146,#4147);
#3679=AXIS2_PLACEMENT_3D('',#5220,#4148,#4149);
#3680=AXIS2_PLACEMENT_3D('',#5224,#4151,#4152);
#3681=AXIS2_PLACEMENT_3D('',#5228,#4154,#4155);
#3682=AXIS2_PLACEMENT_3D('',#5232,#4157,#4158);
#3683=AXIS2_PLACEMENT_3D('',#5236,#4160,#4161);
#3684=AXIS2_PLACEMENT_3D('',#5240,#4163,#4164);
#3685=AXIS2_PLACEMENT_3D('',#5244,#4166,#4167);
#3686=AXIS2_PLACEMENT_3D('',#5248,#4169,#4170);
#3687=AXIS2_PLACEMENT_3D('',#5253,#4173,#4174);
#3688=AXIS2_PLACEMENT_3D('',#5257,#4176,#4177);
#3689=AXIS2_PLACEMENT_3D('',#5261,#4179,#4180);
#3690=AXIS2_PLACEMENT_3D('',#5265,#4182,#4183);
#3691=AXIS2_PLACEMENT_3D('',#5269,#4185,#4186);
#3692=AXIS2_PLACEMENT_3D('',#5273,#4188,#4189);
#3693=AXIS2_PLACEMENT_3D('',#5277,#4191,#4192);
#3694=AXIS2_PLACEMENT_3D('',#5281,#4194,#4195);
#3695=AXIS2_PLACEMENT_3D('',#5285,#4197,#4198);
#3696=AXIS2_PLACEMENT_3D('',#5289,#4200,#4201);
#3697=AXIS2_PLACEMENT_3D('',#5293,#4203,#4204);
#3698=AXIS2_PLACEMENT_3D('',#5297,#4206,#4207);
#3699=AXIS2_PLACEMENT_3D('',#5298,#4208,#4209);
#3700=AXIS2_PLACEMENT_3D('',#5300,#4210,#4211);
#3701=AXIS2_PLACEMENT_3D('',#5305,#4213,#4214);
#3702=AXIS2_PLACEMENT_3D('',#5309,#4216,#4217);
#3703=AXIS2_PLACEMENT_3D('',#5313,#4219,#4220);
#3704=AXIS2_PLACEMENT_3D('',#5317,#4222,#4223);
#3705=AXIS2_PLACEMENT_3D('',#5321,#4225,#4226);
#3706=AXIS2_PLACEMENT_3D('',#5325,#4228,#4229);
#3707=AXIS2_PLACEMENT_3D('',#5329,#4231,#4232);
#3708=AXIS2_PLACEMENT_3D('',#5333,#4234,#4235);
#3709=AXIS2_PLACEMENT_3D('',#5337,#4237,#4238);
#3710=AXIS2_PLACEMENT_3D('',#5341,#4240,#4241);
#3711=AXIS2_PLACEMENT_3D('',#5345,#4243,#4244);
#3712=AXIS2_PLACEMENT_3D('',#5349,#4246,#4247);
#3713=AXIS2_PLACEMENT_3D('',#5353,#4249,#4250);
#3714=AXIS2_PLACEMENT_3D('',#5357,#4252,#4253);
#3715=AXIS2_PLACEMENT_3D('',#5358,#4254,#4255);
#3716=AXIS2_PLACEMENT_3D('',#5367,#4260,#4261);
#3717=AXIS2_PLACEMENT_3D('',#5376,#4266,#4267);
#3718=AXIS2_PLACEMENT_3D('',#5385,#4272,#4273);
#3719=AXIS2_PLACEMENT_3D('',#5396,#4276,#4277);
#3720=AXIS2_PLACEMENT_3D('',#5400,#4279,#4280);
#3721=AXIS2_PLACEMENT_3D('',#5406,#4281,#4282);
#3722=AXIS2_PLACEMENT_3D('',#5414,#4284,#4285);
#3723=AXIS2_PLACEMENT_3D('',#5418,#4287,#4288);
#3724=AXIS2_PLACEMENT_3D('',#5419,#4289,#4290);
#3725=AXIS2_PLACEMENT_3D('',#5428,#4295,#4296);
#3726=AXIS2_PLACEMENT_3D('',#5437,#4301,#4302);
#3727=AXIS2_PLACEMENT_3D('',#5443,#4306,#4307);
#3728=AXIS2_PLACEMENT_3D('',#5449,#4311,#4312);
#3729=AXIS2_PLACEMENT_3D('',#5455,#4316,#4317);
#3730=AXIS2_PLACEMENT_3D('',#5459,#4319,#4320);
#3731=AXIS2_PLACEMENT_3D('',#5463,#4323,#4324);
#3732=AXIS2_PLACEMENT_3D('',#5464,#4325,#4326);
#3733=AXIS2_PLACEMENT_3D('',#5467,#4327,#4328);
#3734=AXIS2_PLACEMENT_3D('',#5471,#4330,#4331);
#3735=AXIS2_PLACEMENT_3D('',#5475,#4333,#4334);
#3736=AXIS2_PLACEMENT_3D('',#5480,#4337,#4338);
#3737=AXIS2_PLACEMENT_3D('',#5485,#4341,#4342);
#3738=AXIS2_PLACEMENT_3D('',#5489,#4344,#4345);
#3739=AXIS2_PLACEMENT_3D('',#5498,#4350,#4351);
#3740=AXIS2_PLACEMENT_3D('',#5502,#4353,#4354);
#3741=AXIS2_PLACEMENT_3D('',#5508,#4357,#4358);
#3742=AXIS2_PLACEMENT_3D('',#5512,#4360,#4361);
#3743=AXIS2_PLACEMENT_3D('',#5516,#4363,#4364);
#3744=AXIS2_PLACEMENT_3D('',#5522,#4367,#4368);
#3745=AXIS2_PLACEMENT_3D('',#5526,#4370,#4371);
#3746=AXIS2_PLACEMENT_3D('',#5536,#4376,#4377);
#3747=AXIS2_PLACEMENT_3D('',#5540,#4379,#4380);
#3748=AXIS2_PLACEMENT_3D('',#5544,#4382,#4383);
#3749=AXIS2_PLACEMENT_3D('',#5548,#4385,#4386);
#3750=AXIS2_PLACEMENT_3D('',#5552,#4388,#4389);
#3751=AXIS2_PLACEMENT_3D('',#5556,#4391,#4392);
#3752=AXIS2_PLACEMENT_3D('',#5560,#4394,#4395);
#3753=AXIS2_PLACEMENT_3D('',#5564,#4397,#4398);
#3754=AXIS2_PLACEMENT_3D('',#5568,#4400,#4401);
#3755=AXIS2_PLACEMENT_3D('',#5572,#4403,#4404);
#3756=AXIS2_PLACEMENT_3D('',#5576,#4406,#4407);
#3757=AXIS2_PLACEMENT_3D('',#5580,#4409,#4410);
#3758=AXIS2_PLACEMENT_3D('',#5584,#4412,#4413);
#3759=AXIS2_PLACEMENT_3D('',#5588,#4415,#4416);
#3760=AXIS2_PLACEMENT_3D('',#5589,#4417,#4418);
#3761=AXIS2_PLACEMENT_3D('',#5591,#4420,#4421);
#3762=AXIS2_PLACEMENT_3D('',#5592,#4422,#4423);
#3763=AXIS2_PLACEMENT_3D('',#5594,#4425,#4426);
#3764=AXIS2_PLACEMENT_3D('',#5595,#4427,#4428);
#3765=AXIS2_PLACEMENT_3D('',#5596,#4429,#4430);
#3766=AXIS2_PLACEMENT_3D('',#5600,#4433,#4434);
#3767=AXIS2_PLACEMENT_3D('',#5606,#4435,#4436);
#3768=AXIS2_PLACEMENT_3D('',#5619,#4438,#4439);
#3769=AXIS2_PLACEMENT_3D('',#5627,#4441,#4442);
#3770=AXIS2_PLACEMENT_3D('',#5633,#4446,#4447);
#3771=AXIS2_PLACEMENT_3D('',#5635,#4448,#4449);
#3772=AXIS2_PLACEMENT_3D('',#5638,#4451,#4452);
#3773=AXIS2_PLACEMENT_3D('',#5642,#4454,#4455);
#3774=AXIS2_PLACEMENT_3D('',#5645,#4457,#4458);
#3775=AXIS2_PLACEMENT_3D('',#5649,#4460,#4461);
#3776=AXIS2_PLACEMENT_3D('',#5652,#4463,#4464);
#3777=AXIS2_PLACEMENT_3D('',#5656,#4466,#4467);
#3778=AXIS2_PLACEMENT_3D('',#5657,#4468,#4469);
#3779=AXIS2_PLACEMENT_3D('',#5668,#4471,#4472);
#3780=AXIS2_PLACEMENT_3D('',#5673,#4475,#4476);
#3781=AXIS2_PLACEMENT_3D('',#5677,#4478,#4479);
#3782=AXIS2_PLACEMENT_3D('',#5681,#4481,#4482);
#3783=AXIS2_PLACEMENT_3D('',#5686,#4485,#4486);
#3784=AXIS2_PLACEMENT_3D('',#5689,#4488,#4489);
#3785=AXIS2_PLACEMENT_3D('',#5694,#4492,#4493);
#3786=AXIS2_PLACEMENT_3D('',#5698,#4495,#4496);
#3787=AXIS2_PLACEMENT_3D('',#5699,#4497,#4498);
#3788=AXIS2_PLACEMENT_3D('',#5702,#4499,#4500);
#3789=AXIS2_PLACEMENT_3D('',#5704,#4501,#4502);
#3790=AXIS2_PLACEMENT_3D('',#5705,#4503,#4504);
#3791=AXIS2_PLACEMENT_3D('',#5707,#4505,#4506);
#3792=AXIS2_PLACEMENT_3D('',#5709,#4507,#4508);
#3793=AXIS2_PLACEMENT_3D('',#5711,#4509,#4510);
#3794=AXIS2_PLACEMENT_3D('',#5720,#4512,#4513);
#3795=AXIS2_PLACEMENT_3D('',#5721,#4514,#4515);
#3796=AXIS2_PLACEMENT_3D('',#5740,#4516,#4517);
#3797=AXIS2_PLACEMENT_3D('',#5741,#4518,#4519);
#3798=AXIS2_PLACEMENT_3D('',#5743,#4520,#4521);
#3799=AXIS2_PLACEMENT_3D('',#5745,#4522,#4523);
#3800=AXIS2_PLACEMENT_3D('',#5746,#4524,#4525);
#3801=AXIS2_PLACEMENT_3D('',#5748,#4526,#4527);
#3802=AXIS2_PLACEMENT_3D('',#5749,#4528,#4529);
#3803=AXIS2_PLACEMENT_3D('',#5751,#4530,#4531);
#3804=AXIS2_PLACEMENT_3D('',#5756,#4532,#4533);
#3805=AXIS2_PLACEMENT_3D('',#5757,#4534,#4535);
#3806=AXIS2_PLACEMENT_3D('',#5758,#4536,#4537);
#3807=AXIS2_PLACEMENT_3D('',#5759,#4538,#4539);
#3808=AXIS2_PLACEMENT_3D('',#5761,#4540,#4541);
#3809=AXIS2_PLACEMENT_3D('',#5762,#4542,#4543);
#3810=AXIS2_PLACEMENT_3D('',#5763,#4544,#4545);
#3811=AXIS2_PLACEMENT_3D('',#5765,#4546,#4547);
#3812=AXIS2_PLACEMENT_3D('',#5782,#4549,#4550);
#3813=AXIS2_PLACEMENT_3D('',#5788,#4551,#4552);
#3814=AXIS2_PLACEMENT_3D('',#5798,#4553,#4554);
#3815=AXIS2_PLACEMENT_3D('',#5799,#4555,#4556);
#3816=AXIS2_PLACEMENT_3D('',#5800,#4557,#4558);
#3817=AXIS2_PLACEMENT_3D('',#5802,#4559,#4560);
#3818=AXIS2_PLACEMENT_3D('',#5803,#4561,#4562);
#3819=AXIS2_PLACEMENT_3D('',#5805,#4563,#4564);
#3820=AXIS2_PLACEMENT_3D('',#5806,#4565,#4566);
#3821=AXIS2_PLACEMENT_3D('',#5808,#4567,#4568);
#3822=AXIS2_PLACEMENT_3D('',#5809,#4569,#4570);
#3823=AXIS2_PLACEMENT_3D('',#5811,#4571,#4572);
#3824=AXIS2_PLACEMENT_3D('',#5812,#4573,#4574);
#3825=AXIS2_PLACEMENT_3D('',#5814,#4575,#4576);
#3826=AXIS2_PLACEMENT_3D('',#5815,#4577,#4578);
#3827=AXIS2_PLACEMENT_3D('',#5816,#4579,#4580);
#3828=AXIS2_PLACEMENT_3D('',#5818,#4581,#4582);
#3829=AXIS2_PLACEMENT_3D('',#5819,#4583,#4584);
#3830=AXIS2_PLACEMENT_3D('',#5833,#4586,#4587);
#3831=AXIS2_PLACEMENT_3D('',#5834,#4588,#4589);
#3832=AXIS2_PLACEMENT_3D('',#5841,#4591,#4592);
#3833=AXIS2_PLACEMENT_3D('',#5847,#4596,#4597);
#3834=AXIS2_PLACEMENT_3D('',#5853,#4601,#4602);
#3835=AXIS2_PLACEMENT_3D('',#5859,#4606,#4607);
#3836=AXIS2_PLACEMENT_3D('',#5865,#4611,#4612);
#3837=AXIS2_PLACEMENT_3D('',#5868,#4615,#4616);
#3838=AXIS2_PLACEMENT_3D('',#5874,#4618,#4619);
#3839=AXIS2_PLACEMENT_3D('',#5880,#4621,#4622);
#3840=AXIS2_PLACEMENT_3D('',#5881,#4623,#4624);
#3841=AXIS2_PLACEMENT_3D('',#5883,#4625,#4626);
#3842=AXIS2_PLACEMENT_3D('',#5885,#4627,#4628);
#3843=AXIS2_PLACEMENT_3D('',#5886,#4629,#4630);
#3844=AXIS2_PLACEMENT_3D('',#5888,#4631,#4632);
#3845=AXIS2_PLACEMENT_3D('',#5890,#4633,#4634);
#3846=AXIS2_PLACEMENT_3D('',#5893,#4637,#4638);
#3847=AXIS2_PLACEMENT_3D('',#5894,#4639,#4640);
#3848=AXIS2_PLACEMENT_3D('',#5901,#4642,#4643);
#3849=AXIS2_PLACEMENT_3D('',#5905,#4646,#4647);
#3850=AXIS2_PLACEMENT_3D('',#5906,#4648,#4649);
#3851=AXIS2_PLACEMENT_3D('',#5907,#4650,#4651);
#3852=AXIS2_PLACEMENT_3D('',#5932,#4652,#4653);
#3853=AXIS2_PLACEMENT_3D('',#5935,#4656,#4657);
#3854=AXIS2_PLACEMENT_3D('',#5938,#4660,#4661);
#3855=AXIS2_PLACEMENT_3D('',#5941,#4664,#4665);
#3856=AXIS2_PLACEMENT_3D('',#5944,#4668,#4669);
#3857=AXIS2_PLACEMENT_3D('',#5946,#4671,#4672);
#3858=AXIS2_PLACEMENT_3D('',#5949,#4675,#4676);
#3859=AXIS2_PLACEMENT_3D('',#5952,#4679,#4680);
#3860=AXIS2_PLACEMENT_3D('',#5954,#4682,#4683);
#3861=AXIS2_PLACEMENT_3D('',#5957,#4686,#4687);
#3862=AXIS2_PLACEMENT_3D('',#5960,#4690,#4691);
#3863=AXIS2_PLACEMENT_3D('',#5962,#4693,#4694);
#3864=AXIS2_PLACEMENT_3D('',#5964,#4696,#4697);
#3865=AXIS2_PLACEMENT_3D('',#5967,#4700,#4701);
#3866=AXIS2_PLACEMENT_3D('',#5970,#4704,#4705);
#3867=AXIS2_PLACEMENT_3D('',#5973,#4708,#4709);
#3868=AXIS2_PLACEMENT_3D('',#5976,#4712,#4713);
#3869=AXIS2_PLACEMENT_3D('',#5979,#4716,#4717);
#3870=AXIS2_PLACEMENT_3D('',#5982,#4720,#4721);
#3871=AXIS2_PLACEMENT_3D('',#5985,#4724,#4725);
#3872=AXIS2_PLACEMENT_3D('',#5988,#4728,#4729);
#3873=AXIS2_PLACEMENT_3D('',#5991,#4732,#4733);
#3874=AXIS2_PLACEMENT_3D('',#5994,#4736,#4737);
#3875=AXIS2_PLACEMENT_3D('',#5997,#4740,#4741);
#3876=AXIS2_PLACEMENT_3D('',#6000,#4744,#4745);
#3877=AXIS2_PLACEMENT_3D('',#6003,#4748,#4749);
#3878=AXIS2_PLACEMENT_3D('',#6006,#4752,#4753);
#3879=AXIS2_PLACEMENT_3D('',#6008,#4755,#4756);
#3880=AXIS2_PLACEMENT_3D('',#6014,#4758,#4759);
#3881=AXIS2_PLACEMENT_3D('',#6017,#4762,#4763);
#3882=AXIS2_PLACEMENT_3D('',#6020,#4766,#4767);
#3883=AXIS2_PLACEMENT_3D('',#6023,#4770,#4771);
#3884=AXIS2_PLACEMENT_3D('',#6026,#4774,#4775);
#3885=AXIS2_PLACEMENT_3D('',#6029,#4778,#4779);
#3886=AXIS2_PLACEMENT_3D('',#6032,#4782,#4783);
#3887=AXIS2_PLACEMENT_3D('',#6035,#4786,#4787);
#3888=AXIS2_PLACEMENT_3D('',#6038,#4790,#4791);
#3889=AXIS2_PLACEMENT_3D('',#6039,#4792,#4793);
#3890=AXIS2_PLACEMENT_3D('',#6040,#4794,#4795);
#3891=AXIS2_PLACEMENT_3D('',#6041,#4796,#4797);
#3892=AXIS2_PLACEMENT_3D('',#6042,#4798,#4799);
#3893=AXIS2_PLACEMENT_3D('',#6043,#4800,#4801);
#3894=AXIS2_PLACEMENT_3D('',#6044,#4802,#4803);
#3895=AXIS2_PLACEMENT_3D('',#6045,#4804,#4805);
#3896=AXIS2_PLACEMENT_3D('',#6046,#4806,#4807);
#3897=AXIS2_PLACEMENT_3D('',#6047,#4808,#4809);
#3898=AXIS2_PLACEMENT_3D('',#6048,#4810,#4811);
#3899=AXIS2_PLACEMENT_3D('',#6049,#4812,#4813);
#3900=AXIS2_PLACEMENT_3D('',#6050,#4814,#4815);
#3901=AXIS2_PLACEMENT_3D('',#6051,#4816,#4817);
#3902=AXIS2_PLACEMENT_3D('',#6052,#4818,#4819);
#3903=AXIS2_PLACEMENT_3D('',#6053,#4820,#4821);
#3904=AXIS2_PLACEMENT_3D('',#6054,#4822,#4823);
#3905=AXIS2_PLACEMENT_3D('',#6055,#4824,#4825);
#3906=AXIS2_PLACEMENT_3D('',#6056,#4826,#4827);
#3907=AXIS2_PLACEMENT_3D('',#6057,#4828,#4829);
#3908=AXIS2_PLACEMENT_3D('',#6058,#4830,#4831);
#3909=AXIS2_PLACEMENT_3D('',#6059,#4832,#4833);
#3910=AXIS2_PLACEMENT_3D('',#6060,#4834,#4835);
#3911=AXIS2_PLACEMENT_3D('',#6061,#4836,#4837);
#3912=AXIS2_PLACEMENT_3D('',#6062,#4838,#4839);
#3913=AXIS2_PLACEMENT_3D('',#6063,#4840,#4841);
#3914=AXIS2_PLACEMENT_3D('',#6064,#4842,#4843);
#3915=AXIS2_PLACEMENT_3D('',#6065,#4844,#4845);
#3916=AXIS2_PLACEMENT_3D('',#6066,#4846,#4847);
#3917=AXIS2_PLACEMENT_3D('',#6067,#4848,#4849);
#3918=AXIS2_PLACEMENT_3D('',#6068,#4850,#4851);
#3919=AXIS2_PLACEMENT_3D('',#6069,#4852,#4853);
#3920=AXIS2_PLACEMENT_3D('',#6075,#4854,#4855);
#3921=AXIS2_PLACEMENT_3D('',#6078,#4857,#4858);
#3922=AXIS2_PLACEMENT_3D('',#6079,#4859,#4860);
#3923=AXIS2_PLACEMENT_3D('',#6083,#4862,#4863);
#3924=AXIS2_PLACEMENT_3D('',#6085,#4864,#4865);
#3925=AXIS2_PLACEMENT_3D('',#6087,#4866,#4867);
#3926=AXIS2_PLACEMENT_3D('',#6089,#4868,#4869);
#3927=AXIS2_PLACEMENT_3D('',#6091,#4870,#4871);
#3928=AXIS2_PLACEMENT_3D('',#6093,#4872,#4873);
#3929=AXIS2_PLACEMENT_3D('',#6095,#4874,#4875);
#3930=AXIS2_PLACEMENT_3D('',#6101,#4876,#4877);
#3931=AXIS2_PLACEMENT_3D('',#6103,#4878,#4879);
#3932=AXIS2_PLACEMENT_3D('',#6105,#4880,#4881);
#3933=AXIS2_PLACEMENT_3D('',#6116,#4882,#4883);
#3934=AXIS2_PLACEMENT_3D('',#6121,#4884,#4885);
#3935=AXIS2_PLACEMENT_3D('',#6148,#4888,#4889);
#3936=AXIS2_PLACEMENT_3D('',#6149,#4890,#4891);
#3937=AXIS2_PLACEMENT_3D('',#6150,#4892,#4893);
#3938=AXIS2_PLACEMENT_3D('',#6153,#4896,#4897);
#3939=AXIS2_PLACEMENT_3D('',#6156,#4900,#4901);
#3940=AXIS2_PLACEMENT_3D('',#6163,#4904,#4905);
#3941=AXIS2_PLACEMENT_3D('',#6166,#4907,#4908);
#3942=AXIS2_PLACEMENT_3D('',#6169,#4910,#4911);
#3943=AXIS2_PLACEMENT_3D('',#6171,#4913,#4914);
#3944=AXIS2_PLACEMENT_3D('',#6177,#4916,#4917);
#3945=AXIS2_PLACEMENT_3D('',#6178,#4918,#4919);
#3946=AXIS2_PLACEMENT_3D('',#6184,#4921,#4922);
#3947=AXIS2_PLACEMENT_3D('',#6193,#4923,#4924);
#3948=AXIS2_PLACEMENT_3D('',#6201,#4927,#4928);
#3949=AXIS2_PLACEMENT_3D('',#6202,#4929,#4930);
#3950=AXIS2_PLACEMENT_3D('',#6204,#4931,#4932);
#3951=AXIS2_PLACEMENT_3D('',#6205,#4933,#4934);
#3952=AXIS2_PLACEMENT_3D('',#6207,#4935,#4936);
#3953=AXIS2_PLACEMENT_3D('',#6208,#4937,#4938);
#3954=AXIS2_PLACEMENT_3D('',#6210,#4939,#4940);
#3955=AXIS2_PLACEMENT_3D('',#6227,#4941,#4942);
#3956=AXIS2_PLACEMENT_3D('',#6228,#4943,#4944);
#3957=AXIS2_PLACEMENT_3D('',#6229,#4945,#4946);
#3958=AXIS2_PLACEMENT_3D('',#6230,#4947,#4948);
#3959=AXIS2_PLACEMENT_3D('',#6232,#4950,#4951);
#3960=AXIS2_PLACEMENT_3D('',#6234,#4953,#4954);
#3961=AXIS2_PLACEMENT_3D('',#6235,#4955,#4956);
#3962=AXIS2_PLACEMENT_3D('',#6237,#4958,#4959);
#3963=AXIS2_PLACEMENT_3D('',#6239,#4961,#4962);
#3964=AXIS2_PLACEMENT_3D('',#6240,#4963,#4964);
#3965=AXIS2_PLACEMENT_3D('',#6241,#4965,#4966);
#3966=AXIS2_PLACEMENT_3D('',#6242,#4967,#4968);
#3967=AXIS2_PLACEMENT_3D('',#6250,#4974,#4975);
#3968=AXIS2_PLACEMENT_3D('',#6251,#4976,#4977);
#3969=AXIS2_PLACEMENT_3D('',#6253,#4979,#4980);
#3970=AXIS2_PLACEMENT_3D('',#6254,#4981,#4982);
#3971=AXIS2_PLACEMENT_3D('',#6256,#4984,#4985);
#3972=DIRECTION('',(0.,0.,1.));
#3973=DIRECTION('',(1.,0.,0.));
#3974=DIRECTION('',(7.56180537765898E-32,-1.,1.55681572027763E-15));
#3975=DIRECTION('',(0.,-1.55681572027763E-15,-1.));
#3976=DIRECTION('',(1.17723374856194E-46,-1.55681572027763E-15,-1.));
#3977=DIRECTION('',(1.,0.,-4.85722573273506E-17));
#3978=DIRECTION('',(-0.86864424792022,7.71303088106089E-16,0.495436343595336));
#3979=DIRECTION('',(-1.,0.,4.85722573273506E-17));
#3980=DIRECTION('',(0.,0.,-1.));
#3981=DIRECTION('',(-1.,0.,0.));
#3982=DIRECTION('',(0.,0.,-1.));
#3983=DIRECTION('',(0.,0.,1.));
#3984=DIRECTION('',(1.,0.,0.));
#3985=DIRECTION('',(0.,0.,1.));
#3986=DIRECTION('',(0.,0.,-1.));
#3987=DIRECTION('',(-1.,0.,0.));
#3988=DIRECTION('',(0.,0.,1.));
#3989=DIRECTION('',(-3.43457725337075E-17,0.70710678118655,-0.707106781186546));
#3990=DIRECTION('',(3.43457725337073E-17,-0.707106781186546,-0.70710678118655));
#3991=DIRECTION('',(0.,0.,1.));
#3992=DIRECTION('',(1.,0.,0.));
#3993=DIRECTION('',(0.,0.,1.));
#3994=DIRECTION('',(1.,0.,0.));
#3995=DIRECTION('',(-3.43457725337075E-17,-0.707106781186549,-0.707106781186546));
#3996=DIRECTION('',(-3.43457725337073E-17,-0.707106781186546,0.707106781186549));
#3997=DIRECTION('',(0.,0.,1.));
#3998=DIRECTION('',(1.,0.,0.));
#3999=DIRECTION('',(0.,1.,0.));
#4000=DIRECTION('',(0.,0.,-1.));
#4001=DIRECTION('',(0.,1.,0.));
#4002=DIRECTION('',(1.,0.,0.));
#4003=DIRECTION('',(0.,0.,-1.));
#4004=DIRECTION('',(1.,0.,0.));
#4005=DIRECTION('',(0.,1.,0.));
#4006=DIRECTION('',(0.,1.,0.));
#4007=DIRECTION('',(0.,0.,-1.));
#4008=DIRECTION('',(1.,0.,0.));
#4009=DIRECTION('',(0.,0.,-1.));
#4010=DIRECTION('',(1.,0.,0.));
#4011=DIRECTION('',(0.,1.,0.));
#4012=DIRECTION('',(0.,1.,0.));
#4013=DIRECTION('',(1.,0.,0.));
#4014=DIRECTION('',(0.,0.,-1.));
#4015=DIRECTION('',(0.,0.,-1.));
#4016=DIRECTION('',(0.,-1.,0.));
#4017=DIRECTION('',(0.,0.,-1.));
#4018=DIRECTION('',(1.,0.,0.));
#4019=DIRECTION('',(0.,0.,-1.));
#4020=DIRECTION('',(1.,0.,0.));
#4021=DIRECTION('',(1.,0.,0.));
#4022=DIRECTION('',(0.,0.,-1.));
#4023=DIRECTION('',(1.,0.,0.));
#4024=DIRECTION('',(0.,0.,-1.));
#4025=DIRECTION('',(1.,0.,0.));
#4026=DIRECTION('',(0.,1.,0.));
#4027=DIRECTION('',(1.,0.,0.));
#4028=DIRECTION('',(0.,0.,-1.));
#4029=DIRECTION('',(0.,1.,0.));
#4030=DIRECTION('',(0.,0.,-1.));
#4031=DIRECTION('',(1.,0.,0.));
#4032=DIRECTION('',(0.,0.,-1.));
#4033=DIRECTION('',(-1.,0.,0.));
#4034=DIRECTION('',(0.,0.,1.));
#4035=DIRECTION('',(-1.,0.,0.));
#4036=DIRECTION('',(0.,0.,1.));
#4037=DIRECTION('',(1.,0.,0.));
#4038=DIRECTION('',(1.,0.,0.));
#4039=DIRECTION('',(0.,0.,-1.));
#4040=DIRECTION('',(1.,0.,0.));
#4041=DIRECTION('',(0.,0.,-1.));
#4042=DIRECTION('',(1.,0.,0.));
#4043=DIRECTION('',(0.,0.,-1.));
#4044=DIRECTION('',(1.,0.,0.));
#4045=DIRECTION('',(1.,0.,0.));
#4046=DIRECTION('',(0.,0.,-1.));
#4047=DIRECTION('',(-1.,0.,0.));
#4048=DIRECTION('',(0.,0.,1.));
#4049=DIRECTION('',(0.,-1.,0.));
#4050=DIRECTION('',(0.,0.,1.));
#4051=DIRECTION('',(0.,-1.,0.));
#4052=DIRECTION('',(0.,0.,-1.));
#4053=DIRECTION('',(-1.,0.,0.));
#4054=DIRECTION('',(0.,0.,1.));
#4055=DIRECTION('',(0.,-1.,0.));
#4056=DIRECTION('',(0.,0.,-1.));
#4057=DIRECTION('',(0.,-1.,0.));
#4058=DIRECTION('',(0.,0.,1.));
#4059=DIRECTION('',(0.983313326694261,0.133079999101479,-0.124034734589208));
#4060=DIRECTION('',(-0.134115656737433,0.990965685893254,0.));
#4061=DIRECTION('',(0.125147887621973,0.,0.992138098363206));
#4062=DIRECTION('',(0.134115656737433,-0.990965685893254,0.));
#4063=DIRECTION('',(0.983313326694261,0.133079999101479,-0.124034734589208));
#4064=DIRECTION('',(0.122914165836783,0.0166349998876849,0.992277876713668));
#4065=DIRECTION('',(0.134115656737433,-0.990965685893254,0.));
#4066=DIRECTION('',(0.134115656737433,-0.990965685893254,0.));
#4067=DIRECTION('',(0.125147887621973,0.,0.992138098363206));
#4068=DIRECTION('',(0.134115656737433,-0.990965685893254,0.));
#4069=DIRECTION('',(0.125147887621973,0.,0.992138098363206));
#4070=DIRECTION('',(0.134115656737433,-0.990965685893254,0.));
#4071=DIRECTION('',(-0.122914165836783,-0.0166349998876849,-0.992277876713668));
#4072=DIRECTION('',(-0.134115656737433,0.990965685893254,0.));
#4073=DIRECTION('',(0.,0.,1.));
#4074=DIRECTION('',(1.,0.,0.));
#4075=DIRECTION('',(0.,0.,1.));
#4076=DIRECTION('',(1.,0.,0.));
#4077=DIRECTION('',(0.,0.,1.));
#4078=DIRECTION('',(0.,0.,1.));
#4079=DIRECTION('',(1.,0.,0.));
#4080=DIRECTION('',(0.,0.,1.));
#4081=DIRECTION('',(0.,0.,1.));
#4082=DIRECTION('',(1.,0.,0.));
#4083=DIRECTION('',(0.,0.,-1.));
#4084=DIRECTION('',(1.,0.,0.));
#4085=DIRECTION('',(0.,0.,1.));
#4086=DIRECTION('',(1.,0.,0.));
#4087=DIRECTION('',(0.,0.,-1.));
#4088=DIRECTION('',(-1.,0.,0.));
#4089=DIRECTION('',(0.,0.,-1.));
#4090=DIRECTION('',(-1.,0.,0.));
#4091=DIRECTION('',(0.,0.,-1.));
#4092=DIRECTION('',(-1.,0.,0.));
#4093=DIRECTION('',(0.,0.,1.));
#4094=DIRECTION('',(1.,0.,0.));
#4095=DIRECTION('',(0.,0.,1.));
#4096=DIRECTION('',(1.,0.,0.));
#4097=DIRECTION('',(0.,0.,1.));
#4098=DIRECTION('',(1.,0.,0.));
#4099=DIRECTION('',(0.,0.,1.));
#4100=DIRECTION('',(1.,0.,0.));
#4101=DIRECTION('',(0.,0.,1.));
#4102=DIRECTION('',(1.,0.,0.));
#4103=DIRECTION('',(0.,0.,1.));
#4104=DIRECTION('',(1.,0.,0.));
#4105=DIRECTION('',(0.,0.,1.));
#4106=DIRECTION('',(1.,0.,0.));
#4107=DIRECTION('',(0.,0.,-1.));
#4108=DIRECTION('',(1.,0.,0.));
#4109=DIRECTION('',(-1.,0.,0.));
#4110=DIRECTION('',(0.,0.,1.));
#4111=DIRECTION('',(1.,0.,0.));
#4112=DIRECTION('',(0.,0.,1.));
#4113=DIRECTION('',(1.,0.,0.));
#4114=DIRECTION('',(0.,0.,1.));
#4115=DIRECTION('',(1.,0.,0.));
#4116=DIRECTION('',(0.,0.,1.));
#4117=DIRECTION('',(1.,0.,0.));
#4118=DIRECTION('',(0.,0.,1.));
#4119=DIRECTION('',(1.,0.,0.));
#4120=DIRECTION('',(0.,0.,1.));
#4121=DIRECTION('',(1.,0.,0.));
#4122=DIRECTION('',(0.,0.,1.));
#4123=DIRECTION('',(1.,0.,0.));
#4124=DIRECTION('',(1.,0.,0.));
#4125=DIRECTION('',(0.,0.,1.));
#4126=DIRECTION('',(1.,0.,0.));
#4127=DIRECTION('',(0.,1.,0.));
#4128=DIRECTION('',(-1.,0.,0.));
#4129=DIRECTION('',(0.,0.,-1.));
#4130=DIRECTION('',(-1.,0.,0.));
#4131=DIRECTION('',(1.,0.,-4.85722573273506E-17));
#4132=DIRECTION('',(0.,0.,-1.));
#4133=DIRECTION('',(2.89733553912762E-15,-1.,0.));
#4134=DIRECTION('',(0.,1.,0.));
#4135=DIRECTION('',(0.,0.,-1.));
#4136=DIRECTION('',(-7.00519057435154E-15,1.,0.));
#4137=DIRECTION('',(1.,0.,-4.85722573273506E-17));
#4138=DIRECTION('',(0.,0.,-1.));
#4139=DIRECTION('',(-1.,0.,0.));
#4140=DIRECTION('',(0.,0.,-1.));
#4141=DIRECTION('',(-1.,0.,0.));
#4142=DIRECTION('',(0.,0.,1.));
#4143=DIRECTION('',(1.,0.,0.));
#4144=DIRECTION('',(0.,0.,-1.));
#4145=DIRECTION('',(-1.,0.,0.));
#4146=DIRECTION('',(0.,0.,-1.));
#4147=DIRECTION('',(1.,0.,0.));
#4148=DIRECTION('',(0.,0.,-1.));
#4149=DIRECTION('',(-1.,0.,0.));
#4150=DIRECTION('',(-7.00379406619053E-15,1.,0.));
#4151=DIRECTION('',(0.,0.,-1.));
#4152=DIRECTION('',(-1.,0.,0.));
#4153=DIRECTION('',(-0.707106781186552,0.707106781186543,0.));
#4154=DIRECTION('',(0.,0.,-1.));
#4155=DIRECTION('',(-1.,0.,0.));
#4156=DIRECTION('',(0.707106781186543,0.707106781186553,0.));
#4157=DIRECTION('',(0.,0.,-1.));
#4158=DIRECTION('',(-1.,0.,0.));
#4159=DIRECTION('',(-1.,0.,0.));
#4160=DIRECTION('',(0.,0.,1.));
#4161=DIRECTION('',(1.,0.,0.));
#4162=DIRECTION('',(-7.22379541757816E-15,1.,0.));
#4163=DIRECTION('',(0.,0.,-1.));
#4164=DIRECTION('',(-1.,0.,0.));
#4165=DIRECTION('',(-0.707106781186552,0.707106781186543,0.));
#4166=DIRECTION('',(0.,0.,-1.));
#4167=DIRECTION('',(-1.,0.,0.));
#4168=DIRECTION('',(0.707106781186543,0.707106781186553,0.));
#4169=DIRECTION('',(0.,0.,-1.));
#4170=DIRECTION('',(-1.,0.,0.));
#4171=DIRECTION('',(-7.00373731076327E-15,1.,0.));
#4172=DIRECTION('',(0.707106781186553,-0.707106781186543,0.));
#4173=DIRECTION('',(0.,0.,-1.));
#4174=DIRECTION('',(-1.,0.,0.));
#4175=DIRECTION('',(0.707106781186543,0.707106781186552,0.));
#4176=DIRECTION('',(0.,0.,-1.));
#4177=DIRECTION('',(-1.,0.,0.));
#4178=DIRECTION('',(0.707106781186552,-0.707106781186543,0.));
#4179=DIRECTION('',(0.,0.,-1.));
#4180=DIRECTION('',(-1.,0.,0.));
#4181=DIRECTION('',(0.707106781186543,0.707106781186553,0.));
#4182=DIRECTION('',(0.,0.,-1.));
#4183=DIRECTION('',(-1.,0.,0.));
#4184=DIRECTION('',(-0.707106781186552,0.707106781186543,0.));
#4185=DIRECTION('',(0.,0.,-1.));
#4186=DIRECTION('',(-1.,0.,0.));
#4187=DIRECTION('',(0.707106781186543,0.707106781186553,0.));
#4188=DIRECTION('',(0.,0.,-1.));
#4189=DIRECTION('',(-1.,0.,0.));
#4190=DIRECTION('',(-1.,0.,0.));
#4191=DIRECTION('',(0.,0.,-1.));
#4192=DIRECTION('',(-1.,0.,0.));
#4193=DIRECTION('',(0.707106781186543,0.707106781186552,0.));
#4194=DIRECTION('',(0.,0.,-1.));
#4195=DIRECTION('',(-1.,0.,0.));
#4196=DIRECTION('',(-0.707106781186553,0.707106781186542,0.));
#4197=DIRECTION('',(0.,0.,-1.));
#4198=DIRECTION('',(-1.,0.,0.));
#4199=DIRECTION('',(0.707106781186543,0.707106781186552,0.));
#4200=DIRECTION('',(0.,0.,-1.));
#4201=DIRECTION('',(-1.,0.,0.));
#4202=DIRECTION('',(7.33730806934241E-15,-1.,0.));
#4203=DIRECTION('',(0.,0.,-1.));
#4204=DIRECTION('',(-1.,0.,0.));
#4205=DIRECTION('',(-0.707106781186553,0.707106781186543,0.));
#4206=DIRECTION('',(0.,0.,-1.));
#4207=DIRECTION('',(-1.,0.,0.));
#4208=DIRECTION('',(0.,0.,1.));
#4209=DIRECTION('',(1.,0.,0.));
#4210=DIRECTION('',(0.,0.,1.));
#4211=DIRECTION('',(1.,0.,0.));
#4212=DIRECTION('',(6.67022601025074E-15,-1.,0.));
#4213=DIRECTION('',(0.,0.,-1.));
#4214=DIRECTION('',(-1.,0.,0.));
#4215=DIRECTION('',(-0.707106781186552,0.707106781186543,0.));
#4216=DIRECTION('',(0.,0.,-1.));
#4217=DIRECTION('',(-1.,0.,0.));
#4218=DIRECTION('',(0.707106781186543,0.707106781186553,0.));
#4219=DIRECTION('',(0.,0.,-1.));
#4220=DIRECTION('',(-1.,0.,0.));
#4221=DIRECTION('',(1.,7.00373731076334E-15,0.));
#4222=DIRECTION('',(0.,0.,-1.));
#4223=DIRECTION('',(-1.,0.,0.));
#4224=DIRECTION('',(0.707106781186543,0.707106781186553,0.));
#4225=DIRECTION('',(0.,0.,-1.));
#4226=DIRECTION('',(-1.,0.,0.));
#4227=DIRECTION('',(-0.707106781186553,0.707106781186543,0.));
#4228=DIRECTION('',(0.,0.,-1.));
#4229=DIRECTION('',(-1.,0.,0.));
#4230=DIRECTION('',(-1.,0.,0.));
#4231=DIRECTION('',(0.,0.,-1.));
#4232=DIRECTION('',(-1.,0.,0.));
#4233=DIRECTION('',(-0.707106781186553,0.707106781186543,0.));
#4234=DIRECTION('',(0.,0.,-1.));
#4235=DIRECTION('',(-1.,0.,0.));
#4236=DIRECTION('',(0.707106781186543,0.707106781186552,0.));
#4237=DIRECTION('',(0.,0.,-1.));
#4238=DIRECTION('',(-1.,0.,0.));
#4239=DIRECTION('',(7.20871299613907E-15,-1.,0.));
#4240=DIRECTION('',(0.,0.,1.));
#4241=DIRECTION('',(1.,0.,0.));
#4242=DIRECTION('',(0.707106781186543,0.707106781186552,0.));
#4243=DIRECTION('',(0.,0.,-1.));
#4244=DIRECTION('',(-1.,0.,0.));
#4245=DIRECTION('',(-0.707106781186553,0.707106781186543,0.));
#4246=DIRECTION('',(0.,0.,-1.));
#4247=DIRECTION('',(-1.,0.,0.));
#4248=DIRECTION('',(0.707106781186543,0.707106781186552,0.));
#4249=DIRECTION('',(0.,0.,-1.));
#4250=DIRECTION('',(-1.,0.,0.));
#4251=DIRECTION('',(-0.707106781186553,0.707106781186543,0.));
#4252=DIRECTION('',(0.,0.,-1.));
#4253=DIRECTION('',(-1.,0.,0.));
#4254=DIRECTION('',(0.,1.,0.));
#4255=DIRECTION('',(0.,0.,1.));
#4256=DIRECTION('',(0.,0.,1.));
#4257=DIRECTION('',(-1.,0.,0.));
#4258=DIRECTION('',(0.,0.,-1.));
#4259=DIRECTION('',(-1.,0.,4.85722573273506E-17));
#4260=DIRECTION('',(0.,1.,0.));
#4261=DIRECTION('',(0.,0.,1.));
#4262=DIRECTION('',(-1.,0.,4.85722573273506E-17));
#4263=DIRECTION('',(0.,0.,-1.));
#4264=DIRECTION('',(-1.,0.,0.));
#4265=DIRECTION('',(0.,0.,-1.));
#4266=DIRECTION('',(0.,1.,0.));
#4267=DIRECTION('',(0.,0.,1.));
#4268=DIRECTION('',(-1.,0.,4.85722573273506E-17));
#4269=DIRECTION('',(0.,0.,-1.));
#4270=DIRECTION('',(-1.,0.,4.85722573273506E-17));
#4271=DIRECTION('',(-4.85722573273506E-17,0.,-1.));
#4272=DIRECTION('',(1.,0.,-4.85722573273506E-17));
#4273=DIRECTION('',(-4.85722573273506E-17,0.,-1.));
#4274=DIRECTION('',(1.,0.,-4.85722573273506E-17));
#4275=DIRECTION('',(-1.,0.,4.85722573273506E-17));
#4276=DIRECTION('',(-1.,0.,4.85722573273506E-17));
#4277=DIRECTION('',(4.85722573273506E-17,0.,1.));
#4278=DIRECTION('',(1.,0.,-4.85722573273506E-17));
#4279=DIRECTION('',(-1.,0.,4.85722573273506E-17));
#4280=DIRECTION('',(4.85722573273506E-17,0.,1.));
#4281=DIRECTION('',(1.,0.,-4.85722573273506E-17));
#4282=DIRECTION('',(-4.85722573273506E-17,0.,-1.));
#4283=DIRECTION('',(1.,0.,-4.85722573273506E-17));
#4284=DIRECTION('',(-1.,0.,4.85722573273506E-17));
#4285=DIRECTION('',(4.85722573273506E-17,0.,1.));
#4286=DIRECTION('',(1.,0.,-4.85722573273506E-17));
#4287=DIRECTION('',(-1.,0.,4.85722573273506E-17));
#4288=DIRECTION('',(4.85722573273506E-17,0.,1.));
#4289=DIRECTION('',(7.56180537765898E-32,-1.,1.55681572027763E-15));
#4290=DIRECTION('',(0.,-1.55681572027763E-15,-1.));
#4291=DIRECTION('',(-1.55681572027766E-15,1.55681572027763E-15,1.));
#4292=DIRECTION('',(1.,7.56180537765898E-32,0.));
#4293=DIRECTION('',(0.,0.,1.));
#4294=DIRECTION('',(-1.,0.,4.85722573273506E-17));
#4295=DIRECTION('',(7.56180537765898E-32,-1.,1.55681572027763E-15));
#4296=DIRECTION('',(0.,-1.55681572027763E-15,-1.));
#4297=DIRECTION('',(0.,0.,-1.));
#4298=DIRECTION('',(-1.,-7.56180537765898E-32,0.));
#4299=DIRECTION('',(1.55681572027761E-15,1.55681572027763E-15,1.));
#4300=DIRECTION('',(-1.,0.,4.85722573273506E-17));
#4301=DIRECTION('',(7.56180537765898E-32,-1.,1.55681572027763E-15));
#4302=DIRECTION('',(0.,-1.55681572027763E-15,-1.));
#4303=DIRECTION('',(0.,0.,1.));
#4304=DIRECTION('',(-1.,0.,4.85722573273506E-17));
#4305=DIRECTION('',(4.85722573273506E-17,1.55681572027763E-15,1.));
#4306=DIRECTION('',(-3.43457725337075E-17,0.70710678118655,-0.707106781186546));
#4307=DIRECTION('',(0.,0.707106781186546,0.70710678118655));
#4308=DIRECTION('',(-0.57735026918963,0.577350269189622,0.577350269189625));
#4309=DIRECTION('',(0.57735026918963,-0.577350269189622,-0.577350269189625));
#4310=DIRECTION('',(-1.,0.,4.85722573273506E-17));
#4311=DIRECTION('',(-3.43457725337075E-17,0.70710678118655,-0.707106781186546));
#4312=DIRECTION('',(0.,0.707106781186546,0.70710678118655));
#4313=DIRECTION('',(-1.,0.,4.85722573273506E-17));
#4314=DIRECTION('',(-0.577350269189619,-0.577350269189627,-0.577350269189631));
#4315=DIRECTION('',(-0.57735026918962,-0.577350269189627,-0.577350269189631));
#4316=DIRECTION('',(-3.43457725337075E-17,0.70710678118655,-0.707106781186546));
#4317=DIRECTION('',(0.,0.707106781186546,0.70710678118655));
#4318=DIRECTION('',(-5.18826029148678E-15,0.707106781186546,0.70710678118655));
#4319=DIRECTION('',(-3.43457725337075E-17,0.70710678118655,-0.707106781186546));
#4320=DIRECTION('',(3.43457725337073E-17,-0.707106781186546,-0.70710678118655));
#4321=DIRECTION('',(-3.43457725337077E-17,-0.707106781186546,-0.70710678118655));
#4322=DIRECTION('',(-1.,0.,4.85722573273506E-17));
#4323=DIRECTION('',(-4.85722573273506E-17,-2.41713452936842E-16,-1.));
#4324=DIRECTION('',(0.,1.,-2.41713452936842E-16));
#4325=DIRECTION('',(-4.85722573273506E-17,-2.41713452936842E-16,-1.));
#4326=DIRECTION('',(0.,1.,-2.41713452936842E-16));
#4327=DIRECTION('',(-4.85722573273506E-17,-2.41713452936842E-16,-1.));
#4328=DIRECTION('',(0.,1.,-2.41713452936842E-16));
#4329=DIRECTION('',(7.00373731076327E-15,-1.,2.41713452936841E-16));
#4330=DIRECTION('',(-4.85722573273506E-17,-2.41713452936842E-16,-1.));
#4331=DIRECTION('',(0.,1.,-2.41713452936842E-16));
#4332=DIRECTION('',(-0.707106781186543,-0.707106781186552,2.05262994209365E-16));
#4333=DIRECTION('',(-4.85722573273506E-17,-2.41713452936842E-16,-1.));
#4334=DIRECTION('',(0.,1.,-2.41713452936842E-16));
#4335=DIRECTION('',(-0.707106781186553,0.707106781186543,-1.36571449141947E-16));
#4336=DIRECTION('',(0.707106781186553,-0.707106781186543,1.36571449141947E-16));
#4337=DIRECTION('',(-4.85722573273506E-17,-2.41713452936842E-16,-1.));
#4338=DIRECTION('',(0.,1.,-2.41713452936842E-16));
#4339=DIRECTION('',(-0.707106781186543,-0.707106781186553,2.05262994209365E-16));
#4340=DIRECTION('',(-0.707106781186543,-0.707106781186552,2.05262994209364E-16));
#4341=DIRECTION('',(-4.85722573273506E-17,-2.41713452936842E-16,-1.));
#4342=DIRECTION('',(0.,1.,-2.41713452936842E-16));
#4343=DIRECTION('',(0.707106781186553,-0.707106781186543,1.36571449141947E-16));
#4344=DIRECTION('',(-4.85722573273506E-17,-2.41713452936842E-16,-1.));
#4345=DIRECTION('',(0.,1.,-2.41713452936842E-16));
#4346=DIRECTION('',(-7.33730806934241E-15,1.,-2.41713452936841E-16));
#4347=DIRECTION('',(1.17405680355307E-32,-1.,2.41713452936842E-16));
#4348=DIRECTION('',(-1.,0.,4.85722573273506E-17));
#4349=DIRECTION('',(-7.20871299613908E-15,1.,-2.41713452936841E-16));
#4350=DIRECTION('',(-4.85722573273506E-17,-2.41713452936842E-16,-1.));
#4351=DIRECTION('',(0.,1.,-2.41713452936842E-16));
#4352=DIRECTION('',(-0.707106781186543,-0.707106781186552,2.05262994209364E-16));
#4353=DIRECTION('',(-4.85722573273506E-17,-2.41713452936842E-16,-1.));
#4354=DIRECTION('',(0.,1.,-2.41713452936842E-16));
#4355=DIRECTION('',(0.707106781186553,-0.707106781186543,1.36571449141947E-16));
#4356=DIRECTION('',(-1.,0.,4.85722573273506E-17));
#4357=DIRECTION('',(-4.85722573273506E-17,-2.41713452936842E-16,-1.));
#4358=DIRECTION('',(0.,1.,-2.41713452936842E-16));
#4359=DIRECTION('',(0.707106781186553,-0.707106781186542,1.36571449141947E-16));
#4360=DIRECTION('',(-4.85722573273506E-17,-2.41713452936842E-16,-1.));
#4361=DIRECTION('',(0.,1.,-2.41713452936842E-16));
#4362=DIRECTION('',(-0.707106781186543,-0.707106781186552,2.05262994209364E-16));
#4363=DIRECTION('',(-4.85722573273506E-17,-2.41713452936842E-16,-1.));
#4364=DIRECTION('',(0.,1.,-2.41713452936842E-16));
#4365=DIRECTION('',(-1.,0.,4.85722573273506E-17));
#4366=DIRECTION('',(-0.707106781186543,-0.707106781186553,2.05262994209365E-16));
#4367=DIRECTION('',(-4.85722573273506E-17,-2.41713452936842E-16,-1.));
#4368=DIRECTION('',(0.,1.,-2.41713452936842E-16));
#4369=DIRECTION('',(0.707106781186552,-0.707106781186543,1.36571449141947E-16));
#4370=DIRECTION('',(-4.85722573273506E-17,-2.41713452936842E-16,-1.));
#4371=DIRECTION('',(0.,1.,-2.41713452936842E-16));
#4372=DIRECTION('',(7.22379541757816E-15,-1.,2.41713452936841E-16));
#4373=DIRECTION('',(-1.,0.,4.85722573273506E-17));
#4374=DIRECTION('',(0.134115656737433,-0.990965685893254,2.33015437488507E-16));
#4375=DIRECTION('',(0.707106781186552,-0.707106781186543,1.36571449141947E-16));
#4376=DIRECTION('',(-4.85722573273506E-17,-2.41713452936842E-16,-1.));
#4377=DIRECTION('',(0.,1.,-2.41713452936842E-16));
#4378=DIRECTION('',(-6.67022601025074E-15,1.,-2.41713452936841E-16));
#4379=DIRECTION('',(-4.85722573273506E-17,-2.41713452936842E-16,-1.));
#4380=DIRECTION('',(0.,1.,-2.41713452936842E-16));
#4381=DIRECTION('',(-0.707106781186543,-0.707106781186553,2.05262994209365E-16));
#4382=DIRECTION('',(-4.85722573273506E-17,-2.41713452936842E-16,-1.));
#4383=DIRECTION('',(0.,1.,-2.41713452936842E-16));
#4384=DIRECTION('',(0.707106781186552,-0.707106781186543,1.36571449141947E-16));
#4385=DIRECTION('',(-4.85722573273506E-17,-2.41713452936842E-16,-1.));
#4386=DIRECTION('',(0.,1.,-2.41713452936842E-16));
#4387=DIRECTION('',(-0.707106781186543,-0.707106781186553,2.05262994209365E-16));
#4388=DIRECTION('',(-4.85722573273506E-17,-2.41713452936842E-16,-1.));
#4389=DIRECTION('',(0.,1.,-2.41713452936842E-16));
#4390=DIRECTION('',(-0.707106781186552,0.707106781186543,-1.36571449141947E-16));
#4391=DIRECTION('',(-4.85722573273506E-17,-2.41713452936842E-16,-1.));
#4392=DIRECTION('',(0.,1.,-2.41713452936842E-16));
#4393=DIRECTION('',(-0.707106781186543,-0.707106781186553,2.05262994209365E-16));
#4394=DIRECTION('',(-4.85722573273506E-17,-2.41713452936842E-16,-1.));
#4395=DIRECTION('',(0.,1.,-2.41713452936842E-16));
#4396=DIRECTION('',(7.00379406619053E-15,-1.,2.41713452936841E-16));
#4397=DIRECTION('',(-4.85722573273506E-17,-2.41713452936842E-16,-1.));
#4398=DIRECTION('',(0.,1.,-2.41713452936842E-16));
#4399=DIRECTION('',(-0.707106781186543,-0.707106781186553,2.05262994209365E-16));
#4400=DIRECTION('',(-4.85722573273506E-17,-2.41713452936842E-16,-1.));
#4401=DIRECTION('',(0.,1.,-2.41713452936842E-16));
#4402=DIRECTION('',(0.707106781186552,-0.707106781186543,1.36571449141947E-16));
#4403=DIRECTION('',(-4.85722573273506E-17,-2.41713452936842E-16,-1.));
#4404=DIRECTION('',(0.,1.,-2.41713452936842E-16));
#4405=DIRECTION('',(0.707106781186553,-0.707106781186543,1.36571449141947E-16));
#4406=DIRECTION('',(-4.85722573273506E-17,-2.41713452936842E-16,-1.));
#4407=DIRECTION('',(0.,1.,-2.41713452936842E-16));
#4408=DIRECTION('',(-0.707106781186543,-0.707106781186552,2.05262994209365E-16));
#4409=DIRECTION('',(-4.85722573273506E-17,-2.41713452936842E-16,-1.));
#4410=DIRECTION('',(0.,1.,-2.41713452936842E-16));
#4411=DIRECTION('',(0.707106781186553,-0.707106781186543,1.36571449141947E-16));
#4412=DIRECTION('',(-4.85722573273506E-17,-2.41713452936842E-16,-1.));
#4413=DIRECTION('',(0.,1.,-2.41713452936842E-16));
#4414=DIRECTION('',(-0.707106781186543,-0.707106781186552,2.05262994209365E-16));
#4415=DIRECTION('',(-4.85722573273506E-17,-2.41713452936842E-16,-1.));
#4416=DIRECTION('',(0.,1.,-2.41713452936842E-16));
#4417=DIRECTION('',(-3.43457725337075E-17,-0.707106781186549,-0.707106781186546));
#4418=DIRECTION('',(0.,0.707106781186546,-0.707106781186549));
#4419=DIRECTION('',(0.577350269189631,-0.577350269189622,0.577350269189625));
#4420=DIRECTION('',(-3.43457725337075E-17,-0.707106781186549,-0.707106781186546));
#4421=DIRECTION('',(-3.43457725337073E-17,-0.707106781186546,0.707106781186549));
#4422=DIRECTION('',(-3.43457725337075E-17,-0.707106781186549,-0.707106781186546));
#4423=DIRECTION('',(0.,0.707106781186546,-0.707106781186549));
#4424=DIRECTION('',(-0.57735026918962,-0.577350269189628,0.57735026918963));
#4425=DIRECTION('',(-3.43457725337075E-17,-0.707106781186549,-0.707106781186546));
#4426=DIRECTION('',(3.43457725337073E-17,0.707106781186546,-0.707106781186549));
#4427=DIRECTION('',(-3.43457725337075E-17,-0.707106781186549,-0.707106781186546));
#4428=DIRECTION('',(0.,0.707106781186546,-0.707106781186549));
#4429=DIRECTION('',(-3.43457725337075E-17,-0.707106781186549,-0.707106781186546));
#4430=DIRECTION('',(-3.43457725337074E-17,-0.707106781186546,0.707106781186549));
#4431=DIRECTION('',(-5.09732984319752E-15,0.707106781186546,-0.707106781186549));
#4432=DIRECTION('',(3.43457725337076E-17,-0.707106781186546,0.707106781186549));
#4433=DIRECTION('',(0.,0.,-1.));
#4434=DIRECTION('',(-1.,0.,0.));
#4435=DIRECTION('',(0.,0.,1.));
#4436=DIRECTION('',(1.,0.,0.));
#4437=DIRECTION('',(0.12384376490768,0.00688020916153798,0.992277876713668));
#4438=DIRECTION('',(0.,0.,1.));
#4439=DIRECTION('',(1.,0.,0.));
#4440=DIRECTION('',(0.12384376490768,0.00688020916153798,-0.992277876713668));
#4441=DIRECTION('',(0.,0.,1.));
#4442=DIRECTION('',(1.,0.,0.));
#4443=DIRECTION('',(-0.707106781186553,0.707106781186543,0.));
#4444=DIRECTION('',(0.707106781186553,-0.707106781186543,0.));
#4445=DIRECTION('',(1.,0.,-4.85722573273506E-17));
#4446=DIRECTION('',(0.,0.,1.));
#4447=DIRECTION('',(1.,0.,0.));
#4448=DIRECTION('',(0.,0.,1.));
#4449=DIRECTION('',(1.,0.,0.));
#4450=DIRECTION('',(-0.134115656737433,0.990965685893254,0.));
#4451=DIRECTION('',(0.,0.,1.));
#4452=DIRECTION('',(1.,0.,0.));
#4453=DIRECTION('',(-1.,0.,0.));
#4454=DIRECTION('',(0.,0.,1.));
#4455=DIRECTION('',(1.,0.,0.));
#4456=DIRECTION('',(0.707106781186543,0.707106781186553,0.));
#4457=DIRECTION('',(0.,0.,1.));
#4458=DIRECTION('',(1.,0.,0.));
#4459=DIRECTION('',(-1.,0.,0.));
#4460=DIRECTION('',(0.,0.,1.));
#4461=DIRECTION('',(1.,0.,0.));
#4462=DIRECTION('',(-0.707106781186553,0.707106781186543,0.));
#4463=DIRECTION('',(0.,0.,1.));
#4464=DIRECTION('',(1.,0.,0.));
#4465=DIRECTION('',(-1.,0.,0.));
#4466=DIRECTION('',(0.,0.,1.));
#4467=DIRECTION('',(1.,0.,0.));
#4468=DIRECTION('',(0.,0.,1.));
#4469=DIRECTION('',(2.89733553912762E-15,-1.,0.));
#4470=DIRECTION('',(1.,0.,-4.85722573273506E-17));
#4471=DIRECTION('',(0.,0.,1.));
#4472=DIRECTION('',(1.,0.,0.));
#4473=DIRECTION('',(1.,0.,0.));
#4474=DIRECTION('',(0.,-1.,0.));
#4475=DIRECTION('',(0.,0.,1.));
#4476=DIRECTION('',(1.,0.,0.));
#4477=DIRECTION('',(-1.,0.,0.));
#4478=DIRECTION('',(0.,0.,1.));
#4479=DIRECTION('',(1.,0.,0.));
#4480=DIRECTION('',(-0.234009148763359,-0.972234394729506,0.));
#4481=DIRECTION('',(0.,0.,1.));
#4482=DIRECTION('',(1.,0.,0.));
#4483=DIRECTION('',(-1.,0.,0.));
#4484=DIRECTION('',(1.,0.,0.));
#4485=DIRECTION('',(0.,0.,1.));
#4486=DIRECTION('',(-7.00519057435154E-15,1.,0.));
#4487=DIRECTION('',(0.,1.,0.));
#4488=DIRECTION('',(0.,0.,1.));
#4489=DIRECTION('',(1.,0.,0.));
#4490=DIRECTION('',(0.707106781186543,0.707106781186552,0.));
#4491=DIRECTION('',(0.707106781186543,0.707106781186553,0.));
#4492=DIRECTION('',(0.,0.,1.));
#4493=DIRECTION('',(1.,0.,0.));
#4494=DIRECTION('',(1.,7.00373731076334E-15,0.));
#4495=DIRECTION('',(0.,0.,1.));
#4496=DIRECTION('',(1.,0.,0.));
#4497=DIRECTION('',(0.,0.,1.));
#4498=DIRECTION('',(1.,0.,0.));
#4499=DIRECTION('',(0.,0.,1.));
#4500=DIRECTION('',(1.,0.,0.));
#4501=DIRECTION('',(0.,0.,1.));
#4502=DIRECTION('',(1.,0.,0.));
#4503=DIRECTION('',(0.,0.,1.));
#4504=DIRECTION('',(1.,0.,0.));
#4505=DIRECTION('',(0.,0.,1.));
#4506=DIRECTION('',(1.,0.,0.));
#4507=DIRECTION('',(0.,0.,1.));
#4508=DIRECTION('',(1.,0.,0.));
#4509=DIRECTION('',(0.,0.,1.));
#4510=DIRECTION('',(1.,0.,0.));
#4511=DIRECTION('',(1.,0.,0.));
#4512=DIRECTION('',(0.,0.,1.));
#4513=DIRECTION('',(1.,0.,0.));
#4514=DIRECTION('',(0.,0.,1.));
#4515=DIRECTION('',(1.,0.,0.));
#4516=DIRECTION('',(0.,0.,1.));
#4517=DIRECTION('',(1.,0.,0.));
#4518=DIRECTION('',(0.,0.,1.));
#4519=DIRECTION('',(1.,0.,0.));
#4520=DIRECTION('',(0.,0.,1.));
#4521=DIRECTION('',(1.,0.,0.));
#4522=DIRECTION('',(0.,0.,-1.));
#4523=DIRECTION('',(-1.,0.,0.));
#4524=DIRECTION('',(0.,0.,-1.));
#4525=DIRECTION('',(-1.,0.,0.));
#4526=DIRECTION('',(0.,0.,1.));
#4527=DIRECTION('',(1.,0.,0.));
#4528=DIRECTION('',(0.,0.,1.));
#4529=DIRECTION('',(1.,0.,0.));
#4530=DIRECTION('',(0.,0.,1.));
#4531=DIRECTION('',(1.,0.,0.));
#4532=DIRECTION('',(0.,0.,1.));
#4533=DIRECTION('',(1.,0.,0.));
#4534=DIRECTION('',(0.,0.,1.));
#4535=DIRECTION('',(1.,0.,0.));
#4536=DIRECTION('',(0.,0.,1.));
#4537=DIRECTION('',(1.,0.,0.));
#4538=DIRECTION('',(0.,0.,1.));
#4539=DIRECTION('',(1.,0.,0.));
#4540=DIRECTION('',(0.,0.,1.));
#4541=DIRECTION('',(1.,0.,0.));
#4542=DIRECTION('',(0.,0.,1.));
#4543=DIRECTION('',(1.,0.,0.));
#4544=DIRECTION('',(0.,0.,1.));
#4545=DIRECTION('',(1.,0.,0.));
#4546=DIRECTION('',(0.,0.,1.));
#4547=DIRECTION('',(1.,0.,0.));
#4548=DIRECTION('',(-0.123843764907681,-0.00688020916153798,-0.992277876713668));
#4549=DIRECTION('',(0.,0.,1.));
#4550=DIRECTION('',(1.,0.,0.));
#4551=DIRECTION('',(0.,0.,1.));
#4552=DIRECTION('',(1.,0.,0.));
#4553=DIRECTION('',(0.,0.,1.));
#4554=DIRECTION('',(1.,0.,0.));
#4555=DIRECTION('',(0.,0.,1.));
#4556=DIRECTION('',(1.,0.,0.));
#4557=DIRECTION('',(0.,0.,1.));
#4558=DIRECTION('',(1.,0.,0.));
#4559=DIRECTION('',(0.,0.,1.));
#4560=DIRECTION('',(1.,0.,0.));
#4561=DIRECTION('',(0.,0.,1.));
#4562=DIRECTION('',(1.,0.,0.));
#4563=DIRECTION('',(0.,0.,1.));
#4564=DIRECTION('',(1.,0.,0.));
#4565=DIRECTION('',(0.,0.,1.));
#4566=DIRECTION('',(1.,0.,0.));
#4567=DIRECTION('',(0.,0.,1.));
#4568=DIRECTION('',(1.,0.,0.));
#4569=DIRECTION('',(0.,0.,1.));
#4570=DIRECTION('',(1.,0.,0.));
#4571=DIRECTION('',(0.,0.,1.));
#4572=DIRECTION('',(1.,0.,0.));
#4573=DIRECTION('',(0.,0.,1.));
#4574=DIRECTION('',(1.,0.,0.));
#4575=DIRECTION('',(0.,0.,1.));
#4576=DIRECTION('',(1.,0.,0.));
#4577=DIRECTION('',(0.,0.,1.));
#4578=DIRECTION('',(1.,0.,0.));
#4579=DIRECTION('',(0.,0.,1.));
#4580=DIRECTION('',(1.,0.,0.));
#4581=DIRECTION('',(0.,0.,1.));
#4582=DIRECTION('',(1.,0.,0.));
#4583=DIRECTION('',(1.,0.,0.));
#4584=DIRECTION('',(0.,0.,-1.));
#4585=DIRECTION('',(1.,0.,-4.85722573273506E-17));
#4586=DIRECTION('',(-1.,0.,0.));
#4587=DIRECTION('',(0.,0.,1.));
#4588=DIRECTION('',(0.,1.,0.));
#4589=DIRECTION('',(0.,0.,1.));
#4590=DIRECTION('',(-1.,0.,4.85722573273506E-17));
#4591=DIRECTION('',(4.85722573273506E-17,0.,1.));
#4592=DIRECTION('',(1.,0.,-4.85722573273506E-17));
#4593=DIRECTION('',(0.,-1.,0.));
#4594=DIRECTION('',(1.,0.,-4.85722573273506E-17));
#4595=DIRECTION('',(0.,-1.,0.));
#4596=DIRECTION('',(8.14173121406785E-19,0.999859506102552,0.0167621017882637));
#4597=DIRECTION('',(0.,-0.0167621017882637,0.999859506102552));
#4598=DIRECTION('',(4.85654332216108E-17,-0.0167621017882637,0.999859506102552));
#4599=DIRECTION('',(1.,0.,-4.85722573273506E-17));
#4600=DIRECTION('',(4.85654332216108E-17,-0.0167621017882637,0.999859506102552));
#4601=DIRECTION('',(4.85722573273506E-17,2.42861286636753E-16,1.));
#4602=DIRECTION('',(0.,-1.,2.42861286636753E-16));
#4603=DIRECTION('',(2.61926472436664E-32,-1.,2.42861286636753E-16));
#4604=DIRECTION('',(1.,0.,-4.85722573273506E-17));
#4605=DIRECTION('',(2.61926472436664E-32,-1.,2.42861286636753E-16));
#4606=DIRECTION('',(-4.72206335794733E-18,0.99526318026895,-0.0972172927052411));
#4607=DIRECTION('',(0.,0.0972172927052411,0.99526318026895));
#4608=DIRECTION('',(4.83421793004607E-17,0.0972172927052411,0.99526318026895));
#4609=DIRECTION('',(1.,0.,-4.85722573273506E-17));
#4610=DIRECTION('',(4.83421793004607E-17,0.0972172927052411,0.99526318026895));
#4611=DIRECTION('',(-4.85722573273506E-17,0.,-1.));
#4612=DIRECTION('',(-1.,0.,4.85722573273506E-17));
#4613=DIRECTION('',(0.,1.,0.));
#4614=DIRECTION('',(0.,1.,0.));
#4615=DIRECTION('',(3.36779912808628E-19,0.999975962405198,0.00693358578208367));
#4616=DIRECTION('',(0.,-0.00693358578208367,0.999975962405198));
#4617=DIRECTION('',(4.85710897671104E-17,-0.00693358578208367,0.999975962405198));
#4618=DIRECTION('',(-8.14173121406786E-19,-0.999859506102552,-0.0167621017882637));
#4619=DIRECTION('',(0.,0.0167621017882637,-0.999859506102552));
#4620=DIRECTION('',(-4.85654332216108E-17,0.0167621017882637,-0.999859506102552));
#4621=DIRECTION('',(1.,0.,-4.85722573273506E-17));
#4622=DIRECTION('',(-4.85722573273506E-17,0.,-1.));
#4623=DIRECTION('',(-1.,0.,4.85722573273506E-17));
#4624=DIRECTION('',(4.85722573273506E-17,0.,1.));
#4625=DIRECTION('',(-1.,0.,4.85722573273506E-17));
#4626=DIRECTION('',(4.85722573273506E-17,0.,1.));
#4627=DIRECTION('',(1.,0.,-4.85722573273506E-17));
#4628=DIRECTION('',(-4.85722573273506E-17,0.,-1.));
#4629=DIRECTION('',(-1.,0.,4.85722573273506E-17));
#4630=DIRECTION('',(4.85722573273506E-17,0.,1.));
#4631=DIRECTION('',(-1.,0.,4.85722573273506E-17));
#4632=DIRECTION('',(4.85722573273506E-17,0.,1.));
#4633=DIRECTION('',(-1.,0.,4.85722573273506E-17));
#4634=DIRECTION('',(0.,-1.,0.));
#4635=DIRECTION('',(-4.85654332216108E-17,0.0167621017882637,-0.999859506102552));
#4636=DIRECTION('',(4.85710897671104E-17,-0.00693358578208367,0.999975962405198));
#4637=DIRECTION('',(-1.,0.,4.85722573273506E-17));
#4638=DIRECTION('',(0.,-1.,0.));
#4639=DIRECTION('',(-3.43457725337075E-17,0.70710678118655,-0.707106781186546));
#4640=DIRECTION('',(0.,0.707106781186546,0.70710678118655));
#4641=DIRECTION('',(4.95239014608993E-15,-0.707106781186546,-0.70710678118655));
#4642=DIRECTION('',(-3.43457725337075E-17,-0.707106781186549,-0.707106781186546));
#4643=DIRECTION('',(0.,0.707106781186546,-0.707106781186549));
#4644=DIRECTION('',(-0.752921435302187,-0.465354333955585,0.465354333955588));
#4645=DIRECTION('',(5.10799472567381E-15,-0.707106781186546,0.707106781186549));
#4646=DIRECTION('',(-3.43457725337075E-17,-0.707106781186549,-0.707106781186546));
#4647=DIRECTION('',(-3.43457725337073E-17,-0.707106781186546,0.707106781186549));
#4648=DIRECTION('',(4.85654332216108E-17,-0.0167621017882637,0.999859506102552));
#4649=DIRECTION('',(0.,-0.999859506102552,-0.0167621017882637));
#4650=DIRECTION('',(-4.85710897671104E-17,0.00693358578208367,-0.999975962405198));
#4651=DIRECTION('',(0.,0.999975962405198,0.00693358578208367));
#4652=DIRECTION('',(0.,1.,0.));
#4653=DIRECTION('',(0.,0.,1.));
#4654=DIRECTION('',(0.,0.,1.));
#4655=DIRECTION('',(0.,0.,1.));
#4656=DIRECTION('',(0.707106781186552,-0.707106781186543,0.));
#4657=DIRECTION('',(0.707106781186543,0.707106781186552,0.));
#4658=DIRECTION('',(0.,0.,1.));
#4659=DIRECTION('',(0.,0.,1.));
#4660=DIRECTION('',(0.707106781186542,0.707106781186553,0.));
#4661=DIRECTION('',(-0.707106781186553,0.707106781186542,0.));
#4662=DIRECTION('',(0.,0.,1.));
#4663=DIRECTION('',(0.,0.,1.));
#4664=DIRECTION('',(0.,1.,0.));
#4665=DIRECTION('',(0.,0.,1.));
#4666=DIRECTION('',(0.,0.,1.));
#4667=DIRECTION('',(0.,0.,1.));
#4668=DIRECTION('',(0.,0.,1.));
#4669=DIRECTION('',(1.,0.,0.));
#4670=DIRECTION('',(0.,0.,1.));
#4671=DIRECTION('',(0.707106781186553,-0.707106781186543,0.));
#4672=DIRECTION('',(0.707106781186543,0.707106781186553,0.));
#4673=DIRECTION('',(0.,0.,1.));
#4674=DIRECTION('',(0.,0.,1.));
#4675=DIRECTION('',(0.707106781186543,0.707106781186552,0.));
#4676=DIRECTION('',(-0.707106781186552,0.707106781186543,0.));
#4677=DIRECTION('',(0.,0.,1.));
#4678=DIRECTION('',(0.,0.,1.));
#4679=DIRECTION('',(1.,7.22379541757816E-15,0.));
#4680=DIRECTION('',(-7.22379541757816E-15,1.,0.));
#4681=DIRECTION('',(0.,0.,1.));
#4682=DIRECTION('',(0.,1.,0.));
#4683=DIRECTION('',(0.,0.,1.));
#4684=DIRECTION('',(0.,0.,1.));
#4685=DIRECTION('',(0.,0.,1.));
#4686=DIRECTION('',(0.707106781186543,0.707106781186553,0.));
#4687=DIRECTION('',(-0.707106781186553,0.707106781186543,0.));
#4688=DIRECTION('',(0.,0.,1.));
#4689=DIRECTION('',(0.,0.,1.));
#4690=DIRECTION('',(0.,0.,1.));
#4691=DIRECTION('',(-0.707090169542493,0.707123392440364,0.));
#4692=DIRECTION('',(0.,0.,1.));
#4693=DIRECTION('',(-1.,-7.20871299613908E-15,0.));
#4694=DIRECTION('',(7.20871299613908E-15,-1.,0.));
#4695=DIRECTION('',(0.,0.,1.));
#4696=DIRECTION('',(0.707106781186552,-0.707106781186543,0.));
#4697=DIRECTION('',(0.707106781186543,0.707106781186552,0.));
#4698=DIRECTION('',(0.,0.,1.));
#4699=DIRECTION('',(0.,0.,1.));
#4700=DIRECTION('',(-1.,-7.33730806934241E-15,0.));
#4701=DIRECTION('',(7.33730806934241E-15,-1.,0.));
#4702=DIRECTION('',(0.,0.,1.));
#4703=DIRECTION('',(0.,0.,1.));
#4704=DIRECTION('',(0.707106781186552,-0.707106781186543,0.));
#4705=DIRECTION('',(0.707106781186543,0.707106781186552,0.));
#4706=DIRECTION('',(0.,0.,1.));
#4707=DIRECTION('',(0.,0.,1.));
#4708=DIRECTION('',(0.707106781186543,0.707106781186553,0.));
#4709=DIRECTION('',(-0.707106781186553,0.707106781186543,0.));
#4710=DIRECTION('',(0.,0.,1.));
#4711=DIRECTION('',(0.,0.,1.));
#4712=DIRECTION('',(0.707106781186553,-0.707106781186543,0.));
#4713=DIRECTION('',(0.707106781186543,0.707106781186553,0.));
#4714=DIRECTION('',(0.,0.,1.));
#4715=DIRECTION('',(0.,0.,1.));
#4716=DIRECTION('',(-0.707106781186543,-0.707106781186552,0.));
#4717=DIRECTION('',(0.707106781186552,-0.707106781186543,0.));
#4718=DIRECTION('',(0.,0.,1.));
#4719=DIRECTION('',(0.,0.,1.));
#4720=DIRECTION('',(0.707106781186553,-0.707106781186543,0.));
#4721=DIRECTION('',(0.707106781186543,0.707106781186553,0.));
#4722=DIRECTION('',(0.,0.,1.));
#4723=DIRECTION('',(0.,0.,1.));
#4724=DIRECTION('',(0.707106781186543,0.707106781186552,0.));
#4725=DIRECTION('',(-0.707106781186552,0.707106781186543,0.));
#4726=DIRECTION('',(0.,0.,1.));
#4727=DIRECTION('',(0.,0.,1.));
#4728=DIRECTION('',(0.707106781186543,0.707106781186552,0.));
#4729=DIRECTION('',(-0.707106781186552,0.707106781186543,0.));
#4730=DIRECTION('',(0.,0.,1.));
#4731=DIRECTION('',(0.,0.,1.));
#4732=DIRECTION('',(-1.,-6.67022601025074E-15,0.));
#4733=DIRECTION('',(6.67022601025074E-15,-1.,0.));
#4734=DIRECTION('',(0.,0.,1.));
#4735=DIRECTION('',(0.,0.,1.));
#4736=DIRECTION('',(0.707106781186553,-0.707106781186543,0.));
#4737=DIRECTION('',(0.707106781186543,0.707106781186553,0.));
#4738=DIRECTION('',(0.,0.,1.));
#4739=DIRECTION('',(0.,0.,1.));
#4740=DIRECTION('',(7.00373731076334E-15,-1.,0.));
#4741=DIRECTION('',(1.,7.00373731076334E-15,0.));
#4742=DIRECTION('',(0.,0.,1.));
#4743=DIRECTION('',(0.,0.,1.));
#4744=DIRECTION('',(0.707106781186553,-0.707106781186543,0.));
#4745=DIRECTION('',(0.707106781186543,0.707106781186553,0.));
#4746=DIRECTION('',(0.,0.,1.));
#4747=DIRECTION('',(0.,0.,1.));
#4748=DIRECTION('',(0.707106781186543,0.707106781186553,0.));
#4749=DIRECTION('',(-0.707106781186553,0.707106781186543,0.));
#4750=DIRECTION('',(0.,0.,1.));
#4751=DIRECTION('',(0.,0.,1.));
#4752=DIRECTION('',(-0.707106781186543,-0.707106781186553,0.));
#4753=DIRECTION('',(0.707106781186553,-0.707106781186543,0.));
#4754=DIRECTION('',(0.,0.,1.));
#4755=DIRECTION('',(1.,7.00373731076327E-15,0.));
#4756=DIRECTION('',(-7.00373731076327E-15,1.,0.));
#4757=DIRECTION('',(0.,0.,1.));
#4758=DIRECTION('',(0.707106781186552,-0.707106781186543,0.));
#4759=DIRECTION('',(0.707106781186543,0.707106781186552,0.));
#4760=DIRECTION('',(0.,0.,1.));
#4761=DIRECTION('',(0.,0.,1.));
#4762=DIRECTION('',(0.707106781186543,0.707106781186552,0.));
#4763=DIRECTION('',(-0.707106781186552,0.707106781186543,0.));
#4764=DIRECTION('',(0.,0.,1.));
#4765=DIRECTION('',(0.,0.,1.));
#4766=DIRECTION('',(1.,7.00379406619053E-15,0.));
#4767=DIRECTION('',(-7.00379406619053E-15,1.,0.));
#4768=DIRECTION('',(0.,0.,1.));
#4769=DIRECTION('',(0.,0.,1.));
#4770=DIRECTION('',(0.707106781186553,-0.707106781186543,0.));
#4771=DIRECTION('',(0.707106781186543,0.707106781186553,0.));
#4772=DIRECTION('',(0.,0.,1.));
#4773=DIRECTION('',(0.,0.,1.));
#4774=DIRECTION('',(0.707106781186543,0.707106781186553,0.));
#4775=DIRECTION('',(-0.707106781186553,0.707106781186543,0.));
#4776=DIRECTION('',(0.,0.,1.));
#4777=DIRECTION('',(0.,0.,1.));
#4778=DIRECTION('',(0.707106781186552,-0.707106781186543,0.));
#4779=DIRECTION('',(0.707106781186543,0.707106781186552,0.));
#4780=DIRECTION('',(0.,0.,1.));
#4781=DIRECTION('',(0.,0.,1.));
#4782=DIRECTION('',(0.707106781186543,0.707106781186553,0.));
#4783=DIRECTION('',(-0.707106781186553,0.707106781186543,0.));
#4784=DIRECTION('',(0.,0.,1.));
#4785=DIRECTION('',(0.,0.,1.));
#4786=DIRECTION('',(0.707106781186552,-0.707106781186543,0.));
#4787=DIRECTION('',(0.707106781186543,0.707106781186552,0.));
#4788=DIRECTION('',(0.,0.,1.));
#4789=DIRECTION('',(0.,0.,1.));
#4790=DIRECTION('',(0.,0.,1.));
#4791=DIRECTION('',(1.,0.,0.));
#4792=DIRECTION('',(0.,0.,-1.));
#4793=DIRECTION('',(-1.,0.,0.));
#4794=DIRECTION('',(0.,0.,-1.));
#4795=DIRECTION('',(-1.,0.,0.));
#4796=DIRECTION('',(0.,0.,1.));
#4797=DIRECTION('',(1.,0.,0.));
#4798=DIRECTION('',(0.,0.,-1.));
#4799=DIRECTION('',(-1.,0.,0.));
#4800=DIRECTION('',(0.,0.,-1.));
#4801=DIRECTION('',(-1.,0.,0.));
#4802=DIRECTION('',(0.,0.,1.));
#4803=DIRECTION('',(1.,0.,0.));
#4804=DIRECTION('',(0.,0.,-1.));
#4805=DIRECTION('',(-1.,0.,0.));
#4806=DIRECTION('',(0.,0.,1.));
#4807=DIRECTION('',(1.,0.,0.));
#4808=DIRECTION('',(0.,0.,-1.));
#4809=DIRECTION('',(-1.,0.,0.));
#4810=DIRECTION('',(0.,0.,1.));
#4811=DIRECTION('',(1.,0.,0.));
#4812=DIRECTION('',(0.,0.,-1.));
#4813=DIRECTION('',(-1.,0.,0.));
#4814=DIRECTION('',(0.,0.,-1.));
#4815=DIRECTION('',(-1.,0.,0.));
#4816=DIRECTION('',(0.,0.,-1.));
#4817=DIRECTION('',(-1.,0.,0.));
#4818=DIRECTION('',(0.,0.,1.));
#4819=DIRECTION('',(1.,0.,0.));
#4820=DIRECTION('',(0.,0.,1.));
#4821=DIRECTION('',(1.,0.,0.));
#4822=DIRECTION('',(0.,0.,-1.));
#4823=DIRECTION('',(-1.,0.,0.));
#4824=DIRECTION('',(0.,0.,1.));
#4825=DIRECTION('',(1.,0.,0.));
#4826=DIRECTION('',(0.,0.,-1.));
#4827=DIRECTION('',(-1.,0.,0.));
#4828=DIRECTION('',(0.,0.,1.));
#4829=DIRECTION('',(1.,0.,0.));
#4830=DIRECTION('',(0.,0.,-1.));
#4831=DIRECTION('',(-1.,0.,0.));
#4832=DIRECTION('',(0.,0.,-1.));
#4833=DIRECTION('',(-1.,0.,0.));
#4834=DIRECTION('',(0.,0.,1.));
#4835=DIRECTION('',(1.,0.,0.));
#4836=DIRECTION('',(0.,0.,1.));
#4837=DIRECTION('',(1.,0.,0.));
#4838=DIRECTION('',(0.,0.,-1.));
#4839=DIRECTION('',(-1.,0.,0.));
#4840=DIRECTION('',(0.,0.,-1.));
#4841=DIRECTION('',(-1.,0.,0.));
#4842=DIRECTION('',(0.,0.,-1.));
#4843=DIRECTION('',(-1.,0.,0.));
#4844=DIRECTION('',(0.,0.,1.));
#4845=DIRECTION('',(1.,0.,0.));
#4846=DIRECTION('',(0.,0.,1.));
#4847=DIRECTION('',(1.,0.,0.));
#4848=DIRECTION('',(0.,0.,-1.));
#4849=DIRECTION('',(-1.,0.,0.));
#4850=DIRECTION('',(0.,0.,1.));
#4851=DIRECTION('',(1.,0.,0.));
#4852=DIRECTION('',(0.,0.,1.));
#4853=DIRECTION('',(1.,0.,0.));
#4854=DIRECTION('',(0.,0.,1.));
#4855=DIRECTION('',(1.,0.,0.));
#4856=DIRECTION('',(0.,0.,1.));
#4857=DIRECTION('',(0.,0.,1.));
#4858=DIRECTION('',(1.,0.,0.));
#4859=DIRECTION('',(0.,0.,1.));
#4860=DIRECTION('',(1.,0.,0.));
#4861=DIRECTION('',(0.234009148763359,0.972234394729506,0.));
#4862=DIRECTION('',(0.,0.,1.));
#4863=DIRECTION('',(1.,0.,0.));
#4864=DIRECTION('',(0.,0.,1.));
#4865=DIRECTION('',(1.,0.,0.));
#4866=DIRECTION('',(0.,0.,1.));
#4867=DIRECTION('',(1.,0.,0.));
#4868=DIRECTION('',(0.,0.,1.));
#4869=DIRECTION('',(1.,0.,0.));
#4870=DIRECTION('',(0.,0.,1.));
#4871=DIRECTION('',(1.,0.,0.));
#4872=DIRECTION('',(0.,0.,1.));
#4873=DIRECTION('',(1.,0.,0.));
#4874=DIRECTION('',(0.,0.,1.));
#4875=DIRECTION('',(1.,0.,0.));
#4876=DIRECTION('',(0.,0.,1.));
#4877=DIRECTION('',(1.,0.,0.));
#4878=DIRECTION('',(0.,0.,-1.));
#4879=DIRECTION('',(1.,0.,0.));
#4880=DIRECTION('',(0.,0.,1.));
#4881=DIRECTION('',(1.,0.,0.));
#4882=DIRECTION('',(0.,0.,1.));
#4883=DIRECTION('',(1.,0.,0.));
#4884=DIRECTION('',(0.,0.,1.));
#4885=DIRECTION('',(1.,0.,0.));
#4886=DIRECTION('',(0.,0.,1.));
#4887=DIRECTION('',(0.,0.,1.));
#4888=DIRECTION('',(0.,0.,1.));
#4889=DIRECTION('',(1.,0.,0.));
#4890=DIRECTION('',(0.,0.,1.));
#4891=DIRECTION('',(1.,0.,0.));
#4892=DIRECTION('',(0.,0.,1.));
#4893=DIRECTION('',(1.,0.,0.));
#4894=DIRECTION('',(0.,0.,-1.));
#4895=DIRECTION('',(0.,0.,1.));
#4896=DIRECTION('',(0.,0.,1.));
#4897=DIRECTION('',(1.,0.,0.));
#4898=DIRECTION('',(0.,0.,1.));
#4899=DIRECTION('',(0.,0.,1.));
#4900=DIRECTION('',(0.,0.,1.));
#4901=DIRECTION('',(1.,0.,0.));
#4902=DIRECTION('',(0.,0.,1.));
#4903=DIRECTION('',(0.,0.,1.));
#4904=DIRECTION('',(1.,0.,0.));
#4905=DIRECTION('',(0.,0.,-1.));
#4906=DIRECTION('',(0.,0.,1.));
#4907=DIRECTION('',(1.,0.,0.));
#4908=DIRECTION('',(0.,0.,-1.));
#4909=DIRECTION('',(0.,0.,1.));
#4910=DIRECTION('',(0.,-1.,0.));
#4911=DIRECTION('',(0.,0.,-1.));
#4912=DIRECTION('',(0.,0.,1.));
#4913=DIRECTION('',(0.,0.,1.));
#4914=DIRECTION('',(1.,0.,0.));
#4915=DIRECTION('',(0.,0.,1.));
#4916=DIRECTION('',(0.,0.,1.));
#4917=DIRECTION('',(1.,0.,0.));
#4918=DIRECTION('',(0.,0.,1.));
#4919=DIRECTION('',(1.,0.,0.));
#4920=DIRECTION('',(0.,0.,1.));
#4921=DIRECTION('',(0.,0.,1.));
#4922=DIRECTION('',(1.,0.,0.));
#4923=DIRECTION('',(0.,1.,0.));
#4924=DIRECTION('',(0.,0.,1.));
#4925=DIRECTION('',(1.,0.,0.));
#4926=DIRECTION('',(1.,0.,0.));
#4927=DIRECTION('',(1.,0.,0.));
#4928=DIRECTION('',(0.,0.,-1.));
#4929=DIRECTION('',(1.,0.,0.));
#4930=DIRECTION('',(0.,0.,-1.));
#4931=DIRECTION('',(1.,0.,0.));
#4932=DIRECTION('',(0.,1.,0.));
#4933=DIRECTION('',(1.,0.,0.));
#4934=DIRECTION('',(0.,0.,-1.));
#4935=DIRECTION('',(1.,0.,0.));
#4936=DIRECTION('',(0.,0.,-1.));
#4937=DIRECTION('',(1.,0.,0.));
#4938=DIRECTION('',(0.,0.,-1.));
#4939=DIRECTION('',(1.,0.,0.));
#4940=DIRECTION('',(0.,0.,-1.));
#4941=DIRECTION('',(0.972234394729506,-0.234009148763358,0.));
#4942=DIRECTION('',(0.,0.,-1.));
#4943=DIRECTION('',(0.,0.,1.));
#4944=DIRECTION('',(1.,0.,0.));
#4945=DIRECTION('',(0.,0.,1.));
#4946=DIRECTION('',(1.,0.,0.));
#4947=DIRECTION('',(0.49432636675841,0.0669013127943713,0.866698135150769));
#4948=DIRECTION('',(0.134115656737433,-0.990965685893254,2.32900031556022E-16));
#4949=DIRECTION('',(0.858868111962086,0.116237789588854,-0.498832980591881));
#4950=DIRECTION('',(0.,0.,-1.));
#4951=DIRECTION('',(-1.,0.,0.));
#4952=DIRECTION('',(0.540802768524576,-0.677272488020866,-0.498832980591881));
#4953=DIRECTION('',(6.00951818901735E-17,1.39857877853495E-15,1.));
#4954=DIRECTION('',(0.,-1.,1.39857877853495E-15));
#4955=DIRECTION('',(0.,0.,1.));
#4956=DIRECTION('',(1.,0.,0.));
#4957=DIRECTION('',(-1.,0.,0.));
#4958=DIRECTION('',(0.,0.,1.));
#4959=DIRECTION('',(1.,0.,0.));
#4960=DIRECTION('',(1.,0.,0.));
#4961=DIRECTION('',(0.,1.,0.));
#4962=DIRECTION('',(0.,0.,1.));
#4963=DIRECTION('',(0.,-1.,0.));
#4964=DIRECTION('',(0.,0.,-1.));
#4965=DIRECTION('',(-1.,0.,0.));
#4966=DIRECTION('',(0.,-1.,0.));
#4967=DIRECTION('',(0.,-1.,0.));
#4968=DIRECTION('',(0.,0.,-1.));
#4969=DIRECTION('',(1.,0.,0.));
#4970=DIRECTION('',(0.,0.,-1.));
#4971=DIRECTION('',(0.,0.,-1.));
#4972=DIRECTION('',(0.,0.,-1.));
#4973=DIRECTION('',(1.,0.,0.));
#4974=DIRECTION('',(-1.,0.,0.));
#4975=DIRECTION('',(0.,-1.,0.));
#4976=DIRECTION('',(0.,0.,-1.));
#4977=DIRECTION('',(-1.,0.,0.));
#4978=DIRECTION('',(0.,1.,0.));
#4979=DIRECTION('',(-1.,0.,0.));
#4980=DIRECTION('',(0.,-1.,0.));
#4981=DIRECTION('',(0.,0.,-1.));
#4982=DIRECTION('',(-1.,0.,0.));
#4983=DIRECTION('',(0.,1.,0.));
#4984=DIRECTION('',(-1.,0.,0.));
#4985=DIRECTION('',(0.,-1.,0.));
#4986=CARTESIAN_POINT('',(0.,0.,0.));
#4987=CARTESIAN_POINT('',(-0.0309,0.033,0.0489785533905933));
#4988=CARTESIAN_POINT('',(-0.0379942647390527,0.033,0.0481080589092928));
#4989=CARTESIAN_POINT('',(-0.0379942647390527,0.033,0.0512071067811866));
#4990=CARTESIAN_POINT('',(-0.0379942647390527,0.033,0.04925));
#4991=CARTESIAN_POINT('',(-0.046,0.033,0.04925));
#4992=CARTESIAN_POINT('',(-0.011173845617369,0.033,0.04925));
#4993=CARTESIAN_POINT('',(-0.0259412547583559,0.033,0.0576726784517416));
#4994=CARTESIAN_POINT('',(-0.0146052239771123,0.033,0.0512071067811866));
#4995=CARTESIAN_POINT('',(-0.0309,0.033,0.0512071067811866));
#4996=CARTESIAN_POINT('',(-0.0410943406083433,-0.0282850861556064,0.0399));
#4997=CARTESIAN_POINT('',(-0.0392264813537164,-0.029,0.0481080589092924));
#4998=CARTESIAN_POINT('',(-0.0392264813537166,-0.029,0.04925));
#4999=CARTESIAN_POINT('',(-0.0392264813537164,-0.029,0.0512071067811866));
#5000=CARTESIAN_POINT('',(-0.0410943406083433,-0.0282850861556064,0.04925));
#5001=CARTESIAN_POINT('',(-0.0425085541707163,-0.0296992997179795,0.04925));
#5002=CARTESIAN_POINT('',(-0.0425085541707163,-0.0296992997179795,0.04925));
#5003=CARTESIAN_POINT('',(-0.0425085541707163,-0.0296992997179795,0.0649));
#5004=CARTESIAN_POINT('',(-0.0410943406083433,-0.0282850861556064,0.0649));
#5005=CARTESIAN_POINT('',(-0.0390943406083432,-0.0282850861556063,0.0649));
#5006=CARTESIAN_POINT('',(-0.0390943406083432,-0.0282850861556063,0.0649));
#5007=CARTESIAN_POINT('',(-0.0390943406083432,-0.0282850861556063,0.0519220206255802));
#5008=CARTESIAN_POINT('',(-0.0410943406083433,-0.0282850861556064,0.0519220206255802));
#5009=CARTESIAN_POINT('',(-0.0379942647390527,0.035,0.0399));
#5010=CARTESIAN_POINT('',(-0.0379942647390527,0.035,0.04925));
#5011=CARTESIAN_POINT('',(-0.0394085030366736,0.0335858111733074,0.04925));
#5012=CARTESIAN_POINT('',(-0.0379942647390527,0.035,0.0492071067811866));
#5013=CARTESIAN_POINT('',(-0.0394085030366736,0.0335858111733074,0.0506212956078793));
#5014=CARTESIAN_POINT('',(-0.0394085030366736,0.0335858111733074,0.0399));
#5015=CARTESIAN_POINT('',(0.0514,0.02975,0.057075));
#5016=CARTESIAN_POINT('',(0.0514,0.03265,0.058825));
#5017=CARTESIAN_POINT('',(0.0514,0.03265,0.06085));
#5018=CARTESIAN_POINT('',(0.0514,0.03265,0.0595));
#5019=CARTESIAN_POINT('',(0.0514,0.034675,0.06085));
#5020=CARTESIAN_POINT('',(0.0514,0.034,0.06085));
#5021=CARTESIAN_POINT('',(0.0514,0.034,0.0595));
#5022=CARTESIAN_POINT('',(0.0514,0.02975,0.057075));
#5023=CARTESIAN_POINT('',(0.0514,0.033325,0.05815));
#5024=CARTESIAN_POINT('',(0.0514,0.03265,0.05815));
#5025=CARTESIAN_POINT('',(0.0514,0.034,0.05815));
#5026=CARTESIAN_POINT('',(0.0514,0.03265,0.058825));
#5027=CARTESIAN_POINT('',(0.0514,0.034,0.0595));
#5028=CARTESIAN_POINT('',(0.0514,0.02975,0.057075));
#5029=CARTESIAN_POINT('',(0.0514,0.033325,0.05815));
#5030=CARTESIAN_POINT('',(0.0514,0.03535,0.05815));
#5031=CARTESIAN_POINT('',(0.0514,0.034,0.0595));
#5032=CARTESIAN_POINT('',(0.0514,0.03535,0.0595));
#5033=CARTESIAN_POINT('',(0.0514,0.03535,0.0574854571675381));
#5034=CARTESIAN_POINT('',(0.051,0.03265,0.058825));
#5035=CARTESIAN_POINT('',(0.051,0.03265,0.0621790856649238));
#5036=CARTESIAN_POINT('',(0.051,0.03265,0.0621790856649238));
#5037=CARTESIAN_POINT('',(0.0512,0.03265,0.0621790856649238));
#5038=CARTESIAN_POINT('',(0.0512,0.03265,0.0615145428324619));
#5039=CARTESIAN_POINT('',(0.0512,0.03265,0.06085));
#5040=CARTESIAN_POINT('',(0.0512,0.03265,0.06085));
#5041=CARTESIAN_POINT('',(0.0512,0.03265,0.05815));
#5042=CARTESIAN_POINT('',(0.0512,0.03265,0.05815));
#5043=CARTESIAN_POINT('',(0.0512,0.03265,0.0574854571675381));
#5044=CARTESIAN_POINT('',(0.0512,0.03265,0.0568209143350763));
#5045=CARTESIAN_POINT('',(0.051,0.03265,0.0568209143350763));
#5046=CARTESIAN_POINT('',(0.051,0.03265,0.0568209143350763));
#5047=CARTESIAN_POINT('',(0.051,0.03265,0.058825));
#5048=CARTESIAN_POINT('',(0.0514,0.02975,0.057075));
#5049=CARTESIAN_POINT('',(0.0514,0.034,0.0595));
#5050=CARTESIAN_POINT('',(0.0514,0.034675,0.06085));
#5051=CARTESIAN_POINT('',(0.0514,0.03535,0.06085));
#5052=CARTESIAN_POINT('',(0.0514,0.03535,0.0574854571675381));
#5053=CARTESIAN_POINT('',(0.0244,0.034,0.0595));
#5054=CARTESIAN_POINT('',(0.046,0.034,0.0595));
#5055=CARTESIAN_POINT('',(0.046,0.0323754778045315,0.0620220879517634));
#5056=CARTESIAN_POINT('',(0.046,0.034,0.0625));
#5057=CARTESIAN_POINT('',(0.046,0.034,0.0595));
#5058=CARTESIAN_POINT('',(0.046,0.0323754778045315,0.0569779120482366));
#5059=CARTESIAN_POINT('',(0.046,0.0323754778045315,0.0620220879517634));
#5060=CARTESIAN_POINT('',(0.046,0.0319510538698767,0.0617487088645461));
#5061=CARTESIAN_POINT('',(0.0459219957012556,0.0312571872479216,0.0609988230298886));
#5062=CARTESIAN_POINT('',(0.0458343108834652,0.0308714887760651,0.0595010273992851));
#5063=CARTESIAN_POINT('',(0.0459219481800677,0.0312568581198865,0.0580011898075538));
#5064=CARTESIAN_POINT('',(0.046,0.0319510607683064,0.0572512866920513));
#5065=CARTESIAN_POINT('',(0.046,0.0323754778045316,0.0569779120482366));
#5066=CARTESIAN_POINT('',(0.051,0.03535,0.0621790856649238));
#5067=CARTESIAN_POINT('',(0.051,0.03535,0.0621790856649238));
#5068=CARTESIAN_POINT('',(0.0512,0.03535,0.0621790856649238));
#5069=CARTESIAN_POINT('',(0.0512,0.034,0.0595));
#5070=CARTESIAN_POINT('',(0.051,0.034,0.0595));
#5071=CARTESIAN_POINT('',(0.0512,0.034,0.0595));
#5072=CARTESIAN_POINT('',(0.0512,0.03535,0.0568209143350763));
#5073=CARTESIAN_POINT('',(0.051,0.03535,0.0568209143350763));
#5074=CARTESIAN_POINT('',(0.051,0.03535,0.0568209143350763));
#5075=CARTESIAN_POINT('',(0.051,0.034,0.0595));
#5076=CARTESIAN_POINT('',(0.046,0.029,0.049248));
#5077=CARTESIAN_POINT('',(0.046,0.03575,0.0625));
#5078=CARTESIAN_POINT('',(0.046,0.0375,0.0625));
#5079=CARTESIAN_POINT('',(0.046,0.0375,0.049248));
#5080=CARTESIAN_POINT('',(0.046,0.0375,0.05425));
#5081=CARTESIAN_POINT('',(0.046,0.0349377389022658,0.05425));
#5082=CARTESIAN_POINT('',(0.046,0.0323754778045315,0.05425));
#5083=CARTESIAN_POINT('',(0.046,0.0323754778045315,0.0649));
#5084=CARTESIAN_POINT('',(0.046,0.029,0.049248));
#5085=CARTESIAN_POINT('',(0.046,0.03575,0.0625));
#5086=CARTESIAN_POINT('',(0.046,0.0332603367391252,0.0625));
#5087=CARTESIAN_POINT('',(0.046,0.0323754778045315,0.0649));
#5088=CARTESIAN_POINT('',(0.046,0.0323754778045315,0.0649));
#5089=CARTESIAN_POINT('',(0.046,0.029,0.0649));
#5090=CARTESIAN_POINT('',(0.046,0.0332603367391252,0.0649));
#5091=CARTESIAN_POINT('',(0.046,0.0332603367391252,0.0569));
#5092=CARTESIAN_POINT('',(0.0063908794125451,-0.00621211736780982,0.04925));
#5093=CARTESIAN_POINT('',(0.000567608944592627,0.0375,0.0499845449180089));
#5094=CARTESIAN_POINT('',(0.00214630325007578,0.0375,0.0625));
#5095=CARTESIAN_POINT('',(0.00244903825318498,0.0375,0.0649));
#5096=CARTESIAN_POINT('',(0.0080321663298058,-0.00598998831133845,0.0625));
#5097=CARTESIAN_POINT('',(0.00270243288174111,0.0333908199438063,0.0625));
#5098=CARTESIAN_POINT('',(3.64291929955129E-17,6.07153216591883E-17,0.00525000000000032));
#5099=CARTESIAN_POINT('',(0.00198927549927454,0.0334408849013897,0.0569));
#5100=CARTESIAN_POINT('',(0.00733849034968052,-0.00608386927105465,0.0569));
#5101=CARTESIAN_POINT('',(0.00302246581534826,0.0258067564548448,0.0569));
#5102=CARTESIAN_POINT('',(0.00302246581534827,0.0258067564548449,0.0569));
#5103=CARTESIAN_POINT('',(0.00271024094286524,0.0257370713389212,0.05435));
#5104=CARTESIAN_POINT('',(0.00239801607038222,0.0256673862229976,0.0518));
#5105=CARTESIAN_POINT('',(0.00208579119789919,0.0255977011070739,0.04925));
#5106=CARTESIAN_POINT('',(0.00208579119789918,0.0255977011070739,0.04925));
#5107=CARTESIAN_POINT('',(0.0027503112724129,0.0206876361120559,0.04925));
#5108=CARTESIAN_POINT('',(0.00116849811102522,0.0323754778045315,0.04925));
#5109=CARTESIAN_POINT('',(0.00125029101446678,0.0323754778045315,0.0498984316852814));
#5110=CARTESIAN_POINT('',(0.00179919603416937,0.0323754778045315,0.05425));
#5111=CARTESIAN_POINT('',(0.00701023296622838,-0.00612829508234893,0.05425));
#5112=CARTESIAN_POINT('',(0.00110565167688793,0.0375,0.05425));
#5113=CARTESIAN_POINT('',(0.000567608944592627,0.0375,0.0499845449180089));
#5114=CARTESIAN_POINT('',(0.00047495375374377,0.0375,0.04925));
#5115=CARTESIAN_POINT('',(0.0027503112724129,0.0206876361120559,0.04925));
#5116=CARTESIAN_POINT('',(5.03112724129025E-5,0.040637636112056,0.04925));
#5117=CARTESIAN_POINT('',(0.00203224264419941,0.0409058674255308,0.06525));
#5118=CARTESIAN_POINT('',(0.00198888789544158,0.0408999998655486,0.0649));
#5119=CARTESIAN_POINT('',(0.00832945603557377,-0.00594975361431722,0.0649));
#5120=CARTESIAN_POINT('',(3.64291929955129E-17,6.07153216591883E-17,0.0569));
#5121=CARTESIAN_POINT('',(3.64291929955129E-17,6.07153216591883E-17,0.0625));
#5122=CARTESIAN_POINT('',(-0.004,0.0332603367391252,0.0625));
#5123=CARTESIAN_POINT('',(-0.004,0.0332603367391252,0.0569));
#5124=CARTESIAN_POINT('',(-0.004,0.0332603367391252,0.0649));
#5125=CARTESIAN_POINT('',(3.64291929955129E-17,6.07153216591883E-17,0.0649));
#5126=CARTESIAN_POINT('',(-0.0256801609788096,0.0215123065267866,0.0649));
#5127=CARTESIAN_POINT('',(-0.0256801609788096,0.0215123065267866,0.0569));
#5128=CARTESIAN_POINT('',(-0.0256801609788096,0.0215123065267866,0.0569));
#5129=CARTESIAN_POINT('',(3.64291929955129E-17,6.07153216591883E-17,0.0569));
#5130=CARTESIAN_POINT('',(2.44960962534708E-17,-0.0083,0.0649));
#5131=CARTESIAN_POINT('',(3.64291929955129E-17,6.07153216591883E-17,0.0649));
#5132=CARTESIAN_POINT('',(0.0220480636983272,-0.0252216749474436,0.0649));
#5133=CARTESIAN_POINT('',(0.0287414844420544,-0.0172097958171252,0.0649));
#5134=CARTESIAN_POINT('',(0.0220480636983272,-0.0252216749474436,0.0649));
#5135=CARTESIAN_POINT('',(0.0210351906454454,-0.0261070994735621,0.0649));
#5136=CARTESIAN_POINT('',(0.0195505729625721,-0.0284236140587942,0.0649));
#5137=CARTESIAN_POINT('',(0.0195175174621258,-0.0311964403525052,0.0649));
#5138=CARTESIAN_POINT('',(0.0198892957367463,-0.032489657595213,0.0649));
#5139=CARTESIAN_POINT('',(0.0198892957367463,-0.032489657595213,0.0649));
#5140=CARTESIAN_POINT('',(0.00020000000000003,-0.03815,0.0649));
#5141=CARTESIAN_POINT('',(0.0206552299914122,-0.0370135983338103,0.0649));
#5142=CARTESIAN_POINT('',(0.0281,-0.0366,0.0649));
#5143=CARTESIAN_POINT('',(0.0355447700085879,-0.0361864016661895,0.0649));
#5144=CARTESIAN_POINT('',(0.000200000000000034,-0.03815,0.0649));
#5145=CARTESIAN_POINT('',(0.0281,-0.0366,0.0649));
#5146=CARTESIAN_POINT('',(0.0304,-0.0366,0.0649));
#5147=CARTESIAN_POINT('',(-0.0027,0.01995,0.0549));
#5148=CARTESIAN_POINT('',(-0.0027,0.01995,0.0549));
#5149=CARTESIAN_POINT('',(0.0003,0.01995,0.0549));
#5150=CARTESIAN_POINT('',(-0.0027,0.01995,0.0569));
#5151=CARTESIAN_POINT('',(0.0003,0.01995,0.0569));
#5152=CARTESIAN_POINT('',(-0.00134999999999996,-0.01025,0.0549));
#5153=CARTESIAN_POINT('',(-0.00134999999999996,-0.01025,0.0549));
#5154=CARTESIAN_POINT('',(0.00165000000000004,-0.01025,0.0549));
#5155=CARTESIAN_POINT('',(-0.00134999999999996,-0.01025,0.0569));
#5156=CARTESIAN_POINT('',(0.00165000000000004,-0.01025,0.0569));
#5157=CARTESIAN_POINT('',(2.44960962534708E-17,-0.0083,0.0649));
#5158=CARTESIAN_POINT('',(0.046002,0.0332603367391252,0.0649));
#5159=CARTESIAN_POINT('',(0.039,0.0323754778045315,0.0649));
#5160=CARTESIAN_POINT('',(0.0392489656071569,0.0253799066251029,0.0649));
#5161=CARTESIAN_POINT('',(0.046,-0.164314333351345,0.0649));
#5162=CARTESIAN_POINT('',(0.0294664692223997,0.0247785631456988,0.0649));
#5163=CARTESIAN_POINT('',(3.64291929955129E-17,6.07153216591883E-17,0.0649));
#5164=CARTESIAN_POINT('',(0.0334448455797893,0.0190707185009913,0.0649));
#5165=CARTESIAN_POINT('',(0.046,-0.164314333351344,0.0649));
#5166=CARTESIAN_POINT('',(0.0350572136241036,0.0191739893608399,0.0649));
#5167=CARTESIAN_POINT('',(0.046,-0.00540333764061731,0.0649));
#5168=CARTESIAN_POINT('',(0.0337397345407905,0.0185440101681646,0.0649));
#5169=CARTESIAN_POINT('',(3.64291929955129E-17,6.07153216591883E-17,0.0649));
#5170=CARTESIAN_POINT('',(0.0362143273172527,0.0130679951392279,0.0649));
#5171=CARTESIAN_POINT('',(0.046,-0.00540333764061731,0.0649));
#5172=CARTESIAN_POINT('',(0.046,0.0155,0.0649));
#5173=CARTESIAN_POINT('',(0.0497,0.0155,0.0649));
#5174=CARTESIAN_POINT('',(0.0464,0.0155,0.0649));
#5175=CARTESIAN_POINT('',(0.0464,0.0225,0.0649));
#5176=CARTESIAN_POINT('',(0.0534,0.0225,0.0649));
#5177=CARTESIAN_POINT('',(0.0534,0.0205,0.0649));
#5178=CARTESIAN_POINT('',(0.0534,0.0375,0.0649));
#5179=CARTESIAN_POINT('',(0.0497,0.0375,0.0649));
#5180=CARTESIAN_POINT('',(-0.0054,0.0399,0.0649));
#5181=CARTESIAN_POINT('',(-0.0121746982363279,0.0430143422851697,0.0649));
#5182=CARTESIAN_POINT('',(-0.0121746982363279,0.0430143422851697,0.0649));
#5183=CARTESIAN_POINT('',(-0.0127423525655565,0.0417795111616346,0.0649));
#5184=CARTESIAN_POINT('',(-0.014582573577762,0.0396926863469152,0.0649));
#5185=CARTESIAN_POINT('',(-0.0172699551230615,0.0389000001344519,0.0649));
#5186=CARTESIAN_POINT('',(-0.0186287120452216,0.0389000001344516,0.0649));
#5187=CARTESIAN_POINT('',(-0.0186287120452216,0.0389000001344516,0.0649));
#5188=CARTESIAN_POINT('',(-0.0689,0.0389000001344516,0.0649));
#5189=CARTESIAN_POINT('',(-0.0619,0.0389000001344516,0.0649));
#5190=CARTESIAN_POINT('',(-0.0619,0.0318990165389803,0.0649));
#5191=CARTESIAN_POINT('',(-0.0689,0.0318990165389803,0.0649));
#5192=CARTESIAN_POINT('',(-0.0689,0.00423120167587027,0.0649));
#5193=CARTESIAN_POINT('',(-0.0689,-0.033113430066602,0.0649));
#5194=CARTESIAN_POINT('',(-0.0619,-0.033113430066602,0.0649));
#5195=CARTESIAN_POINT('',(-0.0619,-0.0401135983338103,0.0649));
#5196=CARTESIAN_POINT('',(-0.0689,-0.0401135983338103,0.0649));
#5197=CARTESIAN_POINT('',(-0.0401670035258851,-0.0401135983338103,0.0649));
#5198=CARTESIAN_POINT('',(-0.0401670035258851,-0.0401135983338103,0.0649));
#5199=CARTESIAN_POINT('',(-0.0389403166532913,-0.0401135983338104,0.0649));
#5200=CARTESIAN_POINT('',(-0.036525014043781,-0.0407526668028784,0.0649));
#5201=CARTESIAN_POINT('',(-0.0347254329999643,-0.0424828800887373,0.0649));
#5202=CARTESIAN_POINT('',(-0.0340943406083432,-0.0435351104608594,0.0649));
#5203=CARTESIAN_POINT('',(-0.0340943406083432,-0.0435351104608594,0.0649));
#5204=CARTESIAN_POINT('',(-0.0277,-0.0397,0.0649));
#5205=CARTESIAN_POINT('',(-0.0202552299914121,-0.0392864016661895,0.0649));
#5206=CARTESIAN_POINT('',(0.00020000000000003,-0.03815,0.0649));
#5207=CARTESIAN_POINT('',(-0.0195475601588376,-0.0326964038908648,0.0649));
#5208=CARTESIAN_POINT('',(-0.0195475601588376,-0.0326964038908648,0.0649));
#5209=CARTESIAN_POINT('',(-0.0191894281643734,-0.03139960211751,0.0649));
#5210=CARTESIAN_POINT('',(-0.0192451464938385,-0.0286470243452459,0.0649));
#5211=CARTESIAN_POINT('',(-0.0207605176940748,-0.0263260339059706,0.0649));
#5212=CARTESIAN_POINT('',(-0.0217824116428507,-0.0254514546346843,0.0649));
#5213=CARTESIAN_POINT('',(-0.0217824116428507,-0.0254514546346843,0.0649));
#5214=CARTESIAN_POINT('',(3.64291929955129E-17,6.07153216591883E-17,0.0649));
#5215=CARTESIAN_POINT('',(-0.0256801609788096,-0.0215123065267865,0.0649));
#5216=CARTESIAN_POINT('',(-0.0310461647654265,-0.0260074153532792,0.0649));
#5217=CARTESIAN_POINT('',(-0.0327780122739951,-0.0192250334555189,0.0649));
#5218=CARTESIAN_POINT('',(2.42861286636753E-17,5.89805981832114E-17,0.0649));
#5219=CARTESIAN_POINT('',(-0.0327780122739952,0.019225033455519,0.0649));
#5220=CARTESIAN_POINT('',(-0.0310461647654265,0.0260074153532793,0.0649));
#5221=CARTESIAN_POINT('',(-0.0390943406083435,0.00209493290330113,0.0649));
#5222=CARTESIAN_POINT('',(-0.0390943406083435,-0.00347934246469671,0.0649));
#5223=CARTESIAN_POINT('',(-0.0390943406083435,0.00766920827129911,0.0649));
#5224=CARTESIAN_POINT('',(-0.0410943406083435,-0.00347934246469671,0.0649));
#5225=CARTESIAN_POINT('',(-0.0425085541707165,-0.00489355602706982,0.0649));
#5226=CARTESIAN_POINT('',(-0.0442956918547155,-0.00310641834307088,0.0649));
#5227=CARTESIAN_POINT('',(-0.0480828295387145,0.000680719340928044,0.0649));
#5228=CARTESIAN_POINT('',(-0.0466686159763414,0.00209493290330115,0.0649));
#5229=CARTESIAN_POINT('',(-0.0480828295387145,0.00350914646567424,0.0649));
#5230=CARTESIAN_POINT('',(-0.0442956918547156,0.00729628414967317,0.0649));
#5231=CARTESIAN_POINT('',(-0.0425085541707166,0.00908342183367217,0.0649));
#5232=CARTESIAN_POINT('',(-0.0410943406083435,0.00766920827129909,0.0649));
#5233=CARTESIAN_POINT('',(-0.0413323615433666,0.0339000001344516,0.0649));
#5234=CARTESIAN_POINT('',(-0.0401670035258863,0.0339000001344516,0.0649));
#5235=CARTESIAN_POINT('',(-0.0416692924361007,0.0339000001344516,0.0649));
#5236=CARTESIAN_POINT('',(-0.0401670035258863,0.0328273372169096,0.0649));
#5237=CARTESIAN_POINT('',(-0.0390943406083444,0.0328273372169096,0.0649));
#5238=CARTESIAN_POINT('',(-0.0390943406083437,0.0246625713599351,0.0649));
#5239=CARTESIAN_POINT('',(-0.0390943406083436,0.0213262326277067,0.0649));
#5240=CARTESIAN_POINT('',(-0.0410943406083436,0.0213262326277067,0.0649));
#5241=CARTESIAN_POINT('',(-0.0425085541707167,0.0199120190653336,0.0649));
#5242=CARTESIAN_POINT('',(-0.0442957340043422,0.021699198898959,0.0649));
#5243=CARTESIAN_POINT('',(-0.0480829138379677,0.0254863787325845,0.0649));
#5244=CARTESIAN_POINT('',(-0.0466687002755946,0.0269005922949576,0.0649));
#5245=CARTESIAN_POINT('',(-0.0480829138379677,0.0283148058573307,0.0649));
#5246=CARTESIAN_POINT('',(-0.0459974234805939,0.0304002962147046,0.0649));
#5247=CARTESIAN_POINT('',(-0.0430835059984738,0.0333142136968247,0.0649));
#5248=CARTESIAN_POINT('',(-0.0416692924361007,0.0319000001344516,0.0649));
#5249=CARTESIAN_POINT('',(-0.0390943406083433,-0.0227107264883554,0.0649));
#5250=CARTESIAN_POINT('',(-0.0390943406083433,-0.0171363668211044,0.0649));
#5251=CARTESIAN_POINT('',(-0.0442957340043419,-0.027912119884354,0.0649));
#5252=CARTESIAN_POINT('',(-0.0480829138379674,-0.0241249400507286,0.0649));
#5253=CARTESIAN_POINT('',(-0.0466687002755943,-0.0227107264883555,0.0649));
#5254=CARTESIAN_POINT('',(-0.0480829138379674,-0.0212965129259823,0.0649));
#5255=CARTESIAN_POINT('',(-0.0442957340043419,-0.0175093330923568,0.0649));
#5256=CARTESIAN_POINT('',(-0.0425085541707164,-0.0157221532587313,0.0649));
#5257=CARTESIAN_POINT('',(-0.0410943406083433,-0.0171363668211044,0.0649));
#5258=CARTESIAN_POINT('',(-0.0566985637001702,-0.0155092901885258,0.0649));
#5259=CARTESIAN_POINT('',(-0.0604857013841692,-0.0117221525045269,0.0649));
#5260=CARTESIAN_POINT('',(-0.0529114260161712,-0.0192964278725248,0.0649));
#5261=CARTESIAN_POINT('',(-0.0590714878217961,-0.0103079389421538,0.0649));
#5262=CARTESIAN_POINT('',(-0.0604857013841692,-0.00889372537978069,0.0649));
#5263=CARTESIAN_POINT('',(-0.0566985215505438,-0.00510654554615517,0.0649));
#5264=CARTESIAN_POINT('',(-0.0529113417169183,-0.00131936571252966,0.0649));
#5265=CARTESIAN_POINT('',(-0.0514971281545452,-0.00273357927490274,0.0649));
#5266=CARTESIAN_POINT('',(-0.0500829145921721,-0.00131936571252964,0.0649));
#5267=CARTESIAN_POINT('',(-0.0462957769081731,-0.00510650339652856,0.0649));
#5268=CARTESIAN_POINT('',(-0.0425086392241741,-0.00889364108052749,0.0649));
#5269=CARTESIAN_POINT('',(-0.0439228527865472,-0.0103078546429006,0.0649));
#5270=CARTESIAN_POINT('',(-0.0425086392241741,-0.0117220682052737,0.0649));
#5271=CARTESIAN_POINT('',(-0.0462958190577996,-0.0155092480388992,0.0649));
#5272=CARTESIAN_POINT('',(-0.0500829988914251,-0.0192964278725247,0.0649));
#5273=CARTESIAN_POINT('',(-0.0514972124537982,-0.0178822143101516,0.0649));
#5274=CARTESIAN_POINT('',(-0.0514972124537985,0.0339000001344516,0.0649));
#5275=CARTESIAN_POINT('',(-0.0513263167925084,0.0339000001344516,0.0649));
#5276=CARTESIAN_POINT('',(-0.0516681081150886,0.0339000001344516,0.0649));
#5277=CARTESIAN_POINT('',(-0.0513263167925084,0.0319000001344516,0.0649));
#5278=CARTESIAN_POINT('',(-0.0499121032301353,0.0304857865720785,0.0649));
#5279=CARTESIAN_POINT('',(-0.0489975510607804,0.0314003387414334,0.0649));
#5280=CARTESIAN_POINT('',(-0.0500829988914254,0.0303148909107883,0.0649));
#5281=CARTESIAN_POINT('',(-0.0514972124537985,0.0317291044731614,0.0649));
#5282=CARTESIAN_POINT('',(-0.0529114260161716,0.0303148909107883,0.0649));
#5283=CARTESIAN_POINT('',(-0.0539968738468167,0.0314003387414334,0.0649));
#5284=CARTESIAN_POINT('',(-0.0530823216774617,0.0304857865720785,0.0649));
#5285=CARTESIAN_POINT('',(-0.0516681081150886,0.0319000001344516,0.0649));
#5286=CARTESIAN_POINT('',(-0.0586986487536278,-0.0279120777347276,0.0649));
#5287=CARTESIAN_POINT('',(-0.0604857864376267,-0.0296992154187265,0.0649));
#5288=CARTESIAN_POINT('',(-0.0549115110696289,-0.0241249400507286,0.0649));
#5289=CARTESIAN_POINT('',(-0.0619,-0.0282850018563533,0.0649));
#5290=CARTESIAN_POINT('',(-0.0639,-0.0282850018563534,0.0649));
#5291=CARTESIAN_POINT('',(-0.0639,-0.0227107264883555,0.0649));
#5292=CARTESIAN_POINT('',(-0.0639,-0.0171364511203577,0.0649));
#5293=CARTESIAN_POINT('',(-0.0619,-0.0171364511203577,0.0649));
#5294=CARTESIAN_POINT('',(-0.0604857864376268,-0.0157222375579847,0.0649));
#5295=CARTESIAN_POINT('',(-0.0586986487536279,-0.0175093752419835,0.0649));
#5296=CARTESIAN_POINT('',(-0.0549115110696289,-0.0212965129259824,0.0649));
#5297=CARTESIAN_POINT('',(-0.056325724632002,-0.0227107264883555,0.0649));
#5298=CARTESIAN_POINT('',(-0.0054,0.0399,0.0649));
#5299=CARTESIAN_POINT('',(-0.0031,0.0399,0.0649));
#5300=CARTESIAN_POINT('',(-0.0277,-0.0397,0.0649));
#5301=CARTESIAN_POINT('',(-0.0254,-0.0397,0.0649));
#5302=CARTESIAN_POINT('',(-0.0639,0.00209493290330097,0.0649));
#5303=CARTESIAN_POINT('',(-0.0639,0.00766929257055195,0.0649));
#5304=CARTESIAN_POINT('',(-0.0639,-0.00347942676395,0.0649));
#5305=CARTESIAN_POINT('',(-0.0619,0.00766929257055196,0.0649));
#5306=CARTESIAN_POINT('',(-0.060485786437627,0.00908350613292506,0.0649));
#5307=CARTESIAN_POINT('',(-0.0586986066040015,0.00729632629929959,0.0649));
#5308=CARTESIAN_POINT('',(-0.0549114267703759,0.00350914646567413,0.0649));
#5309=CARTESIAN_POINT('',(-0.056325640332749,0.00209493290330102,0.0649));
#5310=CARTESIAN_POINT('',(-0.0549114267703759,0.000680719340927939,0.0649));
#5311=CARTESIAN_POINT('',(-0.0586986066040014,-0.00310646049269757,0.0649));
#5312=CARTESIAN_POINT('',(-0.0604857864376269,-0.00489364032632307,0.0649));
#5313=CARTESIAN_POINT('',(-0.0619,-0.00347942676394998,0.0649));
#5314=CARTESIAN_POINT('',(-0.0514972124537981,-0.0351135983338103,0.0649));
#5315=CARTESIAN_POINT('',(-0.0570715721210489,-0.0351135983338103,0.0649));
#5316=CARTESIAN_POINT('',(-0.0459228527865472,-0.0351135983338102,0.0649));
#5317=CARTESIAN_POINT('',(-0.0570715721210489,-0.0331135983338103,0.0649));
#5318=CARTESIAN_POINT('',(-0.058485785683422,-0.0316993847714372,0.0649));
#5319=CARTESIAN_POINT('',(-0.0566986058497966,-0.0299122049378117,0.0649));
#5320=CARTESIAN_POINT('',(-0.0529114260161712,-0.0261250251041862,0.0649));
#5321=CARTESIAN_POINT('',(-0.0514972124537981,-0.0275392386665593,0.0649));
#5322=CARTESIAN_POINT('',(-0.050082998891425,-0.0261250251041862,0.0649));
#5323=CARTESIAN_POINT('',(-0.0462958190577996,-0.0299122049378116,0.0649));
#5324=CARTESIAN_POINT('',(-0.0445086392241741,-0.0316993847714371,0.0649));
#5325=CARTESIAN_POINT('',(-0.0459228527865472,-0.0331135983338102,0.0649));
#5326=CARTESIAN_POINT('',(-0.0611983526733751,0.0339000001344516,0.0649));
#5327=CARTESIAN_POINT('',(-0.0613251324714965,0.0339000001344516,0.0649));
#5328=CARTESIAN_POINT('',(-0.0619000000096539,0.0339000342657767,0.06489999975));
#5329=CARTESIAN_POINT('',(-0.0613251324714965,0.0319000001344516,0.0649));
#5330=CARTESIAN_POINT('',(-0.0599109189091234,0.0333142136968247,0.0649));
#5331=CARTESIAN_POINT('',(-0.0569970014270032,0.0304002962147045,0.0649));
#5332=CARTESIAN_POINT('',(-0.0549115110696293,0.0283148058573306,0.0649));
#5333=CARTESIAN_POINT('',(-0.0563257246320024,0.0269005922949575,0.0649));
#5334=CARTESIAN_POINT('',(-0.0549115110696292,0.0254863787325844,0.0649));
#5335=CARTESIAN_POINT('',(-0.0586986487536281,0.0216992410485855,0.0649));
#5336=CARTESIAN_POINT('',(-0.060485786437627,0.0199121033645866,0.0649));
#5337=CARTESIAN_POINT('',(-0.0619,0.0213263169269597,0.0649));
#5338=CARTESIAN_POINT('',(-0.0639,0.0213263169269597,0.0649));
#5339=CARTESIAN_POINT('',(-0.0639,0.0241984531705969,0.0649));
#5340=CARTESIAN_POINT('',(-0.0638999630298341,0.0318990165493288,0.0649));
#5341=CARTESIAN_POINT('',(-0.061899434191369,0.0318995765304509,0.0649));
#5342=CARTESIAN_POINT('',(-0.0462957769081732,0.00929636920313077,0.0649));
#5343=CARTESIAN_POINT('',(-0.0500829145921721,0.00550923151913184,0.0649));
#5344=CARTESIAN_POINT('',(-0.0425086392241743,0.0130835068871297,0.0649));
#5345=CARTESIAN_POINT('',(-0.0514971281545452,0.00692344508150492,0.0649));
#5346=CARTESIAN_POINT('',(-0.0529113417169183,0.00550923151913182,0.0649));
#5347=CARTESIAN_POINT('',(-0.0566985215505438,0.00929641135275727,0.0649));
#5348=CARTESIAN_POINT('',(-0.0604857013841693,0.0130835911863827,0.0649));
#5349=CARTESIAN_POINT('',(-0.0590714878217962,0.0144978047487558,0.0649));
#5350=CARTESIAN_POINT('',(-0.0604857013841693,0.0159120183111289,0.0649));
#5351=CARTESIAN_POINT('',(-0.0566985637001704,0.0196991559951279,0.0649));
#5352=CARTESIAN_POINT('',(-0.0529114260161716,0.0234862936791268,0.0649));
#5353=CARTESIAN_POINT('',(-0.0514972124537985,0.0220720801167537,0.0649));
#5354=CARTESIAN_POINT('',(-0.0500829988914254,0.0234862936791268,0.0649));
#5355=CARTESIAN_POINT('',(-0.0462958190577999,0.0196991138455014,0.0649));
#5356=CARTESIAN_POINT('',(-0.0425086392241743,0.0159119340118759,0.0649));
#5357=CARTESIAN_POINT('',(-0.0439228527865475,0.0144977204495028,0.0649));
#5358=CARTESIAN_POINT('',(-0.0309,-0.029,0.0489785533905933));
#5359=CARTESIAN_POINT('',(-0.0432078538886959,-0.029,0.0489785533905933));
#5360=CARTESIAN_POINT('',(-0.0432078538886959,-0.029,0.04925));
#5361=CARTESIAN_POINT('',(-0.0432078538886959,-0.029,0.0512071067811866));
#5362=CARTESIAN_POINT('',(0.,-0.029,0.04925));
#5363=CARTESIAN_POINT('',(-0.0472080239956113,-0.029,0.04925));
#5364=CARTESIAN_POINT('',(-0.0472080239956113,-0.029,0.0489785533905933));
#5365=CARTESIAN_POINT('',(-0.0472080239956113,-0.029,0.0512071067811866));
#5366=CARTESIAN_POINT('',(-0.0309,-0.029,0.0512071067811866));
#5367=CARTESIAN_POINT('',(-0.0309,-0.029,0.0489785533905933));
#5368=CARTESIAN_POINT('',(-0.0309,-0.029,0.0512071067811866));
#5369=CARTESIAN_POINT('',(-0.0557864009119849,-0.029,0.0512071067811866));
#5370=CARTESIAN_POINT('',(-0.0597865710189002,-0.029,0.0512071067811866));
#5371=CARTESIAN_POINT('',(-0.0557864009119849,-0.029,0.0489785533905933));
#5372=CARTESIAN_POINT('',(-0.0557864009119849,-0.029,0.04925));
#5373=CARTESIAN_POINT('',(0.,-0.029,0.04925));
#5374=CARTESIAN_POINT('',(-0.0597865710189002,-0.029,0.04925));
#5375=CARTESIAN_POINT('',(-0.0597865710189002,-0.029,0.0489785533905933));
#5376=CARTESIAN_POINT('',(-0.0309,-0.029,0.0489785533905933));
#5377=CARTESIAN_POINT('',(-0.0309,-0.029,0.0512071067811866));
#5378=CARTESIAN_POINT('',(-0.0637678269873256,-0.029,0.0512071067811866));
#5379=CARTESIAN_POINT('',(-0.0649,-0.029,0.0512071067811866));
#5380=CARTESIAN_POINT('',(-0.0637678269873256,-0.029,0.0512071067811866));
#5381=CARTESIAN_POINT('',(-0.0637678269873256,-0.029,0.0481080589092924));
#5382=CARTESIAN_POINT('',(-0.0309,-0.029,0.0481080589092924));
#5383=CARTESIAN_POINT('',(-0.0649,-0.029,0.0481080589092924));
#5384=CARTESIAN_POINT('',(-0.0649,-0.029,0.0489785533905933));
#5385=CARTESIAN_POINT('',(-0.0689,0.02925,0.0495));
#5386=CARTESIAN_POINT('',(-0.0689,0.0332421798556679,0.04925));
#5387=CARTESIAN_POINT('',(-0.0688160827431983,0.0332421798556679,0.04925));
#5388=CARTESIAN_POINT('',(-0.0633824639134585,0.0332421825307609,0.0492500006947137));
#5389=CARTESIAN_POINT('',(-0.0633824662789965,0.033242179917822,0.0492500009924636));
#5390=CARTESIAN_POINT('',(-0.0634050052455425,0.0332172835031965,0.0488524355482125));
#5391=CARTESIAN_POINT('',(-0.0634811334971925,0.0331350265560348,0.048471833447854));
#5392=CARTESIAN_POINT('',(-0.0635700717981368,0.0330000028185562,0.0481080665027305));
#5393=CARTESIAN_POINT('',(-0.0635700364619708,0.033,0.0481080589092928));
#5394=CARTESIAN_POINT('',(-0.0309,0.033,0.0481080589092928));
#5395=CARTESIAN_POINT('',(-0.0649,0.033,0.0481080589092928));
#5396=CARTESIAN_POINT('',(-0.0649,0.02925,0.0495));
#5397=CARTESIAN_POINT('',(-0.0649,0.0252578201443322,0.04925));
#5398=CARTESIAN_POINT('',(-0.0689,0.0252578201443322,0.04925));
#5399=CARTESIAN_POINT('',(-0.0689,0.0252578201443322,0.04925));
#5400=CARTESIAN_POINT('',(-0.0689,0.02925,0.0495));
#5401=CARTESIAN_POINT('',(-0.0689,0.0322024319280034,0.0468012696113717));
#5402=CARTESIAN_POINT('',(-0.0689,0.0322024319280034,0.0468012696113717));
#5403=CARTESIAN_POINT('',(-0.0689,0.0328188053478058,0.0474755869021487));
#5404=CARTESIAN_POINT('',(-0.068827388134554,0.033185097248238,0.0483384638580384));
#5405=CARTESIAN_POINT('',(-0.0688160827431984,0.0332421798556678,0.04925));
#5406=CARTESIAN_POINT('',(-0.0689,-0.02525,0.0495));
#5407=CARTESIAN_POINT('',(-0.0637678269873256,-0.029,0.0481080589092924));
#5408=CARTESIAN_POINT('',(-0.0637156260988449,-0.0291363671068702,0.0484754427405315));
#5409=CARTESIAN_POINT('',(-0.0636695556349333,-0.0292174534079949,0.0488551502947917));
#5410=CARTESIAN_POINT('',(-0.0636560780955381,-0.0292421798556678,0.04925));
#5411=CARTESIAN_POINT('',(-0.0636560780955378,-0.0292421798556678,0.04925));
#5412=CARTESIAN_POINT('',(-0.0689,-0.0292421798556678,0.04925));
#5413=CARTESIAN_POINT('',(-0.0689,-0.0292421798556678,0.04925));
#5414=CARTESIAN_POINT('',(-0.0689,-0.02525,0.0495));
#5415=CARTESIAN_POINT('',(-0.0689,-0.0212578201443322,0.04925));
#5416=CARTESIAN_POINT('',(-0.0689,-0.0212578201443322,0.04925));
#5417=CARTESIAN_POINT('',(-0.0649,-0.0212578201443322,0.04925));
#5418=CARTESIAN_POINT('',(-0.0649,-0.02525,0.0495));
#5419=CARTESIAN_POINT('',(-0.0309,0.033,0.0489785533905933));
#5420=CARTESIAN_POINT('',(-0.0595967052122987,0.033,0.0489785533905933));
#5421=CARTESIAN_POINT('',(-0.0595967052122987,0.033,0.04925));
#5422=CARTESIAN_POINT('',(-0.0595967052122987,0.033,0.0512071067811866));
#5423=CARTESIAN_POINT('',(-3.03054840233747E-33,0.033,0.04925));
#5424=CARTESIAN_POINT('',(-0.0533384375124811,0.033,0.04925));
#5425=CARTESIAN_POINT('',(-0.0533384375124811,0.033,0.0481080589092928));
#5426=CARTESIAN_POINT('',(-0.0533384375124811,0.033,0.0512071067811866));
#5427=CARTESIAN_POINT('',(-0.0309,0.033,0.0512071067811866));
#5428=CARTESIAN_POINT('',(-0.0309,0.033,0.0489785533905933));
#5429=CARTESIAN_POINT('',(-0.049655987395116,0.033,0.0512071067811866));
#5430=CARTESIAN_POINT('',(-0.049655987395116,0.033,0.0512071067811866));
#5431=CARTESIAN_POINT('',(-0.0496559873951159,0.033,0.04925));
#5432=CARTESIAN_POINT('',(-0.0309,0.033,0.04925));
#5433=CARTESIAN_POINT('',(-0.0433977196952984,0.033,0.04925));
#5434=CARTESIAN_POINT('',(-0.0433977196952984,0.033,0.0489785533905933));
#5435=CARTESIAN_POINT('',(-0.0433977196952985,0.033,0.0512071067811866));
#5436=CARTESIAN_POINT('',(-0.0309,0.033,0.0512071067811866));
#5437=CARTESIAN_POINT('',(-0.0309,0.033,0.0489785533905933));
#5438=CARTESIAN_POINT('',(-0.0635700736546775,0.033,0.0512071067811866));
#5439=CARTESIAN_POINT('',(-0.0635700736546775,0.033,0.0512071067811866));
#5440=CARTESIAN_POINT('',(-0.0309,0.033,0.0512071067811866));
#5441=CARTESIAN_POINT('',(-0.0649,0.033,0.0512071067811866));
#5442=CARTESIAN_POINT('',(-0.0649,0.033,0.0489785533905933));
#5443=CARTESIAN_POINT('',(-0.0309,-0.0278535533905933,0.0523535533905933));
#5444=CARTESIAN_POINT('',(-0.0398695336654017,-0.0323383202232941,0.0478687865578924));
#5445=CARTESIAN_POINT('',(-0.0455007471075094,-0.0267071067811865,0.0535));
#5446=CARTESIAN_POINT('',(-0.0425363137366786,-0.0336717102589326,0.046535396522254));
#5447=CARTESIAN_POINT('',(-0.0495009172144248,-0.0267071067811865,0.0535));
#5448=CARTESIAN_POINT('',(-0.0309,-0.0267071067811865,0.0535));
#5449=CARTESIAN_POINT('',(-0.0309,-0.0278535533905933,0.0523535533905933));
#5450=CARTESIAN_POINT('',(-0.0309,-0.0267071067811865,0.0535));
#5451=CARTESIAN_POINT('',(-0.0534935076931714,-0.0267071067811865,0.0535));
#5452=CARTESIAN_POINT('',(-0.0574936778000868,-0.0267071067811865,0.0535));
#5453=CARTESIAN_POINT('',(-0.046726636201719,-0.0199402352897339,0.0602668714914527));
#5454=CARTESIAN_POINT('',(-0.0493934162729959,-0.0186068452540955,0.0616002615270911));
#5455=CARTESIAN_POINT('',(-0.0309,-0.0278535533905933,0.0523535533905933));
#5456=CARTESIAN_POINT('',(-0.0639,-0.0278535533905933,0.0523535533905932));
#5457=CARTESIAN_POINT('',(-0.0639,-0.0282850018563534,0.0519221049248332));
#5458=CARTESIAN_POINT('',(-0.0639,-0.0267071067811865,0.0535));
#5459=CARTESIAN_POINT('',(-0.0619,-0.0282850018563533,0.0519221049248332));
#5460=CARTESIAN_POINT('',(-0.0649,-0.0278535533905933,0.0523535533905933));
#5461=CARTESIAN_POINT('',(-0.0649,-0.0267071067811865,0.0535));
#5462=CARTESIAN_POINT('',(-0.0309,-0.0267071067811865,0.0535));
#5463=CARTESIAN_POINT('',(-0.0309,0.00200000000000004,0.0535));
#5464=CARTESIAN_POINT('',(-0.0419511258504483,0.0146378175540747,0.0535));
#5465=CARTESIAN_POINT('',(-0.01660448728019,0.0180681896914029,0.0535));
#5466=CARTESIAN_POINT('',(-0.0259911290585397,-0.00534962956190609,0.0535));
#5467=CARTESIAN_POINT('',(0.000200000000000033,-0.03815,0.0535));
#5468=CARTESIAN_POINT('',(-0.0390943406083433,-0.0233921431639696,0.0535));
#5469=CARTESIAN_POINT('',(-0.0390943406083435,0.002,0.0535));
#5470=CARTESIAN_POINT('',(-0.0390943406083433,-0.0171363668211044,0.0535));
#5471=CARTESIAN_POINT('',(-0.0410943406083433,-0.0171363668211044,0.0535));
#5472=CARTESIAN_POINT('',(-0.0425085541707164,-0.0157221532587313,0.0535));
#5473=CARTESIAN_POINT('',(-0.0278432004559926,-0.00105679954400732,0.0535));
#5474=CARTESIAN_POINT('',(-0.0480829138379674,-0.0212965129259823,0.0535));
#5475=CARTESIAN_POINT('',(-0.0466687002755943,-0.0227107264883555,0.0535));
#5476=CARTESIAN_POINT('',(-0.0480829138379674,-0.0241249400507286,0.0535));
#5477=CARTESIAN_POINT('',(-0.0525539269443479,-0.0196539269443481,0.0535));
#5478=CARTESIAN_POINT('',(-0.0545540119978055,-0.0216540119978058,0.0535));
#5479=CARTESIAN_POINT('',(-0.050082998891425,-0.0261250251041862,0.0535));
#5480=CARTESIAN_POINT('',(-0.0514972124537981,-0.0275392386665593,0.0535));
#5481=CARTESIAN_POINT('',(-0.0529114260161712,-0.0261250251041863,0.0535));
#5482=CARTESIAN_POINT('',(-0.0278432004559926,-0.00105679954400732,0.0535));
#5483=CARTESIAN_POINT('',(-0.0298432855094503,0.000943285509450339,0.0535));
#5484=CARTESIAN_POINT('',(-0.0549115110696289,-0.0241249400507286,0.0535));
#5485=CARTESIAN_POINT('',(-0.056325724632002,-0.0227107264883555,0.0535));
#5486=CARTESIAN_POINT('',(-0.0549115110696289,-0.0212965129259824,0.0535));
#5487=CARTESIAN_POINT('',(-0.0545540119978055,-0.0216540119978058,0.0535));
#5488=CARTESIAN_POINT('',(-0.0604857864376268,-0.0157222375579847,0.0535));
#5489=CARTESIAN_POINT('',(-0.0619,-0.0171364511203577,0.0535));
#5490=CARTESIAN_POINT('',(-0.0639,-0.0171364511203577,0.0535));
#5491=CARTESIAN_POINT('',(-0.0639,0.00199999999999979,0.0535));
#5492=CARTESIAN_POINT('',(-0.0649,0.00200000000000004,0.0535));
#5493=CARTESIAN_POINT('',(-0.0649,0.0307071067811866,0.0535));
#5494=CARTESIAN_POINT('',(-0.0309,0.0307071067811866,0.0535));
#5495=CARTESIAN_POINT('',(-0.0639,0.0307071067811866,0.0535));
#5496=CARTESIAN_POINT('',(-0.0639,0.0019999999999998,0.0535));
#5497=CARTESIAN_POINT('',(-0.0639,0.0213263169269597,0.0535));
#5498=CARTESIAN_POINT('',(-0.0619,0.0213263169269597,0.0535));
#5499=CARTESIAN_POINT('',(-0.060485786437627,0.0199121033645866,0.0535));
#5500=CARTESIAN_POINT('',(-0.054648944901107,0.0257489449011067,0.0535));
#5501=CARTESIAN_POINT('',(-0.0549115110696293,0.0254863787325844,0.0535));
#5502=CARTESIAN_POINT('',(-0.0563257246320024,0.0269005922949575,0.0535));
#5503=CARTESIAN_POINT('',(-0.0549115110696293,0.0283148058573306,0.0535));
#5504=CARTESIAN_POINT('',(-0.0297483526061492,0.00315164739385089,0.0535));
#5505=CARTESIAN_POINT('',(-0.0573038119934852,0.0307071067811866,0.0535));
#5506=CARTESIAN_POINT('',(-0.0309,0.0307071067811866,0.0535));
#5507=CARTESIAN_POINT('',(-0.0532734135214651,0.0307071067811866,0.0535));
#5508=CARTESIAN_POINT('',(-0.0516681081150886,0.0319000001344516,0.0535));
#5509=CARTESIAN_POINT('',(-0.0530823216774617,0.0304857865720785,0.0535));
#5510=CARTESIAN_POINT('',(-0.0277482675526914,0.00515173244730861,0.0535));
#5511=CARTESIAN_POINT('',(-0.0529114260161716,0.0303148909107883,0.0535));
#5512=CARTESIAN_POINT('',(-0.0514972124537985,0.0317291044731614,0.0535));
#5513=CARTESIAN_POINT('',(-0.0500829988914254,0.0303148909107883,0.0535));
#5514=CARTESIAN_POINT('',(-0.054648944901107,0.0257489449011067,0.0535));
#5515=CARTESIAN_POINT('',(-0.0499121032301353,0.0304857865720785,0.0535));
#5516=CARTESIAN_POINT('',(-0.0513263167925084,0.0319000001344516,0.0535));
#5517=CARTESIAN_POINT('',(-0.0497210113861319,0.0307071067811866,0.0535));
#5518=CARTESIAN_POINT('',(-0.0309,0.0307071067811866,0.0535));
#5519=CARTESIAN_POINT('',(-0.0456906129141119,0.0307071067811866,0.0535));
#5520=CARTESIAN_POINT('',(-0.0526488598476493,0.0237488598476491,0.0535));
#5521=CARTESIAN_POINT('',(-0.0480829138379677,0.0283148058573307,0.0535));
#5522=CARTESIAN_POINT('',(-0.0466687002755946,0.0269005922949576,0.0535));
#5523=CARTESIAN_POINT('',(-0.0480829138379677,0.0254863787325845,0.0535));
#5524=CARTESIAN_POINT('',(-0.0277482675526915,0.00515173244730859,0.0535));
#5525=CARTESIAN_POINT('',(-0.0425085541707167,0.0199120190653336,0.0535));
#5526=CARTESIAN_POINT('',(-0.0410943406083436,0.0213262326277067,0.0535));
#5527=CARTESIAN_POINT('',(-0.0390943406083436,0.0213262326277067,0.0535));
#5528=CARTESIAN_POINT('',(-0.0390943406083435,0.002,0.0535));
#5529=CARTESIAN_POINT('',(-0.0390943406083437,0.0307071067811866,0.0535));
#5530=CARTESIAN_POINT('',(-0.0309,0.0307071067811866,0.0535));
#5531=CARTESIAN_POINT('',(-0.0183150174126419,0.0307071067811866,0.0535));
#5532=CARTESIAN_POINT('',(-0.01660448728019,0.0180681896914029,0.0535));
#5533=CARTESIAN_POINT('',(-0.0421511401523507,-0.00925114015235088,0.0535));
#5534=CARTESIAN_POINT('',(-0.060485786437627,0.00908350613292507,0.0535));
#5535=CARTESIAN_POINT('',(-0.0549114267703759,0.00350914646567414,0.0535));
#5536=CARTESIAN_POINT('',(-0.0619,0.00766929257055196,0.0535));
#5537=CARTESIAN_POINT('',(-0.0639,0.00766929257055195,0.0535));
#5538=CARTESIAN_POINT('',(-0.0639,0.00199999999999981,0.0535));
#5539=CARTESIAN_POINT('',(-0.0639,-0.00347942676395,0.0535));
#5540=CARTESIAN_POINT('',(-0.0619,-0.00347942676394998,0.0535));
#5541=CARTESIAN_POINT('',(-0.0604857864376269,-0.00489364032632308,0.0535));
#5542=CARTESIAN_POINT('',(-0.0422460730556521,0.013346073055652,0.0535));
#5543=CARTESIAN_POINT('',(-0.0549114267703759,0.000680719340927933,0.0535));
#5544=CARTESIAN_POINT('',(-0.056325640332749,0.00209493290330102,0.0535));
#5545=CARTESIAN_POINT('',(-0.0421511401523507,-0.00925114015235088,0.0535));
#5546=CARTESIAN_POINT('',(-0.0500829145921721,-0.00131936571252963,0.0535));
#5547=CARTESIAN_POINT('',(-0.0425086392241741,-0.00889364108052748,0.0535));
#5548=CARTESIAN_POINT('',(-0.0514971281545452,-0.00273357927490274,0.0535));
#5549=CARTESIAN_POINT('',(-0.0529113417169183,-0.00131936571252966,0.0535));
#5550=CARTESIAN_POINT('',(-0.0402459880021945,0.0113459880021944,0.0535));
#5551=CARTESIAN_POINT('',(-0.0604857013841692,-0.00889372537978069,0.0535));
#5552=CARTESIAN_POINT('',(-0.0590714878217961,-0.0103079389421538,0.0535));
#5553=CARTESIAN_POINT('',(-0.0604857013841692,-0.0117221525045269,0.0535));
#5554=CARTESIAN_POINT('',(-0.0525539269443479,-0.0196539269443481,0.0535));
#5555=CARTESIAN_POINT('',(-0.0529114260161712,-0.0192964278725248,0.0535));
#5556=CARTESIAN_POINT('',(-0.0514972124537982,-0.0178822143101516,0.0535));
#5557=CARTESIAN_POINT('',(-0.0500829988914251,-0.0192964278725247,0.0535));
#5558=CARTESIAN_POINT('',(-0.0298432855094503,0.000943285509450349,0.0535));
#5559=CARTESIAN_POINT('',(-0.0425086392241741,-0.0117220682052737,0.0535));
#5560=CARTESIAN_POINT('',(-0.0439228527865472,-0.0103078546429006,0.0535));
#5561=CARTESIAN_POINT('',(-0.0390943406083435,0.002,0.0535));
#5562=CARTESIAN_POINT('',(-0.0390943406083435,0.00766920827129911,0.0535));
#5563=CARTESIAN_POINT('',(-0.0390943406083435,-0.00347934246469671,0.0535));
#5564=CARTESIAN_POINT('',(-0.0410943406083435,0.00766920827129909,0.0535));
#5565=CARTESIAN_POINT('',(-0.0425085541707166,0.00908342183367217,0.0535));
#5566=CARTESIAN_POINT('',(-0.0402459880021945,0.0113459880021944,0.0535));
#5567=CARTESIAN_POINT('',(-0.0480828295387145,0.00350914646567424,0.0535));
#5568=CARTESIAN_POINT('',(-0.0466686159763414,0.00209493290330115,0.0535));
#5569=CARTESIAN_POINT('',(-0.0480828295387145,0.000680719340928041,0.0535));
#5570=CARTESIAN_POINT('',(-0.0401510550988931,-0.0072510550988932,0.0535));
#5571=CARTESIAN_POINT('',(-0.0425085541707165,-0.00489355602706983,0.0535));
#5572=CARTESIAN_POINT('',(-0.0410943406083435,-0.00347934246469671,0.0535));
#5573=CARTESIAN_POINT('',(-0.0297483526061492,0.00315164739385089,0.0535));
#5574=CARTESIAN_POINT('',(-0.0500829988914254,0.0234862936791268,0.0535));
#5575=CARTESIAN_POINT('',(-0.0425086392241743,0.0159119340118759,0.0535));
#5576=CARTESIAN_POINT('',(-0.0514972124537985,0.0220720801167537,0.0535));
#5577=CARTESIAN_POINT('',(-0.0529114260161716,0.0234862936791268,0.0535));
#5578=CARTESIAN_POINT('',(-0.0526488598476493,0.0237488598476491,0.0535));
#5579=CARTESIAN_POINT('',(-0.0604857013841693,0.0159120183111289,0.0535));
#5580=CARTESIAN_POINT('',(-0.0590714878217962,0.0144978047487558,0.0535));
#5581=CARTESIAN_POINT('',(-0.0604857013841693,0.0130835911863827,0.0535));
#5582=CARTESIAN_POINT('',(-0.0401510550988931,-0.00725105509889319,0.0535));
#5583=CARTESIAN_POINT('',(-0.0529113417169183,0.00550923151913182,0.0535));
#5584=CARTESIAN_POINT('',(-0.0514971281545452,0.00692344508150492,0.0535));
#5585=CARTESIAN_POINT('',(-0.0500829145921721,0.00550923151913184,0.0535));
#5586=CARTESIAN_POINT('',(-0.0422460730556521,0.013346073055652,0.0535));
#5587=CARTESIAN_POINT('',(-0.0425086392241743,0.0130835068871297,0.0535));
#5588=CARTESIAN_POINT('',(-0.0439228527865475,0.0144977204495028,0.0535));
#5589=CARTESIAN_POINT('',(-0.0309,0.0318535533905933,0.0523535533905933));
#5590=CARTESIAN_POINT('',(-0.0492668390685945,0.0226701338562959,0.0615369729248907));
#5591=CARTESIAN_POINT('',(-0.0516681081150886,0.0319000001344516,0.0523071066467351));
#5592=CARTESIAN_POINT('',(-0.0309,0.0318535533905933,0.0523535533905933));
#5593=CARTESIAN_POINT('',(-0.0399961108698035,0.036401608825495,0.0478054979556916));
#5594=CARTESIAN_POINT('',(-0.0513263167925084,0.0319000001344516,0.0523071066467351));
#5595=CARTESIAN_POINT('',(-0.0309,0.0318535533905933,0.0523535533905933));
#5596=CARTESIAN_POINT('',(-0.061899434191369,0.0318995765304509,0.0523075302507357));
#5597=CARTESIAN_POINT('',(-0.0638999630298307,0.0318990165493288,0.0523080904922069));
#5598=CARTESIAN_POINT('',(-0.0639,0.0318535533905932,0.0523535533905934));
#5599=CARTESIAN_POINT('',(-0.0649,0.0318535533905933,0.0523535533905933));
#5600=CARTESIAN_POINT('',(0.00020000000000003,-0.03815,0.04925));
#5601=CARTESIAN_POINT('',(0.0198892957367463,-0.032489657595213,0.0649));
#5602=CARTESIAN_POINT('',(0.0201776646433305,-0.0322862425514514,0.0622332336191547));
#5603=CARTESIAN_POINT('',(0.0204636704475181,-0.0320782070790092,0.059566566662422));
#5604=CARTESIAN_POINT('',(0.020747200767355,-0.0318655805244887,0.0569));
#5605=CARTESIAN_POINT('',(0.020747200767355,-0.0318655805244887,0.0569));
#5606=CARTESIAN_POINT('',(0.00020000000000003,-0.03815,0.0569));
#5607=CARTESIAN_POINT('',(-0.0204119612576698,-0.0320813559479489,0.0569));
#5608=CARTESIAN_POINT('',(-0.0204119612576698,-0.0320813559479489,0.0569));
#5609=CARTESIAN_POINT('',(-0.020126217209347,-0.032290998102112,0.059566566662422));
#5610=CARTESIAN_POINT('',(-0.0198380459485811,-0.0324960234719857,0.0622332336191547));
#5611=CARTESIAN_POINT('',(-0.0195475601588376,-0.0326964038908648,0.0649));
#5612=CARTESIAN_POINT('',(-0.0222084680573702,-0.039394914892076,0.04925));
#5613=CARTESIAN_POINT('',(-0.0221778503357979,-0.0393932139075443,0.0494953194779263));
#5614=CARTESIAN_POINT('',(-0.0221778503357979,-0.0393932139075443,0.0494953194779263));
#5615=CARTESIAN_POINT('',(-0.0222362073150664,-0.0387108062538112,0.049332007764412));
#5616=CARTESIAN_POINT('',(-0.0222536786697323,-0.0380178197942218,0.04925));
#5617=CARTESIAN_POINT('',(-0.0222274504096617,-0.0373141041399454,0.04925));
#5618=CARTESIAN_POINT('',(-0.0222274504096618,-0.0373141041399454,0.04925));
#5619=CARTESIAN_POINT('',(0.00020000000000003,-0.03815,0.04925));
#5620=CARTESIAN_POINT('',(0.0222952025911849,-0.0342141041399454,0.04925));
#5621=CARTESIAN_POINT('',(0.0225565649442451,-0.0369079686142086,0.0496658651905089));
#5622=CARTESIAN_POINT('',(0.0225424762595053,-0.0360251441206205,0.0493866387997804));
#5623=CARTESIAN_POINT('',(0.0224577572103253,-0.0351266479088223,0.04925));
#5624=CARTESIAN_POINT('',(0.0222952025911848,-0.0342141041399454,0.04925));
#5625=CARTESIAN_POINT('',(0.022556564944245,-0.0369079686142086,0.0496658651905087));
#5626=CARTESIAN_POINT('',(0.0206115473509594,-0.0370160251471689,0.06525));
#5627=CARTESIAN_POINT('',(0.,-0.00707704841612419,0.04925));
#5628=CARTESIAN_POINT('',(-0.0345654877897432,-0.0416425362058678,0.04925));
#5629=CARTESIAN_POINT('',(-0.0445086392241741,-0.0316993847714371,0.04925));
#5630=CARTESIAN_POINT('',(-0.0325654027362855,-0.0396424511524101,0.04925));
#5631=CARTESIAN_POINT('',(-0.046,-0.029,0.04925));
#5632=CARTESIAN_POINT('',(-0.0331579487711865,-0.029,0.04925));
#5633=CARTESIAN_POINT('',(0.000200000000000111,-0.03815,0.04925));
#5634=CARTESIAN_POINT('',(-0.0213835512606516,-0.0111199137774233,0.04925));
#5635=CARTESIAN_POINT('',(-0.0419511258504483,0.0146378175540747,0.04925));
#5636=CARTESIAN_POINT('',(-0.00928702909707659,0.0190585223778393,0.04925));
#5637=CARTESIAN_POINT('',(-0.00564646095694438,-0.00784123110202644,0.04925));
#5638=CARTESIAN_POINT('',(-0.0401670035258863,0.0328273372169096,0.04925));
#5639=CARTESIAN_POINT('',(-0.0401670035258863,0.0339000001344516,0.04925));
#5640=CARTESIAN_POINT('',(0.,0.0339000001344516,0.04925));
#5641=CARTESIAN_POINT('',(-0.0416692924361007,0.0339000001344516,0.04925));
#5642=CARTESIAN_POINT('',(-0.0416692924361007,0.0319000001344516,0.04925));
#5643=CARTESIAN_POINT('',(-0.0430835059984738,0.0333142136968247,0.04925));
#5644=CARTESIAN_POINT('',(-0.0417373840557117,0.0346603356395868,0.04925));
#5645=CARTESIAN_POINT('',(-0.0513263167925084,0.0319000001344516,0.04925));
#5646=CARTESIAN_POINT('',(-0.0513263167925084,0.0339000001344516,0.04925));
#5647=CARTESIAN_POINT('',(0.,0.0339000001344516,0.04925));
#5648=CARTESIAN_POINT('',(-0.0516681081150886,0.0339000001344516,0.04925));
#5649=CARTESIAN_POINT('',(-0.0516681081150886,0.0319000001344516,0.04925));
#5650=CARTESIAN_POINT('',(-0.00975982839808682,-0.0168368768142112,0.04925));
#5651=CARTESIAN_POINT('',(-0.0599109189091234,0.0333142136968247,0.04925));
#5652=CARTESIAN_POINT('',(-0.0613251324714965,0.0319000001344516,0.04925));
#5653=CARTESIAN_POINT('',(-0.0613251324714965,0.0339000001344516,0.04925));
#5654=CARTESIAN_POINT('',(0.,0.0339000001344516,0.04925));
#5655=CARTESIAN_POINT('',(-0.0619000000096539,0.0339000342657767,0.04925000025));
#5656=CARTESIAN_POINT('',(-0.061899434191369,0.0318995765304509,0.04925));
#5657=CARTESIAN_POINT('',(-0.0619,0.0321613802924728,0.04925));
#5658=CARTESIAN_POINT('',(-0.0619,0.0391623638879442,0.04925));
#5659=CARTESIAN_POINT('',(-0.0689,0.0391623638879442,0.04925));
#5660=CARTESIAN_POINT('',(-0.0162985528851467,0.0391623638879442,0.04925));
#5661=CARTESIAN_POINT('',(-0.0162985528851467,0.0391623638879442,0.04925));
#5662=CARTESIAN_POINT('',(-0.0150506964149041,0.0391623638879442,0.04925));
#5663=CARTESIAN_POINT('',(-0.0132166038221578,0.0396494473172866,0.04925));
#5664=CARTESIAN_POINT('',(-0.0112184367503065,0.0411653534879714,0.04925));
#5665=CARTESIAN_POINT('',(-0.0104638359972783,0.0421354058785982,0.04925));
#5666=CARTESIAN_POINT('',(-0.0101490421666619,0.042674274409511,0.04925));
#5667=CARTESIAN_POINT('',(-0.0101490421666619,0.042674274409511,0.04925));
#5668=CARTESIAN_POINT('',(-0.0054,0.0399,0.04925));
#5669=CARTESIAN_POINT('',(0.0497,0.0375,0.04925));
#5670=CARTESIAN_POINT('',(0.0534,0.0375,0.04925));
#5671=CARTESIAN_POINT('',(0.0534,0.0205,0.04925));
#5672=CARTESIAN_POINT('',(0.0534,0.0225,0.04925));
#5673=CARTESIAN_POINT('',(0.0464,0.0225,0.04925));
#5674=CARTESIAN_POINT('',(0.0464,0.0155,0.04925));
#5675=CARTESIAN_POINT('',(0.0497,0.0155,0.04925));
#5676=CARTESIAN_POINT('',(0.046,0.0155,0.04925));
#5677=CARTESIAN_POINT('',(0.046,-0.00540333764061731,0.04925));
#5678=CARTESIAN_POINT('',(0.0264369527595432,-0.012767895141602,0.04925));
#5679=CARTESIAN_POINT('',(0.0238470805968077,-0.0235279992139017,0.04925));
#5680=CARTESIAN_POINT('',(0.0255718218473693,-0.0163622419148122,0.04925));
#5681=CARTESIAN_POINT('',(0.000200000000000034,-0.03815,0.04925));
#5682=CARTESIAN_POINT('',(0.0334106077934763,-0.0342141041399454,0.04925));
#5683=CARTESIAN_POINT('',(0.157917022673304,-0.0342141041399454,0.04925));
#5684=CARTESIAN_POINT('',(-0.157917022673304,-0.0373141041399454,0.04925));
#5685=CARTESIAN_POINT('',(-0.0674165022906002,-0.0373141041399454,0.04925));
#5686=CARTESIAN_POINT('',(-0.0619,-0.0330049168407155,0.04925));
#5687=CARTESIAN_POINT('',(-0.0689,-0.0330049168407155,0.04925));
#5688=CARTESIAN_POINT('',(-0.0689,-0.0332781419978066,0.04925));
#5689=CARTESIAN_POINT('',(-0.0619,-0.0282850018563533,0.04925));
#5690=CARTESIAN_POINT('',(-0.0604857864376267,-0.0296992154187265,0.04925));
#5691=CARTESIAN_POINT('',(-0.0189318097175126,0.0118547613013882,0.04925));
#5692=CARTESIAN_POINT('',(-0.016931724664055,0.00985467624793051,0.04925));
#5693=CARTESIAN_POINT('',(-0.0584857856834221,-0.0316993847714372,0.04925));
#5694=CARTESIAN_POINT('',(-0.0570715721210489,-0.0331135983338103,0.04925));
#5695=CARTESIAN_POINT('',(-0.0570715721210489,-0.0351135983338103,0.04925));
#5696=CARTESIAN_POINT('',(1.96360630723574E-16,-0.0351135983338099,0.04925));
#5697=CARTESIAN_POINT('',(-0.0459228527865472,-0.0351135983338102,0.04925));
#5698=CARTESIAN_POINT('',(-0.0459228527865472,-0.0331135983338102,0.04925));
#5699=CARTESIAN_POINT('',(0.046,-0.00540333764061731,0.04925));
#5700=CARTESIAN_POINT('',(0.0197591396847763,0.000530196392484909,0.04925));
#5701=CARTESIAN_POINT('',(0.0350572136241036,0.0191739893608399,0.04925));
#5702=CARTESIAN_POINT('',(0.046,-0.164314333351344,0.04925));
#5703=CARTESIAN_POINT('',(0.0117412394909177,0.0162792614237211,0.04925));
#5704=CARTESIAN_POINT('',(0.0533200338174218,0.0275316587121323,0.04925));
#5705=CARTESIAN_POINT('',(-0.00134999999999996,-0.01025,0.04925));
#5706=CARTESIAN_POINT('',(0.000150000000000038,-0.01025,0.04925));
#5707=CARTESIAN_POINT('',(-0.0027,0.01995,0.04925));
#5708=CARTESIAN_POINT('',(-0.0012,0.01995,0.04925));
#5709=CARTESIAN_POINT('',(-0.0054,0.0399,0.04925));
#5710=CARTESIAN_POINT('',(-0.00415,0.0399,0.04925));
#5711=CARTESIAN_POINT('',(0.039,0.0323754778045315,0.04925));
#5712=CARTESIAN_POINT('',(0.0392489656071569,0.0253799066251029,0.04925));
#5713=CARTESIAN_POINT('',(0.046,0.0323754778045315,0.04925));
#5714=CARTESIAN_POINT('',(-0.004,0.0323754778045315,0.04925));
#5715=CARTESIAN_POINT('',(0.00208579119789919,0.0255977011070739,0.04925));
#5716=CARTESIAN_POINT('',(0.00494664573779556,0.0244606026719526,0.04925));
#5717=CARTESIAN_POINT('',(0.00780697425874093,0.0233221809227674,0.04925));
#5718=CARTESIAN_POINT('',(0.0106667748073322,0.0221824342965354,0.04925));
#5719=CARTESIAN_POINT('',(0.010666774807333,0.0221824342965149,0.04925));
#5720=CARTESIAN_POINT('',(0.046,-0.164314333351345,0.04925));
#5721=CARTESIAN_POINT('',(-0.0277,-0.0397,0.04925));
#5722=CARTESIAN_POINT('',(-0.0340943406083432,-0.0435351104608594,0.0649));
#5723=CARTESIAN_POINT('',(-0.0335278363746327,-0.0433783241437248,0.0603682701128575));
#5724=CARTESIAN_POINT('',(-0.0329642277008723,-0.0432070148799168,0.0558366797027538));
#5725=CARTESIAN_POINT('',(-0.0324070437270469,-0.0430144525389188,0.0513051712838957));
#5726=CARTESIAN_POINT('',(-0.0324070437270469,-0.0430144525389188,0.0513051712838957));
#5727=CARTESIAN_POINT('',(-0.032407043727047,-0.0430144525389188,0.0513051712838958));
#5728=CARTESIAN_POINT('',(-0.0318471457194907,-0.0439840727274571,0.0521087927496291));
#5729=CARTESIAN_POINT('',(-0.0303530759926125,-0.0454263591943535,0.0539795729436792));
#5730=CARTESIAN_POINT('',(-0.0285920918205031,-0.0460486745989615,0.0560393967916929));
#5731=CARTESIAN_POINT('',(-0.0277,-0.0461781249999999,0.057075));
#5732=CARTESIAN_POINT('',(-0.0277,-0.0461781249999999,0.057075));
#5733=CARTESIAN_POINT('',(-0.0277,-0.0461781249999999,0.057075));
#5734=CARTESIAN_POINT('',(-0.027032145036233,-0.0460812133470611,0.0562997067764899));
#5735=CARTESIAN_POINT('',(-0.0257054719657635,-0.045682074851225,0.0547510963487516));
#5736=CARTESIAN_POINT('',(-0.0238840199863358,-0.0444068435997121,0.0525404208604488));
#5737=CARTESIAN_POINT('',(-0.0224522559257857,-0.0423468211176676,0.0506013571183591));
#5738=CARTESIAN_POINT('',(-0.0220905942755102,-0.0404135580741084,0.0497395051245911));
#5739=CARTESIAN_POINT('',(-0.0221778503357979,-0.0393932139075443,0.0494953194779263));
#5740=CARTESIAN_POINT('',(-0.0054,0.0399,0.0584));
#5741=CARTESIAN_POINT('',(-0.0054,0.0399,0.0584));
#5742=CARTESIAN_POINT('',(-0.0035,0.0399,0.0584));
#5743=CARTESIAN_POINT('',(-0.0054,0.0399,0.0644));
#5744=CARTESIAN_POINT('',(-0.0035,0.0399,0.0644));
#5745=CARTESIAN_POINT('',(-0.0054,0.0399,0.064902));
#5746=CARTESIAN_POINT('',(-0.0054,0.0399,0.0584));
#5747=CARTESIAN_POINT('',(-0.00665,0.0399,0.0584));
#5748=CARTESIAN_POINT('',(-0.0027,0.01995,0.049248));
#5749=CARTESIAN_POINT('',(-0.0027,0.01995,0.0549));
#5750=CARTESIAN_POINT('',(-0.0012,0.01995,0.0549));
#5751=CARTESIAN_POINT('',(-0.0054,0.0399,0.04925));
#5752=CARTESIAN_POINT('',(-0.0101490421666619,0.042674274409511,0.04925));
#5753=CARTESIAN_POINT('',(-0.0108195634363405,0.0428191901312802,0.0544665378353272));
#5754=CARTESIAN_POINT('',(-0.0114965610248306,0.0429282594077851,0.0596831507626089));
#5755=CARTESIAN_POINT('',(-0.0121746982363279,0.0430143422851697,0.0649));
#5756=CARTESIAN_POINT('',(-0.00405,0.017053125,0.0549));
#5757=CARTESIAN_POINT('',(0.000205739995706097,0.000100000000000065,0.0584));
#5758=CARTESIAN_POINT('',(-0.0054,0.0399,0.0644));
#5759=CARTESIAN_POINT('',(-0.0054,0.0399,0.0644));
#5760=CARTESIAN_POINT('',(-0.0031,0.0399,0.0644));
#5761=CARTESIAN_POINT('',(0.000205739995706097,0.000100000000000065,0.0644));
#5762=CARTESIAN_POINT('',(-0.00134999999999996,-0.01025,0.049248));
#5763=CARTESIAN_POINT('',(-0.00134999999999996,-0.01025,0.0549));
#5764=CARTESIAN_POINT('',(0.000150000000000038,-0.01025,0.0549));
#5765=CARTESIAN_POINT('',(0.0281,-0.0366,0.04925));
#5766=CARTESIAN_POINT('',(0.0336221496642021,-0.0362932139075442,0.0494953194779262));
#5767=CARTESIAN_POINT('',(0.0337090119514688,-0.0373089534196742,0.0497384031527687));
#5768=CARTESIAN_POINT('',(0.0333510281811901,-0.0392393339432202,0.0505962806971797));
#5769=CARTESIAN_POINT('',(0.0319208786120212,-0.0413004244836258,0.0525339874379575));
#5770=CARTESIAN_POINT('',(0.0301117702472796,-0.042574014611928,0.0547306965236192));
#5771=CARTESIAN_POINT('',(0.028772556758662,-0.0429805310751478,0.0562942486011833));
#5772=CARTESIAN_POINT('',(0.0281,-0.0430781249999999,0.057075));
#5773=CARTESIAN_POINT('',(0.0336221496642021,-0.0362932139075443,0.0494953194779262));
#5774=CARTESIAN_POINT('',(0.0281,-0.043078125,0.057075));
#5775=CARTESIAN_POINT('',(0.0355884526490406,-0.036183974852831,0.06525));
#5776=CARTESIAN_POINT('',(0.0281,-0.0430781249999999,0.057075));
#5777=CARTESIAN_POINT('',(0.0268320184751036,-0.0428941296835087,0.0556030374680705));
#5778=CARTESIAN_POINT('',(0.0249365695863332,-0.0420736447691574,0.0533883533871263));
#5779=CARTESIAN_POINT('',(0.023041354080965,-0.0396014020653002,0.0508758614439469));
#5780=CARTESIAN_POINT('',(0.0225716285203757,-0.0378518817057928,0.0499644131438548));
#5781=CARTESIAN_POINT('',(0.0225565649442451,-0.0369079686142085,0.0496658651905088));
#5782=CARTESIAN_POINT('',(0.000200000000000034,-0.03815,0.06525));
#5783=CARTESIAN_POINT('',(0.0255718218473693,-0.0163622419148122,0.04925));
#5784=CARTESIAN_POINT('',(0.0256637876954664,-0.0159801527480726,0.0517995799567887));
#5785=CARTESIAN_POINT('',(0.0257550861714437,-0.0156008363025376,0.0543495985885442));
#5786=CARTESIAN_POINT('',(0.0258457961254088,-0.0152239649808172,0.0569));
#5787=CARTESIAN_POINT('',(0.0258457961254088,-0.0152239649808172,0.0569));
#5788=CARTESIAN_POINT('',(0.000200000000000034,-0.03815,0.0569));
#5789=CARTESIAN_POINT('',(0.0281716356755273,-0.0181275741169457,0.0569));
#5790=CARTESIAN_POINT('',(0.0287414844420544,-0.0172097958171253,0.0649));
#5791=CARTESIAN_POINT('',(0.0285557133317347,-0.017520045719784,0.06223353173227));
#5792=CARTESIAN_POINT('',(0.0283657070901496,-0.0178259723056662,0.0595668691567887));
#5793=CARTESIAN_POINT('',(0.0281716356755272,-0.0181275741169458,0.0569));
#5794=CARTESIAN_POINT('',(0.0334106077934764,-0.0342141041399454,0.04925));
#5795=CARTESIAN_POINT('',(0.0334937341769331,-0.0349155143947973,0.04925));
#5796=CARTESIAN_POINT('',(0.0335636082332729,-0.0356086493357078,0.0493314915773654));
#5797=CARTESIAN_POINT('',(0.0336221496642021,-0.0362932139075442,0.0494953194779262));
#5798=CARTESIAN_POINT('',(-0.00405,0.017053125,0.0549));
#5799=CARTESIAN_POINT('',(-0.0277,-0.0397,0.0644));
#5800=CARTESIAN_POINT('',(-0.0277,-0.0397,0.0644));
#5801=CARTESIAN_POINT('',(-0.0254,-0.0397,0.0644));
#5802=CARTESIAN_POINT('',(0.000205739995706097,0.000100000000000065,0.0644));
#5803=CARTESIAN_POINT('',(-0.0277,-0.0397,0.0644));
#5804=CARTESIAN_POINT('',(-0.0258,-0.0397,0.0644));
#5805=CARTESIAN_POINT('',(0.0281,-0.0366,0.0644));
#5806=CARTESIAN_POINT('',(0.0281,-0.0366,0.0644));
#5807=CARTESIAN_POINT('',(0.0304,-0.0366,0.0644));
#5808=CARTESIAN_POINT('',(0.000205739995706097,0.000100000000000065,0.0644));
#5809=CARTESIAN_POINT('',(0.0281,-0.0366,0.0644));
#5810=CARTESIAN_POINT('',(0.03,-0.0366,0.0644));
#5811=CARTESIAN_POINT('',(0.000205739995706097,0.000100000000000065,0.0584));
#5812=CARTESIAN_POINT('',(-0.0277,-0.0397,0.0584));
#5813=CARTESIAN_POINT('',(-0.0258,-0.0397,0.0584));
#5814=CARTESIAN_POINT('',(-0.0277,-0.0397,0.0584));
#5815=CARTESIAN_POINT('',(0.000205739995706097,0.000100000000000065,0.0584));
#5816=CARTESIAN_POINT('',(0.0281,-0.0366,0.0584));
#5817=CARTESIAN_POINT('',(0.03,-0.0366,0.0584));
#5818=CARTESIAN_POINT('',(0.0281,-0.0366,0.0584));
#5819=CARTESIAN_POINT('',(-0.157917022673304,-0.0373141041399454,0.0581830026075068));
#5820=CARTESIAN_POINT('',(-0.0689,-0.0400079686142085,0.0496658651905089));
#5821=CARTESIAN_POINT('',(-0.0619,-0.0400079686142085,0.0496658651905089));
#5822=CARTESIAN_POINT('',(-0.0379647906611074,-0.0400079686142085,0.0496658651905089));
#5823=CARTESIAN_POINT('',(-0.0619,-0.0400079686142085,0.0496658651905089));
#5824=CARTESIAN_POINT('',(-0.0629712635435403,-0.0400079686142085,0.0496658651905089));
#5825=CARTESIAN_POINT('',(-0.0650713486403807,-0.0395139928946315,0.0494885037122261));
#5826=CARTESIAN_POINT('',(-0.0667570073695173,-0.0381584118710922,0.04925));
#5827=CARTESIAN_POINT('',(-0.0674165022906002,-0.0373141041399454,0.04925));
#5828=CARTESIAN_POINT('',(-0.032407043727047,-0.0430144525389188,0.0513051712838957));
#5829=CARTESIAN_POINT('',(-0.0328800121891868,-0.042195375201183,0.0506263197722617));
#5830=CARTESIAN_POINT('',(-0.0344753915450009,-0.0405904136334219,0.049809678720025));
#5831=CARTESIAN_POINT('',(-0.036802848268024,-0.0400079686142085,0.0496658651905089));
#5832=CARTESIAN_POINT('',(-0.0379647906611074,-0.0400079686142085,0.0496658651905089));
#5833=CARTESIAN_POINT('',(0.157917022673304,-0.0342141041399454,0.0581830026075068));
#5834=CARTESIAN_POINT('',(-0.0309,-0.029,0.0489785533905933));
#5835=CARTESIAN_POINT('',(-0.0309,-0.029,0.0512071067811866));
#5836=CARTESIAN_POINT('',(-0.0366721329089649,-0.029,0.0512071067811866));
#5837=CARTESIAN_POINT('',(-0.0366721329089649,-0.029,0.0512071067811866));
#5838=CARTESIAN_POINT('',(-0.035501582201025,-0.029,0.050553222357989));
#5839=CARTESIAN_POINT('',(-0.0343302718618365,-0.029,0.049900701929904));
#5840=CARTESIAN_POINT('',(-0.0331579487711865,-0.029,0.04925));
#5841=CARTESIAN_POINT('',(-0.0689,0.0222350920161382,0.04925));
#5842=CARTESIAN_POINT('',(-0.0649,0.0222350920161382,0.04925));
#5843=CARTESIAN_POINT('',(-0.0649,0.0192123638879441,0.04925));
#5844=CARTESIAN_POINT('',(-0.0689,0.0192123638879441,0.04925));
#5845=CARTESIAN_POINT('',(-0.0689,0.0192123638879441,0.04925));
#5846=CARTESIAN_POINT('',(-0.0689,0.0222350920161382,0.04925));
#5847=CARTESIAN_POINT('',(-0.0689,0.0190811820111979,0.057075));
#5848=CARTESIAN_POINT('',(-0.0649,0.0190811820111979,0.057075));
#5849=CARTESIAN_POINT('',(-0.0649,0.0191494971738485,0.053));
#5850=CARTESIAN_POINT('',(-0.0689,0.0191494971738485,0.053));
#5851=CARTESIAN_POINT('',(-0.0689,0.0191494971738485,0.053));
#5852=CARTESIAN_POINT('',(-0.0689,0.0190811820111979,0.057075));
#5853=CARTESIAN_POINT('',(-0.0689,0.00200000000000004,0.053));
#5854=CARTESIAN_POINT('',(-0.0649,0.00200000000000004,0.053));
#5855=CARTESIAN_POINT('',(-0.0649,-0.0116499886064292,0.053));
#5856=CARTESIAN_POINT('',(-0.0689,-0.0116499886064292,0.053));
#5857=CARTESIAN_POINT('',(-0.0689,-0.0116499886064292,0.053));
#5858=CARTESIAN_POINT('',(-0.0689,0.00200000000000004,0.053));
#5859=CARTESIAN_POINT('',(-0.0689,-0.0112519426667946,0.057075));
#5860=CARTESIAN_POINT('',(-0.0649,-0.0112519426667946,0.057075));
#5861=CARTESIAN_POINT('',(-0.0649,-0.0120162885508782,0.04925));
#5862=CARTESIAN_POINT('',(-0.0689,-0.0120162885508782,0.04925));
#5863=CARTESIAN_POINT('',(-0.0689,-0.0120162885508782,0.04925));
#5864=CARTESIAN_POINT('',(-0.0689,-0.0112519426667946,0.057075));
#5865=CARTESIAN_POINT('',(-0.0689,-0.0166370543476051,0.04925));
#5866=CARTESIAN_POINT('',(-0.0649,-0.0166370543476051,0.04925));
#5867=CARTESIAN_POINT('',(-0.0689,-0.0166370543476051,0.04925));
#5868=CARTESIAN_POINT('',(-0.0689,-0.0400607834740095,0.0572829325952544));
#5869=CARTESIAN_POINT('',(-0.0619,-0.0400079686142085,0.0496658651905089));
#5870=CARTESIAN_POINT('',(-0.0379647906611074,-0.0400079686142085,0.0496658651905089));
#5871=CARTESIAN_POINT('',(-0.038718483848827,-0.040043158690292,0.0547410501387741));
#5872=CARTESIAN_POINT('',(-0.0394491097972782,-0.040078372304829,0.059819629851075));
#5873=CARTESIAN_POINT('',(-0.0401670035258852,-0.0401135983338104,0.0649));
#5874=CARTESIAN_POINT('',(-0.0689,0.0390311820111978,0.057075));
#5875=CARTESIAN_POINT('',(-0.0619,0.0389000001344516,0.0649));
#5876=CARTESIAN_POINT('',(-0.0186287120452216,0.0389000001344516,0.0649));
#5877=CARTESIAN_POINT('',(-0.0178726102366159,0.0389875058573064,0.0596802829299116));
#5878=CARTESIAN_POINT('',(-0.0171002579840365,0.0390749722085735,0.0544629143753454));
#5879=CARTESIAN_POINT('',(-0.0162985528851468,0.0391623638879442,0.04925));
#5880=CARTESIAN_POINT('',(-0.0689,0.02925,0.0495));
#5881=CARTESIAN_POINT('',(-0.0689,0.02925,0.0495));
#5882=CARTESIAN_POINT('',(-0.0689,0.02925,0.05075));
#5883=CARTESIAN_POINT('',(-0.0649,0.02925,0.0495));
#5884=CARTESIAN_POINT('',(-0.0649,0.02925,0.05075));
#5885=CARTESIAN_POINT('',(-0.0689,-0.02525,0.0495));
#5886=CARTESIAN_POINT('',(-0.0689,-0.02525,0.0495));
#5887=CARTESIAN_POINT('',(-0.0689,-0.02525,0.05075));
#5888=CARTESIAN_POINT('',(-0.0649,-0.02525,0.0495));
#5889=CARTESIAN_POINT('',(-0.0649,-0.02525,0.05075));
#5890=CARTESIAN_POINT('',(-0.0689,-0.000475617222933079,0.03595));
#5891=CARTESIAN_POINT('',(-0.0689,0.0321633473452263,0.0491326652874822));
#5892=CARTESIAN_POINT('',(-0.0689,-0.033113766596974,0.0649485351004746));
#5893=CARTESIAN_POINT('',(-0.0649,-0.000475617222933079,0.03595));
#5894=CARTESIAN_POINT('',(-0.0309,-0.0278535533905933,0.0523535533905933));
#5895=CARTESIAN_POINT('',(-0.0390943406083432,-0.0278535533905933,0.0523535533905933));
#5896=CARTESIAN_POINT('',(-0.0390943406083432,-0.0274217943461944,0.0527853124349922));
#5897=CARTESIAN_POINT('',(-0.0390943406083433,-0.0274217943461944,0.0527853124349922));
#5898=CARTESIAN_POINT('',(-0.0382885759062643,-0.0279491197829972,0.0522579869981894));
#5899=CARTESIAN_POINT('',(-0.0374812723623839,-0.0284752643234923,0.0517318424576944));
#5900=CARTESIAN_POINT('',(-0.0366721329089649,-0.029,0.0512071067811866));
#5901=CARTESIAN_POINT('',(-0.0309,0.0318535533905933,0.0523535533905933));
#5902=CARTESIAN_POINT('',(-0.0246459538050048,0.0267941770251082,0.0574129297560785));
#5903=CARTESIAN_POINT('',(-0.0390943406083437,0.0318535533905933,0.0523535533905934));
#5904=CARTESIAN_POINT('',(-0.0390943406083437,0.0328273372169096,0.051379769564277));
#5905=CARTESIAN_POINT('',(-0.0401670035258863,0.0328273372169096,0.051379769564277));
#5906=CARTESIAN_POINT('',(-0.0619,0.0323751149713584,0.0365007246903179));
#5907=CARTESIAN_POINT('',(-0.0619,-0.03291113853303,0.0357251001245578));
#5908=CARTESIAN_POINT('',(-0.0379183021971214,-0.0400057995072701,0.049353032138975));
#5909=CARTESIAN_POINT('',(-0.0343374893113813,-0.0400094914301501,0.0498854888289364));
#5910=CARTESIAN_POINT('',(-0.032267944655922,-0.0429658771052058,0.0501727401806249));
#5911=CARTESIAN_POINT('',(-0.0386930778470726,-0.0400419255803554,0.0545632084945827));
#5912=CARTESIAN_POINT('',(-0.0349704212253268,-0.0400459997245365,0.0551507899220166));
#5913=CARTESIAN_POINT('',(-0.0329072541581559,-0.0431914781174381,0.0553829165362304));
#5914=CARTESIAN_POINT('',(-0.0394432678859973,-0.0400780773761221,0.0597770946280623));
#5915=CARTESIAN_POINT('',(-0.0355958137935554,-0.0400821425109866,0.0603633767133711));
#5916=CARTESIAN_POINT('',(-0.0335559797154397,-0.0433882909399854,0.0605968026697236));
#5917=CARTESIAN_POINT('',(-0.040180110912452,-0.0401142415689997,0.0649927686982979));
#5918=CARTESIAN_POINT('',(-0.036219194796223,-0.0401181213537525,0.0655523192128593));
#5919=CARTESIAN_POINT('',(-0.0342084489847088,-0.0435664814935082,0.0658124767399477));
#5920=CARTESIAN_POINT('',(-0.0186431775597492,0.0388983257552432,0.0649998767332057));
#5921=CARTESIAN_POINT('',(-0.0141467908442254,0.0388874129357945,0.0656508265008398));
#5922=CARTESIAN_POINT('',(-0.0123158173117853,0.0430319163019458,0.065985454587848));
#5923=CARTESIAN_POINT('',(-0.0178300110284129,0.0389924633567279,0.0593845680496562));
#5924=CARTESIAN_POINT('',(-0.0134824716541588,0.0389808476768167,0.0600774434497941));
#5925=CARTESIAN_POINT('',(-0.0115856718431959,0.0429427289201834,0.0603701459042999));
#5926=CARTESIAN_POINT('',(-0.0169982606413059,0.0390865585213665,0.053771790724318));
#5927=CARTESIAN_POINT('',(-0.0128140282692453,0.0390748564721355,0.0544698180567761));
#5928=CARTESIAN_POINT('',(-0.0108568507778533,0.0428277660785826,0.0547573685791396));
#5929=CARTESIAN_POINT('',(-0.0161311848946189,0.0391805585125013,0.048164690499241));
#5930=CARTESIAN_POINT('',(-0.0121318890619757,0.0391701935030384,0.0487829633968331));
#5931=CARTESIAN_POINT('',(-0.0101362237542987,0.0426714994043523,0.0491502683538833));
#5932=CARTESIAN_POINT('',(-0.0514972124537985,0.0339000001344516,0.0399));
#5933=CARTESIAN_POINT('',(-0.0516681081150886,0.0339000001344516,0.0399));
#5934=CARTESIAN_POINT('',(-0.0513263167925084,0.0339000001344516,0.0649));
#5935=CARTESIAN_POINT('',(-0.0489975510607804,0.0314003387414334,0.0399));
#5936=CARTESIAN_POINT('',(-0.0500829988914254,0.0303148909107883,0.0399));
#5937=CARTESIAN_POINT('',(-0.0499121032301353,0.0304857865720785,0.04925));
#5938=CARTESIAN_POINT('',(-0.0539968738468167,0.0314003387414334,0.0399));
#5939=CARTESIAN_POINT('',(-0.0529114260161716,0.0303148909107883,0.0399));
#5940=CARTESIAN_POINT('',(-0.0530823216774617,0.0304857865720785,0.0399));
#5941=CARTESIAN_POINT('',(-0.0413323615433666,0.0339000001344516,0.0399));
#5942=CARTESIAN_POINT('',(-0.0416692924361007,0.0339000001344516,0.0399));
#5943=CARTESIAN_POINT('',(-0.0401670035258863,0.0339000001344516,0.0399));
#5944=CARTESIAN_POINT('',(-0.0401670035258863,0.0328273372169096,0.0399));
#5945=CARTESIAN_POINT('',(-0.0390943406083444,0.0328273372169096,0.0399));
#5946=CARTESIAN_POINT('',(-0.0459974234805939,0.0304002962147046,0.0399));
#5947=CARTESIAN_POINT('',(-0.0480829138379677,0.0283148058573307,0.0535));
#5948=CARTESIAN_POINT('',(-0.0430835059984738,0.0333142136968247,0.0399));
#5949=CARTESIAN_POINT('',(-0.0442957340043422,0.021699198898959,0.0399));
#5950=CARTESIAN_POINT('',(-0.0480829138379677,0.0254863787325845,0.0649));
#5951=CARTESIAN_POINT('',(-0.0425085541707167,0.0199120190653336,0.0399));
#5952=CARTESIAN_POINT('',(-0.0390943406083437,0.0246625713599351,0.0399));
#5953=CARTESIAN_POINT('',(-0.0390943406083436,0.0213262326277067,0.0399));
#5954=CARTESIAN_POINT('',(-0.0611983526733751,0.0339000001344516,0.0399));
#5955=CARTESIAN_POINT('',(-0.0613251324714965,0.0339000001344516,0.0649));
#5956=CARTESIAN_POINT('',(-0.0619,0.0339000001344516,0.0399));
#5957=CARTESIAN_POINT('',(-0.0569970014270032,0.0304002962147045,0.0399));
#5958=CARTESIAN_POINT('',(-0.0549115110696293,0.0283148058573306,0.0649));
#5959=CARTESIAN_POINT('',(-0.0599109189091234,0.0333142136968247,0.04925));
#5960=CARTESIAN_POINT('',(-0.061899434191369,0.0318995765304509,0.0399));
#5961=CARTESIAN_POINT('',(-0.0639,0.0318990165389803,0.0399));
#5962=CARTESIAN_POINT('',(-0.0639,0.0241984531705969,0.0399));
#5963=CARTESIAN_POINT('',(-0.0639,0.0213263169269597,0.0535));
#5964=CARTESIAN_POINT('',(-0.0586986487536281,0.0216992410485855,0.0399));
#5965=CARTESIAN_POINT('',(-0.0549115110696292,0.0254863787325844,0.0535));
#5966=CARTESIAN_POINT('',(-0.060485786437627,0.0199121033645866,0.0649));
#5967=CARTESIAN_POINT('',(-0.0639,-0.0227107264883555,0.0399));
#5968=CARTESIAN_POINT('',(-0.0639,-0.0171364511203577,0.0649));
#5969=CARTESIAN_POINT('',(-0.0639,-0.0282850018563534,0.04925));
#5970=CARTESIAN_POINT('',(-0.0586986487536278,-0.0279120777347276,0.0399));
#5971=CARTESIAN_POINT('',(-0.0549115110696289,-0.0241249400507286,0.0535));
#5972=CARTESIAN_POINT('',(-0.0604857864376267,-0.0296992154187265,0.0649));
#5973=CARTESIAN_POINT('',(-0.0586986487536279,-0.0175093752419835,0.0399));
#5974=CARTESIAN_POINT('',(-0.0549115110696289,-0.0212965129259824,0.0649));
#5975=CARTESIAN_POINT('',(-0.0604857864376268,-0.0157222375579847,0.0535));
#5976=CARTESIAN_POINT('',(-0.0566985215505438,-0.00510654554615517,0.0399));
#5977=CARTESIAN_POINT('',(-0.0529113417169183,-0.00131936571252966,0.0399));
#5978=CARTESIAN_POINT('',(-0.0604857013841692,-0.00889372537978069,0.0399));
#5979=CARTESIAN_POINT('',(-0.0566985637001702,-0.0155092901885258,0.0399));
#5980=CARTESIAN_POINT('',(-0.0604857013841692,-0.0117221525045269,0.0399));
#5981=CARTESIAN_POINT('',(-0.0529114260161712,-0.0192964278725248,0.0535));
#5982=CARTESIAN_POINT('',(-0.0462958190577996,-0.0155092480388992,0.0399));
#5983=CARTESIAN_POINT('',(-0.0425086392241741,-0.0117220682052737,0.0535));
#5984=CARTESIAN_POINT('',(-0.0500829988914251,-0.0192964278725247,0.0649));
#5985=CARTESIAN_POINT('',(-0.0462957769081731,-0.00510650339652856,0.0399));
#5986=CARTESIAN_POINT('',(-0.0500829145921721,-0.00131936571252964,0.0399));
#5987=CARTESIAN_POINT('',(-0.0425086392241741,-0.00889364108052749,0.0649));
#5988=CARTESIAN_POINT('',(-0.0586986066040015,0.00729632629929959,0.0399));
#5989=CARTESIAN_POINT('',(-0.0549114267703759,0.00350914646567413,0.0649));
#5990=CARTESIAN_POINT('',(-0.060485786437627,0.00908350613292506,0.0535));
#5991=CARTESIAN_POINT('',(-0.0639,0.00209493290330097,0.0399));
#5992=CARTESIAN_POINT('',(-0.0639,0.00766929257055195,0.0649));
#5993=CARTESIAN_POINT('',(-0.0639,-0.00347942676395,0.0535));
#5994=CARTESIAN_POINT('',(-0.0586986066040014,-0.00310646049269757,0.0399));
#5995=CARTESIAN_POINT('',(-0.0549114267703759,0.000680719340927939,0.0535));
#5996=CARTESIAN_POINT('',(-0.0604857864376269,-0.00489364032632307,0.0649));
#5997=CARTESIAN_POINT('',(-0.0514972124537981,-0.0351135983338103,0.0399));
#5998=CARTESIAN_POINT('',(-0.0459228527865472,-0.0351135983338102,0.04925));
#5999=CARTESIAN_POINT('',(-0.0570715721210489,-0.0351135983338103,0.0399));
#6000=CARTESIAN_POINT('',(-0.0566986058497966,-0.0299122049378117,0.0399));
#6001=CARTESIAN_POINT('',(-0.0529114260161712,-0.0261250251041862,0.0399));
#6002=CARTESIAN_POINT('',(-0.058485785683422,-0.0316993847714372,0.0399));
#6003=CARTESIAN_POINT('',(-0.0462958190577996,-0.0299122049378116,0.0399));
#6004=CARTESIAN_POINT('',(-0.050082998891425,-0.0261250251041862,0.0399));
#6005=CARTESIAN_POINT('',(-0.0445086392241741,-0.0316993847714371,0.0649));
#6006=CARTESIAN_POINT('',(-0.0442957340043419,-0.027912119884354,0.0399));
#6007=CARTESIAN_POINT('',(-0.0480829138379674,-0.0241249400507286,0.0399));
#6008=CARTESIAN_POINT('',(-0.0390943406083433,-0.0227107264883554,0.0399));
#6009=CARTESIAN_POINT('',(-0.0390943406083433,-0.0233921431639696,0.0535));
#6010=CARTESIAN_POINT('',(-0.0390943406083433,-0.0247296098989004,0.0532293485220705));
#6011=CARTESIAN_POINT('',(-0.0390943406083433,-0.0260725997001263,0.0529898379674131));
#6012=CARTESIAN_POINT('',(-0.0390943406083432,-0.0274217943461944,0.0527853124349922));
#6013=CARTESIAN_POINT('',(-0.0390943406083433,-0.0171363668211044,0.0399));
#6014=CARTESIAN_POINT('',(-0.0442957340043419,-0.0175093330923568,0.0399));
#6015=CARTESIAN_POINT('',(-0.0480829138379674,-0.0212965129259823,0.0399));
#6016=CARTESIAN_POINT('',(-0.0425085541707164,-0.0157221532587313,0.0399));
#6017=CARTESIAN_POINT('',(-0.0442956918547155,-0.00310641834307088,0.0399));
#6018=CARTESIAN_POINT('',(-0.0480828295387145,0.000680719340928044,0.0649));
#6019=CARTESIAN_POINT('',(-0.0425085541707165,-0.00489355602706982,0.0399));
#6020=CARTESIAN_POINT('',(-0.0390943406083435,0.00209493290330113,0.0399));
#6021=CARTESIAN_POINT('',(-0.0390943406083435,0.00766920827129911,0.0399));
#6022=CARTESIAN_POINT('',(-0.0390943406083435,-0.00347934246469671,0.0399));
#6023=CARTESIAN_POINT('',(-0.0442956918547156,0.00729628414967317,0.0399));
#6024=CARTESIAN_POINT('',(-0.0480828295387145,0.00350914646567424,0.0535));
#6025=CARTESIAN_POINT('',(-0.0425085541707166,0.00908342183367217,0.0399));
#6026=CARTESIAN_POINT('',(-0.0566985215505438,0.00929641135275727,0.0399));
#6027=CARTESIAN_POINT('',(-0.0604857013841693,0.0130835911863827,0.0649));
#6028=CARTESIAN_POINT('',(-0.0529113417169183,0.00550923151913182,0.0399));
#6029=CARTESIAN_POINT('',(-0.0462957769081732,0.00929636920313077,0.0399));
#6030=CARTESIAN_POINT('',(-0.0425086392241743,0.0130835068871297,0.0535));
#6031=CARTESIAN_POINT('',(-0.0500829145921721,0.00550923151913184,0.0399));
#6032=CARTESIAN_POINT('',(-0.0462958190577999,0.0196991138455014,0.0399));
#6033=CARTESIAN_POINT('',(-0.0500829988914254,0.0234862936791268,0.0399));
#6034=CARTESIAN_POINT('',(-0.0425086392241743,0.0159119340118759,0.0649));
#6035=CARTESIAN_POINT('',(-0.0566985637001704,0.0196991559951279,0.0399));
#6036=CARTESIAN_POINT('',(-0.0529114260161716,0.0234862936791268,0.0399));
#6037=CARTESIAN_POINT('',(-0.0604857013841693,0.0159120183111289,0.0535));
#6038=CARTESIAN_POINT('',(-0.0514972124537985,0.0317291044731614,0.0399));
#6039=CARTESIAN_POINT('',(-0.0563257246320024,0.0269005922949575,0.0399));
#6040=CARTESIAN_POINT('',(-0.0466687002755946,0.0269005922949576,0.0399));
#6041=CARTESIAN_POINT('',(-0.0514972124537985,0.0220720801167537,0.0399));
#6042=CARTESIAN_POINT('',(-0.0590714878217962,0.0144978047487558,0.0399));
#6043=CARTESIAN_POINT('',(-0.0466686159763414,0.00209493290330115,0.0399));
#6044=CARTESIAN_POINT('',(-0.0514971281545452,-0.00273357927490274,0.0399));
#6045=CARTESIAN_POINT('',(-0.0439228527865475,0.0144977204495028,0.0399));
#6046=CARTESIAN_POINT('',(-0.0514971281545452,0.00692344508150492,0.0399));
#6047=CARTESIAN_POINT('',(-0.056325640332749,0.00209493290330102,0.0399));
#6048=CARTESIAN_POINT('',(-0.0590714878217961,-0.0103079389421538,0.0399));
#6049=CARTESIAN_POINT('',(-0.0439228527865472,-0.0103078546429006,0.0399));
#6050=CARTESIAN_POINT('',(-0.0514972124537982,-0.0178822143101516,0.0399));
#6051=CARTESIAN_POINT('',(-0.056325724632002,-0.0227107264883555,0.0399));
#6052=CARTESIAN_POINT('',(-0.0466687002755943,-0.0227107264883555,0.0399));
#6053=CARTESIAN_POINT('',(-0.0514972124537981,-0.0275392386665593,0.0399));
#6054=CARTESIAN_POINT('',(-0.0613251324714965,0.0319000001344516,0.0399));
#6055=CARTESIAN_POINT('',(-0.0516681081150886,0.0319000001344516,0.0399));
#6056=CARTESIAN_POINT('',(-0.0513263167925084,0.0319000001344516,0.0399));
#6057=CARTESIAN_POINT('',(-0.0416692924361007,0.0319000001344516,0.0399));
#6058=CARTESIAN_POINT('',(-0.0619,0.0213263169269597,0.0399));
#6059=CARTESIAN_POINT('',(-0.0619,0.00766929257055196,0.0399));
#6060=CARTESIAN_POINT('',(-0.0410943406083435,0.00766920827129909,0.0399));
#6061=CARTESIAN_POINT('',(-0.0410943406083436,0.0213262326277067,0.0399));
#6062=CARTESIAN_POINT('',(-0.0619,-0.00347942676394998,0.0399));
#6063=CARTESIAN_POINT('',(-0.0619,-0.0171364511203577,0.0399));
#6064=CARTESIAN_POINT('',(-0.0459228527865472,-0.0331135983338102,0.0399));
#6065=CARTESIAN_POINT('',(-0.0410943406083435,-0.00347934246469671,0.0399));
#6066=CARTESIAN_POINT('',(-0.0570715721210489,-0.0331135983338103,0.0399));
#6067=CARTESIAN_POINT('',(-0.0619,-0.0282850018563533,0.0399));
#6068=CARTESIAN_POINT('',(-0.0410943406083433,-0.0171363668211044,0.0399));
#6069=CARTESIAN_POINT('',(3.64291929955129E-17,6.07153216591883E-17,0.0569));
#6070=CARTESIAN_POINT('',(-0.0217824116428507,-0.0254514546346843,0.0649));
#6071=CARTESIAN_POINT('',(-0.0220135786749238,-0.0252536122903804,0.0622332485494475));
#6072=CARTESIAN_POINT('',(-0.0222425990368035,-0.0250521511131571,0.0595665812977793));
#6073=CARTESIAN_POINT('',(-0.0224693800701793,-0.0248470714423617,0.0569));
#6074=CARTESIAN_POINT('',(-0.0224693800701793,-0.0248470714423617,0.0569));
#6075=CARTESIAN_POINT('',(3.64291929955129E-17,6.07153216591883E-17,0.0569));
#6076=CARTESIAN_POINT('',(-0.0256801609788096,-0.0215123065267865,0.0569));
#6077=CARTESIAN_POINT('',(-0.0256801609788096,-0.0215123065267865,0.0569));
#6078=CARTESIAN_POINT('',(-0.016671875,0.000100000000000065,0.0569));
#6079=CARTESIAN_POINT('',(3.64291929955129E-17,6.07153216591883E-17,0.0569));
#6080=CARTESIAN_POINT('',(0.0227286576261485,-0.0246101223587636,0.0569));
#6081=CARTESIAN_POINT('',(0.0270038984612716,-0.010412414109868,0.0569));
#6082=CARTESIAN_POINT('',(0.0264369527595432,-0.012767895141602,0.0569));
#6083=CARTESIAN_POINT('',(0.046,-0.00540333764061731,0.0569));
#6084=CARTESIAN_POINT('',(0.0319495455167955,0.0100735565353164,0.0569));
#6085=CARTESIAN_POINT('',(3.64291929955129E-17,6.07153216591883E-17,0.0569));
#6086=CARTESIAN_POINT('',(0.0295107684890379,0.0158544802244166,0.0569));
#6087=CARTESIAN_POINT('',(0.046,-0.00540333764061731,0.0569));
#6088=CARTESIAN_POINT('',(0.0197591396847763,0.000530196392484908,0.0569));
#6089=CARTESIAN_POINT('',(0.0533200338174218,0.0275316587121323,0.0569));
#6090=CARTESIAN_POINT('',(0.0117412394909174,0.016279261423721,0.0569));
#6091=CARTESIAN_POINT('',(0.046,-0.164314333351344,0.0569));
#6092=CARTESIAN_POINT('',(0.0278601530521129,0.0186027382907154,0.0569));
#6093=CARTESIAN_POINT('',(3.64291929955129E-17,6.07153216591883E-17,0.0569));
#6094=CARTESIAN_POINT('',(0.023237520455176,0.0241302226076612,0.0569));
#6095=CARTESIAN_POINT('',(0.046,-0.164314333351345,0.0569));
#6096=CARTESIAN_POINT('',(0.0115988048896128,0.0223566041847177,0.0569));
#6097=CARTESIAN_POINT('',(0.0115988048896094,0.0223566041847396,0.0569));
#6098=CARTESIAN_POINT('',(0.00874056248845183,0.0235079899669865,0.0569));
#6099=CARTESIAN_POINT('',(0.00588178211904311,0.02465804016323,0.0569));
#6100=CARTESIAN_POINT('',(0.00302246581534826,0.0258067564548448,0.0569));
#6101=CARTESIAN_POINT('',(-0.0310461647654265,0.0260074153532793,0.0569));
#6102=CARTESIAN_POINT('',(-0.0327780122739952,0.019225033455519,0.0569));
#6103=CARTESIAN_POINT('',(2.42861286636753E-17,5.89805981832114E-17,0.0569));
#6104=CARTESIAN_POINT('',(-0.0327780122739951,-0.0192250334555189,0.0569));
#6105=CARTESIAN_POINT('',(-0.0310461647654265,-0.0260074153532792,0.0569));
#6106=CARTESIAN_POINT('',(-0.0224693800701793,-0.0248470714423617,0.0569));
#6107=CARTESIAN_POINT('',(-0.0214804702228763,-0.0257413495171738,0.0569));
#6108=CARTESIAN_POINT('',(-0.0200429770143123,-0.0280566768244251,0.0569));
#6109=CARTESIAN_POINT('',(-0.0200353127050901,-0.0308020808237296,0.0569));
#6110=CARTESIAN_POINT('',(-0.0204119612576698,-0.0320813559479489,0.0569));
#6111=CARTESIAN_POINT('',(0.020747200767355,-0.0318655805244887,0.0569));
#6112=CARTESIAN_POINT('',(0.020357235914644,-0.0305905723631003,0.0569));
#6113=CARTESIAN_POINT('',(0.0203307150977918,-0.0278638558830598,0.0569));
#6114=CARTESIAN_POINT('',(0.0217493828807154,-0.0255145307191292,0.0569));
#6115=CARTESIAN_POINT('',(0.0227286576261485,-0.0246101223587636,0.0569));
#6116=CARTESIAN_POINT('',(3.64291929955129E-17,6.07153216591883E-17,0.0569));
#6117=CARTESIAN_POINT('',(0.0227286576261485,-0.0246101223587636,0.0569));
#6118=CARTESIAN_POINT('',(0.0225040392443416,-0.0248175684747238,0.0595665812977793));
#6119=CARTESIAN_POINT('',(0.0222771437185145,-0.0250214197745564,0.0622332485494475));
#6120=CARTESIAN_POINT('',(0.0220480636983272,-0.0252216749474436,0.0649));
#6121=CARTESIAN_POINT('',(2.42861286636753E-17,5.89805981832114E-17,0.0569));
#6122=CARTESIAN_POINT('',(-0.0327780122739951,-0.019225033455519,0.0609));
#6123=CARTESIAN_POINT('',(-0.0327780122739951,0.0192250334555192,0.0609));
#6124=CARTESIAN_POINT('',(0.0219688220478108,-0.0252907267161626,0.0658214555477843));
#6125=CARTESIAN_POINT('',(0.0186170290557739,-0.0282022659775512,0.0652093776531402));
#6126=CARTESIAN_POINT('',(0.0198835413384956,-0.0324937159055925,0.0649532124056598));
#6127=CARTESIAN_POINT('',(0.0222263790253361,-0.0250669995188414,0.0628297349869912));
#6128=CARTESIAN_POINT('',(0.0189180244115884,-0.028000623374362,0.0622227861474298));
#6129=CARTESIAN_POINT('',(0.0202070840398744,-0.032265583148383,0.0619614918448677));
#6130=CARTESIAN_POINT('',(0.0224811981609889,-0.0248387476125752,0.059838140308193));
#6131=CARTESIAN_POINT('',(0.0192170456494795,-0.0277932817606206,0.0592327635049516));
#6132=CARTESIAN_POINT('',(0.0205276534851381,-0.0320316350779172,0.0589698971660667));
#6133=CARTESIAN_POINT('',(0.0227331390922536,-0.0246059827483531,0.0568467942159649));
#6134=CARTESIAN_POINT('',(0.0195138974710068,-0.0275801971211675,0.0562392134159228));
#6135=CARTESIAN_POINT('',(0.0208450781667034,-0.031791923047534,0.0559785510738405));
#6136=CARTESIAN_POINT('',(-0.0224739047107221,-0.0248429790293632,0.0568467939991208));
#6137=CARTESIAN_POINT('',(-0.019223656473144,-0.0277832773362283,0.0562392131991878));
#6138=CARTESIAN_POINT('',(-0.0205106055724559,-0.0320087287117413,0.0559785508569963));
#6139=CARTESIAN_POINT('',(-0.0222195361351581,-0.0250730905277414,0.059838152282724));
#6140=CARTESIAN_POINT('',(-0.0189245856322258,-0.0279932387360439,0.059232775503715));
#6141=CARTESIAN_POINT('',(-0.0201906837402599,-0.0322451004464569,0.0589699091405996));
#6142=CARTESIAN_POINT('',(-0.0219623354214108,-0.0252986602241222,0.0628297748515469));
#6143=CARTESIAN_POINT('',(-0.0186234040927136,-0.028197435621843,0.0622228258935205));
#6144=CARTESIAN_POINT('',(-0.0198676759911861,-0.0324756766498012,0.061961531709423));
#6145=CARTESIAN_POINT('',(-0.021702450427145,-0.025519671734905,0.0658214548319281));
#6146=CARTESIAN_POINT('',(-0.0183203152376868,-0.0283959086257865,0.0652093769376408));
#6147=CARTESIAN_POINT('',(-0.0195417636049421,-0.0327004015916124,0.0649532116898036));
#6148=CARTESIAN_POINT('',(-0.0310461647654265,-0.0260074153532792,0.0569));
#6149=CARTESIAN_POINT('',(-0.0310461647654265,0.0260074153532793,0.0569));
#6150=CARTESIAN_POINT('',(0.039,0.0323754778045315,0.049248));
#6151=CARTESIAN_POINT('',(0.046,0.0323754778045315,0.0649));
#6152=CARTESIAN_POINT('',(0.0392489656071569,0.0253799066251029,0.049248));
#6153=CARTESIAN_POINT('',(0.0464,0.0225,0.049248));
#6154=CARTESIAN_POINT('',(0.0534,0.0225,0.049248));
#6155=CARTESIAN_POINT('',(0.0464,0.0155,0.049248));
#6156=CARTESIAN_POINT('',(0.046,-0.00540333764061731,0.049248));
#6157=CARTESIAN_POINT('',(0.0295107684890379,0.0158544802244166,0.0569));
#6158=CARTESIAN_POINT('',(0.0308434778753965,0.0168882341942747,0.0595612016733625));
#6159=CARTESIAN_POINT('',(0.0322529306495743,0.0177828147933093,0.0622286240675273));
#6160=CARTESIAN_POINT('',(0.0337397345407905,0.0185440101681646,0.0649));
#6161=CARTESIAN_POINT('',(0.0350572136241036,0.0191739893608399,0.049248));
#6162=CARTESIAN_POINT('',(0.0197591396847763,0.000530196392484909,0.049248));
#6163=CARTESIAN_POINT('',(0.0534,0.0205,0.049248));
#6164=CARTESIAN_POINT('',(0.0534,0.0375,0.049248));
#6165=CARTESIAN_POINT('',(0.0534,0.0375,0.0575635083268963));
#6166=CARTESIAN_POINT('',(0.0534,0.034,0.0595));
#6167=CARTESIAN_POINT('',(0.0534,0.0375,0.0614364916731037));
#6168=CARTESIAN_POINT('',(0.0534,0.0375,0.049248));
#6169=CARTESIAN_POINT('',(0.0497,0.0155,0.049248));
#6170=CARTESIAN_POINT('',(0.046,0.0155,0.049248));
#6171=CARTESIAN_POINT('',(0.046,-0.164314333351344,0.049248));
#6172=CARTESIAN_POINT('',(0.0334448455797893,0.0190707185009913,0.0649));
#6173=CARTESIAN_POINT('',(0.0315926419811408,0.018943910443498,0.0622250915695692));
#6174=CARTESIAN_POINT('',(0.0297329800915191,0.0187884661484255,0.0595570648209322));
#6175=CARTESIAN_POINT('',(0.0278601530521129,0.0186027382907154,0.0569));
#6176=CARTESIAN_POINT('',(0.0117412394909177,0.0162792614237211,0.049248));
#6177=CARTESIAN_POINT('',(0.0533200338174218,0.0275316587121323,0.049248));
#6178=CARTESIAN_POINT('',(0.046,-0.00540333764061731,0.049248));
#6179=CARTESIAN_POINT('',(0.0264369527595432,-0.012767895141602,0.049248));
#6180=CARTESIAN_POINT('',(0.0362143273172527,0.0130679951392279,0.0649));
#6181=CARTESIAN_POINT('',(0.0347095947228807,0.0122708236075855,0.0622024285756608));
#6182=CARTESIAN_POINT('',(0.0332889726482626,0.0112895343491023,0.0595289341782019));
#6183=CARTESIAN_POINT('',(0.0319495455167955,0.0100735565353164,0.0569));
#6184=CARTESIAN_POINT('',(0.046,-0.164314333351345,0.049248));
#6185=CARTESIAN_POINT('',(0.0106667748073333,0.0221824342965148,0.0492499999999753));
#6186=CARTESIAN_POINT('',(0.0109773058524839,0.0222412667550395,0.0517999999999779));
#6187=CARTESIAN_POINT('',(0.0112879838385922,0.0222993236258812,0.0543499999999805));
#6188=CARTESIAN_POINT('',(0.0115988048896132,0.0223566041847177,0.0568999999999831));
#6189=CARTESIAN_POINT('',(0.023237520455176,0.0241302226076613,0.0569));
#6190=CARTESIAN_POINT('',(0.0253483927856642,0.0243851978071301,0.0595366112134019));
#6191=CARTESIAN_POINT('',(0.0274187655208149,0.0245995200785041,0.0622080507825195));
#6192=CARTESIAN_POINT('',(0.0294664692223997,0.0247785631456988,0.0649));
#6193=CARTESIAN_POINT('',(0.0497,0.0375,0.049248));
#6194=CARTESIAN_POINT('',(-0.004,0.0375,0.05425));
#6195=CARTESIAN_POINT('',(-0.004,0.0375,0.0625));
#6196=CARTESIAN_POINT('',(0.0534,0.0375,0.0614364916731037));
#6197=CARTESIAN_POINT('',(0.0534,0.0375,0.0607883698656265));
#6198=CARTESIAN_POINT('',(0.0536679490005324,0.0375,0.0595016885328303));
#6199=CARTESIAN_POINT('',(0.0534,0.0375,0.0582125673699875));
#6200=CARTESIAN_POINT('',(0.0534,0.0375,0.0575635083268963));
#6201=CARTESIAN_POINT('',(0.0284,0.034,0.0595));
#6202=CARTESIAN_POINT('',(0.0554,0.034,0.0595));
#6203=CARTESIAN_POINT('',(0.0554,0.034,0.05815));
#6204=CARTESIAN_POINT('',(0.0554,0.02975,0.057075));
#6205=CARTESIAN_POINT('',(0.0554,0.034,0.0595));
#6206=CARTESIAN_POINT('',(0.0554,0.034,0.0575));
#6207=CARTESIAN_POINT('',(0.0544,0.034,0.0595));
#6208=CARTESIAN_POINT('',(0.0544,0.034,0.0595));
#6209=CARTESIAN_POINT('',(0.0544,0.034,0.0565));
#6210=CARTESIAN_POINT('',(0.0544,0.034,0.0595));
#6211=CARTESIAN_POINT('',(0.00309876327732932,0.0258545263408901,0.0579286174020244));
#6212=CARTESIAN_POINT('',(0.0027375685959394,0.025778059423037,0.0550209328912699));
#6213=CARTESIAN_POINT('',(0.00237652969546677,0.0257006155874092,0.052113252644565));
#6214=CARTESIAN_POINT('',(0.00201565095501138,0.0256221903017064,0.0492055831577983));
#6215=CARTESIAN_POINT('',(0.00316233318547076,0.0258283942287258,0.0579213168016286));
#6216=CARTESIAN_POINT('',(0.00280118945552915,0.0257520108013196,0.0550136322908741));
#6217=CARTESIAN_POINT('',(0.00244020136315278,0.0256746501475528,0.0521059520441692));
#6218=CARTESIAN_POINT('',(0.00207937329040338,0.0255963077690854,0.0491982825574024));
#6219=CARTESIAN_POINT('',(0.0034022648644265,0.0257297638904169,0.0578937621714338));
#6220=CARTESIAN_POINT('',(0.00304131344035564,0.025653695580709,0.0549860776606793));
#6221=CARTESIAN_POINT('',(0.00268051711279687,0.0255766488799449,0.0520783974139744));
#6222=CARTESIAN_POINT('',(0.00231988027499056,0.0254986194179624,0.0491707279272076));
#6223=CARTESIAN_POINT('',(0.0116051080202915,0.0223577656654257,0.0569517177082381));
#6224=CARTESIAN_POINT('',(0.011250731196551,0.0222924706769642,0.0540440331974836));
#6225=CARTESIAN_POINT('',(0.0108964909716647,0.0222261574785501,0.0511363529507788));
#6226=CARTESIAN_POINT('',(0.010542392121051,0.0221588260821889,0.048228683464012));
#6227=CARTESIAN_POINT('',(0.0238470805968077,-0.0235279992139017,0.049248));
#6228=CARTESIAN_POINT('',(3.64291929955129E-17,6.07153216591883E-17,0.0569));
#6229=CARTESIAN_POINT('',(3.64291929955129E-17,6.07153216591883E-17,0.0569));
#6230=CARTESIAN_POINT('',(-0.014726093897633,0.00418894969806474,0.0535));
#6231=CARTESIAN_POINT('',(-0.01660448728019,0.0180681896914029,0.0535));
#6232=CARTESIAN_POINT('',(-0.0419511258504483,0.0146378175540747,0.0485386106164318));
#6233=CARTESIAN_POINT('',(-0.0259911290585397,-0.00534962956190609,0.0535));
#6234=CARTESIAN_POINT('',(0.000200000000000033,-0.03815,0.0535));
#6235=CARTESIAN_POINT('',(-0.004,0.03575,0.0625));
#6236=CARTESIAN_POINT('',(0.046002,0.0332603367391252,0.0625));
#6237=CARTESIAN_POINT('',(-0.004,0.0349377389022658,0.05425));
#6238=CARTESIAN_POINT('',(-0.004,0.0323754778045315,0.05425));
#6239=CARTESIAN_POINT('',(-0.004,0.0323754778045315,0.0649));
#6240=CARTESIAN_POINT('',(0.046002,0.0332603367391252,0.0569));
#6241=CARTESIAN_POINT('',(0.051,0.034,0.0595));
#6242=CARTESIAN_POINT('',(0.051,0.03535,0.0574854571675381));
#6243=CARTESIAN_POINT('',(0.0512,0.03535,0.06085));
#6244=CARTESIAN_POINT('',(0.0512,0.03535,0.06085));
#6245=CARTESIAN_POINT('',(0.0512,0.03535,0.0615145428324619));
#6246=CARTESIAN_POINT('',(0.051,0.03535,0.0574854571675381));
#6247=CARTESIAN_POINT('',(0.0512,0.03535,0.0574854571675381));
#6248=CARTESIAN_POINT('',(0.0512,0.03535,0.05815));
#6249=CARTESIAN_POINT('',(0.0512,0.03535,0.05815));
#6250=CARTESIAN_POINT('',(0.051,0.034,0.0595));
#6251=CARTESIAN_POINT('',(0.0512,0.033325,0.05815));
#6252=CARTESIAN_POINT('',(0.0512,0.033325,0.05815));
#6253=CARTESIAN_POINT('',(0.0512,0.034,0.0595));
#6254=CARTESIAN_POINT('',(0.0512,0.034675,0.06085));
#6255=CARTESIAN_POINT('',(0.0512,0.034675,0.06085));
#6256=CARTESIAN_POINT('',(0.0512,0.034,0.0595));
#6257=MECHANICAL_DESIGN_GEOMETRIC_PRESENTATION_REPRESENTATION('',(#3606),
#6258);
#6258=(
GEOMETRIC_REPRESENTATION_CONTEXT(3)
GLOBAL_UNCERTAINTY_ASSIGNED_CONTEXT((#6259))
GLOBAL_UNIT_ASSIGNED_CONTEXT((#6262,#6261,#6260))
REPRESENTATION_CONTEXT('Lidar Mount','TOP_LEVEL_ASSEMBLY_PART')
);
#6259=UNCERTAINTY_MEASURE_WITH_UNIT(LENGTH_MEASURE(2.E-5),#6262,
'DISTANCE_ACCURACY_VALUE','Maximum Tolerance applied to model');
#6260=(
NAMED_UNIT(*)
SI_UNIT($,.STERADIAN.)
SOLID_ANGLE_UNIT()
);
#6261=(
NAMED_UNIT(*)
PLANE_ANGLE_UNIT()
SI_UNIT($,.RADIAN.)
);
#6262=(
LENGTH_UNIT()
NAMED_UNIT(*)
SI_UNIT($,.METRE.)
);
#6263=PRODUCT_DEFINITION_SHAPE('','',#6264);
#6264=PRODUCT_DEFINITION('','',#6266,#6265);
#6265=PRODUCT_DEFINITION_CONTEXT('',#6272,'design');
#6266=PRODUCT_DEFINITION_FORMATION_WITH_SPECIFIED_SOURCE('','',#6268,
 .NOT_KNOWN.);
#6267=PRODUCT_RELATED_PRODUCT_CATEGORY('','',(#6268));
#6268=PRODUCT('Lidar Mount','Lidar Mount','Lidar Mount',(#6270));
#6269=PRODUCT_CATEGORY('','');
#6270=PRODUCT_CONTEXT('',#6272,'mechanical');
#6271=APPLICATION_PROTOCOL_DEFINITION('international standard',
'automotive_design',2010,#6272);
#6272=APPLICATION_CONTEXT(
'core data for automotive mechanical design processes');
ENDSEC;
END-ISO-10303-21;
