ISO-10303-21;
HEADER;
/* Generated by software containing ST-Developer
 * from STEP Tools, Inc. (www.steptools.com) 
 */
/* OPTION: using custom renumber hook */

FILE_DESCRIPTION(
/* description */ ('STEP AP214',
'CAx-IF Rec.Pracs.---User Defined Attributes---1.5---2016-08-15'),
/* implementation_level */ '2;1');

FILE_NAME(
/* name */ '6a7bfaa9e5d6ddc0b13a386c',
/* time_stamp */ '2026-08-12T04:46:34Z',
/* author */ (''),
/* organization */ (''),
/* preprocessor_version */ 'ST-DEVELOPER v20',
/* originating_system */ 'ONSHAPE BY PTC INC, 1.219',
/* authorisation */ '  ');

FILE_SCHEMA (('AUTOMOTIVE_DESIGN {1 0 10303 214 3 1 1}'));
ENDSEC;

DATA;
#10=PROPERTY_DEFINITION_REPRESENTATION(#14,#12);
#11=PROPERTY_DEFINITION_REPRESENTATION(#15,#13);
#12=REPRESENTATION('',(#16),#3437);
#13=REPRESENTATION('',(#17),#3437);
#14=PROPERTY_DEFINITION('pmi validation property','',#3447);
#15=PROPERTY_DEFINITION('pmi validation property','',#3447);
#16=VALUE_REPRESENTATION_ITEM('number of annotations',COUNT_MEASURE(0.));
#17=VALUE_REPRESENTATION_ITEM('number of views',COUNT_MEASURE(0.));
#18=SHAPE_REPRESENTATION_RELATIONSHIP('','',#1429,#20);
#19=SHAPE_REPRESENTATION_RELATIONSHIP('','',#1430,#21);
#20=ADVANCED_BREP_SHAPE_REPRESENTATION('',(#1425),#3436);
#21=ADVANCED_BREP_SHAPE_REPRESENTATION('',(#1426),#3437);
#22=TOROIDAL_SURFACE('',#1458,0.010825,0.0013);
#23=TOROIDAL_SURFACE('',#1527,0.010825,0.0013);
#24=CYLINDRICAL_SURFACE('',#1436,0.00995);
#25=CYLINDRICAL_SURFACE('',#1447,0.00995);
#26=CYLINDRICAL_SURFACE('',#1454,0.007);
#27=CYLINDRICAL_SURFACE('',#1455,0.007);
#28=CYLINDRICAL_SURFACE('',#1461,0.0021);
#29=CYLINDRICAL_SURFACE('',#1465,0.0021);
#30=CYLINDRICAL_SURFACE('',#1471,0.0019);
#31=CYLINDRICAL_SURFACE('',#1474,0.0019);
#32=CYLINDRICAL_SURFACE('',#1484,0.0015);
#33=CYLINDRICAL_SURFACE('',#1486,0.0015);
#34=CYLINDRICAL_SURFACE('',#1488,0.0015);
#35=CYLINDRICAL_SURFACE('',#1492,0.003);
#36=CYLINDRICAL_SURFACE('',#1495,0.003);
#37=CYLINDRICAL_SURFACE('',#1505,0.00995);
#38=CYLINDRICAL_SURFACE('',#1516,0.00995);
#39=CYLINDRICAL_SURFACE('',#1523,0.007);
#40=CYLINDRICAL_SURFACE('',#1524,0.007);
#41=CYLINDRICAL_SURFACE('',#1530,0.0021);
#42=CYLINDRICAL_SURFACE('',#1534,0.0021);
#43=CYLINDRICAL_SURFACE('',#1540,0.0019);
#44=CYLINDRICAL_SURFACE('',#1543,0.0019);
#45=CYLINDRICAL_SURFACE('',#1554,0.0015);
#46=CYLINDRICAL_SURFACE('',#1556,0.0015);
#47=CYLINDRICAL_SURFACE('',#1557,0.0015);
#48=CYLINDRICAL_SURFACE('',#1560,0.003);
#49=B_SPLINE_SURFACE_WITH_KNOTS('',3,3,((#1986,#1987,#1988,#1989),(#1990,
#1991,#1992,#1993),(#1994,#1995,#1996,#1997),(#1998,#1999,#2000,#2001),
(#2002,#2003,#2004,#2005),(#2006,#2007,#2008,#2009),(#2010,#2011,#2012,
#2013),(#2014,#2015,#2016,#2017),(#2018,#2019,#2020,#2021),(#2022,#2023,
#2024,#2025),(#2026,#2027,#2028,#2029),(#2030,#2031,#2032,#2033),(#2034,
#2035,#2036,#2037),(#2038,#2039,#2040,#2041),(#2042,#2043,#2044,#2045),
(#2046,#2047,#2048,#2049),(#2050,#2051,#2052,#2053),(#2054,#2055,#2056,
#2057),(#2058,#2059,#2060,#2061),(#2062,#2063,#2064,#2065),(#2066,#2067,
#2068,#2069),(#2070,#2071,#2072,#2073),(#2074,#2075,#2076,#2077),(#2078,
#2079,#2080,#2081),(#2082,#2083,#2084,#2085),(#2086,#2087,#2088,#2089),
(#2090,#2091,#2092,#2093),(#2094,#2095,#2096,#2097),(#2098,#2099,#2100,
#2101),(#2102,#2103,#2104,#2105),(#2106,#2107,#2108,#2109),(#2110,#2111,
#2112,#2113)),.UNSPECIFIED.,.F.,.F.,.F.,(4,2,2,2,2,1,2,2,2,2,2,1,2,2,2,
2,4),(4,4),(0.,0.0625,0.125,0.1875,0.25,0.333333333333334,0.375,0.4375,
0.5,0.5625,0.625,0.666666666666667,0.75,0.8125,0.875,0.9375,1.),(0.,1.),
 .UNSPECIFIED.);
#50=B_SPLINE_SURFACE_WITH_KNOTS('',3,3,((#2306,#2307,#2308,#2309),(#2310,
#2311,#2312,#2313),(#2314,#2315,#2316,#2317),(#2318,#2319,#2320,#2321),
(#2322,#2323,#2324,#2325),(#2326,#2327,#2328,#2329),(#2330,#2331,#2332,
#2333),(#2334,#2335,#2336,#2337),(#2338,#2339,#2340,#2341),(#2342,#2343,
#2344,#2345),(#2346,#2347,#2348,#2349),(#2350,#2351,#2352,#2353),(#2354,
#2355,#2356,#2357),(#2358,#2359,#2360,#2361),(#2362,#2363,#2364,#2365),
(#2366,#2367,#2368,#2369),(#2370,#2371,#2372,#2373),(#2374,#2375,#2376,
#2377),(#2378,#2379,#2380,#2381),(#2382,#2383,#2384,#2385),(#2386,#2387,
#2388,#2389),(#2390,#2391,#2392,#2393),(#2394,#2395,#2396,#2397),(#2398,
#2399,#2400,#2401),(#2402,#2403,#2404,#2405),(#2406,#2407,#2408,#2409),
(#2410,#2411,#2412,#2413),(#2414,#2415,#2416,#2417),(#2418,#2419,#2420,
#2421),(#2422,#2423,#2424,#2425),(#2426,#2427,#2428,#2429),(#2430,#2431,
#2432,#2433),(#2434,#2435,#2436,#2437),(#2438,#2439,#2440,#2441),(#2442,
#2443,#2444,#2445),(#2446,#2447,#2448,#2449),(#2450,#2451,#2452,#2453),
(#2454,#2455,#2456,#2457),(#2458,#2459,#2460,#2461),(#2462,#2463,#2464,
#2465),(#2466,#2467,#2468,#2469),(#2470,#2471,#2472,#2473),(#2474,#2475,
#2476,#2477)),.UNSPECIFIED.,.F.,.F.,.F.,(4,2,2,2,2,2,1,2,2,2,2,2,1,2,2,
2,2,2,2,2,3,4),(4,4),(0.,0.0625,0.125,0.1875,0.25,0.3125,0.333333333333334,
0.375,0.4375,0.5,0.5625,0.625,0.666666666666667,0.6875,0.75,0.8125,0.875,
0.90625,0.9375,0.96875,1.,1.17988588580598),(0.,1.),.UNSPECIFIED.);
#51=B_SPLINE_SURFACE_WITH_KNOTS('',3,3,((#2488,#2489,#2490,#2491),(#2492,
#2493,#2494,#2495),(#2496,#2497,#2498,#2499),(#2500,#2501,#2502,#2503),
(#2504,#2505,#2506,#2507),(#2508,#2509,#2510,#2511),(#2512,#2513,#2514,
#2515),(#2516,#2517,#2518,#2519),(#2520,#2521,#2522,#2523),(#2524,#2525,
#2526,#2527),(#2528,#2529,#2530,#2531),(#2532,#2533,#2534,#2535),(#2536,
#2537,#2538,#2539),(#2540,#2541,#2542,#2543),(#2544,#2545,#2546,#2547),
(#2548,#2549,#2550,#2551),(#2552,#2553,#2554,#2555),(#2556,#2557,#2558,
#2559),(#2560,#2561,#2562,#2563),(#2564,#2565,#2566,#2567),(#2568,#2569,
#2570,#2571),(#2572,#2573,#2574,#2575),(#2576,#2577,#2578,#2579),(#2580,
#2581,#2582,#2583),(#2584,#2585,#2586,#2587),(#2588,#2589,#2590,#2591),
(#2592,#2593,#2594,#2595),(#2596,#2597,#2598,#2599),(#2600,#2601,#2602,
#2603),(#2604,#2605,#2606,#2607),(#2608,#2609,#2610,#2611),(#2612,#2613,
#2614,#2615),(#2616,#2617,#2618,#2619),(#2620,#2621,#2622,#2623),(#2624,
#2625,#2626,#2627),(#2628,#2629,#2630,#2631),(#2632,#2633,#2634,#2635),
(#2636,#2637,#2638,#2639),(#2640,#2641,#2642,#2643),(#2644,#2645,#2646,
#2647),(#2648,#2649,#2650,#2651),(#2652,#2653,#2654,#2655),(#2656,#2657,
#2658,#2659)),.UNSPECIFIED.,.F.,.F.,.F.,(4,3,2,2,2,2,2,2,2,1,2,2,2,2,2,
1,2,2,2,2,2,4),(4,4),(-0.179885885805977,0.,0.03125,0.0625,0.09375,0.125,
0.1875,0.25,0.3125,0.333333333333334,0.375,0.4375,0.5,0.5625,0.625,0.666666666666667,
0.6875,0.75,0.8125,0.875,0.9375,1.),(0.,1.),.UNSPECIFIED.);
#52=B_SPLINE_SURFACE_WITH_KNOTS('',3,3,((#2879,#2880,#2881,#2882),(#2883,
#2884,#2885,#2886),(#2887,#2888,#2889,#2890),(#2891,#2892,#2893,#2894),
(#2895,#2896,#2897,#2898),(#2899,#2900,#2901,#2902),(#2903,#2904,#2905,
#2906),(#2907,#2908,#2909,#2910),(#2911,#2912,#2913,#2914),(#2915,#2916,
#2917,#2918),(#2919,#2920,#2921,#2922),(#2923,#2924,#2925,#2926),(#2927,
#2928,#2929,#2930),(#2931,#2932,#2933,#2934),(#2935,#2936,#2937,#2938),
(#2939,#2940,#2941,#2942),(#2943,#2944,#2945,#2946),(#2947,#2948,#2949,
#2950),(#2951,#2952,#2953,#2954),(#2955,#2956,#2957,#2958),(#2959,#2960,
#2961,#2962),(#2963,#2964,#2965,#2966),(#2967,#2968,#2969,#2970),(#2971,
#2972,#2973,#2974),(#2975,#2976,#2977,#2978),(#2979,#2980,#2981,#2982),
(#2983,#2984,#2985,#2986),(#2987,#2988,#2989,#2990),(#2991,#2992,#2993,
#2994),(#2995,#2996,#2997,#2998),(#2999,#3000,#3001,#3002),(#3003,#3004,
#3005,#3006),(#3007,#3008,#3009,#3010),(#3011,#3012,#3013,#3014),(#3015,
#3016,#3017,#3018),(#3019,#3020,#3021,#3022),(#3023,#3024,#3025,#3026),
(#3027,#3028,#3029,#3030),(#3031,#3032,#3033,#3034),(#3035,#3036,#3037,
#3038),(#3039,#3040,#3041,#3042),(#3043,#3044,#3045,#3046),(#3047,#3048,
#3049,#3050),(#3051,#3052,#3053,#3054),(#3055,#3056,#3057,#3058)),
 .UNSPECIFIED.,.F.,.F.,.F.,(4,2,2,2,2,2,1,2,2,2,2,2,1,2,2,2,2,2,2,2,2,3,
4),(4,4),(0.,0.0625,0.125,0.1875,0.25,0.3125,0.333333333333334,0.375,0.4375,
0.5,0.5625,0.625,0.666666666666667,0.6875,0.75,0.8125,0.84375,0.875,0.90625,
0.9375,0.96875,1.,1.35977177161196),(0.,1.),.UNSPECIFIED.);
#53=B_SPLINE_SURFACE_WITH_KNOTS('',3,3,((#3075,#3076,#3077,#3078),(#3079,
#3080,#3081,#3082),(#3083,#3084,#3085,#3086),(#3087,#3088,#3089,#3090),
(#3091,#3092,#3093,#3094),(#3095,#3096,#3097,#3098),(#3099,#3100,#3101,
#3102),(#3103,#3104,#3105,#3106),(#3107,#3108,#3109,#3110),(#3111,#3112,
#3113,#3114),(#3115,#3116,#3117,#3118),(#3119,#3120,#3121,#3122),(#3123,
#3124,#3125,#3126),(#3127,#3128,#3129,#3130),(#3131,#3132,#3133,#3134),
(#3135,#3136,#3137,#3138),(#3139,#3140,#3141,#3142),(#3143,#3144,#3145,
#3146),(#3147,#3148,#3149,#3150),(#3151,#3152,#3153,#3154),(#3155,#3156,
#3157,#3158),(#3159,#3160,#3161,#3162),(#3163,#3164,#3165,#3166),(#3167,
#3168,#3169,#3170),(#3171,#3172,#3173,#3174),(#3175,#3176,#3177,#3178),
(#3179,#3180,#3181,#3182),(#3183,#3184,#3185,#3186),(#3187,#3188,#3189,
#3190),(#3191,#3192,#3193,#3194),(#3195,#3196,#3197,#3198),(#3199,#3200,
#3201,#3202)),.UNSPECIFIED.,.F.,.F.,.F.,(4,2,2,2,2,1,2,2,2,2,2,1,2,2,2,
2,4),(4,4),(0.,0.0625,0.125,0.1875,0.25,0.333333333333334,0.375,0.4375,
0.5,0.5625,0.625,0.666666666666667,0.75,0.8125,0.875,0.9375,1.),(0.,1.),
 .UNSPECIFIED.);
#54=B_SPLINE_SURFACE_WITH_KNOTS('',3,3,((#3229,#3230,#3231,#3232),(#3233,
#3234,#3235,#3236),(#3237,#3238,#3239,#3240),(#3241,#3242,#3243,#3244),
(#3245,#3246,#3247,#3248),(#3249,#3250,#3251,#3252),(#3253,#3254,#3255,
#3256),(#3257,#3258,#3259,#3260),(#3261,#3262,#3263,#3264),(#3265,#3266,
#3267,#3268),(#3269,#3270,#3271,#3272),(#3273,#3274,#3275,#3276),(#3277,
#3278,#3279,#3280),(#3281,#3282,#3283,#3284),(#3285,#3286,#3287,#3288),
(#3289,#3290,#3291,#3292),(#3293,#3294,#3295,#3296),(#3297,#3298,#3299,
#3300),(#3301,#3302,#3303,#3304),(#3305,#3306,#3307,#3308),(#3309,#3310,
#3311,#3312),(#3313,#3314,#3315,#3316),(#3317,#3318,#3319,#3320),(#3321,
#3322,#3323,#3324),(#3325,#3326,#3327,#3328),(#3329,#3330,#3331,#3332),
(#3333,#3334,#3335,#3336),(#3337,#3338,#3339,#3340),(#3341,#3342,#3343,
#3344),(#3345,#3346,#3347,#3348),(#3349,#3350,#3351,#3352),(#3353,#3354,
#3355,#3356),(#3357,#3358,#3359,#3360),(#3361,#3362,#3363,#3364),(#3365,
#3366,#3367,#3368),(#3369,#3370,#3371,#3372),(#3373,#3374,#3375,#3376),
(#3377,#3378,#3379,#3380),(#3381,#3382,#3383,#3384),(#3385,#3386,#3387,
#3388),(#3389,#3390,#3391,#3392),(#3393,#3394,#3395,#3396),(#3397,#3398,
#3399,#3400),(#3401,#3402,#3403,#3404),(#3405,#3406,#3407,#3408)),
 .UNSPECIFIED.,.F.,.F.,.F.,(4,3,2,2,2,2,2,2,2,2,1,2,2,2,2,2,1,2,2,2,2,2,
4),(4,4),(-0.359771771611936,0.,0.03125,0.0625,0.09375,0.125,0.15625,0.1875,
0.25,0.3125,0.333333333333334,0.375,0.4375,0.5,0.5625,0.625,0.666666666666667,
0.6875,0.75,0.8125,0.875,0.9375,1.),(0.,1.),.UNSPECIFIED.);
#55=B_SPLINE_CURVE_WITH_KNOTS('',3,(#1966,#1967,#1968,#1969),
 .UNSPECIFIED.,.F.,.F.,(4,4),(0.,1.),.UNSPECIFIED.);
#56=B_SPLINE_CURVE_WITH_KNOTS('',3,(#2114,#2115,#2116,#2117,#2118,#2119,
#2120,#2121,#2122,#2123,#2124,#2125,#2126,#2127,#2128,#2129,#2130,#2131,
#2132),.UNSPECIFIED.,.T.,.F.,(1,1,1,1,1,1,1,1,1,1,1,1,1,1,1,1,1,1,1,1,1,
1,1),(-0.0041985474686991,-0.0027990316457994,-0.0013995158228997,0.,0.0013995158228997,
0.0027990316457994,0.0041985474686991,0.00559806329159879,0.00699757911449849,
0.00839709493739819,0.00979661076029789,0.0111961265831976,0.0125956424060973,
0.013995158228997,0.0153946740518967,0.0167941898747964,0.0181937056976961,
0.0195932215205958,0.0209927373434955,0.0223922531663952,0.0237917689892949,
0.0251912848121946,0.0265908006350943),.UNSPECIFIED.);
#57=B_SPLINE_CURVE_WITH_KNOTS('',3,(#2134,#2135,#2136,#2137),
 .UNSPECIFIED.,.F.,.F.,(4,4),(0.,1.),.PIECEWISE_BEZIER_KNOTS.);
#58=B_SPLINE_CURVE_WITH_KNOTS('',3,(#2139,#2140,#2141,#2142),
 .UNSPECIFIED.,.F.,.F.,(4,4),(0.,1.),.PIECEWISE_BEZIER_KNOTS.);
#59=B_SPLINE_CURVE_WITH_KNOTS('',3,(#2145,#2146,#2147,#2148,#2149,#2150,
#2151,#2152,#2153,#2154,#2155,#2156,#2157,#2158,#2159,#2160,#2161),
 .UNSPECIFIED.,.T.,.F.,(1,1,1,1,1,1,1,1,1,1,1,1,1,1,1,1,1,1,1,1,1),(-0.00513446775144706,
-0.0038508508135853,-0.00256723387572353,0.,0.00128361693786177,0.00256723387572353,
0.0038508508135853,0.00513446775144706,0.00641808468930883,0.0077017016271706,
0.00898531856503236,0.0102689355028941,0.0128361693786177,0.0141197863164794,
0.0154034032543412,0.016687020192203,0.0179706371300647,0.0205378710057883,
0.02182148794365,0.0231051048815118,0.0243887218193736),.UNSPECIFIED.);
#60=B_SPLINE_CURVE_WITH_KNOTS('',3,(#2209,#2210,#2211,#2212),
 .UNSPECIFIED.,.F.,.F.,(4,4),(0.,0.000833423401627713),.UNSPECIFIED.);
#61=B_SPLINE_CURVE_WITH_KNOTS('',3,(#2218,#2219,#2220,#2221),
 .UNSPECIFIED.,.F.,.F.,(4,4),(0.,0.000833423401627732),.UNSPECIFIED.);
#62=B_SPLINE_CURVE_WITH_KNOTS('',3,(#2268,#2269,#2270,#2271),
 .UNSPECIFIED.,.F.,.F.,(4,4),(0.,0.00638333912702441),.UNSPECIFIED.);
#63=B_SPLINE_CURVE_WITH_KNOTS('',3,(#2284,#2285,#2286,#2287),
 .UNSPECIFIED.,.F.,.F.,(4,4),(0.,0.00638333912702441),.UNSPECIFIED.);
#64=B_SPLINE_CURVE_WITH_KNOTS('',3,(#2295,#2296,#2297,#2298),
 .UNSPECIFIED.,.F.,.F.,(4,4),(-0.00544286394154359,0.00544286394154359),
 .UNSPECIFIED.);
#65=B_SPLINE_CURVE_WITH_KNOTS('',3,(#2478,#2479,#2480,#2481,#2482,#2483,
#2484,#2485,#2486,#2487),.UNSPECIFIED.,.F.,.F.,(4,1,1,1,1,1,1,4),(0.,0.00162843005298886,
0.00325686010597771,0.00651372021195543,0.00814215026494429,0.00977058031793314,
0.011399010370922,0.0130274404239109),.UNSPECIFIED.);
#66=B_SPLINE_CURVE_WITH_KNOTS('',3,(#2660,#2661,#2662,#2663,#2664,#2665,
#2666,#2667,#2668,#2669),.UNSPECIFIED.,.F.,.F.,(4,1,1,1,1,1,1,4),(0.,0.00161001383223221,
0.00322002766446443,0.00483004149669664,0.00644005532892885,0.00966008299339328,
0.0112700968256255,0.0128801106578577),.UNSPECIFIED.);
#67=B_SPLINE_CURVE_WITH_KNOTS('',3,(#2713,#2714,#2715,#2716),
 .UNSPECIFIED.,.F.,.F.,(4,4),(0.,1.),.UNSPECIFIED.);
#68=B_SPLINE_CURVE_WITH_KNOTS('',3,(#2781,#2782,#2783,#2784),
 .UNSPECIFIED.,.F.,.F.,(4,4),(0.,0.000833423401627771),.UNSPECIFIED.);
#69=B_SPLINE_CURVE_WITH_KNOTS('',3,(#2786,#2787,#2788,#2789),
 .UNSPECIFIED.,.F.,.F.,(4,4),(0.,0.000833423401627728),.UNSPECIFIED.);
#70=B_SPLINE_CURVE_WITH_KNOTS('',3,(#2846,#2847,#2848,#2849),
 .UNSPECIFIED.,.F.,.F.,(4,4),(0.,0.00638333912702442),.UNSPECIFIED.);
#71=B_SPLINE_CURVE_WITH_KNOTS('',3,(#2857,#2858,#2859,#2860),
 .UNSPECIFIED.,.F.,.F.,(4,4),(0.,0.00638333912702441),.UNSPECIFIED.);
#72=B_SPLINE_CURVE_WITH_KNOTS('',3,(#2870,#2871,#2872,#2873),
 .UNSPECIFIED.,.F.,.F.,(4,4),(-0.00544286394154358,0.0054428639415436),
 .UNSPECIFIED.);
#73=B_SPLINE_CURVE_WITH_KNOTS('',3,(#3059,#3060,#3061,#3062),
 .UNSPECIFIED.,.F.,.F.,(4,4),(0.,1.),.PIECEWISE_BEZIER_KNOTS.);
#74=B_SPLINE_CURVE_WITH_KNOTS('',3,(#3063,#3064,#3065,#3066,#3067,#3068,
#3069,#3070,#3071,#3072,#3073,#3074),.UNSPECIFIED.,.F.,.F.,(4,1,1,1,1,1,
1,1,1,4),(0.,0.000845060941570908,0.00169012188314182,0.00338024376628363,
0.00507036564942545,0.00676048753256726,0.00845060941570908,0.0101407312988509,
0.0118308531819927,0.0135209750651345),.UNSPECIFIED.);
#75=B_SPLINE_CURVE_WITH_KNOTS('',3,(#3203,#3204,#3205,#3206,#3207,#3208,
#3209,#3210,#3211,#3212,#3213,#3214,#3215,#3216,#3217,#3218,#3219,#3220,
#3221,#3222,#3223),.UNSPECIFIED.,.T.,.F.,(1,1,1,1,1,1,1,1,1,1,1,1,1,1,1,
1,1,1,1,1,1,1,1,1,1),(-0.00457673316499121,-0.00305115544332748,-0.00152557772166374,
0.,0.00152557772166374,0.00305115544332747,0.00457673316499121,0.00610231088665495,
0.00762788860831869,0.00915346632998242,0.0106790440516462,0.0122046217733099,
0.0137301994949736,0.0152557772166374,0.0167813549383011,0.017544143799133,
0.0183069326599648,0.0190697215207967,0.0198325103816286,0.0213580881032923,
0.0228836658249561,0.0244092435466198,0.0259348212682835,0.0274603989899473,
0.028985976711611),.UNSPECIFIED.);
#76=B_SPLINE_CURVE_WITH_KNOTS('',3,(#3225,#3226,#3227,#3228),
 .UNSPECIFIED.,.F.,.F.,(4,4),(0.,1.),.PIECEWISE_BEZIER_KNOTS.);
#77=B_SPLINE_CURVE_WITH_KNOTS('',3,(#3409,#3410,#3411,#3412,#3413,#3414,
#3415,#3416,#3417,#3418,#3419,#3420),.UNSPECIFIED.,.F.,.F.,(4,1,1,1,1,1,
1,1,1,4),(0.,0.00169249968057572,0.00338499936115144,0.00507749904172716,
0.00676999872230288,0.0084624984028786,0.0101549980834543,0.01184749776403,
0.0126937476043179,0.0135399974446058),.UNSPECIFIED.);
#78=LINE('',#1945,#182);
#79=LINE('',#1947,#183);
#80=LINE('',#1949,#184);
#81=LINE('',#1951,#185);
#82=LINE('',#1953,#186);
#83=LINE('',#1954,#187);
#84=LINE('',#1957,#188);
#85=LINE('',#1959,#189);
#86=LINE('',#1961,#190);
#87=LINE('',#1963,#191);
#88=LINE('',#1971,#192);
#89=LINE('',#1973,#193);
#90=LINE('',#1977,#194);
#91=LINE('',#1978,#195);
#92=LINE('',#1981,#196);
#93=LINE('',#1983,#197);
#94=LINE('',#1985,#198);
#95=LINE('',#2144,#199);
#96=LINE('',#2167,#200);
#97=LINE('',#2171,#201);
#98=LINE('',#2175,#202);
#99=LINE('',#2177,#203);
#100=LINE('',#2178,#204);
#101=LINE('',#2182,#205);
#102=LINE('',#2184,#206);
#103=LINE('',#2186,#207);
#104=LINE('',#2188,#208);
#105=LINE('',#2189,#209);
#106=LINE('',#2193,#210);
#107=LINE('',#2195,#211);
#108=LINE('',#2197,#212);
#109=LINE('',#2199,#213);
#110=LINE('',#2203,#214);
#111=LINE('',#2204,#215);
#112=LINE('',#2206,#216);
#113=LINE('',#2207,#217);
#114=LINE('',#2214,#218);
#115=LINE('',#2216,#219);
#116=LINE('',#2259,#220);
#117=LINE('',#2261,#221);
#118=LINE('',#2263,#222);
#119=LINE('',#2265,#223);
#120=LINE('',#2273,#224);
#121=LINE('',#2274,#225);
#122=LINE('',#2276,#226);
#123=LINE('',#2278,#227);
#124=LINE('',#2280,#228);
#125=LINE('',#2282,#229);
#126=LINE('',#2680,#230);
#127=LINE('',#2681,#231);
#128=LINE('',#2683,#232);
#129=LINE('',#2685,#233);
#130=LINE('',#2692,#234);
#131=LINE('',#2694,#235);
#132=LINE('',#2696,#236);
#133=LINE('',#2698,#237);
#134=LINE('',#2700,#238);
#135=LINE('',#2701,#239);
#136=LINE('',#2704,#240);
#137=LINE('',#2706,#241);
#138=LINE('',#2708,#242);
#139=LINE('',#2710,#243);
#140=LINE('',#2718,#244);
#141=LINE('',#2720,#245);
#142=LINE('',#2724,#246);
#143=LINE('',#2725,#247);
#144=LINE('',#2728,#248);
#145=LINE('',#2730,#249);
#146=LINE('',#2732,#250);
#147=LINE('',#2737,#251);
#148=LINE('',#2741,#252);
#149=LINE('',#2745,#253);
#150=LINE('',#2746,#254);
#151=LINE('',#2748,#255);
#152=LINE('',#2750,#256);
#153=LINE('',#2752,#257);
#154=LINE('',#2756,#258);
#155=LINE('',#2757,#259);
#156=LINE('',#2759,#260);
#157=LINE('',#2763,#261);
#158=LINE('',#2764,#262);
#159=LINE('',#2766,#263);
#160=LINE('',#2767,#264);
#161=LINE('',#2771,#265);
#162=LINE('',#2773,#266);
#163=LINE('',#2775,#267);
#164=LINE('',#2777,#268);
#165=LINE('',#2779,#269);
#166=LINE('',#2791,#270);
#167=LINE('',#2829,#271);
#168=LINE('',#2832,#272);
#169=LINE('',#2834,#273);
#170=LINE('',#2836,#274);
#171=LINE('',#2840,#275);
#172=LINE('',#2843,#276);
#173=LINE('',#2844,#277);
#174=LINE('',#2851,#278);
#175=LINE('',#2853,#279);
#176=LINE('',#2855,#280);
#177=LINE('',#2862,#281);
#178=LINE('',#3427,#282);
#179=LINE('',#3428,#283);
#180=LINE('',#3430,#284);
#181=LINE('',#3432,#285);
#182=VECTOR('',#1572,1.);
#183=VECTOR('',#1573,1.);
#184=VECTOR('',#1574,1.);
#185=VECTOR('',#1575,1.);
#186=VECTOR('',#1576,1.);
#187=VECTOR('',#1577,1.);
#188=VECTOR('',#1578,1.);
#189=VECTOR('',#1579,1.);
#190=VECTOR('',#1580,1.);
#191=VECTOR('',#1583,1.);
#192=VECTOR('',#1584,1.);
#193=VECTOR('',#1585,1.);
#194=VECTOR('',#1588,1.);
#195=VECTOR('',#1589,1.);
#196=VECTOR('',#1590,1.);
#197=VECTOR('',#1591,1.);
#198=VECTOR('',#1592,1.);
#199=VECTOR('',#1593,1.);
#200=VECTOR('',#1598,1.);
#201=VECTOR('',#1601,1.);
#202=VECTOR('',#1606,1.);
#203=VECTOR('',#1607,1.);
#204=VECTOR('',#1608,1.);
#205=VECTOR('',#1611,1.);
#206=VECTOR('',#1612,1.);
#207=VECTOR('',#1613,1.);
#208=VECTOR('',#1614,1.);
#209=VECTOR('',#1615,1.);
#210=VECTOR('',#1620,1.);
#211=VECTOR('',#1621,1.);
#212=VECTOR('',#1622,1.);
#213=VECTOR('',#1623,1.);
#214=VECTOR('',#1626,1.);
#215=VECTOR('',#1627,1.);
#216=VECTOR('',#1628,1.);
#217=VECTOR('',#1629,1.);
#218=VECTOR('',#1632,1.);
#219=VECTOR('',#1635,1.);
#220=VECTOR('',#1696,1.);
#221=VECTOR('',#1697,1.);
#222=VECTOR('',#1698,1.);
#223=VECTOR('',#1701,1.);
#224=VECTOR('',#1702,1.);
#225=VECTOR('',#1703,1.);
#226=VECTOR('',#1706,1.);
#227=VECTOR('',#1707,1.);
#228=VECTOR('',#1710,1.);
#229=VECTOR('',#1711,1.);
#230=VECTOR('',#1746,1.);
#231=VECTOR('',#1747,1.);
#232=VECTOR('',#1750,1.);
#233=VECTOR('',#1753,1.);
#234=VECTOR('',#1762,1.);
#235=VECTOR('',#1763,1.);
#236=VECTOR('',#1764,1.);
#237=VECTOR('',#1765,1.);
#238=VECTOR('',#1766,1.);
#239=VECTOR('',#1767,1.);
#240=VECTOR('',#1768,1.);
#241=VECTOR('',#1769,1.);
#242=VECTOR('',#1770,1.);
#243=VECTOR('',#1773,1.);
#244=VECTOR('',#1774,1.);
#245=VECTOR('',#1775,1.);
#246=VECTOR('',#1778,1.);
#247=VECTOR('',#1779,1.);
#248=VECTOR('',#1780,1.);
#249=VECTOR('',#1781,1.);
#250=VECTOR('',#1782,1.);
#251=VECTOR('',#1787,1.);
#252=VECTOR('',#1790,1.);
#253=VECTOR('',#1795,1.);
#254=VECTOR('',#1796,1.);
#255=VECTOR('',#1797,1.);
#256=VECTOR('',#1798,1.);
#257=VECTOR('',#1799,1.);
#258=VECTOR('',#1802,1.);
#259=VECTOR('',#1803,1.);
#260=VECTOR('',#1804,1.);
#261=VECTOR('',#1809,1.);
#262=VECTOR('',#1810,1.);
#263=VECTOR('',#1811,1.);
#264=VECTOR('',#1812,1.);
#265=VECTOR('',#1815,1.);
#266=VECTOR('',#1816,1.);
#267=VECTOR('',#1817,1.);
#268=VECTOR('',#1818,1.);
#269=VECTOR('',#1821,1.);
#270=VECTOR('',#1824,1.);
#271=VECTOR('',#1885,1.);
#272=VECTOR('',#1886,1.);
#273=VECTOR('',#1887,1.);
#274=VECTOR('',#1888,1.);
#275=VECTOR('',#1893,1.);
#276=VECTOR('',#1894,1.);
#277=VECTOR('',#1895,1.);
#278=VECTOR('',#1898,1.);
#279=VECTOR('',#1899,1.);
#280=VECTOR('',#1902,1.);
#281=VECTOR('',#1903,1.);
#282=VECTOR('',#1930,1.);
#283=VECTOR('',#1931,1.);
#284=VECTOR('',#1934,1.);
#285=VECTOR('',#1937,1.);
#286=ORIENTED_EDGE('',*,*,#650,.F.);
#287=ORIENTED_EDGE('',*,*,#651,.F.);
#288=ORIENTED_EDGE('',*,*,#652,.F.);
#289=ORIENTED_EDGE('',*,*,#653,.T.);
#290=ORIENTED_EDGE('',*,*,#654,.T.);
#291=ORIENTED_EDGE('',*,*,#655,.F.);
#292=ORIENTED_EDGE('',*,*,#656,.T.);
#293=ORIENTED_EDGE('',*,*,#657,.T.);
#294=ORIENTED_EDGE('',*,*,#658,.F.);
#295=ORIENTED_EDGE('',*,*,#659,.F.);
#296=ORIENTED_EDGE('',*,*,#660,.F.);
#297=ORIENTED_EDGE('',*,*,#661,.T.);
#298=ORIENTED_EDGE('',*,*,#662,.T.);
#299=ORIENTED_EDGE('',*,*,#663,.T.);
#300=ORIENTED_EDGE('',*,*,#664,.T.);
#301=ORIENTED_EDGE('',*,*,#665,.T.);
#302=ORIENTED_EDGE('',*,*,#666,.F.);
#303=ORIENTED_EDGE('',*,*,#667,.F.);
#304=ORIENTED_EDGE('',*,*,#668,.T.);
#305=ORIENTED_EDGE('',*,*,#669,.T.);
#306=ORIENTED_EDGE('',*,*,#670,.T.);
#307=ORIENTED_EDGE('',*,*,#671,.T.);
#308=ORIENTED_EDGE('',*,*,#653,.F.);
#309=ORIENTED_EDGE('',*,*,#672,.F.);
#310=ORIENTED_EDGE('',*,*,#673,.T.);
#311=ORIENTED_EDGE('',*,*,#674,.T.);
#312=ORIENTED_EDGE('',*,*,#675,.F.);
#313=ORIENTED_EDGE('',*,*,#676,.F.);
#314=ORIENTED_EDGE('',*,*,#677,.F.);
#315=ORIENTED_EDGE('',*,*,#678,.F.);
#316=ORIENTED_EDGE('',*,*,#679,.F.);
#317=ORIENTED_EDGE('',*,*,#665,.F.);
#318=ORIENTED_EDGE('',*,*,#680,.T.);
#319=ORIENTED_EDGE('',*,*,#681,.F.);
#320=ORIENTED_EDGE('',*,*,#676,.T.);
#321=ORIENTED_EDGE('',*,*,#682,.T.);
#322=ORIENTED_EDGE('',*,*,#683,.F.);
#323=ORIENTED_EDGE('',*,*,#684,.T.);
#324=ORIENTED_EDGE('',*,*,#685,.T.);
#325=ORIENTED_EDGE('',*,*,#686,.T.);
#326=ORIENTED_EDGE('',*,*,#687,.T.);
#327=ORIENTED_EDGE('',*,*,#655,.T.);
#328=ORIENTED_EDGE('',*,*,#688,.T.);
#329=ORIENTED_EDGE('',*,*,#689,.T.);
#330=ORIENTED_EDGE('',*,*,#651,.T.);
#331=ORIENTED_EDGE('',*,*,#690,.T.);
#332=ORIENTED_EDGE('',*,*,#691,.T.);
#333=ORIENTED_EDGE('',*,*,#692,.T.);
#334=ORIENTED_EDGE('',*,*,#693,.F.);
#335=ORIENTED_EDGE('',*,*,#694,.T.);
#336=ORIENTED_EDGE('',*,*,#695,.F.);
#337=ORIENTED_EDGE('',*,*,#678,.T.);
#338=ORIENTED_EDGE('',*,*,#696,.F.);
#339=ORIENTED_EDGE('',*,*,#697,.T.);
#340=ORIENTED_EDGE('',*,*,#663,.F.);
#341=ORIENTED_EDGE('',*,*,#698,.F.);
#342=ORIENTED_EDGE('',*,*,#698,.T.);
#343=ORIENTED_EDGE('',*,*,#662,.F.);
#344=ORIENTED_EDGE('',*,*,#699,.T.);
#345=ORIENTED_EDGE('',*,*,#700,.F.);
#346=ORIENTED_EDGE('',*,*,#652,.T.);
#347=ORIENTED_EDGE('',*,*,#688,.F.);
#348=ORIENTED_EDGE('',*,*,#654,.F.);
#349=ORIENTED_EDGE('',*,*,#701,.T.);
#350=ORIENTED_EDGE('',*,*,#702,.T.);
#351=ORIENTED_EDGE('',*,*,#660,.T.);
#352=ORIENTED_EDGE('',*,*,#685,.F.);
#353=ORIENTED_EDGE('',*,*,#703,.T.);
#354=ORIENTED_EDGE('',*,*,#692,.F.);
#355=ORIENTED_EDGE('',*,*,#704,.T.);
#356=ORIENTED_EDGE('',*,*,#681,.T.);
#357=ORIENTED_EDGE('',*,*,#705,.F.);
#358=ORIENTED_EDGE('',*,*,#696,.T.);
#359=ORIENTED_EDGE('',*,*,#677,.T.);
#360=ORIENTED_EDGE('',*,*,#704,.F.);
#361=ORIENTED_EDGE('',*,*,#691,.F.);
#362=ORIENTED_EDGE('',*,*,#706,.T.);
#363=ORIENTED_EDGE('',*,*,#686,.F.);
#364=ORIENTED_EDGE('',*,*,#650,.T.);
#365=ORIENTED_EDGE('',*,*,#687,.F.);
#366=ORIENTED_EDGE('',*,*,#706,.F.);
#367=ORIENTED_EDGE('',*,*,#690,.F.);
#368=ORIENTED_EDGE('',*,*,#705,.T.);
#369=ORIENTED_EDGE('',*,*,#680,.F.);
#370=ORIENTED_EDGE('',*,*,#664,.F.);
#371=ORIENTED_EDGE('',*,*,#697,.F.);
#372=ORIENTED_EDGE('',*,*,#707,.T.);
#373=ORIENTED_EDGE('',*,*,#693,.T.);
#374=ORIENTED_EDGE('',*,*,#703,.F.);
#375=ORIENTED_EDGE('',*,*,#684,.F.);
#376=ORIENTED_EDGE('',*,*,#708,.T.);
#377=ORIENTED_EDGE('',*,*,#694,.F.);
#378=ORIENTED_EDGE('',*,*,#707,.F.);
#379=ORIENTED_EDGE('',*,*,#683,.T.);
#380=ORIENTED_EDGE('',*,*,#675,.T.);
#381=ORIENTED_EDGE('',*,*,#695,.T.);
#382=ORIENTED_EDGE('',*,*,#708,.F.);
#383=ORIENTED_EDGE('',*,*,#682,.F.);
#384=ORIENTED_EDGE('',*,*,#709,.F.);
#385=ORIENTED_EDGE('',*,*,#679,.T.);
#386=ORIENTED_EDGE('',*,*,#710,.F.);
#387=ORIENTED_EDGE('',*,*,#709,.T.);
#388=ORIENTED_EDGE('',*,*,#711,.T.);
#389=ORIENTED_EDGE('',*,*,#689,.F.);
#390=ORIENTED_EDGE('',*,*,#711,.F.);
#391=ORIENTED_EDGE('',*,*,#712,.T.);
#392=ORIENTED_EDGE('',*,*,#713,.T.);
#393=ORIENTED_EDGE('',*,*,#713,.F.);
#394=ORIENTED_EDGE('',*,*,#710,.T.);
#395=ORIENTED_EDGE('',*,*,#714,.F.);
#396=ORIENTED_EDGE('',*,*,#714,.T.);
#397=ORIENTED_EDGE('',*,*,#712,.F.);
#398=ORIENTED_EDGE('',*,*,#715,.F.);
#399=ORIENTED_EDGE('',*,*,#673,.F.);
#400=ORIENTED_EDGE('',*,*,#716,.T.);
#401=ORIENTED_EDGE('',*,*,#717,.F.);
#402=ORIENTED_EDGE('',*,*,#718,.T.);
#403=ORIENTED_EDGE('',*,*,#719,.T.);
#404=ORIENTED_EDGE('',*,*,#720,.T.);
#405=ORIENTED_EDGE('',*,*,#721,.F.);
#406=ORIENTED_EDGE('',*,*,#718,.F.);
#407=ORIENTED_EDGE('',*,*,#722,.T.);
#408=ORIENTED_EDGE('',*,*,#723,.F.);
#409=ORIENTED_EDGE('',*,*,#722,.F.);
#410=ORIENTED_EDGE('',*,*,#717,.T.);
#411=ORIENTED_EDGE('',*,*,#724,.T.);
#412=ORIENTED_EDGE('',*,*,#725,.T.);
#413=ORIENTED_EDGE('',*,*,#724,.F.);
#414=ORIENTED_EDGE('',*,*,#716,.F.);
#415=ORIENTED_EDGE('',*,*,#726,.F.);
#416=ORIENTED_EDGE('',*,*,#727,.T.);
#417=ORIENTED_EDGE('',*,*,#728,.F.);
#418=ORIENTED_EDGE('',*,*,#729,.F.);
#419=ORIENTED_EDGE('',*,*,#730,.F.);
#420=ORIENTED_EDGE('',*,*,#719,.F.);
#421=ORIENTED_EDGE('',*,*,#723,.T.);
#422=ORIENTED_EDGE('',*,*,#725,.F.);
#423=ORIENTED_EDGE('',*,*,#731,.T.);
#424=ORIENTED_EDGE('',*,*,#730,.T.);
#425=ORIENTED_EDGE('',*,*,#732,.F.);
#426=ORIENTED_EDGE('',*,*,#729,.T.);
#427=ORIENTED_EDGE('',*,*,#733,.F.);
#428=ORIENTED_EDGE('',*,*,#728,.T.);
#429=ORIENTED_EDGE('',*,*,#715,.T.);
#430=ORIENTED_EDGE('',*,*,#721,.T.);
#431=ORIENTED_EDGE('',*,*,#734,.T.);
#432=ORIENTED_EDGE('',*,*,#701,.F.);
#433=ORIENTED_EDGE('',*,*,#671,.F.);
#434=ORIENTED_EDGE('',*,*,#672,.T.);
#435=ORIENTED_EDGE('',*,*,#700,.T.);
#436=ORIENTED_EDGE('',*,*,#735,.T.);
#437=ORIENTED_EDGE('',*,*,#726,.T.);
#438=ORIENTED_EDGE('',*,*,#720,.F.);
#439=ORIENTED_EDGE('',*,*,#731,.F.);
#440=ORIENTED_EDGE('',*,*,#727,.F.);
#441=ORIENTED_EDGE('',*,*,#735,.F.);
#442=ORIENTED_EDGE('',*,*,#699,.F.);
#443=ORIENTED_EDGE('',*,*,#661,.F.);
#444=ORIENTED_EDGE('',*,*,#702,.F.);
#445=ORIENTED_EDGE('',*,*,#734,.F.);
#446=ORIENTED_EDGE('',*,*,#736,.T.);
#447=ORIENTED_EDGE('',*,*,#732,.T.);
#448=ORIENTED_EDGE('',*,*,#670,.F.);
#449=ORIENTED_EDGE('',*,*,#736,.F.);
#450=ORIENTED_EDGE('',*,*,#737,.T.);
#451=ORIENTED_EDGE('',*,*,#733,.T.);
#452=ORIENTED_EDGE('',*,*,#674,.F.);
#453=ORIENTED_EDGE('',*,*,#737,.F.);
#454=ORIENTED_EDGE('',*,*,#738,.T.);
#455=ORIENTED_EDGE('',*,*,#666,.T.);
#456=ORIENTED_EDGE('',*,*,#739,.F.);
#457=ORIENTED_EDGE('',*,*,#657,.F.);
#458=ORIENTED_EDGE('',*,*,#658,.T.);
#459=ORIENTED_EDGE('',*,*,#739,.T.);
#460=ORIENTED_EDGE('',*,*,#669,.F.);
#461=ORIENTED_EDGE('',*,*,#740,.F.);
#462=ORIENTED_EDGE('',*,*,#659,.T.);
#463=ORIENTED_EDGE('',*,*,#740,.T.);
#464=ORIENTED_EDGE('',*,*,#668,.F.);
#465=ORIENTED_EDGE('',*,*,#741,.F.);
#466=ORIENTED_EDGE('',*,*,#741,.T.);
#467=ORIENTED_EDGE('',*,*,#667,.T.);
#468=ORIENTED_EDGE('',*,*,#738,.F.);
#469=ORIENTED_EDGE('',*,*,#656,.F.);
#470=ORIENTED_EDGE('',*,*,#742,.T.);
#471=ORIENTED_EDGE('',*,*,#743,.T.);
#472=ORIENTED_EDGE('',*,*,#744,.F.);
#473=ORIENTED_EDGE('',*,*,#745,.F.);
#474=ORIENTED_EDGE('',*,*,#746,.T.);
#475=ORIENTED_EDGE('',*,*,#747,.T.);
#476=ORIENTED_EDGE('',*,*,#748,.F.);
#477=ORIENTED_EDGE('',*,*,#749,.T.);
#478=ORIENTED_EDGE('',*,*,#750,.T.);
#479=ORIENTED_EDGE('',*,*,#751,.F.);
#480=ORIENTED_EDGE('',*,*,#752,.F.);
#481=ORIENTED_EDGE('',*,*,#753,.T.);
#482=ORIENTED_EDGE('',*,*,#754,.T.);
#483=ORIENTED_EDGE('',*,*,#755,.F.);
#484=ORIENTED_EDGE('',*,*,#756,.F.);
#485=ORIENTED_EDGE('',*,*,#757,.F.);
#486=ORIENTED_EDGE('',*,*,#758,.F.);
#487=ORIENTED_EDGE('',*,*,#759,.T.);
#488=ORIENTED_EDGE('',*,*,#760,.T.);
#489=ORIENTED_EDGE('',*,*,#761,.F.);
#490=ORIENTED_EDGE('',*,*,#762,.T.);
#491=ORIENTED_EDGE('',*,*,#763,.T.);
#492=ORIENTED_EDGE('',*,*,#764,.T.);
#493=ORIENTED_EDGE('',*,*,#765,.T.);
#494=ORIENTED_EDGE('',*,*,#766,.T.);
#495=ORIENTED_EDGE('',*,*,#755,.T.);
#496=ORIENTED_EDGE('',*,*,#767,.F.);
#497=ORIENTED_EDGE('',*,*,#743,.F.);
#498=ORIENTED_EDGE('',*,*,#768,.F.);
#499=ORIENTED_EDGE('',*,*,#769,.F.);
#500=ORIENTED_EDGE('',*,*,#770,.F.);
#501=ORIENTED_EDGE('',*,*,#771,.F.);
#502=ORIENTED_EDGE('',*,*,#772,.T.);
#503=ORIENTED_EDGE('',*,*,#773,.F.);
#504=ORIENTED_EDGE('',*,*,#765,.F.);
#505=ORIENTED_EDGE('',*,*,#774,.T.);
#506=ORIENTED_EDGE('',*,*,#775,.F.);
#507=ORIENTED_EDGE('',*,*,#776,.F.);
#508=ORIENTED_EDGE('',*,*,#747,.F.);
#509=ORIENTED_EDGE('',*,*,#777,.T.);
#510=ORIENTED_EDGE('',*,*,#757,.T.);
#511=ORIENTED_EDGE('',*,*,#778,.F.);
#512=ORIENTED_EDGE('',*,*,#779,.T.);
#513=ORIENTED_EDGE('',*,*,#763,.F.);
#514=ORIENTED_EDGE('',*,*,#780,.T.);
#515=ORIENTED_EDGE('',*,*,#781,.F.);
#516=ORIENTED_EDGE('',*,*,#782,.T.);
#517=ORIENTED_EDGE('',*,*,#783,.F.);
#518=ORIENTED_EDGE('',*,*,#784,.F.);
#519=ORIENTED_EDGE('',*,*,#785,.F.);
#520=ORIENTED_EDGE('',*,*,#777,.F.);
#521=ORIENTED_EDGE('',*,*,#746,.F.);
#522=ORIENTED_EDGE('',*,*,#786,.T.);
#523=ORIENTED_EDGE('',*,*,#787,.T.);
#524=ORIENTED_EDGE('',*,*,#752,.T.);
#525=ORIENTED_EDGE('',*,*,#767,.T.);
#526=ORIENTED_EDGE('',*,*,#754,.F.);
#527=ORIENTED_EDGE('',*,*,#788,.T.);
#528=ORIENTED_EDGE('',*,*,#789,.F.);
#529=ORIENTED_EDGE('',*,*,#744,.T.);
#530=ORIENTED_EDGE('',*,*,#770,.T.);
#531=ORIENTED_EDGE('',*,*,#790,.F.);
#532=ORIENTED_EDGE('',*,*,#783,.T.);
#533=ORIENTED_EDGE('',*,*,#791,.F.);
#534=ORIENTED_EDGE('',*,*,#774,.F.);
#535=ORIENTED_EDGE('',*,*,#764,.F.);
#536=ORIENTED_EDGE('',*,*,#779,.F.);
#537=ORIENTED_EDGE('',*,*,#792,.T.);
#538=ORIENTED_EDGE('',*,*,#790,.T.);
#539=ORIENTED_EDGE('',*,*,#769,.T.);
#540=ORIENTED_EDGE('',*,*,#793,.F.);
#541=ORIENTED_EDGE('',*,*,#784,.T.);
#542=ORIENTED_EDGE('',*,*,#742,.F.);
#543=ORIENTED_EDGE('',*,*,#785,.T.);
#544=ORIENTED_EDGE('',*,*,#793,.T.);
#545=ORIENTED_EDGE('',*,*,#768,.T.);
#546=ORIENTED_EDGE('',*,*,#792,.F.);
#547=ORIENTED_EDGE('',*,*,#778,.T.);
#548=ORIENTED_EDGE('',*,*,#756,.T.);
#549=ORIENTED_EDGE('',*,*,#775,.T.);
#550=ORIENTED_EDGE('',*,*,#794,.F.);
#551=ORIENTED_EDGE('',*,*,#771,.T.);
#552=ORIENTED_EDGE('',*,*,#791,.T.);
#553=ORIENTED_EDGE('',*,*,#782,.F.);
#554=ORIENTED_EDGE('',*,*,#795,.F.);
#555=ORIENTED_EDGE('',*,*,#772,.F.);
#556=ORIENTED_EDGE('',*,*,#794,.T.);
#557=ORIENTED_EDGE('',*,*,#781,.T.);
#558=ORIENTED_EDGE('',*,*,#762,.F.);
#559=ORIENTED_EDGE('',*,*,#773,.T.);
#560=ORIENTED_EDGE('',*,*,#795,.T.);
#561=ORIENTED_EDGE('',*,*,#780,.F.);
#562=ORIENTED_EDGE('',*,*,#796,.T.);
#563=ORIENTED_EDGE('',*,*,#766,.F.);
#564=ORIENTED_EDGE('',*,*,#797,.T.);
#565=ORIENTED_EDGE('',*,*,#796,.F.);
#566=ORIENTED_EDGE('',*,*,#798,.F.);
#567=ORIENTED_EDGE('',*,*,#776,.T.);
#568=ORIENTED_EDGE('',*,*,#798,.T.);
#569=ORIENTED_EDGE('',*,*,#799,.F.);
#570=ORIENTED_EDGE('',*,*,#800,.F.);
#571=ORIENTED_EDGE('',*,*,#800,.T.);
#572=ORIENTED_EDGE('',*,*,#797,.F.);
#573=ORIENTED_EDGE('',*,*,#801,.T.);
#574=ORIENTED_EDGE('',*,*,#801,.F.);
#575=ORIENTED_EDGE('',*,*,#799,.T.);
#576=ORIENTED_EDGE('',*,*,#802,.T.);
#577=ORIENTED_EDGE('',*,*,#803,.F.);
#578=ORIENTED_EDGE('',*,*,#804,.F.);
#579=ORIENTED_EDGE('',*,*,#805,.T.);
#580=ORIENTED_EDGE('',*,*,#806,.F.);
#581=ORIENTED_EDGE('',*,*,#807,.T.);
#582=ORIENTED_EDGE('',*,*,#808,.F.);
#583=ORIENTED_EDGE('',*,*,#809,.F.);
#584=ORIENTED_EDGE('',*,*,#804,.T.);
#585=ORIENTED_EDGE('',*,*,#810,.F.);
#586=ORIENTED_EDGE('',*,*,#811,.T.);
#587=ORIENTED_EDGE('',*,*,#812,.T.);
#588=ORIENTED_EDGE('',*,*,#813,.F.);
#589=ORIENTED_EDGE('',*,*,#805,.F.);
#590=ORIENTED_EDGE('',*,*,#809,.T.);
#591=ORIENTED_EDGE('',*,*,#814,.F.);
#592=ORIENTED_EDGE('',*,*,#815,.T.);
#593=ORIENTED_EDGE('',*,*,#816,.T.);
#594=ORIENTED_EDGE('',*,*,#806,.T.);
#595=ORIENTED_EDGE('',*,*,#813,.T.);
#596=ORIENTED_EDGE('',*,*,#817,.T.);
#597=ORIENTED_EDGE('',*,*,#818,.T.);
#598=ORIENTED_EDGE('',*,*,#819,.T.);
#599=ORIENTED_EDGE('',*,*,#808,.T.);
#600=ORIENTED_EDGE('',*,*,#820,.T.);
#601=ORIENTED_EDGE('',*,*,#814,.T.);
#602=ORIENTED_EDGE('',*,*,#812,.F.);
#603=ORIENTED_EDGE('',*,*,#819,.F.);
#604=ORIENTED_EDGE('',*,*,#821,.F.);
#605=ORIENTED_EDGE('',*,*,#818,.F.);
#606=ORIENTED_EDGE('',*,*,#807,.F.);
#607=ORIENTED_EDGE('',*,*,#817,.F.);
#608=ORIENTED_EDGE('',*,*,#802,.F.);
#609=ORIENTED_EDGE('',*,*,#786,.F.);
#610=ORIENTED_EDGE('',*,*,#822,.F.);
#611=ORIENTED_EDGE('',*,*,#816,.F.);
#612=ORIENTED_EDGE('',*,*,#823,.T.);
#613=ORIENTED_EDGE('',*,*,#824,.F.);
#614=ORIENTED_EDGE('',*,*,#822,.T.);
#615=ORIENTED_EDGE('',*,*,#745,.T.);
#616=ORIENTED_EDGE('',*,*,#825,.F.);
#617=ORIENTED_EDGE('',*,*,#803,.T.);
#618=ORIENTED_EDGE('',*,*,#825,.T.);
#619=ORIENTED_EDGE('',*,*,#789,.T.);
#620=ORIENTED_EDGE('',*,*,#826,.T.);
#621=ORIENTED_EDGE('',*,*,#810,.T.);
#622=ORIENTED_EDGE('',*,*,#827,.F.);
#623=ORIENTED_EDGE('',*,*,#821,.T.);
#624=ORIENTED_EDGE('',*,*,#824,.T.);
#625=ORIENTED_EDGE('',*,*,#827,.T.);
#626=ORIENTED_EDGE('',*,*,#788,.F.);
#627=ORIENTED_EDGE('',*,*,#753,.F.);
#628=ORIENTED_EDGE('',*,*,#787,.F.);
#629=ORIENTED_EDGE('',*,*,#823,.F.);
#630=ORIENTED_EDGE('',*,*,#815,.F.);
#631=ORIENTED_EDGE('',*,*,#820,.F.);
#632=ORIENTED_EDGE('',*,*,#811,.F.);
#633=ORIENTED_EDGE('',*,*,#826,.F.);
#634=ORIENTED_EDGE('',*,*,#758,.T.);
#635=ORIENTED_EDGE('',*,*,#828,.T.);
#636=ORIENTED_EDGE('',*,*,#749,.F.);
#637=ORIENTED_EDGE('',*,*,#829,.F.);
#638=ORIENTED_EDGE('',*,*,#829,.T.);
#639=ORIENTED_EDGE('',*,*,#748,.T.);
#640=ORIENTED_EDGE('',*,*,#830,.F.);
#641=ORIENTED_EDGE('',*,*,#759,.F.);
#642=ORIENTED_EDGE('',*,*,#830,.T.);
#643=ORIENTED_EDGE('',*,*,#751,.T.);
#644=ORIENTED_EDGE('',*,*,#831,.F.);
#645=ORIENTED_EDGE('',*,*,#760,.F.);
#646=ORIENTED_EDGE('',*,*,#761,.T.);
#647=ORIENTED_EDGE('',*,*,#831,.T.);
#648=ORIENTED_EDGE('',*,*,#750,.F.);
#649=ORIENTED_EDGE('',*,*,#828,.F.);
#650=EDGE_CURVE('',#832,#833,#962,.T.);
#651=EDGE_CURVE('',#834,#832,#78,.T.);
#652=EDGE_CURVE('',#835,#834,#79,.T.);
#653=EDGE_CURVE('',#835,#836,#80,.T.);
#654=EDGE_CURVE('',#836,#837,#81,.T.);
#655=EDGE_CURVE('',#833,#837,#82,.T.);
#656=EDGE_CURVE('',#838,#839,#83,.T.);
#657=EDGE_CURVE('',#839,#840,#84,.T.);
#658=EDGE_CURVE('',#841,#840,#85,.T.);
#659=EDGE_CURVE('',#838,#841,#86,.T.);
#660=EDGE_CURVE('',#842,#843,#87,.T.);
#661=EDGE_CURVE('',#842,#844,#55,.T.);
#662=EDGE_CURVE('',#844,#845,#88,.T.);
#663=EDGE_CURVE('',#845,#846,#89,.T.);
#664=EDGE_CURVE('',#846,#847,#963,.T.);
#665=EDGE_CURVE('',#847,#843,#90,.T.);
#666=EDGE_CURVE('',#848,#849,#91,.T.);
#667=EDGE_CURVE('',#850,#848,#92,.T.);
#668=EDGE_CURVE('',#850,#851,#93,.T.);
#669=EDGE_CURVE('',#851,#849,#94,.T.);
#670=EDGE_CURVE('',#852,#852,#56,.T.);
#671=EDGE_CURVE('',#853,#836,#57,.T.);
#672=EDGE_CURVE('',#854,#835,#58,.T.);
#673=EDGE_CURVE('',#854,#853,#95,.T.);
#674=EDGE_CURVE('',#855,#855,#59,.T.);
#675=EDGE_CURVE('',#856,#857,#964,.F.);
#676=EDGE_CURVE('',#858,#856,#96,.T.);
#677=EDGE_CURVE('',#859,#858,#965,.T.);
#678=EDGE_CURVE('',#857,#859,#97,.F.);
#679=EDGE_CURVE('',#860,#860,#966,.T.);
#680=EDGE_CURVE('',#847,#861,#98,.T.);
#681=EDGE_CURVE('',#858,#861,#99,.T.);
#682=EDGE_CURVE('',#856,#862,#100,.T.);
#683=EDGE_CURVE('',#863,#862,#967,.T.);
#684=EDGE_CURVE('',#863,#864,#101,.T.);
#685=EDGE_CURVE('',#864,#865,#102,.T.);
#686=EDGE_CURVE('',#865,#866,#103,.T.);
#687=EDGE_CURVE('',#866,#833,#104,.T.);
#688=EDGE_CURVE('',#837,#843,#105,.T.);
#689=EDGE_CURVE('',#867,#867,#968,.T.);
#690=EDGE_CURVE('',#832,#868,#106,.F.);
#691=EDGE_CURVE('',#868,#869,#107,.T.);
#692=EDGE_CURVE('',#869,#870,#108,.F.);
#693=EDGE_CURVE('',#871,#870,#109,.T.);
#694=EDGE_CURVE('',#871,#872,#969,.F.);
#695=EDGE_CURVE('',#857,#872,#110,.T.);
#696=EDGE_CURVE('',#873,#859,#111,.T.);
#697=EDGE_CURVE('',#873,#846,#112,.F.);
#698=EDGE_CURVE('',#834,#845,#113,.T.);
#699=EDGE_CURVE('',#844,#874,#60,.T.);
#700=EDGE_CURVE('',#835,#874,#114,.T.);
#701=EDGE_CURVE('',#836,#875,#115,.T.);
#702=EDGE_CURVE('',#875,#842,#61,.T.);
#703=EDGE_CURVE('',#864,#870,#970,.T.);
#704=EDGE_CURVE('',#869,#865,#971,.T.);
#705=EDGE_CURVE('',#873,#861,#972,.T.);
#706=EDGE_CURVE('',#868,#866,#973,.T.);
#707=EDGE_CURVE('',#863,#871,#974,.T.);
#708=EDGE_CURVE('',#862,#872,#975,.T.);
#709=EDGE_CURVE('',#876,#876,#976,.T.);
#710=EDGE_CURVE('',#877,#877,#977,.T.);
#711=EDGE_CURVE('',#878,#878,#978,.T.);
#712=EDGE_CURVE('',#879,#879,#979,.T.);
#713=EDGE_CURVE('',#880,#880,#980,.T.);
#714=EDGE_CURVE('',#881,#881,#981,.T.);
#715=EDGE_CURVE('',#882,#882,#982,.T.);
#716=EDGE_CURVE('',#854,#883,#116,.T.);
#717=EDGE_CURVE('',#884,#883,#117,.T.);
#718=EDGE_CURVE('',#884,#853,#118,.T.);
#719=EDGE_CURVE('',#885,#886,#119,.T.);
#720=EDGE_CURVE('',#886,#887,#62,.T.);
#721=EDGE_CURVE('',#853,#887,#120,.T.);
#722=EDGE_CURVE('',#884,#885,#121,.T.);
#723=EDGE_CURVE('',#885,#888,#122,.T.);
#724=EDGE_CURVE('',#883,#888,#123,.T.);
#725=EDGE_CURVE('',#889,#888,#124,.T.);
#726=EDGE_CURVE('',#890,#854,#125,.T.);
#727=EDGE_CURVE('',#890,#889,#63,.T.);
#728=EDGE_CURVE('',#891,#891,#983,.T.);
#729=EDGE_CURVE('',#892,#892,#984,.T.);
#730=EDGE_CURVE('',#893,#893,#985,.T.);
#731=EDGE_CURVE('',#889,#886,#64,.T.);
#732=EDGE_CURVE('',#894,#894,#986,.F.);
#733=EDGE_CURVE('',#895,#895,#987,.F.);
#734=EDGE_CURVE('',#887,#875,#65,.T.);
#735=EDGE_CURVE('',#874,#890,#66,.T.);
#736=EDGE_CURVE('',#896,#896,#988,.T.);
#737=EDGE_CURVE('',#897,#897,#989,.T.);
#738=EDGE_CURVE('',#839,#848,#126,.T.);
#739=EDGE_CURVE('',#840,#849,#127,.T.);
#740=EDGE_CURVE('',#841,#851,#128,.T.);
#741=EDGE_CURVE('',#838,#850,#129,.T.);
#742=EDGE_CURVE('',#898,#899,#990,.T.);
#743=EDGE_CURVE('',#899,#900,#130,.T.);
#744=EDGE_CURVE('',#901,#900,#131,.T.);
#745=EDGE_CURVE('',#902,#901,#132,.T.);
#746=EDGE_CURVE('',#902,#903,#133,.T.);
#747=EDGE_CURVE('',#903,#898,#134,.T.);
#748=EDGE_CURVE('',#904,#905,#135,.T.);
#749=EDGE_CURVE('',#904,#906,#136,.T.);
#750=EDGE_CURVE('',#906,#907,#137,.T.);
#751=EDGE_CURVE('',#905,#907,#138,.T.);
#752=EDGE_CURVE('',#908,#909,#139,.T.);
#753=EDGE_CURVE('',#908,#910,#67,.T.);
#754=EDGE_CURVE('',#910,#911,#140,.T.);
#755=EDGE_CURVE('',#912,#911,#141,.T.);
#756=EDGE_CURVE('',#913,#912,#991,.T.);
#757=EDGE_CURVE('',#909,#913,#142,.T.);
#758=EDGE_CURVE('',#914,#915,#143,.T.);
#759=EDGE_CURVE('',#914,#916,#144,.T.);
#760=EDGE_CURVE('',#916,#917,#145,.T.);
#761=EDGE_CURVE('',#915,#917,#146,.T.);
#762=EDGE_CURVE('',#918,#919,#992,.T.);
#763=EDGE_CURVE('',#919,#920,#147,.F.);
#764=EDGE_CURVE('',#920,#921,#993,.F.);
#765=EDGE_CURVE('',#921,#918,#148,.T.);
#766=EDGE_CURVE('',#922,#922,#994,.T.);
#767=EDGE_CURVE('',#900,#911,#149,.T.);
#768=EDGE_CURVE('',#923,#899,#150,.T.);
#769=EDGE_CURVE('',#924,#923,#151,.T.);
#770=EDGE_CURVE('',#925,#924,#152,.T.);
#771=EDGE_CURVE('',#926,#925,#153,.T.);
#772=EDGE_CURVE('',#926,#927,#995,.F.);
#773=EDGE_CURVE('',#918,#927,#154,.T.);
#774=EDGE_CURVE('',#921,#928,#155,.T.);
#775=EDGE_CURVE('',#912,#928,#156,.T.);
#776=EDGE_CURVE('',#929,#929,#996,.T.);
#777=EDGE_CURVE('',#903,#909,#157,.T.);
#778=EDGE_CURVE('',#930,#913,#158,.F.);
#779=EDGE_CURVE('',#930,#920,#159,.T.);
#780=EDGE_CURVE('',#919,#931,#160,.T.);
#781=EDGE_CURVE('',#932,#931,#997,.T.);
#782=EDGE_CURVE('',#932,#933,#161,.T.);
#783=EDGE_CURVE('',#934,#933,#162,.F.);
#784=EDGE_CURVE('',#935,#934,#163,.T.);
#785=EDGE_CURVE('',#898,#935,#164,.F.);
#786=EDGE_CURVE('',#902,#936,#165,.T.);
#787=EDGE_CURVE('',#936,#908,#68,.T.);
#788=EDGE_CURVE('',#910,#937,#69,.T.);
#789=EDGE_CURVE('',#901,#937,#166,.T.);
#790=EDGE_CURVE('',#934,#924,#998,.F.);
#791=EDGE_CURVE('',#925,#933,#999,.F.);
#792=EDGE_CURVE('',#930,#928,#1000,.T.);
#793=EDGE_CURVE('',#935,#923,#1001,.T.);
#794=EDGE_CURVE('',#926,#932,#1002,.F.);
#795=EDGE_CURVE('',#927,#931,#1003,.F.);
#796=EDGE_CURVE('',#938,#938,#1004,.T.);
#797=EDGE_CURVE('',#939,#939,#1005,.T.);
#798=EDGE_CURVE('',#940,#940,#1006,.T.);
#799=EDGE_CURVE('',#941,#941,#1007,.T.);
#800=EDGE_CURVE('',#942,#942,#1008,.T.);
#801=EDGE_CURVE('',#943,#943,#1009,.T.);
#802=EDGE_CURVE('',#944,#944,#1010,.T.);
#803=EDGE_CURVE('',#945,#946,#167,.F.);
#804=EDGE_CURVE('',#947,#945,#168,.T.);
#805=EDGE_CURVE('',#947,#948,#169,.T.);
#806=EDGE_CURVE('',#946,#948,#170,.T.);
#807=EDGE_CURVE('',#949,#949,#1011,.T.);
#808=EDGE_CURVE('',#950,#951,#171,.T.);
#809=EDGE_CURVE('',#947,#950,#172,.T.);
#810=EDGE_CURVE('',#952,#945,#173,.T.);
#811=EDGE_CURVE('',#952,#951,#70,.T.);
#812=EDGE_CURVE('',#950,#953,#174,.T.);
#813=EDGE_CURVE('',#948,#953,#175,.T.);
#814=EDGE_CURVE('',#954,#953,#176,.T.);
#815=EDGE_CURVE('',#954,#955,#71,.T.);
#816=EDGE_CURVE('',#955,#946,#177,.T.);
#817=EDGE_CURVE('',#956,#956,#1012,.T.);
#818=EDGE_CURVE('',#957,#957,#1013,.T.);
#819=EDGE_CURVE('',#958,#958,#1014,.T.);
#820=EDGE_CURVE('',#951,#954,#72,.T.);
#821=EDGE_CURVE('',#959,#959,#1015,.T.);
#822=EDGE_CURVE('',#946,#902,#73,.T.);
#823=EDGE_CURVE('',#955,#936,#74,.T.);
#824=EDGE_CURVE('',#960,#960,#75,.T.);
#825=EDGE_CURVE('',#945,#901,#76,.T.);
#826=EDGE_CURVE('',#937,#952,#77,.T.);
#827=EDGE_CURVE('',#961,#961,#1016,.T.);
#828=EDGE_CURVE('',#915,#906,#178,.T.);
#829=EDGE_CURVE('',#914,#904,#179,.T.);
#830=EDGE_CURVE('',#916,#905,#180,.T.);
#831=EDGE_CURVE('',#917,#907,#181,.T.);
#832=VERTEX_POINT('',#1943);
#833=VERTEX_POINT('',#1944);
#834=VERTEX_POINT('',#1946);
#835=VERTEX_POINT('',#1948);
#836=VERTEX_POINT('',#1950);
#837=VERTEX_POINT('',#1952);
#838=VERTEX_POINT('',#1955);
#839=VERTEX_POINT('',#1956);
#840=VERTEX_POINT('',#1958);
#841=VERTEX_POINT('',#1960);
#842=VERTEX_POINT('',#1964);
#843=VERTEX_POINT('',#1965);
#844=VERTEX_POINT('',#1970);
#845=VERTEX_POINT('',#1972);
#846=VERTEX_POINT('',#1974);
#847=VERTEX_POINT('',#1976);
#848=VERTEX_POINT('',#1979);
#849=VERTEX_POINT('',#1980);
#850=VERTEX_POINT('',#1982);
#851=VERTEX_POINT('',#1984);
#852=VERTEX_POINT('',#2133);
#853=VERTEX_POINT('',#2138);
#854=VERTEX_POINT('',#2143);
#855=VERTEX_POINT('',#2162);
#856=VERTEX_POINT('',#2165);
#857=VERTEX_POINT('',#2166);
#858=VERTEX_POINT('',#2168);
#859=VERTEX_POINT('',#2170);
#860=VERTEX_POINT('',#2174);
#861=VERTEX_POINT('',#2176);
#862=VERTEX_POINT('',#2179);
#863=VERTEX_POINT('',#2181);
#864=VERTEX_POINT('',#2183);
#865=VERTEX_POINT('',#2185);
#866=VERTEX_POINT('',#2187);
#867=VERTEX_POINT('',#2192);
#868=VERTEX_POINT('',#2194);
#869=VERTEX_POINT('',#2196);
#870=VERTEX_POINT('',#2198);
#871=VERTEX_POINT('',#2200);
#872=VERTEX_POINT('',#2202);
#873=VERTEX_POINT('',#2205);
#874=VERTEX_POINT('',#2213);
#875=VERTEX_POINT('',#2217);
#876=VERTEX_POINT('',#2238);
#877=VERTEX_POINT('',#2241);
#878=VERTEX_POINT('',#2244);
#879=VERTEX_POINT('',#2247);
#880=VERTEX_POINT('',#2250);
#881=VERTEX_POINT('',#2254);
#882=VERTEX_POINT('',#2258);
#883=VERTEX_POINT('',#2260);
#884=VERTEX_POINT('',#2262);
#885=VERTEX_POINT('',#2266);
#886=VERTEX_POINT('',#2267);
#887=VERTEX_POINT('',#2272);
#888=VERTEX_POINT('',#2277);
#889=VERTEX_POINT('',#2281);
#890=VERTEX_POINT('',#2283);
#891=VERTEX_POINT('',#2290);
#892=VERTEX_POINT('',#2292);
#893=VERTEX_POINT('',#2294);
#894=VERTEX_POINT('',#2301);
#895=VERTEX_POINT('',#2304);
#896=VERTEX_POINT('',#2673);
#897=VERTEX_POINT('',#2677);
#898=VERTEX_POINT('',#2690);
#899=VERTEX_POINT('',#2691);
#900=VERTEX_POINT('',#2693);
#901=VERTEX_POINT('',#2695);
#902=VERTEX_POINT('',#2697);
#903=VERTEX_POINT('',#2699);
#904=VERTEX_POINT('',#2702);
#905=VERTEX_POINT('',#2703);
#906=VERTEX_POINT('',#2705);
#907=VERTEX_POINT('',#2707);
#908=VERTEX_POINT('',#2711);
#909=VERTEX_POINT('',#2712);
#910=VERTEX_POINT('',#2717);
#911=VERTEX_POINT('',#2719);
#912=VERTEX_POINT('',#2721);
#913=VERTEX_POINT('',#2723);
#914=VERTEX_POINT('',#2726);
#915=VERTEX_POINT('',#2727);
#916=VERTEX_POINT('',#2729);
#917=VERTEX_POINT('',#2731);
#918=VERTEX_POINT('',#2735);
#919=VERTEX_POINT('',#2736);
#920=VERTEX_POINT('',#2738);
#921=VERTEX_POINT('',#2740);
#922=VERTEX_POINT('',#2744);
#923=VERTEX_POINT('',#2747);
#924=VERTEX_POINT('',#2749);
#925=VERTEX_POINT('',#2751);
#926=VERTEX_POINT('',#2753);
#927=VERTEX_POINT('',#2755);
#928=VERTEX_POINT('',#2758);
#929=VERTEX_POINT('',#2762);
#930=VERTEX_POINT('',#2765);
#931=VERTEX_POINT('',#2768);
#932=VERTEX_POINT('',#2770);
#933=VERTEX_POINT('',#2772);
#934=VERTEX_POINT('',#2774);
#935=VERTEX_POINT('',#2776);
#936=VERTEX_POINT('',#2780);
#937=VERTEX_POINT('',#2790);
#938=VERTEX_POINT('',#2808);
#939=VERTEX_POINT('',#2811);
#940=VERTEX_POINT('',#2814);
#941=VERTEX_POINT('',#2817);
#942=VERTEX_POINT('',#2820);
#943=VERTEX_POINT('',#2824);
#944=VERTEX_POINT('',#2828);
#945=VERTEX_POINT('',#2830);
#946=VERTEX_POINT('',#2831);
#947=VERTEX_POINT('',#2833);
#948=VERTEX_POINT('',#2835);
#949=VERTEX_POINT('',#2838);
#950=VERTEX_POINT('',#2841);
#951=VERTEX_POINT('',#2842);
#952=VERTEX_POINT('',#2845);
#953=VERTEX_POINT('',#2852);
#954=VERTEX_POINT('',#2856);
#955=VERTEX_POINT('',#2861);
#956=VERTEX_POINT('',#2865);
#957=VERTEX_POINT('',#2867);
#958=VERTEX_POINT('',#2869);
#959=VERTEX_POINT('',#2876);
#960=VERTEX_POINT('',#3224);
#961=VERTEX_POINT('',#3423);
#962=CIRCLE('',#1433,0.007);
#963=CIRCLE('',#1435,0.007);
#964=CIRCLE('',#1437,0.00995);
#965=CIRCLE('',#1438,0.00995);
#966=CIRCLE('',#1440,0.0021);
#967=CIRCLE('',#1441,0.0013);
#968=CIRCLE('',#1443,0.0021);
#969=CIRCLE('',#1444,0.0013);
#970=CIRCLE('',#1448,0.00995);
#971=CIRCLE('',#1449,0.00995);
#972=CIRCLE('',#1451,0.007);
#973=CIRCLE('',#1453,0.007);
#974=CIRCLE('',#1457,0.00974149905717571);
#975=CIRCLE('',#1459,0.0097414990571757);
#976=CIRCLE('',#1462,0.0021);
#977=CIRCLE('',#1464,0.0019);
#978=CIRCLE('',#1466,0.0021);
#979=CIRCLE('',#1468,0.0019);
#980=CIRCLE('',#1470,0.0019);
#981=CIRCLE('',#1473,0.0019);
#982=CIRCLE('',#1476,0.0015);
#983=CIRCLE('',#1481,0.0015);
#984=CIRCLE('',#1482,0.0015);
#985=CIRCLE('',#1483,0.0015);
#986=CIRCLE('',#1485,0.0015);
#987=CIRCLE('',#1487,0.0015);
#988=CIRCLE('',#1491,0.003);
#989=CIRCLE('',#1494,0.003);
#990=CIRCLE('',#1502,0.007);
#991=CIRCLE('',#1504,0.007);
#992=CIRCLE('',#1506,0.00995);
#993=CIRCLE('',#1507,0.00995);
#994=CIRCLE('',#1509,0.0021);
#995=CIRCLE('',#1510,0.0013);
#996=CIRCLE('',#1512,0.0021);
#997=CIRCLE('',#1513,0.0013);
#998=CIRCLE('',#1517,0.00995);
#999=CIRCLE('',#1518,0.00995);
#1000=CIRCLE('',#1520,0.007);
#1001=CIRCLE('',#1522,0.007);
#1002=CIRCLE('',#1526,0.00974149905717571);
#1003=CIRCLE('',#1528,0.0097414990571757);
#1004=CIRCLE('',#1531,0.0021);
#1005=CIRCLE('',#1533,0.0019);
#1006=CIRCLE('',#1535,0.0021);
#1007=CIRCLE('',#1537,0.0019);
#1008=CIRCLE('',#1539,0.0019);
#1009=CIRCLE('',#1542,0.0019);
#1010=CIRCLE('',#1545,0.0015);
#1011=CIRCLE('',#1546,0.0015);
#1012=CIRCLE('',#1551,0.0015);
#1013=CIRCLE('',#1552,0.0015);
#1014=CIRCLE('',#1553,0.0015);
#1015=CIRCLE('',#1555,0.0015);
#1016=CIRCLE('',#1559,0.003);
#1017=EDGE_LOOP('',(#286,#287,#288,#289,#290,#291));
#1018=EDGE_LOOP('',(#292,#293,#294,#295));
#1019=EDGE_LOOP('',(#296,#297,#298,#299,#300,#301));
#1020=EDGE_LOOP('',(#302,#303,#304,#305));
#1021=EDGE_LOOP('',(#306));
#1022=EDGE_LOOP('',(#307,#308,#309,#310));
#1023=EDGE_LOOP('',(#311));
#1024=EDGE_LOOP('',(#312,#313,#314,#315));
#1025=EDGE_LOOP('',(#316));
#1026=EDGE_LOOP('',(#317,#318,#319,#320,#321,#322,#323,#324,#325,#326,#327,
#328));
#1027=EDGE_LOOP('',(#329));
#1028=EDGE_LOOP('',(#330,#331,#332,#333,#334,#335,#336,#337,#338,#339,#340,
#341));
#1029=EDGE_LOOP('',(#342,#343,#344,#345,#346));
#1030=EDGE_LOOP('',(#347,#348,#349,#350,#351));
#1031=EDGE_LOOP('',(#352,#353,#354,#355));
#1032=EDGE_LOOP('',(#356,#357,#358,#359));
#1033=EDGE_LOOP('',(#360,#361,#362,#363));
#1034=EDGE_LOOP('',(#364,#365,#366,#367));
#1035=EDGE_LOOP('',(#368,#369,#370,#371));
#1036=EDGE_LOOP('',(#372,#373,#374,#375));
#1037=EDGE_LOOP('',(#376,#377,#378,#379));
#1038=EDGE_LOOP('',(#380,#381,#382,#383));
#1039=EDGE_LOOP('',(#384));
#1040=EDGE_LOOP('',(#385));
#1041=EDGE_LOOP('',(#386));
#1042=EDGE_LOOP('',(#387));
#1043=EDGE_LOOP('',(#388));
#1044=EDGE_LOOP('',(#389));
#1045=EDGE_LOOP('',(#390));
#1046=EDGE_LOOP('',(#391));
#1047=EDGE_LOOP('',(#392));
#1048=EDGE_LOOP('',(#393));
#1049=EDGE_LOOP('',(#394));
#1050=EDGE_LOOP('',(#395));
#1051=EDGE_LOOP('',(#396));
#1052=EDGE_LOOP('',(#397));
#1053=EDGE_LOOP('',(#398));
#1054=EDGE_LOOP('',(#399,#400,#401,#402));
#1055=EDGE_LOOP('',(#403,#404,#405,#406,#407));
#1056=EDGE_LOOP('',(#408,#409,#410,#411));
#1057=EDGE_LOOP('',(#412,#413,#414,#415,#416));
#1058=EDGE_LOOP('',(#417));
#1059=EDGE_LOOP('',(#418));
#1060=EDGE_LOOP('',(#419));
#1061=EDGE_LOOP('',(#420,#421,#422,#423));
#1062=EDGE_LOOP('',(#424));
#1063=EDGE_LOOP('',(#425));
#1064=EDGE_LOOP('',(#426));
#1065=EDGE_LOOP('',(#427));
#1066=EDGE_LOOP('',(#428));
#1067=EDGE_LOOP('',(#429));
#1068=EDGE_LOOP('',(#430,#431,#432,#433));
#1069=EDGE_LOOP('',(#434,#435,#436,#437));
#1070=EDGE_LOOP('',(#438,#439,#440,#441,#442,#443,#444,#445));
#1071=EDGE_LOOP('',(#446));
#1072=EDGE_LOOP('',(#447));
#1073=EDGE_LOOP('',(#448));
#1074=EDGE_LOOP('',(#449));
#1075=EDGE_LOOP('',(#450));
#1076=EDGE_LOOP('',(#451));
#1077=EDGE_LOOP('',(#452));
#1078=EDGE_LOOP('',(#453));
#1079=EDGE_LOOP('',(#454,#455,#456,#457));
#1080=EDGE_LOOP('',(#458,#459,#460,#461));
#1081=EDGE_LOOP('',(#462,#463,#464,#465));
#1082=EDGE_LOOP('',(#466,#467,#468,#469));
#1083=EDGE_LOOP('',(#470,#471,#472,#473,#474,#475));
#1084=EDGE_LOOP('',(#476,#477,#478,#479));
#1085=EDGE_LOOP('',(#480,#481,#482,#483,#484,#485));
#1086=EDGE_LOOP('',(#486,#487,#488,#489));
#1087=EDGE_LOOP('',(#490,#491,#492,#493));
#1088=EDGE_LOOP('',(#494));
#1089=EDGE_LOOP('',(#495,#496,#497,#498,#499,#500,#501,#502,#503,#504,#505,
#506));
#1090=EDGE_LOOP('',(#507));
#1091=EDGE_LOOP('',(#508,#509,#510,#511,#512,#513,#514,#515,#516,#517,#518,
#519));
#1092=EDGE_LOOP('',(#520,#521,#522,#523,#524));
#1093=EDGE_LOOP('',(#525,#526,#527,#528,#529));
#1094=EDGE_LOOP('',(#530,#531,#532,#533));
#1095=EDGE_LOOP('',(#534,#535,#536,#537));
#1096=EDGE_LOOP('',(#538,#539,#540,#541));
#1097=EDGE_LOOP('',(#542,#543,#544,#545));
#1098=EDGE_LOOP('',(#546,#547,#548,#549));
#1099=EDGE_LOOP('',(#550,#551,#552,#553));
#1100=EDGE_LOOP('',(#554,#555,#556,#557));
#1101=EDGE_LOOP('',(#558,#559,#560,#561));
#1102=EDGE_LOOP('',(#562));
#1103=EDGE_LOOP('',(#563));
#1104=EDGE_LOOP('',(#564));
#1105=EDGE_LOOP('',(#565));
#1106=EDGE_LOOP('',(#566));
#1107=EDGE_LOOP('',(#567));
#1108=EDGE_LOOP('',(#568));
#1109=EDGE_LOOP('',(#569));
#1110=EDGE_LOOP('',(#570));
#1111=EDGE_LOOP('',(#571));
#1112=EDGE_LOOP('',(#572));
#1113=EDGE_LOOP('',(#573));
#1114=EDGE_LOOP('',(#574));
#1115=EDGE_LOOP('',(#575));
#1116=EDGE_LOOP('',(#576));
#1117=EDGE_LOOP('',(#577,#578,#579,#580));
#1118=EDGE_LOOP('',(#581));
#1119=EDGE_LOOP('',(#582,#583,#584,#585,#586));
#1120=EDGE_LOOP('',(#587,#588,#589,#590));
#1121=EDGE_LOOP('',(#591,#592,#593,#594,#595));
#1122=EDGE_LOOP('',(#596));
#1123=EDGE_LOOP('',(#597));
#1124=EDGE_LOOP('',(#598));
#1125=EDGE_LOOP('',(#599,#600,#601,#602));
#1126=EDGE_LOOP('',(#603));
#1127=EDGE_LOOP('',(#604));
#1128=EDGE_LOOP('',(#605));
#1129=EDGE_LOOP('',(#606));
#1130=EDGE_LOOP('',(#607));
#1131=EDGE_LOOP('',(#608));
#1132=EDGE_LOOP('',(#609,#610,#611,#612));
#1133=EDGE_LOOP('',(#613));
#1134=EDGE_LOOP('',(#614,#615,#616,#617));
#1135=EDGE_LOOP('',(#618,#619,#620,#621));
#1136=EDGE_LOOP('',(#622));
#1137=EDGE_LOOP('',(#623));
#1138=EDGE_LOOP('',(#624));
#1139=EDGE_LOOP('',(#625));
#1140=EDGE_LOOP('',(#626,#627,#628,#629,#630,#631,#632,#633));
#1141=EDGE_LOOP('',(#634,#635,#636,#637));
#1142=EDGE_LOOP('',(#638,#639,#640,#641));
#1143=EDGE_LOOP('',(#642,#643,#644,#645));
#1144=EDGE_LOOP('',(#646,#647,#648,#649));
#1145=FACE_BOUND('',#1017,.T.);
#1146=FACE_BOUND('',#1018,.T.);
#1147=FACE_BOUND('',#1019,.T.);
#1148=FACE_BOUND('',#1020,.T.);
#1149=FACE_BOUND('',#1021,.T.);
#1150=FACE_BOUND('',#1022,.T.);
#1151=FACE_BOUND('',#1023,.T.);
#1152=FACE_BOUND('',#1024,.T.);
#1153=FACE_BOUND('',#1025,.T.);
#1154=FACE_BOUND('',#1026,.T.);
#1155=FACE_BOUND('',#1027,.T.);
#1156=FACE_BOUND('',#1028,.T.);
#1157=FACE_BOUND('',#1029,.T.);
#1158=FACE_BOUND('',#1030,.T.);
#1159=FACE_BOUND('',#1031,.T.);
#1160=FACE_BOUND('',#1032,.T.);
#1161=FACE_BOUND('',#1033,.T.);
#1162=FACE_BOUND('',#1034,.T.);
#1163=FACE_BOUND('',#1035,.T.);
#1164=FACE_BOUND('',#1036,.T.);
#1165=FACE_BOUND('',#1037,.T.);
#1166=FACE_BOUND('',#1038,.T.);
#1167=FACE_BOUND('',#1039,.T.);
#1168=FACE_BOUND('',#1040,.T.);
#1169=FACE_BOUND('',#1041,.T.);
#1170=FACE_BOUND('',#1042,.T.);
#1171=FACE_BOUND('',#1043,.T.);
#1172=FACE_BOUND('',#1044,.T.);
#1173=FACE_BOUND('',#1045,.T.);
#1174=FACE_BOUND('',#1046,.T.);
#1175=FACE_BOUND('',#1047,.T.);
#1176=FACE_BOUND('',#1048,.T.);
#1177=FACE_BOUND('',#1049,.T.);
#1178=FACE_BOUND('',#1050,.T.);
#1179=FACE_BOUND('',#1051,.T.);
#1180=FACE_BOUND('',#1052,.T.);
#1181=FACE_BOUND('',#1053,.T.);
#1182=FACE_BOUND('',#1054,.T.);
#1183=FACE_BOUND('',#1055,.T.);
#1184=FACE_BOUND('',#1056,.T.);
#1185=FACE_BOUND('',#1057,.T.);
#1186=FACE_BOUND('',#1058,.T.);
#1187=FACE_BOUND('',#1059,.T.);
#1188=FACE_BOUND('',#1060,.T.);
#1189=FACE_BOUND('',#1061,.T.);
#1190=FACE_BOUND('',#1062,.T.);
#1191=FACE_BOUND('',#1063,.T.);
#1192=FACE_BOUND('',#1064,.T.);
#1193=FACE_BOUND('',#1065,.T.);
#1194=FACE_BOUND('',#1066,.T.);
#1195=FACE_BOUND('',#1067,.T.);
#1196=FACE_BOUND('',#1068,.T.);
#1197=FACE_BOUND('',#1069,.T.);
#1198=FACE_BOUND('',#1070,.T.);
#1199=FACE_BOUND('',#1071,.T.);
#1200=FACE_BOUND('',#1072,.T.);
#1201=FACE_BOUND('',#1073,.T.);
#1202=FACE_BOUND('',#1074,.T.);
#1203=FACE_BOUND('',#1075,.T.);
#1204=FACE_BOUND('',#1076,.T.);
#1205=FACE_BOUND('',#1077,.T.);
#1206=FACE_BOUND('',#1078,.T.);
#1207=FACE_BOUND('',#1079,.T.);
#1208=FACE_BOUND('',#1080,.T.);
#1209=FACE_BOUND('',#1081,.T.);
#1210=FACE_BOUND('',#1082,.T.);
#1211=FACE_BOUND('',#1083,.T.);
#1212=FACE_BOUND('',#1084,.T.);
#1213=FACE_BOUND('',#1085,.T.);
#1214=FACE_BOUND('',#1086,.T.);
#1215=FACE_BOUND('',#1087,.T.);
#1216=FACE_BOUND('',#1088,.T.);
#1217=FACE_BOUND('',#1089,.T.);
#1218=FACE_BOUND('',#1090,.T.);
#1219=FACE_BOUND('',#1091,.T.);
#1220=FACE_BOUND('',#1092,.T.);
#1221=FACE_BOUND('',#1093,.T.);
#1222=FACE_BOUND('',#1094,.T.);
#1223=FACE_BOUND('',#1095,.T.);
#1224=FACE_BOUND('',#1096,.T.);
#1225=FACE_BOUND('',#1097,.T.);
#1226=FACE_BOUND('',#1098,.T.);
#1227=FACE_BOUND('',#1099,.T.);
#1228=FACE_BOUND('',#1100,.T.);
#1229=FACE_BOUND('',#1101,.T.);
#1230=FACE_BOUND('',#1102,.T.);
#1231=FACE_BOUND('',#1103,.T.);
#1232=FACE_BOUND('',#1104,.T.);
#1233=FACE_BOUND('',#1105,.T.);
#1234=FACE_BOUND('',#1106,.T.);
#1235=FACE_BOUND('',#1107,.T.);
#1236=FACE_BOUND('',#1108,.T.);
#1237=FACE_BOUND('',#1109,.T.);
#1238=FACE_BOUND('',#1110,.T.);
#1239=FACE_BOUND('',#1111,.T.);
#1240=FACE_BOUND('',#1112,.T.);
#1241=FACE_BOUND('',#1113,.T.);
#1242=FACE_BOUND('',#1114,.T.);
#1243=FACE_BOUND('',#1115,.T.);
#1244=FACE_BOUND('',#1116,.T.);
#1245=FACE_BOUND('',#1117,.T.);
#1246=FACE_BOUND('',#1118,.T.);
#1247=FACE_BOUND('',#1119,.T.);
#1248=FACE_BOUND('',#1120,.T.);
#1249=FACE_BOUND('',#1121,.T.);
#1250=FACE_BOUND('',#1122,.T.);
#1251=FACE_BOUND('',#1123,.T.);
#1252=FACE_BOUND('',#1124,.T.);
#1253=FACE_BOUND('',#1125,.T.);
#1254=FACE_BOUND('',#1126,.T.);
#1255=FACE_BOUND('',#1127,.T.);
#1256=FACE_BOUND('',#1128,.T.);
#1257=FACE_BOUND('',#1129,.T.);
#1258=FACE_BOUND('',#1130,.T.);
#1259=FACE_BOUND('',#1131,.T.);
#1260=FACE_BOUND('',#1132,.T.);
#1261=FACE_BOUND('',#1133,.T.);
#1262=FACE_BOUND('',#1134,.T.);
#1263=FACE_BOUND('',#1135,.T.);
#1264=FACE_BOUND('',#1136,.T.);
#1265=FACE_BOUND('',#1137,.T.);
#1266=FACE_BOUND('',#1138,.T.);
#1267=FACE_BOUND('',#1139,.T.);
#1268=FACE_BOUND('',#1140,.T.);
#1269=FACE_BOUND('',#1141,.T.);
#1270=FACE_BOUND('',#1142,.T.);
#1271=FACE_BOUND('',#1143,.T.);
#1272=FACE_BOUND('',#1144,.T.);
#1273=PLANE('',#1432);
#1274=PLANE('',#1434);
#1275=PLANE('',#1439);
#1276=PLANE('',#1442);
#1277=PLANE('',#1445);
#1278=PLANE('',#1446);
#1279=PLANE('',#1450);
#1280=PLANE('',#1452);
#1281=PLANE('',#1456);
#1282=PLANE('',#1460);
#1283=PLANE('',#1463);
#1284=PLANE('',#1467);
#1285=PLANE('',#1469);
#1286=PLANE('',#1472);
#1287=PLANE('',#1475);
#1288=PLANE('',#1477);
#1289=PLANE('',#1478);
#1290=PLANE('',#1479);
#1291=PLANE('',#1480);
#1292=PLANE('',#1489);
#1293=PLANE('',#1490);
#1294=PLANE('',#1493);
#1295=PLANE('',#1496);
#1296=PLANE('',#1497);
#1297=PLANE('',#1498);
#1298=PLANE('',#1499);
#1299=PLANE('',#1501);
#1300=PLANE('',#1503);
#1301=PLANE('',#1508);
#1302=PLANE('',#1511);
#1303=PLANE('',#1514);
#1304=PLANE('',#1515);
#1305=PLANE('',#1519);
#1306=PLANE('',#1521);
#1307=PLANE('',#1525);
#1308=PLANE('',#1529);
#1309=PLANE('',#1532);
#1310=PLANE('',#1536);
#1311=PLANE('',#1538);
#1312=PLANE('',#1541);
#1313=PLANE('',#1544);
#1314=PLANE('',#1547);
#1315=PLANE('',#1548);
#1316=PLANE('',#1549);
#1317=PLANE('',#1550);
#1318=PLANE('',#1558);
#1319=PLANE('',#1561);
#1320=PLANE('',#1562);
#1321=PLANE('',#1563);
#1322=PLANE('',#1564);
#1323=PLANE('',#1565);
#1324=ADVANCED_FACE('',(#1145,#1146),#1273,.T.);
#1325=ADVANCED_FACE('',(#1147,#1148),#1274,.F.);
#1326=ADVANCED_FACE('',(#1149,#1150,#1151),#49,.T.);
#1327=ADVANCED_FACE('',(#1152),#24,.F.);
#1328=ADVANCED_FACE('',(#1153,#1154),#1275,.F.);
#1329=ADVANCED_FACE('',(#1155,#1156),#1276,.F.);
#1330=ADVANCED_FACE('',(#1157),#1277,.F.);
#1331=ADVANCED_FACE('',(#1158),#1278,.T.);
#1332=ADVANCED_FACE('',(#1159),#25,.F.);
#1333=ADVANCED_FACE('',(#1160),#1279,.T.);
#1334=ADVANCED_FACE('',(#1161),#1280,.F.);
#1335=ADVANCED_FACE('',(#1162),#26,.F.);
#1336=ADVANCED_FACE('',(#1163),#27,.F.);
#1337=ADVANCED_FACE('',(#1164),#1281,.F.);
#1338=ADVANCED_FACE('',(#1165),#22,.T.);
#1339=ADVANCED_FACE('',(#1166),#1282,.F.);
#1340=ADVANCED_FACE('',(#1167,#1168),#28,.F.);
#1341=ADVANCED_FACE('',(#1169,#1170),#1283,.T.);
#1342=ADVANCED_FACE('',(#1171,#1172),#29,.F.);
#1343=ADVANCED_FACE('',(#1173,#1174),#1284,.T.);
#1344=ADVANCED_FACE('',(#1175),#1285,.T.);
#1345=ADVANCED_FACE('',(#1176,#1177),#30,.F.);
#1346=ADVANCED_FACE('',(#1178),#1286,.T.);
#1347=ADVANCED_FACE('',(#1179,#1180),#31,.F.);
#1348=ADVANCED_FACE('',(#1181,#1182),#1287,.F.);
#1349=ADVANCED_FACE('',(#1183),#1288,.F.);
#1350=ADVANCED_FACE('',(#1184),#1289,.T.);
#1351=ADVANCED_FACE('',(#1185),#1290,.F.);
#1352=ADVANCED_FACE('',(#1186,#1187,#1188,#1189),#1291,.T.);
#1353=ADVANCED_FACE('',(#1190,#1191),#32,.F.);
#1354=ADVANCED_FACE('',(#1192,#1193),#33,.F.);
#1355=ADVANCED_FACE('',(#1194,#1195),#34,.F.);
#1356=ADVANCED_FACE('',(#1196),#50,.T.);
#1357=ADVANCED_FACE('',(#1197),#51,.T.);
#1358=ADVANCED_FACE('',(#1198),#1292,.T.);
#1359=ADVANCED_FACE('',(#1199,#1200),#1293,.T.);
#1360=ADVANCED_FACE('',(#1201,#1202),#35,.F.);
#1361=ADVANCED_FACE('',(#1203,#1204),#1294,.T.);
#1362=ADVANCED_FACE('',(#1205,#1206),#36,.F.);
#1363=ADVANCED_FACE('',(#1207),#1295,.T.);
#1364=ADVANCED_FACE('',(#1208),#1296,.F.);
#1365=ADVANCED_FACE('',(#1209),#1297,.F.);
#1366=ADVANCED_FACE('',(#1210),#1298,.T.);
#1367=ADVANCED_FACE('',(#1211,#1212),#1299,.T.);
#1368=ADVANCED_FACE('',(#1213,#1214),#1300,.F.);
#1369=ADVANCED_FACE('',(#1215),#37,.F.);
#1370=ADVANCED_FACE('',(#1216,#1217),#1301,.F.);
#1371=ADVANCED_FACE('',(#1218,#1219),#1302,.F.);
#1372=ADVANCED_FACE('',(#1220),#1303,.F.);
#1373=ADVANCED_FACE('',(#1221),#1304,.T.);
#1374=ADVANCED_FACE('',(#1222),#38,.F.);
#1375=ADVANCED_FACE('',(#1223),#1305,.T.);
#1376=ADVANCED_FACE('',(#1224),#1306,.F.);
#1377=ADVANCED_FACE('',(#1225),#39,.F.);
#1378=ADVANCED_FACE('',(#1226),#40,.F.);
#1379=ADVANCED_FACE('',(#1227),#1307,.F.);
#1380=ADVANCED_FACE('',(#1228),#23,.T.);
#1381=ADVANCED_FACE('',(#1229),#1308,.F.);
#1382=ADVANCED_FACE('',(#1230,#1231),#41,.F.);
#1383=ADVANCED_FACE('',(#1232,#1233),#1309,.T.);
#1384=ADVANCED_FACE('',(#1234,#1235),#42,.F.);
#1385=ADVANCED_FACE('',(#1236,#1237),#1310,.T.);
#1386=ADVANCED_FACE('',(#1238),#1311,.T.);
#1387=ADVANCED_FACE('',(#1239,#1240),#43,.F.);
#1388=ADVANCED_FACE('',(#1241),#1312,.T.);
#1389=ADVANCED_FACE('',(#1242,#1243),#44,.F.);
#1390=ADVANCED_FACE('',(#1244,#1245,#1246),#1313,.F.);
#1391=ADVANCED_FACE('',(#1247),#1314,.F.);
#1392=ADVANCED_FACE('',(#1248),#1315,.T.);
#1393=ADVANCED_FACE('',(#1249),#1316,.F.);
#1394=ADVANCED_FACE('',(#1250,#1251,#1252,#1253),#1317,.T.);
#1395=ADVANCED_FACE('',(#1254,#1255),#45,.F.);
#1396=ADVANCED_FACE('',(#1256,#1257),#46,.F.);
#1397=ADVANCED_FACE('',(#1258,#1259),#47,.F.);
#1398=ADVANCED_FACE('',(#1260),#52,.T.);
#1399=ADVANCED_FACE('',(#1261,#1262),#53,.T.);
#1400=ADVANCED_FACE('',(#1263),#54,.T.);
#1401=ADVANCED_FACE('',(#1264,#1265),#1318,.T.);
#1402=ADVANCED_FACE('',(#1266,#1267),#48,.F.);
#1403=ADVANCED_FACE('',(#1268),#1319,.T.);
#1404=ADVANCED_FACE('',(#1269),#1320,.T.);
#1405=ADVANCED_FACE('',(#1270),#1321,.F.);
#1406=ADVANCED_FACE('',(#1271),#1322,.F.);
#1407=ADVANCED_FACE('',(#1272),#1323,.T.);
#1408=CLOSED_SHELL('',(#1324,#1325,#1326,#1327,#1328,#1329,#1330,#1331,
#1332,#1333,#1334,#1335,#1336,#1337,#1338,#1339,#1340,#1341,#1342,#1343,
#1344,#1345,#1346,#1347,#1348,#1349,#1350,#1351,#1352,#1353,#1354,#1355,
#1356,#1357,#1358,#1359,#1360,#1361,#1362,#1363,#1364,#1365,#1366));
#1409=CLOSED_SHELL('',(#1367,#1368,#1369,#1370,#1371,#1372,#1373,#1374,
#1375,#1376,#1377,#1378,#1379,#1380,#1381,#1382,#1383,#1384,#1385,#1386,
#1387,#1388,#1389,#1390,#1391,#1392,#1393,#1394,#1395,#1396,#1397,#1398,
#1399,#1400,#1401,#1402,#1403,#1404,#1405,#1406,#1407));
#1410=STYLED_ITEM('',(#1412),#1425);
#1411=STYLED_ITEM('',(#1413),#1426);
#1412=PRESENTATION_STYLE_ASSIGNMENT((#1414));
#1413=PRESENTATION_STYLE_ASSIGNMENT((#1415));
#1414=SURFACE_STYLE_USAGE(.BOTH.,#1416);
#1415=SURFACE_STYLE_USAGE(.BOTH.,#1417);
#1416=SURFACE_SIDE_STYLE('',(#1418));
#1417=SURFACE_SIDE_STYLE('',(#1419));
#1418=SURFACE_STYLE_FILL_AREA(#1420);
#1419=SURFACE_STYLE_FILL_AREA(#1421);
#1420=FILL_AREA_STYLE('',(#1422));
#1421=FILL_AREA_STYLE('',(#1423));
#1422=FILL_AREA_STYLE_COLOUR('',#1424);
#1423=FILL_AREA_STYLE_COLOUR('',#1424);
#1424=COLOUR_RGB('',0.615686274509804,0.811764705882353,0.929411764705882);
#1425=MANIFOLD_SOLID_BREP('Left Rear Bearing Mount',#1408);
#1426=MANIFOLD_SOLID_BREP('Right Rear Bearing Mount',#1409);
#1427=SHAPE_DEFINITION_REPRESENTATION(#3446,#1429);
#1428=SHAPE_DEFINITION_REPRESENTATION(#3447,#1430);
#1429=SHAPE_REPRESENTATION('Left Rear Bearing Mount',(#1431),#3436);
#1430=SHAPE_REPRESENTATION('Right Rear Bearing Mount',(#1500),#3437);
#1431=AXIS2_PLACEMENT_3D('',#1940,#1566,#1567);
#1432=AXIS2_PLACEMENT_3D('',#1941,#1568,#1569);
#1433=AXIS2_PLACEMENT_3D('',#1942,#1570,#1571);
#1434=AXIS2_PLACEMENT_3D('',#1962,#1581,#1582);
#1435=AXIS2_PLACEMENT_3D('',#1975,#1586,#1587);
#1436=AXIS2_PLACEMENT_3D('',#2163,#1594,#1595);
#1437=AXIS2_PLACEMENT_3D('',#2164,#1596,#1597);
#1438=AXIS2_PLACEMENT_3D('',#2169,#1599,#1600);
#1439=AXIS2_PLACEMENT_3D('',#2172,#1602,#1603);
#1440=AXIS2_PLACEMENT_3D('',#2173,#1604,#1605);
#1441=AXIS2_PLACEMENT_3D('',#2180,#1609,#1610);
#1442=AXIS2_PLACEMENT_3D('',#2190,#1616,#1617);
#1443=AXIS2_PLACEMENT_3D('',#2191,#1618,#1619);
#1444=AXIS2_PLACEMENT_3D('',#2201,#1624,#1625);
#1445=AXIS2_PLACEMENT_3D('',#2208,#1630,#1631);
#1446=AXIS2_PLACEMENT_3D('',#2215,#1633,#1634);
#1447=AXIS2_PLACEMENT_3D('',#2222,#1636,#1637);
#1448=AXIS2_PLACEMENT_3D('',#2223,#1638,#1639);
#1449=AXIS2_PLACEMENT_3D('',#2224,#1640,#1641);
#1450=AXIS2_PLACEMENT_3D('',#2225,#1642,#1643);
#1451=AXIS2_PLACEMENT_3D('',#2226,#1644,#1645);
#1452=AXIS2_PLACEMENT_3D('',#2227,#1646,#1647);
#1453=AXIS2_PLACEMENT_3D('',#2228,#1648,#1649);
#1454=AXIS2_PLACEMENT_3D('',#2229,#1650,#1651);
#1455=AXIS2_PLACEMENT_3D('',#2230,#1652,#1653);
#1456=AXIS2_PLACEMENT_3D('',#2231,#1654,#1655);
#1457=AXIS2_PLACEMENT_3D('',#2232,#1656,#1657);
#1458=AXIS2_PLACEMENT_3D('',#2233,#1658,#1659);
#1459=AXIS2_PLACEMENT_3D('',#2234,#1660,#1661);
#1460=AXIS2_PLACEMENT_3D('',#2235,#1662,#1663);
#1461=AXIS2_PLACEMENT_3D('',#2236,#1664,#1665);
#1462=AXIS2_PLACEMENT_3D('',#2237,#1666,#1667);
#1463=AXIS2_PLACEMENT_3D('',#2239,#1668,#1669);
#1464=AXIS2_PLACEMENT_3D('',#2240,#1670,#1671);
#1465=AXIS2_PLACEMENT_3D('',#2242,#1672,#1673);
#1466=AXIS2_PLACEMENT_3D('',#2243,#1674,#1675);
#1467=AXIS2_PLACEMENT_3D('',#2245,#1676,#1677);
#1468=AXIS2_PLACEMENT_3D('',#2246,#1678,#1679);
#1469=AXIS2_PLACEMENT_3D('',#2248,#1680,#1681);
#1470=AXIS2_PLACEMENT_3D('',#2249,#1682,#1683);
#1471=AXIS2_PLACEMENT_3D('',#2251,#1684,#1685);
#1472=AXIS2_PLACEMENT_3D('',#2252,#1686,#1687);
#1473=AXIS2_PLACEMENT_3D('',#2253,#1688,#1689);
#1474=AXIS2_PLACEMENT_3D('',#2255,#1690,#1691);
#1475=AXIS2_PLACEMENT_3D('',#2256,#1692,#1693);
#1476=AXIS2_PLACEMENT_3D('',#2257,#1694,#1695);
#1477=AXIS2_PLACEMENT_3D('',#2264,#1699,#1700);
#1478=AXIS2_PLACEMENT_3D('',#2275,#1704,#1705);
#1479=AXIS2_PLACEMENT_3D('',#2279,#1708,#1709);
#1480=AXIS2_PLACEMENT_3D('',#2288,#1712,#1713);
#1481=AXIS2_PLACEMENT_3D('',#2289,#1714,#1715);
#1482=AXIS2_PLACEMENT_3D('',#2291,#1716,#1717);
#1483=AXIS2_PLACEMENT_3D('',#2293,#1718,#1719);
#1484=AXIS2_PLACEMENT_3D('',#2299,#1720,#1721);
#1485=AXIS2_PLACEMENT_3D('',#2300,#1722,#1723);
#1486=AXIS2_PLACEMENT_3D('',#2302,#1724,#1725);
#1487=AXIS2_PLACEMENT_3D('',#2303,#1726,#1727);
#1488=AXIS2_PLACEMENT_3D('',#2305,#1728,#1729);
#1489=AXIS2_PLACEMENT_3D('',#2670,#1730,#1731);
#1490=AXIS2_PLACEMENT_3D('',#2671,#1732,#1733);
#1491=AXIS2_PLACEMENT_3D('',#2672,#1734,#1735);
#1492=AXIS2_PLACEMENT_3D('',#2674,#1736,#1737);
#1493=AXIS2_PLACEMENT_3D('',#2675,#1738,#1739);
#1494=AXIS2_PLACEMENT_3D('',#2676,#1740,#1741);
#1495=AXIS2_PLACEMENT_3D('',#2678,#1742,#1743);
#1496=AXIS2_PLACEMENT_3D('',#2679,#1744,#1745);
#1497=AXIS2_PLACEMENT_3D('',#2682,#1748,#1749);
#1498=AXIS2_PLACEMENT_3D('',#2684,#1751,#1752);
#1499=AXIS2_PLACEMENT_3D('',#2686,#1754,#1755);
#1500=AXIS2_PLACEMENT_3D('',#2687,#1756,#1757);
#1501=AXIS2_PLACEMENT_3D('',#2688,#1758,#1759);
#1502=AXIS2_PLACEMENT_3D('',#2689,#1760,#1761);
#1503=AXIS2_PLACEMENT_3D('',#2709,#1771,#1772);
#1504=AXIS2_PLACEMENT_3D('',#2722,#1776,#1777);
#1505=AXIS2_PLACEMENT_3D('',#2733,#1783,#1784);
#1506=AXIS2_PLACEMENT_3D('',#2734,#1785,#1786);
#1507=AXIS2_PLACEMENT_3D('',#2739,#1788,#1789);
#1508=AXIS2_PLACEMENT_3D('',#2742,#1791,#1792);
#1509=AXIS2_PLACEMENT_3D('',#2743,#1793,#1794);
#1510=AXIS2_PLACEMENT_3D('',#2754,#1800,#1801);
#1511=AXIS2_PLACEMENT_3D('',#2760,#1805,#1806);
#1512=AXIS2_PLACEMENT_3D('',#2761,#1807,#1808);
#1513=AXIS2_PLACEMENT_3D('',#2769,#1813,#1814);
#1514=AXIS2_PLACEMENT_3D('',#2778,#1819,#1820);
#1515=AXIS2_PLACEMENT_3D('',#2785,#1822,#1823);
#1516=AXIS2_PLACEMENT_3D('',#2792,#1825,#1826);
#1517=AXIS2_PLACEMENT_3D('',#2793,#1827,#1828);
#1518=AXIS2_PLACEMENT_3D('',#2794,#1829,#1830);
#1519=AXIS2_PLACEMENT_3D('',#2795,#1831,#1832);
#1520=AXIS2_PLACEMENT_3D('',#2796,#1833,#1834);
#1521=AXIS2_PLACEMENT_3D('',#2797,#1835,#1836);
#1522=AXIS2_PLACEMENT_3D('',#2798,#1837,#1838);
#1523=AXIS2_PLACEMENT_3D('',#2799,#1839,#1840);
#1524=AXIS2_PLACEMENT_3D('',#2800,#1841,#1842);
#1525=AXIS2_PLACEMENT_3D('',#2801,#1843,#1844);
#1526=AXIS2_PLACEMENT_3D('',#2802,#1845,#1846);
#1527=AXIS2_PLACEMENT_3D('',#2803,#1847,#1848);
#1528=AXIS2_PLACEMENT_3D('',#2804,#1849,#1850);
#1529=AXIS2_PLACEMENT_3D('',#2805,#1851,#1852);
#1530=AXIS2_PLACEMENT_3D('',#2806,#1853,#1854);
#1531=AXIS2_PLACEMENT_3D('',#2807,#1855,#1856);
#1532=AXIS2_PLACEMENT_3D('',#2809,#1857,#1858);
#1533=AXIS2_PLACEMENT_3D('',#2810,#1859,#1860);
#1534=AXIS2_PLACEMENT_3D('',#2812,#1861,#1862);
#1535=AXIS2_PLACEMENT_3D('',#2813,#1863,#1864);
#1536=AXIS2_PLACEMENT_3D('',#2815,#1865,#1866);
#1537=AXIS2_PLACEMENT_3D('',#2816,#1867,#1868);
#1538=AXIS2_PLACEMENT_3D('',#2818,#1869,#1870);
#1539=AXIS2_PLACEMENT_3D('',#2819,#1871,#1872);
#1540=AXIS2_PLACEMENT_3D('',#2821,#1873,#1874);
#1541=AXIS2_PLACEMENT_3D('',#2822,#1875,#1876);
#1542=AXIS2_PLACEMENT_3D('',#2823,#1877,#1878);
#1543=AXIS2_PLACEMENT_3D('',#2825,#1879,#1880);
#1544=AXIS2_PLACEMENT_3D('',#2826,#1881,#1882);
#1545=AXIS2_PLACEMENT_3D('',#2827,#1883,#1884);
#1546=AXIS2_PLACEMENT_3D('',#2837,#1889,#1890);
#1547=AXIS2_PLACEMENT_3D('',#2839,#1891,#1892);
#1548=AXIS2_PLACEMENT_3D('',#2850,#1896,#1897);
#1549=AXIS2_PLACEMENT_3D('',#2854,#1900,#1901);
#1550=AXIS2_PLACEMENT_3D('',#2863,#1904,#1905);
#1551=AXIS2_PLACEMENT_3D('',#2864,#1906,#1907);
#1552=AXIS2_PLACEMENT_3D('',#2866,#1908,#1909);
#1553=AXIS2_PLACEMENT_3D('',#2868,#1910,#1911);
#1554=AXIS2_PLACEMENT_3D('',#2874,#1912,#1913);
#1555=AXIS2_PLACEMENT_3D('',#2875,#1914,#1915);
#1556=AXIS2_PLACEMENT_3D('',#2877,#1916,#1917);
#1557=AXIS2_PLACEMENT_3D('',#2878,#1918,#1919);
#1558=AXIS2_PLACEMENT_3D('',#3421,#1920,#1921);
#1559=AXIS2_PLACEMENT_3D('',#3422,#1922,#1923);
#1560=AXIS2_PLACEMENT_3D('',#3424,#1924,#1925);
#1561=AXIS2_PLACEMENT_3D('',#3425,#1926,#1927);
#1562=AXIS2_PLACEMENT_3D('',#3426,#1928,#1929);
#1563=AXIS2_PLACEMENT_3D('',#3429,#1932,#1933);
#1564=AXIS2_PLACEMENT_3D('',#3431,#1935,#1936);
#1565=AXIS2_PLACEMENT_3D('',#3433,#1938,#1939);
#1566=DIRECTION('',(0.,0.,1.));
#1567=DIRECTION('',(1.,0.,0.));
#1568=DIRECTION('',(1.,0.,0.));
#1569=DIRECTION('',(0.,0.,-1.));
#1570=DIRECTION('',(1.,0.,0.));
#1571=DIRECTION('',(0.,0.,-1.));
#1572=DIRECTION('',(0.,0.,-1.));
#1573=DIRECTION('',(0.,1.,0.));
#1574=DIRECTION('',(0.,0.,-1.));
#1575=DIRECTION('',(0.,1.,0.));
#1576=DIRECTION('',(0.,0.,-1.));
#1577=DIRECTION('',(0.,1.,0.));
#1578=DIRECTION('',(0.,0.,-1.));
#1579=DIRECTION('',(0.,1.,0.));
#1580=DIRECTION('',(0.,0.,-1.));
#1581=DIRECTION('',(1.,0.,4.33680868994202E-16));
#1582=DIRECTION('',(4.33680868994202E-16,0.,-1.));
#1583=DIRECTION('',(0.,1.,0.));
#1584=DIRECTION('',(0.,1.,0.));
#1585=DIRECTION('',(4.33680868994202E-16,0.,-1.));
#1586=DIRECTION('',(1.,0.,4.33680868994202E-16));
#1587=DIRECTION('',(4.33680868994202E-16,0.,-1.));
#1588=DIRECTION('',(4.33680868994202E-16,0.,-1.));
#1589=DIRECTION('',(4.33680868994202E-16,0.,-1.));
#1590=DIRECTION('',(0.,1.,0.));
#1591=DIRECTION('',(4.33680868994202E-16,0.,-1.));
#1592=DIRECTION('',(0.,1.,0.));
#1593=DIRECTION('',(0.,3.18715201152878E-16,-1.));
#1594=DIRECTION('',(1.,0.,0.));
#1595=DIRECTION('',(0.,0.,-1.));
#1596=DIRECTION('',(1.,0.,0.));
#1597=DIRECTION('',(0.,0.,-1.));
#1598=DIRECTION('',(1.,0.,0.));
#1599=DIRECTION('',(1.,0.,0.));
#1600=DIRECTION('',(0.,0.,-1.));
#1601=DIRECTION('',(1.,0.,0.));
#1602=DIRECTION('',(0.,-1.,0.));
#1603=DIRECTION('',(1.,0.,0.));
#1604=DIRECTION('',(0.,1.,0.));
#1605=DIRECTION('',(0.,0.,1.));
#1606=DIRECTION('',(1.,0.,0.));
#1607=DIRECTION('',(0.,0.,1.));
#1608=DIRECTION('',(0.,0.,1.));
#1609=DIRECTION('',(0.,-1.,0.));
#1610=DIRECTION('',(0.,0.,-1.));
#1611=DIRECTION('',(0.,0.,-1.));
#1612=DIRECTION('',(1.,0.,0.));
#1613=DIRECTION('',(0.,0.,1.));
#1614=DIRECTION('',(1.,0.,0.));
#1615=DIRECTION('',(-1.,0.,-1.38777878078145E-16));
#1616=DIRECTION('',(0.,-1.,0.));
#1617=DIRECTION('',(1.,0.,0.));
#1618=DIRECTION('',(0.,-1.,0.));
#1619=DIRECTION('',(0.,0.,1.));
#1620=DIRECTION('',(1.,0.,0.));
#1621=DIRECTION('',(0.,0.,1.));
#1622=DIRECTION('',(1.,0.,0.));
#1623=DIRECTION('',(0.,0.,1.));
#1624=DIRECTION('',(0.,-1.,0.));
#1625=DIRECTION('',(0.,0.,-1.));
#1626=DIRECTION('',(0.,0.,-1.));
#1627=DIRECTION('',(0.,0.,1.));
#1628=DIRECTION('',(1.,0.,0.));
#1629=DIRECTION('',(-1.,0.,0.));
#1630=DIRECTION('',(0.,0.,-1.));
#1631=DIRECTION('',(-1.,0.,0.));
#1632=DIRECTION('',(-1.,0.,0.));
#1633=DIRECTION('',(1.38777878078145E-16,0.,-1.));
#1634=DIRECTION('',(-1.,0.,-1.38777878078145E-16));
#1635=DIRECTION('',(-1.,0.,-1.38777878078145E-16));
#1636=DIRECTION('',(1.,0.,0.));
#1637=DIRECTION('',(0.,0.,-1.));
#1638=DIRECTION('',(-1.,0.,0.));
#1639=DIRECTION('',(0.,0.,1.));
#1640=DIRECTION('',(1.,0.,0.));
#1641=DIRECTION('',(0.,0.,-1.));
#1642=DIRECTION('',(1.,0.,0.));
#1643=DIRECTION('',(0.,1.,0.));
#1644=DIRECTION('',(1.,0.,0.));
#1645=DIRECTION('',(0.,0.,-1.));
#1646=DIRECTION('',(1.,0.,0.));
#1647=DIRECTION('',(0.,1.,0.));
#1648=DIRECTION('',(1.,0.,0.));
#1649=DIRECTION('',(0.,0.,-1.));
#1650=DIRECTION('',(1.,0.,0.));
#1651=DIRECTION('',(0.,0.,-1.));
#1652=DIRECTION('',(1.,0.,0.));
#1653=DIRECTION('',(0.,0.,-1.));
#1654=DIRECTION('',(-1.,0.,0.));
#1655=DIRECTION('',(0.,0.,1.));
#1656=DIRECTION('',(-1.,0.,0.));
#1657=DIRECTION('',(0.,0.,1.));
#1658=DIRECTION('',(-1.,0.,0.));
#1659=DIRECTION('',(0.,0.,1.));
#1660=DIRECTION('',(-1.,0.,0.));
#1661=DIRECTION('',(0.,0.,1.));
#1662=DIRECTION('',(1.,0.,0.));
#1663=DIRECTION('',(0.,0.,-1.));
#1664=DIRECTION('',(0.,1.,0.));
#1665=DIRECTION('',(0.,0.,1.));
#1666=DIRECTION('',(0.,1.,0.));
#1667=DIRECTION('',(0.,0.,1.));
#1668=DIRECTION('',(0.,1.,0.));
#1669=DIRECTION('',(-1.,0.,0.));
#1670=DIRECTION('',(0.,1.,0.));
#1671=DIRECTION('',(0.,0.,1.));
#1672=DIRECTION('',(0.,1.,0.));
#1673=DIRECTION('',(0.,0.,1.));
#1674=DIRECTION('',(0.,-1.,0.));
#1675=DIRECTION('',(0.,0.,1.));
#1676=DIRECTION('',(0.,1.,0.));
#1677=DIRECTION('',(-1.,0.,0.));
#1678=DIRECTION('',(0.,-1.,0.));
#1679=DIRECTION('',(0.,0.,1.));
#1680=DIRECTION('',(0.,1.,0.));
#1681=DIRECTION('',(-1.,0.,0.));
#1682=DIRECTION('',(0.,1.,0.));
#1683=DIRECTION('',(0.,0.,1.));
#1684=DIRECTION('',(0.,1.,0.));
#1685=DIRECTION('',(0.,0.,1.));
#1686=DIRECTION('',(0.,1.,0.));
#1687=DIRECTION('',(-1.,0.,0.));
#1688=DIRECTION('',(0.,-1.,0.));
#1689=DIRECTION('',(0.,0.,1.));
#1690=DIRECTION('',(0.,1.,0.));
#1691=DIRECTION('',(0.,0.,1.));
#1692=DIRECTION('',(-1.,0.,0.));
#1693=DIRECTION('',(0.,-1.,0.));
#1694=DIRECTION('',(1.,0.,0.));
#1695=DIRECTION('',(0.,0.,-1.));
#1696=DIRECTION('',(0.,-1.,0.));
#1697=DIRECTION('',(0.,0.,1.));
#1698=DIRECTION('',(0.,1.,0.));
#1699=DIRECTION('',(0.,0.,1.));
#1700=DIRECTION('',(1.,0.,0.));
#1701=DIRECTION('',(0.,1.,0.));
#1702=DIRECTION('',(0.,1.,0.));
#1703=DIRECTION('',(-1.,0.,0.));
#1704=DIRECTION('',(0.,-1.,0.));
#1705=DIRECTION('',(0.,0.,-1.));
#1706=DIRECTION('',(0.,0.,1.));
#1707=DIRECTION('',(-1.,0.,0.));
#1708=DIRECTION('',(0.,0.,-1.));
#1709=DIRECTION('',(-1.,0.,0.));
#1710=DIRECTION('',(0.,-1.,0.));
#1711=DIRECTION('',(0.,-1.,0.));
#1712=DIRECTION('',(-1.,0.,0.));
#1713=DIRECTION('',(0.,-1.,0.));
#1714=DIRECTION('',(-1.,0.,0.));
#1715=DIRECTION('',(0.,0.,1.));
#1716=DIRECTION('',(-1.,0.,0.));
#1717=DIRECTION('',(0.,0.,1.));
#1718=DIRECTION('',(-1.,0.,0.));
#1719=DIRECTION('',(0.,0.,1.));
#1720=DIRECTION('',(1.,0.,0.));
#1721=DIRECTION('',(0.,0.,-1.));
#1722=DIRECTION('',(1.,0.,0.));
#1723=DIRECTION('',(0.,0.,-1.));
#1724=DIRECTION('',(1.,0.,0.));
#1725=DIRECTION('',(0.,0.,-1.));
#1726=DIRECTION('',(1.,0.,0.));
#1727=DIRECTION('',(0.,0.,-1.));
#1728=DIRECTION('',(1.,0.,0.));
#1729=DIRECTION('',(0.,0.,-1.));
#1730=DIRECTION('',(-0.779315874733577,0.626631285037892,0.));
#1731=DIRECTION('',(-0.626631285037892,-0.779315874733577,0.));
#1732=DIRECTION('',(1.,0.,0.));
#1733=DIRECTION('',(0.,1.,0.));
#1734=DIRECTION('',(1.,0.,0.));
#1735=DIRECTION('',(0.,0.,-1.));
#1736=DIRECTION('',(-1.,0.,0.));
#1737=DIRECTION('',(0.,0.,1.));
#1738=DIRECTION('',(1.,0.,0.));
#1739=DIRECTION('',(0.,1.,0.));
#1740=DIRECTION('',(1.,0.,0.));
#1741=DIRECTION('',(0.,0.,-1.));
#1742=DIRECTION('',(-1.,0.,0.));
#1743=DIRECTION('',(0.,0.,1.));
#1744=DIRECTION('',(0.,-1.,0.));
#1745=DIRECTION('',(0.,0.,-1.));
#1746=DIRECTION('',(-1.,0.,0.));
#1747=DIRECTION('',(-1.,0.,0.));
#1748=DIRECTION('',(0.,0.,-1.));
#1749=DIRECTION('',(-1.,0.,0.));
#1750=DIRECTION('',(-1.,0.,0.));
#1751=DIRECTION('',(0.,-1.,0.));
#1752=DIRECTION('',(0.,0.,-1.));
#1753=DIRECTION('',(-1.,0.,0.));
#1754=DIRECTION('',(0.,0.,-1.));
#1755=DIRECTION('',(-1.,0.,0.));
#1756=DIRECTION('',(0.,0.,1.));
#1757=DIRECTION('',(1.,0.,0.));
#1758=DIRECTION('',(-1.,0.,0.));
#1759=DIRECTION('',(0.,0.,-1.));
#1760=DIRECTION('',(1.,0.,0.));
#1761=DIRECTION('',(0.,0.,-1.));
#1762=DIRECTION('',(0.,0.,-1.));
#1763=DIRECTION('',(0.,1.,0.));
#1764=DIRECTION('',(0.,0.,-1.));
#1765=DIRECTION('',(0.,1.,0.));
#1766=DIRECTION('',(0.,0.,-1.));
#1767=DIRECTION('',(0.,-1.,0.));
#1768=DIRECTION('',(0.,0.,1.));
#1769=DIRECTION('',(0.,-1.,0.));
#1770=DIRECTION('',(0.,0.,1.));
#1771=DIRECTION('',(-1.,0.,4.33680868994202E-16));
#1772=DIRECTION('',(-4.33680868994202E-16,0.,-1.));
#1773=DIRECTION('',(0.,1.,0.));
#1774=DIRECTION('',(0.,1.,0.));
#1775=DIRECTION('',(-4.33680868994202E-16,0.,-1.));
#1776=DIRECTION('',(1.,0.,-4.33680868994202E-16));
#1777=DIRECTION('',(-4.33680868994202E-16,0.,-1.));
#1778=DIRECTION('',(-4.33680868994202E-16,0.,-1.));
#1779=DIRECTION('',(4.33680868994202E-16,0.,1.));
#1780=DIRECTION('',(0.,-1.,0.));
#1781=DIRECTION('',(4.33680868994202E-16,0.,1.));
#1782=DIRECTION('',(0.,-1.,0.));
#1783=DIRECTION('',(-1.,0.,0.));
#1784=DIRECTION('',(0.,0.,-1.));
#1785=DIRECTION('',(-1.,0.,0.));
#1786=DIRECTION('',(0.,0.,1.));
#1787=DIRECTION('',(-1.,0.,0.));
#1788=DIRECTION('',(-1.,0.,0.));
#1789=DIRECTION('',(0.,0.,1.));
#1790=DIRECTION('',(-1.,0.,0.));
#1791=DIRECTION('',(0.,-1.,0.));
#1792=DIRECTION('',(-1.,0.,0.));
#1793=DIRECTION('',(0.,-1.,0.));
#1794=DIRECTION('',(0.,0.,1.));
#1795=DIRECTION('',(1.,0.,-1.38777878078145E-16));
#1796=DIRECTION('',(-1.,0.,0.));
#1797=DIRECTION('',(0.,0.,1.));
#1798=DIRECTION('',(-1.,0.,0.));
#1799=DIRECTION('',(0.,0.,-1.));
#1800=DIRECTION('',(0.,-1.,0.));
#1801=DIRECTION('',(0.,0.,-1.));
#1802=DIRECTION('',(0.,0.,1.));
#1803=DIRECTION('',(0.,0.,1.));
#1804=DIRECTION('',(-1.,0.,0.));
#1805=DIRECTION('',(0.,-1.,0.));
#1806=DIRECTION('',(-1.,0.,0.));
#1807=DIRECTION('',(0.,1.,0.));
#1808=DIRECTION('',(0.,0.,1.));
#1809=DIRECTION('',(1.,0.,0.));
#1810=DIRECTION('',(-1.,0.,0.));
#1811=DIRECTION('',(0.,0.,1.));
#1812=DIRECTION('',(0.,0.,-1.));
#1813=DIRECTION('',(0.,-1.,0.));
#1814=DIRECTION('',(0.,0.,-1.));
#1815=DIRECTION('',(0.,0.,1.));
#1816=DIRECTION('',(-1.,0.,0.));
#1817=DIRECTION('',(0.,0.,1.));
#1818=DIRECTION('',(-1.,0.,0.));
#1819=DIRECTION('',(0.,0.,-1.));
#1820=DIRECTION('',(1.,0.,0.));
#1821=DIRECTION('',(1.,0.,0.));
#1822=DIRECTION('',(-1.38777878078145E-16,0.,-1.));
#1823=DIRECTION('',(1.,0.,-1.38777878078145E-16));
#1824=DIRECTION('',(1.,0.,-1.38777878078145E-16));
#1825=DIRECTION('',(-1.,0.,0.));
#1826=DIRECTION('',(0.,0.,-1.));
#1827=DIRECTION('',(-1.,0.,0.));
#1828=DIRECTION('',(0.,0.,1.));
#1829=DIRECTION('',(1.,0.,0.));
#1830=DIRECTION('',(0.,0.,-1.));
#1831=DIRECTION('',(-1.,0.,0.));
#1832=DIRECTION('',(0.,1.,0.));
#1833=DIRECTION('',(1.,0.,0.));
#1834=DIRECTION('',(0.,0.,-1.));
#1835=DIRECTION('',(-1.,0.,0.));
#1836=DIRECTION('',(0.,1.,0.));
#1837=DIRECTION('',(1.,0.,0.));
#1838=DIRECTION('',(0.,0.,-1.));
#1839=DIRECTION('',(-1.,0.,0.));
#1840=DIRECTION('',(0.,0.,-1.));
#1841=DIRECTION('',(-1.,0.,0.));
#1842=DIRECTION('',(0.,0.,-1.));
#1843=DIRECTION('',(1.,0.,0.));
#1844=DIRECTION('',(0.,0.,1.));
#1845=DIRECTION('',(1.,0.,0.));
#1846=DIRECTION('',(0.,0.,-1.));
#1847=DIRECTION('',(1.,0.,0.));
#1848=DIRECTION('',(0.,0.,1.));
#1849=DIRECTION('',(1.,0.,0.));
#1850=DIRECTION('',(0.,0.,-1.));
#1851=DIRECTION('',(-1.,0.,0.));
#1852=DIRECTION('',(0.,0.,-1.));
#1853=DIRECTION('',(0.,1.,0.));
#1854=DIRECTION('',(0.,0.,1.));
#1855=DIRECTION('',(0.,-1.,0.));
#1856=DIRECTION('',(0.,0.,1.));
#1857=DIRECTION('',(0.,1.,0.));
#1858=DIRECTION('',(1.,0.,0.));
#1859=DIRECTION('',(0.,-1.,0.));
#1860=DIRECTION('',(0.,0.,1.));
#1861=DIRECTION('',(0.,1.,0.));
#1862=DIRECTION('',(0.,0.,1.));
#1863=DIRECTION('',(0.,1.,0.));
#1864=DIRECTION('',(0.,0.,1.));
#1865=DIRECTION('',(0.,1.,0.));
#1866=DIRECTION('',(1.,0.,0.));
#1867=DIRECTION('',(0.,1.,0.));
#1868=DIRECTION('',(0.,0.,1.));
#1869=DIRECTION('',(0.,1.,0.));
#1870=DIRECTION('',(1.,0.,0.));
#1871=DIRECTION('',(0.,-1.,0.));
#1872=DIRECTION('',(0.,0.,1.));
#1873=DIRECTION('',(0.,1.,0.));
#1874=DIRECTION('',(0.,0.,1.));
#1875=DIRECTION('',(0.,1.,0.));
#1876=DIRECTION('',(1.,0.,0.));
#1877=DIRECTION('',(0.,1.,0.));
#1878=DIRECTION('',(0.,0.,1.));
#1879=DIRECTION('',(0.,1.,0.));
#1880=DIRECTION('',(0.,0.,1.));
#1881=DIRECTION('',(1.,0.,0.));
#1882=DIRECTION('',(0.,-1.,0.));
#1883=DIRECTION('',(1.,0.,0.));
#1884=DIRECTION('',(0.,0.,-1.));
#1885=DIRECTION('',(0.,0.,-1.));
#1886=DIRECTION('',(0.,1.,0.));
#1887=DIRECTION('',(0.,0.,1.));
#1888=DIRECTION('',(0.,-1.,0.));
#1889=DIRECTION('',(1.,0.,0.));
#1890=DIRECTION('',(0.,0.,-1.));
#1891=DIRECTION('',(0.,0.,1.));
#1892=DIRECTION('',(-1.,0.,0.));
#1893=DIRECTION('',(0.,1.,0.));
#1894=DIRECTION('',(1.,0.,0.));
#1895=DIRECTION('',(0.,-1.,0.));
#1896=DIRECTION('',(0.,-1.,0.));
#1897=DIRECTION('',(0.,0.,-1.));
#1898=DIRECTION('',(0.,0.,1.));
#1899=DIRECTION('',(1.,0.,0.));
#1900=DIRECTION('',(0.,0.,-1.));
#1901=DIRECTION('',(1.,0.,0.));
#1902=DIRECTION('',(0.,-1.,0.));
#1903=DIRECTION('',(0.,-1.,0.));
#1904=DIRECTION('',(1.,0.,0.));
#1905=DIRECTION('',(0.,-1.,0.));
#1906=DIRECTION('',(-1.,0.,0.));
#1907=DIRECTION('',(0.,0.,1.));
#1908=DIRECTION('',(-1.,0.,0.));
#1909=DIRECTION('',(0.,0.,1.));
#1910=DIRECTION('',(-1.,0.,0.));
#1911=DIRECTION('',(0.,0.,1.));
#1912=DIRECTION('',(-1.,0.,0.));
#1913=DIRECTION('',(0.,0.,-1.));
#1914=DIRECTION('',(1.,0.,0.));
#1915=DIRECTION('',(0.,0.,-1.));
#1916=DIRECTION('',(-1.,0.,0.));
#1917=DIRECTION('',(0.,0.,-1.));
#1918=DIRECTION('',(-1.,0.,0.));
#1919=DIRECTION('',(0.,0.,-1.));
#1920=DIRECTION('',(-1.,0.,0.));
#1921=DIRECTION('',(0.,1.,0.));
#1922=DIRECTION('',(1.,0.,0.));
#1923=DIRECTION('',(0.,0.,-1.));
#1924=DIRECTION('',(1.,0.,0.));
#1925=DIRECTION('',(0.,0.,-1.));
#1926=DIRECTION('',(0.779315874733577,0.626631285037892,-1.16026451023221E-15));
#1927=DIRECTION('',(-0.626631285037892,0.779315874733577,0.));
#1928=DIRECTION('',(0.,-1.,0.));
#1929=DIRECTION('',(0.,0.,-1.));
#1930=DIRECTION('',(-1.,0.,0.));
#1931=DIRECTION('',(-1.,0.,0.));
#1932=DIRECTION('',(0.,0.,-1.));
#1933=DIRECTION('',(-1.,0.,0.));
#1934=DIRECTION('',(-1.,0.,0.));
#1935=DIRECTION('',(0.,-1.,0.));
#1936=DIRECTION('',(0.,0.,-1.));
#1937=DIRECTION('',(-1.,0.,0.));
#1938=DIRECTION('',(0.,0.,-1.));
#1939=DIRECTION('',(-1.,0.,0.));
#1940=CARTESIAN_POINT('',(0.,0.,0.));
#1941=CARTESIAN_POINT('',(0.068,0.0695,0.024));
#1942=CARTESIAN_POINT('',(0.068,0.0945,0.024));
#1943=CARTESIAN_POINT('',(0.068,0.0945,0.031));
#1944=CARTESIAN_POINT('',(0.068,0.0945,0.017));
#1945=CARTESIAN_POINT('',(0.068,0.0945,0.024));
#1946=CARTESIAN_POINT('',(0.068,0.0945,0.04));
#1947=CARTESIAN_POINT('',(0.068,0.0695,0.04));
#1948=CARTESIAN_POINT('',(0.068,0.0695,0.04));
#1949=CARTESIAN_POINT('',(0.068,0.0695,0.024));
#1950=CARTESIAN_POINT('',(0.068,0.0695,0.008));
#1951=CARTESIAN_POINT('',(0.068,0.0695,0.008));
#1952=CARTESIAN_POINT('',(0.068,0.0945,0.008));
#1953=CARTESIAN_POINT('',(0.068,0.0945,0.024));
#1954=CARTESIAN_POINT('',(0.068,0.0695,0.037));
#1955=CARTESIAN_POINT('',(0.068,0.072,0.037));
#1956=CARTESIAN_POINT('',(0.068,0.0875,0.037));
#1957=CARTESIAN_POINT('',(0.068,0.0875,0.024));
#1958=CARTESIAN_POINT('',(0.068,0.0875,0.0338));
#1959=CARTESIAN_POINT('',(0.068,0.0695,0.0338));
#1960=CARTESIAN_POINT('',(0.068,0.072,0.0338));
#1961=CARTESIAN_POINT('',(0.068,0.072,0.024));
#1962=CARTESIAN_POINT('',(0.043,0.0695,0.024));
#1963=CARTESIAN_POINT('',(0.043,0.0695,0.008));
#1964=CARTESIAN_POINT('',(0.043,0.0701495000872631,0.008));
#1965=CARTESIAN_POINT('',(0.043,0.0945,0.008));
#1966=CARTESIAN_POINT('',(0.043,0.070149500087263,0.008));
#1967=CARTESIAN_POINT('',(0.043,0.0701495000872629,0.0186666666666667));
#1968=CARTESIAN_POINT('',(0.043,0.0701495000872629,0.0293333333333333));
#1969=CARTESIAN_POINT('',(0.043,0.0701495000872629,0.04));
#1970=CARTESIAN_POINT('',(0.043,0.0701495000872631,0.04));
#1971=CARTESIAN_POINT('',(0.043,0.0695,0.04));
#1972=CARTESIAN_POINT('',(0.043,0.0945,0.04));
#1973=CARTESIAN_POINT('',(0.043,0.0945,0.024));
#1974=CARTESIAN_POINT('',(0.043,0.0945,0.031));
#1975=CARTESIAN_POINT('',(0.043,0.0945,0.024));
#1976=CARTESIAN_POINT('',(0.043,0.0945,0.017));
#1977=CARTESIAN_POINT('',(0.043,0.0945,0.024));
#1978=CARTESIAN_POINT('',(0.043,0.0875,0.024));
#1979=CARTESIAN_POINT('',(0.043,0.0875,0.037));
#1980=CARTESIAN_POINT('',(0.043,0.0875,0.0338));
#1981=CARTESIAN_POINT('',(0.043,0.0695,0.037));
#1982=CARTESIAN_POINT('',(0.043,0.072,0.037));
#1983=CARTESIAN_POINT('',(0.043,0.072,0.024));
#1984=CARTESIAN_POINT('',(0.043,0.072,0.0338));
#1985=CARTESIAN_POINT('',(0.043,0.0695,0.0338));
#1986=CARTESIAN_POINT('',(0.0390974088512515,0.024,0.0294928639415436));
#1987=CARTESIAN_POINT('',(0.0390974088512515,0.0391666666666668,0.0329952426276958));
#1988=CARTESIAN_POINT('',(0.068,0.0540193930322728,0.04));
#1989=CARTESIAN_POINT('',(0.068,0.0695,0.04));
#1990=CARTESIAN_POINT('',(0.0390974088512515,0.024,0.0292660779439793));
#1991=CARTESIAN_POINT('',(0.0390974088512515,0.0391630707818296,0.0326863733511887));
#1992=CARTESIAN_POINT('',(0.068,0.0540193910311672,0.0393333333333334));
#1993=CARTESIAN_POINT('',(0.068,0.0695,0.0393333333333334));
#1994=CARTESIAN_POINT('',(0.0390974088512515,0.024,0.0290392919464149));
#1995=CARTESIAN_POINT('',(0.0390974088512515,0.0391594748969925,0.0323775040746818));
#1996=CARTESIAN_POINT('',(0.068,0.054019191361924,0.0386666666666667));
#1997=CARTESIAN_POINT('',(0.068,0.0695,0.0386666666666667));
#1998=CARTESIAN_POINT('',(0.0390974088512515,0.024,0.0285857199512864));
#1999=CARTESIAN_POINT('',(0.0390974088512515,0.0391524052922245,0.0317529621932673));
#2000=CARTESIAN_POINT('',(0.068,0.054018739341192,0.0373333333333334));
#2001=CARTESIAN_POINT('',(0.068,0.0695,0.0373333333333334));
#2002=CARTESIAN_POINT('',(0.0390974088512515,0.024,0.028358933953722));
#2003=CARTESIAN_POINT('',(0.0390974088512515,0.0391489315722937,0.0314372895883598));
#2004=CARTESIAN_POINT('',(0.068,0.054018485684866,0.0366666666666667));
#2005=CARTESIAN_POINT('',(0.068,0.0695,0.0366666666666667));
#2006=CARTESIAN_POINT('',(0.0390974088512515,0.024,0.0279053619585934));
#2007=CARTESIAN_POINT('',(0.0390974088512515,0.0391422284622446,0.0307923377217436));
#2008=CARTESIAN_POINT('',(0.068,0.0540180928940737,0.0353333333333333));
#2009=CARTESIAN_POINT('',(0.068,0.0695,0.0353333333333333));
#2010=CARTESIAN_POINT('',(0.0390974088512515,0.024,0.027678575961029));
#2011=CARTESIAN_POINT('',(0.0390974088512515,0.0391389990721264,0.030463058460035));
#2012=CARTESIAN_POINT('',(0.068,0.054017950670315,0.0346666666666667));
#2013=CARTESIAN_POINT('',(0.068,0.0695,0.0346666666666667));
#2014=CARTESIAN_POINT('',(0.0390974088512515,0.024,0.0272250039659004));
#2015=CARTESIAN_POINT('',(0.0390974088512515,0.0391329067866087,0.0297840899514161));
#2016=CARTESIAN_POINT('',(0.068,0.0540178176262456,0.0333333333333333));
#2017=CARTESIAN_POINT('',(0.068,0.0695,0.0333333333333333));
#2018=CARTESIAN_POINT('',(0.0390974088512515,0.024,0.0269982179683361));
#2019=CARTESIAN_POINT('',(0.0390974088512515,0.0391300438912094,0.0294344007045058));
#2020=CARTESIAN_POINT('',(0.068,0.0540178227662502,0.0326666666666667));
#2021=CARTESIAN_POINT('',(0.068,0.0695,0.0326666666666667));
#2022=CARTESIAN_POINT('',(0.0390974088512515,0.024,0.026469050640686));
#2023=CARTESIAN_POINT('',(0.0390974088512515,0.0391239339048401,0.0285867102625126));
#2024=CARTESIAN_POINT('',(0.068,0.0540179736170702,0.0311111111111112));
#2025=CARTESIAN_POINT('',(0.068,0.0695,0.0311111111111112));
#2026=CARTESIAN_POINT('',(0.0390974088512515,0.024,0.0260154786455574));
#2027=CARTESIAN_POINT('',(0.0390974088512515,0.0391193483198334,0.0278238340369534));
#2028=CARTESIAN_POINT('',(0.068,0.0540182454383231,0.0297777777777778));
#2029=CARTESIAN_POINT('',(0.068,0.0695,0.0297777777777778));
#2030=CARTESIAN_POINT('',(0.0390974088512515,0.024,0.0255619066504288));
#2031=CARTESIAN_POINT('',(0.0390974088512515,0.0391160658271604,0.0269883889751217));
#2032=CARTESIAN_POINT('',(0.068,0.0540185473629948,0.0284444444444445));
#2033=CARTESIAN_POINT('',(0.068,0.0695,0.0284444444444445));
#2034=CARTESIAN_POINT('',(0.0390974088512515,0.024,0.0251839299878216));
#2035=CARTESIAN_POINT('',(0.0390974088512515,0.039113697112159,0.0262770647658361));
#2036=CARTESIAN_POINT('',(0.068,0.0540187818181978,0.0273333333333333));
#2037=CARTESIAN_POINT('',(0.068,0.0695,0.0273333333333333));
#2038=CARTESIAN_POINT('',(0.0390974088512515,0.024,0.0249571439902573));
#2039=CARTESIAN_POINT('',(0.0390974088512515,0.0391126059091616,0.0258366622482813));
#2040=CARTESIAN_POINT('',(0.068,0.0540189030208806,0.0266666666666667));
#2041=CARTESIAN_POINT('',(0.068,0.0695,0.0266666666666667));
#2042=CARTESIAN_POINT('',(0.0390974088512515,0.024,0.0245035719951287));
#2043=CARTESIAN_POINT('',(0.0390974088512515,0.0391110963139338,0.0249422438804598));
#2044=CARTESIAN_POINT('',(0.068,0.0540190591048151,0.0253333333333334));
#2045=CARTESIAN_POINT('',(0.068,0.0695,0.0253333333333334));
#2046=CARTESIAN_POINT('',(0.0390974088512515,0.024,0.0242767859975643));
#2047=CARTESIAN_POINT('',(0.0390974088512515,0.0391106779217033,0.024488228030193));
#2048=CARTESIAN_POINT('',(0.068,0.0540190927195133,0.0246666666666667));
#2049=CARTESIAN_POINT('',(0.068,0.0695,0.0246666666666667));
#2050=CARTESIAN_POINT('',(0.0390974088512515,0.024,0.0238232140024357));
#2051=CARTESIAN_POINT('',(0.0390974088512515,0.0391105267067695,0.0235801856482018));
#2052=CARTESIAN_POINT('',(0.068,0.054019052677805,0.0233333333333333));
#2053=CARTESIAN_POINT('',(0.068,0.0695,0.0233333333333333));
#2054=CARTESIAN_POINT('',(0.0390974088512515,0.024,0.0235964280048713));
#2055=CARTESIAN_POINT('',(0.0390974088512515,0.039110793884066,0.0231261591164775));
#2056=CARTESIAN_POINT('',(0.068,0.0540189790214456,0.0226666666666667));
#2057=CARTESIAN_POINT('',(0.068,0.0695,0.0226666666666667));
#2058=CARTESIAN_POINT('',(0.0390974088512515,0.024,0.0231428560097427));
#2059=CARTESIAN_POINT('',(0.0390974088512515,0.0391120265669462,0.0222316980228257));
#2060=CARTESIAN_POINT('',(0.068,0.0540187441076799,0.0213333333333334));
#2061=CARTESIAN_POINT('',(0.068,0.0695,0.0213333333333334));
#2062=CARTESIAN_POINT('',(0.0390974088512515,0.024,0.0229160700121784));
#2063=CARTESIAN_POINT('',(0.0390974088512515,0.0391129920725298,0.0217912634608982));
#2064=CARTESIAN_POINT('',(0.068,0.0540185841168972,0.0206666666666667));
#2065=CARTESIAN_POINT('',(0.068,0.0695,0.0206666666666667));
#2066=CARTESIAN_POINT('',(0.0390974088512515,0.024,0.0225380933495712));
#2067=CARTESIAN_POINT('',(0.0390974088512515,0.0391151938210417,0.0210798680418953));
#2068=CARTESIAN_POINT('',(0.068,0.0540182871027696,0.0195555555555556));
#2069=CARTESIAN_POINT('',(0.068,0.0695,0.0195555555555556));
#2070=CARTESIAN_POINT('',(0.0390974088512515,0.024,0.0220845213544426));
#2071=CARTESIAN_POINT('',(0.0390974088512515,0.0391183099772874,0.0202443232864596));
#2072=CARTESIAN_POINT('',(0.068,0.054017911777972,0.0182222222222223));
#2073=CARTESIAN_POINT('',(0.068,0.0695,0.0182222222222223));
#2074=CARTESIAN_POINT('',(0.0390974088512515,0.024,0.021630949359314));
#2075=CARTESIAN_POINT('',(0.0390974088512515,0.0391228653193074,0.0194813046414661));
#2076=CARTESIAN_POINT('',(0.068,0.0540175732332656,0.0168888888888889));
#2077=CARTESIAN_POINT('',(0.068,0.0695,0.0168888888888889));
#2078=CARTESIAN_POINT('',(0.0390974088512515,0.024,0.0211017820316639));
#2079=CARTESIAN_POINT('',(0.0390974088512515,0.0391290194100323,0.018633423120065));
#2080=CARTESIAN_POINT('',(0.068,0.0540173523212624,0.0153333333333334));
#2081=CARTESIAN_POINT('',(0.068,0.0695,0.0153333333333334));
#2082=CARTESIAN_POINT('',(0.0390974088512515,0.024,0.0208749960340996));
#2083=CARTESIAN_POINT('',(0.0390974088512515,0.0391319267248185,0.0182836439708868));
#2084=CARTESIAN_POINT('',(0.068,0.0540173196559965,0.0146666666666667));
#2085=CARTESIAN_POINT('',(0.068,0.0695,0.0146666666666667));
#2086=CARTESIAN_POINT('',(0.0390974088512515,0.024,0.0204214240389709));
#2087=CARTESIAN_POINT('',(0.0390974088512515,0.03913814612539,0.0176044836410923));
#2088=CARTESIAN_POINT('',(0.068,0.0540174039001642,0.0133333333333334));
#2089=CARTESIAN_POINT('',(0.068,0.0695,0.0133333333333334));
#2090=CARTESIAN_POINT('',(0.0390974088512515,0.024,0.0201946380414066));
#2091=CARTESIAN_POINT('',(0.0390974088512515,0.0391414582111752,0.0172751024604759));
#2092=CARTESIAN_POINT('',(0.068,0.05401752484898,0.0126666666666667));
#2093=CARTESIAN_POINT('',(0.068,0.0695,0.0126666666666667));
#2094=CARTESIAN_POINT('',(0.0390974088512515,0.024,0.019741066046278));
#2095=CARTESIAN_POINT('',(0.0390974088512515,0.0391483522300783,0.0166299387449511));
#2096=CARTESIAN_POINT('',(0.068,0.0540178825915484,0.0113333333333334));
#2097=CARTESIAN_POINT('',(0.068,0.0695,0.0113333333333334));
#2098=CARTESIAN_POINT('',(0.0390974088512515,0.024,0.0195142800487137));
#2099=CARTESIAN_POINT('',(0.0390974088512515,0.0391519341631962,0.0163141562100427));
#2100=CARTESIAN_POINT('',(0.068,0.0540181224744351,0.0106666666666667));
#2101=CARTESIAN_POINT('',(0.068,0.0695,0.0106666666666667));
#2102=CARTESIAN_POINT('',(0.0390974088512515,0.024,0.019060708053585));
#2103=CARTESIAN_POINT('',(0.0390974088512515,0.0391592329530984,0.0156893904630798));
#2104=CARTESIAN_POINT('',(0.068,0.0540185557082107,0.00933333333333337));
#2105=CARTESIAN_POINT('',(0.068,0.0695,0.00933333333333337));
#2106=CARTESIAN_POINT('',(0.0390974088512515,0.024,0.0188339220560208));
#2107=CARTESIAN_POINT('',(0.0390974088512515,0.0391629498098826,0.0153804072510254));
#2108=CARTESIAN_POINT('',(0.068,0.0540187503640093,0.0086666666666667));
#2109=CARTESIAN_POINT('',(0.068,0.0695,0.0086666666666667));
#2110=CARTESIAN_POINT('',(0.0390974088512515,0.024,0.0186071360584564));
#2111=CARTESIAN_POINT('',(0.0390974088512515,0.0391666666666668,0.015071424038971));
#2112=CARTESIAN_POINT('',(0.068,0.0540187523650455,0.008));
#2113=CARTESIAN_POINT('',(0.068,0.0695,0.008));
#2114=CARTESIAN_POINT('',(0.0548518071366379,0.0479752638378414,0.0269338170567084));
#2115=CARTESIAN_POINT('',(0.0558258570027337,0.0490007019207985,0.0271078071358074));
#2116=CARTESIAN_POINT('',(0.0567859828909781,0.0500219284789645,0.0269349544000619));
#2117=CARTESIAN_POINT('',(0.0576764814282285,0.050982763766602,0.0263976040385877));
#2118=CARTESIAN_POINT('',(0.0583973287504562,0.0517743915594384,0.0254299827237368));
#2119=CARTESIAN_POINT('',(0.0587049600572292,0.0521171453542207,0.0240336937606453));
#2120=CARTESIAN_POINT('',(0.0583815582077296,0.0517567441843884,0.0226343356706853));
#2121=CARTESIAN_POINT('',(0.0576534454992774,0.0509574386865036,0.0216828626062509));
#2122=CARTESIAN_POINT('',(0.0567617933126095,0.0499956757287673,0.0211554900822553));
#2123=CARTESIAN_POINT('',(0.055796928476419,0.0489697476531679,0.0209930239952869));
#2124=CARTESIAN_POINT('',(0.0548351715206578,0.0479574460962425,0.0211731969045589));
#2125=CARTESIAN_POINT('',(0.0539291297839101,0.0470090412786689,0.0217125246924314));
#2126=CARTESIAN_POINT('',(0.0531840814819049,0.0462302562034855,0.0226633762489207));
#2127=CARTESIAN_POINT('',(0.0528509768750282,0.0458817670257181,0.0240635667001784));
#2128=CARTESIAN_POINT('',(0.0531959171511043,0.0462428497120682,0.0254615063853399));
#2129=CARTESIAN_POINT('',(0.0539473074981031,0.0470283872168594,0.0264026277527763));
#2130=CARTESIAN_POINT('',(0.0548518071366379,0.0479752638378414,0.0269338170567084));
#2131=CARTESIAN_POINT('',(0.0558258570027337,0.0490007019207985,0.0271078071358074));
#2132=CARTESIAN_POINT('',(0.0567859828909781,0.0500219284789645,0.0269349544000619));
#2133=CARTESIAN_POINT('',(0.0558235363397585,0.049,0.02705));
#2134=CARTESIAN_POINT('',(0.0390974088512515,0.024,0.0186071360584564));
#2135=CARTESIAN_POINT('',(0.0390974088512515,0.0391666666666668,0.015071424038971));
#2136=CARTESIAN_POINT('',(0.068,0.0540187523650455,0.008));
#2137=CARTESIAN_POINT('',(0.068,0.0695,0.008));
#2138=CARTESIAN_POINT('',(0.0390974088512515,0.024,0.0186071360584564));
#2139=CARTESIAN_POINT('',(0.0390974088512515,0.024,0.0294928639415436));
#2140=CARTESIAN_POINT('',(0.0390974088512515,0.0391666666666668,0.0329952426276958));
#2141=CARTESIAN_POINT('',(0.068,0.0540193930322728,0.04));
#2142=CARTESIAN_POINT('',(0.068,0.0695,0.04));
#2143=CARTESIAN_POINT('',(0.0390974088512515,0.024,0.0294928639415436));
#2144=CARTESIAN_POINT('',(0.0390974088512515,0.024,0.02405));
#2145=CARTESIAN_POINT('',(0.0415477165274835,0.0321394856146115,0.0266458895166632));
#2146=CARTESIAN_POINT('',(0.0424606840088295,0.0336571795107102,0.0271812505785135));
#2147=CARTESIAN_POINT('',(0.0434313780274664,0.0350650644526043,0.0269213391084355));
#2148=CARTESIAN_POINT('',(0.0441283786358491,0.0360168685456056,0.0263649864077175));
#2149=CARTESIAN_POINT('',(0.0446994042483176,0.0367593957229385,0.0254310021591378));
#2150=CARTESIAN_POINT('',(0.0449655980892165,0.0370957836706764,0.0241589547514436));
#2151=CARTESIAN_POINT('',(0.0447683458688659,0.0368468688568424,0.0228508471723426));
#2152=CARTESIAN_POINT('',(0.044227670148187,0.036147835713787,0.0218524052667627));
#2153=CARTESIAN_POINT('',(0.0435378943837419,0.0352137640829227,0.021236113916728));
#2154=CARTESIAN_POINT('',(0.0425586482904027,0.033806938016927,0.0209068061298768));
#2155=CARTESIAN_POINT('',(0.0416380941955541,0.0322997257124839,0.0213530973582318));
#2156=CARTESIAN_POINT('',(0.0410757736861946,0.0312378204145206,0.02266168017748));
#2157=CARTESIAN_POINT('',(0.0409110507956635,0.0309051281516343,0.0239425232349749));
#2158=CARTESIAN_POINT('',(0.0410326284485855,0.0311520118039918,0.0252580574910727));
#2159=CARTESIAN_POINT('',(0.0415477165274835,0.0321394856146115,0.0266458895166632));
#2160=CARTESIAN_POINT('',(0.0424606840088295,0.0336571795107102,0.0271812505785135));
#2161=CARTESIAN_POINT('',(0.0434313780274664,0.0350650644526043,0.0269213391084355));
#2162=CARTESIAN_POINT('',(0.0427081680582629,0.034,0.02705));
#2163=CARTESIAN_POINT('',(0.0539,0.0945,0.024));
#2164=CARTESIAN_POINT('',(0.0592816507068989,0.0945,0.024));
#2165=CARTESIAN_POINT('',(0.0592816507068989,0.0945,0.01405));
#2166=CARTESIAN_POINT('',(0.0592816507068989,0.0945,0.03395));
#2167=CARTESIAN_POINT('',(0.0539,0.0945,0.01405));
#2168=CARTESIAN_POINT('',(0.0539,0.0945,0.01405));
#2169=CARTESIAN_POINT('',(0.0539,0.0945,0.024));
#2170=CARTESIAN_POINT('',(0.0539,0.0945,0.03395));
#2171=CARTESIAN_POINT('',(0.0539,0.0945,0.03395));
#2172=CARTESIAN_POINT('',(0.0555,0.0945,0.024));
#2173=CARTESIAN_POINT('',(0.04845,0.0945,0.0133));
#2174=CARTESIAN_POINT('',(0.04845,0.0945,0.0154));
#2175=CARTESIAN_POINT('',(-0.058590422329753,0.0945,0.017));
#2176=CARTESIAN_POINT('',(0.0539,0.0945,0.017));
#2177=CARTESIAN_POINT('',(0.0539,0.0945,0.024));
#2178=CARTESIAN_POINT('',(0.0592816507068989,0.0945,0.024));
#2179=CARTESIAN_POINT('',(0.0592816507068989,0.0945,0.0142585009428243));
#2180=CARTESIAN_POINT('',(0.06,0.0945,0.013175));
#2181=CARTESIAN_POINT('',(0.0607183492931011,0.0945,0.0142585009428243));
#2182=CARTESIAN_POINT('',(0.0607183492931011,0.0945,0.024));
#2183=CARTESIAN_POINT('',(0.0607183492931011,0.0945,0.01405));
#2184=CARTESIAN_POINT('',(0.0539,0.0945,0.01405));
#2185=CARTESIAN_POINT('',(0.0661,0.0945,0.01405));
#2186=CARTESIAN_POINT('',(0.0661,0.0945,0.024));
#2187=CARTESIAN_POINT('',(0.0661,0.0945,0.017));
#2188=CARTESIAN_POINT('',(-0.058590422329753,0.0945,0.017));
#2189=CARTESIAN_POINT('',(0.0555,0.0945,0.008));
#2190=CARTESIAN_POINT('',(0.0555,0.0945,0.024));
#2191=CARTESIAN_POINT('',(0.04845,0.0945,0.0347));
#2192=CARTESIAN_POINT('',(0.04845,0.0945,0.0368));
#2193=CARTESIAN_POINT('',(-0.058590422329753,0.0945,0.031));
#2194=CARTESIAN_POINT('',(0.0661,0.0945,0.031));
#2195=CARTESIAN_POINT('',(0.0661,0.0945,0.024));
#2196=CARTESIAN_POINT('',(0.0661,0.0945,0.03395));
#2197=CARTESIAN_POINT('',(0.0661,0.0945,0.03395));
#2198=CARTESIAN_POINT('',(0.0607183492931011,0.0945,0.03395));
#2199=CARTESIAN_POINT('',(0.0607183492931011,0.0945,0.014375));
#2200=CARTESIAN_POINT('',(0.0607183492931011,0.0945,0.0337414990571758));
#2201=CARTESIAN_POINT('',(0.06,0.0945,0.034825));
#2202=CARTESIAN_POINT('',(0.0592816507068989,0.0945,0.0337414990571758));
#2203=CARTESIAN_POINT('',(0.0592816507068989,0.0945,0.014375));
#2204=CARTESIAN_POINT('',(0.0539,0.0945,0.024));
#2205=CARTESIAN_POINT('',(0.0539,0.0945,0.031));
#2206=CARTESIAN_POINT('',(-0.058590422329753,0.0945,0.031));
#2207=CARTESIAN_POINT('',(0.0555,0.0945,0.04));
#2208=CARTESIAN_POINT('',(0.0555,0.0695,0.04));
#2209=CARTESIAN_POINT('',(0.043,0.0701495000872631,0.04));
#2210=CARTESIAN_POINT('',(0.0428259169409525,0.0699330000581755,0.04));
#2211=CARTESIAN_POINT('',(0.0426518338819049,0.0697165000290876,0.04));
#2212=CARTESIAN_POINT('',(0.0424777508228573,0.0695,0.04));
#2213=CARTESIAN_POINT('',(0.0424777508228573,0.0695,0.04));
#2214=CARTESIAN_POINT('',(0.0555,0.0695,0.04));
#2215=CARTESIAN_POINT('',(0.0555,0.0695,0.008));
#2216=CARTESIAN_POINT('',(0.0555,0.0695,0.008));
#2217=CARTESIAN_POINT('',(0.0424777508228573,0.0695,0.008));
#2218=CARTESIAN_POINT('',(0.0424777508228573,0.0695,0.008));
#2219=CARTESIAN_POINT('',(0.0426518338819049,0.0697165000290877,0.008));
#2220=CARTESIAN_POINT('',(0.0428259169409525,0.0699330000581754,0.008));
#2221=CARTESIAN_POINT('',(0.043,0.0701495000872631,0.008));
#2222=CARTESIAN_POINT('',(0.0539,0.0945,0.024));
#2223=CARTESIAN_POINT('',(0.0607183492931011,0.0945,0.024));
#2224=CARTESIAN_POINT('',(0.0661,0.0945,0.024));
#2225=CARTESIAN_POINT('',(0.0539,0.0945,0.024));
#2226=CARTESIAN_POINT('',(0.0539,0.0945,0.024));
#2227=CARTESIAN_POINT('',(0.0661,0.0945,0.024));
#2228=CARTESIAN_POINT('',(0.0661,0.0945,0.024));
#2229=CARTESIAN_POINT('',(-0.058590422329753,0.0945,0.024));
#2230=CARTESIAN_POINT('',(-0.058590422329753,0.0945,0.024));
#2231=CARTESIAN_POINT('',(0.0607183492931011,0.0945,0.014375));
#2232=CARTESIAN_POINT('',(0.0607183492931011,0.0945,0.024));
#2233=CARTESIAN_POINT('',(0.06,0.0945,0.024));
#2234=CARTESIAN_POINT('',(0.0592816507068989,0.0945,0.024));
#2235=CARTESIAN_POINT('',(0.0592816507068989,0.0945,0.014375));
#2236=CARTESIAN_POINT('',(0.04845,0.094,0.0133));
#2237=CARTESIAN_POINT('',(0.04845,0.094,0.0133));
#2238=CARTESIAN_POINT('',(0.04845,0.094,0.0154));
#2239=CARTESIAN_POINT('',(0.0555,0.094,0.024));
#2240=CARTESIAN_POINT('',(0.04845,0.094,0.0133));
#2241=CARTESIAN_POINT('',(0.04845,0.094,0.0152));
#2242=CARTESIAN_POINT('',(0.04845,0.094,0.0347));
#2243=CARTESIAN_POINT('',(0.04845,0.094,0.0347));
#2244=CARTESIAN_POINT('',(0.04845,0.094,0.0368));
#2245=CARTESIAN_POINT('',(0.0555,0.094,0.024));
#2246=CARTESIAN_POINT('',(0.04845,0.094,0.0347));
#2247=CARTESIAN_POINT('',(0.04845,0.094,0.0366));
#2248=CARTESIAN_POINT('',(0.0555,0.09,0.024));
#2249=CARTESIAN_POINT('',(0.04845,0.09,0.0133));
#2250=CARTESIAN_POINT('',(0.04845,0.09,0.0152));
#2251=CARTESIAN_POINT('',(0.04845,0.09,0.0133));
#2252=CARTESIAN_POINT('',(0.0555,0.09,0.024));
#2253=CARTESIAN_POINT('',(0.04845,0.09,0.0347));
#2254=CARTESIAN_POINT('',(0.04845,0.09,0.0366));
#2255=CARTESIAN_POINT('',(0.04845,0.09,0.0347));
#2256=CARTESIAN_POINT('',(0.0390974088512515,0.0315,0.0240000000000057));
#2257=CARTESIAN_POINT('',(0.0390974088512515,0.019,0.02405));
#2258=CARTESIAN_POINT('',(0.0390974088512515,0.019,0.02255));
#2259=CARTESIAN_POINT('',(0.0390974088512515,0.0315,0.0294928639415436));
#2260=CARTESIAN_POINT('',(0.0390974088512515,0.00400000000000012,0.0294928639415436));
#2261=CARTESIAN_POINT('',(0.0390974088512515,0.00400000000000012,0.02405));
#2262=CARTESIAN_POINT('',(0.0390974088512515,0.00400000000000012,0.0186071360584564));
#2263=CARTESIAN_POINT('',(0.0390974088512515,0.0315,0.0186071360584564));
#2264=CARTESIAN_POINT('',(0.0390974088512515,0.0315,0.0186071360584564));
#2265=CARTESIAN_POINT('',(0.0350974088512515,0.0315,0.0186071360584564));
#2266=CARTESIAN_POINT('',(0.0350974088512515,0.00400000000000012,0.0186071360584564));
#2267=CARTESIAN_POINT('',(0.0350974088512515,0.0603213684877113,0.0186071360584564));
#2268=CARTESIAN_POINT('',(0.0350974088512515,0.0603213684877113,0.0186071360584564));
#2269=CARTESIAN_POINT('',(0.0364307421845848,0.0619795809928773,0.0186071360584564));
#2270=CARTESIAN_POINT('',(0.0377640755179182,0.0636377934980433,0.0186071360584564));
#2271=CARTESIAN_POINT('',(0.0390974088512515,0.0652960060032093,0.0186071360584564));
#2272=CARTESIAN_POINT('',(0.0390974088512515,0.0652960060032093,0.0186071360584564));
#2273=CARTESIAN_POINT('',(0.0390974088512515,0.0315,0.0186071360584564));
#2274=CARTESIAN_POINT('',(0.0390974088512515,0.00400000000000012,0.0186071360584564));
#2275=CARTESIAN_POINT('',(0.0390974088512515,0.00400000000000012,0.02405));
#2276=CARTESIAN_POINT('',(0.0350974088512515,0.00400000000000012,0.02405));
#2277=CARTESIAN_POINT('',(0.0350974088512515,0.00400000000000012,0.0294928639415436));
#2278=CARTESIAN_POINT('',(0.0390974088512515,0.00400000000000012,0.0294928639415436));
#2279=CARTESIAN_POINT('',(0.0390974088512515,0.0315,0.0294928639415436));
#2280=CARTESIAN_POINT('',(0.0350974088512515,0.0315,0.0294928639415436));
#2281=CARTESIAN_POINT('',(0.0350974088512515,0.0603213684877113,0.0294928639415436));
#2282=CARTESIAN_POINT('',(0.0390974088512515,0.0315,0.0294928639415436));
#2283=CARTESIAN_POINT('',(0.0390974088512515,0.0652960060032093,0.0294928639415436));
#2284=CARTESIAN_POINT('',(0.0390974088512515,0.0652960060032093,0.0294928639415436));
#2285=CARTESIAN_POINT('',(0.0377640755179182,0.0636377934980433,0.0294928639415436));
#2286=CARTESIAN_POINT('',(0.0364307421845848,0.0619795809928773,0.0294928639415436));
#2287=CARTESIAN_POINT('',(0.0350974088512515,0.0603213684877113,0.0294928639415436));
#2288=CARTESIAN_POINT('',(0.0350974088512515,0.0315,0.0240000000000057));
#2289=CARTESIAN_POINT('',(0.0350974088512515,0.019,0.02405));
#2290=CARTESIAN_POINT('',(0.0350974088512515,0.019,0.02555));
#2291=CARTESIAN_POINT('',(0.0350974088512515,0.034,0.02405));
#2292=CARTESIAN_POINT('',(0.0350974088512515,0.034,0.02555));
#2293=CARTESIAN_POINT('',(0.0350974088512515,0.049,0.02405));
#2294=CARTESIAN_POINT('',(0.0350974088512515,0.049,0.02555));
#2295=CARTESIAN_POINT('',(0.0350974088512515,0.0603213684877113,0.0294928639415436));
#2296=CARTESIAN_POINT('',(0.0350974088512515,0.0603213684877113,0.0258642879805145));
#2297=CARTESIAN_POINT('',(0.0350974088512515,0.0603213684877113,0.0222357120194855));
#2298=CARTESIAN_POINT('',(0.0350974088512515,0.0603213684877113,0.0186071360584564));
#2299=CARTESIAN_POINT('',(0.0140974088512515,0.049,0.02405));
#2300=CARTESIAN_POINT('',(0.0390974088512515,0.049,0.02405));
#2301=CARTESIAN_POINT('',(0.0390974088512515,0.049,0.02255));
#2302=CARTESIAN_POINT('',(0.0140974088512515,0.034,0.02405));
#2303=CARTESIAN_POINT('',(0.0390974088512515,0.034,0.02405));
#2304=CARTESIAN_POINT('',(0.0390974088512515,0.034,0.02255));
#2305=CARTESIAN_POINT('',(0.0140974088512515,0.019,0.02405));
#2306=CARTESIAN_POINT('',(0.0390974088512515,0.024,0.0186071360584564));
#2307=CARTESIAN_POINT('',(0.0390974088512515,0.0391666666666668,0.015071424038971));
#2308=CARTESIAN_POINT('',(0.068,0.0540187523650455,0.008));
#2309=CARTESIAN_POINT('',(0.068,0.0695,0.008));
#2310=CARTESIAN_POINT('',(0.0390974088512515,0.0247291666666668,0.0186071360584564));
#2311=CARTESIAN_POINT('',(0.0390974088512515,0.0396475604312671,0.015030772606804));
#2312=CARTESIAN_POINT('',(0.0674791666666667,0.0542618058731659,0.008));
#2313=CARTESIAN_POINT('',(0.0674791666666667,0.0695,0.008));
#2314=CARTESIAN_POINT('',(0.0390974088512515,0.0254583333333335,0.0186071360584564));
#2315=CARTESIAN_POINT('',(0.0390974088512515,0.0401284541958674,0.0149901211746369));
#2316=CARTESIAN_POINT('',(0.0669583333333333,0.0545051681543488,0.008));
#2317=CARTESIAN_POINT('',(0.0669583333333333,0.0695,0.008));
#2318=CARTESIAN_POINT('',(0.0390974088512515,0.0269166666666668,0.0186071360584564));
#2319=CARTESIAN_POINT('',(0.0390974088512515,0.0410878312795597,0.0149073981536784));
#2320=CARTESIAN_POINT('',(0.0659166666666667,0.0549928096150545,0.008));
#2321=CARTESIAN_POINT('',(0.0659166666666667,0.0695,0.008));
#2322=CARTESIAN_POINT('',(0.0390974088512515,0.0276458333333334,0.0186071360584564));
#2323=CARTESIAN_POINT('',(0.0390974088512515,0.0415663145986518,0.0148653265648869));
#2324=CARTESIAN_POINT('',(0.0653958333333333,0.0552370885473876,0.008));
#2325=CARTESIAN_POINT('',(0.0653958333333333,0.0695,0.008));
#2326=CARTESIAN_POINT('',(0.0390974088512515,0.0291041666666668,0.0186071360584564));
#2327=CARTESIAN_POINT('',(0.0390974088512515,0.0425184603458191,0.0147783430740548));
#2328=CARTESIAN_POINT('',(0.0643541666666667,0.0557266714596893,0.008));
#2329=CARTESIAN_POINT('',(0.0643541666666667,0.0695,0.008));
#2330=CARTESIAN_POINT('',(0.0390974088512515,0.0298333333333335,0.0186071360584564));
#2331=CARTESIAN_POINT('',(0.0390974088512515,0.0429921227738946,0.0147334311720142));
#2332=CARTESIAN_POINT('',(0.0638333333333333,0.0559719729672492,0.008));
#2333=CARTESIAN_POINT('',(0.0638333333333333,0.0695,0.008));
#2334=CARTESIAN_POINT('',(0.0390974088512515,0.0312916666666668,0.0186071360584564));
#2335=CARTESIAN_POINT('',(0.0390974088512515,0.0439322162935204,0.0146393468980594));
#2336=CARTESIAN_POINT('',(0.0627916666666667,0.0564635450371176,0.008));
#2337=CARTESIAN_POINT('',(0.0627916666666667,0.0695,0.008));
#2338=CARTESIAN_POINT('',(0.0390974088512515,0.0320208333333334,0.0186071360584564));
#2339=CARTESIAN_POINT('',(0.0390974088512515,0.0443986473850709,0.0145901745261453));
#2340=CARTESIAN_POINT('',(0.0622708333333333,0.056709813206006,0.008));
#2341=CARTESIAN_POINT('',(0.0622708333333333,0.0695,0.008));
#2342=CARTESIAN_POINT('',(0.0390974088512515,0.0334791666666668,0.0186071360584564));
#2343=CARTESIAN_POINT('',(0.0390974088512515,0.0453218677861385,0.0144861491558189));
#2344=CARTESIAN_POINT('',(0.0612291666666667,0.0572031466531443,0.008));
#2345=CARTESIAN_POINT('',(0.0612291666666667,0.0695,0.008));
#2346=CARTESIAN_POINT('',(0.0390974088512515,0.0342083333333334,0.0186071360584564));
#2347=CARTESIAN_POINT('',(0.0390974088512515,0.0457786570956557,0.0144312961574066));
#2348=CARTESIAN_POINT('',(0.0607083333333333,0.0574502096426665,0.008));
#2349=CARTESIAN_POINT('',(0.0607083333333333,0.0695,0.008));
#2350=CARTESIAN_POINT('',(0.0390974088512515,0.0351805555555557,0.0186071360584564));
#2351=CARTESIAN_POINT('',(0.0390974088512515,0.0463796746899842,0.0143534249707752));
#2352=CARTESIAN_POINT('',(0.0600138888888889,0.0577799943732722,0.008));
#2353=CARTESIAN_POINT('',(0.0600138888888889,0.0695,0.008));
#2354=CARTESIAN_POINT('',(0.0390974088512515,0.0359097222222223,0.0186071360584564));
#2355=CARTESIAN_POINT('',(0.0390974088512515,0.0468284291811404,0.0142938381169478));
#2356=CARTESIAN_POINT('',(0.0594930555555555,0.0580274240441794,0.008));
#2357=CARTESIAN_POINT('',(0.0594930555555555,0.0695,0.008));
#2358=CARTESIAN_POINT('',(0.0390974088512515,0.036638888888889,0.0186071360584564));
#2359=CARTESIAN_POINT('',(0.0390974088512515,0.0472707558176077,0.0142304641787884));
#2360=CARTESIAN_POINT('',(0.0589722222222222,0.0582750811422135,0.008));
#2361=CARTESIAN_POINT('',(0.0589722222222222,0.0695,0.008));
#2362=CARTESIAN_POINT('',(0.0390974088512515,0.0378541666666668,0.0186071360584564));
#2363=CARTESIAN_POINT('',(0.0390974088512515,0.0480037068930063,0.0141237989754168));
#2364=CARTESIAN_POINT('',(0.0581041666666667,0.0586879935763411,0.008));
#2365=CARTESIAN_POINT('',(0.0581041666666667,0.0695,0.008));
#2366=CARTESIAN_POINT('',(0.0390974088512515,0.0385833333333334,0.0186071360584564));
#2367=CARTESIAN_POINT('',(0.0390974088512515,0.0484396435514032,0.0140588620775983));
#2368=CARTESIAN_POINT('',(0.0575833333333333,0.0589358744998502,0.008));
#2369=CARTESIAN_POINT('',(0.0575833333333333,0.0695,0.008));
#2370=CARTESIAN_POINT('',(0.0390974088512515,0.0400416666666668,0.0186071360584564));
#2371=CARTESIAN_POINT('',(0.0390974088512515,0.0493116304980522,0.0139356606559805));
#2372=CARTESIAN_POINT('',(0.0565416666666667,0.0594316316050424,0.008));
#2373=CARTESIAN_POINT('',(0.0565416666666667,0.0695,0.008));
#2374=CARTESIAN_POINT('',(0.0390974088512515,0.0407708333333335,0.0186071360584564));
#2375=CARTESIAN_POINT('',(0.0390974088512515,0.0497476807863043,0.0138773961321812));
#2376=CARTESIAN_POINT('',(0.0560208333333333,0.0596795058833566,0.008));
#2377=CARTESIAN_POINT('',(0.0560208333333333,0.0695,0.008));
#2378=CARTESIAN_POINT('',(0.0390974088512515,0.0422291666666668,0.0186071360584564));
#2379=CARTESIAN_POINT('',(0.0390974088512515,0.0506276765962036,0.0137760873842116));
#2380=CARTESIAN_POINT('',(0.0549791666666667,0.0601750139866735,0.008));
#2381=CARTESIAN_POINT('',(0.0549791666666667,0.0695,0.008));
#2382=CARTESIAN_POINT('',(0.0390974088512515,0.0429583333333334,0.0186071360584564));
#2383=CARTESIAN_POINT('',(0.0390974088512515,0.0510716221178507,0.0137330431600413));
#2384=CARTESIAN_POINT('',(0.0544583333333333,0.0604226462545006,0.008));
#2385=CARTESIAN_POINT('',(0.0544583333333333,0.0695,0.008));
#2386=CARTESIAN_POINT('',(0.0390974088512515,0.0444166666666668,0.0186071360584564));
#2387=CARTESIAN_POINT('',(0.0390974088512515,0.0519751899980798,0.0136707229369396));
#2388=CARTESIAN_POINT('',(0.0534166666666667,0.0609175063676189,0.008));
#2389=CARTESIAN_POINT('',(0.0534166666666667,0.0695,0.008));
#2390=CARTESIAN_POINT('',(0.0390974088512515,0.0451458333333335,0.0186071360584564));
#2391=CARTESIAN_POINT('',(0.0390974088512515,0.0524348123566616,0.0136514469380083));
#2392=CARTESIAN_POINT('',(0.0528958333333333,0.061164733317426,0.008));
#2393=CARTESIAN_POINT('',(0.0528958333333333,0.0695,0.008));
#2394=CARTESIAN_POINT('',(0.0390974088512515,0.0463611111111112,0.0186071360584564));
#2395=CARTESIAN_POINT('',(0.0390974088512515,0.0532203983213602,0.0136462503988302));
#2396=CARTESIAN_POINT('',(0.0520277777777778,0.0615763836688216,0.008));
#2397=CARTESIAN_POINT('',(0.0520277777777778,0.0695,0.008));
#2398=CARTESIAN_POINT('',(0.0390974088512515,0.0470902777777779,0.0186071360584564));
#2399=CARTESIAN_POINT('',(0.0390974088512515,0.0536995693803375,0.0136539045256063));
#2400=CARTESIAN_POINT('',(0.0515069444444444,0.0618232162566828,0.008));
#2401=CARTESIAN_POINT('',(0.0515069444444444,0.0695,0.008));
#2402=CARTESIAN_POINT('',(0.0390974088512515,0.0478194444444446,0.0186071360584564));
#2403=CARTESIAN_POINT('',(0.0390974088512515,0.0541930635273986,0.0136805660363435));
#2404=CARTESIAN_POINT('',(0.0509861111111111,0.0620698232942984,0.008));
#2405=CARTESIAN_POINT('',(0.0509861111111111,0.0695,0.008));
#2406=CARTESIAN_POINT('',(0.0390974088512515,0.0487916666666668,0.0186071360584564));
#2407=CARTESIAN_POINT('',(0.0390974088512515,0.0548570236768483,0.0137240344606436));
#2408=CARTESIAN_POINT('',(0.0502916666666667,0.0623985348519475,0.008));
#2409=CARTESIAN_POINT('',(0.0502916666666667,0.0695,0.008));
#2410=CARTESIAN_POINT('',(0.0390974088512515,0.0495208333333335,0.0186071360584564));
#2411=CARTESIAN_POINT('',(0.0390974088512515,0.0553684216840142,0.0137744552013322));
#2412=CARTESIAN_POINT('',(0.0497708333333333,0.0626448508886548,0.008));
#2413=CARTESIAN_POINT('',(0.0497708333333333,0.0695,0.008));
#2414=CARTESIAN_POINT('',(0.0390974088512515,0.0509791666666668,0.0186071360584564));
#2415=CARTESIAN_POINT('',(0.0390974088512515,0.0564127023304718,0.013903807758651));
#2416=CARTESIAN_POINT('',(0.0487291666666667,0.0631371573932275,0.008));
#2417=CARTESIAN_POINT('',(0.0487291666666667,0.0695,0.008));
#2418=CARTESIAN_POINT('',(0.0390974088512515,0.0517083333333335,0.0186071360584564));
#2419=CARTESIAN_POINT('',(0.0390974088512515,0.0569455849697634,0.0139827395752812));
#2420=CARTESIAN_POINT('',(0.0482083333333333,0.0633831546081533,0.008));
#2421=CARTESIAN_POINT('',(0.0482083333333333,0.0695,0.008));
#2422=CARTESIAN_POINT('',(0.0390974088512515,0.0531666666666668,0.0186071360584564));
#2423=CARTESIAN_POINT('',(0.0390974088512515,0.058027463722441,0.0141619865154979));
#2424=CARTESIAN_POINT('',(0.0471666666666667,0.0638749458804838,0.008));
#2425=CARTESIAN_POINT('',(0.0471666666666667,0.0695,0.008));
#2426=CARTESIAN_POINT('',(0.0390974088512515,0.0538958333333335,0.0186071360584564));
#2427=CARTESIAN_POINT('',(0.0390974088512515,0.058576459835827,0.0142623016390844));
#2428=CARTESIAN_POINT('',(0.0466458333333334,0.0641207558576784,0.008));
#2429=CARTESIAN_POINT('',(0.0466458333333333,0.0695,0.008));
#2430=CARTESIAN_POINT('',(0.0390974088512515,0.0549895833333335,0.0186071360584564));
#2431=CARTESIAN_POINT('',(0.0390974088512515,0.059408010742953,0.0144234659779422));
#2432=CARTESIAN_POINT('',(0.0458645833333334,0.0644892798036251,0.008));
#2433=CARTESIAN_POINT('',(0.0458645833333334,0.0695,0.008));
#2434=CARTESIAN_POINT('',(0.0390974088512515,0.0553541666666668,0.0186071360584564));
#2435=CARTESIAN_POINT('',(0.0390974088512515,0.0596865371681696,0.0144789693664745));
#2436=CARTESIAN_POINT('',(0.0456041666666667,0.064612090686004,0.008));
#2437=CARTESIAN_POINT('',(0.0456041666666667,0.0695,0.008));
#2438=CARTESIAN_POINT('',(0.0390974088512515,0.0560833333333335,0.0186071360584564));
#2439=CARTESIAN_POINT('',(0.0390974088512515,0.0602456042028645,0.0145926490569087));
#2440=CARTESIAN_POINT('',(0.0450833333333333,0.0648575868807629,0.008));
#2441=CARTESIAN_POINT('',(0.0450833333333333,0.0695,0.008));
#2442=CARTESIAN_POINT('',(0.0390974088512515,0.0564479166666668,0.0186071360584564));
#2443=CARTESIAN_POINT('',(0.0390974088512515,0.0605261448123428,0.0146508253588105));
#2444=CARTESIAN_POINT('',(0.0448229166666667,0.0649802751227581,0.008));
#2445=CARTESIAN_POINT('',(0.0448229166666667,0.0695,0.008));
#2446=CARTESIAN_POINT('',(0.0390974088512515,0.0571770833333335,0.0186071360584564));
#2447=CARTESIAN_POINT('',(0.0390974088512515,0.0610885688208074,0.0147689599048605));
#2448=CARTESIAN_POINT('',(0.0443020833333334,0.065225406096334,0.008));
#2449=CARTESIAN_POINT('',(0.0443020833333334,0.0695,0.008));
#2450=CARTESIAN_POINT('',(0.0390974088512515,0.0575416666666668,0.0186071360584564));
#2451=CARTESIAN_POINT('',(0.0390974088512515,0.0613704522197936,0.0148289181490087));
#2452=CARTESIAN_POINT('',(0.0440416666666667,0.0653478520866391,0.008));
#2453=CARTESIAN_POINT('',(0.0440416666666667,0.0695,0.008));
#2454=CARTESIAN_POINT('',(0.0390974088512515,0.0582708333333335,0.0186071360584564));
#2455=CARTESIAN_POINT('',(0.0390974088512515,0.0619348904125199,0.0149497256084282));
#2456=CARTESIAN_POINT('',(0.0435208333333333,0.06559226656726,0.008));
#2457=CARTESIAN_POINT('',(0.0435208333333333,0.0695,0.008));
#2458=CARTESIAN_POINT('',(0.0390974088512515,0.0586354166666668,0.0186071360584564));
#2459=CARTESIAN_POINT('',(0.0390974088512515,0.06221744520626,0.0150105748236996));
#2460=CARTESIAN_POINT('',(0.0432604166666666,0.0657142375529714,0.008));
#2461=CARTESIAN_POINT('',(0.0432604166666666,0.0695,0.008));
#2462=CARTESIAN_POINT('',(0.0390974088512515,0.059,0.0186071360584564));
#2463=CARTESIAN_POINT('',(0.0390974088512515,0.0625,0.015071424038971));
#2464=CARTESIAN_POINT('',(0.043,0.0658357675049846,0.008));
#2465=CARTESIAN_POINT('',(0.043,0.0695,0.008));
#2466=CARTESIAN_POINT('',(0.0390974088512515,0.0610986686677365,0.0186071360584564));
#2467=CARTESIAN_POINT('',(0.0390974088512515,0.0641264838195415,0.015421693318641));
#2468=CARTESIAN_POINT('',(0.0415009509516168,0.06653533624322,0.008));
#2469=CARTESIAN_POINT('',(0.0415009509516168,0.0695,0.008));
#2470=CARTESIAN_POINT('',(0.0390974088512515,0.0631973373354729,0.0186071360584564));
#2471=CARTESIAN_POINT('',(0.0390974088512515,0.0657529676390828,0.0157719625983109));
#2472=CARTESIAN_POINT('',(0.0400019019032336,0.0672349049814554,0.008));
#2473=CARTESIAN_POINT('',(0.0400019019032336,0.0695,0.008));
#2474=CARTESIAN_POINT('',(0.0390974088512515,0.0652960060032093,0.0186071360584564));
#2475=CARTESIAN_POINT('',(0.0390974088512515,0.0673794514586241,0.0161222318779809));
#2476=CARTESIAN_POINT('',(0.0385028528548505,0.0679344737196907,0.008));
#2477=CARTESIAN_POINT('',(0.0385028528548504,0.0695,0.008));
#2478=CARTESIAN_POINT('',(0.0390974088512515,0.0652960060032093,0.0186071360584564));
#2479=CARTESIAN_POINT('',(0.0390974088512515,0.0652960060032093,0.0180643260205574));
#2480=CARTESIAN_POINT('',(0.0390834588261033,0.0652786569235981,0.0169739087276469));
#2481=CARTESIAN_POINT('',(0.0392358316058344,0.0654681567601959,0.0148371528309052));
#2482=CARTESIAN_POINT('',(0.0395937581621195,0.0659132954788682,0.012755239018362));
#2483=CARTESIAN_POINT('',(0.0401529287626729,0.0666087132406373,0.0107787652241545));
#2484=CARTESIAN_POINT('',(0.0406974961023048,0.0672859695199993,0.00940501643118738));
#2485=CARTESIAN_POINT('',(0.0414549252812562,0.0682279534222355,0.00826313166294241));
#2486=CARTESIAN_POINT('',(0.0421351520375502,0.0690739238074617,0.008));
#2487=CARTESIAN_POINT('',(0.0424777508228573,0.0695,0.008));
#2488=CARTESIAN_POINT('',(0.0390974088512515,0.0652960060032093,0.0294928639415436));
#2489=CARTESIAN_POINT('',(0.0390974088512515,0.0673724756885015,0.0319460995142403));
#2490=CARTESIAN_POINT('',(0.0385028528548505,0.0679367599411065,0.04));
#2491=CARTESIAN_POINT('',(0.0385028528548505,0.0695,0.04));
#2492=CARTESIAN_POINT('',(0.0390974088512515,0.0631973373354729,0.0294928639415436));
#2493=CARTESIAN_POINT('',(0.0390974088512515,0.0657483171256677,0.0322958138853921));
#2494=CARTESIAN_POINT('',(0.0400019019032336,0.0672371911893144,0.04));
#2495=CARTESIAN_POINT('',(0.0400019019032336,0.0695,0.04));
#2496=CARTESIAN_POINT('',(0.0390974088512515,0.0610986686677365,0.0294928639415436));
#2497=CARTESIAN_POINT('',(0.0390974088512515,0.0641241585628339,0.0326455282565439));
#2498=CARTESIAN_POINT('',(0.0415009509516168,0.0665376224375222,0.04));
#2499=CARTESIAN_POINT('',(0.0415009509516168,0.0695,0.04));
#2500=CARTESIAN_POINT('',(0.0390974088512515,0.059,0.0294928639415436));
#2501=CARTESIAN_POINT('',(0.0390974088512515,0.0625,0.0329952426276958));
#2502=CARTESIAN_POINT('',(0.043,0.0658380536857301,0.04));
#2503=CARTESIAN_POINT('',(0.043,0.0695,0.04));
#2504=CARTESIAN_POINT('',(0.0390974088512515,0.0586354166666668,0.0294928639415436));
#2505=CARTESIAN_POINT('',(0.0390974088512515,0.0622178491527497,0.0330559954435686));
#2506=CARTESIAN_POINT('',(0.0432604166666666,0.0657165237313618,0.04));
#2507=CARTESIAN_POINT('',(0.0432604166666666,0.0695,0.04));
#2508=CARTESIAN_POINT('',(0.0390974088512515,0.0582708333333335,0.0294928639415436));
#2509=CARTESIAN_POINT('',(0.0390974088512515,0.0619356983054992,0.0331167482594414));
#2510=CARTESIAN_POINT('',(0.0435208333333333,0.0655945509591569,0.04));
#2511=CARTESIAN_POINT('',(0.0435208333333333,0.0695,0.04));
#2512=CARTESIAN_POINT('',(0.0390974088512515,0.0575416666666668,0.0294928639415436));
#2513=CARTESIAN_POINT('',(0.0390974088512515,0.0613720610200284,0.0332373646788963));
#2514=CARTESIAN_POINT('',(0.0440416666666667,0.0653501298309197,0.04));
#2515=CARTESIAN_POINT('',(0.0440416666666667,0.0695,0.04));
#2516=CARTESIAN_POINT('',(0.0390974088512515,0.0571770833333335,0.0294928639415436));
#2517=CARTESIAN_POINT('',(0.0390974088512515,0.061090574581808,0.0332972282824782));
#2518=CARTESIAN_POINT('',(0.0443020833333334,0.0652276789754617,0.04));
#2519=CARTESIAN_POINT('',(0.0443020833333334,0.0695,0.04));
#2520=CARTESIAN_POINT('',(0.0390974088512515,0.0564479166666668,0.0294928639415436));
#2521=CARTESIAN_POINT('',(0.0390974088512515,0.0605289305234273,0.0334151770650604));
#2522=CARTESIAN_POINT('',(0.0448229166666667,0.0649825355163987,0.04));
#2523=CARTESIAN_POINT('',(0.0448229166666667,0.0695,0.04));
#2524=CARTESIAN_POINT('',(0.0390974088512515,0.0560833333333335,0.0294928639415436));
#2525=CARTESIAN_POINT('',(0.0390974088512515,0.060248772903267,0.0334732622440606));
#2526=CARTESIAN_POINT('',(0.0450833333333333,0.0648598396502282,0.04));
#2527=CARTESIAN_POINT('',(0.0450833333333334,0.0695,0.04));
#2528=CARTESIAN_POINT('',(0.0390974088512515,0.0553541666666668,0.0294928639415436));
#2529=CARTESIAN_POINT('',(0.0390974088512515,0.0596904508900366,0.0335867649651884));
#2530=CARTESIAN_POINT('',(0.0456041666666667,0.0646143256830022,0.04));
#2531=CARTESIAN_POINT('',(0.0456041666666667,0.0695,0.04));
#2532=CARTESIAN_POINT('',(0.0390974088512515,0.0549895833333335,0.0294928639415436));
#2533=CARTESIAN_POINT('',(0.0390974088512515,0.0594122864969665,0.033642182507316));
#2534=CARTESIAN_POINT('',(0.0458645833333334,0.0644915046497531,0.04));
#2535=CARTESIAN_POINT('',(0.0458645833333334,0.0695,0.04));
#2536=CARTESIAN_POINT('',(0.0390974088512515,0.0538958333333335,0.0294928639415436));
#2537=CARTESIAN_POINT('',(0.0390974088512515,0.0585817797719364,0.0338030998599535));
#2538=CARTESIAN_POINT('',(0.0466458333333334,0.0641229467625374,0.04));
#2539=CARTESIAN_POINT('',(0.0466458333333334,0.0695,0.04));
#2540=CARTESIAN_POINT('',(0.0390974088512515,0.0531666666666668,0.0294928639415436));
#2541=CARTESIAN_POINT('',(0.0390974088512515,0.0580334238941568,0.0339032643967181));
#2542=CARTESIAN_POINT('',(0.0471666666666667,0.0638771094964926,0.04));
#2543=CARTESIAN_POINT('',(0.0471666666666667,0.0695,0.04));
#2544=CARTESIAN_POINT('',(0.0390974088512515,0.0517083333333335,0.0294928639415436));
#2545=CARTESIAN_POINT('',(0.0390974088512515,0.056952657955319,0.0340822523752664));
#2546=CARTESIAN_POINT('',(0.0482083333333334,0.0633852557865616,0.04));
#2547=CARTESIAN_POINT('',(0.0482083333333334,0.0695,0.04));
#2548=CARTESIAN_POINT('',(0.0390974088512515,0.0509791666666668,0.0294928639415436));
#2549=CARTESIAN_POINT('',(0.0390974088512515,0.0564202478942608,0.03416107581705));
#2550=CARTESIAN_POINT('',(0.0487291666666667,0.0631392234159778,0.04));
#2551=CARTESIAN_POINT('',(0.0487291666666667,0.0695,0.04));
#2552=CARTESIAN_POINT('',(0.0390974088512515,0.0495208333333335,0.0294928639415436));
#2553=CARTESIAN_POINT('',(0.0390974088512515,0.0553766888611061,0.0342902679073092));
#2554=CARTESIAN_POINT('',(0.0497708333333334,0.0626468401937207,0.04));
#2555=CARTESIAN_POINT('',(0.0497708333333334,0.0695,0.04));
#2556=CARTESIAN_POINT('',(0.0390974088512515,0.0487916666666668,0.0294928639415436));
#2557=CARTESIAN_POINT('',(0.0390974088512515,0.0548655398890097,0.0343406365557848));
#2558=CARTESIAN_POINT('',(0.0502916666666667,0.0624004825942763,0.04));
#2559=CARTESIAN_POINT('',(0.0502916666666667,0.0695,0.04));
#2560=CARTESIAN_POINT('',(0.0390974088512515,0.0478194444444446,0.0294928639415436));
#2561=CARTESIAN_POINT('',(0.0390974088512515,0.0542017255003493,0.0343840824259955));
#2562=CARTESIAN_POINT('',(0.0509861111111111,0.062071712366815,0.04));
#2563=CARTESIAN_POINT('',(0.0509861111111111,0.0695,0.04));
#2564=CARTESIAN_POINT('',(0.0390974088512515,0.0470902777777779,0.0294928639415436));
#2565=CARTESIAN_POINT('',(0.0390974088512515,0.0537082941023876,0.0344107387467143));
#2566=CARTESIAN_POINT('',(0.0515069444444445,0.0618250605139549,0.04));
#2567=CARTESIAN_POINT('',(0.0515069444444445,0.0695,0.04));
#2568=CARTESIAN_POINT('',(0.0390974088512515,0.0463611111111112,0.0294928639415436));
#2569=CARTESIAN_POINT('',(0.0390974088512515,0.0532290367637339,0.0344184252052279));
#2570=CARTESIAN_POINT('',(0.0520277777777778,0.0615781809362042,0.04));
#2571=CARTESIAN_POINT('',(0.0520277777777778,0.0695,0.04));
#2572=CARTESIAN_POINT('',(0.0390974088512515,0.0451458333333335,0.0294928639415436));
#2573=CARTESIAN_POINT('',(0.0390974088512515,0.0524431719490495,0.0344133161402565));
#2574=CARTESIAN_POINT('',(0.0528958333333333,0.0611664504387463,0.04));
#2575=CARTESIAN_POINT('',(0.0528958333333334,0.0695,0.04));
#2576=CARTESIAN_POINT('',(0.0390974088512515,0.0444166666666668,0.0294928639415436));
#2577=CARTESIAN_POINT('',(0.0390974088512515,0.0519832607350036,0.0343941228550294));
#2578=CARTESIAN_POINT('',(0.0534166666666667,0.0609191737559108,0.04));
#2579=CARTESIAN_POINT('',(0.0534166666666667,0.0695,0.04));
#2580=CARTESIAN_POINT('',(0.0390974088512515,0.0429583333333334,0.0294928639415436));
#2581=CARTESIAN_POINT('',(0.0390974088512515,0.0510789545028118,0.034332006639969));
#2582=CARTESIAN_POINT('',(0.0544583333333334,0.0604242125047914,0.04));
#2583=CARTESIAN_POINT('',(0.0544583333333333,0.0695,0.04));
#2584=CARTESIAN_POINT('',(0.0390974088512515,0.0422291666666668,0.0294928639415436));
#2585=CARTESIAN_POINT('',(0.0390974088512515,0.0506345594846658,0.0342890837101359));
#2586=CARTESIAN_POINT('',(0.0549791666666667,0.0601765288329996,0.04));
#2587=CARTESIAN_POINT('',(0.0549791666666667,0.0695,0.04));
#2588=CARTESIAN_POINT('',(0.0390974088512515,0.0407708333333335,0.0294928639415436));
#2589=CARTESIAN_POINT('',(0.0390974088512515,0.0497535864906445,0.0341880342537464));
#2590=CARTESIAN_POINT('',(0.0560208333333333,0.0596809178850034,0.04));
#2591=CARTESIAN_POINT('',(0.0560208333333333,0.0695,0.04));
#2592=CARTESIAN_POINT('',(0.0390974088512515,0.0400416666666668,0.0294928639415436));
#2593=CARTESIAN_POINT('',(0.0390974088512515,0.049317008514769,0.0341299077271902));
#2594=CARTESIAN_POINT('',(0.0565416666666667,0.0594329921666026,0.04));
#2595=CARTESIAN_POINT('',(0.0565416666666667,0.0695,0.04));
#2596=CARTESIAN_POINT('',(0.0390974088512515,0.0385833333333334,0.0294928639415436));
#2597=CARTESIAN_POINT('',(0.0390974088512515,0.0484439704516593,0.0340069771252373));
#2598=CARTESIAN_POINT('',(0.0575833333333333,0.0589371337785612,0.04));
#2599=CARTESIAN_POINT('',(0.0575833333333333,0.0695,0.04));
#2600=CARTESIAN_POINT('',(0.0390974088512515,0.0378541666666668,0.0294928639415436));
#2601=CARTESIAN_POINT('',(0.0390974088512515,0.0480075103644249,0.0339421730498408));
#2602=CARTESIAN_POINT('',(0.0581041666666667,0.0586892030125487,0.04));
#2603=CARTESIAN_POINT('',(0.0581041666666667,0.0695,0.04));
#2604=CARTESIAN_POINT('',(0.0390974088512515,0.036638888888889,0.0294928639415436));
#2605=CARTESIAN_POINT('',(0.0390974088512515,0.0472737591648774,0.0338357066733821));
#2606=CARTESIAN_POINT('',(0.0589722222222222,0.0582762101929753,0.04));
#2607=CARTESIAN_POINT('',(0.0589722222222222,0.0695,0.04));
#2608=CARTESIAN_POINT('',(0.0390974088512515,0.0359097222222223,0.0294928639415436));
#2609=CARTESIAN_POINT('',(0.0390974088512515,0.0468309813568194,0.0337724430138545));
#2610=CARTESIAN_POINT('',(0.0594930555555555,0.0580285059378212,0.04));
#2611=CARTESIAN_POINT('',(0.0594930555555555,0.0695,0.04));
#2612=CARTESIAN_POINT('',(0.0390974088512515,0.0351805555555557,0.0294928639415436));
#2613=CARTESIAN_POINT('',(0.0390974088512515,0.0463818465317241,0.0337129456198091));
#2614=CARTESIAN_POINT('',(0.0600138888888889,0.0577810312591584,0.04));
#2615=CARTESIAN_POINT('',(0.0600138888888889,0.0695,0.04));
#2616=CARTESIAN_POINT('',(0.0390974088512515,0.0342083333333334,0.0294928639415436));
#2617=CARTESIAN_POINT('',(0.0390974088512515,0.0457803513411648,0.0336351850383661));
#2618=CARTESIAN_POINT('',(0.0607083333333333,0.057451187593072,0.04));
#2619=CARTESIAN_POINT('',(0.0607083333333333,0.0695,0.04));
#2620=CARTESIAN_POINT('',(0.0390974088512515,0.0334791666666668,0.0294928639415436));
#2621=CARTESIAN_POINT('',(0.0390974088512515,0.0453232702447728,0.0335803954761734));
#2622=CARTESIAN_POINT('',(0.0612291666666666,0.0572040828202095,0.04));
#2623=CARTESIAN_POINT('',(0.0612291666666666,0.0695,0.04));
#2624=CARTESIAN_POINT('',(0.0390974088512515,0.0320208333333334,0.0294928639415436));
#2625=CARTESIAN_POINT('',(0.0390974088512515,0.0443995725264328,0.0334764657500116));
#2626=CARTESIAN_POINT('',(0.0622708333333333,0.0567106722489553,0.04));
#2627=CARTESIAN_POINT('',(0.0622708333333333,0.0695,0.04));
#2628=CARTESIAN_POINT('',(0.0390974088512515,0.0312916666666668,0.0294928639415436));
#2629=CARTESIAN_POINT('',(0.0390974088512515,0.0439329559044848,0.0334273255860424));
#2630=CARTESIAN_POINT('',(0.0627916666666666,0.0564643687390955,0.04));
#2631=CARTESIAN_POINT('',(0.0627916666666666,0.0695,0.04));
#2632=CARTESIAN_POINT('',(0.0390974088512515,0.0298333333333335,0.0294928639415436));
#2633=CARTESIAN_POINT('',(0.0390974088512515,0.0429925710164218,0.0333332823067715));
#2634=CARTESIAN_POINT('',(0.0638333333333333,0.0559727340304837,0.04));
#2635=CARTESIAN_POINT('',(0.0638333333333333,0.0695,0.04));
#2636=CARTESIAN_POINT('',(0.0390974088512515,0.0291041666666668,0.0294928639415436));
#2637=CARTESIAN_POINT('',(0.0390974088512515,0.0425188027503068,0.0332883791914699));
#2638=CARTESIAN_POINT('',(0.0643541666666666,0.0557274052250388,0.04));
#2639=CARTESIAN_POINT('',(0.0643541666666666,0.0695,0.04));
#2640=CARTESIAN_POINT('',(0.0390974088512515,0.0276458333333334,0.0294928639415436));
#2641=CARTESIAN_POINT('',(0.0390974088512515,0.0415664984552988,0.0332013976599781));
#2642=CARTESIAN_POINT('',(0.0653958333333333,0.055237777358897,0.04));
#2643=CARTESIAN_POINT('',(0.0653958333333333,0.0695,0.04));
#2644=CARTESIAN_POINT('',(0.0390974088512515,0.0269166666666668,0.0294928639415436));
#2645=CARTESIAN_POINT('',(0.0390974088512515,0.0410879624264058,0.0331593192437881));
#2646=CARTESIAN_POINT('',(0.0659166666666667,0.0549934807706888,0.04));
#2647=CARTESIAN_POINT('',(0.0659166666666667,0.0695,0.04));
#2648=CARTESIAN_POINT('',(0.0390974088512515,0.0254583333333335,0.0294928639415436));
#2649=CARTESIAN_POINT('',(0.0390974088512515,0.0401285064872308,0.0330765747609641));
#2650=CARTESIAN_POINT('',(0.0669583333333333,0.054505815237677,0.04));
#2651=CARTESIAN_POINT('',(0.0669583333333333,0.0695,0.04));
#2652=CARTESIAN_POINT('',(0.0390974088512515,0.0247291666666668,0.0294928639415436));
#2653=CARTESIAN_POINT('',(0.0390974088512515,0.0396475865769488,0.0330359086943299));
#2654=CARTESIAN_POINT('',(0.0674791666666667,0.0542624465403045,0.04));
#2655=CARTESIAN_POINT('',(0.0674791666666667,0.0695,0.04));
#2656=CARTESIAN_POINT('',(0.0390974088512515,0.024,0.0294928639415436));
#2657=CARTESIAN_POINT('',(0.0390974088512515,0.0391666666666668,0.0329952426276958));
#2658=CARTESIAN_POINT('',(0.068,0.0540193930322728,0.04));
#2659=CARTESIAN_POINT('',(0.068,0.0695,0.04));
#2660=CARTESIAN_POINT('',(0.0424777508228573,0.0695,0.04));
#2661=CARTESIAN_POINT('',(0.0421364941796094,0.0690755929750214,0.04));
#2662=CARTESIAN_POINT('',(0.0414596177603236,0.0682337892678379,0.0397421026250665));
#2663=CARTESIAN_POINT('',(0.0407007479905079,0.0672900137612622,0.0386146018356989));
#2664=CARTESIAN_POINT('',(0.0401535297815117,0.0666094607033531,0.0372475177155015));
#2665=CARTESIAN_POINT('',(0.0395972162699,0.0659175961870425,0.0353040072715752));
#2666=CARTESIAN_POINT('',(0.0392338737571317,0.0654657218632944,0.0332155489024573));
#2667=CARTESIAN_POINT('',(0.0390834532247132,0.0652786499573768,0.0311024608400479));
#2668=CARTESIAN_POINT('',(0.0390974088512515,0.0652960060032093,0.0300284432930761));
#2669=CARTESIAN_POINT('',(0.0390974088512515,0.0652960060032093,0.0294928639415436));
#2670=CARTESIAN_POINT('',(0.043,0.0701495000872631,0.008));
#2671=CARTESIAN_POINT('',(0.0390974088512515,0.0315,0.02405));
#2672=CARTESIAN_POINT('',(0.0390974088512515,0.049,0.02405));
#2673=CARTESIAN_POINT('',(0.0390974088512515,0.049,0.02105));
#2674=CARTESIAN_POINT('',(0.0640974088512515,0.049,0.02405));
#2675=CARTESIAN_POINT('',(0.0390974088512515,0.0315,0.02405));
#2676=CARTESIAN_POINT('',(0.0390974088512515,0.034,0.02405));
#2677=CARTESIAN_POINT('',(0.0390974088512515,0.034,0.02105));
#2678=CARTESIAN_POINT('',(0.0640974088512515,0.034,0.02405));
#2679=CARTESIAN_POINT('',(0.105406197360241,0.0875,0.0354));
#2680=CARTESIAN_POINT('',(0.105406197360241,0.0875,0.037));
#2681=CARTESIAN_POINT('',(0.105406197360241,0.0875,0.0338));
#2682=CARTESIAN_POINT('',(0.105406197360241,0.07975,0.0338));
#2683=CARTESIAN_POINT('',(0.105406197360241,0.072,0.0338));
#2684=CARTESIAN_POINT('',(0.105406197360241,0.072,0.0354));
#2685=CARTESIAN_POINT('',(0.105406197360241,0.072,0.037));
#2686=CARTESIAN_POINT('',(0.105406197360241,0.07975,0.037));
#2687=CARTESIAN_POINT('',(0.,0.,0.));
#2688=CARTESIAN_POINT('',(-0.068,0.0695,0.024));
#2689=CARTESIAN_POINT('',(-0.068,0.0945,0.024));
#2690=CARTESIAN_POINT('',(-0.068,0.0945,0.031));
#2691=CARTESIAN_POINT('',(-0.068,0.0945,0.017));
#2692=CARTESIAN_POINT('',(-0.068,0.0945,0.024));
#2693=CARTESIAN_POINT('',(-0.068,0.0945,0.008));
#2694=CARTESIAN_POINT('',(-0.068,0.0695,0.008));
#2695=CARTESIAN_POINT('',(-0.068,0.0695,0.008));
#2696=CARTESIAN_POINT('',(-0.068,0.0695,0.024));
#2697=CARTESIAN_POINT('',(-0.068,0.0695,0.04));
#2698=CARTESIAN_POINT('',(-0.068,0.0695,0.04));
#2699=CARTESIAN_POINT('',(-0.068,0.0945,0.04));
#2700=CARTESIAN_POINT('',(-0.068,0.0945,0.024));
#2701=CARTESIAN_POINT('',(-0.068,0.07975,0.0338));
#2702=CARTESIAN_POINT('',(-0.068,0.0875,0.0338));
#2703=CARTESIAN_POINT('',(-0.068,0.072,0.0338));
#2704=CARTESIAN_POINT('',(-0.068,0.0875,0.0354));
#2705=CARTESIAN_POINT('',(-0.068,0.0875,0.037));
#2706=CARTESIAN_POINT('',(-0.068,0.07975,0.037));
#2707=CARTESIAN_POINT('',(-0.068,0.072,0.037));
#2708=CARTESIAN_POINT('',(-0.068,0.072,0.0354));
#2709=CARTESIAN_POINT('',(-0.043,0.0695,0.024));
#2710=CARTESIAN_POINT('',(-0.043,0.0695,0.04));
#2711=CARTESIAN_POINT('',(-0.043,0.0701495000872631,0.04));
#2712=CARTESIAN_POINT('',(-0.043,0.0945,0.04));
#2713=CARTESIAN_POINT('',(-0.043,0.070149500087263,0.04));
#2714=CARTESIAN_POINT('',(-0.043,0.070149500087263,0.0293333333333333));
#2715=CARTESIAN_POINT('',(-0.043,0.070149500087263,0.0186666666666667));
#2716=CARTESIAN_POINT('',(-0.043,0.070149500087263,0.008));
#2717=CARTESIAN_POINT('',(-0.043,0.0701495000872631,0.008));
#2718=CARTESIAN_POINT('',(-0.043,0.0695,0.008));
#2719=CARTESIAN_POINT('',(-0.043,0.0945,0.008));
#2720=CARTESIAN_POINT('',(-0.043,0.0945,0.024));
#2721=CARTESIAN_POINT('',(-0.043,0.0945,0.017));
#2722=CARTESIAN_POINT('',(-0.043,0.0945,0.024));
#2723=CARTESIAN_POINT('',(-0.043,0.0945,0.031));
#2724=CARTESIAN_POINT('',(-0.043,0.0945,0.024));
#2725=CARTESIAN_POINT('',(-0.043,0.0875,0.024));
#2726=CARTESIAN_POINT('',(-0.043,0.0875,0.0338));
#2727=CARTESIAN_POINT('',(-0.043,0.0875,0.037));
#2728=CARTESIAN_POINT('',(-0.043,0.0695,0.0338));
#2729=CARTESIAN_POINT('',(-0.043,0.072,0.0338));
#2730=CARTESIAN_POINT('',(-0.043,0.072,0.024));
#2731=CARTESIAN_POINT('',(-0.043,0.072,0.037));
#2732=CARTESIAN_POINT('',(-0.043,0.0695,0.037));
#2733=CARTESIAN_POINT('',(-0.0539,0.0945,0.024));
#2734=CARTESIAN_POINT('',(-0.0592816507068989,0.0945,0.024));
#2735=CARTESIAN_POINT('',(-0.0592816507068989,0.0945,0.01405));
#2736=CARTESIAN_POINT('',(-0.0592816507068989,0.0945,0.03395));
#2737=CARTESIAN_POINT('',(-0.0539,0.0945,0.03395));
#2738=CARTESIAN_POINT('',(-0.0539,0.0945,0.03395));
#2739=CARTESIAN_POINT('',(-0.0539,0.0945,0.024));
#2740=CARTESIAN_POINT('',(-0.0539,0.0945,0.01405));
#2741=CARTESIAN_POINT('',(-0.0539,0.0945,0.01405));
#2742=CARTESIAN_POINT('',(-0.0555,0.0945,0.024));
#2743=CARTESIAN_POINT('',(-0.04845,0.0945,0.0133));
#2744=CARTESIAN_POINT('',(-0.04845,0.0945,0.0154));
#2745=CARTESIAN_POINT('',(-0.0555,0.0945,0.008));
#2746=CARTESIAN_POINT('',(0.058590422329753,0.0945,0.017));
#2747=CARTESIAN_POINT('',(-0.0661,0.0945,0.017));
#2748=CARTESIAN_POINT('',(-0.0661,0.0945,0.024));
#2749=CARTESIAN_POINT('',(-0.0661,0.0945,0.01405));
#2750=CARTESIAN_POINT('',(-0.0610183492931011,0.0945,0.01405));
#2751=CARTESIAN_POINT('',(-0.0607183492931011,0.0945,0.01405));
#2752=CARTESIAN_POINT('',(-0.0607183492931011,0.0945,0.014375));
#2753=CARTESIAN_POINT('',(-0.0607183492931011,0.0945,0.0142585009428243));
#2754=CARTESIAN_POINT('',(-0.06,0.0945,0.013175));
#2755=CARTESIAN_POINT('',(-0.0592816507068989,0.0945,0.0142585009428243));
#2756=CARTESIAN_POINT('',(-0.0592816507068989,0.0945,0.014375));
#2757=CARTESIAN_POINT('',(-0.0539,0.0945,0.024));
#2758=CARTESIAN_POINT('',(-0.0539,0.0945,0.017));
#2759=CARTESIAN_POINT('',(0.058590422329753,0.0945,0.017));
#2760=CARTESIAN_POINT('',(-0.0555,0.0945,0.024));
#2761=CARTESIAN_POINT('',(-0.04845,0.0945,0.0347));
#2762=CARTESIAN_POINT('',(-0.04845,0.0945,0.0368));
#2763=CARTESIAN_POINT('',(-0.0555,0.0945,0.04));
#2764=CARTESIAN_POINT('',(0.058590422329753,0.0945,0.031));
#2765=CARTESIAN_POINT('',(-0.0539,0.0945,0.031));
#2766=CARTESIAN_POINT('',(-0.0539,0.0945,0.024));
#2767=CARTESIAN_POINT('',(-0.0592816507068989,0.0945,0.024));
#2768=CARTESIAN_POINT('',(-0.0592816507068989,0.0945,0.0337414990571758));
#2769=CARTESIAN_POINT('',(-0.06,0.0945,0.034825));
#2770=CARTESIAN_POINT('',(-0.0607183492931011,0.0945,0.0337414990571758));
#2771=CARTESIAN_POINT('',(-0.0607183492931011,0.0945,0.024));
#2772=CARTESIAN_POINT('',(-0.0607183492931011,0.0945,0.03395));
#2773=CARTESIAN_POINT('',(-0.0539,0.0945,0.03395));
#2774=CARTESIAN_POINT('',(-0.0661,0.0945,0.03395));
#2775=CARTESIAN_POINT('',(-0.0661,0.0945,0.024));
#2776=CARTESIAN_POINT('',(-0.0661,0.0945,0.031));
#2777=CARTESIAN_POINT('',(0.058590422329753,0.0945,0.031));
#2778=CARTESIAN_POINT('',(-0.0555,0.0695,0.04));
#2779=CARTESIAN_POINT('',(-0.0555,0.0695,0.04));
#2780=CARTESIAN_POINT('',(-0.0424777508228573,0.0695,0.04));
#2781=CARTESIAN_POINT('',(-0.0424777508228573,0.0695,0.04));
#2782=CARTESIAN_POINT('',(-0.0426518338819048,0.0697165000290877,0.04));
#2783=CARTESIAN_POINT('',(-0.0428259169409524,0.0699330000581754,0.04));
#2784=CARTESIAN_POINT('',(-0.043,0.0701495000872631,0.04));
#2785=CARTESIAN_POINT('',(-0.0555,0.0695,0.008));
#2786=CARTESIAN_POINT('',(-0.043,0.0701495000872631,0.008));
#2787=CARTESIAN_POINT('',(-0.0428259169409525,0.0699330000581755,0.008));
#2788=CARTESIAN_POINT('',(-0.0426518338819049,0.0697165000290877,0.008));
#2789=CARTESIAN_POINT('',(-0.0424777508228574,0.0695,0.008));
#2790=CARTESIAN_POINT('',(-0.0424777508228573,0.0695,0.008));
#2791=CARTESIAN_POINT('',(-0.0555,0.0695,0.008));
#2792=CARTESIAN_POINT('',(-0.0539,0.0945,0.024));
#2793=CARTESIAN_POINT('',(-0.0661,0.0945,0.024));
#2794=CARTESIAN_POINT('',(-0.0607183492931011,0.0945,0.024));
#2795=CARTESIAN_POINT('',(-0.0539,0.0945,0.024));
#2796=CARTESIAN_POINT('',(-0.0539,0.0945,0.024));
#2797=CARTESIAN_POINT('',(-0.0661,0.0945,0.024));
#2798=CARTESIAN_POINT('',(-0.0661,0.0945,0.024));
#2799=CARTESIAN_POINT('',(0.058590422329753,0.0945,0.024));
#2800=CARTESIAN_POINT('',(0.058590422329753,0.0945,0.024));
#2801=CARTESIAN_POINT('',(-0.0607183492931011,0.0945,0.014375));
#2802=CARTESIAN_POINT('',(-0.0607183492931011,0.0945,0.024));
#2803=CARTESIAN_POINT('',(-0.06,0.0945,0.024));
#2804=CARTESIAN_POINT('',(-0.0592816507068989,0.0945,0.024));
#2805=CARTESIAN_POINT('',(-0.0592816507068989,0.0945,0.014375));
#2806=CARTESIAN_POINT('',(-0.04845,0.094,0.0133));
#2807=CARTESIAN_POINT('',(-0.04845,0.094,0.0133));
#2808=CARTESIAN_POINT('',(-0.04845,0.094,0.0154));
#2809=CARTESIAN_POINT('',(-0.0555,0.094,0.024));
#2810=CARTESIAN_POINT('',(-0.04845,0.094,0.0133));
#2811=CARTESIAN_POINT('',(-0.04845,0.094,0.0152));
#2812=CARTESIAN_POINT('',(-0.04845,0.094,0.0347));
#2813=CARTESIAN_POINT('',(-0.04845,0.094,0.0347));
#2814=CARTESIAN_POINT('',(-0.04845,0.094,0.0368));
#2815=CARTESIAN_POINT('',(-0.0555,0.094,0.024));
#2816=CARTESIAN_POINT('',(-0.04845,0.094,0.0347));
#2817=CARTESIAN_POINT('',(-0.04845,0.094,0.0366));
#2818=CARTESIAN_POINT('',(-0.0555,0.09,0.024));
#2819=CARTESIAN_POINT('',(-0.04845,0.09,0.0133));
#2820=CARTESIAN_POINT('',(-0.04845,0.09,0.0152));
#2821=CARTESIAN_POINT('',(-0.04845,0.09,0.0133));
#2822=CARTESIAN_POINT('',(-0.0555,0.09,0.024));
#2823=CARTESIAN_POINT('',(-0.04845,0.09,0.0347));
#2824=CARTESIAN_POINT('',(-0.04845,0.09,0.0366));
#2825=CARTESIAN_POINT('',(-0.04845,0.09,0.0347));
#2826=CARTESIAN_POINT('',(-0.0390974088512515,0.0315,0.0240000000000057));
#2827=CARTESIAN_POINT('',(-0.0390974088512515,0.019,0.02405));
#2828=CARTESIAN_POINT('',(-0.0390974088512515,0.019,0.02255));
#2829=CARTESIAN_POINT('',(-0.0390974088512515,0.0415,0.02405));
#2830=CARTESIAN_POINT('',(-0.0390974088512515,0.0415,0.0186071360584564));
#2831=CARTESIAN_POINT('',(-0.0390974088512515,0.0415,0.0294928639415436));
#2832=CARTESIAN_POINT('',(-0.0390974088512515,0.0315,0.0186071360584564));
#2833=CARTESIAN_POINT('',(-0.0390974088512515,0.00400000000000012,0.0186071360584564));
#2834=CARTESIAN_POINT('',(-0.0390974088512515,0.00400000000000012,0.02405));
#2835=CARTESIAN_POINT('',(-0.0390974088512515,0.00400000000000012,0.0294928639415436));
#2836=CARTESIAN_POINT('',(-0.0390974088512515,0.0315,0.0294928639415436));
#2837=CARTESIAN_POINT('',(-0.0390974088512515,0.034,0.02405));
#2838=CARTESIAN_POINT('',(-0.0390974088512515,0.034,0.02255));
#2839=CARTESIAN_POINT('',(-0.0390974088512515,0.0315,0.0186071360584564));
#2840=CARTESIAN_POINT('',(-0.0350974088512515,0.0315,0.0186071360584564));
#2841=CARTESIAN_POINT('',(-0.0350974088512515,0.00400000000000012,0.0186071360584564));
#2842=CARTESIAN_POINT('',(-0.0350974088512516,0.0603213684877113,0.0186071360584564));
#2843=CARTESIAN_POINT('',(-0.0390974088512515,0.00400000000000012,0.0186071360584564));
#2844=CARTESIAN_POINT('',(-0.0390974088512515,0.05025,0.0186071360584564));
#2845=CARTESIAN_POINT('',(-0.0390974088512515,0.0652960060032093,0.0186071360584564));
#2846=CARTESIAN_POINT('',(-0.0390974088512515,0.0652960060032093,0.0186071360584564));
#2847=CARTESIAN_POINT('',(-0.0377640755179182,0.0636377934980433,0.0186071360584564));
#2848=CARTESIAN_POINT('',(-0.0364307421845848,0.0619795809928772,0.0186071360584564));
#2849=CARTESIAN_POINT('',(-0.0350974088512515,0.0603213684877112,0.0186071360584564));
#2850=CARTESIAN_POINT('',(-0.0390974088512515,0.00400000000000012,0.02405));
#2851=CARTESIAN_POINT('',(-0.0350974088512515,0.00400000000000012,0.02405));
#2852=CARTESIAN_POINT('',(-0.0350974088512515,0.00400000000000012,0.0294928639415436));
#2853=CARTESIAN_POINT('',(-0.0390974088512515,0.00400000000000012,0.0294928639415436));
#2854=CARTESIAN_POINT('',(-0.0390974088512515,0.0315,0.0294928639415436));
#2855=CARTESIAN_POINT('',(-0.0350974088512515,0.0315,0.0294928639415436));
#2856=CARTESIAN_POINT('',(-0.0350974088512515,0.0603213684877113,0.0294928639415436));
#2857=CARTESIAN_POINT('',(-0.0350974088512515,0.0603213684877113,0.0294928639415436));
#2858=CARTESIAN_POINT('',(-0.0364307421845848,0.0619795809928773,0.0294928639415436));
#2859=CARTESIAN_POINT('',(-0.0377640755179182,0.0636377934980433,0.0294928639415436));
#2860=CARTESIAN_POINT('',(-0.0390974088512515,0.0652960060032093,0.0294928639415436));
#2861=CARTESIAN_POINT('',(-0.0390974088512515,0.0652960060032093,0.0294928639415436));
#2862=CARTESIAN_POINT('',(-0.0390974088512515,0.0315,0.0294928639415436));
#2863=CARTESIAN_POINT('',(-0.0350974088512515,0.0315,0.0240000000000057));
#2864=CARTESIAN_POINT('',(-0.0350974088512515,0.019,0.02405));
#2865=CARTESIAN_POINT('',(-0.0350974088512515,0.019,0.02555));
#2866=CARTESIAN_POINT('',(-0.0350974088512515,0.034,0.02405));
#2867=CARTESIAN_POINT('',(-0.0350974088512515,0.034,0.02555));
#2868=CARTESIAN_POINT('',(-0.0350974088512515,0.049,0.02405));
#2869=CARTESIAN_POINT('',(-0.0350974088512515,0.049,0.02555));
#2870=CARTESIAN_POINT('',(-0.0350974088512516,0.0603213684877113,0.0186071360584564));
#2871=CARTESIAN_POINT('',(-0.0350974088512516,0.0603213684877113,0.0222357120194855));
#2872=CARTESIAN_POINT('',(-0.0350974088512515,0.0603213684877113,0.0258642879805145));
#2873=CARTESIAN_POINT('',(-0.0350974088512515,0.0603213684877113,0.0294928639415436));
#2874=CARTESIAN_POINT('',(-0.0140974088512515,0.049,0.02405));
#2875=CARTESIAN_POINT('',(-0.0390974088512515,0.049,0.02405));
#2876=CARTESIAN_POINT('',(-0.0390974088512515,0.049,0.02255));
#2877=CARTESIAN_POINT('',(-0.0140974088512515,0.034,0.02405));
#2878=CARTESIAN_POINT('',(-0.0140974088512515,0.019,0.02405));
#2879=CARTESIAN_POINT('',(-0.0390974088512515,0.0415,0.0294928639415436));
#2880=CARTESIAN_POINT('',(-0.0390974088512515,0.0508333333333335,0.0329952426276958));
#2881=CARTESIAN_POINT('',(-0.068,0.0597136540101314,0.04));
#2882=CARTESIAN_POINT('',(-0.068,0.0695,0.04));
#2883=CARTESIAN_POINT('',(-0.0390974088512515,0.0418645833333334,0.0294928639415436));
#2884=CARTESIAN_POINT('',(-0.0390974088512515,0.0510770070551496,0.0330004332790284));
#2885=CARTESIAN_POINT('',(-0.0674791666666667,0.0598351783090384,0.04));
#2886=CARTESIAN_POINT('',(-0.0674791666666667,0.0695,0.04));
#2887=CARTESIAN_POINT('',(-0.0390974088512515,0.0422291666666668,0.0294928639415436));
#2888=CARTESIAN_POINT('',(-0.0390974088512515,0.0513206807769657,0.033005623930361));
#2889=CARTESIAN_POINT('',(-0.0669583333333333,0.0599574005353849,0.04));
#2890=CARTESIAN_POINT('',(-0.0669583333333333,0.0695,0.04));
#2891=CARTESIAN_POINT('',(-0.0390974088512515,0.0429583333333334,0.0294928639415436));
#2892=CARTESIAN_POINT('',(-0.0390974088512515,0.0518066751165276,0.0330174062079159));
#2893=CARTESIAN_POINT('',(-0.0659166666666666,0.0602036746768907,0.04));
#2894=CARTESIAN_POINT('',(-0.0659166666666666,0.0695,0.04));
#2895=CARTESIAN_POINT('',(-0.0390974088512515,0.0433229166666668,0.0294928639415436));
#2896=CARTESIAN_POINT('',(-0.0390974088512515,0.0520489957342733,0.033023997834138));
#2897=CARTESIAN_POINT('',(-0.0653958333333333,0.0603277257724047,0.04));
#2898=CARTESIAN_POINT('',(-0.0653958333333333,0.0695,0.04));
#2899=CARTESIAN_POINT('',(-0.0390974088512515,0.0440520833333334,0.0294928639415436));
#2900=CARTESIAN_POINT('',(-0.0390974088512515,0.0525309307616241,0.0330399830363614));
#2901=CARTESIAN_POINT('',(-0.0643541666666666,0.0605777698703462,0.04));
#2902=CARTESIAN_POINT('',(-0.0643541666666666,0.0695,0.04));
#2903=CARTESIAN_POINT('',(-0.0390974088512515,0.0444166666666668,0.0294928639415436));
#2904=CARTESIAN_POINT('',(-0.0390974088512515,0.052770545171229,0.0330493766123625));
#2905=CARTESIAN_POINT('',(-0.0638333333333333,0.0607037582896473,0.04));
#2906=CARTESIAN_POINT('',(-0.0638333333333333,0.0695,0.04));
#2907=CARTESIAN_POINT('',(-0.0390974088512515,0.0451458333333335,0.0294928639415436));
#2908=CARTESIAN_POINT('',(-0.0390974088512515,0.0532457146782278,0.0330723666890334));
#2909=CARTESIAN_POINT('',(-0.0627916666666667,0.0609575220028029,0.04));
#2910=CARTESIAN_POINT('',(-0.0627916666666667,0.0695,0.04));
#2911=CARTESIAN_POINT('',(-0.0390974088512515,0.0455104166666668,0.0294928639415436));
#2912=CARTESIAN_POINT('',(-0.0390974088512515,0.0534812697756215,0.033085963189703));
#2913=CARTESIAN_POINT('',(-0.0622708333333333,0.0610852930714336,0.04));
#2914=CARTESIAN_POINT('',(-0.0622708333333333,0.0695,0.04));
#2915=CARTESIAN_POINT('',(-0.0390974088512515,0.0462395833333335,0.0294928639415436));
#2916=CARTESIAN_POINT('',(-0.0390974088512515,0.0539469675541276,0.0331187600906002));
#2917=CARTESIAN_POINT('',(-0.0612291666666667,0.0613422870252808,0.04));
#2918=CARTESIAN_POINT('',(-0.0612291666666667,0.0695,0.04));
#2919=CARTESIAN_POINT('',(-0.0390974088512515,0.0466041666666668,0.0294928639415436));
#2920=CARTESIAN_POINT('',(-0.0390974088512515,0.0541771102352398,0.0331379604908279));
#2921=CARTESIAN_POINT('',(-0.0607083333333333,0.0614715060817539,0.04));
#2922=CARTESIAN_POINT('',(-0.0607083333333333,0.0695,0.04));
#2923=CARTESIAN_POINT('',(-0.0390974088512515,0.0470902777777779,0.0294928639415436));
#2924=CARTESIAN_POINT('',(-0.0390974088512515,0.0544794567964881,0.0331682309407631));
#2925=CARTESIAN_POINT('',(-0.0600138888888889,0.0616444706319946,0.04));
#2926=CARTESIAN_POINT('',(-0.0600138888888889,0.0695,0.04));
#2927=CARTESIAN_POINT('',(-0.0390974088512515,0.0474548611111113,0.0294928639415436));
#2928=CARTESIAN_POINT('',(-0.0390974088512515,0.054705089130699,0.033192101257289));
#2929=CARTESIAN_POINT('',(-0.0594930555555555,0.0617743609947367,0.04));
#2930=CARTESIAN_POINT('',(-0.0594930555555555,0.0695,0.04));
#2931=CARTESIAN_POINT('',(-0.0390974088512515,0.0478194444444446,0.0294928639415436));
#2932=CARTESIAN_POINT('',(-0.0390974088512515,0.0549271131873889,0.0332197075068537));
#2933=CARTESIAN_POINT('',(-0.0589722222222222,0.0619046724027704,0.04));
#2934=CARTESIAN_POINT('',(-0.0589722222222222,0.0695,0.04));
#2935=CARTESIAN_POINT('',(-0.0390974088512515,0.0484270833333335,0.0294928639415436));
#2936=CARTESIAN_POINT('',(-0.0390974088512515,0.0552946233864739,0.0332681095609206));
#2937=CARTESIAN_POINT('',(-0.0581041666666666,0.0621221485667209,0.04));
#2938=CARTESIAN_POINT('',(-0.0581041666666666,0.0695,0.04));
#2939=CARTESIAN_POINT('',(-0.0390974088512515,0.0487916666666668,0.0294928639415436));
#2940=CARTESIAN_POINT('',(-0.0390974088512515,0.0555128526000667,0.0332993032676739));
#2941=CARTESIAN_POINT('',(-0.0575833333333333,0.0622528925054873,0.04));
#2942=CARTESIAN_POINT('',(-0.0575833333333333,0.0695,0.04));
#2943=CARTESIAN_POINT('',(-0.0390974088512515,0.0495208333333335,0.0294928639415436));
#2944=CARTESIAN_POINT('',(-0.0390974088512515,0.0559487513305242,0.0333612452536309));
#2945=CARTESIAN_POINT('',(-0.0565416666666666,0.0625144346422518,0.04));
#2946=CARTESIAN_POINT('',(-0.0565416666666666,0.0695,0.04));
#2947=CARTESIAN_POINT('',(-0.0390974088512515,0.0498854166666668,0.0294928639415436));
#2948=CARTESIAN_POINT('',(-0.0390974088512515,0.0561664208473888,0.0333919935328345));
#2949=CARTESIAN_POINT('',(-0.0560208333333333,0.0626452301188201,0.04));
#2950=CARTESIAN_POINT('',(-0.0560208333333333,0.0695,0.04));
#2951=CARTESIAN_POINT('',(-0.0390974088512515,0.0506145833333335,0.0294928639415436));
#2952=CARTESIAN_POINT('',(-0.0390974088512515,0.0566051942993784,0.0334482942875158));
#2953=CARTESIAN_POINT('',(-0.0549791666666667,0.0629064775770414,0.04));
#2954=CARTESIAN_POINT('',(-0.0549791666666667,0.0695,0.04));
#2955=CARTESIAN_POINT('',(-0.0390974088512515,0.0509791666666668,0.0294928639415436));
#2956=CARTESIAN_POINT('',(-0.0390974088512515,0.0568262982345033,0.0334738467629934));
#2957=CARTESIAN_POINT('',(-0.0544583333333333,0.0630369276964905,0.04));
#2958=CARTESIAN_POINT('',(-0.0544583333333333,0.0695,0.04));
#2959=CARTESIAN_POINT('',(-0.0390974088512515,0.0517083333333335,0.0294928639415436));
#2960=CARTESIAN_POINT('',(-0.0390974088512515,0.0572759346380018,0.0335150055340466));
#2961=CARTESIAN_POINT('',(-0.0534166666666667,0.0632972000440964,0.04));
#2962=CARTESIAN_POINT('',(-0.0534166666666667,0.0695,0.04));
#2963=CARTESIAN_POINT('',(-0.0390974088512515,0.0520729166666668,0.0294928639415436));
#2964=CARTESIAN_POINT('',(-0.0390974088512515,0.0575044671063753,0.033530611829622));
#2965=CARTESIAN_POINT('',(-0.0528958333333333,0.0634270218498128,0.04));
#2966=CARTESIAN_POINT('',(-0.0528958333333333,0.0695,0.04));
#2967=CARTESIAN_POINT('',(-0.0390974088512515,0.0526805555555557,0.0294928639415436));
#2968=CARTESIAN_POINT('',(-0.0390974088512515,0.0578948734271954,0.0335443751921825));
#2969=CARTESIAN_POINT('',(-0.0520277777777778,0.0636427445707495,0.04));
#2970=CARTESIAN_POINT('',(-0.0520277777777778,0.0695,0.04));
#2971=CARTESIAN_POINT('',(-0.0390974088512515,0.053045138888889,0.0294928639415436));
#2972=CARTESIAN_POINT('',(-0.0390974088512515,0.0581329247690998,0.0335477343576925));
#2973=CARTESIAN_POINT('',(-0.0515069444444444,0.0637719205762807,0.04));
#2974=CARTESIAN_POINT('',(-0.0515069444444444,0.0695,0.04));
#2975=CARTESIAN_POINT('',(-0.0390974088512515,0.0534097222222223,0.0294928639415436));
#2976=CARTESIAN_POINT('',(-0.0390974088512515,0.0583780188067855,0.033542161786438));
#2977=CARTESIAN_POINT('',(-0.0509861111111111,0.0639007017813544,0.04));
#2978=CARTESIAN_POINT('',(-0.0509861111111111,0.0695,0.04));
#2979=CARTESIAN_POINT('',(-0.0390974088512515,0.0538958333333335,0.0294928639415436));
#2980=CARTESIAN_POINT('',(-0.0390974088512515,0.0587077453136086,0.0335310101344466));
#2981=CARTESIAN_POINT('',(-0.0502916666666667,0.0640722327301578,0.04));
#2982=CARTESIAN_POINT('',(-0.0502916666666667,0.0695,0.04));
#2983=CARTESIAN_POINT('',(-0.0390974088512515,0.0542604166666668,0.0294928639415436));
#2984=CARTESIAN_POINT('',(-0.0390974088512515,0.058961642721021,0.0335142728922363));
#2985=CARTESIAN_POINT('',(-0.0497708333333333,0.0642004867796479,0.04));
#2986=CARTESIAN_POINT('',(-0.0497708333333333,0.0695,0.04));
#2987=CARTESIAN_POINT('',(-0.0390974088512515,0.0549895833333335,0.0294928639415436));
#2988=CARTESIAN_POINT('',(-0.0390974088512515,0.0594800015795176,0.0334674008026687));
#2989=CARTESIAN_POINT('',(-0.0487291666666667,0.0644562471604027,0.04));
#2990=CARTESIAN_POINT('',(-0.0487291666666667,0.0695,0.04));
#2991=CARTESIAN_POINT('',(-0.0390974088512515,0.0553541666666668,0.0294928639415436));
#2992=CARTESIAN_POINT('',(-0.0390974088512515,0.0597444630306019,0.0334372659553114));
#2993=CARTESIAN_POINT('',(-0.0482083333333333,0.0645837628198092,0.04));
#2994=CARTESIAN_POINT('',(-0.0482083333333333,0.0695,0.04));
#2995=CARTESIAN_POINT('',(-0.0390974088512515,0.0559010416666668,0.0294928639415436));
#2996=CARTESIAN_POINT('',(-0.0390974088512515,0.0601470974817938,0.0333845275313803));
#2997=CARTESIAN_POINT('',(-0.0474270833333333,0.0647744765116049,0.04));
#2998=CARTESIAN_POINT('',(-0.0474270833333333,0.0695,0.04));
#2999=CARTESIAN_POINT('',(-0.0390974088512515,0.0560833333333335,0.0294928639415436));
#3000=CARTESIAN_POINT('',(-0.0390974088512515,0.0602822993446186,0.0333656920312542));
#3001=CARTESIAN_POINT('',(-0.0471666666666667,0.0648379551573361,0.04));
#3002=CARTESIAN_POINT('',(-0.0471666666666667,0.0695,0.04));
#3003=CARTESIAN_POINT('',(-0.0390974088512515,0.0564479166666668,0.0294928639415436));
#3004=CARTESIAN_POINT('',(-0.0390974088512515,0.0605543537020921,0.0333259276551975));
#3005=CARTESIAN_POINT('',(-0.0466458333333333,0.0649647008061782,0.04));
#3006=CARTESIAN_POINT('',(-0.0466458333333333,0.0695,0.04));
#3007=CARTESIAN_POINT('',(-0.0390974088512515,0.0566302083333335,0.0294928639415436));
#3008=CARTESIAN_POINT('',(-0.0390974088512515,0.0606912061967408,0.0333049987792671));
#3009=CARTESIAN_POINT('',(-0.0463854166666667,0.0650279689941067,0.04));
#3010=CARTESIAN_POINT('',(-0.0463854166666667,0.0695,0.04));
#3011=CARTESIAN_POINT('',(-0.0390974088512515,0.0569947916666668,0.0294928639415436));
#3012=CARTESIAN_POINT('',(-0.0390974088512515,0.060966231691497,0.0332614663267628));
#3013=CARTESIAN_POINT('',(-0.0458645833333333,0.0651542429670483,0.04));
#3014=CARTESIAN_POINT('',(-0.0458645833333333,0.0695,0.04));
#3015=CARTESIAN_POINT('',(-0.0390974088512515,0.0571770833333335,0.0294928639415436));
#3016=CARTESIAN_POINT('',(-0.0390974088512515,0.0611044046916046,0.0332388627501891));
#3017=CARTESIAN_POINT('',(-0.0456041666666667,0.0652172498085819,0.04));
#3018=CARTESIAN_POINT('',(-0.0456041666666667,0.0695,0.04));
#3019=CARTESIAN_POINT('',(-0.0390974088512515,0.0575416666666668,0.0294928639415436));
#3020=CARTESIAN_POINT('',(-0.0390974088512515,0.0613817410709141,0.033192399571559));
#3021=CARTESIAN_POINT('',(-0.0450833333333333,0.0653429047699679,0.04));
#3022=CARTESIAN_POINT('',(-0.0450833333333333,0.0695,0.04));
#3023=CARTESIAN_POINT('',(-0.0390974088512515,0.0577239583333335,0.0294928639415436));
#3024=CARTESIAN_POINT('',(-0.0390974088512515,0.0615209044501159,0.0331685399695026));
#3025=CARTESIAN_POINT('',(-0.0448229166666667,0.0654055543344894,0.04));
#3026=CARTESIAN_POINT('',(-0.0448229166666666,0.0695,0.04));
#3027=CARTESIAN_POINT('',(-0.0390974088512515,0.0580885416666668,0.0294928639415436));
#3028=CARTESIAN_POINT('',(-0.0390974088512515,0.0617998914612491,0.0331199834150683));
#3029=CARTESIAN_POINT('',(-0.0443020833333334,0.0655303316697487,0.04));
#3030=CARTESIAN_POINT('',(-0.0443020833333334,0.0695,0.04));
#3031=CARTESIAN_POINT('',(-0.0390974088512515,0.0582708333333335,0.0294928639415436));
#3032=CARTESIAN_POINT('',(-0.0390974088512515,0.0619397150931805,0.0330952864626903));
#3033=CARTESIAN_POINT('',(-0.0440416666666667,0.0655924613112703,0.04));
#3034=CARTESIAN_POINT('',(-0.0440416666666667,0.0695,0.04));
#3035=CARTESIAN_POINT('',(-0.0390974088512515,0.0586354166666668,0.0294928639415436));
#3036=CARTESIAN_POINT('',(-0.0390974088512515,0.0622196924834079,0.0330454738827735));
#3037=CARTESIAN_POINT('',(-0.0435208333333333,0.0657159393785583,0.04));
#3038=CARTESIAN_POINT('',(-0.0435208333333333,0.0695,0.04));
#3039=CARTESIAN_POINT('',(-0.0390974088512515,0.0588177083333335,0.0294928639415436));
#3040=CARTESIAN_POINT('',(-0.0390974088512515,0.062359846241704,0.0330203582552346));
#3041=CARTESIAN_POINT('',(-0.0432604166666666,0.065777288406124,0.04));
#3042=CARTESIAN_POINT('',(-0.0432604166666666,0.0695,0.04));
#3043=CARTESIAN_POINT('',(-0.0390974088512515,0.059,0.0294928639415436));
#3044=CARTESIAN_POINT('',(-0.0390974088512515,0.0625,0.0329952426276958));
#3045=CARTESIAN_POINT('',(-0.043,0.0658380536857301,0.04));
#3046=CARTESIAN_POINT('',(-0.043,0.0695,0.04));
#3047=CARTESIAN_POINT('',(-0.0390974088512515,0.0610986686677365,0.0294928639415435));
#3048=CARTESIAN_POINT('',(-0.0390974088512515,0.0641135477094484,0.0327060940256221));
#3049=CARTESIAN_POINT('',(-0.0400019019032335,0.0665376259192144,0.04));
#3050=CARTESIAN_POINT('',(-0.0400019019032335,0.0695,0.04));
#3051=CARTESIAN_POINT('',(-0.0390974088512515,0.0631973373354729,0.0294928639415435));
#3052=CARTESIAN_POINT('',(-0.0390974088512515,0.0657270954188967,0.0324169454235486));
#3053=CARTESIAN_POINT('',(-0.0370038038064672,0.0672371981526987,0.04));
#3054=CARTESIAN_POINT('',(-0.0370038038064672,0.0695,0.04));
#3055=CARTESIAN_POINT('',(-0.0390974088512515,0.0652960060032092,0.0294928639415434));
#3056=CARTESIAN_POINT('',(-0.0390974088512515,0.067340643128345,0.032127796821475));
#3057=CARTESIAN_POINT('',(-0.0340057057097007,0.0679367703861831,0.04));
#3058=CARTESIAN_POINT('',(-0.0340057057097007,0.0695,0.04));
#3059=CARTESIAN_POINT('',(-0.0390974088512515,0.0415,0.0294928639415436));
#3060=CARTESIAN_POINT('',(-0.0390974088512515,0.0508333333333335,0.0329952426276958));
#3061=CARTESIAN_POINT('',(-0.068,0.0597136540101314,0.04));
#3062=CARTESIAN_POINT('',(-0.068,0.0695,0.04));
#3063=CARTESIAN_POINT('',(-0.0390974088512515,0.0652960060032093,0.0294928639415435));
#3064=CARTESIAN_POINT('',(-0.0390974088512512,0.065296006003209,0.0297801302107155));
#3065=CARTESIAN_POINT('',(-0.03900533997993,0.0651815036878878,0.0303252866496652));
#3066=CARTESIAN_POINT('',(-0.0388275216872611,0.0649603583004748,0.0314175259482098));
#3067=CARTESIAN_POINT('',(-0.0387287270061773,0.0648374913687619,0.0328124887859755));
#3068=CARTESIAN_POINT('',(-0.0389015713801162,0.0650524508954968,0.0344928496445642));
#3069=CARTESIAN_POINT('',(-0.0392892936797316,0.0655346453698122,0.0360721931810887));
#3070=CARTESIAN_POINT('',(-0.0398300875825616,0.066207208779105,0.0375064867020238));
#3071=CARTESIAN_POINT('',(-0.0405306085297842,0.0670784182252165,0.0387867829946716));
#3072=CARTESIAN_POINT('',(-0.0414154702585579,0.068178884813213,0.0397597750826631));
#3073=CARTESIAN_POINT('',(-0.0421209432289058,0.0690562528893286,0.0399999999999969));
#3074=CARTESIAN_POINT('',(-0.0424777508228573,0.0695,0.04));
#3075=CARTESIAN_POINT('',(-0.0390974088512515,0.0415,0.0186071360584564));
#3076=CARTESIAN_POINT('',(-0.0390974088512515,0.0508333333333335,0.015071424038971));
#3077=CARTESIAN_POINT('',(-0.068,0.0597128081481424,0.008));
#3078=CARTESIAN_POINT('',(-0.068,0.0695,0.008));
#3079=CARTESIAN_POINT('',(-0.0390974088512515,0.0415,0.0188339220560208));
#3080=CARTESIAN_POINT('',(-0.0390974088512515,0.0508274218982789,0.0153815730320254));
#3081=CARTESIAN_POINT('',(-0.068,0.0597128049832889,0.0086666666666667));
#3082=CARTESIAN_POINT('',(-0.068,0.0695,0.0086666666666667));
#3083=CARTESIAN_POINT('',(-0.0390974088512515,0.0415,0.019060708053585));
#3084=CARTESIAN_POINT('',(-0.0390974088512515,0.0508215104632243,0.01569172202508));
#3085=CARTESIAN_POINT('',(-0.068,0.0597124964180165,0.00933333333333337));
#3086=CARTESIAN_POINT('',(-0.068,0.0695,0.00933333333333337));
#3087=CARTESIAN_POINT('',(-0.0390974088512515,0.0415,0.0195142800487137));
#3088=CARTESIAN_POINT('',(-0.0390974088512515,0.0508099005327045,0.0163187019985788));
#3089=CARTESIAN_POINT('',(-0.068,0.0597118089641422,0.0106666666666667));
#3090=CARTESIAN_POINT('',(-0.068,0.0695,0.0106666666666667));
#3091=CARTESIAN_POINT('',(-0.0390974088512515,0.0415,0.019741066046278));
#3092=CARTESIAN_POINT('',(-0.0390974088512515,0.0508042020372393,0.0166355329790231));
#3093=CARTESIAN_POINT('',(-0.068,0.0597114280167835,0.0113333333333334));
#3094=CARTESIAN_POINT('',(-0.068,0.0695,0.0113333333333334));
#3095=CARTESIAN_POINT('',(-0.0390974088512515,0.0415,0.0201946380414066));
#3096=CARTESIAN_POINT('',(-0.0390974088512515,0.0507932309254877,0.0172825589146916));
#3097=CARTESIAN_POINT('',(-0.068,0.0597108581853253,0.0126666666666667));
#3098=CARTESIAN_POINT('',(-0.068,0.0695,0.0126666666666667));
#3099=CARTESIAN_POINT('',(-0.0390974088512515,0.0415,0.0204214240389709));
#3100=CARTESIAN_POINT('',(-0.0390974088512515,0.0507879583092013,0.0176127538699157));
#3101=CARTESIAN_POINT('',(-0.068,0.0597106643748719,0.0133333333333334));
#3102=CARTESIAN_POINT('',(-0.068,0.0695,0.0133333333333334));
#3103=CARTESIAN_POINT('',(-0.0390974088512515,0.0415,0.0208749960340996));
#3104=CARTESIAN_POINT('',(-0.0390974088512515,0.0507780518953965,0.0182931897425333));
#3105=CARTESIAN_POINT('',(-0.068,0.0597105249747188,0.0146666666666667));
#3106=CARTESIAN_POINT('',(-0.068,0.0695,0.0146666666666667));
#3107=CARTESIAN_POINT('',(-0.0390974088512515,0.0415,0.0211017820316639));
#3108=CARTESIAN_POINT('',(-0.0390974088512515,0.0507734180978782,0.0186434306599269));
#3109=CARTESIAN_POINT('',(-0.068,0.0597105730067563,0.0153333333333333));
#3110=CARTESIAN_POINT('',(-0.068,0.0695,0.0153333333333333));
#3111=CARTESIAN_POINT('',(-0.0390974088512515,0.0415,0.021630949359314));
#3112=CARTESIAN_POINT('',(-0.0390974088512515,0.0507635996217526,0.019491842074998));
#3113=CARTESIAN_POINT('',(-0.068,0.0597109128528967,0.0168888888888889));
#3114=CARTESIAN_POINT('',(-0.068,0.0695,0.0168888888888889));
#3115=CARTESIAN_POINT('',(-0.0390974088512515,0.0415,0.0220845213544426));
#3116=CARTESIAN_POINT('',(-0.0390974088512515,0.0507563194628835,0.0202546891254238));
#3117=CARTESIAN_POINT('',(-0.068,0.0597114390721803,0.0182222222222223));
#3118=CARTESIAN_POINT('',(-0.068,0.0695,0.0182222222222223));
#3119=CARTESIAN_POINT('',(-0.0390974088512515,0.0415,0.0225380933495712));
#3120=CARTESIAN_POINT('',(-0.0390974088512515,0.0507513106596344,0.021088810708008));
#3121=CARTESIAN_POINT('',(-0.068,0.059712022768736,0.0195555555555556));
#3122=CARTESIAN_POINT('',(-0.068,0.0695,0.0195555555555556));
#3123=CARTESIAN_POINT('',(-0.0390974088512515,0.0415,0.0229160700121784));
#3124=CARTESIAN_POINT('',(-0.0390974088512515,0.0507477619049315,0.0217987573234177));
#3125=CARTESIAN_POINT('',(-0.068,0.0597124841891892,0.0206666666666667));
#3126=CARTESIAN_POINT('',(-0.068,0.0695,0.0206666666666667));
#3127=CARTESIAN_POINT('',(-0.0390974088512515,0.0415,0.0231428560097427));
#3128=CARTESIAN_POINT('',(-0.0390974088512515,0.0507461953753141,0.0222380860595941));
#3129=CARTESIAN_POINT('',(-0.068,0.0597127321294565,0.0213333333333333));
#3130=CARTESIAN_POINT('',(-0.068,0.0695,0.0213333333333333));
#3131=CARTESIAN_POINT('',(-0.0390974088512515,0.0415,0.0235964280048714));
#3132=CARTESIAN_POINT('',(-0.0390974088512515,0.0507441724153855,0.0231300914674812));
#3133=CARTESIAN_POINT('',(-0.068,0.0597130933666285,0.0226666666666667));
#3134=CARTESIAN_POINT('',(-0.068,0.0695,0.0226666666666667));
#3135=CARTESIAN_POINT('',(-0.0390974088512515,0.0415,0.0238232140024357));
#3136=CARTESIAN_POINT('',(-0.0390974088512515,0.0507437159850744,0.0235827681391918));
#3137=CARTESIAN_POINT('',(-0.068,0.0597132046459389,0.0233333333333334));
#3138=CARTESIAN_POINT('',(-0.068,0.0695,0.0233333333333334));
#3139=CARTESIAN_POINT('',(-0.0390974088512515,0.0415,0.0242767859975643));
#3140=CARTESIAN_POINT('',(-0.0390974088512515,0.0507438978766562,0.0244880958198201));
#3141=CARTESIAN_POINT('',(-0.068,0.059713257512335,0.0246666666666667));
#3142=CARTESIAN_POINT('',(-0.068,0.0695,0.0246666666666667));
#3143=CARTESIAN_POINT('',(-0.0390974088512515,0.0415,0.0245035719951287));
#3144=CARTESIAN_POINT('',(-0.0390974088512515,0.0507445361985492,0.0249407468287378));
#3145=CARTESIAN_POINT('',(-0.068,0.0597131990992646,0.0253333333333334));
#3146=CARTESIAN_POINT('',(-0.068,0.0695,0.0253333333333334));
#3147=CARTESIAN_POINT('',(-0.0390974088512515,0.0415,0.0249571439902572));
#3148=CARTESIAN_POINT('',(-0.0390974088512515,0.050746892247437,0.0258326495854533));
#3149=CARTESIAN_POINT('',(-0.068,0.0597129419352737,0.0266666666666667));
#3150=CARTESIAN_POINT('',(-0.068,0.0695,0.0266666666666667));
#3151=CARTESIAN_POINT('',(-0.0390974088512515,0.0415,0.0251839299878216));
#3152=CARTESIAN_POINT('',(-0.0390974088512515,0.0507486099744319,0.0262719013332512));
#3153=CARTESIAN_POINT('',(-0.068,0.0597127452017184,0.0273333333333333));
#3154=CARTESIAN_POINT('',(-0.068,0.0695,0.0273333333333333));
#3155=CARTESIAN_POINT('',(-0.0390974088512515,0.0415,0.0255619066504288));
#3156=CARTESIAN_POINT('',(-0.0390974088512515,0.0507523595677563,0.0269816768633751));
#3157=CARTESIAN_POINT('',(-0.068,0.0597123663644037,0.0284444444444445));
#3158=CARTESIAN_POINT('',(-0.068,0.0695,0.0284444444444445));
#3159=CARTESIAN_POINT('',(-0.0390974088512515,0.0415,0.0260154786455574));
#3160=CARTESIAN_POINT('',(-0.0390974088512515,0.0507575684517454,0.0278155589265592));
#3161=CARTESIAN_POINT('',(-0.068,0.0597118795576773,0.0297777777777778));
#3162=CARTESIAN_POINT('',(-0.068,0.0695,0.0297777777777778));
#3163=CARTESIAN_POINT('',(-0.0390974088512515,0.0415,0.026469050640686));
#3164=CARTESIAN_POINT('',(-0.0390974088512515,0.0507648849889309,0.0285780638064134));
#3165=CARTESIAN_POINT('',(-0.068,0.05971144140712,0.0311111111111112));
#3166=CARTESIAN_POINT('',(-0.068,0.0695,0.0311111111111112));
#3167=CARTESIAN_POINT('',(-0.0390974088512515,0.0415,0.0269982179683361));
#3168=CARTESIAN_POINT('',(-0.0390974088512515,0.0507746504133452,0.0294260161426342));
#3169=CARTESIAN_POINT('',(-0.068,0.0597111940382914,0.0326666666666667));
#3170=CARTESIAN_POINT('',(-0.068,0.0695,0.0326666666666667));
#3171=CARTESIAN_POINT('',(-0.0390974088512515,0.0415,0.0272250039659004));
#3172=CARTESIAN_POINT('',(-0.0390974088512515,0.0507792307802113,0.0297760410648545));
#3173=CARTESIAN_POINT('',(-0.068,0.0597111823406535,0.0333333333333333));
#3174=CARTESIAN_POINT('',(-0.068,0.0695,0.0333333333333333));
#3175=CARTESIAN_POINT('',(-0.0390974088512515,0.0415,0.027678575961029));
#3176=CARTESIAN_POINT('',(-0.0390974088512515,0.0507889842914051,0.0304560160764835));
#3177=CARTESIAN_POINT('',(-0.068,0.0597113861686348,0.0346666666666667));
#3178=CARTESIAN_POINT('',(-0.068,0.0695,0.0346666666666667));
#3179=CARTESIAN_POINT('',(-0.0390974088512515,0.0415,0.0279053619585934));
#3180=CARTESIAN_POINT('',(-0.0390974088512515,0.0507941574357327,0.0307859661658922));
#3181=CARTESIAN_POINT('',(-0.068,0.0597116080735103,0.0353333333333333));
#3182=CARTESIAN_POINT('',(-0.068,0.0695,0.0353333333333333));
#3183=CARTESIAN_POINT('',(-0.0390974088512515,0.0415,0.028358933953722));
#3184=CARTESIAN_POINT('',(-0.0390974088512515,0.0508048989093623,0.0314324831228354));
#3185=CARTESIAN_POINT('',(-0.068,0.0597122242016774,0.0366666666666667));
#3186=CARTESIAN_POINT('',(-0.068,0.0695,0.0366666666666667));
#3187=CARTESIAN_POINT('',(-0.0390974088512515,0.0415,0.0285857199512864));
#3188=CARTESIAN_POINT('',(-0.0390974088512515,0.0508104672386642,0.0317490499903698));
#3189=CARTESIAN_POINT('',(-0.068,0.0597126233518568,0.0373333333333334));
#3190=CARTESIAN_POINT('',(-0.068,0.0695,0.0373333333333334));
#3191=CARTESIAN_POINT('',(-0.0390974088512515,0.0415,0.0290392919464149));
#3192=CARTESIAN_POINT('',(-0.0390974088512515,0.0508218014897553,0.0323754921145014));
#3193=CARTESIAN_POINT('',(-0.068,0.0597133356442834,0.0386666666666667));
#3194=CARTESIAN_POINT('',(-0.068,0.0695,0.0386666666666667));
#3195=CARTESIAN_POINT('',(-0.0390974088512515,0.0415,0.0292660779439793));
#3196=CARTESIAN_POINT('',(-0.0390974088512515,0.0508275674115444,0.0326853673710985));
#3197=CARTESIAN_POINT('',(-0.068,0.0597136508450484,0.0393333333333334));
#3198=CARTESIAN_POINT('',(-0.068,0.0695,0.0393333333333334));
#3199=CARTESIAN_POINT('',(-0.0390974088512515,0.0415,0.0294928639415436));
#3200=CARTESIAN_POINT('',(-0.0390974088512515,0.0508333333333335,0.0329952426276958));
#3201=CARTESIAN_POINT('',(-0.068,0.0597136540101314,0.04));
#3202=CARTESIAN_POINT('',(-0.068,0.0695,0.04));
#3203=CARTESIAN_POINT('',(-0.0455638418944214,0.049955162405465,0.0211536112800636));
#3204=CARTESIAN_POINT('',(-0.0443280581532306,0.0490042687296804,0.0209991032519572));
#3205=CARTESIAN_POINT('',(-0.0431591548351334,0.0480277626758136,0.0211499757121077));
#3206=CARTESIAN_POINT('',(-0.0420830278760852,0.0470272091278184,0.0216807110483075));
#3207=CARTESIAN_POINT('',(-0.0412753919414435,0.046156849660592,0.0227539705183376));
#3208=CARTESIAN_POINT('',(-0.0410401430029903,0.0458711827871337,0.0243507919541431));
#3209=CARTESIAN_POINT('',(-0.0415189975502793,0.0464356318981359,0.0258083032459605));
#3210=CARTESIAN_POINT('',(-0.0424501171683561,0.0473838645359085,0.0266622125132136));
#3211=CARTESIAN_POINT('',(-0.0435766438396015,0.048387883080324,0.0270431954057213));
#3212=CARTESIAN_POINT('',(-0.0447712121309543,0.04935368986766,0.0270783281701676));
#3213=CARTESIAN_POINT('',(-0.0459915547496543,0.0502705615040282,0.026823699545131));
#3214=CARTESIAN_POINT('',(-0.047166739261163,0.0511071710232174,0.0262701150104862));
#3215=CARTESIAN_POINT('',(-0.0480342184329511,0.0517012853358719,0.0254858255568714));
#3216=CARTESIAN_POINT('',(-0.048460230362681,0.051988657008379,0.0245665323964043));
#3217=CARTESIAN_POINT('',(-0.0485096381201403,0.0520217512532844,0.0237703557514646));
#3218=CARTESIAN_POINT('',(-0.0482566327836806,0.0518512961916696,0.0230321158268709));
#3219=CARTESIAN_POINT('',(-0.0476851347174453,0.0514627582055157,0.0222524787709642));
#3220=CARTESIAN_POINT('',(-0.0467545090430644,0.0508173718288417,0.0215936296980904));
#3221=CARTESIAN_POINT('',(-0.0455638418944214,0.049955162405465,0.0211536112800636));
#3222=CARTESIAN_POINT('',(-0.0443280581532306,0.0490042687296804,0.0209991032519572));
#3223=CARTESIAN_POINT('',(-0.0431591548351334,0.0480277626758136,0.0211499757121077));
#3224=CARTESIAN_POINT('',(-0.0443392048904128,0.049,0.02105));
#3225=CARTESIAN_POINT('',(-0.0390974088512515,0.0415,0.0186071360584564));
#3226=CARTESIAN_POINT('',(-0.0390974088512515,0.0508333333333335,0.015071424038971));
#3227=CARTESIAN_POINT('',(-0.068,0.0597128081481424,0.008));
#3228=CARTESIAN_POINT('',(-0.068,0.0695,0.008));
#3229=CARTESIAN_POINT('',(-0.0390974088512515,0.065296006003209,0.0186071360584564));
#3230=CARTESIAN_POINT('',(-0.0390974088512515,0.0673466240635581,0.0159391480628928));
#3231=CARTESIAN_POINT('',(-0.0340057057097016,0.0679344841621215,0.008));
#3232=CARTESIAN_POINT('',(-0.0340057057097014,0.0695,0.008));
#3233=CARTESIAN_POINT('',(-0.0390974088512515,0.0631973373354727,0.0186071360584564));
#3234=CARTESIAN_POINT('',(-0.0390974088512515,0.0657310827090388,0.0156499067215854));
#3235=CARTESIAN_POINT('',(-0.0370038038064677,0.0672349119430759,0.008));
#3236=CARTESIAN_POINT('',(-0.0370038038064676,0.0695,0.008));
#3237=CARTESIAN_POINT('',(-0.0390974088512515,0.0610986686677364,0.0186071360584564));
#3238=CARTESIAN_POINT('',(-0.0390974088512515,0.0641155413545194,0.0153606653802782));
#3239=CARTESIAN_POINT('',(-0.0400019019032339,0.0665353397240302,0.008));
#3240=CARTESIAN_POINT('',(-0.0400019019032338,0.0695,0.008));
#3241=CARTESIAN_POINT('',(-0.0390974088512515,0.059,0.0186071360584564));
#3242=CARTESIAN_POINT('',(-0.0390974088512515,0.0625,0.015071424038971));
#3243=CARTESIAN_POINT('',(-0.043,0.0658357675049846,0.008));
#3244=CARTESIAN_POINT('',(-0.043,0.0695,0.008));
#3245=CARTESIAN_POINT('',(-0.0390974088512515,0.0588177083333335,0.0186071360584564));
#3246=CARTESIAN_POINT('',(-0.0390974088512515,0.0623596730724523,0.0150463003560446));
#3247=CARTESIAN_POINT('',(-0.0432604166666666,0.0657750022266326,0.008));
#3248=CARTESIAN_POINT('',(-0.0432604166666666,0.0695,0.008));
#3249=CARTESIAN_POINT('',(-0.0390974088512515,0.0586354166666668,0.0186071360584564));
#3250=CARTESIAN_POINT('',(-0.0390974088512515,0.0622193461449045,0.0150211766731182));
#3251=CARTESIAN_POINT('',(-0.0435208333333333,0.0657136547912344,0.008));
#3252=CARTESIAN_POINT('',(-0.0435208333333333,0.0695,0.008));
#3253=CARTESIAN_POINT('',(-0.0390974088512515,0.0582708333333335,0.0186071360584564));
#3254=CARTESIAN_POINT('',(-0.0390974088512515,0.0619390257121518,0.0149713485880287));
#3255=CARTESIAN_POINT('',(-0.0440416666666667,0.0655901826611136,0.008));
#3256=CARTESIAN_POINT('',(-0.0440416666666667,0.0695,0.008));
#3257=CARTESIAN_POINT('',(-0.0390974088512515,0.0580885416666668,0.0186071360584564));
#3258=CARTESIAN_POINT('',(-0.0390974088512515,0.0617990322069468,0.0149466441858657));
#3259=CARTESIAN_POINT('',(-0.0443020833333334,0.065528057365452,0.008));
#3260=CARTESIAN_POINT('',(-0.0443020833333334,0.0695,0.008));
#3261=CARTESIAN_POINT('',(-0.0390974088512515,0.0577239583333335,0.0186071360584564));
#3262=CARTESIAN_POINT('',(-0.0390974088512515,0.0615197120412224,0.0148980739430666));
#3263=CARTESIAN_POINT('',(-0.0448229166666667,0.0654032911571028,0.008));
#3264=CARTESIAN_POINT('',(-0.0448229166666667,0.0695,0.008));
#3265=CARTESIAN_POINT('',(-0.0390974088512515,0.0575416666666668,0.0186071360584564));
#3266=CARTESIAN_POINT('',(-0.0390974088512515,0.061380385380703,0.0148742081024304));
#3267=CARTESIAN_POINT('',(-0.0450833333333334,0.0653406483756837,0.008));
#3268=CARTESIAN_POINT('',(-0.0450833333333334,0.0695,0.008));
#3269=CARTESIAN_POINT('',(-0.0390974088512515,0.0571770833333335,0.0186071360584564));
#3270=CARTESIAN_POINT('',(-0.0390974088512515,0.0611027323266926,0.0148277342634483));
#3271=CARTESIAN_POINT('',(-0.0456041666666667,0.0652150091787364,0.008));
#3272=CARTESIAN_POINT('',(-0.0456041666666667,0.0695,0.008));
#3273=CARTESIAN_POINT('',(-0.0390974088512515,0.0569947916666668,0.0186071360584565));
#3274=CARTESIAN_POINT('',(-0.0390974088512515,0.0609644059332016,0.0148051262651024));
#3275=CARTESIAN_POINT('',(-0.0458645833333334,0.065152011320004,0.008));
#3276=CARTESIAN_POINT('',(-0.0458645833333334,0.0695,0.008));
#3277=CARTESIAN_POINT('',(-0.0390974088512515,0.0566302083333335,0.0186071360584565));
#3278=CARTESIAN_POINT('',(-0.0390974088512515,0.0606890868355909,0.0147615873914643));
#3279=CARTESIAN_POINT('',(-0.0463854166666667,0.0650257573195175,0.008));
#3280=CARTESIAN_POINT('',(-0.0463854166666667,0.0695,0.008));
#3281=CARTESIAN_POINT('',(-0.0390974088512515,0.0564479166666668,0.0186071360584565));
#3282=CARTESIAN_POINT('',(-0.0390974088512515,0.0605520941314711,0.014740656516172));
#3283=CARTESIAN_POINT('',(-0.0466458333333334,0.064962500122179,0.008));
#3284=CARTESIAN_POINT('',(-0.0466458333333334,0.0695,0.008));
#3285=CARTESIAN_POINT('',(-0.0390974088512515,0.0560833333333335,0.0186071360584565));
#3286=CARTESIAN_POINT('',(-0.0390974088512515,0.0602797758349455,0.0147008911694046));
#3287=CARTESIAN_POINT('',(-0.0471666666666667,0.0648357782944586,0.008));
#3288=CARTESIAN_POINT('',(-0.0471666666666667,0.0695,0.008));
#3289=CARTESIAN_POINT('',(-0.0390974088512515,0.0559010416666668,0.0186071360584565));
#3290=CARTESIAN_POINT('',(-0.0390974088512515,0.0601444502425397,0.0146820566979295));
#3291=CARTESIAN_POINT('',(-0.0474270833333334,0.0647723124800752,0.008));
#3292=CARTESIAN_POINT('',(-0.0474270833333334,0.0695,0.008));
#3293=CARTESIAN_POINT('',(-0.0390974088512515,0.0553541666666668,0.0186071360584564));
#3294=CARTESIAN_POINT('',(-0.0390974088512515,0.0597414742664075,0.0146293268103748));
#3295=CARTESIAN_POINT('',(-0.0482083333333334,0.0645816398077552,0.008));
#3296=CARTESIAN_POINT('',(-0.0482083333333334,0.0695,0.008));
#3297=CARTESIAN_POINT('',(-0.0390974088512515,0.0549895833333335,0.0186071360584564));
#3298=CARTESIAN_POINT('',(-0.0390974088512515,0.0594768246837664,0.014599204921166));
#3299=CARTESIAN_POINT('',(-0.0487291666666667,0.0644541548664123,0.008));
#3300=CARTESIAN_POINT('',(-0.0487291666666667,0.0695,0.008));
#3301=CARTESIAN_POINT('',(-0.0390974088512515,0.0542604166666668,0.0186071360584564));
#3302=CARTESIAN_POINT('',(-0.0390974088512515,0.0589581950334536,0.0145523781271777));
#3303=CARTESIAN_POINT('',(-0.0497708333333334,0.0641984614448838,0.008));
#3304=CARTESIAN_POINT('',(-0.0497708333333334,0.0695,0.008));
#3305=CARTESIAN_POINT('',(-0.0390974088512515,0.0538958333333335,0.0186071360584564));
#3306=CARTESIAN_POINT('',(-0.0390974088512515,0.0587042149657821,0.0145356732223982));
#3307=CARTESIAN_POINT('',(-0.0502916666666667,0.0640702436401473,0.008));
#3308=CARTESIAN_POINT('',(-0.0502916666666667,0.0695,0.008));
#3309=CARTESIAN_POINT('',(-0.0390974088512515,0.0534097222222223,0.0186071360584564));
#3310=CARTESIAN_POINT('',(-0.0390974088512515,0.058374466138028,0.0145245808363834));
#3311=CARTESIAN_POINT('',(-0.0509861111111111,0.0638987638630167,0.008));
#3312=CARTESIAN_POINT('',(-0.0509861111111111,0.0695,0.008));
#3313=CARTESIAN_POINT('',(-0.0390974088512515,0.053045138888889,0.0186071360584564));
#3314=CARTESIAN_POINT('',(-0.0390974088512515,0.0581293773328311,0.0145190567519617));
#3315=CARTESIAN_POINT('',(-0.0515069444444445,0.0637700217481704,0.008));
#3316=CARTESIAN_POINT('',(-0.0515069444444445,0.0695,0.008));
#3317=CARTESIAN_POINT('',(-0.0390974088512515,0.0526805555555557,0.0186071360584564));
#3318=CARTESIAN_POINT('',(-0.0390974088512515,0.057891401537614,0.0145224773238263));
#3319=CARTESIAN_POINT('',(-0.0520277777777778,0.063640886744506,0.008));
#3320=CARTESIAN_POINT('',(-0.0520277777777778,0.0695,0.008));
#3321=CARTESIAN_POINT('',(-0.0390974088512515,0.0520729166666668,0.0186071360584564));
#3322=CARTESIAN_POINT('',(-0.0390974088512515,0.0575011834860915,0.0145363526315279));
#3323=CARTESIAN_POINT('',(-0.0528958333333333,0.0634252339889942,0.008));
#3324=CARTESIAN_POINT('',(-0.0528958333333333,0.0695,0.008));
#3325=CARTESIAN_POINT('',(-0.0390974088512515,0.0517083333333335,0.0186071360584564));
#3326=CARTESIAN_POINT('',(-0.0390974088512515,0.0572728201016336,0.0145520347352835));
#3327=CARTESIAN_POINT('',(-0.0534166666666667,0.0632954556274884,0.008));
#3328=CARTESIAN_POINT('',(-0.0534166666666667,0.0695,0.008));
#3329=CARTESIAN_POINT('',(-0.0390974088512515,0.0509791666666668,0.0186071360584564));
#3330=CARTESIAN_POINT('',(-0.0390974088512515,0.0568235915350563,0.0145933495696094));
#3331=CARTESIAN_POINT('',(-0.0544583333333333,0.0630352716953908,0.008));
#3332=CARTESIAN_POINT('',(-0.0544583333333333,0.0695,0.008));
#3333=CARTESIAN_POINT('',(-0.0390974088512515,0.0506145833333335,0.0186071360584564));
#3334=CARTESIAN_POINT('',(-0.0390974088512515,0.0566027263529368,0.0146189823001797));
#3335=CARTESIAN_POINT('',(-0.0549791666666667,0.0629048665456165,0.008));
#3336=CARTESIAN_POINT('',(-0.0549791666666667,0.0695,0.008));
#3337=CARTESIAN_POINT('',(-0.0390974088512515,0.0498854166666668,0.0186071360584564));
#3338=CARTESIAN_POINT('',(-0.0390974088512515,0.0561644575004639,0.01467543517668));
#3339=CARTESIAN_POINT('',(-0.0560208333333333,0.0626437091075106,0.008));
#3340=CARTESIAN_POINT('',(-0.0560208333333333,0.0695,0.008));
#3341=CARTESIAN_POINT('',(-0.0390974088512515,0.0495208333333335,0.0186071360584564));
#3342=CARTESIAN_POINT('',(-0.0390974088512515,0.0559470538301103,0.0147062553226102));
#3343=CARTESIAN_POINT('',(-0.0565416666666667,0.0625129586799733,0.008));
#3344=CARTESIAN_POINT('',(-0.0565416666666667,0.0695,0.008));
#3345=CARTESIAN_POINT('',(-0.0390974088512515,0.0487916666666668,0.0186071360584564));
#3346=CARTESIAN_POINT('',(-0.0390974088512515,0.0555116713105966,0.0147683198183755));
#3347=CARTESIAN_POINT('',(-0.0575833333333333,0.0622515052638219,0.008));
#3348=CARTESIAN_POINT('',(-0.0575833333333333,0.0695,0.008));
#3349=CARTESIAN_POINT('',(-0.0390974088512515,0.0484270833333335,0.0186071360584564));
#3350=CARTESIAN_POINT('',(-0.0390974088512515,0.0552936924614363,0.0147995641682108));
#3351=CARTESIAN_POINT('',(-0.0581041666666667,0.0621208049957931,0.008));
#3352=CARTESIAN_POINT('',(-0.0581041666666667,0.0695,0.008));
#3353=CARTESIAN_POINT('',(-0.0390974088512515,0.0478194444444446,0.0186071360584564));
#3354=CARTESIAN_POINT('',(-0.0390974088512515,0.0549265511550199,0.0148480222449783));
#3355=CARTESIAN_POINT('',(-0.0589722222222222,0.0619033992610272,0.008));
#3356=CARTESIAN_POINT('',(-0.0589722222222222,0.0695,0.008));
#3357=CARTESIAN_POINT('',(-0.0390974088512515,0.0474548611111112,0.0186071360584564));
#3358=CARTESIAN_POINT('',(-0.0390974088512515,0.0547047290813769,0.014875650755189));
#3359=CARTESIAN_POINT('',(-0.0594930555555555,0.0617731291681775,0.008));
#3360=CARTESIAN_POINT('',(-0.0594930555555556,0.0695,0.008));
#3361=CARTESIAN_POINT('',(-0.0390974088512515,0.0470902777777779,0.0186071360584564));
#3362=CARTESIAN_POINT('',(-0.0390974088512515,0.05447925550952,0.0148995220244733));
#3363=CARTESIAN_POINT('',(-0.0600138888888889,0.0616432782306235,0.008));
#3364=CARTESIAN_POINT('',(-0.0600138888888889,0.0695,0.008));
#3365=CARTESIAN_POINT('',(-0.0390974088512515,0.0466041666666668,0.0186071360584564));
#3366=CARTESIAN_POINT('',(-0.0390974088512515,0.0541771026227885,0.0149297848664663));
#3367=CARTESIAN_POINT('',(-0.0607083333333333,0.0614703653014122,0.008));
#3368=CARTESIAN_POINT('',(-0.0607083333333333,0.0695,0.008));
#3369=CARTESIAN_POINT('',(-0.0390974088512515,0.0462395833333335,0.0186071360584564));
#3370=CARTESIAN_POINT('',(-0.0390974088512515,0.0539470646781644,0.0149489595845927));
#3371=CARTESIAN_POINT('',(-0.0612291666666667,0.061341182832591,0.008));
#3372=CARTESIAN_POINT('',(-0.0612291666666667,0.0695,0.008));
#3373=CARTESIAN_POINT('',(-0.0390974088512515,0.0455104166666668,0.0186071360584564));
#3374=CARTESIAN_POINT('',(-0.0390974088512515,0.0534815115415954,0.0149816731594559));
#3375=CARTESIAN_POINT('',(-0.0622708333333333,0.0610842563869137,0.008));
#3376=CARTESIAN_POINT('',(-0.0622708333333333,0.0695,0.008));
#3377=CARTESIAN_POINT('',(-0.0390974088512515,0.0451458333333335,0.0186071360584564));
#3378=CARTESIAN_POINT('',(-0.0390974088512515,0.0532459963496505,0.0149952120161927));
#3379=CARTESIAN_POINT('',(-0.0627916666666667,0.0609565162390603,0.008));
#3380=CARTESIAN_POINT('',(-0.0627916666666667,0.0695,0.008));
#3381=CARTESIAN_POINT('',(-0.0390974088512515,0.0444166666666668,0.0186071360584564));
#3382=CARTESIAN_POINT('',(-0.0390974088512515,0.0527708580302701,0.0150180628336242));
#3383=CARTESIAN_POINT('',(-0.0638333333333333,0.0607028073046958,0.008));
#3384=CARTESIAN_POINT('',(-0.0638333333333333,0.0695,0.008));
#3385=CARTESIAN_POINT('',(-0.0390974088512515,0.0440520833333334,0.0186071360584564));
#3386=CARTESIAN_POINT('',(-0.0390974088512515,0.0525312349028346,0.0150273747943189));
#3387=CARTESIAN_POINT('',(-0.0643541666666667,0.0605768427435326,0.008));
#3388=CARTESIAN_POINT('',(-0.0643541666666667,0.0695,0.008));
#3389=CARTESIAN_POINT('',(-0.0390974088512515,0.0433229166666668,0.0186071360584564));
#3390=CARTESIAN_POINT('',(-0.0390974088512515,0.0520492500243033,0.0150431807850135));
#3391=CARTESIAN_POINT('',(-0.0653958333333333,0.0603268379141185,0.008));
#3392=CARTESIAN_POINT('',(-0.0653958333333333,0.0695,0.008));
#3393=CARTESIAN_POINT('',(-0.0390974088512515,0.0429583333333334,0.0186071360584564));
#3394=CARTESIAN_POINT('',(-0.0390974088512515,0.0518068882732075,0.0150496748150134));
#3395=CARTESIAN_POINT('',(-0.0659166666666667,0.0602028022287216,0.008));
#3396=CARTESIAN_POINT('',(-0.0659166666666667,0.0695,0.008));
#3397=CARTESIAN_POINT('',(-0.0390974088512515,0.0422291666666668,0.0186071360584564));
#3398=CARTESIAN_POINT('',(-0.0390974088512515,0.0513207954591856,0.0150612539096659));
#3399=CARTESIAN_POINT('',(-0.0669583333333333,0.0599565490857632,0.008));
#3400=CARTESIAN_POINT('',(-0.0669583333333333,0.0695,0.008));
#3401=CARTESIAN_POINT('',(-0.0390974088512515,0.0418645833333334,0.0186071360584564));
#3402=CARTESIAN_POINT('',(-0.0390974088512515,0.0510770643962595,0.0150663389743185));
#3403=CARTESIAN_POINT('',(-0.0674791666666667,0.059834332447339,0.008));
#3404=CARTESIAN_POINT('',(-0.0674791666666667,0.0695,0.008));
#3405=CARTESIAN_POINT('',(-0.0390974088512515,0.0415,0.0186071360584564));
#3406=CARTESIAN_POINT('',(-0.0390974088512515,0.0508333333333335,0.015071424038971));
#3407=CARTESIAN_POINT('',(-0.068,0.0597128081481424,0.008));
#3408=CARTESIAN_POINT('',(-0.068,0.0695,0.008));
#3409=CARTESIAN_POINT('',(-0.0424777508228573,0.0695,0.008));
#3410=CARTESIAN_POINT('',(-0.0421193197848082,0.0690542338778504,0.008));
#3411=CARTESIAN_POINT('',(-0.0414130502341609,0.0681758751271746,0.00824302782305805));
#3412=CARTESIAN_POINT('',(-0.0405246668142567,0.0670710287549741,0.00923241521287088));
#3413=CARTESIAN_POINT('',(-0.0398284499026516,0.0662051720631254,0.0105199889624191));
#3414=CARTESIAN_POINT('',(-0.0392864261578769,0.0655310791493636,0.0119725776808792));
#3415=CARTESIAN_POINT('',(-0.0389024585191909,0.0650535541943274,0.0135603043444147));
#3416=CARTESIAN_POINT('',(-0.0387293406571533,0.0648382545415536,0.0152361026803231));
#3417=CARTESIAN_POINT('',(-0.0388273345385308,0.0649601255512012,0.0166614356185205));
#3418=CARTESIAN_POINT('',(-0.0390054440332437,0.0651816330947673,0.0177650705999716));
#3419=CARTESIAN_POINT('',(-0.0390974088512515,0.0652960060032093,0.0183164983102983));
#3420=CARTESIAN_POINT('',(-0.0390974088512515,0.0652960060032093,0.0186071360584564));
#3421=CARTESIAN_POINT('',(-0.0390974088512515,0.0315,0.02405));
#3422=CARTESIAN_POINT('',(-0.0390974088512515,0.049,0.02405));
#3423=CARTESIAN_POINT('',(-0.0390974088512515,0.049,0.02105));
#3424=CARTESIAN_POINT('',(-0.0640974088512515,0.049,0.02405));
#3425=CARTESIAN_POINT('',(-0.0340349246130777,0.059,0.0076942969430147));
#3426=CARTESIAN_POINT('',(0.105406197360241,0.0875,0.0354));
#3427=CARTESIAN_POINT('',(0.105406197360241,0.0875,0.037));
#3428=CARTESIAN_POINT('',(0.105406197360241,0.0875,0.0338));
#3429=CARTESIAN_POINT('',(0.105406197360241,0.07975,0.0338));
#3430=CARTESIAN_POINT('',(0.105406197360241,0.072,0.0338));
#3431=CARTESIAN_POINT('',(0.105406197360241,0.072,0.0354));
#3432=CARTESIAN_POINT('',(0.105406197360241,0.072,0.037));
#3433=CARTESIAN_POINT('',(0.105406197360241,0.07975,0.037));
#3434=MECHANICAL_DESIGN_GEOMETRIC_PRESENTATION_REPRESENTATION('',(#1410),
#3436);
#3435=MECHANICAL_DESIGN_GEOMETRIC_PRESENTATION_REPRESENTATION('',(#1411),
#3437);
#3436=(
GEOMETRIC_REPRESENTATION_CONTEXT(3)
GLOBAL_UNCERTAINTY_ASSIGNED_CONTEXT((#3438))
GLOBAL_UNIT_ASSIGNED_CONTEXT((#3444,#3442,#3440))
REPRESENTATION_CONTEXT('Left Rear Bearing Mount',
'TOP_LEVEL_ASSEMBLY_PART')
);
#3437=(
GEOMETRIC_REPRESENTATION_CONTEXT(3)
GLOBAL_UNCERTAINTY_ASSIGNED_CONTEXT((#3439))
GLOBAL_UNIT_ASSIGNED_CONTEXT((#3445,#3443,#3441))
REPRESENTATION_CONTEXT('Right Rear Bearing Mount',
'TOP_LEVEL_ASSEMBLY_PART')
);
#3438=UNCERTAINTY_MEASURE_WITH_UNIT(LENGTH_MEASURE(2.E-5),#3444,
'DISTANCE_ACCURACY_VALUE','Maximum Tolerance applied to model');
#3439=UNCERTAINTY_MEASURE_WITH_UNIT(LENGTH_MEASURE(2.E-5),#3445,
'DISTANCE_ACCURACY_VALUE','Maximum Tolerance applied to model');
#3440=(
NAMED_UNIT(*)
SI_UNIT($,.STERADIAN.)
SOLID_ANGLE_UNIT()
);
#3441=(
NAMED_UNIT(*)
SI_UNIT($,.STERADIAN.)
SOLID_ANGLE_UNIT()
);
#3442=(
NAMED_UNIT(*)
PLANE_ANGLE_UNIT()
SI_UNIT($,.RADIAN.)
);
#3443=(
NAMED_UNIT(*)
PLANE_ANGLE_UNIT()
SI_UNIT($,.RADIAN.)
);
#3444=(
LENGTH_UNIT()
NAMED_UNIT(*)
SI_UNIT($,.METRE.)
);
#3445=(
LENGTH_UNIT()
NAMED_UNIT(*)
SI_UNIT($,.METRE.)
);
#3446=PRODUCT_DEFINITION_SHAPE('','',#3448);
#3447=PRODUCT_DEFINITION_SHAPE('','',#3449);
#3448=PRODUCT_DEFINITION('','',#3452,#3450);
#3449=PRODUCT_DEFINITION('','',#3453,#3451);
#3450=PRODUCT_DEFINITION_CONTEXT('',#3464,'design');
#3451=PRODUCT_DEFINITION_CONTEXT('',#3465,'design');
#3452=PRODUCT_DEFINITION_FORMATION_WITH_SPECIFIED_SOURCE('','',#3456,
 .NOT_KNOWN.);
#3453=PRODUCT_DEFINITION_FORMATION_WITH_SPECIFIED_SOURCE('','',#3457,
 .NOT_KNOWN.);
#3454=PRODUCT_RELATED_PRODUCT_CATEGORY('','',(#3456));
#3455=PRODUCT_RELATED_PRODUCT_CATEGORY('','',(#3457));
#3456=PRODUCT('Left Rear Bearing Mount','Left Rear Bearing Mount',
'Left Rear Bearing Mount',(#3460));
#3457=PRODUCT('Right Rear Bearing Mount','Right Rear Bearing Mount',
'Right Rear Bearing Mount',(#3461));
#3458=PRODUCT_CATEGORY('','');
#3459=PRODUCT_CATEGORY('','');
#3460=PRODUCT_CONTEXT('',#3464,'mechanical');
#3461=PRODUCT_CONTEXT('',#3465,'mechanical');
#3462=APPLICATION_PROTOCOL_DEFINITION('international standard',
'automotive_design',2010,#3464);
#3463=APPLICATION_PROTOCOL_DEFINITION('international standard',
'automotive_design',2010,#3465);
#3464=APPLICATION_CONTEXT(
'core data for automotive mechanical design processes');
#3465=APPLICATION_CONTEXT(
'core data for automotive mechanical design processes');
ENDSEC;
END-ISO-10303-21;
