ISO-10303-21;
HEADER;
/* Generated by software containing ST-Developer
 * from STEP Tools, Inc. (www.steptools.com) 
 */
/* OPTION: using custom renumber hook */

FILE_DESCRIPTION(
/* description */ ('STEP AP214',
'CAx-IF Rec.Pracs.---User Defined Attributes---1.5---2016-08-15'),
/* implementation_level */ '2;1');

FILE_NAME(
/* name */ '6a7bfa4e8e8242496b7468e0',
/* time_stamp */ '2026-08-12T04:45:03Z',
/* author */ (''),
/* organization */ (''),
/* preprocessor_version */ 'ST-DEVELOPER v20',
/* originating_system */ 'ONSHAPE BY PTC INC, 1.219',
/* authorisation */ '  ');

FILE_SCHEMA (('AUTOMOTIVE_DESIGN {1 0 10303 214 3 1 1}'));
ENDSEC;

DATA;
#10=PROPERTY_DEFINITION_REPRESENTATION(#14,#12);
#11=PROPERTY_DEFINITION_REPRESENTATION(#15,#13);
#12=REPRESENTATION('',(#16),#2837);
#13=REPRESENTATION('',(#17),#2837);
#14=PROPERTY_DEFINITION('pmi validation property','',#2847);
#15=PROPERTY_DEFINITION('pmi validation property','',#2847);
#16=VALUE_REPRESENTATION_ITEM('number of annotations',COUNT_MEASURE(0.));
#17=VALUE_REPRESENTATION_ITEM('number of views',COUNT_MEASURE(0.));
#18=(
BOUNDED_SURFACE()
B_SPLINE_SURFACE(3,2,((#2813,#2814,#2815),(#2816,#2817,#2818),(#2819,#2820,
#2821),(#2822,#2823,#2824),(#2825,#2826,#2827),(#2828,#2829,#2830),(#2831,
#2832,#2833)),.UNSPECIFIED.,.F.,.F.,.F.)
B_SPLINE_SURFACE_WITH_KNOTS((4,1,1,1,4),(3,3),(-1.7130394325271E-17,0.00139955814644589,
0.00279911629289179,0.0041986744393377,0.00559823258578361),(0.,1.),
 .UNSPECIFIED.)
GEOMETRIC_REPRESENTATION_ITEM()
RATIONAL_B_SPLINE_SURFACE(((1.,0.707106781186546,1.),(1.,0.748922180235858,
1.),(1.,0.832865762854255,1.),(1.,0.882535409990559,1.),(1.,0.833143253698528,
1.),(1.,0.748881166035667,1.),(1.,0.707106781186551,1.)))
REPRESENTATION_ITEM('')
SURFACE()
);
#19=B_SPLINE_CURVE_WITH_KNOTS('',3,(#2691,#2692,#2693,#2694,#2695),
 .UNSPECIFIED.,.F.,.F.,(4,1,4),(0.,0.00123581854351658,0.00247163708703317),
 .UNSPECIFIED.);
#20=B_SPLINE_CURVE_WITH_KNOTS('',3,(#2697,#2698,#2699,#2700,#2701),
 .UNSPECIFIED.,.F.,.F.,(4,1,4),(0.,0.00123581854351659,0.00247163708703317),
 .UNSPECIFIED.);
#21=B_SPLINE_CURVE_WITH_KNOTS('',3,(#2710,#2711,#2712,#2713,#2714,#2715,
#2716),.UNSPECIFIED.,.F.,.F.,(4,1,1,1,4),(0.,0.00129353920712278,0.00258707841424556,
0.00388061762136833,0.00517415682849111),.UNSPECIFIED.);
#22=B_SPLINE_CURVE_WITH_KNOTS('',3,(#2799,#2800,#2801,#2802,#2803,#2804,
#2805),.UNSPECIFIED.,.F.,.F.,(4,1,1,1,4),(0.,0.000972817536442495,0.00194563507288499,
0.00291845260932748,0.00389127014576998),.UNSPECIFIED.);
#23=SHAPE_REPRESENTATION_RELATIONSHIP('','',#1511,#25);
#24=SHAPE_REPRESENTATION_RELATIONSHIP('','',#1512,#26);
#25=ADVANCED_BREP_SHAPE_REPRESENTATION('',(#1507),#2836);
#26=ADVANCED_BREP_SHAPE_REPRESENTATION('',(#1508),#2837);
#27=TOROIDAL_SURFACE('',#1572,0.03025,0.01325);
#28=TOROIDAL_SURFACE('',#1577,0.023,0.001);
#29=TOROIDAL_SURFACE('',#1606,0.0035,0.0005);
#30=TOROIDAL_SURFACE('',#1609,0.0335,0.0005);
#31=TOROIDAL_SURFACE('',#1611,0.0045,0.0005);
#32=TOROIDAL_SURFACE('',#1613,0.0035,0.0005);
#33=TOROIDAL_SURFACE('',#1615,0.0035,0.0005);
#34=TOROIDAL_SURFACE('',#1617,0.0045,0.0005);
#35=TOROIDAL_SURFACE('',#1619,0.0335,0.0005);
#36=TOROIDAL_SURFACE('',#1621,0.0035,0.0005);
#37=TOROIDAL_SURFACE('',#1623,0.0035,0.0005);
#38=TOROIDAL_SURFACE('',#1625,0.0335,0.0005);
#39=TOROIDAL_SURFACE('',#1627,0.0045,0.0005);
#40=TOROIDAL_SURFACE('',#1629,0.0035,0.0005);
#41=TOROIDAL_SURFACE('',#1631,0.0035,0.0005);
#42=TOROIDAL_SURFACE('',#1633,0.0045,0.0005);
#43=TOROIDAL_SURFACE('',#1635,0.0335,0.0005);
#44=TOROIDAL_SURFACE('',#1637,0.0035,0.0005);
#45=TOROIDAL_SURFACE('',#1706,0.03025,0.01325);
#46=TOROIDAL_SURFACE('',#1711,0.023,0.001);
#47=TOROIDAL_SURFACE('',#1740,0.0035,0.0005);
#48=TOROIDAL_SURFACE('',#1743,0.0335,0.0005);
#49=TOROIDAL_SURFACE('',#1745,0.0045,0.0005);
#50=TOROIDAL_SURFACE('',#1747,0.0035,0.0005);
#51=TOROIDAL_SURFACE('',#1749,0.0035,0.0005);
#52=TOROIDAL_SURFACE('',#1751,0.0045,0.0005);
#53=TOROIDAL_SURFACE('',#1753,0.0335,0.0005);
#54=TOROIDAL_SURFACE('',#1755,0.0035,0.0005);
#55=TOROIDAL_SURFACE('',#1757,0.0035,0.0005);
#56=TOROIDAL_SURFACE('',#1759,0.0335,0.0005);
#57=TOROIDAL_SURFACE('',#1761,0.0045,0.0005);
#58=TOROIDAL_SURFACE('',#1763,0.0035,0.0005);
#59=TOROIDAL_SURFACE('',#1765,0.0035,0.0005);
#60=TOROIDAL_SURFACE('',#1767,0.0045,0.0005);
#61=TOROIDAL_SURFACE('',#1769,0.0335,0.0005);
#62=TOROIDAL_SURFACE('',#1771,0.0035,0.0005);
#63=TOROIDAL_SURFACE('',#1777,0.00425,0.002);
#64=TOROIDAL_SURFACE('',#1778,0.00325,0.001);
#65=TOROIDAL_SURFACE('',#1780,0.00325,0.001);
#66=PLANE('',#1526);
#67=PLANE('',#1547);
#68=PLANE('',#1567);
#69=PLANE('',#1576);
#70=PLANE('',#1639);
#71=PLANE('',#1656);
#72=PLANE('',#1679);
#73=PLANE('',#1699);
#74=PLANE('',#1710);
#75=CIRCLE('',#1515,0.034);
#76=CIRCLE('',#1516,0.034);
#77=CIRCLE('',#1518,0.034);
#78=CIRCLE('',#1519,0.034);
#79=CIRCLE('',#1521,0.034);
#80=CIRCLE('',#1522,0.034);
#81=CIRCLE('',#1524,0.034);
#82=CIRCLE('',#1525,0.034);
#83=CIRCLE('',#1527,0.0045);
#84=CIRCLE('',#1528,0.0035);
#85=CIRCLE('',#1529,0.0335);
#86=CIRCLE('',#1530,0.0035);
#87=CIRCLE('',#1531,0.0045);
#88=CIRCLE('',#1532,0.0035);
#89=CIRCLE('',#1533,0.0335);
#90=CIRCLE('',#1534,0.0035);
#91=CIRCLE('',#1535,0.0045);
#92=CIRCLE('',#1536,0.0035);
#93=CIRCLE('',#1537,0.0335);
#94=CIRCLE('',#1538,0.0035);
#95=CIRCLE('',#1539,0.0045);
#96=CIRCLE('',#1540,0.0035);
#97=CIRCLE('',#1541,0.0335);
#98=CIRCLE('',#1542,0.0035);
#99=CIRCLE('',#1543,0.00155);
#100=CIRCLE('',#1544,0.00155);
#101=CIRCLE('',#1545,0.00155);
#102=CIRCLE('',#1546,0.00155);
#103=CIRCLE('',#1548,0.00155);
#104=CIRCLE('',#1549,0.00155);
#105=CIRCLE('',#1550,0.00155);
#106=CIRCLE('',#1551,0.003);
#107=CIRCLE('',#1552,0.005);
#108=CIRCLE('',#1553,0.003);
#109=CIRCLE('',#1554,0.003);
#110=CIRCLE('',#1555,0.005);
#111=CIRCLE('',#1556,0.003);
#112=CIRCLE('',#1557,0.003);
#113=CIRCLE('',#1558,0.005);
#114=CIRCLE('',#1559,0.003);
#115=CIRCLE('',#1560,0.003);
#116=CIRCLE('',#1561,0.005);
#117=CIRCLE('',#1562,0.003);
#118=CIRCLE('',#1563,0.00155);
#119=CIRCLE('',#1564,0.024);
#120=CIRCLE('',#1566,0.024);
#121=CIRCLE('',#1568,0.023);
#122=CIRCLE('',#1569,0.0185);
#123=CIRCLE('',#1571,0.0185);
#124=CIRCLE('',#1573,0.017);
#125=CIRCLE('',#1575,0.017);
#126=CIRCLE('',#1580,0.005);
#127=CIRCLE('',#1582,0.005);
#128=CIRCLE('',#1585,0.005);
#129=CIRCLE('',#1589,0.005);
#130=CIRCLE('',#1591,0.003);
#131=CIRCLE('',#1593,0.003);
#132=CIRCLE('',#1595,0.003);
#133=CIRCLE('',#1597,0.003);
#134=CIRCLE('',#1599,0.003);
#135=CIRCLE('',#1601,0.003);
#136=CIRCLE('',#1603,0.003);
#137=CIRCLE('',#1605,0.003);
#138=CIRCLE('',#1607,0.0005);
#139=CIRCLE('',#1608,0.0005);
#140=CIRCLE('',#1610,0.0005);
#141=CIRCLE('',#1612,0.0005);
#142=CIRCLE('',#1614,0.0005);
#143=CIRCLE('',#1616,0.0005);
#144=CIRCLE('',#1618,0.0005);
#145=CIRCLE('',#1620,0.0005);
#146=CIRCLE('',#1622,0.0005);
#147=CIRCLE('',#1624,0.0005);
#148=CIRCLE('',#1626,0.0005);
#149=CIRCLE('',#1628,0.0005);
#150=CIRCLE('',#1630,0.0005);
#151=CIRCLE('',#1632,0.0005);
#152=CIRCLE('',#1634,0.0005);
#153=CIRCLE('',#1636,0.0005);
#154=CIRCLE('',#1640,0.023);
#155=CIRCLE('',#1641,0.00325);
#156=CIRCLE('',#1642,0.0185);
#157=CIRCLE('',#1643,0.00225);
#158=CIRCLE('',#1645,0.034);
#159=CIRCLE('',#1646,0.034);
#160=CIRCLE('',#1648,0.034);
#161=CIRCLE('',#1649,0.034);
#162=CIRCLE('',#1651,0.034);
#163=CIRCLE('',#1652,0.034);
#164=CIRCLE('',#1654,0.034);
#165=CIRCLE('',#1655,0.034);
#166=CIRCLE('',#1657,0.00425);
#167=CIRCLE('',#1658,0.00225);
#168=CIRCLE('',#1659,0.0045);
#169=CIRCLE('',#1660,0.0035);
#170=CIRCLE('',#1661,0.0335);
#171=CIRCLE('',#1662,0.0035);
#172=CIRCLE('',#1663,0.0045);
#173=CIRCLE('',#1664,0.0035);
#174=CIRCLE('',#1665,0.0335);
#175=CIRCLE('',#1666,0.0035);
#176=CIRCLE('',#1667,0.0045);
#177=CIRCLE('',#1668,0.0035);
#178=CIRCLE('',#1669,0.0335);
#179=CIRCLE('',#1670,0.0035);
#180=CIRCLE('',#1671,0.0045);
#181=CIRCLE('',#1672,0.0035);
#182=CIRCLE('',#1673,0.0335);
#183=CIRCLE('',#1674,0.0035);
#184=CIRCLE('',#1675,0.00155);
#185=CIRCLE('',#1676,0.00155);
#186=CIRCLE('',#1677,0.00155);
#187=CIRCLE('',#1678,0.00155);
#188=CIRCLE('',#1680,0.00155);
#189=CIRCLE('',#1681,0.00155);
#190=CIRCLE('',#1682,0.00155);
#191=CIRCLE('',#1683,0.003);
#192=CIRCLE('',#1684,0.005);
#193=CIRCLE('',#1685,0.003);
#194=CIRCLE('',#1686,0.003);
#195=CIRCLE('',#1687,0.005);
#196=CIRCLE('',#1688,0.003);
#197=CIRCLE('',#1689,0.003);
#198=CIRCLE('',#1690,0.005);
#199=CIRCLE('',#1691,0.003);
#200=CIRCLE('',#1692,0.003);
#201=CIRCLE('',#1693,0.005);
#202=CIRCLE('',#1694,0.003);
#203=CIRCLE('',#1695,0.00155);
#204=CIRCLE('',#1696,0.024);
#205=CIRCLE('',#1698,0.024);
#206=CIRCLE('',#1700,0.0185);
#207=CIRCLE('',#1701,0.00325);
#208=CIRCLE('',#1702,0.023);
#209=CIRCLE('',#1703,0.00225);
#210=CIRCLE('',#1705,0.0185);
#211=CIRCLE('',#1707,0.017);
#212=CIRCLE('',#1709,0.017);
#213=CIRCLE('',#1713,0.005);
#214=CIRCLE('',#1717,0.005);
#215=CIRCLE('',#1720,0.005);
#216=CIRCLE('',#1722,0.005);
#217=CIRCLE('',#1725,0.003);
#218=CIRCLE('',#1727,0.003);
#219=CIRCLE('',#1729,0.003);
#220=CIRCLE('',#1731,0.003);
#221=CIRCLE('',#1733,0.003);
#222=CIRCLE('',#1735,0.003);
#223=CIRCLE('',#1737,0.003);
#224=CIRCLE('',#1739,0.003);
#225=CIRCLE('',#1741,0.0005);
#226=CIRCLE('',#1742,0.0005);
#227=CIRCLE('',#1744,0.0005);
#228=CIRCLE('',#1746,0.0005);
#229=CIRCLE('',#1748,0.0005);
#230=CIRCLE('',#1750,0.0005);
#231=CIRCLE('',#1752,0.0005);
#232=CIRCLE('',#1754,0.0005);
#233=CIRCLE('',#1756,0.0005);
#234=CIRCLE('',#1758,0.0005);
#235=CIRCLE('',#1760,0.0005);
#236=CIRCLE('',#1762,0.0005);
#237=CIRCLE('',#1764,0.0005);
#238=CIRCLE('',#1766,0.0005);
#239=CIRCLE('',#1768,0.0005);
#240=CIRCLE('',#1770,0.0005);
#241=CIRCLE('',#1773,0.00225);
#242=CIRCLE('',#1775,0.00225);
#243=CIRCLE('',#1776,0.00225);
#244=CIRCLE('',#1779,0.001);
#245=CIRCLE('',#1781,0.001);
#246=ORIENTED_EDGE('',*,*,#660,.T.);
#247=ORIENTED_EDGE('',*,*,#661,.T.);
#248=ORIENTED_EDGE('',*,*,#662,.T.);
#249=ORIENTED_EDGE('',*,*,#663,.T.);
#250=ORIENTED_EDGE('',*,*,#664,.T.);
#251=ORIENTED_EDGE('',*,*,#665,.T.);
#252=ORIENTED_EDGE('',*,*,#666,.T.);
#253=ORIENTED_EDGE('',*,*,#667,.T.);
#254=ORIENTED_EDGE('',*,*,#668,.T.);
#255=ORIENTED_EDGE('',*,*,#669,.T.);
#256=ORIENTED_EDGE('',*,*,#670,.T.);
#257=ORIENTED_EDGE('',*,*,#671,.T.);
#258=ORIENTED_EDGE('',*,*,#672,.T.);
#259=ORIENTED_EDGE('',*,*,#673,.T.);
#260=ORIENTED_EDGE('',*,*,#674,.T.);
#261=ORIENTED_EDGE('',*,*,#675,.T.);
#262=ORIENTED_EDGE('',*,*,#676,.T.);
#263=ORIENTED_EDGE('',*,*,#677,.T.);
#264=ORIENTED_EDGE('',*,*,#678,.T.);
#265=ORIENTED_EDGE('',*,*,#679,.T.);
#266=ORIENTED_EDGE('',*,*,#680,.T.);
#267=ORIENTED_EDGE('',*,*,#681,.T.);
#268=ORIENTED_EDGE('',*,*,#682,.T.);
#269=ORIENTED_EDGE('',*,*,#683,.T.);
#270=ORIENTED_EDGE('',*,*,#684,.T.);
#271=ORIENTED_EDGE('',*,*,#685,.T.);
#272=ORIENTED_EDGE('',*,*,#686,.T.);
#273=ORIENTED_EDGE('',*,*,#687,.T.);
#274=ORIENTED_EDGE('',*,*,#688,.T.);
#275=ORIENTED_EDGE('',*,*,#689,.T.);
#276=ORIENTED_EDGE('',*,*,#690,.T.);
#277=ORIENTED_EDGE('',*,*,#691,.T.);
#278=ORIENTED_EDGE('',*,*,#692,.F.);
#279=ORIENTED_EDGE('',*,*,#693,.F.);
#280=ORIENTED_EDGE('',*,*,#694,.F.);
#281=ORIENTED_EDGE('',*,*,#695,.F.);
#282=ORIENTED_EDGE('',*,*,#696,.F.);
#283=ORIENTED_EDGE('',*,*,#697,.F.);
#284=ORIENTED_EDGE('',*,*,#698,.F.);
#285=ORIENTED_EDGE('',*,*,#667,.F.);
#286=ORIENTED_EDGE('',*,*,#699,.T.);
#287=ORIENTED_EDGE('',*,*,#700,.F.);
#288=ORIENTED_EDGE('',*,*,#701,.T.);
#289=ORIENTED_EDGE('',*,*,#671,.F.);
#290=ORIENTED_EDGE('',*,*,#702,.T.);
#291=ORIENTED_EDGE('',*,*,#703,.F.);
#292=ORIENTED_EDGE('',*,*,#704,.T.);
#293=ORIENTED_EDGE('',*,*,#675,.F.);
#294=ORIENTED_EDGE('',*,*,#705,.T.);
#295=ORIENTED_EDGE('',*,*,#706,.F.);
#296=ORIENTED_EDGE('',*,*,#707,.T.);
#297=ORIENTED_EDGE('',*,*,#663,.F.);
#298=ORIENTED_EDGE('',*,*,#708,.T.);
#299=ORIENTED_EDGE('',*,*,#709,.T.);
#300=ORIENTED_EDGE('',*,*,#710,.T.);
#301=ORIENTED_EDGE('',*,*,#711,.F.);
#302=ORIENTED_EDGE('',*,*,#712,.T.);
#303=ORIENTED_EDGE('',*,*,#713,.T.);
#304=ORIENTED_EDGE('',*,*,#712,.F.);
#305=ORIENTED_EDGE('',*,*,#714,.T.);
#306=ORIENTED_EDGE('',*,*,#715,.T.);
#307=ORIENTED_EDGE('',*,*,#716,.T.);
#308=ORIENTED_EDGE('',*,*,#715,.F.);
#309=ORIENTED_EDGE('',*,*,#716,.F.);
#310=ORIENTED_EDGE('',*,*,#717,.T.);
#311=ORIENTED_EDGE('',*,*,#717,.F.);
#312=ORIENTED_EDGE('',*,*,#718,.T.);
#313=ORIENTED_EDGE('',*,*,#718,.F.);
#314=ORIENTED_EDGE('',*,*,#714,.F.);
#315=ORIENTED_EDGE('',*,*,#713,.F.);
#316=ORIENTED_EDGE('',*,*,#711,.T.);
#317=ORIENTED_EDGE('',*,*,#695,.T.);
#318=ORIENTED_EDGE('',*,*,#719,.T.);
#319=ORIENTED_EDGE('',*,*,#720,.T.);
#320=ORIENTED_EDGE('',*,*,#721,.T.);
#321=ORIENTED_EDGE('',*,*,#703,.T.);
#322=ORIENTED_EDGE('',*,*,#722,.T.);
#323=ORIENTED_EDGE('',*,*,#723,.T.);
#324=ORIENTED_EDGE('',*,*,#724,.T.);
#325=ORIENTED_EDGE('',*,*,#706,.T.);
#326=ORIENTED_EDGE('',*,*,#696,.T.);
#327=ORIENTED_EDGE('',*,*,#694,.T.);
#328=ORIENTED_EDGE('',*,*,#725,.T.);
#329=ORIENTED_EDGE('',*,*,#726,.T.);
#330=ORIENTED_EDGE('',*,*,#727,.T.);
#331=ORIENTED_EDGE('',*,*,#700,.T.);
#332=ORIENTED_EDGE('',*,*,#697,.T.);
#333=ORIENTED_EDGE('',*,*,#693,.T.);
#334=ORIENTED_EDGE('',*,*,#698,.T.);
#335=ORIENTED_EDGE('',*,*,#692,.T.);
#336=ORIENTED_EDGE('',*,*,#728,.T.);
#337=ORIENTED_EDGE('',*,*,#729,.T.);
#338=ORIENTED_EDGE('',*,*,#730,.T.);
#339=ORIENTED_EDGE('',*,*,#709,.F.);
#340=ORIENTED_EDGE('',*,*,#666,.F.);
#341=ORIENTED_EDGE('',*,*,#731,.T.);
#342=ORIENTED_EDGE('',*,*,#725,.F.);
#343=ORIENTED_EDGE('',*,*,#699,.F.);
#344=ORIENTED_EDGE('',*,*,#727,.F.);
#345=ORIENTED_EDGE('',*,*,#732,.T.);
#346=ORIENTED_EDGE('',*,*,#668,.F.);
#347=ORIENTED_EDGE('',*,*,#701,.F.);
#348=ORIENTED_EDGE('',*,*,#662,.F.);
#349=ORIENTED_EDGE('',*,*,#733,.T.);
#350=ORIENTED_EDGE('',*,*,#728,.F.);
#351=ORIENTED_EDGE('',*,*,#708,.F.);
#352=ORIENTED_EDGE('',*,*,#674,.F.);
#353=ORIENTED_EDGE('',*,*,#734,.T.);
#354=ORIENTED_EDGE('',*,*,#722,.F.);
#355=ORIENTED_EDGE('',*,*,#705,.F.);
#356=ORIENTED_EDGE('',*,*,#724,.F.);
#357=ORIENTED_EDGE('',*,*,#735,.T.);
#358=ORIENTED_EDGE('',*,*,#660,.F.);
#359=ORIENTED_EDGE('',*,*,#707,.F.);
#360=ORIENTED_EDGE('',*,*,#670,.F.);
#361=ORIENTED_EDGE('',*,*,#736,.T.);
#362=ORIENTED_EDGE('',*,*,#719,.F.);
#363=ORIENTED_EDGE('',*,*,#702,.F.);
#364=ORIENTED_EDGE('',*,*,#721,.F.);
#365=ORIENTED_EDGE('',*,*,#737,.T.);
#366=ORIENTED_EDGE('',*,*,#672,.F.);
#367=ORIENTED_EDGE('',*,*,#704,.F.);
#368=ORIENTED_EDGE('',*,*,#730,.F.);
#369=ORIENTED_EDGE('',*,*,#738,.T.);
#370=ORIENTED_EDGE('',*,*,#664,.F.);
#371=ORIENTED_EDGE('',*,*,#710,.F.);
#372=ORIENTED_EDGE('',*,*,#739,.F.);
#373=ORIENTED_EDGE('',*,*,#734,.F.);
#374=ORIENTED_EDGE('',*,*,#740,.F.);
#375=ORIENTED_EDGE('',*,*,#685,.F.);
#376=ORIENTED_EDGE('',*,*,#740,.T.);
#377=ORIENTED_EDGE('',*,*,#673,.F.);
#378=ORIENTED_EDGE('',*,*,#741,.F.);
#379=ORIENTED_EDGE('',*,*,#686,.F.);
#380=ORIENTED_EDGE('',*,*,#739,.T.);
#381=ORIENTED_EDGE('',*,*,#684,.F.);
#382=ORIENTED_EDGE('',*,*,#742,.F.);
#383=ORIENTED_EDGE('',*,*,#723,.F.);
#384=ORIENTED_EDGE('',*,*,#741,.T.);
#385=ORIENTED_EDGE('',*,*,#737,.F.);
#386=ORIENTED_EDGE('',*,*,#743,.F.);
#387=ORIENTED_EDGE('',*,*,#687,.F.);
#388=ORIENTED_EDGE('',*,*,#742,.T.);
#389=ORIENTED_EDGE('',*,*,#683,.F.);
#390=ORIENTED_EDGE('',*,*,#744,.F.);
#391=ORIENTED_EDGE('',*,*,#735,.F.);
#392=ORIENTED_EDGE('',*,*,#743,.T.);
#393=ORIENTED_EDGE('',*,*,#720,.F.);
#394=ORIENTED_EDGE('',*,*,#745,.F.);
#395=ORIENTED_EDGE('',*,*,#688,.F.);
#396=ORIENTED_EDGE('',*,*,#744,.T.);
#397=ORIENTED_EDGE('',*,*,#682,.F.);
#398=ORIENTED_EDGE('',*,*,#746,.F.);
#399=ORIENTED_EDGE('',*,*,#661,.F.);
#400=ORIENTED_EDGE('',*,*,#745,.T.);
#401=ORIENTED_EDGE('',*,*,#736,.F.);
#402=ORIENTED_EDGE('',*,*,#747,.F.);
#403=ORIENTED_EDGE('',*,*,#689,.F.);
#404=ORIENTED_EDGE('',*,*,#746,.T.);
#405=ORIENTED_EDGE('',*,*,#681,.F.);
#406=ORIENTED_EDGE('',*,*,#748,.F.);
#407=ORIENTED_EDGE('',*,*,#733,.F.);
#408=ORIENTED_EDGE('',*,*,#747,.T.);
#409=ORIENTED_EDGE('',*,*,#669,.F.);
#410=ORIENTED_EDGE('',*,*,#749,.F.);
#411=ORIENTED_EDGE('',*,*,#690,.F.);
#412=ORIENTED_EDGE('',*,*,#748,.T.);
#413=ORIENTED_EDGE('',*,*,#680,.F.);
#414=ORIENTED_EDGE('',*,*,#750,.F.);
#415=ORIENTED_EDGE('',*,*,#729,.F.);
#416=ORIENTED_EDGE('',*,*,#749,.T.);
#417=ORIENTED_EDGE('',*,*,#732,.F.);
#418=ORIENTED_EDGE('',*,*,#751,.F.);
#419=ORIENTED_EDGE('',*,*,#691,.F.);
#420=ORIENTED_EDGE('',*,*,#750,.T.);
#421=ORIENTED_EDGE('',*,*,#679,.F.);
#422=ORIENTED_EDGE('',*,*,#752,.F.);
#423=ORIENTED_EDGE('',*,*,#738,.F.);
#424=ORIENTED_EDGE('',*,*,#751,.T.);
#425=ORIENTED_EDGE('',*,*,#726,.F.);
#426=ORIENTED_EDGE('',*,*,#753,.F.);
#427=ORIENTED_EDGE('',*,*,#676,.F.);
#428=ORIENTED_EDGE('',*,*,#752,.T.);
#429=ORIENTED_EDGE('',*,*,#678,.F.);
#430=ORIENTED_EDGE('',*,*,#754,.F.);
#431=ORIENTED_EDGE('',*,*,#665,.F.);
#432=ORIENTED_EDGE('',*,*,#753,.T.);
#433=ORIENTED_EDGE('',*,*,#731,.F.);
#434=ORIENTED_EDGE('',*,*,#754,.T.);
#435=ORIENTED_EDGE('',*,*,#677,.F.);
#436=ORIENTED_EDGE('',*,*,#755,.F.);
#437=ORIENTED_EDGE('',*,*,#756,.T.);
#438=ORIENTED_EDGE('',*,*,#757,.F.);
#439=ORIENTED_EDGE('',*,*,#758,.F.);
#440=ORIENTED_EDGE('',*,*,#759,.F.);
#441=ORIENTED_EDGE('',*,*,#760,.F.);
#442=ORIENTED_EDGE('',*,*,#761,.F.);
#443=ORIENTED_EDGE('',*,*,#762,.F.);
#444=ORIENTED_EDGE('',*,*,#763,.F.);
#445=ORIENTED_EDGE('',*,*,#764,.F.);
#446=ORIENTED_EDGE('',*,*,#765,.F.);
#447=ORIENTED_EDGE('',*,*,#766,.F.);
#448=ORIENTED_EDGE('',*,*,#767,.F.);
#449=ORIENTED_EDGE('',*,*,#768,.F.);
#450=ORIENTED_EDGE('',*,*,#769,.F.);
#451=ORIENTED_EDGE('',*,*,#770,.F.);
#452=ORIENTED_EDGE('',*,*,#771,.F.);
#453=ORIENTED_EDGE('',*,*,#772,.F.);
#454=ORIENTED_EDGE('',*,*,#773,.F.);
#455=ORIENTED_EDGE('',*,*,#774,.F.);
#456=ORIENTED_EDGE('',*,*,#775,.T.);
#457=ORIENTED_EDGE('',*,*,#776,.T.);
#458=ORIENTED_EDGE('',*,*,#777,.F.);
#459=ORIENTED_EDGE('',*,*,#778,.F.);
#460=ORIENTED_EDGE('',*,*,#779,.F.);
#461=ORIENTED_EDGE('',*,*,#780,.F.);
#462=ORIENTED_EDGE('',*,*,#781,.F.);
#463=ORIENTED_EDGE('',*,*,#782,.F.);
#464=ORIENTED_EDGE('',*,*,#783,.F.);
#465=ORIENTED_EDGE('',*,*,#784,.F.);
#466=ORIENTED_EDGE('',*,*,#785,.F.);
#467=ORIENTED_EDGE('',*,*,#786,.F.);
#468=ORIENTED_EDGE('',*,*,#787,.F.);
#469=ORIENTED_EDGE('',*,*,#788,.F.);
#470=ORIENTED_EDGE('',*,*,#789,.F.);
#471=ORIENTED_EDGE('',*,*,#790,.F.);
#472=ORIENTED_EDGE('',*,*,#791,.F.);
#473=ORIENTED_EDGE('',*,*,#792,.F.);
#474=ORIENTED_EDGE('',*,*,#793,.T.);
#475=ORIENTED_EDGE('',*,*,#794,.T.);
#476=ORIENTED_EDGE('',*,*,#795,.T.);
#477=ORIENTED_EDGE('',*,*,#796,.T.);
#478=ORIENTED_EDGE('',*,*,#797,.T.);
#479=ORIENTED_EDGE('',*,*,#798,.T.);
#480=ORIENTED_EDGE('',*,*,#799,.T.);
#481=ORIENTED_EDGE('',*,*,#764,.T.);
#482=ORIENTED_EDGE('',*,*,#800,.F.);
#483=ORIENTED_EDGE('',*,*,#801,.F.);
#484=ORIENTED_EDGE('',*,*,#802,.F.);
#485=ORIENTED_EDGE('',*,*,#760,.T.);
#486=ORIENTED_EDGE('',*,*,#803,.F.);
#487=ORIENTED_EDGE('',*,*,#804,.T.);
#488=ORIENTED_EDGE('',*,*,#805,.F.);
#489=ORIENTED_EDGE('',*,*,#772,.T.);
#490=ORIENTED_EDGE('',*,*,#806,.F.);
#491=ORIENTED_EDGE('',*,*,#807,.T.);
#492=ORIENTED_EDGE('',*,*,#808,.F.);
#493=ORIENTED_EDGE('',*,*,#768,.T.);
#494=ORIENTED_EDGE('',*,*,#809,.F.);
#495=ORIENTED_EDGE('',*,*,#810,.T.);
#496=ORIENTED_EDGE('',*,*,#811,.F.);
#497=ORIENTED_EDGE('',*,*,#812,.T.);
#498=ORIENTED_EDGE('',*,*,#813,.F.);
#499=ORIENTED_EDGE('',*,*,#814,.F.);
#500=ORIENTED_EDGE('',*,*,#813,.T.);
#501=ORIENTED_EDGE('',*,*,#815,.F.);
#502=ORIENTED_EDGE('',*,*,#816,.T.);
#503=ORIENTED_EDGE('',*,*,#817,.F.);
#504=ORIENTED_EDGE('',*,*,#818,.F.);
#505=ORIENTED_EDGE('',*,*,#819,.F.);
#506=ORIENTED_EDGE('',*,*,#757,.T.);
#507=ORIENTED_EDGE('',*,*,#820,.T.);
#508=ORIENTED_EDGE('',*,*,#821,.T.);
#509=ORIENTED_EDGE('',*,*,#815,.T.);
#510=ORIENTED_EDGE('',*,*,#819,.T.);
#511=ORIENTED_EDGE('',*,*,#822,.F.);
#512=ORIENTED_EDGE('',*,*,#822,.T.);
#513=ORIENTED_EDGE('',*,*,#823,.F.);
#514=ORIENTED_EDGE('',*,*,#823,.T.);
#515=ORIENTED_EDGE('',*,*,#817,.T.);
#516=ORIENTED_EDGE('',*,*,#824,.T.);
#517=ORIENTED_EDGE('',*,*,#755,.T.);
#518=ORIENTED_EDGE('',*,*,#814,.T.);
#519=ORIENTED_EDGE('',*,*,#825,.F.);
#520=ORIENTED_EDGE('',*,*,#807,.F.);
#521=ORIENTED_EDGE('',*,*,#826,.F.);
#522=ORIENTED_EDGE('',*,*,#827,.F.);
#523=ORIENTED_EDGE('',*,*,#812,.F.);
#524=ORIENTED_EDGE('',*,*,#796,.F.);
#525=ORIENTED_EDGE('',*,*,#797,.F.);
#526=ORIENTED_EDGE('',*,*,#795,.F.);
#527=ORIENTED_EDGE('',*,*,#828,.F.);
#528=ORIENTED_EDGE('',*,*,#804,.F.);
#529=ORIENTED_EDGE('',*,*,#829,.F.);
#530=ORIENTED_EDGE('',*,*,#830,.F.);
#531=ORIENTED_EDGE('',*,*,#798,.F.);
#532=ORIENTED_EDGE('',*,*,#794,.F.);
#533=ORIENTED_EDGE('',*,*,#831,.F.);
#534=ORIENTED_EDGE('',*,*,#810,.F.);
#535=ORIENTED_EDGE('',*,*,#832,.F.);
#536=ORIENTED_EDGE('',*,*,#833,.F.);
#537=ORIENTED_EDGE('',*,*,#834,.F.);
#538=ORIENTED_EDGE('',*,*,#801,.T.);
#539=ORIENTED_EDGE('',*,*,#835,.F.);
#540=ORIENTED_EDGE('',*,*,#836,.F.);
#541=ORIENTED_EDGE('',*,*,#799,.F.);
#542=ORIENTED_EDGE('',*,*,#793,.F.);
#543=ORIENTED_EDGE('',*,*,#765,.T.);
#544=ORIENTED_EDGE('',*,*,#811,.T.);
#545=ORIENTED_EDGE('',*,*,#831,.T.);
#546=ORIENTED_EDGE('',*,*,#837,.F.);
#547=ORIENTED_EDGE('',*,*,#832,.T.);
#548=ORIENTED_EDGE('',*,*,#809,.T.);
#549=ORIENTED_EDGE('',*,*,#767,.T.);
#550=ORIENTED_EDGE('',*,*,#838,.F.);
#551=ORIENTED_EDGE('',*,*,#761,.T.);
#552=ORIENTED_EDGE('',*,*,#802,.T.);
#553=ORIENTED_EDGE('',*,*,#834,.T.);
#554=ORIENTED_EDGE('',*,*,#839,.F.);
#555=ORIENTED_EDGE('',*,*,#773,.T.);
#556=ORIENTED_EDGE('',*,*,#805,.T.);
#557=ORIENTED_EDGE('',*,*,#828,.T.);
#558=ORIENTED_EDGE('',*,*,#840,.F.);
#559=ORIENTED_EDGE('',*,*,#829,.T.);
#560=ORIENTED_EDGE('',*,*,#803,.T.);
#561=ORIENTED_EDGE('',*,*,#759,.T.);
#562=ORIENTED_EDGE('',*,*,#841,.F.);
#563=ORIENTED_EDGE('',*,*,#769,.T.);
#564=ORIENTED_EDGE('',*,*,#808,.T.);
#565=ORIENTED_EDGE('',*,*,#825,.T.);
#566=ORIENTED_EDGE('',*,*,#842,.F.);
#567=ORIENTED_EDGE('',*,*,#826,.T.);
#568=ORIENTED_EDGE('',*,*,#806,.T.);
#569=ORIENTED_EDGE('',*,*,#771,.T.);
#570=ORIENTED_EDGE('',*,*,#843,.F.);
#571=ORIENTED_EDGE('',*,*,#835,.T.);
#572=ORIENTED_EDGE('',*,*,#800,.T.);
#573=ORIENTED_EDGE('',*,*,#763,.T.);
#574=ORIENTED_EDGE('',*,*,#844,.F.);
#575=ORIENTED_EDGE('',*,*,#845,.T.);
#576=ORIENTED_EDGE('',*,*,#784,.T.);
#577=ORIENTED_EDGE('',*,*,#846,.T.);
#578=ORIENTED_EDGE('',*,*,#840,.T.);
#579=ORIENTED_EDGE('',*,*,#846,.F.);
#580=ORIENTED_EDGE('',*,*,#783,.T.);
#581=ORIENTED_EDGE('',*,*,#847,.T.);
#582=ORIENTED_EDGE('',*,*,#774,.T.);
#583=ORIENTED_EDGE('',*,*,#845,.F.);
#584=ORIENTED_EDGE('',*,*,#830,.T.);
#585=ORIENTED_EDGE('',*,*,#848,.T.);
#586=ORIENTED_EDGE('',*,*,#785,.T.);
#587=ORIENTED_EDGE('',*,*,#847,.F.);
#588=ORIENTED_EDGE('',*,*,#782,.T.);
#589=ORIENTED_EDGE('',*,*,#849,.T.);
#590=ORIENTED_EDGE('',*,*,#843,.T.);
#591=ORIENTED_EDGE('',*,*,#848,.F.);
#592=ORIENTED_EDGE('',*,*,#841,.T.);
#593=ORIENTED_EDGE('',*,*,#850,.T.);
#594=ORIENTED_EDGE('',*,*,#786,.T.);
#595=ORIENTED_EDGE('',*,*,#849,.F.);
#596=ORIENTED_EDGE('',*,*,#781,.T.);
#597=ORIENTED_EDGE('',*,*,#851,.T.);
#598=ORIENTED_EDGE('',*,*,#827,.T.);
#599=ORIENTED_EDGE('',*,*,#850,.F.);
#600=ORIENTED_EDGE('',*,*,#762,.T.);
#601=ORIENTED_EDGE('',*,*,#852,.T.);
#602=ORIENTED_EDGE('',*,*,#787,.T.);
#603=ORIENTED_EDGE('',*,*,#851,.F.);
#604=ORIENTED_EDGE('',*,*,#780,.T.);
#605=ORIENTED_EDGE('',*,*,#853,.T.);
#606=ORIENTED_EDGE('',*,*,#842,.T.);
#607=ORIENTED_EDGE('',*,*,#852,.F.);
#608=ORIENTED_EDGE('',*,*,#839,.T.);
#609=ORIENTED_EDGE('',*,*,#854,.T.);
#610=ORIENTED_EDGE('',*,*,#788,.T.);
#611=ORIENTED_EDGE('',*,*,#853,.F.);
#612=ORIENTED_EDGE('',*,*,#779,.T.);
#613=ORIENTED_EDGE('',*,*,#855,.T.);
#614=ORIENTED_EDGE('',*,*,#770,.T.);
#615=ORIENTED_EDGE('',*,*,#854,.F.);
#616=ORIENTED_EDGE('',*,*,#836,.T.);
#617=ORIENTED_EDGE('',*,*,#856,.T.);
#618=ORIENTED_EDGE('',*,*,#789,.T.);
#619=ORIENTED_EDGE('',*,*,#855,.F.);
#620=ORIENTED_EDGE('',*,*,#778,.T.);
#621=ORIENTED_EDGE('',*,*,#857,.T.);
#622=ORIENTED_EDGE('',*,*,#838,.T.);
#623=ORIENTED_EDGE('',*,*,#856,.F.);
#624=ORIENTED_EDGE('',*,*,#844,.T.);
#625=ORIENTED_EDGE('',*,*,#858,.T.);
#626=ORIENTED_EDGE('',*,*,#790,.T.);
#627=ORIENTED_EDGE('',*,*,#857,.F.);
#628=ORIENTED_EDGE('',*,*,#777,.T.);
#629=ORIENTED_EDGE('',*,*,#859,.T.);
#630=ORIENTED_EDGE('',*,*,#833,.T.);
#631=ORIENTED_EDGE('',*,*,#858,.F.);
#632=ORIENTED_EDGE('',*,*,#766,.T.);
#633=ORIENTED_EDGE('',*,*,#860,.T.);
#634=ORIENTED_EDGE('',*,*,#791,.T.);
#635=ORIENTED_EDGE('',*,*,#859,.F.);
#636=ORIENTED_EDGE('',*,*,#792,.T.);
#637=ORIENTED_EDGE('',*,*,#860,.F.);
#638=ORIENTED_EDGE('',*,*,#837,.T.);
#639=ORIENTED_EDGE('',*,*,#861,.T.);
#640=ORIENTED_EDGE('',*,*,#758,.T.);
#641=ORIENTED_EDGE('',*,*,#818,.T.);
#642=ORIENTED_EDGE('',*,*,#862,.T.);
#643=ORIENTED_EDGE('',*,*,#863,.T.);
#644=ORIENTED_EDGE('',*,*,#864,.T.);
#645=ORIENTED_EDGE('',*,*,#776,.F.);
#646=ORIENTED_EDGE('',*,*,#861,.F.);
#647=ORIENTED_EDGE('',*,*,#775,.F.);
#648=ORIENTED_EDGE('',*,*,#865,.F.);
#649=ORIENTED_EDGE('',*,*,#862,.F.);
#650=ORIENTED_EDGE('',*,*,#820,.F.);
#651=ORIENTED_EDGE('',*,*,#756,.F.);
#652=ORIENTED_EDGE('',*,*,#821,.F.);
#653=ORIENTED_EDGE('',*,*,#864,.F.);
#654=ORIENTED_EDGE('',*,*,#866,.F.);
#655=ORIENTED_EDGE('',*,*,#816,.F.);
#656=ORIENTED_EDGE('',*,*,#865,.T.);
#657=ORIENTED_EDGE('',*,*,#824,.F.);
#658=ORIENTED_EDGE('',*,*,#866,.T.);
#659=ORIENTED_EDGE('',*,*,#863,.F.);
#660=EDGE_CURVE('',#867,#868,#1003,.T.);
#661=EDGE_CURVE('',#868,#869,#75,.T.);
#662=EDGE_CURVE('',#869,#870,#1004,.F.);
#663=EDGE_CURVE('',#870,#867,#76,.T.);
#664=EDGE_CURVE('',#871,#872,#1005,.T.);
#665=EDGE_CURVE('',#872,#873,#77,.T.);
#666=EDGE_CURVE('',#873,#874,#1006,.F.);
#667=EDGE_CURVE('',#874,#871,#78,.T.);
#668=EDGE_CURVE('',#875,#876,#1007,.T.);
#669=EDGE_CURVE('',#876,#877,#79,.T.);
#670=EDGE_CURVE('',#877,#878,#1008,.F.);
#671=EDGE_CURVE('',#878,#875,#80,.T.);
#672=EDGE_CURVE('',#879,#880,#1009,.T.);
#673=EDGE_CURVE('',#880,#881,#81,.T.);
#674=EDGE_CURVE('',#881,#882,#1010,.F.);
#675=EDGE_CURVE('',#882,#879,#82,.T.);
#676=EDGE_CURVE('',#883,#884,#83,.F.);
#677=EDGE_CURVE('',#884,#885,#84,.T.);
#678=EDGE_CURVE('',#885,#886,#85,.F.);
#679=EDGE_CURVE('',#886,#887,#86,.T.);
#680=EDGE_CURVE('',#887,#888,#87,.F.);
#681=EDGE_CURVE('',#888,#889,#88,.T.);
#682=EDGE_CURVE('',#889,#890,#89,.F.);
#683=EDGE_CURVE('',#890,#891,#90,.T.);
#684=EDGE_CURVE('',#891,#892,#91,.F.);
#685=EDGE_CURVE('',#892,#893,#92,.T.);
#686=EDGE_CURVE('',#893,#894,#93,.F.);
#687=EDGE_CURVE('',#894,#895,#94,.T.);
#688=EDGE_CURVE('',#895,#896,#95,.F.);
#689=EDGE_CURVE('',#896,#897,#96,.T.);
#690=EDGE_CURVE('',#897,#898,#97,.F.);
#691=EDGE_CURVE('',#898,#883,#98,.T.);
#692=EDGE_CURVE('',#899,#899,#99,.F.);
#693=EDGE_CURVE('',#900,#900,#100,.F.);
#694=EDGE_CURVE('',#901,#901,#101,.F.);
#695=EDGE_CURVE('',#902,#902,#102,.F.);
#696=EDGE_CURVE('',#903,#903,#103,.T.);
#697=EDGE_CURVE('',#904,#904,#104,.T.);
#698=EDGE_CURVE('',#905,#905,#105,.T.);
#699=EDGE_CURVE('',#874,#906,#106,.T.);
#700=EDGE_CURVE('',#907,#906,#107,.T.);
#701=EDGE_CURVE('',#907,#875,#108,.T.);
#702=EDGE_CURVE('',#878,#908,#109,.T.);
#703=EDGE_CURVE('',#909,#908,#110,.T.);
#704=EDGE_CURVE('',#909,#879,#111,.T.);
#705=EDGE_CURVE('',#882,#910,#112,.T.);
#706=EDGE_CURVE('',#911,#910,#113,.T.);
#707=EDGE_CURVE('',#911,#867,#114,.T.);
#708=EDGE_CURVE('',#870,#912,#115,.T.);
#709=EDGE_CURVE('',#912,#913,#116,.T.);
#710=EDGE_CURVE('',#913,#871,#117,.T.);
#711=EDGE_CURVE('',#914,#914,#118,.T.);
#712=EDGE_CURVE('',#915,#915,#119,.T.);
#713=EDGE_CURVE('',#916,#916,#120,.T.);
#714=EDGE_CURVE('',#917,#917,#121,.F.);
#715=EDGE_CURVE('',#918,#918,#122,.T.);
#716=EDGE_CURVE('',#919,#919,#123,.T.);
#717=EDGE_CURVE('',#920,#920,#124,.T.);
#718=EDGE_CURVE('',#921,#921,#125,.T.);
#719=EDGE_CURVE('',#908,#922,#1011,.F.);
#720=EDGE_CURVE('',#922,#923,#126,.T.);
#721=EDGE_CURVE('',#923,#909,#1012,.T.);
#722=EDGE_CURVE('',#910,#924,#1013,.F.);
#723=EDGE_CURVE('',#924,#925,#127,.T.);
#724=EDGE_CURVE('',#925,#911,#1014,.T.);
#725=EDGE_CURVE('',#906,#926,#1015,.F.);
#726=EDGE_CURVE('',#926,#927,#128,.T.);
#727=EDGE_CURVE('',#927,#907,#1016,.T.);
#728=EDGE_CURVE('',#912,#928,#1017,.F.);
#729=EDGE_CURVE('',#928,#929,#129,.T.);
#730=EDGE_CURVE('',#929,#913,#1018,.T.);
#731=EDGE_CURVE('',#873,#926,#130,.F.);
#732=EDGE_CURVE('',#927,#876,#131,.F.);
#733=EDGE_CURVE('',#869,#928,#132,.F.);
#734=EDGE_CURVE('',#881,#924,#133,.F.);
#735=EDGE_CURVE('',#925,#868,#134,.F.);
#736=EDGE_CURVE('',#877,#922,#135,.F.);
#737=EDGE_CURVE('',#923,#880,#136,.F.);
#738=EDGE_CURVE('',#929,#872,#137,.F.);
#739=EDGE_CURVE('',#924,#892,#138,.T.);
#740=EDGE_CURVE('',#893,#881,#139,.T.);
#741=EDGE_CURVE('',#894,#880,#140,.T.);
#742=EDGE_CURVE('',#925,#891,#141,.T.);
#743=EDGE_CURVE('',#895,#923,#142,.T.);
#744=EDGE_CURVE('',#868,#890,#143,.T.);
#745=EDGE_CURVE('',#896,#922,#144,.T.);
#746=EDGE_CURVE('',#869,#889,#145,.T.);
#747=EDGE_CURVE('',#897,#877,#146,.T.);
#748=EDGE_CURVE('',#928,#888,#147,.T.);
#749=EDGE_CURVE('',#898,#876,#148,.T.);
#750=EDGE_CURVE('',#929,#887,#149,.T.);
#751=EDGE_CURVE('',#883,#927,#150,.T.);
#752=EDGE_CURVE('',#872,#886,#151,.T.);
#753=EDGE_CURVE('',#884,#926,#152,.T.);
#754=EDGE_CURVE('',#873,#885,#153,.T.);
#755=EDGE_CURVE('',#930,#931,#154,.F.);
#756=EDGE_CURVE('',#930,#932,#155,.T.);
#757=EDGE_CURVE('',#933,#932,#156,.T.);
#758=EDGE_CURVE('',#931,#933,#157,.T.);
#759=EDGE_CURVE('',#934,#935,#1019,.T.);
#760=EDGE_CURVE('',#936,#934,#158,.T.);
#761=EDGE_CURVE('',#937,#936,#1020,.F.);
#762=EDGE_CURVE('',#935,#937,#159,.T.);
#763=EDGE_CURVE('',#938,#939,#1021,.T.);
#764=EDGE_CURVE('',#940,#938,#160,.T.);
#765=EDGE_CURVE('',#941,#940,#1022,.F.);
#766=EDGE_CURVE('',#939,#941,#161,.T.);
#767=EDGE_CURVE('',#942,#943,#1023,.T.);
#768=EDGE_CURVE('',#944,#942,#162,.T.);
#769=EDGE_CURVE('',#945,#944,#1024,.F.);
#770=EDGE_CURVE('',#943,#945,#163,.T.);
#771=EDGE_CURVE('',#946,#947,#1025,.T.);
#772=EDGE_CURVE('',#948,#946,#164,.T.);
#773=EDGE_CURVE('',#949,#948,#1026,.F.);
#774=EDGE_CURVE('',#947,#949,#165,.T.);
#775=EDGE_CURVE('',#950,#950,#166,.T.);
#776=EDGE_CURVE('',#951,#951,#167,.T.);
#777=EDGE_CURVE('',#952,#953,#168,.F.);
#778=EDGE_CURVE('',#954,#952,#169,.T.);
#779=EDGE_CURVE('',#955,#954,#170,.F.);
#780=EDGE_CURVE('',#956,#955,#171,.T.);
#781=EDGE_CURVE('',#957,#956,#172,.F.);
#782=EDGE_CURVE('',#958,#957,#173,.T.);
#783=EDGE_CURVE('',#959,#958,#174,.F.);
#784=EDGE_CURVE('',#960,#959,#175,.T.);
#785=EDGE_CURVE('',#961,#960,#176,.F.);
#786=EDGE_CURVE('',#962,#961,#177,.T.);
#787=EDGE_CURVE('',#963,#962,#178,.F.);
#788=EDGE_CURVE('',#964,#963,#179,.T.);
#789=EDGE_CURVE('',#965,#964,#180,.F.);
#790=EDGE_CURVE('',#966,#965,#181,.T.);
#791=EDGE_CURVE('',#967,#966,#182,.F.);
#792=EDGE_CURVE('',#953,#967,#183,.T.);
#793=EDGE_CURVE('',#968,#968,#184,.F.);
#794=EDGE_CURVE('',#969,#969,#185,.F.);
#795=EDGE_CURVE('',#970,#970,#186,.F.);
#796=EDGE_CURVE('',#971,#971,#187,.F.);
#797=EDGE_CURVE('',#972,#972,#188,.T.);
#798=EDGE_CURVE('',#973,#973,#189,.T.);
#799=EDGE_CURVE('',#974,#974,#190,.T.);
#800=EDGE_CURVE('',#975,#938,#191,.T.);
#801=EDGE_CURVE('',#976,#975,#192,.T.);
#802=EDGE_CURVE('',#936,#976,#193,.T.);
#803=EDGE_CURVE('',#977,#934,#194,.T.);
#804=EDGE_CURVE('',#977,#978,#195,.T.);
#805=EDGE_CURVE('',#948,#978,#196,.T.);
#806=EDGE_CURVE('',#979,#946,#197,.T.);
#807=EDGE_CURVE('',#979,#980,#198,.T.);
#808=EDGE_CURVE('',#944,#980,#199,.T.);
#809=EDGE_CURVE('',#981,#942,#200,.T.);
#810=EDGE_CURVE('',#981,#982,#201,.T.);
#811=EDGE_CURVE('',#940,#982,#202,.T.);
#812=EDGE_CURVE('',#983,#983,#203,.T.);
#813=EDGE_CURVE('',#984,#984,#204,.T.);
#814=EDGE_CURVE('',#985,#985,#205,.T.);
#815=EDGE_CURVE('',#986,#933,#206,.T.);
#816=EDGE_CURVE('',#986,#987,#207,.T.);
#817=EDGE_CURVE('',#931,#987,#208,.F.);
#818=EDGE_CURVE('',#933,#931,#209,.T.);
#819=EDGE_CURVE('',#988,#988,#210,.T.);
#820=EDGE_CURVE('',#932,#989,#19,.T.);
#821=EDGE_CURVE('',#989,#986,#20,.F.);
#822=EDGE_CURVE('',#990,#990,#211,.T.);
#823=EDGE_CURVE('',#991,#991,#212,.T.);
#824=EDGE_CURVE('',#987,#930,#21,.T.);
#825=EDGE_CURVE('',#980,#992,#1027,.F.);
#826=EDGE_CURVE('',#993,#979,#1028,.T.);
#827=EDGE_CURVE('',#992,#993,#213,.T.);
#828=EDGE_CURVE('',#978,#994,#1029,.F.);
#829=EDGE_CURVE('',#995,#977,#1030,.T.);
#830=EDGE_CURVE('',#994,#995,#214,.T.);
#831=EDGE_CURVE('',#982,#996,#1031,.F.);
#832=EDGE_CURVE('',#997,#981,#1032,.T.);
#833=EDGE_CURVE('',#996,#997,#215,.T.);
#834=EDGE_CURVE('',#976,#998,#1033,.F.);
#835=EDGE_CURVE('',#999,#975,#1034,.T.);
#836=EDGE_CURVE('',#998,#999,#216,.T.);
#837=EDGE_CURVE('',#941,#996,#217,.F.);
#838=EDGE_CURVE('',#997,#943,#218,.F.);
#839=EDGE_CURVE('',#937,#998,#219,.F.);
#840=EDGE_CURVE('',#949,#994,#220,.F.);
#841=EDGE_CURVE('',#995,#935,#221,.F.);
#842=EDGE_CURVE('',#945,#992,#222,.F.);
#843=EDGE_CURVE('',#993,#947,#223,.F.);
#844=EDGE_CURVE('',#999,#939,#224,.F.);
#845=EDGE_CURVE('',#994,#960,#225,.T.);
#846=EDGE_CURVE('',#959,#949,#226,.T.);
#847=EDGE_CURVE('',#958,#947,#227,.T.);
#848=EDGE_CURVE('',#995,#961,#228,.T.);
#849=EDGE_CURVE('',#957,#993,#229,.T.);
#850=EDGE_CURVE('',#935,#962,#230,.T.);
#851=EDGE_CURVE('',#956,#992,#231,.T.);
#852=EDGE_CURVE('',#937,#963,#232,.T.);
#853=EDGE_CURVE('',#955,#945,#233,.T.);
#854=EDGE_CURVE('',#998,#964,#234,.T.);
#855=EDGE_CURVE('',#954,#943,#235,.T.);
#856=EDGE_CURVE('',#999,#965,#236,.T.);
#857=EDGE_CURVE('',#952,#997,#237,.T.);
#858=EDGE_CURVE('',#939,#966,#238,.T.);
#859=EDGE_CURVE('',#953,#996,#239,.T.);
#860=EDGE_CURVE('',#941,#967,#240,.T.);
#861=EDGE_CURVE('',#1000,#1000,#241,.F.);
#862=EDGE_CURVE('',#989,#1001,#242,.F.);
#863=EDGE_CURVE('',#1001,#1002,#22,.T.);
#864=EDGE_CURVE('',#1002,#989,#243,.F.);
#865=EDGE_CURVE('',#1001,#930,#244,.T.);
#866=EDGE_CURVE('',#987,#1002,#245,.T.);
#867=VERTEX_POINT('',#2355);
#868=VERTEX_POINT('',#2356);
#869=VERTEX_POINT('',#2358);
#870=VERTEX_POINT('',#2360);
#871=VERTEX_POINT('',#2364);
#872=VERTEX_POINT('',#2365);
#873=VERTEX_POINT('',#2367);
#874=VERTEX_POINT('',#2369);
#875=VERTEX_POINT('',#2373);
#876=VERTEX_POINT('',#2374);
#877=VERTEX_POINT('',#2376);
#878=VERTEX_POINT('',#2378);
#879=VERTEX_POINT('',#2382);
#880=VERTEX_POINT('',#2383);
#881=VERTEX_POINT('',#2385);
#882=VERTEX_POINT('',#2387);
#883=VERTEX_POINT('',#2391);
#884=VERTEX_POINT('',#2392);
#885=VERTEX_POINT('',#2394);
#886=VERTEX_POINT('',#2396);
#887=VERTEX_POINT('',#2398);
#888=VERTEX_POINT('',#2400);
#889=VERTEX_POINT('',#2402);
#890=VERTEX_POINT('',#2404);
#891=VERTEX_POINT('',#2406);
#892=VERTEX_POINT('',#2408);
#893=VERTEX_POINT('',#2410);
#894=VERTEX_POINT('',#2412);
#895=VERTEX_POINT('',#2414);
#896=VERTEX_POINT('',#2416);
#897=VERTEX_POINT('',#2418);
#898=VERTEX_POINT('',#2420);
#899=VERTEX_POINT('',#2423);
#900=VERTEX_POINT('',#2425);
#901=VERTEX_POINT('',#2427);
#902=VERTEX_POINT('',#2429);
#903=VERTEX_POINT('',#2432);
#904=VERTEX_POINT('',#2434);
#905=VERTEX_POINT('',#2436);
#906=VERTEX_POINT('',#2438);
#907=VERTEX_POINT('',#2440);
#908=VERTEX_POINT('',#2443);
#909=VERTEX_POINT('',#2445);
#910=VERTEX_POINT('',#2448);
#911=VERTEX_POINT('',#2450);
#912=VERTEX_POINT('',#2453);
#913=VERTEX_POINT('',#2455);
#914=VERTEX_POINT('',#2458);
#915=VERTEX_POINT('',#2460);
#916=VERTEX_POINT('',#2463);
#917=VERTEX_POINT('',#2466);
#918=VERTEX_POINT('',#2468);
#919=VERTEX_POINT('',#2471);
#920=VERTEX_POINT('',#2474);
#921=VERTEX_POINT('',#2477);
#922=VERTEX_POINT('',#2483);
#923=VERTEX_POINT('',#2485);
#924=VERTEX_POINT('',#2489);
#925=VERTEX_POINT('',#2491);
#926=VERTEX_POINT('',#2496);
#927=VERTEX_POINT('',#2498);
#928=VERTEX_POINT('',#2504);
#929=VERTEX_POINT('',#2506);
#930=VERTEX_POINT('',#2559);
#931=VERTEX_POINT('',#2560);
#932=VERTEX_POINT('',#2562);
#933=VERTEX_POINT('',#2564);
#934=VERTEX_POINT('',#2568);
#935=VERTEX_POINT('',#2569);
#936=VERTEX_POINT('',#2571);
#937=VERTEX_POINT('',#2573);
#938=VERTEX_POINT('',#2577);
#939=VERTEX_POINT('',#2578);
#940=VERTEX_POINT('',#2580);
#941=VERTEX_POINT('',#2582);
#942=VERTEX_POINT('',#2586);
#943=VERTEX_POINT('',#2587);
#944=VERTEX_POINT('',#2589);
#945=VERTEX_POINT('',#2591);
#946=VERTEX_POINT('',#2595);
#947=VERTEX_POINT('',#2596);
#948=VERTEX_POINT('',#2598);
#949=VERTEX_POINT('',#2600);
#950=VERTEX_POINT('',#2604);
#951=VERTEX_POINT('',#2606);
#952=VERTEX_POINT('',#2608);
#953=VERTEX_POINT('',#2609);
#954=VERTEX_POINT('',#2611);
#955=VERTEX_POINT('',#2613);
#956=VERTEX_POINT('',#2615);
#957=VERTEX_POINT('',#2617);
#958=VERTEX_POINT('',#2619);
#959=VERTEX_POINT('',#2621);
#960=VERTEX_POINT('',#2623);
#961=VERTEX_POINT('',#2625);
#962=VERTEX_POINT('',#2627);
#963=VERTEX_POINT('',#2629);
#964=VERTEX_POINT('',#2631);
#965=VERTEX_POINT('',#2633);
#966=VERTEX_POINT('',#2635);
#967=VERTEX_POINT('',#2637);
#968=VERTEX_POINT('',#2640);
#969=VERTEX_POINT('',#2642);
#970=VERTEX_POINT('',#2644);
#971=VERTEX_POINT('',#2646);
#972=VERTEX_POINT('',#2649);
#973=VERTEX_POINT('',#2651);
#974=VERTEX_POINT('',#2653);
#975=VERTEX_POINT('',#2655);
#976=VERTEX_POINT('',#2657);
#977=VERTEX_POINT('',#2660);
#978=VERTEX_POINT('',#2662);
#979=VERTEX_POINT('',#2665);
#980=VERTEX_POINT('',#2667);
#981=VERTEX_POINT('',#2670);
#982=VERTEX_POINT('',#2672);
#983=VERTEX_POINT('',#2675);
#984=VERTEX_POINT('',#2677);
#985=VERTEX_POINT('',#2680);
#986=VERTEX_POINT('',#2683);
#987=VERTEX_POINT('',#2685);
#988=VERTEX_POINT('',#2690);
#989=VERTEX_POINT('',#2696);
#990=VERTEX_POINT('',#2704);
#991=VERTEX_POINT('',#2707);
#992=VERTEX_POINT('',#2719);
#993=VERTEX_POINT('',#2721);
#994=VERTEX_POINT('',#2727);
#995=VERTEX_POINT('',#2729);
#996=VERTEX_POINT('',#2734);
#997=VERTEX_POINT('',#2736);
#998=VERTEX_POINT('',#2740);
#999=VERTEX_POINT('',#2742);
#1000=VERTEX_POINT('',#2795);
#1001=VERTEX_POINT('',#2798);
#1002=VERTEX_POINT('',#2806);
#1003=LINE('',#2354,#1035);
#1004=LINE('',#2359,#1036);
#1005=LINE('',#2363,#1037);
#1006=LINE('',#2368,#1038);
#1007=LINE('',#2372,#1039);
#1008=LINE('',#2377,#1040);
#1009=LINE('',#2381,#1041);
#1010=LINE('',#2386,#1042);
#1011=LINE('',#2482,#1043);
#1012=LINE('',#2486,#1044);
#1013=LINE('',#2488,#1045);
#1014=LINE('',#2492,#1046);
#1015=LINE('',#2495,#1047);
#1016=LINE('',#2499,#1048);
#1017=LINE('',#2503,#1049);
#1018=LINE('',#2507,#1050);
#1019=LINE('',#2567,#1051);
#1020=LINE('',#2572,#1052);
#1021=LINE('',#2576,#1053);
#1022=LINE('',#2581,#1054);
#1023=LINE('',#2585,#1055);
#1024=LINE('',#2590,#1056);
#1025=LINE('',#2594,#1057);
#1026=LINE('',#2599,#1058);
#1027=LINE('',#2718,#1059);
#1028=LINE('',#2720,#1060);
#1029=LINE('',#2726,#1061);
#1030=LINE('',#2728,#1062);
#1031=LINE('',#2733,#1063);
#1032=LINE('',#2735,#1064);
#1033=LINE('',#2739,#1065);
#1034=LINE('',#2741,#1066);
#1035=VECTOR('',#1786,1.);
#1036=VECTOR('',#1789,1.);
#1037=VECTOR('',#1794,1.);
#1038=VECTOR('',#1797,1.);
#1039=VECTOR('',#1802,1.);
#1040=VECTOR('',#1805,1.);
#1041=VECTOR('',#1810,1.);
#1042=VECTOR('',#1813,1.);
#1043=VECTOR('',#1924,1.);
#1044=VECTOR('',#1927,1.);
#1045=VECTOR('',#1930,1.);
#1046=VECTOR('',#1933,1.);
#1047=VECTOR('',#1938,1.);
#1048=VECTOR('',#1941,1.);
#1049=VECTOR('',#1948,1.);
#1050=VECTOR('',#1951,1.);
#1051=VECTOR('',#2062,1.);
#1052=VECTOR('',#2065,1.);
#1053=VECTOR('',#2070,1.);
#1054=VECTOR('',#2073,1.);
#1055=VECTOR('',#2078,1.);
#1056=VECTOR('',#2081,1.);
#1057=VECTOR('',#2086,1.);
#1058=VECTOR('',#2089,1.);
#1059=VECTOR('',#2206,1.);
#1060=VECTOR('',#2207,1.);
#1061=VECTOR('',#2216,1.);
#1062=VECTOR('',#2217,1.);
#1063=VECTOR('',#2224,1.);
#1064=VECTOR('',#2225,1.);
#1065=VECTOR('',#2230,1.);
#1066=VECTOR('',#2231,1.);
#1067=EDGE_LOOP('',(#246,#247,#248,#249));
#1068=EDGE_LOOP('',(#250,#251,#252,#253));
#1069=EDGE_LOOP('',(#254,#255,#256,#257));
#1070=EDGE_LOOP('',(#258,#259,#260,#261));
#1071=EDGE_LOOP('',(#262,#263,#264,#265,#266,#267,#268,#269,#270,#271,#272,
#273,#274,#275,#276,#277));
#1072=EDGE_LOOP('',(#278));
#1073=EDGE_LOOP('',(#279));
#1074=EDGE_LOOP('',(#280));
#1075=EDGE_LOOP('',(#281));
#1076=EDGE_LOOP('',(#282));
#1077=EDGE_LOOP('',(#283));
#1078=EDGE_LOOP('',(#284));
#1079=EDGE_LOOP('',(#285,#286,#287,#288,#289,#290,#291,#292,#293,#294,#295,
#296,#297,#298,#299,#300));
#1080=EDGE_LOOP('',(#301));
#1081=EDGE_LOOP('',(#302));
#1082=EDGE_LOOP('',(#303));
#1083=EDGE_LOOP('',(#304));
#1084=EDGE_LOOP('',(#305));
#1085=EDGE_LOOP('',(#306));
#1086=EDGE_LOOP('',(#307));
#1087=EDGE_LOOP('',(#308));
#1088=EDGE_LOOP('',(#309));
#1089=EDGE_LOOP('',(#310));
#1090=EDGE_LOOP('',(#311));
#1091=EDGE_LOOP('',(#312));
#1092=EDGE_LOOP('',(#313));
#1093=EDGE_LOOP('',(#314));
#1094=EDGE_LOOP('',(#315));
#1095=EDGE_LOOP('',(#316));
#1096=EDGE_LOOP('',(#317));
#1097=EDGE_LOOP('',(#318,#319,#320,#321));
#1098=EDGE_LOOP('',(#322,#323,#324,#325));
#1099=EDGE_LOOP('',(#326));
#1100=EDGE_LOOP('',(#327));
#1101=EDGE_LOOP('',(#328,#329,#330,#331));
#1102=EDGE_LOOP('',(#332));
#1103=EDGE_LOOP('',(#333));
#1104=EDGE_LOOP('',(#334));
#1105=EDGE_LOOP('',(#335));
#1106=EDGE_LOOP('',(#336,#337,#338,#339));
#1107=EDGE_LOOP('',(#340,#341,#342,#343));
#1108=EDGE_LOOP('',(#344,#345,#346,#347));
#1109=EDGE_LOOP('',(#348,#349,#350,#351));
#1110=EDGE_LOOP('',(#352,#353,#354,#355));
#1111=EDGE_LOOP('',(#356,#357,#358,#359));
#1112=EDGE_LOOP('',(#360,#361,#362,#363));
#1113=EDGE_LOOP('',(#364,#365,#366,#367));
#1114=EDGE_LOOP('',(#368,#369,#370,#371));
#1115=EDGE_LOOP('',(#372,#373,#374,#375));
#1116=EDGE_LOOP('',(#376,#377,#378,#379));
#1117=EDGE_LOOP('',(#380,#381,#382,#383));
#1118=EDGE_LOOP('',(#384,#385,#386,#387));
#1119=EDGE_LOOP('',(#388,#389,#390,#391));
#1120=EDGE_LOOP('',(#392,#393,#394,#395));
#1121=EDGE_LOOP('',(#396,#397,#398,#399));
#1122=EDGE_LOOP('',(#400,#401,#402,#403));
#1123=EDGE_LOOP('',(#404,#405,#406,#407));
#1124=EDGE_LOOP('',(#408,#409,#410,#411));
#1125=EDGE_LOOP('',(#412,#413,#414,#415));
#1126=EDGE_LOOP('',(#416,#417,#418,#419));
#1127=EDGE_LOOP('',(#420,#421,#422,#423));
#1128=EDGE_LOOP('',(#424,#425,#426,#427));
#1129=EDGE_LOOP('',(#428,#429,#430,#431));
#1130=EDGE_LOOP('',(#432,#433,#434,#435));
#1131=EDGE_LOOP('',(#436,#437,#438,#439));
#1132=EDGE_LOOP('',(#440,#441,#442,#443));
#1133=EDGE_LOOP('',(#444,#445,#446,#447));
#1134=EDGE_LOOP('',(#448,#449,#450,#451));
#1135=EDGE_LOOP('',(#452,#453,#454,#455));
#1136=EDGE_LOOP('',(#456));
#1137=EDGE_LOOP('',(#457));
#1138=EDGE_LOOP('',(#458,#459,#460,#461,#462,#463,#464,#465,#466,#467,#468,
#469,#470,#471,#472,#473));
#1139=EDGE_LOOP('',(#474));
#1140=EDGE_LOOP('',(#475));
#1141=EDGE_LOOP('',(#476));
#1142=EDGE_LOOP('',(#477));
#1143=EDGE_LOOP('',(#478));
#1144=EDGE_LOOP('',(#479));
#1145=EDGE_LOOP('',(#480));
#1146=EDGE_LOOP('',(#481,#482,#483,#484,#485,#486,#487,#488,#489,#490,#491,
#492,#493,#494,#495,#496));
#1147=EDGE_LOOP('',(#497));
#1148=EDGE_LOOP('',(#498));
#1149=EDGE_LOOP('',(#499));
#1150=EDGE_LOOP('',(#500));
#1151=EDGE_LOOP('',(#501,#502,#503,#504));
#1152=EDGE_LOOP('',(#505));
#1153=EDGE_LOOP('',(#506,#507,#508,#509));
#1154=EDGE_LOOP('',(#510));
#1155=EDGE_LOOP('',(#511));
#1156=EDGE_LOOP('',(#512));
#1157=EDGE_LOOP('',(#513));
#1158=EDGE_LOOP('',(#514));
#1159=EDGE_LOOP('',(#515,#516,#517));
#1160=EDGE_LOOP('',(#518));
#1161=EDGE_LOOP('',(#519,#520,#521,#522));
#1162=EDGE_LOOP('',(#523));
#1163=EDGE_LOOP('',(#524));
#1164=EDGE_LOOP('',(#525));
#1165=EDGE_LOOP('',(#526));
#1166=EDGE_LOOP('',(#527,#528,#529,#530));
#1167=EDGE_LOOP('',(#531));
#1168=EDGE_LOOP('',(#532));
#1169=EDGE_LOOP('',(#533,#534,#535,#536));
#1170=EDGE_LOOP('',(#537,#538,#539,#540));
#1171=EDGE_LOOP('',(#541));
#1172=EDGE_LOOP('',(#542));
#1173=EDGE_LOOP('',(#543,#544,#545,#546));
#1174=EDGE_LOOP('',(#547,#548,#549,#550));
#1175=EDGE_LOOP('',(#551,#552,#553,#554));
#1176=EDGE_LOOP('',(#555,#556,#557,#558));
#1177=EDGE_LOOP('',(#559,#560,#561,#562));
#1178=EDGE_LOOP('',(#563,#564,#565,#566));
#1179=EDGE_LOOP('',(#567,#568,#569,#570));
#1180=EDGE_LOOP('',(#571,#572,#573,#574));
#1181=EDGE_LOOP('',(#575,#576,#577,#578));
#1182=EDGE_LOOP('',(#579,#580,#581,#582));
#1183=EDGE_LOOP('',(#583,#584,#585,#586));
#1184=EDGE_LOOP('',(#587,#588,#589,#590));
#1185=EDGE_LOOP('',(#591,#592,#593,#594));
#1186=EDGE_LOOP('',(#595,#596,#597,#598));
#1187=EDGE_LOOP('',(#599,#600,#601,#602));
#1188=EDGE_LOOP('',(#603,#604,#605,#606));
#1189=EDGE_LOOP('',(#607,#608,#609,#610));
#1190=EDGE_LOOP('',(#611,#612,#613,#614));
#1191=EDGE_LOOP('',(#615,#616,#617,#618));
#1192=EDGE_LOOP('',(#619,#620,#621,#622));
#1193=EDGE_LOOP('',(#623,#624,#625,#626));
#1194=EDGE_LOOP('',(#627,#628,#629,#630));
#1195=EDGE_LOOP('',(#631,#632,#633,#634));
#1196=EDGE_LOOP('',(#635,#636,#637,#638));
#1197=EDGE_LOOP('',(#639));
#1198=EDGE_LOOP('',(#640,#641));
#1199=EDGE_LOOP('',(#642,#643,#644));
#1200=EDGE_LOOP('',(#645));
#1201=EDGE_LOOP('',(#646));
#1202=EDGE_LOOP('',(#647));
#1203=EDGE_LOOP('',(#648,#649,#650,#651));
#1204=EDGE_LOOP('',(#652,#653,#654,#655));
#1205=EDGE_LOOP('',(#656,#657,#658,#659));
#1206=FACE_BOUND('',#1067,.T.);
#1207=FACE_BOUND('',#1068,.T.);
#1208=FACE_BOUND('',#1069,.T.);
#1209=FACE_BOUND('',#1070,.T.);
#1210=FACE_BOUND('',#1071,.T.);
#1211=FACE_BOUND('',#1072,.T.);
#1212=FACE_BOUND('',#1073,.T.);
#1213=FACE_BOUND('',#1074,.T.);
#1214=FACE_BOUND('',#1075,.T.);
#1215=FACE_BOUND('',#1076,.T.);
#1216=FACE_BOUND('',#1077,.T.);
#1217=FACE_BOUND('',#1078,.T.);
#1218=FACE_BOUND('',#1079,.T.);
#1219=FACE_BOUND('',#1080,.T.);
#1220=FACE_BOUND('',#1081,.T.);
#1221=FACE_BOUND('',#1082,.T.);
#1222=FACE_BOUND('',#1083,.T.);
#1223=FACE_BOUND('',#1084,.T.);
#1224=FACE_BOUND('',#1085,.T.);
#1225=FACE_BOUND('',#1086,.T.);
#1226=FACE_BOUND('',#1087,.T.);
#1227=FACE_BOUND('',#1088,.T.);
#1228=FACE_BOUND('',#1089,.T.);
#1229=FACE_BOUND('',#1090,.T.);
#1230=FACE_BOUND('',#1091,.T.);
#1231=FACE_BOUND('',#1092,.T.);
#1232=FACE_BOUND('',#1093,.T.);
#1233=FACE_BOUND('',#1094,.T.);
#1234=FACE_BOUND('',#1095,.T.);
#1235=FACE_BOUND('',#1096,.T.);
#1236=FACE_BOUND('',#1097,.T.);
#1237=FACE_BOUND('',#1098,.T.);
#1238=FACE_BOUND('',#1099,.T.);
#1239=FACE_BOUND('',#1100,.T.);
#1240=FACE_BOUND('',#1101,.T.);
#1241=FACE_BOUND('',#1102,.T.);
#1242=FACE_BOUND('',#1103,.T.);
#1243=FACE_BOUND('',#1104,.T.);
#1244=FACE_BOUND('',#1105,.T.);
#1245=FACE_BOUND('',#1106,.T.);
#1246=FACE_BOUND('',#1107,.T.);
#1247=FACE_BOUND('',#1108,.T.);
#1248=FACE_BOUND('',#1109,.T.);
#1249=FACE_BOUND('',#1110,.T.);
#1250=FACE_BOUND('',#1111,.T.);
#1251=FACE_BOUND('',#1112,.T.);
#1252=FACE_BOUND('',#1113,.T.);
#1253=FACE_BOUND('',#1114,.T.);
#1254=FACE_BOUND('',#1115,.T.);
#1255=FACE_BOUND('',#1116,.T.);
#1256=FACE_BOUND('',#1117,.T.);
#1257=FACE_BOUND('',#1118,.T.);
#1258=FACE_BOUND('',#1119,.T.);
#1259=FACE_BOUND('',#1120,.T.);
#1260=FACE_BOUND('',#1121,.T.);
#1261=FACE_BOUND('',#1122,.T.);
#1262=FACE_BOUND('',#1123,.T.);
#1263=FACE_BOUND('',#1124,.T.);
#1264=FACE_BOUND('',#1125,.T.);
#1265=FACE_BOUND('',#1126,.T.);
#1266=FACE_BOUND('',#1127,.T.);
#1267=FACE_BOUND('',#1128,.T.);
#1268=FACE_BOUND('',#1129,.T.);
#1269=FACE_BOUND('',#1130,.T.);
#1270=FACE_BOUND('',#1131,.T.);
#1271=FACE_BOUND('',#1132,.T.);
#1272=FACE_BOUND('',#1133,.T.);
#1273=FACE_BOUND('',#1134,.T.);
#1274=FACE_BOUND('',#1135,.T.);
#1275=FACE_BOUND('',#1136,.T.);
#1276=FACE_BOUND('',#1137,.T.);
#1277=FACE_BOUND('',#1138,.T.);
#1278=FACE_BOUND('',#1139,.T.);
#1279=FACE_BOUND('',#1140,.T.);
#1280=FACE_BOUND('',#1141,.T.);
#1281=FACE_BOUND('',#1142,.T.);
#1282=FACE_BOUND('',#1143,.T.);
#1283=FACE_BOUND('',#1144,.T.);
#1284=FACE_BOUND('',#1145,.T.);
#1285=FACE_BOUND('',#1146,.T.);
#1286=FACE_BOUND('',#1147,.T.);
#1287=FACE_BOUND('',#1148,.T.);
#1288=FACE_BOUND('',#1149,.T.);
#1289=FACE_BOUND('',#1150,.T.);
#1290=FACE_BOUND('',#1151,.T.);
#1291=FACE_BOUND('',#1152,.T.);
#1292=FACE_BOUND('',#1153,.T.);
#1293=FACE_BOUND('',#1154,.T.);
#1294=FACE_BOUND('',#1155,.T.);
#1295=FACE_BOUND('',#1156,.T.);
#1296=FACE_BOUND('',#1157,.T.);
#1297=FACE_BOUND('',#1158,.T.);
#1298=FACE_BOUND('',#1159,.T.);
#1299=FACE_BOUND('',#1160,.T.);
#1300=FACE_BOUND('',#1161,.T.);
#1301=FACE_BOUND('',#1162,.T.);
#1302=FACE_BOUND('',#1163,.T.);
#1303=FACE_BOUND('',#1164,.T.);
#1304=FACE_BOUND('',#1165,.T.);
#1305=FACE_BOUND('',#1166,.T.);
#1306=FACE_BOUND('',#1167,.T.);
#1307=FACE_BOUND('',#1168,.T.);
#1308=FACE_BOUND('',#1169,.T.);
#1309=FACE_BOUND('',#1170,.T.);
#1310=FACE_BOUND('',#1171,.T.);
#1311=FACE_BOUND('',#1172,.T.);
#1312=FACE_BOUND('',#1173,.T.);
#1313=FACE_BOUND('',#1174,.T.);
#1314=FACE_BOUND('',#1175,.T.);
#1315=FACE_BOUND('',#1176,.T.);
#1316=FACE_BOUND('',#1177,.T.);
#1317=FACE_BOUND('',#1178,.T.);
#1318=FACE_BOUND('',#1179,.T.);
#1319=FACE_BOUND('',#1180,.T.);
#1320=FACE_BOUND('',#1181,.T.);
#1321=FACE_BOUND('',#1182,.T.);
#1322=FACE_BOUND('',#1183,.T.);
#1323=FACE_BOUND('',#1184,.T.);
#1324=FACE_BOUND('',#1185,.T.);
#1325=FACE_BOUND('',#1186,.T.);
#1326=FACE_BOUND('',#1187,.T.);
#1327=FACE_BOUND('',#1188,.T.);
#1328=FACE_BOUND('',#1189,.T.);
#1329=FACE_BOUND('',#1190,.T.);
#1330=FACE_BOUND('',#1191,.T.);
#1331=FACE_BOUND('',#1192,.T.);
#1332=FACE_BOUND('',#1193,.T.);
#1333=FACE_BOUND('',#1194,.T.);
#1334=FACE_BOUND('',#1195,.T.);
#1335=FACE_BOUND('',#1196,.T.);
#1336=FACE_BOUND('',#1197,.T.);
#1337=FACE_BOUND('',#1198,.T.);
#1338=FACE_BOUND('',#1199,.T.);
#1339=FACE_BOUND('',#1200,.T.);
#1340=FACE_BOUND('',#1201,.T.);
#1341=FACE_BOUND('',#1202,.T.);
#1342=FACE_BOUND('',#1203,.T.);
#1343=FACE_BOUND('',#1204,.T.);
#1344=FACE_BOUND('',#1205,.T.);
#1345=CYLINDRICAL_SURFACE('',#1514,0.034);
#1346=CYLINDRICAL_SURFACE('',#1517,0.034);
#1347=CYLINDRICAL_SURFACE('',#1520,0.034);
#1348=CYLINDRICAL_SURFACE('',#1523,0.034);
#1349=CYLINDRICAL_SURFACE('',#1565,0.024);
#1350=CYLINDRICAL_SURFACE('',#1570,0.0185);
#1351=CYLINDRICAL_SURFACE('',#1574,0.017);
#1352=CYLINDRICAL_SURFACE('',#1578,0.00155);
#1353=CYLINDRICAL_SURFACE('',#1579,0.005);
#1354=CYLINDRICAL_SURFACE('',#1581,0.005);
#1355=CYLINDRICAL_SURFACE('',#1583,0.00155);
#1356=CYLINDRICAL_SURFACE('',#1584,0.005);
#1357=CYLINDRICAL_SURFACE('',#1586,0.00155);
#1358=CYLINDRICAL_SURFACE('',#1587,0.00155);
#1359=CYLINDRICAL_SURFACE('',#1588,0.005);
#1360=CYLINDRICAL_SURFACE('',#1590,0.003);
#1361=CYLINDRICAL_SURFACE('',#1592,0.003);
#1362=CYLINDRICAL_SURFACE('',#1594,0.003);
#1363=CYLINDRICAL_SURFACE('',#1596,0.003);
#1364=CYLINDRICAL_SURFACE('',#1598,0.003);
#1365=CYLINDRICAL_SURFACE('',#1600,0.003);
#1366=CYLINDRICAL_SURFACE('',#1602,0.003);
#1367=CYLINDRICAL_SURFACE('',#1604,0.003);
#1368=CYLINDRICAL_SURFACE('',#1644,0.034);
#1369=CYLINDRICAL_SURFACE('',#1647,0.034);
#1370=CYLINDRICAL_SURFACE('',#1650,0.034);
#1371=CYLINDRICAL_SURFACE('',#1653,0.034);
#1372=CYLINDRICAL_SURFACE('',#1697,0.024);
#1373=CYLINDRICAL_SURFACE('',#1704,0.0185);
#1374=CYLINDRICAL_SURFACE('',#1708,0.017);
#1375=CYLINDRICAL_SURFACE('',#1712,0.005);
#1376=CYLINDRICAL_SURFACE('',#1714,0.00155);
#1377=CYLINDRICAL_SURFACE('',#1715,0.00155);
#1378=CYLINDRICAL_SURFACE('',#1716,0.005);
#1379=CYLINDRICAL_SURFACE('',#1718,0.00155);
#1380=CYLINDRICAL_SURFACE('',#1719,0.005);
#1381=CYLINDRICAL_SURFACE('',#1721,0.005);
#1382=CYLINDRICAL_SURFACE('',#1723,0.00155);
#1383=CYLINDRICAL_SURFACE('',#1724,0.003);
#1384=CYLINDRICAL_SURFACE('',#1726,0.003);
#1385=CYLINDRICAL_SURFACE('',#1728,0.003);
#1386=CYLINDRICAL_SURFACE('',#1730,0.003);
#1387=CYLINDRICAL_SURFACE('',#1732,0.003);
#1388=CYLINDRICAL_SURFACE('',#1734,0.003);
#1389=CYLINDRICAL_SURFACE('',#1736,0.003);
#1390=CYLINDRICAL_SURFACE('',#1738,0.003);
#1391=CYLINDRICAL_SURFACE('',#1772,0.00225);
#1392=CYLINDRICAL_SURFACE('',#1774,0.00225);
#1393=ADVANCED_FACE('',(#1206),#1345,.T.);
#1394=ADVANCED_FACE('',(#1207),#1346,.T.);
#1395=ADVANCED_FACE('',(#1208),#1347,.T.);
#1396=ADVANCED_FACE('',(#1209),#1348,.T.);
#1397=ADVANCED_FACE('',(#1210,#1211,#1212,#1213,#1214),#66,.F.);
#1398=ADVANCED_FACE('',(#1215,#1216,#1217,#1218,#1219,#1220),#67,.F.);
#1399=ADVANCED_FACE('',(#1221,#1222),#1349,.F.);
#1400=ADVANCED_FACE('',(#1223,#1224),#68,.F.);
#1401=ADVANCED_FACE('',(#1225,#1226),#1350,.T.);
#1402=ADVANCED_FACE('',(#1227,#1228),#27,.F.);
#1403=ADVANCED_FACE('',(#1229,#1230),#1351,.T.);
#1404=ADVANCED_FACE('',(#1231),#69,.F.);
#1405=ADVANCED_FACE('',(#1232,#1233),#28,.F.);
#1406=ADVANCED_FACE('',(#1234,#1235),#1352,.F.);
#1407=ADVANCED_FACE('',(#1236),#1353,.T.);
#1408=ADVANCED_FACE('',(#1237),#1354,.T.);
#1409=ADVANCED_FACE('',(#1238,#1239),#1355,.F.);
#1410=ADVANCED_FACE('',(#1240),#1356,.T.);
#1411=ADVANCED_FACE('',(#1241,#1242),#1357,.F.);
#1412=ADVANCED_FACE('',(#1243,#1244),#1358,.F.);
#1413=ADVANCED_FACE('',(#1245),#1359,.T.);
#1414=ADVANCED_FACE('',(#1246),#1360,.F.);
#1415=ADVANCED_FACE('',(#1247),#1361,.F.);
#1416=ADVANCED_FACE('',(#1248),#1362,.F.);
#1417=ADVANCED_FACE('',(#1249),#1363,.F.);
#1418=ADVANCED_FACE('',(#1250),#1364,.F.);
#1419=ADVANCED_FACE('',(#1251),#1365,.F.);
#1420=ADVANCED_FACE('',(#1252),#1366,.F.);
#1421=ADVANCED_FACE('',(#1253),#1367,.F.);
#1422=ADVANCED_FACE('',(#1254),#29,.T.);
#1423=ADVANCED_FACE('',(#1255),#30,.T.);
#1424=ADVANCED_FACE('',(#1256),#31,.T.);
#1425=ADVANCED_FACE('',(#1257),#32,.T.);
#1426=ADVANCED_FACE('',(#1258),#33,.T.);
#1427=ADVANCED_FACE('',(#1259),#34,.T.);
#1428=ADVANCED_FACE('',(#1260),#35,.T.);
#1429=ADVANCED_FACE('',(#1261),#36,.T.);
#1430=ADVANCED_FACE('',(#1262),#37,.T.);
#1431=ADVANCED_FACE('',(#1263),#38,.T.);
#1432=ADVANCED_FACE('',(#1264),#39,.T.);
#1433=ADVANCED_FACE('',(#1265),#40,.T.);
#1434=ADVANCED_FACE('',(#1266),#41,.T.);
#1435=ADVANCED_FACE('',(#1267),#42,.T.);
#1436=ADVANCED_FACE('',(#1268),#43,.T.);
#1437=ADVANCED_FACE('',(#1269),#44,.T.);
#1438=ADVANCED_FACE('',(#1270),#70,.F.);
#1439=ADVANCED_FACE('',(#1271),#1368,.T.);
#1440=ADVANCED_FACE('',(#1272),#1369,.T.);
#1441=ADVANCED_FACE('',(#1273),#1370,.T.);
#1442=ADVANCED_FACE('',(#1274),#1371,.T.);
#1443=ADVANCED_FACE('',(#1275,#1276,#1277,#1278,#1279,#1280,#1281),#71,
 .F.);
#1444=ADVANCED_FACE('',(#1282,#1283,#1284,#1285,#1286,#1287),#72,.F.);
#1445=ADVANCED_FACE('',(#1288,#1289),#1372,.F.);
#1446=ADVANCED_FACE('',(#1290),#73,.F.);
#1447=ADVANCED_FACE('',(#1291,#1292),#1373,.T.);
#1448=ADVANCED_FACE('',(#1293,#1294),#45,.F.);
#1449=ADVANCED_FACE('',(#1295,#1296),#1374,.T.);
#1450=ADVANCED_FACE('',(#1297),#74,.F.);
#1451=ADVANCED_FACE('',(#1298,#1299),#46,.F.);
#1452=ADVANCED_FACE('',(#1300),#1375,.T.);
#1453=ADVANCED_FACE('',(#1301,#1302),#1376,.F.);
#1454=ADVANCED_FACE('',(#1303,#1304),#1377,.F.);
#1455=ADVANCED_FACE('',(#1305),#1378,.T.);
#1456=ADVANCED_FACE('',(#1306,#1307),#1379,.F.);
#1457=ADVANCED_FACE('',(#1308),#1380,.T.);
#1458=ADVANCED_FACE('',(#1309),#1381,.T.);
#1459=ADVANCED_FACE('',(#1310,#1311),#1382,.F.);
#1460=ADVANCED_FACE('',(#1312),#1383,.F.);
#1461=ADVANCED_FACE('',(#1313),#1384,.F.);
#1462=ADVANCED_FACE('',(#1314),#1385,.F.);
#1463=ADVANCED_FACE('',(#1315),#1386,.F.);
#1464=ADVANCED_FACE('',(#1316),#1387,.F.);
#1465=ADVANCED_FACE('',(#1317),#1388,.F.);
#1466=ADVANCED_FACE('',(#1318),#1389,.F.);
#1467=ADVANCED_FACE('',(#1319),#1390,.F.);
#1468=ADVANCED_FACE('',(#1320),#47,.T.);
#1469=ADVANCED_FACE('',(#1321),#48,.T.);
#1470=ADVANCED_FACE('',(#1322),#49,.T.);
#1471=ADVANCED_FACE('',(#1323),#50,.T.);
#1472=ADVANCED_FACE('',(#1324),#51,.T.);
#1473=ADVANCED_FACE('',(#1325),#52,.T.);
#1474=ADVANCED_FACE('',(#1326),#53,.T.);
#1475=ADVANCED_FACE('',(#1327),#54,.T.);
#1476=ADVANCED_FACE('',(#1328),#55,.T.);
#1477=ADVANCED_FACE('',(#1329),#56,.T.);
#1478=ADVANCED_FACE('',(#1330),#57,.T.);
#1479=ADVANCED_FACE('',(#1331),#58,.T.);
#1480=ADVANCED_FACE('',(#1332),#59,.T.);
#1481=ADVANCED_FACE('',(#1333),#60,.T.);
#1482=ADVANCED_FACE('',(#1334),#61,.T.);
#1483=ADVANCED_FACE('',(#1335),#62,.T.);
#1484=ADVANCED_FACE('',(#1336,#1337),#1391,.F.);
#1485=ADVANCED_FACE('',(#1338,#1339),#1392,.F.);
#1486=ADVANCED_FACE('',(#1340,#1341),#63,.T.);
#1487=ADVANCED_FACE('',(#1342),#64,.T.);
#1488=ADVANCED_FACE('',(#1343),#65,.T.);
#1489=ADVANCED_FACE('',(#1344),#18,.T.);
#1490=CLOSED_SHELL('',(#1393,#1394,#1395,#1396,#1397,#1398,#1399,#1400,
#1401,#1402,#1403,#1404,#1405,#1406,#1407,#1408,#1409,#1410,#1411,#1412,
#1413,#1414,#1415,#1416,#1417,#1418,#1419,#1420,#1421,#1422,#1423,#1424,
#1425,#1426,#1427,#1428,#1429,#1430,#1431,#1432,#1433,#1434,#1435,#1436,
#1437));
#1491=CLOSED_SHELL('',(#1438,#1439,#1440,#1441,#1442,#1443,#1444,#1445,
#1446,#1447,#1448,#1449,#1450,#1451,#1452,#1453,#1454,#1455,#1456,#1457,
#1458,#1459,#1460,#1461,#1462,#1463,#1464,#1465,#1466,#1467,#1468,#1469,
#1470,#1471,#1472,#1473,#1474,#1475,#1476,#1477,#1478,#1479,#1480,#1481,
#1482,#1483,#1484,#1485,#1486,#1487,#1488,#1489));
#1492=STYLED_ITEM('',(#1494),#1507);
#1493=STYLED_ITEM('',(#1495),#1508);
#1494=PRESENTATION_STYLE_ASSIGNMENT((#1496));
#1495=PRESENTATION_STYLE_ASSIGNMENT((#1497));
#1496=SURFACE_STYLE_USAGE(.BOTH.,#1498);
#1497=SURFACE_STYLE_USAGE(.BOTH.,#1499);
#1498=SURFACE_SIDE_STYLE('',(#1500));
#1499=SURFACE_SIDE_STYLE('',(#1501));
#1500=SURFACE_STYLE_FILL_AREA(#1502);
#1501=SURFACE_STYLE_FILL_AREA(#1503);
#1502=FILL_AREA_STYLE('',(#1504));
#1503=FILL_AREA_STYLE('',(#1505));
#1504=FILL_AREA_STYLE_COLOUR('',#1506);
#1505=FILL_AREA_STYLE_COLOUR('',#1506);
#1506=COLOUR_RGB('',0.615686274509804,0.811764705882353,0.929411764705882);
#1507=MANIFOLD_SOLID_BREP('Bottom',#1490);
#1508=MANIFOLD_SOLID_BREP('Top',#1491);
#1509=SHAPE_DEFINITION_REPRESENTATION(#2846,#1511);
#1510=SHAPE_DEFINITION_REPRESENTATION(#2847,#1512);
#1511=SHAPE_REPRESENTATION('Bottom',(#1513),#2836);
#1512=SHAPE_REPRESENTATION('Top',(#1638),#2837);
#1513=AXIS2_PLACEMENT_3D('',#2352,#1782,#1783);
#1514=AXIS2_PLACEMENT_3D('',#2353,#1784,#1785);
#1515=AXIS2_PLACEMENT_3D('',#2357,#1787,#1788);
#1516=AXIS2_PLACEMENT_3D('',#2361,#1790,#1791);
#1517=AXIS2_PLACEMENT_3D('',#2362,#1792,#1793);
#1518=AXIS2_PLACEMENT_3D('',#2366,#1795,#1796);
#1519=AXIS2_PLACEMENT_3D('',#2370,#1798,#1799);
#1520=AXIS2_PLACEMENT_3D('',#2371,#1800,#1801);
#1521=AXIS2_PLACEMENT_3D('',#2375,#1803,#1804);
#1522=AXIS2_PLACEMENT_3D('',#2379,#1806,#1807);
#1523=AXIS2_PLACEMENT_3D('',#2380,#1808,#1809);
#1524=AXIS2_PLACEMENT_3D('',#2384,#1811,#1812);
#1525=AXIS2_PLACEMENT_3D('',#2388,#1814,#1815);
#1526=AXIS2_PLACEMENT_3D('',#2389,#1816,#1817);
#1527=AXIS2_PLACEMENT_3D('',#2390,#1818,#1819);
#1528=AXIS2_PLACEMENT_3D('',#2393,#1820,#1821);
#1529=AXIS2_PLACEMENT_3D('',#2395,#1822,#1823);
#1530=AXIS2_PLACEMENT_3D('',#2397,#1824,#1825);
#1531=AXIS2_PLACEMENT_3D('',#2399,#1826,#1827);
#1532=AXIS2_PLACEMENT_3D('',#2401,#1828,#1829);
#1533=AXIS2_PLACEMENT_3D('',#2403,#1830,#1831);
#1534=AXIS2_PLACEMENT_3D('',#2405,#1832,#1833);
#1535=AXIS2_PLACEMENT_3D('',#2407,#1834,#1835);
#1536=AXIS2_PLACEMENT_3D('',#2409,#1836,#1837);
#1537=AXIS2_PLACEMENT_3D('',#2411,#1838,#1839);
#1538=AXIS2_PLACEMENT_3D('',#2413,#1840,#1841);
#1539=AXIS2_PLACEMENT_3D('',#2415,#1842,#1843);
#1540=AXIS2_PLACEMENT_3D('',#2417,#1844,#1845);
#1541=AXIS2_PLACEMENT_3D('',#2419,#1846,#1847);
#1542=AXIS2_PLACEMENT_3D('',#2421,#1848,#1849);
#1543=AXIS2_PLACEMENT_3D('',#2422,#1850,#1851);
#1544=AXIS2_PLACEMENT_3D('',#2424,#1852,#1853);
#1545=AXIS2_PLACEMENT_3D('',#2426,#1854,#1855);
#1546=AXIS2_PLACEMENT_3D('',#2428,#1856,#1857);
#1547=AXIS2_PLACEMENT_3D('',#2430,#1858,#1859);
#1548=AXIS2_PLACEMENT_3D('',#2431,#1860,#1861);
#1549=AXIS2_PLACEMENT_3D('',#2433,#1862,#1863);
#1550=AXIS2_PLACEMENT_3D('',#2435,#1864,#1865);
#1551=AXIS2_PLACEMENT_3D('',#2437,#1866,#1867);
#1552=AXIS2_PLACEMENT_3D('',#2439,#1868,#1869);
#1553=AXIS2_PLACEMENT_3D('',#2441,#1870,#1871);
#1554=AXIS2_PLACEMENT_3D('',#2442,#1872,#1873);
#1555=AXIS2_PLACEMENT_3D('',#2444,#1874,#1875);
#1556=AXIS2_PLACEMENT_3D('',#2446,#1876,#1877);
#1557=AXIS2_PLACEMENT_3D('',#2447,#1878,#1879);
#1558=AXIS2_PLACEMENT_3D('',#2449,#1880,#1881);
#1559=AXIS2_PLACEMENT_3D('',#2451,#1882,#1883);
#1560=AXIS2_PLACEMENT_3D('',#2452,#1884,#1885);
#1561=AXIS2_PLACEMENT_3D('',#2454,#1886,#1887);
#1562=AXIS2_PLACEMENT_3D('',#2456,#1888,#1889);
#1563=AXIS2_PLACEMENT_3D('',#2457,#1890,#1891);
#1564=AXIS2_PLACEMENT_3D('',#2459,#1892,#1893);
#1565=AXIS2_PLACEMENT_3D('',#2461,#1894,#1895);
#1566=AXIS2_PLACEMENT_3D('',#2462,#1896,#1897);
#1567=AXIS2_PLACEMENT_3D('',#2464,#1898,#1899);
#1568=AXIS2_PLACEMENT_3D('',#2465,#1900,#1901);
#1569=AXIS2_PLACEMENT_3D('',#2467,#1902,#1903);
#1570=AXIS2_PLACEMENT_3D('',#2469,#1904,#1905);
#1571=AXIS2_PLACEMENT_3D('',#2470,#1906,#1907);
#1572=AXIS2_PLACEMENT_3D('',#2472,#1908,#1909);
#1573=AXIS2_PLACEMENT_3D('',#2473,#1910,#1911);
#1574=AXIS2_PLACEMENT_3D('',#2475,#1912,#1913);
#1575=AXIS2_PLACEMENT_3D('',#2476,#1914,#1915);
#1576=AXIS2_PLACEMENT_3D('',#2478,#1916,#1917);
#1577=AXIS2_PLACEMENT_3D('',#2479,#1918,#1919);
#1578=AXIS2_PLACEMENT_3D('',#2480,#1920,#1921);
#1579=AXIS2_PLACEMENT_3D('',#2481,#1922,#1923);
#1580=AXIS2_PLACEMENT_3D('',#2484,#1925,#1926);
#1581=AXIS2_PLACEMENT_3D('',#2487,#1928,#1929);
#1582=AXIS2_PLACEMENT_3D('',#2490,#1931,#1932);
#1583=AXIS2_PLACEMENT_3D('',#2493,#1934,#1935);
#1584=AXIS2_PLACEMENT_3D('',#2494,#1936,#1937);
#1585=AXIS2_PLACEMENT_3D('',#2497,#1939,#1940);
#1586=AXIS2_PLACEMENT_3D('',#2500,#1942,#1943);
#1587=AXIS2_PLACEMENT_3D('',#2501,#1944,#1945);
#1588=AXIS2_PLACEMENT_3D('',#2502,#1946,#1947);
#1589=AXIS2_PLACEMENT_3D('',#2505,#1949,#1950);
#1590=AXIS2_PLACEMENT_3D('',#2508,#1952,#1953);
#1591=AXIS2_PLACEMENT_3D('',#2509,#1954,#1955);
#1592=AXIS2_PLACEMENT_3D('',#2510,#1956,#1957);
#1593=AXIS2_PLACEMENT_3D('',#2511,#1958,#1959);
#1594=AXIS2_PLACEMENT_3D('',#2512,#1960,#1961);
#1595=AXIS2_PLACEMENT_3D('',#2513,#1962,#1963);
#1596=AXIS2_PLACEMENT_3D('',#2514,#1964,#1965);
#1597=AXIS2_PLACEMENT_3D('',#2515,#1966,#1967);
#1598=AXIS2_PLACEMENT_3D('',#2516,#1968,#1969);
#1599=AXIS2_PLACEMENT_3D('',#2517,#1970,#1971);
#1600=AXIS2_PLACEMENT_3D('',#2518,#1972,#1973);
#1601=AXIS2_PLACEMENT_3D('',#2519,#1974,#1975);
#1602=AXIS2_PLACEMENT_3D('',#2520,#1976,#1977);
#1603=AXIS2_PLACEMENT_3D('',#2521,#1978,#1979);
#1604=AXIS2_PLACEMENT_3D('',#2522,#1980,#1981);
#1605=AXIS2_PLACEMENT_3D('',#2523,#1982,#1983);
#1606=AXIS2_PLACEMENT_3D('',#2524,#1984,#1985);
#1607=AXIS2_PLACEMENT_3D('',#2525,#1986,#1987);
#1608=AXIS2_PLACEMENT_3D('',#2526,#1988,#1989);
#1609=AXIS2_PLACEMENT_3D('',#2527,#1990,#1991);
#1610=AXIS2_PLACEMENT_3D('',#2528,#1992,#1993);
#1611=AXIS2_PLACEMENT_3D('',#2529,#1994,#1995);
#1612=AXIS2_PLACEMENT_3D('',#2530,#1996,#1997);
#1613=AXIS2_PLACEMENT_3D('',#2531,#1998,#1999);
#1614=AXIS2_PLACEMENT_3D('',#2532,#2000,#2001);
#1615=AXIS2_PLACEMENT_3D('',#2533,#2002,#2003);
#1616=AXIS2_PLACEMENT_3D('',#2534,#2004,#2005);
#1617=AXIS2_PLACEMENT_3D('',#2535,#2006,#2007);
#1618=AXIS2_PLACEMENT_3D('',#2536,#2008,#2009);
#1619=AXIS2_PLACEMENT_3D('',#2537,#2010,#2011);
#1620=AXIS2_PLACEMENT_3D('',#2538,#2012,#2013);
#1621=AXIS2_PLACEMENT_3D('',#2539,#2014,#2015);
#1622=AXIS2_PLACEMENT_3D('',#2540,#2016,#2017);
#1623=AXIS2_PLACEMENT_3D('',#2541,#2018,#2019);
#1624=AXIS2_PLACEMENT_3D('',#2542,#2020,#2021);
#1625=AXIS2_PLACEMENT_3D('',#2543,#2022,#2023);
#1626=AXIS2_PLACEMENT_3D('',#2544,#2024,#2025);
#1627=AXIS2_PLACEMENT_3D('',#2545,#2026,#2027);
#1628=AXIS2_PLACEMENT_3D('',#2546,#2028,#2029);
#1629=AXIS2_PLACEMENT_3D('',#2547,#2030,#2031);
#1630=AXIS2_PLACEMENT_3D('',#2548,#2032,#2033);
#1631=AXIS2_PLACEMENT_3D('',#2549,#2034,#2035);
#1632=AXIS2_PLACEMENT_3D('',#2550,#2036,#2037);
#1633=AXIS2_PLACEMENT_3D('',#2551,#2038,#2039);
#1634=AXIS2_PLACEMENT_3D('',#2552,#2040,#2041);
#1635=AXIS2_PLACEMENT_3D('',#2553,#2042,#2043);
#1636=AXIS2_PLACEMENT_3D('',#2554,#2044,#2045);
#1637=AXIS2_PLACEMENT_3D('',#2555,#2046,#2047);
#1638=AXIS2_PLACEMENT_3D('',#2556,#2048,#2049);
#1639=AXIS2_PLACEMENT_3D('',#2557,#2050,#2051);
#1640=AXIS2_PLACEMENT_3D('',#2558,#2052,#2053);
#1641=AXIS2_PLACEMENT_3D('',#2561,#2054,#2055);
#1642=AXIS2_PLACEMENT_3D('',#2563,#2056,#2057);
#1643=AXIS2_PLACEMENT_3D('',#2565,#2058,#2059);
#1644=AXIS2_PLACEMENT_3D('',#2566,#2060,#2061);
#1645=AXIS2_PLACEMENT_3D('',#2570,#2063,#2064);
#1646=AXIS2_PLACEMENT_3D('',#2574,#2066,#2067);
#1647=AXIS2_PLACEMENT_3D('',#2575,#2068,#2069);
#1648=AXIS2_PLACEMENT_3D('',#2579,#2071,#2072);
#1649=AXIS2_PLACEMENT_3D('',#2583,#2074,#2075);
#1650=AXIS2_PLACEMENT_3D('',#2584,#2076,#2077);
#1651=AXIS2_PLACEMENT_3D('',#2588,#2079,#2080);
#1652=AXIS2_PLACEMENT_3D('',#2592,#2082,#2083);
#1653=AXIS2_PLACEMENT_3D('',#2593,#2084,#2085);
#1654=AXIS2_PLACEMENT_3D('',#2597,#2087,#2088);
#1655=AXIS2_PLACEMENT_3D('',#2601,#2090,#2091);
#1656=AXIS2_PLACEMENT_3D('',#2602,#2092,#2093);
#1657=AXIS2_PLACEMENT_3D('',#2603,#2094,#2095);
#1658=AXIS2_PLACEMENT_3D('',#2605,#2096,#2097);
#1659=AXIS2_PLACEMENT_3D('',#2607,#2098,#2099);
#1660=AXIS2_PLACEMENT_3D('',#2610,#2100,#2101);
#1661=AXIS2_PLACEMENT_3D('',#2612,#2102,#2103);
#1662=AXIS2_PLACEMENT_3D('',#2614,#2104,#2105);
#1663=AXIS2_PLACEMENT_3D('',#2616,#2106,#2107);
#1664=AXIS2_PLACEMENT_3D('',#2618,#2108,#2109);
#1665=AXIS2_PLACEMENT_3D('',#2620,#2110,#2111);
#1666=AXIS2_PLACEMENT_3D('',#2622,#2112,#2113);
#1667=AXIS2_PLACEMENT_3D('',#2624,#2114,#2115);
#1668=AXIS2_PLACEMENT_3D('',#2626,#2116,#2117);
#1669=AXIS2_PLACEMENT_3D('',#2628,#2118,#2119);
#1670=AXIS2_PLACEMENT_3D('',#2630,#2120,#2121);
#1671=AXIS2_PLACEMENT_3D('',#2632,#2122,#2123);
#1672=AXIS2_PLACEMENT_3D('',#2634,#2124,#2125);
#1673=AXIS2_PLACEMENT_3D('',#2636,#2126,#2127);
#1674=AXIS2_PLACEMENT_3D('',#2638,#2128,#2129);
#1675=AXIS2_PLACEMENT_3D('',#2639,#2130,#2131);
#1676=AXIS2_PLACEMENT_3D('',#2641,#2132,#2133);
#1677=AXIS2_PLACEMENT_3D('',#2643,#2134,#2135);
#1678=AXIS2_PLACEMENT_3D('',#2645,#2136,#2137);
#1679=AXIS2_PLACEMENT_3D('',#2647,#2138,#2139);
#1680=AXIS2_PLACEMENT_3D('',#2648,#2140,#2141);
#1681=AXIS2_PLACEMENT_3D('',#2650,#2142,#2143);
#1682=AXIS2_PLACEMENT_3D('',#2652,#2144,#2145);
#1683=AXIS2_PLACEMENT_3D('',#2654,#2146,#2147);
#1684=AXIS2_PLACEMENT_3D('',#2656,#2148,#2149);
#1685=AXIS2_PLACEMENT_3D('',#2658,#2150,#2151);
#1686=AXIS2_PLACEMENT_3D('',#2659,#2152,#2153);
#1687=AXIS2_PLACEMENT_3D('',#2661,#2154,#2155);
#1688=AXIS2_PLACEMENT_3D('',#2663,#2156,#2157);
#1689=AXIS2_PLACEMENT_3D('',#2664,#2158,#2159);
#1690=AXIS2_PLACEMENT_3D('',#2666,#2160,#2161);
#1691=AXIS2_PLACEMENT_3D('',#2668,#2162,#2163);
#1692=AXIS2_PLACEMENT_3D('',#2669,#2164,#2165);
#1693=AXIS2_PLACEMENT_3D('',#2671,#2166,#2167);
#1694=AXIS2_PLACEMENT_3D('',#2673,#2168,#2169);
#1695=AXIS2_PLACEMENT_3D('',#2674,#2170,#2171);
#1696=AXIS2_PLACEMENT_3D('',#2676,#2172,#2173);
#1697=AXIS2_PLACEMENT_3D('',#2678,#2174,#2175);
#1698=AXIS2_PLACEMENT_3D('',#2679,#2176,#2177);
#1699=AXIS2_PLACEMENT_3D('',#2681,#2178,#2179);
#1700=AXIS2_PLACEMENT_3D('',#2682,#2180,#2181);
#1701=AXIS2_PLACEMENT_3D('',#2684,#2182,#2183);
#1702=AXIS2_PLACEMENT_3D('',#2686,#2184,#2185);
#1703=AXIS2_PLACEMENT_3D('',#2687,#2186,#2187);
#1704=AXIS2_PLACEMENT_3D('',#2688,#2188,#2189);
#1705=AXIS2_PLACEMENT_3D('',#2689,#2190,#2191);
#1706=AXIS2_PLACEMENT_3D('',#2702,#2192,#2193);
#1707=AXIS2_PLACEMENT_3D('',#2703,#2194,#2195);
#1708=AXIS2_PLACEMENT_3D('',#2705,#2196,#2197);
#1709=AXIS2_PLACEMENT_3D('',#2706,#2198,#2199);
#1710=AXIS2_PLACEMENT_3D('',#2708,#2200,#2201);
#1711=AXIS2_PLACEMENT_3D('',#2709,#2202,#2203);
#1712=AXIS2_PLACEMENT_3D('',#2717,#2204,#2205);
#1713=AXIS2_PLACEMENT_3D('',#2722,#2208,#2209);
#1714=AXIS2_PLACEMENT_3D('',#2723,#2210,#2211);
#1715=AXIS2_PLACEMENT_3D('',#2724,#2212,#2213);
#1716=AXIS2_PLACEMENT_3D('',#2725,#2214,#2215);
#1717=AXIS2_PLACEMENT_3D('',#2730,#2218,#2219);
#1718=AXIS2_PLACEMENT_3D('',#2731,#2220,#2221);
#1719=AXIS2_PLACEMENT_3D('',#2732,#2222,#2223);
#1720=AXIS2_PLACEMENT_3D('',#2737,#2226,#2227);
#1721=AXIS2_PLACEMENT_3D('',#2738,#2228,#2229);
#1722=AXIS2_PLACEMENT_3D('',#2743,#2232,#2233);
#1723=AXIS2_PLACEMENT_3D('',#2744,#2234,#2235);
#1724=AXIS2_PLACEMENT_3D('',#2745,#2236,#2237);
#1725=AXIS2_PLACEMENT_3D('',#2746,#2238,#2239);
#1726=AXIS2_PLACEMENT_3D('',#2747,#2240,#2241);
#1727=AXIS2_PLACEMENT_3D('',#2748,#2242,#2243);
#1728=AXIS2_PLACEMENT_3D('',#2749,#2244,#2245);
#1729=AXIS2_PLACEMENT_3D('',#2750,#2246,#2247);
#1730=AXIS2_PLACEMENT_3D('',#2751,#2248,#2249);
#1731=AXIS2_PLACEMENT_3D('',#2752,#2250,#2251);
#1732=AXIS2_PLACEMENT_3D('',#2753,#2252,#2253);
#1733=AXIS2_PLACEMENT_3D('',#2754,#2254,#2255);
#1734=AXIS2_PLACEMENT_3D('',#2755,#2256,#2257);
#1735=AXIS2_PLACEMENT_3D('',#2756,#2258,#2259);
#1736=AXIS2_PLACEMENT_3D('',#2757,#2260,#2261);
#1737=AXIS2_PLACEMENT_3D('',#2758,#2262,#2263);
#1738=AXIS2_PLACEMENT_3D('',#2759,#2264,#2265);
#1739=AXIS2_PLACEMENT_3D('',#2760,#2266,#2267);
#1740=AXIS2_PLACEMENT_3D('',#2761,#2268,#2269);
#1741=AXIS2_PLACEMENT_3D('',#2762,#2270,#2271);
#1742=AXIS2_PLACEMENT_3D('',#2763,#2272,#2273);
#1743=AXIS2_PLACEMENT_3D('',#2764,#2274,#2275);
#1744=AXIS2_PLACEMENT_3D('',#2765,#2276,#2277);
#1745=AXIS2_PLACEMENT_3D('',#2766,#2278,#2279);
#1746=AXIS2_PLACEMENT_3D('',#2767,#2280,#2281);
#1747=AXIS2_PLACEMENT_3D('',#2768,#2282,#2283);
#1748=AXIS2_PLACEMENT_3D('',#2769,#2284,#2285);
#1749=AXIS2_PLACEMENT_3D('',#2770,#2286,#2287);
#1750=AXIS2_PLACEMENT_3D('',#2771,#2288,#2289);
#1751=AXIS2_PLACEMENT_3D('',#2772,#2290,#2291);
#1752=AXIS2_PLACEMENT_3D('',#2773,#2292,#2293);
#1753=AXIS2_PLACEMENT_3D('',#2774,#2294,#2295);
#1754=AXIS2_PLACEMENT_3D('',#2775,#2296,#2297);
#1755=AXIS2_PLACEMENT_3D('',#2776,#2298,#2299);
#1756=AXIS2_PLACEMENT_3D('',#2777,#2300,#2301);
#1757=AXIS2_PLACEMENT_3D('',#2778,#2302,#2303);
#1758=AXIS2_PLACEMENT_3D('',#2779,#2304,#2305);
#1759=AXIS2_PLACEMENT_3D('',#2780,#2306,#2307);
#1760=AXIS2_PLACEMENT_3D('',#2781,#2308,#2309);
#1761=AXIS2_PLACEMENT_3D('',#2782,#2310,#2311);
#1762=AXIS2_PLACEMENT_3D('',#2783,#2312,#2313);
#1763=AXIS2_PLACEMENT_3D('',#2784,#2314,#2315);
#1764=AXIS2_PLACEMENT_3D('',#2785,#2316,#2317);
#1765=AXIS2_PLACEMENT_3D('',#2786,#2318,#2319);
#1766=AXIS2_PLACEMENT_3D('',#2787,#2320,#2321);
#1767=AXIS2_PLACEMENT_3D('',#2788,#2322,#2323);
#1768=AXIS2_PLACEMENT_3D('',#2789,#2324,#2325);
#1769=AXIS2_PLACEMENT_3D('',#2790,#2326,#2327);
#1770=AXIS2_PLACEMENT_3D('',#2791,#2328,#2329);
#1771=AXIS2_PLACEMENT_3D('',#2792,#2330,#2331);
#1772=AXIS2_PLACEMENT_3D('',#2793,#2332,#2333);
#1773=AXIS2_PLACEMENT_3D('',#2794,#2334,#2335);
#1774=AXIS2_PLACEMENT_3D('',#2796,#2336,#2337);
#1775=AXIS2_PLACEMENT_3D('',#2797,#2338,#2339);
#1776=AXIS2_PLACEMENT_3D('',#2807,#2340,#2341);
#1777=AXIS2_PLACEMENT_3D('',#2808,#2342,#2343);
#1778=AXIS2_PLACEMENT_3D('',#2809,#2344,#2345);
#1779=AXIS2_PLACEMENT_3D('',#2810,#2346,#2347);
#1780=AXIS2_PLACEMENT_3D('',#2811,#2348,#2349);
#1781=AXIS2_PLACEMENT_3D('',#2812,#2350,#2351);
#1782=DIRECTION('',(0.,0.,1.));
#1783=DIRECTION('',(1.,0.,0.));
#1784=DIRECTION('',(0.,0.,-1.));
#1785=DIRECTION('',(-1.,0.,0.));
#1786=DIRECTION('',(0.,0.,-1.));
#1787=DIRECTION('',(0.,0.,1.));
#1788=DIRECTION('',(1.,0.,0.));
#1789=DIRECTION('',(0.,0.,-1.));
#1790=DIRECTION('',(0.,0.,-1.));
#1791=DIRECTION('',(-1.,0.,0.));
#1792=DIRECTION('',(0.,0.,-1.));
#1793=DIRECTION('',(-1.,0.,0.));
#1794=DIRECTION('',(0.,0.,-1.));
#1795=DIRECTION('',(0.,0.,1.));
#1796=DIRECTION('',(1.,0.,0.));
#1797=DIRECTION('',(0.,0.,-1.));
#1798=DIRECTION('',(0.,0.,-1.));
#1799=DIRECTION('',(-1.,0.,0.));
#1800=DIRECTION('',(0.,0.,-1.));
#1801=DIRECTION('',(-1.,0.,0.));
#1802=DIRECTION('',(0.,0.,-1.));
#1803=DIRECTION('',(0.,0.,1.));
#1804=DIRECTION('',(1.,0.,0.));
#1805=DIRECTION('',(0.,0.,-1.));
#1806=DIRECTION('',(0.,0.,-1.));
#1807=DIRECTION('',(-1.,0.,0.));
#1808=DIRECTION('',(0.,0.,-1.));
#1809=DIRECTION('',(-1.,0.,0.));
#1810=DIRECTION('',(0.,0.,-1.));
#1811=DIRECTION('',(0.,0.,1.));
#1812=DIRECTION('',(1.,0.,0.));
#1813=DIRECTION('',(0.,0.,-1.));
#1814=DIRECTION('',(0.,0.,-1.));
#1815=DIRECTION('',(-1.,0.,0.));
#1816=DIRECTION('',(0.,0.,1.));
#1817=DIRECTION('',(1.,0.,0.));
#1818=DIRECTION('',(0.,0.,1.));
#1819=DIRECTION('',(1.,0.,0.));
#1820=DIRECTION('',(0.,0.,1.));
#1821=DIRECTION('',(1.,0.,0.));
#1822=DIRECTION('',(0.,0.,1.));
#1823=DIRECTION('',(1.,0.,0.));
#1824=DIRECTION('',(0.,0.,1.));
#1825=DIRECTION('',(1.,0.,0.));
#1826=DIRECTION('',(0.,0.,1.));
#1827=DIRECTION('',(1.,0.,0.));
#1828=DIRECTION('',(0.,0.,1.));
#1829=DIRECTION('',(1.,0.,0.));
#1830=DIRECTION('',(0.,0.,1.));
#1831=DIRECTION('',(1.,0.,0.));
#1832=DIRECTION('',(0.,0.,1.));
#1833=DIRECTION('',(1.,0.,0.));
#1834=DIRECTION('',(0.,0.,1.));
#1835=DIRECTION('',(1.,0.,0.));
#1836=DIRECTION('',(0.,0.,1.));
#1837=DIRECTION('',(1.,0.,0.));
#1838=DIRECTION('',(0.,0.,1.));
#1839=DIRECTION('',(1.,0.,0.));
#1840=DIRECTION('',(0.,0.,1.));
#1841=DIRECTION('',(1.,0.,0.));
#1842=DIRECTION('',(0.,0.,1.));
#1843=DIRECTION('',(1.,0.,0.));
#1844=DIRECTION('',(0.,0.,1.));
#1845=DIRECTION('',(1.,0.,0.));
#1846=DIRECTION('',(0.,0.,1.));
#1847=DIRECTION('',(1.,0.,0.));
#1848=DIRECTION('',(0.,0.,1.));
#1849=DIRECTION('',(1.,0.,0.));
#1850=DIRECTION('',(0.,0.,1.));
#1851=DIRECTION('',(1.,0.,0.));
#1852=DIRECTION('',(0.,0.,1.));
#1853=DIRECTION('',(1.,0.,0.));
#1854=DIRECTION('',(0.,0.,1.));
#1855=DIRECTION('',(1.,0.,0.));
#1856=DIRECTION('',(0.,0.,1.));
#1857=DIRECTION('',(1.,0.,0.));
#1858=DIRECTION('',(0.,0.,-1.));
#1859=DIRECTION('',(-1.,0.,0.));
#1860=DIRECTION('',(0.,0.,1.));
#1861=DIRECTION('',(1.,0.,0.));
#1862=DIRECTION('',(0.,0.,1.));
#1863=DIRECTION('',(1.,0.,0.));
#1864=DIRECTION('',(0.,0.,1.));
#1865=DIRECTION('',(1.,0.,0.));
#1866=DIRECTION('',(0.,0.,-1.));
#1867=DIRECTION('',(-1.,0.,0.));
#1868=DIRECTION('',(0.,0.,-1.));
#1869=DIRECTION('',(1.,0.,0.));
#1870=DIRECTION('',(0.,0.,-1.));
#1871=DIRECTION('',(-1.,0.,0.));
#1872=DIRECTION('',(0.,0.,-1.));
#1873=DIRECTION('',(-1.,0.,0.));
#1874=DIRECTION('',(0.,0.,-1.));
#1875=DIRECTION('',(1.,0.,0.));
#1876=DIRECTION('',(0.,0.,-1.));
#1877=DIRECTION('',(-1.,0.,0.));
#1878=DIRECTION('',(0.,0.,-1.));
#1879=DIRECTION('',(-1.,0.,0.));
#1880=DIRECTION('',(0.,0.,-1.));
#1881=DIRECTION('',(1.,0.,0.));
#1882=DIRECTION('',(0.,0.,-1.));
#1883=DIRECTION('',(-1.,0.,0.));
#1884=DIRECTION('',(0.,0.,-1.));
#1885=DIRECTION('',(-1.,0.,0.));
#1886=DIRECTION('',(0.,0.,1.));
#1887=DIRECTION('',(1.,0.,0.));
#1888=DIRECTION('',(0.,0.,-1.));
#1889=DIRECTION('',(-1.,0.,0.));
#1890=DIRECTION('',(0.,0.,1.));
#1891=DIRECTION('',(1.,0.,0.));
#1892=DIRECTION('',(0.,0.,-1.));
#1893=DIRECTION('',(-1.,0.,0.));
#1894=DIRECTION('',(0.,0.,-1.));
#1895=DIRECTION('',(-1.,0.,0.));
#1896=DIRECTION('',(0.,0.,-1.));
#1897=DIRECTION('',(-1.,0.,0.));
#1898=DIRECTION('',(0.,0.,-1.));
#1899=DIRECTION('',(-1.,0.,0.));
#1900=DIRECTION('',(0.,0.,-1.));
#1901=DIRECTION('',(-1.,0.,0.));
#1902=DIRECTION('',(0.,0.,-1.));
#1903=DIRECTION('',(-1.,0.,0.));
#1904=DIRECTION('',(0.,0.,-1.));
#1905=DIRECTION('',(-1.,0.,0.));
#1906=DIRECTION('',(0.,0.,-1.));
#1907=DIRECTION('',(-1.,0.,0.));
#1908=DIRECTION('',(0.,0.,-1.));
#1909=DIRECTION('',(-1.,0.,0.));
#1910=DIRECTION('',(0.,0.,-1.));
#1911=DIRECTION('',(-1.,0.,0.));
#1912=DIRECTION('',(0.,0.,-1.));
#1913=DIRECTION('',(-1.,0.,0.));
#1914=DIRECTION('',(0.,0.,-1.));
#1915=DIRECTION('',(-1.,0.,0.));
#1916=DIRECTION('',(0.,0.,-1.));
#1917=DIRECTION('',(-1.,0.,0.));
#1918=DIRECTION('',(0.,0.,-1.));
#1919=DIRECTION('',(-1.,0.,0.));
#1920=DIRECTION('',(0.,0.,1.));
#1921=DIRECTION('',(1.,0.,0.));
#1922=DIRECTION('',(0.,0.,1.));
#1923=DIRECTION('',(1.,0.,0.));
#1924=DIRECTION('',(0.,0.,1.));
#1925=DIRECTION('',(0.,0.,1.));
#1926=DIRECTION('',(1.,0.,0.));
#1927=DIRECTION('',(0.,0.,1.));
#1928=DIRECTION('',(0.,0.,1.));
#1929=DIRECTION('',(1.,0.,0.));
#1930=DIRECTION('',(0.,0.,1.));
#1931=DIRECTION('',(0.,0.,1.));
#1932=DIRECTION('',(1.,0.,0.));
#1933=DIRECTION('',(0.,0.,1.));
#1934=DIRECTION('',(0.,0.,1.));
#1935=DIRECTION('',(1.,0.,0.));
#1936=DIRECTION('',(0.,0.,1.));
#1937=DIRECTION('',(1.,0.,0.));
#1938=DIRECTION('',(0.,0.,1.));
#1939=DIRECTION('',(0.,0.,1.));
#1940=DIRECTION('',(1.,0.,0.));
#1941=DIRECTION('',(0.,0.,1.));
#1942=DIRECTION('',(0.,0.,1.));
#1943=DIRECTION('',(1.,0.,0.));
#1944=DIRECTION('',(0.,0.,1.));
#1945=DIRECTION('',(1.,0.,0.));
#1946=DIRECTION('',(0.,0.,1.));
#1947=DIRECTION('',(1.,0.,0.));
#1948=DIRECTION('',(0.,0.,1.));
#1949=DIRECTION('',(0.,0.,1.));
#1950=DIRECTION('',(1.,0.,0.));
#1951=DIRECTION('',(0.,0.,1.));
#1952=DIRECTION('',(0.,0.,-1.));
#1953=DIRECTION('',(-1.,0.,0.));
#1954=DIRECTION('',(0.,0.,1.));
#1955=DIRECTION('',(1.,0.,0.));
#1956=DIRECTION('',(0.,0.,-1.));
#1957=DIRECTION('',(-1.,0.,0.));
#1958=DIRECTION('',(0.,0.,1.));
#1959=DIRECTION('',(1.,0.,0.));
#1960=DIRECTION('',(0.,0.,-1.));
#1961=DIRECTION('',(-1.,0.,0.));
#1962=DIRECTION('',(0.,0.,1.));
#1963=DIRECTION('',(1.,0.,0.));
#1964=DIRECTION('',(0.,0.,-1.));
#1965=DIRECTION('',(-1.,0.,0.));
#1966=DIRECTION('',(0.,0.,1.));
#1967=DIRECTION('',(1.,0.,0.));
#1968=DIRECTION('',(0.,0.,-1.));
#1969=DIRECTION('',(-1.,0.,0.));
#1970=DIRECTION('',(0.,0.,1.));
#1971=DIRECTION('',(1.,0.,0.));
#1972=DIRECTION('',(0.,0.,-1.));
#1973=DIRECTION('',(-1.,0.,0.));
#1974=DIRECTION('',(0.,0.,1.));
#1975=DIRECTION('',(1.,0.,0.));
#1976=DIRECTION('',(0.,0.,-1.));
#1977=DIRECTION('',(-1.,0.,0.));
#1978=DIRECTION('',(0.,0.,1.));
#1979=DIRECTION('',(1.,0.,0.));
#1980=DIRECTION('',(0.,0.,-1.));
#1981=DIRECTION('',(-1.,0.,0.));
#1982=DIRECTION('',(0.,0.,1.));
#1983=DIRECTION('',(1.,0.,0.));
#1984=DIRECTION('',(0.,0.,1.));
#1985=DIRECTION('',(1.,0.,0.));
#1986=DIRECTION('',(-0.756464519613005,0.654034731926879,0.));
#1987=DIRECTION('',(-0.654034731926879,-0.756464519613005,0.));
#1988=DIRECTION('',(0.842955735894212,0.537982924750449,0.));
#1989=DIRECTION('',(-0.537982924750449,0.842955735894212,0.));
#1990=DIRECTION('',(0.,0.,1.));
#1991=DIRECTION('',(1.,0.,0.));
#1992=DIRECTION('',(0.842955735894211,-0.537982924750451,0.));
#1993=DIRECTION('',(0.537982924750451,0.842955735894211,0.));
#1994=DIRECTION('',(0.,0.,1.));
#1995=DIRECTION('',(1.,0.,0.));
#1996=DIRECTION('',(0.654034731926879,-0.756464519613005,0.));
#1997=DIRECTION('',(0.756464519613005,0.654034731926879,0.));
#1998=DIRECTION('',(0.,0.,1.));
#1999=DIRECTION('',(1.,0.,0.));
#2000=DIRECTION('',(0.756464519613008,0.654034731926876,0.));
#2001=DIRECTION('',(-0.654034731926876,0.756464519613009,0.));
#2002=DIRECTION('',(0.,0.,1.));
#2003=DIRECTION('',(1.,0.,0.));
#2004=DIRECTION('',(-0.537982924750454,-0.842955735894209,0.));
#2005=DIRECTION('',(0.842955735894209,-0.537982924750454,0.));
#2006=DIRECTION('',(0.,0.,1.));
#2007=DIRECTION('',(1.,0.,0.));
#2008=DIRECTION('',(-0.654034731926883,-0.756464519613002,0.));
#2009=DIRECTION('',(0.756464519613002,-0.654034731926883,0.));
#2010=DIRECTION('',(0.,0.,1.));
#2011=DIRECTION('',(1.,0.,0.));
#2012=DIRECTION('',(0.537982924750449,-0.842955735894212,1.61683245685416E-15));
#2013=DIRECTION('',(0.842955735894212,0.537982924750449,0.));
#2014=DIRECTION('',(0.,0.,1.));
#2015=DIRECTION('',(1.,0.,0.));
#2016=DIRECTION('',(0.537982924750449,-0.842955735894212,0.));
#2017=DIRECTION('',(0.842955735894212,0.537982924750449,0.));
#2018=DIRECTION('',(0.,0.,1.));
#2019=DIRECTION('',(1.,0.,0.));
#2020=DIRECTION('',(-0.654034731926879,-0.756464519613005,7.10749429353771E-16));
#2021=DIRECTION('',(0.756464519613005,-0.654034731926879,0.));
#2022=DIRECTION('',(0.,0.,1.));
#2023=DIRECTION('',(1.,0.,0.));
#2024=DIRECTION('',(-0.537982924750451,-0.842955735894211,0.));
#2025=DIRECTION('',(0.842955735894211,-0.537982924750451,0.));
#2026=DIRECTION('',(0.,0.,1.));
#2027=DIRECTION('',(1.,0.,0.));
#2028=DIRECTION('',(0.756464519613005,0.654034731926879,4.53827761431102E-15));
#2029=DIRECTION('',(-0.654034731926879,0.756464519613005,0.));
#2030=DIRECTION('',(0.,0.,1.));
#2031=DIRECTION('',(1.,0.,0.));
#2032=DIRECTION('',(0.654034731926876,-0.756464519613008,0.));
#2033=DIRECTION('',(0.756464519613009,0.654034731926876,0.));
#2034=DIRECTION('',(0.,0.,1.));
#2035=DIRECTION('',(1.,0.,0.));
#2036=DIRECTION('',(0.842955735894212,-0.537982924750449,3.73300643695707E-15));
#2037=DIRECTION('',(0.537982924750449,0.842955735894212,0.));
#2038=DIRECTION('',(0.,0.,1.));
#2039=DIRECTION('',(1.,0.,0.));
#2040=DIRECTION('',(-0.756464519613002,0.654034731926883,0.));
#2041=DIRECTION('',(-0.654034731926883,-0.756464519613002,0.));
#2042=DIRECTION('',(0.,0.,1.));
#2043=DIRECTION('',(1.,0.,0.));
#2044=DIRECTION('',(0.842955735894212,0.537982924750449,-5.84918041705998E-15));
#2045=DIRECTION('',(-0.537982924750449,0.842955735894212,0.));
#2046=DIRECTION('',(0.,0.,1.));
#2047=DIRECTION('',(1.,0.,0.));
#2048=DIRECTION('',(0.,0.,1.));
#2049=DIRECTION('',(1.,0.,0.));
#2050=DIRECTION('',(0.,0.,1.));
#2051=DIRECTION('',(-1.,0.,0.));
#2052=DIRECTION('',(0.,0.,-1.));
#2053=DIRECTION('',(-1.,0.,0.));
#2054=DIRECTION('',(0.,0.,1.));
#2055=DIRECTION('',(1.,0.,0.));
#2056=DIRECTION('',(0.,0.,-1.));
#2057=DIRECTION('',(-1.,0.,0.));
#2058=DIRECTION('',(0.,0.,-1.));
#2059=DIRECTION('',(-1.,0.,0.));
#2060=DIRECTION('',(0.,0.,1.));
#2061=DIRECTION('',(-1.,0.,0.));
#2062=DIRECTION('',(0.,0.,1.));
#2063=DIRECTION('',(0.,0.,-1.));
#2064=DIRECTION('',(-1.,0.,0.));
#2065=DIRECTION('',(0.,0.,1.));
#2066=DIRECTION('',(0.,0.,1.));
#2067=DIRECTION('',(1.,0.,0.));
#2068=DIRECTION('',(0.,0.,1.));
#2069=DIRECTION('',(-1.,0.,0.));
#2070=DIRECTION('',(0.,0.,1.));
#2071=DIRECTION('',(0.,0.,-1.));
#2072=DIRECTION('',(-1.,0.,0.));
#2073=DIRECTION('',(0.,0.,1.));
#2074=DIRECTION('',(0.,0.,1.));
#2075=DIRECTION('',(1.,0.,0.));
#2076=DIRECTION('',(0.,0.,1.));
#2077=DIRECTION('',(-1.,0.,0.));
#2078=DIRECTION('',(0.,0.,1.));
#2079=DIRECTION('',(0.,0.,-1.));
#2080=DIRECTION('',(-1.,0.,0.));
#2081=DIRECTION('',(0.,0.,1.));
#2082=DIRECTION('',(0.,0.,1.));
#2083=DIRECTION('',(1.,0.,0.));
#2084=DIRECTION('',(0.,0.,1.));
#2085=DIRECTION('',(-1.,0.,0.));
#2086=DIRECTION('',(0.,0.,1.));
#2087=DIRECTION('',(0.,0.,-1.));
#2088=DIRECTION('',(-1.,0.,0.));
#2089=DIRECTION('',(0.,0.,1.));
#2090=DIRECTION('',(0.,0.,1.));
#2091=DIRECTION('',(1.,0.,0.));
#2092=DIRECTION('',(0.,0.,-1.));
#2093=DIRECTION('',(1.,0.,0.));
#2094=DIRECTION('',(0.,0.,-1.));
#2095=DIRECTION('',(-1.,0.,0.));
#2096=DIRECTION('',(0.,0.,-1.));
#2097=DIRECTION('',(-1.,0.,0.));
#2098=DIRECTION('',(0.,0.,1.));
#2099=DIRECTION('',(1.,0.,0.));
#2100=DIRECTION('',(0.,0.,1.));
#2101=DIRECTION('',(1.,0.,0.));
#2102=DIRECTION('',(0.,0.,1.));
#2103=DIRECTION('',(1.,0.,0.));
#2104=DIRECTION('',(0.,0.,1.));
#2105=DIRECTION('',(1.,0.,0.));
#2106=DIRECTION('',(0.,0.,1.));
#2107=DIRECTION('',(1.,0.,0.));
#2108=DIRECTION('',(0.,0.,1.));
#2109=DIRECTION('',(1.,0.,0.));
#2110=DIRECTION('',(0.,0.,1.));
#2111=DIRECTION('',(1.,0.,0.));
#2112=DIRECTION('',(0.,0.,1.));
#2113=DIRECTION('',(1.,0.,0.));
#2114=DIRECTION('',(0.,0.,1.));
#2115=DIRECTION('',(1.,0.,0.));
#2116=DIRECTION('',(0.,0.,1.));
#2117=DIRECTION('',(1.,0.,0.));
#2118=DIRECTION('',(0.,0.,1.));
#2119=DIRECTION('',(1.,0.,0.));
#2120=DIRECTION('',(0.,0.,1.));
#2121=DIRECTION('',(1.,0.,0.));
#2122=DIRECTION('',(0.,0.,1.));
#2123=DIRECTION('',(1.,0.,0.));
#2124=DIRECTION('',(0.,0.,1.));
#2125=DIRECTION('',(1.,0.,0.));
#2126=DIRECTION('',(0.,0.,1.));
#2127=DIRECTION('',(1.,0.,0.));
#2128=DIRECTION('',(0.,0.,1.));
#2129=DIRECTION('',(1.,0.,0.));
#2130=DIRECTION('',(0.,0.,1.));
#2131=DIRECTION('',(1.,0.,0.));
#2132=DIRECTION('',(0.,0.,1.));
#2133=DIRECTION('',(1.,0.,0.));
#2134=DIRECTION('',(0.,0.,1.));
#2135=DIRECTION('',(1.,0.,0.));
#2136=DIRECTION('',(0.,0.,1.));
#2137=DIRECTION('',(1.,0.,0.));
#2138=DIRECTION('',(0.,0.,1.));
#2139=DIRECTION('',(-1.,0.,0.));
#2140=DIRECTION('',(0.,0.,1.));
#2141=DIRECTION('',(1.,0.,0.));
#2142=DIRECTION('',(0.,0.,1.));
#2143=DIRECTION('',(1.,0.,0.));
#2144=DIRECTION('',(0.,0.,1.));
#2145=DIRECTION('',(1.,0.,0.));
#2146=DIRECTION('',(0.,0.,-1.));
#2147=DIRECTION('',(-1.,0.,0.));
#2148=DIRECTION('',(0.,0.,1.));
#2149=DIRECTION('',(1.,0.,0.));
#2150=DIRECTION('',(0.,0.,-1.));
#2151=DIRECTION('',(-1.,0.,0.));
#2152=DIRECTION('',(0.,0.,-1.));
#2153=DIRECTION('',(-1.,0.,0.));
#2154=DIRECTION('',(0.,0.,-1.));
#2155=DIRECTION('',(1.,0.,0.));
#2156=DIRECTION('',(0.,0.,-1.));
#2157=DIRECTION('',(-1.,0.,0.));
#2158=DIRECTION('',(0.,0.,-1.));
#2159=DIRECTION('',(-1.,0.,0.));
#2160=DIRECTION('',(0.,0.,-1.));
#2161=DIRECTION('',(1.,0.,0.));
#2162=DIRECTION('',(0.,0.,-1.));
#2163=DIRECTION('',(-1.,0.,0.));
#2164=DIRECTION('',(0.,0.,-1.));
#2165=DIRECTION('',(-1.,0.,0.));
#2166=DIRECTION('',(0.,0.,-1.));
#2167=DIRECTION('',(1.,0.,0.));
#2168=DIRECTION('',(0.,0.,-1.));
#2169=DIRECTION('',(-1.,0.,0.));
#2170=DIRECTION('',(0.,0.,1.));
#2171=DIRECTION('',(1.,0.,0.));
#2172=DIRECTION('',(0.,0.,-1.));
#2173=DIRECTION('',(-1.,0.,0.));
#2174=DIRECTION('',(0.,0.,1.));
#2175=DIRECTION('',(-1.,0.,0.));
#2176=DIRECTION('',(0.,0.,-1.));
#2177=DIRECTION('',(-1.,0.,0.));
#2178=DIRECTION('',(0.,0.,1.));
#2179=DIRECTION('',(-1.,0.,0.));
#2180=DIRECTION('',(0.,0.,-1.));
#2181=DIRECTION('',(-1.,0.,0.));
#2182=DIRECTION('',(0.,0.,1.));
#2183=DIRECTION('',(1.,0.,0.));
#2184=DIRECTION('',(0.,0.,-1.));
#2185=DIRECTION('',(-1.,0.,0.));
#2186=DIRECTION('',(0.,0.,-1.));
#2187=DIRECTION('',(-1.,0.,0.));
#2188=DIRECTION('',(0.,0.,1.));
#2189=DIRECTION('',(-1.,0.,0.));
#2190=DIRECTION('',(0.,0.,-1.));
#2191=DIRECTION('',(-1.,0.,0.));
#2192=DIRECTION('',(0.,0.,1.));
#2193=DIRECTION('',(-1.,0.,0.));
#2194=DIRECTION('',(0.,0.,-1.));
#2195=DIRECTION('',(-1.,0.,0.));
#2196=DIRECTION('',(0.,0.,1.));
#2197=DIRECTION('',(-1.,0.,0.));
#2198=DIRECTION('',(0.,0.,-1.));
#2199=DIRECTION('',(-1.,0.,0.));
#2200=DIRECTION('',(0.,0.,1.));
#2201=DIRECTION('',(-1.,0.,0.));
#2202=DIRECTION('',(0.,0.,1.));
#2203=DIRECTION('',(-1.,0.,0.));
#2204=DIRECTION('',(0.,0.,-1.));
#2205=DIRECTION('',(1.,0.,0.));
#2206=DIRECTION('',(0.,0.,-1.));
#2207=DIRECTION('',(0.,0.,-1.));
#2208=DIRECTION('',(0.,0.,1.));
#2209=DIRECTION('',(1.,0.,0.));
#2210=DIRECTION('',(0.,0.,-1.));
#2211=DIRECTION('',(1.,0.,0.));
#2212=DIRECTION('',(0.,0.,-1.));
#2213=DIRECTION('',(1.,0.,0.));
#2214=DIRECTION('',(0.,0.,-1.));
#2215=DIRECTION('',(1.,0.,0.));
#2216=DIRECTION('',(0.,0.,-1.));
#2217=DIRECTION('',(0.,0.,-1.));
#2218=DIRECTION('',(0.,0.,1.));
#2219=DIRECTION('',(1.,0.,0.));
#2220=DIRECTION('',(0.,0.,-1.));
#2221=DIRECTION('',(1.,0.,0.));
#2222=DIRECTION('',(0.,0.,-1.));
#2223=DIRECTION('',(1.,0.,0.));
#2224=DIRECTION('',(0.,0.,-1.));
#2225=DIRECTION('',(0.,0.,-1.));
#2226=DIRECTION('',(0.,0.,1.));
#2227=DIRECTION('',(1.,0.,0.));
#2228=DIRECTION('',(0.,0.,-1.));
#2229=DIRECTION('',(1.,0.,0.));
#2230=DIRECTION('',(0.,0.,-1.));
#2231=DIRECTION('',(0.,0.,-1.));
#2232=DIRECTION('',(0.,0.,1.));
#2233=DIRECTION('',(1.,0.,0.));
#2234=DIRECTION('',(0.,0.,-1.));
#2235=DIRECTION('',(1.,0.,0.));
#2236=DIRECTION('',(0.,0.,1.));
#2237=DIRECTION('',(-1.,0.,0.));
#2238=DIRECTION('',(0.,0.,1.));
#2239=DIRECTION('',(1.,0.,0.));
#2240=DIRECTION('',(0.,0.,1.));
#2241=DIRECTION('',(-1.,0.,0.));
#2242=DIRECTION('',(0.,0.,1.));
#2243=DIRECTION('',(1.,0.,0.));
#2244=DIRECTION('',(0.,0.,1.));
#2245=DIRECTION('',(-1.,0.,0.));
#2246=DIRECTION('',(0.,0.,1.));
#2247=DIRECTION('',(1.,0.,0.));
#2248=DIRECTION('',(0.,0.,1.));
#2249=DIRECTION('',(-1.,0.,0.));
#2250=DIRECTION('',(0.,0.,1.));
#2251=DIRECTION('',(1.,0.,0.));
#2252=DIRECTION('',(0.,0.,1.));
#2253=DIRECTION('',(-1.,0.,0.));
#2254=DIRECTION('',(0.,0.,1.));
#2255=DIRECTION('',(1.,0.,0.));
#2256=DIRECTION('',(0.,0.,1.));
#2257=DIRECTION('',(-1.,0.,0.));
#2258=DIRECTION('',(0.,0.,1.));
#2259=DIRECTION('',(1.,0.,0.));
#2260=DIRECTION('',(0.,0.,1.));
#2261=DIRECTION('',(-1.,0.,0.));
#2262=DIRECTION('',(0.,0.,1.));
#2263=DIRECTION('',(1.,0.,0.));
#2264=DIRECTION('',(0.,0.,1.));
#2265=DIRECTION('',(-1.,0.,0.));
#2266=DIRECTION('',(0.,0.,1.));
#2267=DIRECTION('',(1.,0.,0.));
#2268=DIRECTION('',(0.,0.,-1.));
#2269=DIRECTION('',(1.,0.,0.));
#2270=DIRECTION('',(0.756464519613005,-0.654034731926879,0.));
#2271=DIRECTION('',(-0.654034731926879,-0.756464519613005,0.));
#2272=DIRECTION('',(-0.842955735894212,-0.537982924750449,0.));
#2273=DIRECTION('',(-0.537982924750449,0.842955735894212,0.));
#2274=DIRECTION('',(0.,0.,-1.));
#2275=DIRECTION('',(1.,0.,0.));
#2276=DIRECTION('',(-0.842955735894211,0.537982924750451,0.));
#2277=DIRECTION('',(0.537982924750451,0.842955735894211,0.));
#2278=DIRECTION('',(0.,0.,-1.));
#2279=DIRECTION('',(1.,0.,0.));
#2280=DIRECTION('',(-0.654034731926879,0.756464519613005,0.));
#2281=DIRECTION('',(0.756464519613005,0.654034731926879,0.));
#2282=DIRECTION('',(0.,0.,-1.));
#2283=DIRECTION('',(1.,0.,0.));
#2284=DIRECTION('',(-0.756464519613008,-0.654034731926876,0.));
#2285=DIRECTION('',(-0.654034731926876,0.756464519613009,0.));
#2286=DIRECTION('',(0.,0.,-1.));
#2287=DIRECTION('',(1.,0.,0.));
#2288=DIRECTION('',(0.537982924750454,0.842955735894209,0.));
#2289=DIRECTION('',(0.842955735894209,-0.537982924750454,0.));
#2290=DIRECTION('',(0.,0.,-1.));
#2291=DIRECTION('',(1.,0.,0.));
#2292=DIRECTION('',(0.654034731926883,0.756464519613002,0.));
#2293=DIRECTION('',(0.756464519613002,-0.654034731926883,0.));
#2294=DIRECTION('',(0.,0.,-1.));
#2295=DIRECTION('',(1.,0.,0.));
#2296=DIRECTION('',(-0.537982924750449,0.842955735894212,1.61683245685416E-15));
#2297=DIRECTION('',(0.842955735894212,0.537982924750449,0.));
#2298=DIRECTION('',(0.,0.,-1.));
#2299=DIRECTION('',(1.,0.,0.));
#2300=DIRECTION('',(-0.537982924750449,0.842955735894212,0.));
#2301=DIRECTION('',(0.842955735894212,0.537982924750449,0.));
#2302=DIRECTION('',(0.,0.,-1.));
#2303=DIRECTION('',(1.,0.,0.));
#2304=DIRECTION('',(0.654034731926879,0.756464519613005,7.10749429353771E-16));
#2305=DIRECTION('',(0.756464519613005,-0.654034731926879,0.));
#2306=DIRECTION('',(0.,0.,-1.));
#2307=DIRECTION('',(1.,0.,0.));
#2308=DIRECTION('',(0.537982924750451,0.842955735894211,0.));
#2309=DIRECTION('',(0.842955735894211,-0.537982924750451,0.));
#2310=DIRECTION('',(0.,0.,-1.));
#2311=DIRECTION('',(1.,0.,0.));
#2312=DIRECTION('',(-0.756464519613005,-0.654034731926879,4.53827761431102E-15));
#2313=DIRECTION('',(-0.654034731926879,0.756464519613005,0.));
#2314=DIRECTION('',(0.,0.,-1.));
#2315=DIRECTION('',(1.,0.,0.));
#2316=DIRECTION('',(-0.654034731926876,0.756464519613008,0.));
#2317=DIRECTION('',(0.756464519613009,0.654034731926876,0.));
#2318=DIRECTION('',(0.,0.,-1.));
#2319=DIRECTION('',(1.,0.,0.));
#2320=DIRECTION('',(-0.842955735894212,0.537982924750449,3.73300643695707E-15));
#2321=DIRECTION('',(0.537982924750449,0.842955735894212,0.));
#2322=DIRECTION('',(0.,0.,-1.));
#2323=DIRECTION('',(1.,0.,0.));
#2324=DIRECTION('',(0.756464519613002,-0.654034731926883,0.));
#2325=DIRECTION('',(-0.654034731926883,-0.756464519613002,0.));
#2326=DIRECTION('',(0.,0.,-1.));
#2327=DIRECTION('',(1.,0.,0.));
#2328=DIRECTION('',(-0.842955735894212,-0.537982924750449,-5.84918041705998E-15));
#2329=DIRECTION('',(-0.537982924750449,0.842955735894212,0.));
#2330=DIRECTION('',(0.,0.,-1.));
#2331=DIRECTION('',(1.,0.,0.));
#2332=DIRECTION('',(0.,0.,-1.));
#2333=DIRECTION('',(-1.,0.,0.));
#2334=DIRECTION('',(0.,0.,-1.));
#2335=DIRECTION('',(-1.,0.,0.));
#2336=DIRECTION('',(0.,0.,-1.));
#2337=DIRECTION('',(-1.,0.,0.));
#2338=DIRECTION('',(0.,0.,1.));
#2339=DIRECTION('',(1.,0.,0.));
#2340=DIRECTION('',(0.,0.,1.));
#2341=DIRECTION('',(1.,0.,0.));
#2342=DIRECTION('',(0.,0.,-1.));
#2343=DIRECTION('',(-1.,0.,0.));
#2344=DIRECTION('',(0.,0.,1.));
#2345=DIRECTION('',(1.,0.,0.));
#2346=DIRECTION('',(-0.651529193697868,-0.758623562618119,0.));
#2347=DIRECTION('',(0.758623562618119,-0.651529193697868,0.));
#2348=DIRECTION('',(0.,0.,1.));
#2349=DIRECTION('',(1.,0.,0.));
#2350=DIRECTION('',(0.651529193697872,-0.758623562618115,0.));
#2351=DIRECTION('',(0.758623562618115,0.651529193697872,0.));
#2352=CARTESIAN_POINT('',(0.,0.,0.));
#2353=CARTESIAN_POINT('',(0.,0.,0.0045));
#2354=CARTESIAN_POINT('',(-0.0286604950204032,0.0182914194415154,0.0045));
#2355=CARTESIAN_POINT('',(-0.0286604950204032,0.0182914194415154,0.009));
#2356=CARTESIAN_POINT('',(-0.0286604950204032,0.0182914194415154,-0.0025));
#2357=CARTESIAN_POINT('',(0.,0.,-0.0025));
#2358=CARTESIAN_POINT('',(-0.0286604950204032,-0.0182914194415154,-0.0025));
#2359=CARTESIAN_POINT('',(-0.0286604950204032,-0.0182914194415154,0.0045));
#2360=CARTESIAN_POINT('',(-0.0286604950204032,-0.0182914194415154,0.009));
#2361=CARTESIAN_POINT('',(0.,0.,0.009));
#2362=CARTESIAN_POINT('',(0.,0.,0.0045));
#2363=CARTESIAN_POINT('',(-0.0182914194415154,-0.0286604950204032,0.0045));
#2364=CARTESIAN_POINT('',(-0.0182914194415154,-0.0286604950204032,0.009));
#2365=CARTESIAN_POINT('',(-0.0182914194415154,-0.0286604950204032,-0.0025));
#2366=CARTESIAN_POINT('',(0.,0.,-0.0025));
#2367=CARTESIAN_POINT('',(0.0182914194415154,-0.0286604950204032,-0.0025));
#2368=CARTESIAN_POINT('',(0.0182914194415154,-0.0286604950204032,0.0045));
#2369=CARTESIAN_POINT('',(0.0182914194415154,-0.0286604950204032,0.009));
#2370=CARTESIAN_POINT('',(0.,0.,0.009));
#2371=CARTESIAN_POINT('',(0.,0.,0.0045));
#2372=CARTESIAN_POINT('',(0.0286604950204032,-0.0182914194415154,0.0045));
#2373=CARTESIAN_POINT('',(0.0286604950204032,-0.0182914194415154,0.009));
#2374=CARTESIAN_POINT('',(0.0286604950204032,-0.0182914194415154,-0.0025));
#2375=CARTESIAN_POINT('',(0.,0.,-0.0025));
#2376=CARTESIAN_POINT('',(0.0286604950204032,0.0182914194415154,-0.0025));
#2377=CARTESIAN_POINT('',(0.0286604950204032,0.0182914194415154,0.0045));
#2378=CARTESIAN_POINT('',(0.0286604950204032,0.0182914194415154,0.009));
#2379=CARTESIAN_POINT('',(0.,0.,0.009));
#2380=CARTESIAN_POINT('',(0.,0.,0.0045));
#2381=CARTESIAN_POINT('',(0.0182914194415154,0.0286604950204032,0.0045));
#2382=CARTESIAN_POINT('',(0.0182914194415154,0.0286604950204032,0.009));
#2383=CARTESIAN_POINT('',(0.0182914194415154,0.0286604950204032,-0.0025));
#2384=CARTESIAN_POINT('',(0.,0.,-0.0025));
#2385=CARTESIAN_POINT('',(-0.0182914194415154,0.0286604950204032,-0.0025));
#2386=CARTESIAN_POINT('',(-0.0182914194415154,0.0286604950204032,0.0045));
#2387=CARTESIAN_POINT('',(-0.0182914194415154,0.0286604950204032,0.009));
#2388=CARTESIAN_POINT('',(0.,0.,0.009));
#2389=CARTESIAN_POINT('',(0.00925,0.,-0.003));
#2390=CARTESIAN_POINT('',(0.0251376460711818,-0.0251376460711818,-0.003));
#2391=CARTESIAN_POINT('',(0.0285417364094403,-0.0221944897775108,-0.003));
#2392=CARTESIAN_POINT('',(0.0221944897775108,-0.0285417364094403,-0.003));
#2393=CARTESIAN_POINT('',(0.0199053682157667,-0.0311893622280858,-0.003));
#2394=CARTESIAN_POINT('',(0.0180224279791402,-0.028239017152456,-0.003));
#2395=CARTESIAN_POINT('',(0.,0.,-0.003));
#2396=CARTESIAN_POINT('',(-0.0180224279791402,-0.028239017152456,-0.003));
#2397=CARTESIAN_POINT('',(-0.0199053682157667,-0.0311893622280858,-0.003));
#2398=CARTESIAN_POINT('',(-0.0221944897775108,-0.0285417364094403,-0.003));
#2399=CARTESIAN_POINT('',(-0.0251376460711818,-0.0251376460711818,-0.003));
#2400=CARTESIAN_POINT('',(-0.0285417364094403,-0.0221944897775108,-0.003));
#2401=CARTESIAN_POINT('',(-0.0311893622280858,-0.0199053682157667,-0.003));
#2402=CARTESIAN_POINT('',(-0.028239017152456,-0.0180224279791402,-0.003));
#2403=CARTESIAN_POINT('',(0.,0.,-0.003));
#2404=CARTESIAN_POINT('',(-0.028239017152456,0.0180224279791402,-0.003));
#2405=CARTESIAN_POINT('',(-0.0311893622280858,0.0199053682157667,-0.003));
#2406=CARTESIAN_POINT('',(-0.0285417364094403,0.0221944897775108,-0.003));
#2407=CARTESIAN_POINT('',(-0.0251376460711818,0.0251376460711818,-0.003));
#2408=CARTESIAN_POINT('',(-0.0221944897775108,0.0285417364094403,-0.003));
#2409=CARTESIAN_POINT('',(-0.0199053682157667,0.0311893622280858,-0.003));
#2410=CARTESIAN_POINT('',(-0.0180224279791402,0.028239017152456,-0.003));
#2411=CARTESIAN_POINT('',(0.,0.,-0.003));
#2412=CARTESIAN_POINT('',(0.0180224279791402,0.028239017152456,-0.003));
#2413=CARTESIAN_POINT('',(0.0199053682157667,0.0311893622280858,-0.003));
#2414=CARTESIAN_POINT('',(0.0221944897775108,0.0285417364094403,-0.003));
#2415=CARTESIAN_POINT('',(0.0251376460711818,0.0251376460711818,-0.003));
#2416=CARTESIAN_POINT('',(0.0285417364094403,0.0221944897775108,-0.003));
#2417=CARTESIAN_POINT('',(0.0311893622280858,0.0199053682157667,-0.003));
#2418=CARTESIAN_POINT('',(0.028239017152456,0.0180224279791402,-0.003));
#2419=CARTESIAN_POINT('',(0.,0.,-0.003));
#2420=CARTESIAN_POINT('',(0.028239017152456,-0.0180224279791402,-0.003));
#2421=CARTESIAN_POINT('',(0.0311893622280858,-0.0199053682157667,-0.003));
#2422=CARTESIAN_POINT('',(-0.0251376460711818,-0.0251376460711818,-0.003));
#2423=CARTESIAN_POINT('',(-0.0235876460711818,-0.0251376460711818,-0.003));
#2424=CARTESIAN_POINT('',(0.0251376460711818,-0.0251376460711818,-0.003));
#2425=CARTESIAN_POINT('',(0.0266876460711818,-0.0251376460711818,-0.003));
#2426=CARTESIAN_POINT('',(-0.0251376460711818,0.0251376460711818,-0.003));
#2427=CARTESIAN_POINT('',(-0.0235876460711818,0.0251376460711818,-0.003));
#2428=CARTESIAN_POINT('',(0.0251376460711818,0.0251376460711818,-0.003));
#2429=CARTESIAN_POINT('',(0.0266876460711818,0.0251376460711818,-0.003));
#2430=CARTESIAN_POINT('',(0.029,0.,0.009));
#2431=CARTESIAN_POINT('',(-0.0251376460711818,0.0251376460711818,0.009));
#2432=CARTESIAN_POINT('',(-0.0235876460711818,0.0251376460711818,0.009));
#2433=CARTESIAN_POINT('',(0.0251376460711818,-0.0251376460711818,0.009));
#2434=CARTESIAN_POINT('',(0.0266876460711818,-0.0251376460711818,0.009));
#2435=CARTESIAN_POINT('',(-0.0251376460711818,-0.0251376460711818,0.009));
#2436=CARTESIAN_POINT('',(-0.0235876460711818,-0.0251376460711818,0.009));
#2437=CARTESIAN_POINT('',(0.0199053682157667,-0.0311893622280858,0.009));
#2438=CARTESIAN_POINT('',(0.0218674724115474,-0.0289199686692468,0.009));
#2439=CARTESIAN_POINT('',(0.0251376460711818,-0.0251376460711818,0.009));
#2440=CARTESIAN_POINT('',(0.0289199686692468,-0.0218674724115474,0.009));
#2441=CARTESIAN_POINT('',(0.0311893622280858,-0.0199053682157667,0.009));
#2442=CARTESIAN_POINT('',(0.0311893622280858,0.0199053682157667,0.009));
#2443=CARTESIAN_POINT('',(0.0289199686692468,0.0218674724115474,0.009));
#2444=CARTESIAN_POINT('',(0.0251376460711818,0.0251376460711818,0.009));
#2445=CARTESIAN_POINT('',(0.0218674724115474,0.0289199686692468,0.009));
#2446=CARTESIAN_POINT('',(0.0199053682157667,0.0311893622280858,0.009));
#2447=CARTESIAN_POINT('',(-0.0199053682157667,0.0311893622280858,0.009));
#2448=CARTESIAN_POINT('',(-0.0218674724115474,0.0289199686692468,0.009));
#2449=CARTESIAN_POINT('',(-0.0251376460711818,0.0251376460711818,0.009));
#2450=CARTESIAN_POINT('',(-0.0289199686692468,0.0218674724115474,0.009));
#2451=CARTESIAN_POINT('',(-0.0311893622280858,0.0199053682157667,0.009));
#2452=CARTESIAN_POINT('',(-0.0311893622280858,-0.0199053682157667,0.009));
#2453=CARTESIAN_POINT('',(-0.0289199686692468,-0.0218674724115474,0.009));
#2454=CARTESIAN_POINT('',(-0.0251376460711818,-0.0251376460711818,0.009));
#2455=CARTESIAN_POINT('',(-0.0218674724115474,-0.0289199686692468,0.009));
#2456=CARTESIAN_POINT('',(-0.0199053682157667,-0.0311893622280858,0.009));
#2457=CARTESIAN_POINT('',(0.0251376460711818,0.0251376460711818,0.009));
#2458=CARTESIAN_POINT('',(0.0266876460711818,0.0251376460711818,0.009));
#2459=CARTESIAN_POINT('',(0.,0.,0.009));
#2460=CARTESIAN_POINT('',(-0.024,0.,0.009));
#2461=CARTESIAN_POINT('',(0.,0.,0.0045));
#2462=CARTESIAN_POINT('',(0.,0.,0.001));
#2463=CARTESIAN_POINT('',(-0.024,0.,0.001));
#2464=CARTESIAN_POINT('',(0.02125,0.,0.));
#2465=CARTESIAN_POINT('',(0.,0.,0.));
#2466=CARTESIAN_POINT('',(-0.023,0.,0.));
#2467=CARTESIAN_POINT('',(0.,0.,0.));
#2468=CARTESIAN_POINT('',(-0.0185,0.,0.));
#2469=CARTESIAN_POINT('',(0.,0.,0.0045));
#2470=CARTESIAN_POINT('',(0.,0.,0.000876275643042043));
#2471=CARTESIAN_POINT('',(-0.0185,0.,0.000876275643042043));
#2472=CARTESIAN_POINT('',(0.,0.,0.007));
#2473=CARTESIAN_POINT('',(0.,0.,0.007));
#2474=CARTESIAN_POINT('',(-0.017,0.,0.007));
#2475=CARTESIAN_POINT('',(0.,0.,0.0045));
#2476=CARTESIAN_POINT('',(0.,0.,0.009));
#2477=CARTESIAN_POINT('',(-0.017,0.,0.009));
#2478=CARTESIAN_POINT('',(0.0085,0.,0.009));
#2479=CARTESIAN_POINT('',(0.,0.,0.001));
#2480=CARTESIAN_POINT('',(0.0251376460711818,0.0251376460711818,-0.003002));
#2481=CARTESIAN_POINT('',(0.0251376460711818,0.0251376460711818,-0.003002));
#2482=CARTESIAN_POINT('',(0.0289199686692468,0.0218674724115474,-0.003002));
#2483=CARTESIAN_POINT('',(0.0289199686692468,0.0218674724115474,-0.0025));
#2484=CARTESIAN_POINT('',(0.0251376460711818,0.0251376460711818,-0.0025));
#2485=CARTESIAN_POINT('',(0.0218674724115474,0.0289199686692468,-0.0025));
#2486=CARTESIAN_POINT('',(0.0218674724115474,0.0289199686692468,-0.003002));
#2487=CARTESIAN_POINT('',(-0.0251376460711818,0.0251376460711818,-0.003002));
#2488=CARTESIAN_POINT('',(-0.0218674724115474,0.0289199686692468,-0.003002));
#2489=CARTESIAN_POINT('',(-0.0218674724115474,0.0289199686692468,-0.0025));
#2490=CARTESIAN_POINT('',(-0.0251376460711818,0.0251376460711818,-0.0025));
#2491=CARTESIAN_POINT('',(-0.0289199686692468,0.0218674724115474,-0.0025));
#2492=CARTESIAN_POINT('',(-0.0289199686692468,0.0218674724115474,-0.003002));
#2493=CARTESIAN_POINT('',(-0.0251376460711818,0.0251376460711818,-0.003002));
#2494=CARTESIAN_POINT('',(0.0251376460711818,-0.0251376460711818,-0.003002));
#2495=CARTESIAN_POINT('',(0.0218674724115474,-0.0289199686692468,-0.003002));
#2496=CARTESIAN_POINT('',(0.0218674724115474,-0.0289199686692468,-0.0025));
#2497=CARTESIAN_POINT('',(0.0251376460711818,-0.0251376460711818,-0.0025));
#2498=CARTESIAN_POINT('',(0.0289199686692468,-0.0218674724115474,-0.0025));
#2499=CARTESIAN_POINT('',(0.0289199686692468,-0.0218674724115474,-0.003002));
#2500=CARTESIAN_POINT('',(0.0251376460711818,-0.0251376460711818,-0.003002));
#2501=CARTESIAN_POINT('',(-0.0251376460711818,-0.0251376460711818,-0.003002));
#2502=CARTESIAN_POINT('',(-0.0251376460711818,-0.0251376460711818,-0.003002));
#2503=CARTESIAN_POINT('',(-0.0289199686692468,-0.0218674724115474,-0.003002));
#2504=CARTESIAN_POINT('',(-0.0289199686692468,-0.0218674724115474,-0.0025));
#2505=CARTESIAN_POINT('',(-0.0251376460711818,-0.0251376460711818,-0.0025));
#2506=CARTESIAN_POINT('',(-0.0218674724115474,-0.0289199686692468,-0.0025));
#2507=CARTESIAN_POINT('',(-0.0218674724115474,-0.0289199686692468,-0.003002));
#2508=CARTESIAN_POINT('',(0.0199053682157667,-0.0311893622280858,-0.003002));
#2509=CARTESIAN_POINT('',(0.0199053682157667,-0.0311893622280858,-0.0025));
#2510=CARTESIAN_POINT('',(0.0311893622280858,-0.0199053682157667,0.0045));
#2511=CARTESIAN_POINT('',(0.0311893622280858,-0.0199053682157667,-0.0025));
#2512=CARTESIAN_POINT('',(-0.0311893622280858,-0.0199053682157667,-0.003002));
#2513=CARTESIAN_POINT('',(-0.0311893622280858,-0.0199053682157667,-0.0025));
#2514=CARTESIAN_POINT('',(-0.0199053682157667,0.0311893622280858,-0.003002));
#2515=CARTESIAN_POINT('',(-0.0199053682157667,0.0311893622280858,-0.0025));
#2516=CARTESIAN_POINT('',(-0.0311893622280858,0.0199053682157667,0.0045));
#2517=CARTESIAN_POINT('',(-0.0311893622280858,0.0199053682157667,-0.0025));
#2518=CARTESIAN_POINT('',(0.0311893622280858,0.0199053682157667,-0.003002));
#2519=CARTESIAN_POINT('',(0.0311893622280858,0.0199053682157667,-0.0025));
#2520=CARTESIAN_POINT('',(0.0199053682157667,0.0311893622280858,0.0045));
#2521=CARTESIAN_POINT('',(0.0199053682157667,0.0311893622280858,-0.0025));
#2522=CARTESIAN_POINT('',(-0.0199053682157667,-0.0311893622280858,0.0045));
#2523=CARTESIAN_POINT('',(-0.0199053682157667,-0.0311893622280858,-0.0025));
#2524=CARTESIAN_POINT('',(-0.0199053682157667,0.0311893622280858,-0.0025));
#2525=CARTESIAN_POINT('',(-0.0221944897775108,0.0285417364094403,-0.0025));
#2526=CARTESIAN_POINT('',(-0.0180224279791402,0.028239017152456,-0.0025));
#2527=CARTESIAN_POINT('',(0.,0.,-0.0025));
#2528=CARTESIAN_POINT('',(0.0180224279791402,0.028239017152456,-0.0025));
#2529=CARTESIAN_POINT('',(-0.0251376460711818,0.0251376460711818,-0.0025));
#2530=CARTESIAN_POINT('',(-0.0285417364094403,0.0221944897775108,-0.0025));
#2531=CARTESIAN_POINT('',(0.0199053682157667,0.0311893622280858,-0.0025));
#2532=CARTESIAN_POINT('',(0.0221944897775108,0.0285417364094403,-0.0025));
#2533=CARTESIAN_POINT('',(-0.0311893622280858,0.0199053682157667,-0.0025));
#2534=CARTESIAN_POINT('',(-0.028239017152456,0.0180224279791402,-0.0025));
#2535=CARTESIAN_POINT('',(0.0251376460711818,0.0251376460711818,-0.0025));
#2536=CARTESIAN_POINT('',(0.0285417364094403,0.0221944897775108,-0.0025));
#2537=CARTESIAN_POINT('',(0.,0.,-0.0025));
#2538=CARTESIAN_POINT('',(-0.028239017152456,-0.0180224279791402,-0.0025));
#2539=CARTESIAN_POINT('',(0.0311893622280858,0.0199053682157667,-0.0025));
#2540=CARTESIAN_POINT('',(0.028239017152456,0.0180224279791402,-0.0025));
#2541=CARTESIAN_POINT('',(-0.0311893622280858,-0.0199053682157667,-0.0025));
#2542=CARTESIAN_POINT('',(-0.0285417364094403,-0.0221944897775108,-0.0025));
#2543=CARTESIAN_POINT('',(0.,0.,-0.0025));
#2544=CARTESIAN_POINT('',(0.028239017152456,-0.0180224279791402,-0.0025));
#2545=CARTESIAN_POINT('',(-0.0251376460711818,-0.0251376460711818,-0.0025));
#2546=CARTESIAN_POINT('',(-0.0221944897775108,-0.0285417364094403,-0.0025));
#2547=CARTESIAN_POINT('',(0.0311893622280858,-0.0199053682157667,-0.0025));
#2548=CARTESIAN_POINT('',(0.0285417364094403,-0.0221944897775108,-0.0025));
#2549=CARTESIAN_POINT('',(-0.0199053682157667,-0.0311893622280858,-0.0025));
#2550=CARTESIAN_POINT('',(-0.0180224279791402,-0.028239017152456,-0.0025));
#2551=CARTESIAN_POINT('',(0.0251376460711818,-0.0251376460711818,-0.0025));
#2552=CARTESIAN_POINT('',(0.0221944897775108,-0.0285417364094403,-0.0025));
#2553=CARTESIAN_POINT('',(0.,0.,-0.0025));
#2554=CARTESIAN_POINT('',(0.0180224279791402,-0.028239017152456,-0.0025));
#2555=CARTESIAN_POINT('',(0.0199053682157667,-0.0311893622280858,-0.0025));
#2556=CARTESIAN_POINT('',(0.,0.,0.));
#2557=CARTESIAN_POINT('',(0.02125,0.,0.018));
#2558=CARTESIAN_POINT('',(0.,0.,0.018));
#2559=CARTESIAN_POINT('',(0.00246552657850889,-0.0228674698795181,0.018));
#2560=CARTESIAN_POINT('',(0.,0.023,0.018));
#2561=CARTESIAN_POINT('',(0.,-0.02075,0.018));
#2562=CARTESIAN_POINT('',(0.00221044118333793,-0.018367469879518,0.018));
#2563=CARTESIAN_POINT('',(0.,0.,0.018));
#2564=CARTESIAN_POINT('',(0.,0.0185,0.018));
#2565=CARTESIAN_POINT('',(0.,0.02075,0.018));
#2566=CARTESIAN_POINT('',(0.,0.,0.0135));
#2567=CARTESIAN_POINT('',(-0.0286604950204032,0.0182914194415154,0.0135));
#2568=CARTESIAN_POINT('',(-0.0286604950204032,0.0182914194415154,0.009));
#2569=CARTESIAN_POINT('',(-0.0286604950204032,0.0182914194415154,0.0205));
#2570=CARTESIAN_POINT('',(0.,0.,0.009));
#2571=CARTESIAN_POINT('',(-0.0286604950204032,-0.0182914194415154,0.009));
#2572=CARTESIAN_POINT('',(-0.0286604950204032,-0.0182914194415154,0.0135));
#2573=CARTESIAN_POINT('',(-0.0286604950204032,-0.0182914194415154,0.0205));
#2574=CARTESIAN_POINT('',(0.,0.,0.0205));
#2575=CARTESIAN_POINT('',(0.,0.,0.0135));
#2576=CARTESIAN_POINT('',(-0.0182914194415154,-0.0286604950204032,0.0135));
#2577=CARTESIAN_POINT('',(-0.0182914194415154,-0.0286604950204032,0.009));
#2578=CARTESIAN_POINT('',(-0.0182914194415154,-0.0286604950204032,0.0205));
#2579=CARTESIAN_POINT('',(0.,0.,0.009));
#2580=CARTESIAN_POINT('',(0.0182914194415154,-0.0286604950204032,0.009));
#2581=CARTESIAN_POINT('',(0.0182914194415154,-0.0286604950204032,0.0135));
#2582=CARTESIAN_POINT('',(0.0182914194415154,-0.0286604950204032,0.0205));
#2583=CARTESIAN_POINT('',(0.,0.,0.0205));
#2584=CARTESIAN_POINT('',(0.,0.,0.0135));
#2585=CARTESIAN_POINT('',(0.0286604950204032,-0.0182914194415154,0.0135));
#2586=CARTESIAN_POINT('',(0.0286604950204032,-0.0182914194415154,0.009));
#2587=CARTESIAN_POINT('',(0.0286604950204032,-0.0182914194415154,0.0205));
#2588=CARTESIAN_POINT('',(0.,0.,0.009));
#2589=CARTESIAN_POINT('',(0.0286604950204032,0.0182914194415154,0.009));
#2590=CARTESIAN_POINT('',(0.0286604950204032,0.0182914194415154,0.0135));
#2591=CARTESIAN_POINT('',(0.0286604950204032,0.0182914194415154,0.0205));
#2592=CARTESIAN_POINT('',(0.,0.,0.0205));
#2593=CARTESIAN_POINT('',(0.,0.,0.0135));
#2594=CARTESIAN_POINT('',(0.0182914194415154,0.0286604950204032,0.0135));
#2595=CARTESIAN_POINT('',(0.0182914194415154,0.0286604950204032,0.009));
#2596=CARTESIAN_POINT('',(0.0182914194415154,0.0286604950204032,0.0205));
#2597=CARTESIAN_POINT('',(0.,0.,0.009));
#2598=CARTESIAN_POINT('',(-0.0182914194415154,0.0286604950204032,0.009));
#2599=CARTESIAN_POINT('',(-0.0182914194415154,0.0286604950204032,0.0135));
#2600=CARTESIAN_POINT('',(-0.0182914194415154,0.0286604950204032,0.0205));
#2601=CARTESIAN_POINT('',(0.,0.,0.0205));
#2602=CARTESIAN_POINT('',(0.00925,0.,0.021));
#2603=CARTESIAN_POINT('',(0.,0.02075,0.021));
#2604=CARTESIAN_POINT('',(-0.00425,0.02075,0.021));
#2605=CARTESIAN_POINT('',(0.,-0.02075,0.021));
#2606=CARTESIAN_POINT('',(-0.00225,-0.02075,0.021));
#2607=CARTESIAN_POINT('',(0.0251376460711818,-0.0251376460711818,0.021));
#2608=CARTESIAN_POINT('',(0.0285417364094403,-0.0221944897775108,0.021));
#2609=CARTESIAN_POINT('',(0.0221944897775108,-0.0285417364094403,0.021));
#2610=CARTESIAN_POINT('',(0.0311893622280858,-0.0199053682157667,0.021));
#2611=CARTESIAN_POINT('',(0.028239017152456,-0.0180224279791402,0.021));
#2612=CARTESIAN_POINT('',(0.,0.,0.021));
#2613=CARTESIAN_POINT('',(0.028239017152456,0.0180224279791402,0.021));
#2614=CARTESIAN_POINT('',(0.0311893622280858,0.0199053682157667,0.021));
#2615=CARTESIAN_POINT('',(0.0285417364094403,0.0221944897775108,0.021));
#2616=CARTESIAN_POINT('',(0.0251376460711818,0.0251376460711818,0.021));
#2617=CARTESIAN_POINT('',(0.0221944897775108,0.0285417364094403,0.021));
#2618=CARTESIAN_POINT('',(0.0199053682157667,0.0311893622280858,0.021));
#2619=CARTESIAN_POINT('',(0.0180224279791402,0.028239017152456,0.021));
#2620=CARTESIAN_POINT('',(0.,0.,0.021));
#2621=CARTESIAN_POINT('',(-0.0180224279791402,0.028239017152456,0.021));
#2622=CARTESIAN_POINT('',(-0.0199053682157667,0.0311893622280858,0.021));
#2623=CARTESIAN_POINT('',(-0.0221944897775108,0.0285417364094403,0.021));
#2624=CARTESIAN_POINT('',(-0.0251376460711818,0.0251376460711818,0.021));
#2625=CARTESIAN_POINT('',(-0.0285417364094403,0.0221944897775108,0.021));
#2626=CARTESIAN_POINT('',(-0.0311893622280858,0.0199053682157667,0.021));
#2627=CARTESIAN_POINT('',(-0.028239017152456,0.0180224279791402,0.021));
#2628=CARTESIAN_POINT('',(0.,0.,0.021));
#2629=CARTESIAN_POINT('',(-0.028239017152456,-0.0180224279791402,0.021));
#2630=CARTESIAN_POINT('',(-0.0311893622280858,-0.0199053682157667,0.021));
#2631=CARTESIAN_POINT('',(-0.0285417364094403,-0.0221944897775108,0.021));
#2632=CARTESIAN_POINT('',(-0.0251376460711818,-0.0251376460711818,0.021));
#2633=CARTESIAN_POINT('',(-0.0221944897775108,-0.0285417364094403,0.021));
#2634=CARTESIAN_POINT('',(-0.0199053682157667,-0.0311893622280858,0.021));
#2635=CARTESIAN_POINT('',(-0.0180224279791402,-0.028239017152456,0.021));
#2636=CARTESIAN_POINT('',(0.,0.,0.021));
#2637=CARTESIAN_POINT('',(0.0180224279791402,-0.028239017152456,0.021));
#2638=CARTESIAN_POINT('',(0.0199053682157667,-0.0311893622280858,0.021));
#2639=CARTESIAN_POINT('',(-0.0251376460711818,-0.0251376460711818,0.021));
#2640=CARTESIAN_POINT('',(-0.0235876460711818,-0.0251376460711818,0.021));
#2641=CARTESIAN_POINT('',(0.0251376460711818,-0.0251376460711818,0.021));
#2642=CARTESIAN_POINT('',(0.0266876460711818,-0.0251376460711818,0.021));
#2643=CARTESIAN_POINT('',(-0.0251376460711818,0.0251376460711818,0.021));
#2644=CARTESIAN_POINT('',(-0.0235876460711818,0.0251376460711818,0.021));
#2645=CARTESIAN_POINT('',(0.0251376460711818,0.0251376460711818,0.021));
#2646=CARTESIAN_POINT('',(0.0266876460711818,0.0251376460711818,0.021));
#2647=CARTESIAN_POINT('',(0.029,0.,0.009));
#2648=CARTESIAN_POINT('',(-0.0251376460711818,0.0251376460711818,0.009));
#2649=CARTESIAN_POINT('',(-0.0235876460711818,0.0251376460711818,0.009));
#2650=CARTESIAN_POINT('',(0.0251376460711818,-0.0251376460711818,0.009));
#2651=CARTESIAN_POINT('',(0.0266876460711818,-0.0251376460711818,0.009));
#2652=CARTESIAN_POINT('',(-0.0251376460711818,-0.0251376460711818,0.009));
#2653=CARTESIAN_POINT('',(-0.0235876460711818,-0.0251376460711818,0.009));
#2654=CARTESIAN_POINT('',(-0.0199053682157667,-0.0311893622280858,0.009));
#2655=CARTESIAN_POINT('',(-0.0218674724115474,-0.0289199686692468,0.009));
#2656=CARTESIAN_POINT('',(-0.0251376460711818,-0.0251376460711818,0.009));
#2657=CARTESIAN_POINT('',(-0.0289199686692468,-0.0218674724115474,0.009));
#2658=CARTESIAN_POINT('',(-0.0311893622280858,-0.0199053682157667,0.009));
#2659=CARTESIAN_POINT('',(-0.0311893622280858,0.0199053682157667,0.009));
#2660=CARTESIAN_POINT('',(-0.0289199686692468,0.0218674724115474,0.009));
#2661=CARTESIAN_POINT('',(-0.0251376460711818,0.0251376460711818,0.009));
#2662=CARTESIAN_POINT('',(-0.0218674724115474,0.0289199686692468,0.009));
#2663=CARTESIAN_POINT('',(-0.0199053682157667,0.0311893622280858,0.009));
#2664=CARTESIAN_POINT('',(0.0199053682157667,0.0311893622280858,0.009));
#2665=CARTESIAN_POINT('',(0.0218674724115474,0.0289199686692468,0.009));
#2666=CARTESIAN_POINT('',(0.0251376460711818,0.0251376460711818,0.009));
#2667=CARTESIAN_POINT('',(0.0289199686692468,0.0218674724115474,0.009));
#2668=CARTESIAN_POINT('',(0.0311893622280858,0.0199053682157667,0.009));
#2669=CARTESIAN_POINT('',(0.0311893622280858,-0.0199053682157667,0.009));
#2670=CARTESIAN_POINT('',(0.0289199686692468,-0.0218674724115474,0.009));
#2671=CARTESIAN_POINT('',(0.0251376460711818,-0.0251376460711818,0.009));
#2672=CARTESIAN_POINT('',(0.0218674724115474,-0.0289199686692468,0.009));
#2673=CARTESIAN_POINT('',(0.0199053682157667,-0.0311893622280858,0.009));
#2674=CARTESIAN_POINT('',(0.0251376460711818,0.0251376460711818,0.009));
#2675=CARTESIAN_POINT('',(0.0266876460711818,0.0251376460711818,0.009));
#2676=CARTESIAN_POINT('',(0.,0.,0.009));
#2677=CARTESIAN_POINT('',(-0.024,0.,0.009));
#2678=CARTESIAN_POINT('',(0.,0.,0.0135));
#2679=CARTESIAN_POINT('',(0.,0.,0.017));
#2680=CARTESIAN_POINT('',(-0.024,0.,0.017));
#2681=CARTESIAN_POINT('',(0.02125,0.,0.018));
#2682=CARTESIAN_POINT('',(0.,0.,0.018));
#2683=CARTESIAN_POINT('',(-0.00221044118333793,-0.018367469879518,0.018));
#2684=CARTESIAN_POINT('',(0.,-0.02075,0.018));
#2685=CARTESIAN_POINT('',(-0.00246552657850887,-0.0228674698795181,0.018));
#2686=CARTESIAN_POINT('',(0.,0.,0.018));
#2687=CARTESIAN_POINT('',(0.,0.02075,0.018));
#2688=CARTESIAN_POINT('',(0.,0.,0.0135));
#2689=CARTESIAN_POINT('',(0.,0.,0.017123724356958));
#2690=CARTESIAN_POINT('',(-0.0185,0.,0.017123724356958));
#2691=CARTESIAN_POINT('',(0.00221044118333793,-0.018367469879518,0.018));
#2692=CARTESIAN_POINT('',(0.00179534918934995,-0.0184174243067965,0.018));
#2693=CARTESIAN_POINT('',(0.00100477867257518,-0.0184832985444787,0.01828880390288));
#2694=CARTESIAN_POINT('',(0.000336516215207504,-0.0185,0.0187624057977498));
#2695=CARTESIAN_POINT('',(-2.13821176807376E-49,-0.0185,0.019));
#2696=CARTESIAN_POINT('',(-2.13821176807376E-49,-0.0185,0.019));
#2697=CARTESIAN_POINT('',(-0.00221044118333793,-0.018367469879518,0.018));
#2698=CARTESIAN_POINT('',(-0.00179534918934996,-0.0184174243067965,0.018));
#2699=CARTESIAN_POINT('',(-0.00100477867257527,-0.0184832985444787,0.0182888039028802));
#2700=CARTESIAN_POINT('',(-0.000336516215207313,-0.0185,0.0187624057977495));
#2701=CARTESIAN_POINT('',(-2.13821176807376E-49,-0.0185,0.019));
#2702=CARTESIAN_POINT('',(0.,0.,0.011));
#2703=CARTESIAN_POINT('',(0.,0.,0.011));
#2704=CARTESIAN_POINT('',(-0.017,0.,0.011));
#2705=CARTESIAN_POINT('',(0.,0.,0.0135));
#2706=CARTESIAN_POINT('',(0.,0.,0.009));
#2707=CARTESIAN_POINT('',(-0.017,0.,0.009));
#2708=CARTESIAN_POINT('',(0.0085,0.,0.009));
#2709=CARTESIAN_POINT('',(0.,0.,0.017));
#2710=CARTESIAN_POINT('',(-0.00246552657850887,-0.0228674698795181,0.018));
#2711=CARTESIAN_POINT('',(-0.00209646485894111,-0.023091836355113,0.018));
#2712=CARTESIAN_POINT('',(-0.00128827913845238,-0.0234001065640894,0.0179146268535884));
#2713=CARTESIAN_POINT('',(1.43216509415077E-6,-0.0235500775864342,0.0178416901850302));
#2714=CARTESIAN_POINT('',(0.0012893625484797,-0.023399582389135,0.0179147651387369));
#2715=CARTESIAN_POINT('',(0.00209610233728471,-0.0230920567456386,0.018));
#2716=CARTESIAN_POINT('',(0.00246552657850889,-0.0228674698795181,0.018));
#2717=CARTESIAN_POINT('',(0.0251376460711818,0.0251376460711818,0.021002));
#2718=CARTESIAN_POINT('',(0.0289199686692468,0.0218674724115474,0.021002));
#2719=CARTESIAN_POINT('',(0.0289199686692468,0.0218674724115474,0.0205));
#2720=CARTESIAN_POINT('',(0.0218674724115474,0.0289199686692468,0.021002));
#2721=CARTESIAN_POINT('',(0.0218674724115474,0.0289199686692468,0.0205));
#2722=CARTESIAN_POINT('',(0.0251376460711818,0.0251376460711818,0.0205));
#2723=CARTESIAN_POINT('',(0.0251376460711818,0.0251376460711818,0.021002));
#2724=CARTESIAN_POINT('',(-0.0251376460711818,0.0251376460711818,0.021002));
#2725=CARTESIAN_POINT('',(-0.0251376460711818,0.0251376460711818,0.021002));
#2726=CARTESIAN_POINT('',(-0.0218674724115474,0.0289199686692468,0.021002));
#2727=CARTESIAN_POINT('',(-0.0218674724115474,0.0289199686692468,0.0205));
#2728=CARTESIAN_POINT('',(-0.0289199686692468,0.0218674724115474,0.021002));
#2729=CARTESIAN_POINT('',(-0.0289199686692468,0.0218674724115474,0.0205));
#2730=CARTESIAN_POINT('',(-0.0251376460711818,0.0251376460711818,0.0205));
#2731=CARTESIAN_POINT('',(0.0251376460711818,-0.0251376460711818,0.021002));
#2732=CARTESIAN_POINT('',(0.0251376460711818,-0.0251376460711818,0.021002));
#2733=CARTESIAN_POINT('',(0.0218674724115474,-0.0289199686692468,0.021002));
#2734=CARTESIAN_POINT('',(0.0218674724115474,-0.0289199686692468,0.0205));
#2735=CARTESIAN_POINT('',(0.0289199686692468,-0.0218674724115474,0.021002));
#2736=CARTESIAN_POINT('',(0.0289199686692468,-0.0218674724115474,0.0205));
#2737=CARTESIAN_POINT('',(0.0251376460711818,-0.0251376460711818,0.0205));
#2738=CARTESIAN_POINT('',(-0.0251376460711818,-0.0251376460711818,0.021002));
#2739=CARTESIAN_POINT('',(-0.0289199686692468,-0.0218674724115474,0.021002));
#2740=CARTESIAN_POINT('',(-0.0289199686692468,-0.0218674724115474,0.0205));
#2741=CARTESIAN_POINT('',(-0.0218674724115474,-0.0289199686692468,0.021002));
#2742=CARTESIAN_POINT('',(-0.0218674724115474,-0.0289199686692468,0.0205));
#2743=CARTESIAN_POINT('',(-0.0251376460711818,-0.0251376460711818,0.0205));
#2744=CARTESIAN_POINT('',(-0.0251376460711818,-0.0251376460711818,0.021002));
#2745=CARTESIAN_POINT('',(0.0199053682157667,-0.0311893622280858,0.021002));
#2746=CARTESIAN_POINT('',(0.0199053682157667,-0.0311893622280858,0.0205));
#2747=CARTESIAN_POINT('',(0.0311893622280858,-0.0199053682157667,0.0135));
#2748=CARTESIAN_POINT('',(0.0311893622280858,-0.0199053682157667,0.0205));
#2749=CARTESIAN_POINT('',(-0.0311893622280858,-0.0199053682157667,0.021002));
#2750=CARTESIAN_POINT('',(-0.0311893622280858,-0.0199053682157667,0.0205));
#2751=CARTESIAN_POINT('',(-0.0199053682157667,0.0311893622280858,0.021002));
#2752=CARTESIAN_POINT('',(-0.0199053682157667,0.0311893622280858,0.0205));
#2753=CARTESIAN_POINT('',(-0.0311893622280858,0.0199053682157667,0.0135));
#2754=CARTESIAN_POINT('',(-0.0311893622280858,0.0199053682157667,0.0205));
#2755=CARTESIAN_POINT('',(0.0311893622280858,0.0199053682157667,0.021002));
#2756=CARTESIAN_POINT('',(0.0311893622280858,0.0199053682157667,0.0205));
#2757=CARTESIAN_POINT('',(0.0199053682157667,0.0311893622280858,0.0135));
#2758=CARTESIAN_POINT('',(0.0199053682157667,0.0311893622280858,0.0205));
#2759=CARTESIAN_POINT('',(-0.0199053682157667,-0.0311893622280858,0.0135));
#2760=CARTESIAN_POINT('',(-0.0199053682157667,-0.0311893622280858,0.0205));
#2761=CARTESIAN_POINT('',(-0.0199053682157667,0.0311893622280858,0.0205));
#2762=CARTESIAN_POINT('',(-0.0221944897775108,0.0285417364094403,0.0205));
#2763=CARTESIAN_POINT('',(-0.0180224279791402,0.028239017152456,0.0205));
#2764=CARTESIAN_POINT('',(0.,0.,0.0205));
#2765=CARTESIAN_POINT('',(0.0180224279791402,0.028239017152456,0.0205));
#2766=CARTESIAN_POINT('',(-0.0251376460711818,0.0251376460711818,0.0205));
#2767=CARTESIAN_POINT('',(-0.0285417364094403,0.0221944897775108,0.0205));
#2768=CARTESIAN_POINT('',(0.0199053682157667,0.0311893622280858,0.0205));
#2769=CARTESIAN_POINT('',(0.0221944897775108,0.0285417364094403,0.0205));
#2770=CARTESIAN_POINT('',(-0.0311893622280858,0.0199053682157667,0.0205));
#2771=CARTESIAN_POINT('',(-0.028239017152456,0.0180224279791402,0.0205));
#2772=CARTESIAN_POINT('',(0.0251376460711818,0.0251376460711818,0.0205));
#2773=CARTESIAN_POINT('',(0.0285417364094403,0.0221944897775108,0.0205));
#2774=CARTESIAN_POINT('',(0.,0.,0.0205));
#2775=CARTESIAN_POINT('',(-0.028239017152456,-0.0180224279791402,0.0205));
#2776=CARTESIAN_POINT('',(0.0311893622280858,0.0199053682157667,0.0205));
#2777=CARTESIAN_POINT('',(0.028239017152456,0.0180224279791402,0.0205));
#2778=CARTESIAN_POINT('',(-0.0311893622280858,-0.0199053682157667,0.0205));
#2779=CARTESIAN_POINT('',(-0.0285417364094403,-0.0221944897775108,0.0205));
#2780=CARTESIAN_POINT('',(0.,0.,0.0205));
#2781=CARTESIAN_POINT('',(0.028239017152456,-0.0180224279791402,0.0205));
#2782=CARTESIAN_POINT('',(-0.0251376460711818,-0.0251376460711818,0.0205));
#2783=CARTESIAN_POINT('',(-0.0221944897775108,-0.0285417364094403,0.0205));
#2784=CARTESIAN_POINT('',(0.0311893622280858,-0.0199053682157667,0.0205));
#2785=CARTESIAN_POINT('',(0.0285417364094403,-0.0221944897775108,0.0205));
#2786=CARTESIAN_POINT('',(-0.0199053682157667,-0.0311893622280858,0.0205));
#2787=CARTESIAN_POINT('',(-0.0180224279791402,-0.028239017152456,0.0205));
#2788=CARTESIAN_POINT('',(0.0251376460711818,-0.0251376460711818,0.0205));
#2789=CARTESIAN_POINT('',(0.0221944897775108,-0.0285417364094403,0.0205));
#2790=CARTESIAN_POINT('',(0.,0.,0.0205));
#2791=CARTESIAN_POINT('',(0.0180224279791402,-0.028239017152456,0.0205));
#2792=CARTESIAN_POINT('',(0.0199053682157667,-0.0311893622280858,0.0205));
#2793=CARTESIAN_POINT('',(0.,0.02075,0.043));
#2794=CARTESIAN_POINT('',(0.,0.02075,0.019));
#2795=CARTESIAN_POINT('',(-0.00225,0.02075,0.019));
#2796=CARTESIAN_POINT('',(0.,-0.02075,0.043));
#2797=CARTESIAN_POINT('',(0.,-0.02075,0.019));
#2798=CARTESIAN_POINT('',(0.00170690301589077,-0.0222159406858202,0.019));
#2799=CARTESIAN_POINT('',(0.00170690301589077,-0.0222159406858202,0.019));
#2800=CARTESIAN_POINT('',(0.00149136871067069,-0.0224669031969004,0.019));
#2801=CARTESIAN_POINT('',(0.000972945316223869,-0.0228542423956305,0.0188491938010734));
#2802=CARTESIAN_POINT('',(3.7207088461066E-6,-0.0230724129249905,0.0186736833908287));
#2803=CARTESIAN_POINT('',(-0.00097136748834416,-0.0228560958690914,0.0188483847166771));
#2804=CARTESIAN_POINT('',(-0.00149186647232323,-0.0224663236162433,0.019));
#2805=CARTESIAN_POINT('',(-0.00170690301589076,-0.0222159406858202,0.019));
#2806=CARTESIAN_POINT('',(-0.00170690301589076,-0.0222159406858202,0.019));
#2807=CARTESIAN_POINT('',(0.,-0.02075,0.019));
#2808=CARTESIAN_POINT('',(0.,0.02075,0.019));
#2809=CARTESIAN_POINT('',(0.,-0.02075,0.019));
#2810=CARTESIAN_POINT('',(0.00246552657850889,-0.0228674698795181,0.019));
#2811=CARTESIAN_POINT('',(0.,-0.02075,0.019));
#2812=CARTESIAN_POINT('',(-0.00246552657850887,-0.0228674698795181,0.019));
#2813=CARTESIAN_POINT('',(0.00246552657850889,-0.0228674698795181,0.018));
#2814=CARTESIAN_POINT('',(0.00170690301589076,-0.0222159406858202,0.018));
#2815=CARTESIAN_POINT('',(0.00170690301589076,-0.0222159406858202,0.019));
#2816=CARTESIAN_POINT('',(0.0021392906212944,-0.0230658009604639,0.018));
#2817=CARTESIAN_POINT('',(0.00157332019069637,-0.0223714811067074,0.0181116682076671));
#2818=CARTESIAN_POINT('',(0.00149308598196008,-0.0224649036510993,0.0189999999597369));
#2819=CARTESIAN_POINT('',(0.00137228537301543,-0.023382559195243,0.0179242991500423));
#2820=CARTESIAN_POINT('',(0.00113314335739701,-0.0227949491480015,0.0181983604608509));
#2821=CARTESIAN_POINT('',(0.000970026332114524,-0.0228564119322412,0.0188485983200668));
#2822=CARTESIAN_POINT('',(4.83165980721708E-6,-0.0235584555430066,0.0178369646056607));
#2823=CARTESIAN_POINT('',(4.02514242832244E-6,-0.0230964423348041,0.0181340758459182));
#2824=CARTESIAN_POINT('',(3.43087226546545E-6,-0.0230714671445451,0.0186739292017781));
#2825=CARTESIAN_POINT('',(-0.00137116671437171,-0.0233836123177675,0.0179239976401547));
#2826=CARTESIAN_POINT('',(-0.00113287026889839,-0.0227963331198391,0.0181984462126245));
#2827=CARTESIAN_POINT('',(-0.00096929422642868,-0.0228577117501608,0.0188479952985003));
#2828=CARTESIAN_POINT('',(-0.00213961060877893,-0.023065606432034,0.018));
#2829=CARTESIAN_POINT('',(-0.00157344391036135,-0.0223713370524531,0.0181115647913118));
#2830=CARTESIAN_POINT('',(-0.00149329570138365,-0.0224646594592845,0.0189999999639168));
#2831=CARTESIAN_POINT('',(-0.00246552657850887,-0.0228674698795181,0.018));
#2832=CARTESIAN_POINT('',(-0.00170690301589076,-0.0222159406858202,0.018));
#2833=CARTESIAN_POINT('',(-0.00170690301589076,-0.0222159406858202,0.019));
#2834=MECHANICAL_DESIGN_GEOMETRIC_PRESENTATION_REPRESENTATION('',(#1492),
#2836);
#2835=MECHANICAL_DESIGN_GEOMETRIC_PRESENTATION_REPRESENTATION('',(#1493),
#2837);
#2836=(
GEOMETRIC_REPRESENTATION_CONTEXT(3)
GLOBAL_UNCERTAINTY_ASSIGNED_CONTEXT((#2838))
GLOBAL_UNIT_ASSIGNED_CONTEXT((#2844,#2842,#2840))
REPRESENTATION_CONTEXT('Bottom','TOP_LEVEL_ASSEMBLY_PART')
);
#2837=(
GEOMETRIC_REPRESENTATION_CONTEXT(3)
GLOBAL_UNCERTAINTY_ASSIGNED_CONTEXT((#2839))
GLOBAL_UNIT_ASSIGNED_CONTEXT((#2845,#2843,#2841))
REPRESENTATION_CONTEXT('Top','TOP_LEVEL_ASSEMBLY_PART')
);
#2838=UNCERTAINTY_MEASURE_WITH_UNIT(LENGTH_MEASURE(1.E-8),#2844,
'DISTANCE_ACCURACY_VALUE','Maximum Tolerance applied to model');
#2839=UNCERTAINTY_MEASURE_WITH_UNIT(LENGTH_MEASURE(2.E-5),#2845,
'DISTANCE_ACCURACY_VALUE','Maximum Tolerance applied to model');
#2840=(
NAMED_UNIT(*)
SI_UNIT($,.STERADIAN.)
SOLID_ANGLE_UNIT()
);
#2841=(
NAMED_UNIT(*)
SI_UNIT($,.STERADIAN.)
SOLID_ANGLE_UNIT()
);
#2842=(
NAMED_UNIT(*)
PLANE_ANGLE_UNIT()
SI_UNIT($,.RADIAN.)
);
#2843=(
NAMED_UNIT(*)
PLANE_ANGLE_UNIT()
SI_UNIT($,.RADIAN.)
);
#2844=(
LENGTH_UNIT()
NAMED_UNIT(*)
SI_UNIT($,.METRE.)
);
#2845=(
LENGTH_UNIT()
NAMED_UNIT(*)
SI_UNIT($,.METRE.)
);
#2846=PRODUCT_DEFINITION_SHAPE('','',#2848);
#2847=PRODUCT_DEFINITION_SHAPE('','',#2849);
#2848=PRODUCT_DEFINITION('','',#2852,#2850);
#2849=PRODUCT_DEFINITION('','',#2853,#2851);
#2850=PRODUCT_DEFINITION_CONTEXT('',#2864,'design');
#2851=PRODUCT_DEFINITION_CONTEXT('',#2865,'design');
#2852=PRODUCT_DEFINITION_FORMATION_WITH_SPECIFIED_SOURCE('','',#2856,
 .NOT_KNOWN.);
#2853=PRODUCT_DEFINITION_FORMATION_WITH_SPECIFIED_SOURCE('','',#2857,
 .NOT_KNOWN.);
#2854=PRODUCT_RELATED_PRODUCT_CATEGORY('','',(#2856));
#2855=PRODUCT_RELATED_PRODUCT_CATEGORY('','',(#2857));
#2856=PRODUCT('Bottom','Bottom','Bottom',(#2860));
#2857=PRODUCT('Top','Top','Top',(#2861));
#2858=PRODUCT_CATEGORY('','');
#2859=PRODUCT_CATEGORY('','');
#2860=PRODUCT_CONTEXT('',#2864,'mechanical');
#2861=PRODUCT_CONTEXT('',#2865,'mechanical');
#2862=APPLICATION_PROTOCOL_DEFINITION('international standard',
'automotive_design',2010,#2864);
#2863=APPLICATION_PROTOCOL_DEFINITION('international standard',
'automotive_design',2010,#2865);
#2864=APPLICATION_CONTEXT(
'core data for automotive mechanical design processes');
#2865=APPLICATION_CONTEXT(
'core data for automotive mechanical design processes');
ENDSEC;
END-ISO-10303-21;
