ISO-10303-21;
HEADER;
/* Generated by software containing ST-Developer
 * from STEP Tools, Inc. (www.steptools.com) 
 */
/* OPTION: using custom renumber hook */

FILE_DESCRIPTION(
/* description */ ('STEP AP214',
'CAx-IF Rec.Pracs.---User Defined Attributes---1.5---2016-08-15'),
/* implementation_level */ '2;1');

FILE_NAME(
/* name */ '6a7bfab9e5d6ddc0b13a388c',
/* time_stamp */ '2026-08-12T04:46:51Z',
/* author */ (''),
/* organization */ (''),
/* preprocessor_version */ 'ST-DEVELOPER v20',
/* originating_system */ 'ONSHAPE BY PTC INC, 1.219',
/* authorisation */ '  ');

FILE_SCHEMA (('AUTOMOTIVE_DESIGN {1 0 10303 214 3 1 1}'));
ENDSEC;

DATA;
#10=PROPERTY_DEFINITION_REPRESENTATION(#14,#12);
#11=PROPERTY_DEFINITION_REPRESENTATION(#15,#13);
#12=REPRESENTATION('',(#16),#12568);
#13=REPRESENTATION('',(#17),#12568);
#14=PROPERTY_DEFINITION('pmi validation property','',#12578);
#15=PROPERTY_DEFINITION('pmi validation property','',#12578);
#16=VALUE_REPRESENTATION_ITEM('number of annotations',COUNT_MEASURE(0.));
#17=VALUE_REPRESENTATION_ITEM('number of views',COUNT_MEASURE(0.));
#18=TOROIDAL_SURFACE('',#5638,0.0225,0.003);
#19=TOROIDAL_SURFACE('',#5642,0.0225,0.003);
#20=TOROIDAL_SURFACE('',#5699,0.0195,0.003);
#21=TOROIDAL_SURFACE('',#5752,0.0195,0.003);
#22=TOROIDAL_SURFACE('',#5844,0.0108249993499998,0.0014);
#23=TOROIDAL_SURFACE('',#5857,0.0108249993499998,0.0014);
#24=TOROIDAL_SURFACE('',#5860,0.0205,0.005);
#25=TOROIDAL_SURFACE('',#5861,0.0205,0.005);
#26=SHAPE_REPRESENTATION_RELATIONSHIP('','',#5381,#28);
#27=SHAPE_REPRESENTATION_RELATIONSHIP('','',#5382,#29);
#28=ADVANCED_BREP_SHAPE_REPRESENTATION('',(#5377),#12567);
#29=ADVANCED_BREP_SHAPE_REPRESENTATION('',(#5378),#12568);
#30=(
BOUNDED_SURFACE()
B_SPLINE_SURFACE(3,2,((#8644,#8645,#8646),(#8647,#8648,#8649),(#8650,#8651,
#8652),(#8653,#8654,#8655),(#8656,#8657,#8658),(#8659,#8660,#8661),(#8662,
#8663,#8664),(#8665,#8666,#8667),(#8668,#8669,#8670),(#8671,#8672,#8673),
(#8674,#8675,#8676),(#8677,#8678,#8679),(#8680,#8681,#8682),(#8683,#8684,
#8685),(#8686,#8687,#8688),(#8689,#8690,#8691)),.UNSPECIFIED.,.F.,.F.,.F.)
B_SPLINE_SURFACE_WITH_KNOTS((4,1,1,1,1,1,1,1,1,1,1,1,1,4),(3,3),(0.0581974147500392,
0.059295970891565,0.0603945270330908,0.0625916393161424,0.0647887515991939,
0.0669858638822455,0.0713800884483486,0.0757743130144517,0.0801685375805548,
0.0845627621466579,0.0867598744297095,0.0889569867127611,0.0911540989958126,
0.0933512112788642),(0.123608987747292,1.),.UNSPECIFIED.)
GEOMETRIC_REPRESENTATION_ITEM()
RATIONAL_B_SPLINE_SURFACE(((0.93654186891573,0.743311015482124,1.),(0.93654186891573,
0.743311015482124,1.),(0.936541786329196,0.743310681418495,1.),(0.936540810965663,
0.743306736060026,1.),(0.9365383954263,0.743296965171168,1.),(0.936533937882607,
0.743278934347621,1.),(0.936526662594407,0.743249505710061,1.),(0.936516544700787,
0.743208578695754,1.),(0.936509932234925,0.743181831183363,1.),(0.93651631487899,
0.743207649063527,1.),(0.936535385792534,0.743284791162541,1.),(0.93654695656975,
0.743331595110325,1.),(0.936549192479617,0.743340639395481,1.),(0.936540568334724,
0.74330575461465,1.),(0.936541814715601,0.743310796241882,1.),(0.936541829741346,
0.743310857021218,1.)))
REPRESENTATION_ITEM('')
SURFACE()
);
#31=(
BOUNDED_SURFACE()
B_SPLINE_SURFACE(3,2,((#8731,#8732,#8733),(#8734,#8735,#8736),(#8737,#8738,
#8739),(#8740,#8741,#8742),(#8743,#8744,#8745),(#8746,#8747,#8748),(#8749,
#8750,#8751),(#8752,#8753,#8754),(#8755,#8756,#8757),(#8758,#8759,#8760),
(#8761,#8762,#8763),(#8764,#8765,#8766),(#8767,#8768,#8769),(#8770,#8771,
#8772),(#8773,#8774,#8775),(#8776,#8777,#8778)),.UNSPECIFIED.,.F.,.F.,.F.)
B_SPLINE_SURFACE_WITH_KNOTS((4,1,1,1,1,1,1,1,1,1,1,1,1,4),(3,3),(0.058197414750039,
0.0592959708915637,0.0603945270330884,0.0625916393161378,0.0647887515991871,
0.0669858638822366,0.0713800884483353,0.0757743130144342,0.080168537580533,
0.0845627621466318,0.0867598744296812,0.0889569867127306,0.09115409899578,
0.0933512112788294),(0.,0.876391012249761),.UNSPECIFIED.)
GEOMETRIC_REPRESENTATION_ITEM()
RATIONAL_B_SPLINE_SURFACE(((1.,0.743311015482987,0.936541868914431),(1.,
0.743311015482987,0.936541868914431),(1.,0.743310681419357,0.936541786327896),
(1.,0.743306736060889,0.936540810964363),(1.,0.74329696517203,0.936538395425001),
(1.,0.743278934348484,0.936533937881307),(1.,0.743249505710923,0.936526662593108),
(1.,0.743208578696624,0.936516544699489),(1.,0.743181831184209,0.93650993223362),
(1.,0.743207649064451,0.936516314877705),(1.,0.743284791163215,0.936535385791188),
(1.,0.743331595111514,0.936546956568532),(1.,0.743340639395108,0.936549192478012),
(1.,0.743305754620227,0.93654056833459),(1.,0.743310796232569,0.936541814711786),
(1.,0.743310857022087,0.936541829740048)))
REPRESENTATION_ITEM('')
SURFACE()
);
#32=(
BOUNDED_SURFACE()
B_SPLINE_SURFACE(3,2,((#8818,#8819,#8820),(#8821,#8822,#8823),(#8824,#8825,
#8826),(#8827,#8828,#8829),(#8830,#8831,#8832),(#8833,#8834,#8835),(#8836,
#8837,#8838),(#8839,#8840,#8841),(#8842,#8843,#8844),(#8845,#8846,#8847),
(#8848,#8849,#8850),(#8851,#8852,#8853),(#8854,#8855,#8856),(#8857,#8858,
#8859),(#8860,#8861,#8862),(#8863,#8864,#8865)),.UNSPECIFIED.,.F.,.F.,.F.)
B_SPLINE_SURFACE_WITH_KNOTS((4,1,1,1,1,1,1,1,1,1,1,1,1,4),(3,3),(0.0581974147746172,
0.0592959709161516,0.060394527057686,0.0625916393407548,0.0647887516238236,
0.0669858639068924,0.07138008847303,0.0757743130391677,0.0801685376053053,
0.0845627621714429,0.0867598744545117,0.0889569867375805,0.0911540990206493,
0.0933512113037181),(0.123608987749226,1.),.UNSPECIFIED.)
GEOMETRIC_REPRESENTATION_ITEM()
RATIONAL_B_SPLINE_SURFACE(((0.936541868914877,0.743311015482691,1.),(0.936541868914877,
0.743311015482691,1.),(0.936541786328343,0.743310681419061,1.),(0.93654081096481,
0.743306736060592,1.),(0.936538395425447,0.743296965171733,1.),(0.936533937881753,
0.743278934348186,1.),(0.936526662593553,0.743249505710622,1.),(0.936516544699933,
0.743208578696317,1.),(0.936509932234069,0.74318183118392,1.),(0.936516314878147,
0.743207649064133,1.),(0.936535385791649,0.743284791162978,1.),(0.936546956568957,
0.743331595111134,1.),(0.936549192478535,0.743340639395122,1.),(0.936540568334729,
0.743305754618691,1.),(0.936541814712891,0.743310796234935,1.),(0.936541829740494,
0.74331085702179,1.)))
REPRESENTATION_ITEM('')
SURFACE()
);
#33=(
BOUNDED_SURFACE()
B_SPLINE_SURFACE(3,2,((#8905,#8906,#8907),(#8908,#8909,#8910),(#8911,#8912,
#8913),(#8914,#8915,#8916),(#8917,#8918,#8919),(#8920,#8921,#8922),(#8923,
#8924,#8925),(#8926,#8927,#8928),(#8929,#8930,#8931),(#8932,#8933,#8934),
(#8935,#8936,#8937),(#8938,#8939,#8940),(#8941,#8942,#8943),(#8944,#8945,
#8946),(#8947,#8948,#8949),(#8950,#8951,#8952)),.UNSPECIFIED.,.F.,.F.,.F.)
B_SPLINE_SURFACE_WITH_KNOTS((4,1,1,1,1,1,1,1,1,1,1,1,1,4),(3,3),(0.0581974147500394,
0.0592959708915641,0.0603945270330888,0.0625916393161382,0.0647887515991876,
0.066985863882237,0.0713800884483358,0.0757743130144347,0.0801685375805335,
0.0845627621466323,0.0867598744296817,0.0889569867127311,0.0911540989957805,
0.0933512112788299),(0.,0.876391012249752),.UNSPECIFIED.)
GEOMETRIC_REPRESENTATION_ITEM()
RATIONAL_B_SPLINE_SURFACE(((1.,0.74331101548299,0.936541868914427),(1.,
0.74331101548299,0.936541868914427),(1.,0.74331068141936,0.936541786327892),
(1.,0.743306736060892,0.936540810964359),(1.,0.743296965172033,0.936538395424997),
(1.,0.743278934348489,0.936533937881303),(1.,0.743249505710924,0.936526662593103),
(1.,0.743208578696631,0.936516544699486),(1.,0.743181831184219,0.936509932233618),
(1.,0.743207649064424,0.936516314877694),(1.,0.743284791163278,0.936535385791198),
(1.,0.743331595111402,0.936546956568499),(1.,0.743340639395542,0.936549192478114),
(1.,0.743305754618533,0.936540568334166),(1.,0.743310796236246,0.93654181471269),
(1.,0.743310857022094,0.936541829740045)))
REPRESENTATION_ITEM('')
SURFACE()
);
#34=(
BOUNDED_SURFACE()
B_SPLINE_SURFACE(3,2,((#9146,#9147,#9148),(#9149,#9150,#9151),(#9152,#9153,
#9154),(#9155,#9156,#9157),(#9158,#9159,#9160),(#9161,#9162,#9163),(#9164,
#9165,#9166),(#9167,#9168,#9169),(#9170,#9171,#9172),(#9173,#9174,#9175)),
 .UNSPECIFIED.,.F.,.F.,.F.)
B_SPLINE_SURFACE_WITH_KNOTS((4,1,1,1,1,1,1,4),(3,3),(0.,0.00411183569235422,
0.00822367138470845,0.0123355070770627,0.0164473427694169,0.0246710141541253,
0.0287828498464796,0.0328946855388338),(0.,1.),.UNSPECIFIED.)
GEOMETRIC_REPRESENTATION_ITEM()
RATIONAL_B_SPLINE_SURFACE(((1.,0.772087573146803,1.),(1.,0.786713369379876,
1.),(1.,0.821182298926601,1.),(1.,0.873831785115886,1.),(1.,0.921307919531347,
1.),(1.,0.971048509833574,1.),(1.,0.994904739571435,1.),(1.,0.999903195792521,
1.),(1.,1.00000000000023,1.),(1.,1.,1.)))
REPRESENTATION_ITEM('')
SURFACE()
);
#35=(
BOUNDED_SURFACE()
B_SPLINE_SURFACE(3,2,((#9177,#9178,#9179),(#9180,#9181,#9182),(#9183,#9184,
#9185),(#9186,#9187,#9188)),.UNSPECIFIED.,.F.,.F.,.F.)
B_SPLINE_SURFACE_WITH_KNOTS((4,4),(3,3),(3.90312782094782E-18,0.000448477629385897),
(0.,1.),.PIECEWISE_BEZIER_KNOTS.)
GEOMETRIC_REPRESENTATION_ITEM()
RATIONAL_B_SPLINE_SURFACE(((1.,0.772087573146803,1.),(1.,0.770579779959805,
1.),(1.,0.769127211732385,1.),(1.,0.767737418978318,1.)))
REPRESENTATION_ITEM('')
SURFACE()
);
#36=(
BOUNDED_SURFACE()
B_SPLINE_SURFACE(3,2,((#9195,#9196,#9197),(#9198,#9199,#9200),(#9201,#9202,
#9203),(#9204,#9205,#9206)),.UNSPECIFIED.,.F.,.F.,.F.)
B_SPLINE_SURFACE_WITH_KNOTS((4,4),(3,3),(1.73472347597681E-17,0.000448477629429094),
(0.,1.),.PIECEWISE_BEZIER_KNOTS.)
GEOMETRIC_REPRESENTATION_ITEM()
RATIONAL_B_SPLINE_SURFACE(((1.,0.772087573146803,1.),(1.,0.770579779959469,
1.),(1.,0.769127211732101,1.),(1.,0.767737418977916,1.)))
REPRESENTATION_ITEM('')
SURFACE()
);
#37=(
BOUNDED_SURFACE()
B_SPLINE_SURFACE(3,2,((#9208,#9209,#9210),(#9211,#9212,#9213),(#9214,#9215,
#9216),(#9217,#9218,#9219),(#9220,#9221,#9222),(#9223,#9224,#9225),(#9226,
#9227,#9228),(#9229,#9230,#9231),(#9232,#9233,#9234),(#9235,#9236,#9237)),
 .UNSPECIFIED.,.F.,.F.,.F.)
B_SPLINE_SURFACE_WITH_KNOTS((4,1,1,1,1,1,1,4),(3,3),(-1.73472347597681E-18,
0.00411183569234938,0.00822367138469876,0.0123355070770481,0.0164473427693975,
0.0246710141540963,0.0287828498464457,0.032894685538795),(0.,1.),
 .UNSPECIFIED.)
GEOMETRIC_REPRESENTATION_ITEM()
RATIONAL_B_SPLINE_SURFACE(((1.,0.772087573146805,1.),(1.,0.786713369379475,
1.),(1.,0.821182298926712,1.),(1.,0.873831785115718,1.),(1.,0.921307919531203,
1.),(1.,0.97104850983342,1.),(1.,0.994904739571377,1.),(1.,0.999903195792509,
1.),(1.,1.00000000000023,1.),(1.,1.,1.)))
REPRESENTATION_ITEM('')
SURFACE()
);
#38=(
BOUNDED_SURFACE()
B_SPLINE_SURFACE(3,2,((#9244,#9245,#9246),(#9247,#9248,#9249),(#9250,#9251,
#9252),(#9253,#9254,#9255),(#9256,#9257,#9258),(#9259,#9260,#9261),(#9262,
#9263,#9264),(#9265,#9266,#9267),(#9268,#9269,#9270),(#9271,#9272,#9273)),
 .UNSPECIFIED.,.F.,.F.,.F.)
B_SPLINE_SURFACE_WITH_KNOTS((4,1,1,1,1,1,1,4),(3,3),(-1.73472347597681E-18,
0.00411183569235423,0.00822367138470845,0.0123355070770627,0.0164473427694169,
0.0246710141541254,0.0287828498464796,0.0328946855388338),(0.,1.),
 .UNSPECIFIED.)
GEOMETRIC_REPRESENTATION_ITEM()
RATIONAL_B_SPLINE_SURFACE(((1.,0.772087573146803,1.),(1.,0.786713369382191,
1.),(1.,0.82118229892552,1.),(1.,0.873831785116176,1.),(1.,0.921307919531271,
1.),(1.,0.971048509833619,1.),(1.,0.994904739571427,1.),(1.,0.999903195792523,
1.),(1.,1.00000000000023,1.),(1.,1.,1.)))
REPRESENTATION_ITEM('')
SURFACE()
);
#39=(
BOUNDED_SURFACE()
B_SPLINE_SURFACE(3,2,((#9275,#9276,#9277),(#9278,#9279,#9280),(#9281,#9282,
#9283),(#9284,#9285,#9286)),.UNSPECIFIED.,.F.,.F.,.F.)
B_SPLINE_SURFACE_WITH_KNOTS((4,4),(3,3),(-3.20923843055709E-17,0.000448477629386806),
(0.,1.),.PIECEWISE_BEZIER_KNOTS.)
GEOMETRIC_REPRESENTATION_ITEM()
RATIONAL_B_SPLINE_SURFACE(((1.,0.772087573146803,1.),(1.,0.770579779959677,
1.),(1.,0.769127211732388,1.),(1.,0.767737418978309,1.)))
REPRESENTATION_ITEM('')
SURFACE()
);
#40=(
BOUNDED_SURFACE()
B_SPLINE_SURFACE(3,2,((#9293,#9294,#9295),(#9296,#9297,#9298),(#9299,#9300,
#9301),(#9302,#9303,#9304)),.UNSPECIFIED.,.F.,.F.,.F.)
B_SPLINE_SURFACE_WITH_KNOTS((4,4),(3,3),(-2.1467203015213E-17,0.000448477629429955),
(0.,1.),.PIECEWISE_BEZIER_KNOTS.)
GEOMETRIC_REPRESENTATION_ITEM()
RATIONAL_B_SPLINE_SURFACE(((1.,0.772087573146804,1.),(1.,0.7705797799594,
1.),(1.,0.769127211743314,1.),(1.,0.767737418977858,1.)))
REPRESENTATION_ITEM('')
SURFACE()
);
#41=(
BOUNDED_SURFACE()
B_SPLINE_SURFACE(3,2,((#9306,#9307,#9308),(#9309,#9310,#9311),(#9312,#9313,
#9314),(#9315,#9316,#9317),(#9318,#9319,#9320),(#9321,#9322,#9323),(#9324,
#9325,#9326),(#9327,#9328,#9329),(#9330,#9331,#9332),(#9333,#9334,#9335)),
 .UNSPECIFIED.,.F.,.F.,.F.)
B_SPLINE_SURFACE_WITH_KNOTS((4,1,1,1,1,1,1,4),(3,3),(-1.21430643318376E-17,
0.00411183569235894,0.0082236713847179,0.0123355070770769,0.0164473427694358,
0.0246710141541537,0.0287828498465127,0.0328946855388716),(0.,1.),
 .UNSPECIFIED.)
GEOMETRIC_REPRESENTATION_ITEM()
RATIONAL_B_SPLINE_SURFACE(((1.,0.772087573146804,1.),(1.,0.786713369556306,
1.),(1.,0.821182298844805,1.),(1.,0.873831785137908,1.),(1.,0.921307919525752,
1.),(1.,0.971048509837083,1.),(1.,0.994904739570962,1.),(1.,0.999903195792641,
1.),(1.,1.00000000000023,1.),(1.,1.,1.)))
REPRESENTATION_ITEM('')
SURFACE()
);
#42=(
BOUNDED_SURFACE()
B_SPLINE_SURFACE(3,2,((#9336,#9337,#9338),(#9339,#9340,#9341),(#9342,#9343,
#9344),(#9345,#9346,#9347),(#9348,#9349,#9350),(#9351,#9352,#9353),(#9354,
#9355,#9356),(#9357,#9358,#9359),(#9360,#9361,#9362),(#9363,#9364,#9365),
(#9366,#9367,#9368),(#9369,#9370,#9371),(#9372,#9373,#9374),(#9375,#9376,
#9377),(#9378,#9379,#9380)),.UNSPECIFIED.,.F.,.F.,.F.)
B_SPLINE_SURFACE_WITH_KNOTS((4,1,1,1,1,1,1,1,1,1,1,1,4),(3,3),(0.0292968869053718,
0.032566334822428,0.0358357827394841,0.0374705066980122,0.0391052306565402,
0.0407399546150683,0.0423746785735964,0.0440094025321244,0.0456441264906525,
0.0472788504491806,0.0489135744077086,0.0521830223247647,0.0554524702418209),
(0.,1.),.UNSPECIFIED.)
GEOMETRIC_REPRESENTATION_ITEM()
RATIONAL_B_SPLINE_SURFACE(((1.,0.929345672717648,1.),(1.,0.929345672711296,
1.),(1.,0.932600842030684,1.),(1.,0.945180248832089,1.),(1.,0.958770985814871,
1.),(1.,0.97008681471392,1.),(1.,0.980625231847015,1.),(1.,0.985980179097452,
1.),(1.,0.980285887261361,1.),(1.,0.969682399906909,1.),(1.,0.958499125722662,
1.),(1.,0.944952024697378,1.),(1.,0.932507052665776,1.),(1.,0.929345672708577,
1.),(1.,0.929345672717648,1.)))
REPRESENTATION_ITEM('')
SURFACE()
);
#43=(
BOUNDED_SURFACE()
B_SPLINE_SURFACE(3,2,((#9381,#9382,#9383),(#9384,#9385,#9386),(#9387,#9388,
#9389),(#9390,#9391,#9392),(#9393,#9394,#9395),(#9396,#9397,#9398),(#9399,
#9400,#9401),(#9402,#9403,#9404),(#9405,#9406,#9407),(#9408,#9409,#9410),
(#9411,#9412,#9413),(#9414,#9415,#9416),(#9417,#9418,#9419),(#9420,#9421,
#9422),(#9423,#9424,#9425)),.UNSPECIFIED.,.F.,.F.,.F.)
B_SPLINE_SURFACE_WITH_KNOTS((4,1,1,1,1,1,1,1,1,1,1,1,4),(3,3),(0.0289159514104561,
0.0321862092988196,0.0354564671871832,0.037091596131365,0.0387267250755467,
0.0403618540197285,0.0419969829639103,0.0436321119080921,0.0452672408522738,
0.0469023697964556,0.0485374987406374,0.0518077566290009,0.0550780145173645),
(0.,1.),.UNSPECIFIED.)
GEOMETRIC_REPRESENTATION_ITEM()
RATIONAL_B_SPLINE_SURFACE(((1.,0.929345672717648,1.),(1.,0.929345672711174,
1.),(1.,0.932602126255759,1.),(1.,0.945183130133333,1.),(1.,0.958776020957573,
1.),(1.,0.970091827140893,1.),(1.,0.980629993401239,1.),(1.,0.985979509425179,
1.),(1.,0.980283382909179,1.),(1.,0.969680136428872,1.),(1.,0.958499881619301,
1.),(1.,0.944952112218577,1.),(1.,0.9325087123227,1.),(1.,0.929345672708398,
1.),(1.,0.929345672717649,1.)))
REPRESENTATION_ITEM('')
SURFACE()
);
#44=(
BOUNDED_SURFACE()
B_SPLINE_SURFACE(3,2,((#9426,#9427,#9428),(#9429,#9430,#9431),(#9432,#9433,
#9434),(#9435,#9436,#9437),(#9438,#9439,#9440),(#9441,#9442,#9443),(#9444,
#9445,#9446),(#9447,#9448,#9449),(#9450,#9451,#9452),(#9453,#9454,#9455),
(#9456,#9457,#9458),(#9459,#9460,#9461),(#9462,#9463,#9464),(#9465,#9466,
#9467),(#9468,#9469,#9470)),.UNSPECIFIED.,.F.,.F.,.F.)
B_SPLINE_SURFACE_WITH_KNOTS((4,1,1,1,1,1,1,1,1,1,1,1,4),(3,3),(0.0290520258725535,
0.0323219915755341,0.0355919572785147,0.037226940130005,0.0388619229814953,
0.0404969058329856,0.0421318886844759,0.0437668715359662,0.0454018543874565,
0.0470368372389468,0.0486718200904371,0.0519417857934177,0.0552117514963983),
(0.,1.),.UNSPECIFIED.)
GEOMETRIC_REPRESENTATION_ITEM()
RATIONAL_B_SPLINE_SURFACE(((1.,0.929345672717648,1.),(1.,0.929345672710932,
1.),(1.,0.932601664973302,1.),(1.,0.945182109588096,1.),(1.,0.958774257229293,
1.),(1.,0.970090096233625,1.),(1.,0.980628342703834,1.),(1.,0.985979748642878,
1.),(1.,0.980284222177294,1.),(1.,0.969680891219643,1.),(1.,0.958499533640941,
1.),(1.,0.944952051951637,1.),(1.,0.932508081736962,1.),(1.,0.929345672708935,
1.),(1.,0.929345672717648,1.)))
REPRESENTATION_ITEM('')
SURFACE()
);
#45=(
BOUNDED_SURFACE()
B_SPLINE_SURFACE(3,2,((#9471,#9472,#9473),(#9474,#9475,#9476),(#9477,#9478,
#9479),(#9480,#9481,#9482),(#9483,#9484,#9485),(#9486,#9487,#9488),(#9489,
#9490,#9491),(#9492,#9493,#9494),(#9495,#9496,#9497),(#9498,#9499,#9500),
(#9501,#9502,#9503),(#9504,#9505,#9506),(#9507,#9508,#9509),(#9510,#9511,
#9512),(#9513,#9514,#9515)),.UNSPECIFIED.,.F.,.F.,.F.)
B_SPLINE_SURFACE_WITH_KNOTS((4,1,1,1,1,1,1,1,1,1,1,1,4),(3,3),(0.0292968869053725,
0.0325663348224286,0.0358357827394847,0.0374705066980128,0.0391052306565409,
0.0407399546150689,0.042374678573597,0.0440094025321251,0.0456441264906531,
0.0472788504491812,0.0489135744077092,0.0521830223247654,0.0554524702418215),
(0.,1.),.UNSPECIFIED.)
GEOMETRIC_REPRESENTATION_ITEM()
RATIONAL_B_SPLINE_SURFACE(((1.,0.929345672717648,1.),(1.,0.929345672711356,
1.),(1.,0.932600842030654,1.),(1.,0.945180248832093,1.),(1.,0.958770985814871,
1.),(1.,0.970086814713921,1.),(1.,0.980625231847014,1.),(1.,0.985980179097452,
1.),(1.,0.980285887261362,1.),(1.,0.969682399906909,1.),(1.,0.95849912572266,
1.),(1.,0.944952024697392,1.),(1.,0.932507052665663,1.),(1.,0.929345672708816,
1.),(1.,0.929345672717648,1.)))
REPRESENTATION_ITEM('')
SURFACE()
);
#46=(
BOUNDED_SURFACE()
B_SPLINE_SURFACE(3,2,((#10637,#10638,#10639),(#10640,#10641,#10642),(#10643,
#10644,#10645),(#10646,#10647,#10648),(#10649,#10650,#10651),(#10652,#10653,
#10654)),.UNSPECIFIED.,.F.,.F.,.F.)
B_SPLINE_SURFACE_WITH_KNOTS((4,1,1,4),(3,3),(-3.4477629085039E-17,0.00112560520114078,
0.00225121040228159,0.00450242080456322),(0.,1.),.UNSPECIFIED.)
GEOMETRIC_REPRESENTATION_ITEM()
RATIONAL_B_SPLINE_SURFACE(((1.,0.812549415344816,1.),(1.,0.81167645022177,
1.),(1.,0.822691509175611,1.),(1.,0.845390072159989,1.),(1.,0.879666873539862,
1.),(1.,0.918609600929343,1.)))
REPRESENTATION_ITEM('')
SURFACE()
);
#47=(
BOUNDED_SURFACE()
B_SPLINE_SURFACE(3,2,((#11046,#11047,#11048),(#11049,#11050,#11051),(#11052,
#11053,#11054),(#11055,#11056,#11057),(#11058,#11059,#11060),(#11061,#11062,
#11063),(#11064,#11065,#11066),(#11067,#11068,#11069),(#11070,#11071,#11072),
(#11073,#11074,#11075),(#11076,#11077,#11078)),.UNSPECIFIED.,.F.,.F.,.F.)
B_SPLINE_SURFACE_WITH_KNOTS((4,1,1,1,1,1,1,1,4),(3,3),(0.00954647873002766,
0.0116893418559527,0.0138322049818778,0.0159750681078029,0.0181179312337279,
0.020260794359653,0.0224036574855781,0.0245465206115031,0.0266893837374282),
(0.,1.),.UNSPECIFIED.)
GEOMETRIC_REPRESENTATION_ITEM()
RATIONAL_B_SPLINE_SURFACE(((1.,0.929345672717649,1.),(1.,0.929345672743723,
1.),(1.,0.932485175974959,1.),(1.,0.942026294628182,1.),(1.,0.946994874017674,
1.),(1.,0.947024146705006,1.),(1.,0.947011364677701,1.),(1.,0.942106021280102,
1.),(1.,0.932502366604103,1.),(1.,0.929345672704356,1.),(1.,0.929345672717649,
1.)))
REPRESENTATION_ITEM('')
SURFACE()
);
#48=(
BOUNDED_SURFACE()
B_SPLINE_SURFACE(3,2,((#11079,#11080,#11081),(#11082,#11083,#11084),(#11085,
#11086,#11087),(#11088,#11089,#11090),(#11091,#11092,#11093),(#11094,#11095,
#11096),(#11097,#11098,#11099),(#11100,#11101,#11102),(#11103,#11104,#11105),
(#11106,#11107,#11108),(#11109,#11110,#11111)),.UNSPECIFIED.,.F.,.F.,.F.)
B_SPLINE_SURFACE_WITH_KNOTS((4,1,1,1,1,1,1,1,4),(3,3),(0.00751837356926477,
0.00966321884795554,0.0118080641266463,0.0139529094053371,0.0160977546840278,
0.0182425999627186,0.0203874452414094,0.0225322905201002,0.0246771357987909),
(0.,1.),.UNSPECIFIED.)
GEOMETRIC_REPRESENTATION_ITEM()
RATIONAL_B_SPLINE_SURFACE(((1.,0.929345672717648,1.),(1.,0.929345672703585,
1.),(1.,0.932482167348959,1.),(1.,0.942018835317431,1.),(1.,0.946992023824865,
1.),(1.,0.947025591920645,1.),(1.,0.947008358663661,1.),(1.,0.942131135722299,
1.),(1.,0.932493671560229,1.),(1.,0.929345672709351,1.),(1.,0.929345672717648,
1.)))
REPRESENTATION_ITEM('')
SURFACE()
);
#49=(
BOUNDED_SURFACE()
B_SPLINE_SURFACE(3,2,((#11366,#11367,#11368),(#11369,#11370,#11371),(#11372,
#11373,#11374),(#11375,#11376,#11377),(#11378,#11379,#11380),(#11381,#11382,
#11383),(#11384,#11385,#11386),(#11387,#11388,#11389),(#11390,#11391,#11392),
(#11393,#11394,#11395),(#11396,#11397,#11398)),.UNSPECIFIED.,.F.,.F.,.F.)
B_SPLINE_SURFACE_WITH_KNOTS((4,1,1,1,1,1,1,1,4),(3,3),(0.00954647873002766,
0.0116893418559527,0.0138322049818778,0.0159750681078029,0.0181179312337279,
0.020260794359653,0.0224036574855781,0.0245465206115031,0.0266893837374282),
(0.,1.),.UNSPECIFIED.)
GEOMETRIC_REPRESENTATION_ITEM()
RATIONAL_B_SPLINE_SURFACE(((1.,0.929345672717649,1.),(1.,0.929345672743723,
1.),(1.,0.932485175974959,1.),(1.,0.942026294628182,1.),(1.,0.946994874017674,
1.),(1.,0.947024146705006,1.),(1.,0.947011364677701,1.),(1.,0.942106021280102,
1.),(1.,0.932502366604103,1.),(1.,0.929345672704356,1.),(1.,0.929345672717649,
1.)))
REPRESENTATION_ITEM('')
SURFACE()
);
#50=(
BOUNDED_SURFACE()
B_SPLINE_SURFACE(3,2,((#11399,#11400,#11401),(#11402,#11403,#11404),(#11405,
#11406,#11407),(#11408,#11409,#11410),(#11411,#11412,#11413),(#11414,#11415,
#11416),(#11417,#11418,#11419),(#11420,#11421,#11422),(#11423,#11424,#11425),
(#11426,#11427,#11428),(#11429,#11430,#11431)),.UNSPECIFIED.,.F.,.F.,.F.)
B_SPLINE_SURFACE_WITH_KNOTS((4,1,1,1,1,1,1,1,4),(3,3),(0.00751837356926477,
0.00966321884795554,0.0118080641266463,0.0139529094053371,0.0160977546840279,
0.0182425999627186,0.0203874452414094,0.0225322905201002,0.0246771357987909),
(0.,1.),.UNSPECIFIED.)
GEOMETRIC_REPRESENTATION_ITEM()
RATIONAL_B_SPLINE_SURFACE(((1.,0.929345672717648,1.),(1.,0.929345672703585,
1.),(1.,0.932482167348959,1.),(1.,0.942018835317431,1.),(1.,0.946992023824865,
1.),(1.,0.947025591920644,1.),(1.,0.947008358663665,1.),(1.,0.942131135722284,
1.),(1.,0.932493671560284,1.),(1.,0.929345672709232,1.),(1.,0.929345672717649,
1.)))
REPRESENTATION_ITEM('')
SURFACE()
);
#51=(
BOUNDED_SURFACE()
B_SPLINE_SURFACE(3,2,((#11881,#11882,#11883),(#11884,#11885,#11886),(#11887,
#11888,#11889),(#11890,#11891,#11892),(#11893,#11894,#11895),(#11896,#11897,
#11898)),.UNSPECIFIED.,.F.,.F.,.F.)
B_SPLINE_SURFACE_WITH_KNOTS((4,1,1,4),(3,3),(2.22261445359528E-17,0.00301412701057048,
0.00452119051585572,0.00602825402114095),(0.,1.),.UNSPECIFIED.)
GEOMETRIC_REPRESENTATION_ITEM()
RATIONAL_B_SPLINE_SURFACE(((1.,0.812549415344828,1.),(1.,0.81517119315754,
1.),(1.,0.825728268172689,1.),(1.,0.865499439459983,1.),(1.,0.915050390709851,
1.),(1.,0.925340270800675,1.)))
REPRESENTATION_ITEM('')
SURFACE()
);
#52=(
BOUNDED_SURFACE()
B_SPLINE_SURFACE(3,2,((#12138,#12139,#12140),(#12141,#12142,#12143),(#12144,
#12145,#12146),(#12147,#12148,#12149),(#12150,#12151,#12152),(#12153,#12154,
#12155)),.UNSPECIFIED.,.F.,.F.,.F.)
B_SPLINE_SURFACE_WITH_KNOTS((4,1,1,4),(3,3),(3.82723366887383E-17,0.00301458966036076,
0.00452188449054112,0.00602917932072148),(0.,1.),.UNSPECIFIED.)
GEOMETRIC_REPRESENTATION_ITEM()
RATIONAL_B_SPLINE_SURFACE(((1.,0.812556531699468,1.),(1.,0.815238529821112,
1.),(1.,0.825748016910985,1.),(1.,0.86550028478036,1.),(1.,0.915083215888744,
1.),(1.,0.925377937408984,1.)))
REPRESENTATION_ITEM('')
SURFACE()
);
#53=(
BOUNDED_SURFACE()
B_SPLINE_SURFACE(3,2,((#12157,#12158,#12159),(#12160,#12161,#12162),(#12163,
#12164,#12165),(#12166,#12167,#12168),(#12169,#12170,#12171),(#12172,#12173,
#12174)),.UNSPECIFIED.,.F.,.F.,.F.)
B_SPLINE_SURFACE_WITH_KNOTS((4,1,1,4),(3,3),(-1.25767452008319E-17,0.00112542769014662,
0.00225085538029325,0.00450171076058652),(0.,1.),.UNSPECIFIED.)
GEOMETRIC_REPRESENTATION_ITEM()
RATIONAL_B_SPLINE_SURFACE(((1.,0.81255653169946,1.),(1.,0.811663936941123,
1.),(1.,0.822667200859993,1.),(1.,0.845391140156533,1.),(1.,0.879397315511193,
1.),(1.,0.918481779190912,1.)))
REPRESENTATION_ITEM('')
SURFACE()
);
#54=(
BOUNDED_SURFACE()
B_SPLINE_SURFACE(3,2,((#12517,#12518,#12519),(#12520,#12521,#12522),(#12523,
#12524,#12525),(#12526,#12527,#12528)),.UNSPECIFIED.,.F.,.F.,.F.)
B_SPLINE_SURFACE_WITH_KNOTS((4,4),(3,3),(0.0544358029053587,0.0696972813774883),
(0.00521898081556022,1.),.PIECEWISE_BEZIER_KNOTS.)
GEOMETRIC_REPRESENTATION_ITEM()
RATIONAL_B_SPLINE_SURFACE(((0.996536446926959,0.668177255728278,1.),(0.996536446693969,
0.668177233406915,1.),(0.996536446692064,0.668177233224441,1.),(0.996536446928062,
0.668177255834028,1.)))
REPRESENTATION_ITEM('')
SURFACE()
);
#55=(
BOUNDED_SURFACE()
B_SPLINE_SURFACE(3,2,((#12529,#12530,#12531),(#12532,#12533,#12534),(#12535,
#12536,#12537),(#12538,#12539,#12540)),.UNSPECIFIED.,.F.,.F.,.F.)
B_SPLINE_SURFACE_WITH_KNOTS((4,4),(3,3),(0.0528531689570039,0.0712740764938023),
(0.,1.),.PIECEWISE_BEZIER_KNOTS.)
GEOMETRIC_REPRESENTATION_ITEM()
RATIONAL_B_SPLINE_SURFACE(((1.,0.742822072690493,1.),(1.,0.742822097064031,
1.),(1.,0.742822097063691,1.),(1.,0.742822072690494,1.)))
REPRESENTATION_ITEM('')
SURFACE()
);
#56=(
BOUNDED_SURFACE()
B_SPLINE_SURFACE(3,2,((#12541,#12542,#12543),(#12544,#12545,#12546),(#12547,
#12548,#12549),(#12550,#12551,#12552)),.UNSPECIFIED.,.F.,.F.,.F.)
B_SPLINE_SURFACE_WITH_KNOTS((4,4),(3,3),(0.0528531689570041,0.0712740764937986),
(0.,1.),.PIECEWISE_BEZIER_KNOTS.)
GEOMETRIC_REPRESENTATION_ITEM()
RATIONAL_B_SPLINE_SURFACE(((1.,0.742822072690493,1.),(1.,0.742822097064712,
1.),(1.,0.742822097067098,1.),(1.,0.742822072690493,1.)))
REPRESENTATION_ITEM('')
SURFACE()
);
#57=(
BOUNDED_SURFACE()
B_SPLINE_SURFACE(3,2,((#12553,#12554,#12555),(#12556,#12557,#12558),(#12559,
#12560,#12561),(#12562,#12563,#12564)),.UNSPECIFIED.,.F.,.F.,.F.)
B_SPLINE_SURFACE_WITH_KNOTS((4,4),(3,3),(0.0544358029053587,0.0696972813774883),
(0.00521898081556025,1.),.PIECEWISE_BEZIER_KNOTS.)
GEOMETRIC_REPRESENTATION_ITEM()
RATIONAL_B_SPLINE_SURFACE(((0.996536446926959,0.668177255728277,1.),(0.996536446693998,
0.668177233409723,1.),(0.996536446692059,0.668177233223879,1.),(0.996536446928062,
0.668177255834028,1.)))
REPRESENTATION_ITEM('')
SURFACE()
);
#58=ELLIPSE('',#5428,0.02825,0.02025);
#59=ELLIPSE('',#5429,0.02825,0.02025);
#60=ELLIPSE('',#5430,0.02825,0.02025);
#61=ELLIPSE('',#5431,0.02825,0.02025);
#62=ELLIPSE('',#5646,0.85267557313982,0.0669354731608313);
#63=ELLIPSE('',#5656,0.0204166666666666,0.01225);
#64=ELLIPSE('',#5659,0.0204166666666666,0.01225);
#65=ELLIPSE('',#5661,0.0204166666666666,0.01225);
#66=ELLIPSE('',#5664,0.0204166666666666,0.01225);
#67=ELLIPSE('',#5701,0.0034375,0.00275);
#68=ELLIPSE('',#5703,0.0034375,0.00275);
#69=ELLIPSE('',#5716,0.0204166666666666,0.01225);
#70=ELLIPSE('',#5719,0.0204166666666666,0.01225);
#71=ELLIPSE('',#5721,0.0204166666666666,0.01225);
#72=ELLIPSE('',#5724,0.0204166666666666,0.01225);
#73=ELLIPSE('',#5754,0.0034375,0.00275);
#74=ELLIPSE('',#5756,0.0034375,0.00275);
#75=B_SPLINE_SURFACE_WITH_KNOTS('',3,3,((#7413,#7414,#7415,#7416),(#7417,
#7418,#7419,#7420),(#7421,#7422,#7423,#7424),(#7425,#7426,#7427,#7428),
(#7429,#7430,#7431,#7432),(#7433,#7434,#7435,#7436),(#7437,#7438,#7439,
#7440),(#7441,#7442,#7443,#7444),(#7445,#7446,#7447,#7448),(#7449,#7450,
#7451,#7452),(#7453,#7454,#7455,#7456),(#7457,#7458,#7459,#7460),(#7461,
#7462,#7463,#7464),(#7465,#7466,#7467,#7468)),.UNSPECIFIED.,.F.,.F.,.F.,
(4,2,2,2,2,2,4),(4,4),(0.,0.125,0.25,0.375,0.5,0.625,0.716550261232531),
(0.114127575607013,0.827075335630279),.UNSPECIFIED.);
#76=B_SPLINE_SURFACE_WITH_KNOTS('',3,3,((#7510,#7511,#7512,#7513),(#7514,
#7515,#7516,#7517),(#7518,#7519,#7520,#7521),(#7522,#7523,#7524,#7525),
(#7526,#7527,#7528,#7529),(#7530,#7531,#7532,#7533),(#7534,#7535,#7536,
#7537),(#7538,#7539,#7540,#7541),(#7542,#7543,#7544,#7545),(#7546,#7547,
#7548,#7549),(#7550,#7551,#7552,#7553),(#7554,#7555,#7556,#7557),(#7558,
#7559,#7560,#7561),(#7562,#7563,#7564,#7565)),.UNSPECIFIED.,.F.,.F.,.F.,
(4,2,2,2,2,2,4),(4,4),(0.,0.125,0.25,0.375,0.5,0.625,0.716550880425885),
(0.114127575607013,0.827075335630278),.UNSPECIFIED.);
#77=B_SPLINE_SURFACE_WITH_KNOTS('',3,3,((#7586,#7587,#7588,#7589),(#7590,
#7591,#7592,#7593),(#7594,#7595,#7596,#7597),(#7598,#7599,#7600,#7601),
(#7602,#7603,#7604,#7605),(#7606,#7607,#7608,#7609),(#7610,#7611,#7612,
#7613),(#7614,#7615,#7616,#7617),(#7618,#7619,#7620,#7621),(#7622,#7623,
#7624,#7625),(#7626,#7627,#7628,#7629),(#7630,#7631,#7632,#7633),(#7634,
#7635,#7636,#7637),(#7638,#7639,#7640,#7641)),.UNSPECIFIED.,.F.,.F.,.F.,
(4,2,2,2,2,2,4),(4,4),(0.,0.125,0.25,0.375,0.5,0.625,0.716550286485095),
(0.114127575617396,0.827075335630216),.UNSPECIFIED.);
#78=B_SPLINE_SURFACE_WITH_KNOTS('',3,1,((#7668,#7669),(#7670,#7671),(#7672,
#7673),(#7674,#7675),(#7676,#7677),(#7678,#7679),(#7680,#7681)),
 .SURF_OF_LINEAR_EXTRUSION.,.F.,.F.,.F.,(4,1,1,1,4),(2,2),(0.655209398010606,
1.11300286240275,1.5707963267949,2.02858979118704,2.48638325557919),(0.,
1.),.UNSPECIFIED.);
#79=B_SPLINE_SURFACE_WITH_KNOTS('',3,1,((#7690,#7691),(#7692,#7693),(#7694,
#7695),(#7696,#7697),(#7698,#7699),(#7700,#7701),(#7702,#7703)),
 .SURF_OF_LINEAR_EXTRUSION.,.F.,.F.,.F.,(4,1,1,1,4),(2,2),(3.7968020516004,
4.25459551599254,4.71238898038469,5.17018244477683,5.62797590916898),(0.,
1.),.UNSPECIFIED.);
#80=B_SPLINE_SURFACE_WITH_KNOTS('',3,1,((#7893,#7894),(#7895,#7896),(#7897,
#7898),(#7899,#7900)),.SURF_OF_LINEAR_EXTRUSION.,.F.,.F.,.F.,(4,4),(2,2),
(0.,1.),(0.,1.),.PIECEWISE_BEZIER_KNOTS.);
#81=B_SPLINE_SURFACE_WITH_KNOTS('',3,1,((#7920,#7921),(#7922,#7923),(#7924,
#7925),(#7926,#7927)),.SURF_OF_LINEAR_EXTRUSION.,.F.,.F.,.F.,(4,4),(2,2),
(0.,1.),(0.,1.),.PIECEWISE_BEZIER_KNOTS.);
#82=B_SPLINE_SURFACE_WITH_KNOTS('',3,3,((#7979,#7980,#7981,#7982),(#7983,
#7984,#7985,#7986),(#7987,#7988,#7989,#7990),(#7991,#7992,#7993,#7994),
(#7995,#7996,#7997,#7998),(#7999,#8000,#8001,#8002),(#8003,#8004,#8005,
#8006),(#8007,#8008,#8009,#8010),(#8011,#8012,#8013,#8014),(#8015,#8016,
#8017,#8018)),.UNSPECIFIED.,.F.,.F.,.F.,(4,3,3,4),(4,4),(-0.00801960862058848,
0.,1.,1.02702647588907),(0.118345210440475,1.),.PIECEWISE_BEZIER_KNOTS.);
#83=B_SPLINE_SURFACE_WITH_KNOTS('',3,3,((#8038,#8039,#8040,#8041),(#8042,
#8043,#8044,#8045),(#8046,#8047,#8048,#8049),(#8050,#8051,#8052,#8053),
(#8054,#8055,#8056,#8057),(#8058,#8059,#8060,#8061),(#8062,#8063,#8064,
#8065),(#8066,#8067,#8068,#8069),(#8070,#8071,#8072,#8073),(#8074,#8075,
#8076,#8077)),.UNSPECIFIED.,.F.,.F.,.F.,(4,2,2,2,4),(4,4),(0.517958333333333,
0.625,0.75,0.875,1.),(0.188879523012196,1.),.UNSPECIFIED.);
#84=B_SPLINE_SURFACE_WITH_KNOTS('',3,3,((#8088,#8089,#8090,#8091),(#8092,
#8093,#8094,#8095),(#8096,#8097,#8098,#8099),(#8100,#8101,#8102,#8103),
(#8104,#8105,#8106,#8107),(#8108,#8109,#8110,#8111),(#8112,#8113,#8114,
#8115),(#8116,#8117,#8118,#8119),(#8120,#8121,#8122,#8123),(#8124,#8125,
#8126,#8127)),.UNSPECIFIED.,.F.,.F.,.F.,(4,3,3,4),(4,4),(-0.00801960862058953,
0.,1.,1.02702647588906),(0.118345210441443,1.),.PIECEWISE_BEZIER_KNOTS.);
#85=B_SPLINE_SURFACE_WITH_KNOTS('',3,3,((#8152,#8153,#8154,#8155),(#8156,
#8157,#8158,#8159),(#8160,#8161,#8162,#8163),(#8164,#8165,#8166,#8167),
(#8168,#8169,#8170,#8171),(#8172,#8173,#8174,#8175),(#8176,#8177,#8178,
#8179),(#8180,#8181,#8182,#8183),(#8184,#8185,#8186,#8187),(#8188,#8189,
#8190,#8191),(#8192,#8193,#8194,#8195),(#8196,#8197,#8198,#8199),(#8200,
#8201,#8202,#8203),(#8204,#8205,#8206,#8207)),.UNSPECIFIED.,.F.,.F.,.F.,
(4,2,2,2,2,2,4),(4,4),(0.,0.125,0.25,0.375,0.5,0.625,0.716550286861536),
(0.114127575608795,0.827075335630268),.UNSPECIFIED.);
#86=B_SPLINE_SURFACE_WITH_KNOTS('',3,3,((#8223,#8224,#8225,#8226),(#8227,
#8228,#8229,#8230),(#8231,#8232,#8233,#8234),(#8235,#8236,#8237,#8238),
(#8239,#8240,#8241,#8242),(#8243,#8244,#8245,#8246),(#8247,#8248,#8249,
#8250),(#8251,#8252,#8253,#8254),(#8255,#8256,#8257,#8258),(#8259,#8260,
#8261,#8262)),.UNSPECIFIED.,.F.,.F.,.F.,(4,2,2,2,4),(4,4),(0.517958333333334,
0.625,0.75,0.875,1.),(0.188879523008856,1.),.UNSPECIFIED.);
#87=B_SPLINE_SURFACE_WITH_KNOTS('',3,1,((#8344,#8345),(#8346,#8347),(#8348,
#8349),(#8350,#8351)),.SURF_OF_LINEAR_EXTRUSION.,.F.,.F.,.F.,(4,4),(2,2),
(0.,1.),(0.,1.),.PIECEWISE_BEZIER_KNOTS.);
#88=B_SPLINE_SURFACE_WITH_KNOTS('',3,1,((#8373,#8374),(#8375,#8376),(#8377,
#8378),(#8379,#8380)),.SURF_OF_LINEAR_EXTRUSION.,.F.,.F.,.F.,(4,4),(2,2),
(0.,1.),(0.,1.),.PIECEWISE_BEZIER_KNOTS.);
#89=B_SPLINE_SURFACE_WITH_KNOTS('',3,3,((#8422,#8423,#8424,#8425),(#8426,
#8427,#8428,#8429),(#8430,#8431,#8432,#8433),(#8434,#8435,#8436,#8437),
(#8438,#8439,#8440,#8441),(#8442,#8443,#8444,#8445),(#8446,#8447,#8448,
#8449),(#8450,#8451,#8452,#8453),(#8454,#8455,#8456,#8457),(#8458,#8459,
#8460,#8461)),.UNSPECIFIED.,.F.,.F.,.F.,(4,3,3,4),(4,4),(-0.00801960862059352,
0.,1.,1.02702647588906),(0.118345210441443,1.),.PIECEWISE_BEZIER_KNOTS.);
#90=B_SPLINE_SURFACE_WITH_KNOTS('',3,3,((#8476,#8477,#8478,#8479),(#8480,
#8481,#8482,#8483),(#8484,#8485,#8486,#8487),(#8488,#8489,#8490,#8491),
(#8492,#8493,#8494,#8495),(#8496,#8497,#8498,#8499),(#8500,#8501,#8502,
#8503),(#8504,#8505,#8506,#8507),(#8508,#8509,#8510,#8511),(#8512,#8513,
#8514,#8515)),.UNSPECIFIED.,.F.,.F.,.F.,(4,2,2,2,4),(4,4),(0.517958333333333,
0.625,0.75,0.875,1.),(0.188879523008853,1.),.UNSPECIFIED.);
#91=B_SPLINE_SURFACE_WITH_KNOTS('',3,3,((#8523,#8524,#8525,#8526),(#8527,
#8528,#8529,#8530),(#8531,#8532,#8533,#8534),(#8535,#8536,#8537,#8538),
(#8539,#8540,#8541,#8542),(#8543,#8544,#8545,#8546),(#8547,#8548,#8549,
#8550),(#8551,#8552,#8553,#8554),(#8555,#8556,#8557,#8558),(#8559,#8560,
#8561,#8562)),.UNSPECIFIED.,.F.,.F.,.F.,(4,3,3,4),(4,4),(-0.00801960862058959,
0.,1.,1.02702647588907),(0.118345210440475,1.),.PIECEWISE_BEZIER_KNOTS.);
#92=B_SPLINE_SURFACE_WITH_KNOTS('',3,3,((#8577,#8578,#8579,#8580),(#8581,
#8582,#8583,#8584),(#8585,#8586,#8587,#8588),(#8589,#8590,#8591,#8592),
(#8593,#8594,#8595,#8596),(#8597,#8598,#8599,#8600),(#8601,#8602,#8603,
#8604),(#8605,#8606,#8607,#8608),(#8609,#8610,#8611,#8612),(#8613,#8614,
#8615,#8616)),.UNSPECIFIED.,.F.,.F.,.F.,(4,2,2,2,4),(4,4),(0.517958333333334,
0.625,0.75,0.875,1.),(0.188879523012182,1.),.UNSPECIFIED.);
#93=B_SPLINE_SURFACE_WITH_KNOTS('',3,1,((#9579,#9580),(#9581,#9582),(#9583,
#9584),(#9585,#9586),(#9587,#9588),(#9589,#9590),(#9591,#9592)),
 .SURF_OF_LINEAR_EXTRUSION.,.F.,.F.,.F.,(4,1,1,1,4),(2,2),(0.0997630126157952,
0.324822243290001,0.549881473964207,0.774940704638412,0.999999935312618),
(0.,1.),.UNSPECIFIED.);
#94=B_SPLINE_SURFACE_WITH_KNOTS('',3,1,((#9650,#9651),(#9652,#9653),(#9654,
#9655),(#9656,#9657),(#9658,#9659),(#9660,#9661),(#9662,#9663)),
 .SURF_OF_LINEAR_EXTRUSION.,.F.,.F.,.F.,(4,1,1,1,4),(2,2),(-0.00540136458013928,
0.222358584970738,0.450118534521614,0.677878484072491,0.905638433623368),
(0.,1.),.UNSPECIFIED.);
#95=B_SPLINE_SURFACE_WITH_KNOTS('',3,3,((#9722,#9723,#9724,#9725),(#9726,
#9727,#9728,#9729),(#9730,#9731,#9732,#9733),(#9734,#9735,#9736,#9737),
(#9738,#9739,#9740,#9741),(#9742,#9743,#9744,#9745),(#9746,#9747,#9748,
#9749),(#9750,#9751,#9752,#9753),(#9754,#9755,#9756,#9757),(#9758,#9759,
#9760,#9761),(#9762,#9763,#9764,#9765),(#9766,#9767,#9768,#9769),(#9770,
#9771,#9772,#9773),(#9774,#9775,#9776,#9777),(#9778,#9779,#9780,#9781),
(#9782,#9783,#9784,#9785),(#9786,#9787,#9788,#9789),(#9790,#9791,#9792,
#9793),(#9794,#9795,#9796,#9797),(#9798,#9799,#9800,#9801),(#9802,#9803,
#9804,#9805),(#9806,#9807,#9808,#9809),(#9810,#9811,#9812,#9813),(#9814,
#9815,#9816,#9817),(#9818,#9819,#9820,#9821),(#9822,#9823,#9824,#9825),
(#9826,#9827,#9828,#9829),(#9830,#9831,#9832,#9833),(#9834,#9835,#9836,
#9837),(#9838,#9839,#9840,#9841),(#9842,#9843,#9844,#9845),(#9846,#9847,
#9848,#9849),(#9850,#9851,#9852,#9853),(#9854,#9855,#9856,#9857)),
 .UNSPECIFIED.,.F.,.F.,.F.,(4,2,2,2,2,2,2,2,2,2,2,2,2,2,2,2,4),(4,4),(0.,
0.0625,0.125,0.1875,0.25,0.3125,0.375,0.4375,0.5,0.5625,0.625,0.6875,0.75,
0.8125,0.875,0.9375,1.),(0.,1.),.UNSPECIFIED.);
#96=B_SPLINE_SURFACE_WITH_KNOTS('',3,1,((#9909,#9910),(#9911,#9912),(#9913,
#9914),(#9915,#9916)),.SURF_OF_LINEAR_EXTRUSION.,.F.,.F.,.F.,(4,4),(2,2),
(0.207449253289031,1.00472708984744),(0.,1.),.PIECEWISE_BEZIER_KNOTS.);
#97=B_SPLINE_SURFACE_WITH_KNOTS('',3,1,((#10020,#10021),(#10022,#10023),
(#10024,#10025),(#10026,#10027)),.SURF_OF_LINEAR_EXTRUSION.,.F.,.F.,.F.,
(4,4),(2,2),(0.207449253288866,1.00000014615244),(0.,1.),
 .PIECEWISE_BEZIER_KNOTS.);
#98=B_SPLINE_SURFACE_WITH_KNOTS('',3,3,((#10087,#10088,#10089,#10090),(#10091,
#10092,#10093,#10094),(#10095,#10096,#10097,#10098),(#10099,#10100,#10101,
#10102),(#10103,#10104,#10105,#10106),(#10107,#10108,#10109,#10110),(#10111,
#10112,#10113,#10114),(#10115,#10116,#10117,#10118),(#10119,#10120,#10121,
#10122),(#10123,#10124,#10125,#10126),(#10127,#10128,#10129,#10130),(#10131,
#10132,#10133,#10134),(#10135,#10136,#10137,#10138),(#10139,#10140,#10141,
#10142),(#10143,#10144,#10145,#10146),(#10147,#10148,#10149,#10150),(#10151,
#10152,#10153,#10154),(#10155,#10156,#10157,#10158),(#10159,#10160,#10161,
#10162),(#10163,#10164,#10165,#10166),(#10167,#10168,#10169,#10170),(#10171,
#10172,#10173,#10174),(#10175,#10176,#10177,#10178),(#10179,#10180,#10181,
#10182),(#10183,#10184,#10185,#10186),(#10187,#10188,#10189,#10190),(#10191,
#10192,#10193,#10194),(#10195,#10196,#10197,#10198),(#10199,#10200,#10201,
#10202),(#10203,#10204,#10205,#10206),(#10207,#10208,#10209,#10210),(#10211,
#10212,#10213,#10214),(#10215,#10216,#10217,#10218),(#10219,#10220,#10221,
#10222)),.UNSPECIFIED.,.F.,.F.,.F.,(4,2,2,2,2,2,2,2,2,2,2,2,2,2,2,2,4),
(4,4),(0.,0.0625,0.125,0.1875,0.25,0.3125,0.375,0.4375,0.5,0.5625,0.625,
0.6875,0.75,0.8125,0.875,0.9375,1.),(0.,1.),.UNSPECIFIED.);
#99=B_SPLINE_SURFACE_WITH_KNOTS('',3,3,((#10519,#10520,#10521,#10522),(#10523,
#10524,#10525,#10526),(#10527,#10528,#10529,#10530),(#10531,#10532,#10533,
#10534),(#10535,#10536,#10537,#10538),(#10539,#10540,#10541,#10542),(#10543,
#10544,#10545,#10546),(#10547,#10548,#10549,#10550),(#10551,#10552,#10553,
#10554),(#10555,#10556,#10557,#10558),(#10559,#10560,#10561,#10562),(#10563,
#10564,#10565,#10566),(#10567,#10568,#10569,#10570),(#10571,#10572,#10573,
#10574),(#10575,#10576,#10577,#10578),(#10579,#10580,#10581,#10582)),
 .UNSPECIFIED.,.F.,.F.,.F.,(4,2,2,2,2,2,2,4),(4,4),(0.,0.120658514653553,
0.241317029307106,0.36197554396066,0.482634058614212,0.611975543960659,
0.741317029307106,1.),(0.0283371326753833,1.),.UNSPECIFIED.);
#100=B_SPLINE_SURFACE_WITH_KNOTS('',3,3,((#10667,#10668,#10669,#10670),
(#10671,#10672,#10673,#10674),(#10675,#10676,#10677,#10678),(#10679,#10680,
#10681,#10682)),.UNSPECIFIED.,.F.,.F.,.F.,(4,4),(4,4),(0.,1.),(0.828159964039836,
1.),.PIECEWISE_BEZIER_KNOTS.);
#101=B_SPLINE_SURFACE_WITH_KNOTS('',3,3,((#11491,#11492,#11493,#11494,#11495,
#11496,#11497,#11498,#11499,#11500,#11501,#11502,#11503,#11504,#11505,#11506,
#11507,#11508,#11509,#11510,#11511,#11512),(#11513,#11514,#11515,#11516,
#11517,#11518,#11519,#11520,#11521,#11522,#11523,#11524,#11525,#11526,#11527,
#11528,#11529,#11530,#11531,#11532,#11533,#11534),(#11535,#11536,#11537,
#11538,#11539,#11540,#11541,#11542,#11543,#11544,#11545,#11546,#11547,#11548,
#11549,#11550,#11551,#11552,#11553,#11554,#11555,#11556),(#11557,#11558,
#11559,#11560,#11561,#11562,#11563,#11564,#11565,#11566,#11567,#11568,#11569,
#11570,#11571,#11572,#11573,#11574,#11575,#11576,#11577,#11578),(#11579,
#11580,#11581,#11582,#11583,#11584,#11585,#11586,#11587,#11588,#11589,#11590,
#11591,#11592,#11593,#11594,#11595,#11596,#11597,#11598,#11599,#11600),
(#11601,#11602,#11603,#11604,#11605,#11606,#11607,#11608,#11609,#11610,
#11611,#11612,#11613,#11614,#11615,#11616,#11617,#11618,#11619,#11620,#11621,
#11622),(#11623,#11624,#11625,#11626,#11627,#11628,#11629,#11630,#11631,
#11632,#11633,#11634,#11635,#11636,#11637,#11638,#11639,#11640,#11641,#11642,
#11643,#11644),(#11645,#11646,#11647,#11648,#11649,#11650,#11651,#11652,
#11653,#11654,#11655,#11656,#11657,#11658,#11659,#11660,#11661,#11662,#11663,
#11664,#11665,#11666),(#11667,#11668,#11669,#11670,#11671,#11672,#11673,
#11674,#11675,#11676,#11677,#11678,#11679,#11680,#11681,#11682,#11683,#11684,
#11685,#11686,#11687,#11688),(#11689,#11690,#11691,#11692,#11693,#11694,
#11695,#11696,#11697,#11698,#11699,#11700,#11701,#11702,#11703,#11704,#11705,
#11706,#11707,#11708,#11709,#11710),(#11711,#11712,#11713,#11714,#11715,
#11716,#11717,#11718,#11719,#11720,#11721,#11722,#11723,#11724,#11725,#11726,
#11727,#11728,#11729,#11730,#11731,#11732),(#11733,#11734,#11735,#11736,
#11737,#11738,#11739,#11740,#11741,#11742,#11743,#11744,#11745,#11746,#11747,
#11748,#11749,#11750,#11751,#11752,#11753,#11754),(#11755,#11756,#11757,
#11758,#11759,#11760,#11761,#11762,#11763,#11764,#11765,#11766,#11767,#11768,
#11769,#11770,#11771,#11772,#11773,#11774,#11775,#11776),(#11777,#11778,
#11779,#11780,#11781,#11782,#11783,#11784,#11785,#11786,#11787,#11788,#11789,
#11790,#11791,#11792,#11793,#11794,#11795,#11796,#11797,#11798)),
 .UNSPECIFIED.,.F.,.F.,.F.,(4,2,2,2,2,2,4),(4,2,2,2,2,2,2,2,2,2,4),(0.,
0.25,0.375,0.5,0.625,0.75,1.),(0.,0.0278719388311343,0.0557438776622685,
0.0836158164934027,0.111487755324537,0.167231632986806,0.222975510649074,
0.278719388311343,0.334463265973611,0.445951021298148,1.),.UNSPECIFIED.);
#102=B_SPLINE_SURFACE_WITH_KNOTS('',3,3,((#11825,#11826,#11827,#11828),
(#11829,#11830,#11831,#11832),(#11833,#11834,#11835,#11836),(#11837,#11838,
#11839,#11840),(#11841,#11842,#11843,#11844),(#11845,#11846,#11847,#11848),
(#11849,#11850,#11851,#11852),(#11853,#11854,#11855,#11856),(#11857,#11858,
#11859,#11860)),.UNSPECIFIED.,.F.,.F.,.F.,(4,3,2,4),(4,4),(-0.0358893437261381,
0.,0.5,1.),(0.,1.),.UNSPECIFIED.);
#103=B_SPLINE_SURFACE_WITH_KNOTS('',3,3,((#11865,#11866,#11867,#11868),
(#11869,#11870,#11871,#11872),(#11873,#11874,#11875,#11876),(#11877,#11878,
#11879,#11880)),.UNSPECIFIED.,.F.,.F.,.F.,(4,4),(4,4),(0.,1.),(0.828159964053755,
1.),.PIECEWISE_BEZIER_KNOTS.);
#104=B_SPLINE_SURFACE_WITH_KNOTS('',3,3,((#11899,#11900,#11901,#11902,#11903,
#11904,#11905,#11906,#11907,#11908,#11909,#11910),(#11911,#11912,#11913,
#11914,#11915,#11916,#11917,#11918,#11919,#11920,#11921,#11922),(#11923,
#11924,#11925,#11926,#11927,#11928,#11929,#11930,#11931,#11932,#11933,#11934),
(#11935,#11936,#11937,#11938,#11939,#11940,#11941,#11942,#11943,#11944,
#11945,#11946),(#11947,#11948,#11949,#11950,#11951,#11952,#11953,#11954,
#11955,#11956,#11957,#11958),(#11959,#11960,#11961,#11962,#11963,#11964,
#11965,#11966,#11967,#11968,#11969,#11970),(#11971,#11972,#11973,#11974,
#11975,#11976,#11977,#11978,#11979,#11980,#11981,#11982),(#11983,#11984,
#11985,#11986,#11987,#11988,#11989,#11990,#11991,#11992,#11993,#11994),
(#11995,#11996,#11997,#11998,#11999,#12000,#12001,#12002,#12003,#12004,
#12005,#12006),(#12007,#12008,#12009,#12010,#12011,#12012,#12013,#12014,
#12015,#12016,#12017,#12018)),.UNSPECIFIED.,.F.,.F.,.F.,(4,2,2,2,4),(4,
2,2,2,2,4),(0.,0.25,0.5,0.75,1.),(0.,0.111487755324537,0.222975510649074,
0.334463265973611,0.445951021298148,1.),.UNSPECIFIED.);
#105=B_SPLINE_SURFACE_WITH_KNOTS('',3,3,((#12045,#12046,#12047,#12048),
(#12049,#12050,#12051,#12052),(#12053,#12054,#12055,#12056),(#12057,#12058,
#12059,#12060),(#12061,#12062,#12063,#12064),(#12065,#12066,#12067,#12068),
(#12069,#12070,#12071,#12072)),.UNSPECIFIED.,.F.,.F.,.F.,(4,3,4),(4,4),
(-0.0358853867745835,0.,1.),(0.,1.),.PIECEWISE_BEZIER_KNOTS.);
#106=B_SPLINE_SURFACE_WITH_KNOTS('',3,3,((#12082,#12083,#12084,#12085),
(#12086,#12087,#12088,#12089),(#12090,#12091,#12092,#12093),(#12094,#12095,
#12096,#12097),(#12098,#12099,#12100,#12101),(#12102,#12103,#12104,#12105),
(#12106,#12107,#12108,#12109),(#12110,#12111,#12112,#12113),(#12114,#12115,
#12116,#12117),(#12118,#12119,#12120,#12121)),.UNSPECIFIED.,.F.,.F.,.F.,
(4,2,2,2,4),(4,4),(0.,0.241317029307106,0.482634058614212,0.741317029307106,
1.),(0.0283368993902424,1.),.UNSPECIFIED.);
#107=B_SPLINE_SURFACE_WITH_KNOTS('',3,1,((#12275,#12276),(#12277,#12278),
(#12279,#12280),(#12281,#12282)),.SURF_OF_LINEAR_EXTRUSION.,.F.,.F.,.F.,
(4,4),(2,2),(-0.00599993993089216,1.00600061451178),(0.,1.),
 .PIECEWISE_BEZIER_KNOTS.);
#108=B_SPLINE_SURFACE_WITH_KNOTS('',3,1,((#12283,#12284),(#12285,#12286),
(#12287,#12288),(#12289,#12290)),.SURF_OF_LINEAR_EXTRUSION.,.F.,.F.,.F.,
(4,4),(2,2),(6.33563171834677E-8,1.00600061451178),(0.,1.),
 .PIECEWISE_BEZIER_KNOTS.);
#109=B_SPLINE_SURFACE_WITH_KNOTS('',3,1,((#12385,#12386),(#12387,#12388),
(#12389,#12390),(#12391,#12392)),.SURF_OF_LINEAR_EXTRUSION.,.F.,.F.,.F.,
(4,4),(2,2),(-0.00599993993089189,1.00600061451178),(0.,1.),
 .PIECEWISE_BEZIER_KNOTS.);
#110=B_SPLINE_SURFACE_WITH_KNOTS('',3,1,((#12394,#12395),(#12396,#12397),
(#12398,#12399),(#12400,#12401)),.SURF_OF_LINEAR_EXTRUSION.,.F.,.F.,.F.,
(4,4),(2,2),(-0.00599993993089227,1.00600061451178),(0.,1.),
 .PIECEWISE_BEZIER_KNOTS.);
#111=LINE('',#7291,#362);
#112=LINE('',#7347,#363);
#113=LINE('',#7496,#364);
#114=LINE('',#7504,#365);
#115=LINE('',#7682,#366);
#116=LINE('',#7687,#367);
#117=LINE('',#7704,#368);
#118=LINE('',#7709,#369);
#119=LINE('',#7715,#370);
#120=LINE('',#7719,#371);
#121=LINE('',#7723,#372);
#122=LINE('',#7724,#373);
#123=LINE('',#7728,#374);
#124=LINE('',#7732,#375);
#125=LINE('',#7734,#376);
#126=LINE('',#7740,#377);
#127=LINE('',#7744,#378);
#128=LINE('',#7750,#379);
#129=LINE('',#7752,#380);
#130=LINE('',#7754,#381);
#131=LINE('',#7760,#382);
#132=LINE('',#7764,#383);
#133=LINE('',#7770,#384);
#134=LINE('',#7777,#385);
#135=LINE('',#7779,#386);
#136=LINE('',#7781,#387);
#137=LINE('',#7783,#388);
#138=LINE('',#7790,#389);
#139=LINE('',#7791,#390);
#140=LINE('',#7797,#391);
#141=LINE('',#7799,#392);
#142=LINE('',#7801,#393);
#143=LINE('',#7803,#394);
#144=LINE('',#7805,#395);
#145=LINE('',#7812,#396);
#146=LINE('',#7814,#397);
#147=LINE('',#7816,#398);
#148=LINE('',#7818,#399);
#149=LINE('',#7820,#400);
#150=LINE('',#7828,#401);
#151=LINE('',#7829,#402);
#152=LINE('',#7831,#403);
#153=LINE('',#7833,#404);
#154=LINE('',#7837,#405);
#155=LINE('',#7865,#406);
#156=LINE('',#7872,#407);
#157=LINE('',#7874,#408);
#158=LINE('',#7876,#409);
#159=LINE('',#7878,#410);
#160=LINE('',#7880,#411);
#161=LINE('',#7882,#412);
#162=LINE('',#7884,#413);
#163=LINE('',#7886,#414);
#164=LINE('',#7892,#415);
#165=LINE('',#7928,#416);
#166=LINE('',#7939,#417);
#167=LINE('',#7950,#418);
#168=LINE('',#7959,#419);
#169=LINE('',#7961,#420);
#170=LINE('',#7962,#421);
#171=LINE('',#7964,#422);
#172=LINE('',#7966,#423);
#173=LINE('',#7968,#424);
#174=LINE('',#7972,#425);
#175=LINE('',#7974,#426);
#176=LINE('',#8289,#427);
#177=LINE('',#8290,#428);
#178=LINE('',#8292,#429);
#179=LINE('',#8293,#430);
#180=LINE('',#8300,#431);
#181=LINE('',#8301,#432);
#182=LINE('',#8303,#433);
#183=LINE('',#8304,#434);
#184=LINE('',#8306,#435);
#185=LINE('',#8307,#436);
#186=LINE('',#8315,#437);
#187=LINE('',#8316,#438);
#188=LINE('',#8318,#439);
#189=LINE('',#8321,#440);
#190=LINE('',#8329,#441);
#191=LINE('',#8331,#442);
#192=LINE('',#8333,#443);
#193=LINE('',#8335,#444);
#194=LINE('',#8337,#445);
#195=LINE('',#8339,#446);
#196=LINE('',#8340,#447);
#197=LINE('',#8370,#448);
#198=LINE('',#8393,#449);
#199=LINE('',#8409,#450);
#200=LINE('',#8411,#451);
#201=LINE('',#8413,#452);
#202=LINE('',#8414,#453);
#203=LINE('',#8415,#454);
#204=LINE('',#8417,#455);
#205=LINE('',#8712,#456);
#206=LINE('',#8725,#457);
#207=LINE('',#8806,#458);
#208=LINE('',#8899,#459);
#209=LINE('',#8968,#460);
#210=LINE('',#8972,#461);
#211=LINE('',#9021,#462);
#212=LINE('',#9023,#463);
#213=LINE('',#9025,#464);
#214=LINE('',#9090,#465);
#215=LINE('',#9092,#466);
#216=LINE('',#9094,#467);
#217=LINE('',#9649,#468);
#218=LINE('',#9721,#469);
#219=LINE('',#9959,#470);
#220=LINE('',#9961,#471);
#221=LINE('',#9963,#472);
#222=LINE('',#9977,#473);
#223=LINE('',#9982,#474);
#224=LINE('',#10001,#475);
#225=LINE('',#10005,#476);
#226=LINE('',#10058,#477);
#227=LINE('',#10060,#478);
#228=LINE('',#10062,#479);
#229=LINE('',#10275,#480);
#230=LINE('',#10280,#481);
#231=LINE('',#10313,#482);
#232=LINE('',#10317,#483);
#233=LINE('',#10361,#484);
#234=LINE('',#10362,#485);
#235=LINE('',#10404,#486);
#236=LINE('',#10408,#487);
#237=LINE('',#10484,#488);
#238=LINE('',#10488,#489);
#239=LINE('',#10501,#490);
#240=LINE('',#10503,#491);
#241=LINE('',#10707,#492);
#242=LINE('',#10714,#493);
#243=LINE('',#10740,#494);
#244=LINE('',#10742,#495);
#245=LINE('',#10745,#496);
#246=LINE('',#10747,#497);
#247=LINE('',#10749,#498);
#248=LINE('',#10751,#499);
#249=LINE('',#10753,#500);
#250=LINE('',#10813,#501);
#251=LINE('',#10824,#502);
#252=LINE('',#10826,#503);
#253=LINE('',#10828,#504);
#254=LINE('',#10830,#505);
#255=LINE('',#10833,#506);
#256=LINE('',#10834,#507);
#257=LINE('',#10835,#508);
#258=LINE('',#10838,#509);
#259=LINE('',#10840,#510);
#260=LINE('',#10842,#511);
#261=LINE('',#10844,#512);
#262=LINE('',#10854,#513);
#263=LINE('',#10861,#514);
#264=LINE('',#10862,#515);
#265=LINE('',#10868,#516);
#266=LINE('',#10869,#517);
#267=LINE('',#10877,#518);
#268=LINE('',#10883,#519);
#269=LINE('',#10885,#520);
#270=LINE('',#10898,#521);
#271=LINE('',#10902,#522);
#272=LINE('',#10906,#523);
#273=LINE('',#10911,#524);
#274=LINE('',#10912,#525);
#275=LINE('',#10917,#526);
#276=LINE('',#10918,#527);
#277=LINE('',#10920,#528);
#278=LINE('',#10921,#529);
#279=LINE('',#10933,#530);
#280=LINE('',#10939,#531);
#281=LINE('',#10940,#532);
#282=LINE('',#10942,#533);
#283=LINE('',#10955,#534);
#284=LINE('',#10959,#535);
#285=LINE('',#10966,#536);
#286=LINE('',#10970,#537);
#287=LINE('',#11171,#538);
#288=LINE('',#11178,#539);
#289=LINE('',#11180,#540);
#290=LINE('',#11181,#541);
#291=LINE('',#11188,#542);
#292=LINE('',#11201,#543);
#293=LINE('',#11204,#544);
#294=LINE('',#11208,#545);
#295=LINE('',#11214,#546);
#296=LINE('',#11215,#547);
#297=LINE('',#11220,#548);
#298=LINE('',#11221,#549);
#299=LINE('',#11223,#550);
#300=LINE('',#11224,#551);
#301=LINE('',#11236,#552);
#302=LINE('',#11238,#553);
#303=LINE('',#11256,#554);
#304=LINE('',#11271,#555);
#305=LINE('',#11275,#556);
#306=LINE('',#11294,#557);
#307=LINE('',#11298,#558);
#308=LINE('',#11433,#559);
#309=LINE('',#11436,#560);
#310=LINE('',#11438,#561);
#311=LINE('',#11445,#562);
#312=LINE('',#11446,#563);
#313=LINE('',#11459,#564);
#314=LINE('',#11467,#565);
#315=LINE('',#11482,#566);
#316=LINE('',#12186,#567);
#317=LINE('',#12189,#568);
#318=LINE('',#12191,#569);
#319=LINE('',#12193,#570);
#320=LINE('',#12195,#571);
#321=LINE('',#12199,#572);
#322=LINE('',#12200,#573);
#323=LINE('',#12202,#574);
#324=LINE('',#12208,#575);
#325=LINE('',#12212,#576);
#326=LINE('',#12215,#577);
#327=LINE('',#12217,#578);
#328=LINE('',#12219,#579);
#329=LINE('',#12225,#580);
#330=LINE('',#12227,#581);
#331=LINE('',#12228,#582);
#332=LINE('',#12232,#583);
#333=LINE('',#12234,#584);
#334=LINE('',#12244,#585);
#335=LINE('',#12245,#586);
#336=LINE('',#12249,#587);
#337=LINE('',#12262,#588);
#338=LINE('',#12291,#589);
#339=LINE('',#12294,#590);
#340=LINE('',#12299,#591);
#341=LINE('',#12301,#592);
#342=LINE('',#12305,#593);
#343=LINE('',#12309,#594);
#344=LINE('',#12312,#595);
#345=LINE('',#12318,#596);
#346=LINE('',#12319,#597);
#347=LINE('',#12321,#598);
#348=LINE('',#12322,#599);
#349=LINE('',#12326,#600);
#350=LINE('',#12328,#601);
#351=LINE('',#12332,#602);
#352=LINE('',#12338,#603);
#353=LINE('',#12340,#604);
#354=LINE('',#12342,#605);
#355=LINE('',#12344,#606);
#356=LINE('',#12348,#607);
#357=LINE('',#12349,#608);
#358=LINE('',#12351,#609);
#359=LINE('',#12360,#610);
#360=LINE('',#12372,#611);
#361=LINE('',#12393,#612);
#362=VECTOR('',#5962,1.);
#363=VECTOR('',#5963,1.);
#364=VECTOR('',#5966,1.);
#365=VECTOR('',#5967,1.);
#366=VECTOR('',#5968,1.);
#367=VECTOR('',#5971,1.);
#368=VECTOR('',#5974,1.);
#369=VECTOR('',#5977,1.);
#370=VECTOR('',#5984,1.);
#371=VECTOR('',#5987,1.);
#372=VECTOR('',#5990,1.);
#373=VECTOR('',#5991,1.);
#374=VECTOR('',#5994,1.);
#375=VECTOR('',#5997,1.);
#376=VECTOR('',#6000,1.);
#377=VECTOR('',#6005,1.);
#378=VECTOR('',#6008,1.);
#379=VECTOR('',#6013,1.);
#380=VECTOR('',#6016,1.);
#381=VECTOR('',#6017,1.);
#382=VECTOR('',#6022,1.);
#383=VECTOR('',#6025,1.);
#384=VECTOR('',#6032,1.);
#385=VECTOR('',#6033,1.);
#386=VECTOR('',#6034,1.);
#387=VECTOR('',#6035,1.);
#388=VECTOR('',#6036,1.);
#389=VECTOR('',#6039,1.);
#390=VECTOR('',#6040,1.);
#391=VECTOR('',#6041,1.);
#392=VECTOR('',#6044,1.);
#393=VECTOR('',#6047,1.);
#394=VECTOR('',#6050,1.);
#395=VECTOR('',#6053,1.);
#396=VECTOR('',#6054,1.);
#397=VECTOR('',#6055,1.);
#398=VECTOR('',#6056,1.);
#399=VECTOR('',#6057,1.);
#400=VECTOR('',#6060,1.);
#401=VECTOR('',#6061,1.);
#402=VECTOR('',#6062,1.);
#403=VECTOR('',#6063,1.);
#404=VECTOR('',#6064,1.);
#405=VECTOR('',#6069,1.);
#406=VECTOR('',#6100,1.);
#407=VECTOR('',#6107,1.);
#408=VECTOR('',#6108,1.);
#409=VECTOR('',#6109,1.);
#410=VECTOR('',#6110,1.);
#411=VECTOR('',#6111,1.);
#412=VECTOR('',#6112,1.);
#413=VECTOR('',#6113,1.);
#414=VECTOR('',#6114,1.);
#415=VECTOR('',#6119,1.);
#416=VECTOR('',#6120,1.);
#417=VECTOR('',#6121,1.);
#418=VECTOR('',#6124,1.);
#419=VECTOR('',#6131,1.);
#420=VECTOR('',#6132,1.);
#421=VECTOR('',#6133,1.);
#422=VECTOR('',#6134,1.);
#423=VECTOR('',#6135,1.);
#424=VECTOR('',#6136,1.);
#425=VECTOR('',#6141,1.);
#426=VECTOR('',#6144,1.);
#427=VECTOR('',#6165,1.);
#428=VECTOR('',#6166,1.);
#429=VECTOR('',#6169,1.);
#430=VECTOR('',#6170,1.);
#431=VECTOR('',#6173,1.);
#432=VECTOR('',#6174,1.);
#433=VECTOR('',#6177,1.);
#434=VECTOR('',#6178,1.);
#435=VECTOR('',#6181,1.);
#436=VECTOR('',#6182,1.);
#437=VECTOR('',#6191,1.);
#438=VECTOR('',#6192,1.);
#439=VECTOR('',#6195,1.);
#440=VECTOR('',#6196,1.);
#441=VECTOR('',#6203,1.);
#442=VECTOR('',#6204,1.);
#443=VECTOR('',#6205,1.);
#444=VECTOR('',#6206,1.);
#445=VECTOR('',#6207,1.);
#446=VECTOR('',#6208,1.);
#447=VECTOR('',#6209,1.);
#448=VECTOR('',#6216,1.);
#449=VECTOR('',#6219,1.);
#450=VECTOR('',#6226,1.);
#451=VECTOR('',#6227,1.);
#452=VECTOR('',#6228,1.);
#453=VECTOR('',#6229,1.);
#454=VECTOR('',#6230,1.);
#455=VECTOR('',#6231,1.);
#456=VECTOR('',#6248,1.);
#457=VECTOR('',#6251,1.);
#458=VECTOR('',#6254,1.);
#459=VECTOR('',#6257,1.);
#460=VECTOR('',#6262,1.);
#461=VECTOR('',#6269,1.);
#462=VECTOR('',#6282,1.);
#463=VECTOR('',#6283,1.);
#464=VECTOR('',#6284,1.);
#465=VECTOR('',#6319,1.);
#466=VECTOR('',#6320,1.);
#467=VECTOR('',#6321,1.);
#468=VECTOR('',#6462,1.);
#469=VECTOR('',#6463,1.);
#470=VECTOR('',#6468,1.);
#471=VECTOR('',#6469,1.);
#472=VECTOR('',#6470,1.);
#473=VECTOR('',#6473,1.);
#474=VECTOR('',#6476,1.);
#475=VECTOR('',#6481,1.);
#476=VECTOR('',#6484,1.);
#477=VECTOR('',#6485,1.);
#478=VECTOR('',#6486,1.);
#479=VECTOR('',#6487,1.);
#480=VECTOR('',#6494,1.);
#481=VECTOR('',#6497,1.);
#482=VECTOR('',#6502,1.);
#483=VECTOR('',#6505,1.);
#484=VECTOR('',#6510,1.);
#485=VECTOR('',#6511,1.);
#486=VECTOR('',#6514,1.);
#487=VECTOR('',#6517,1.);
#488=VECTOR('',#6522,1.);
#489=VECTOR('',#6525,1.);
#490=VECTOR('',#6528,1.);
#491=VECTOR('',#6529,1.);
#492=VECTOR('',#6542,1.);
#493=VECTOR('',#6545,1.);
#494=VECTOR('',#6546,1.);
#495=VECTOR('',#6549,1.);
#496=VECTOR('',#6550,1.);
#497=VECTOR('',#6551,1.);
#498=VECTOR('',#6552,1.);
#499=VECTOR('',#6555,1.);
#500=VECTOR('',#6556,1.);
#501=VECTOR('',#6591,1.);
#502=VECTOR('',#6592,1.);
#503=VECTOR('',#6593,1.);
#504=VECTOR('',#6594,1.);
#505=VECTOR('',#6595,1.);
#506=VECTOR('',#6598,1.);
#507=VECTOR('',#6599,1.);
#508=VECTOR('',#6600,1.);
#509=VECTOR('',#6603,1.);
#510=VECTOR('',#6604,1.);
#511=VECTOR('',#6605,1.);
#512=VECTOR('',#6606,1.);
#513=VECTOR('',#6609,1.);
#514=VECTOR('',#6610,1.);
#515=VECTOR('',#6611,1.);
#516=VECTOR('',#6614,1.);
#517=VECTOR('',#6615,1.);
#518=VECTOR('',#6618,1.);
#519=VECTOR('',#6619,1.);
#520=VECTOR('',#6622,1.);
#521=VECTOR('',#6625,1.);
#522=VECTOR('',#6628,1.);
#523=VECTOR('',#6631,1.);
#524=VECTOR('',#6636,1.);
#525=VECTOR('',#6637,1.);
#526=VECTOR('',#6642,1.);
#527=VECTOR('',#6643,1.);
#528=VECTOR('',#6646,1.);
#529=VECTOR('',#6647,1.);
#530=VECTOR('',#6662,1.);
#531=VECTOR('',#6669,1.);
#532=VECTOR('',#6670,1.);
#533=VECTOR('',#6671,1.);
#534=VECTOR('',#6682,1.);
#535=VECTOR('',#6685,1.);
#536=VECTOR('',#6688,1.);
#537=VECTOR('',#6691,1.);
#538=VECTOR('',#6748,1.);
#539=VECTOR('',#6749,1.);
#540=VECTOR('',#6752,1.);
#541=VECTOR('',#6753,1.);
#542=VECTOR('',#6756,1.);
#543=VECTOR('',#6759,1.);
#544=VECTOR('',#6760,1.);
#545=VECTOR('',#6763,1.);
#546=VECTOR('',#6770,1.);
#547=VECTOR('',#6771,1.);
#548=VECTOR('',#6776,1.);
#549=VECTOR('',#6777,1.);
#550=VECTOR('',#6780,1.);
#551=VECTOR('',#6781,1.);
#552=VECTOR('',#6796,1.);
#553=VECTOR('',#6797,1.);
#554=VECTOR('',#6804,1.);
#555=VECTOR('',#6809,1.);
#556=VECTOR('',#6812,1.);
#557=VECTOR('',#6815,1.);
#558=VECTOR('',#6818,1.);
#559=VECTOR('',#6843,1.);
#560=VECTOR('',#6844,1.);
#561=VECTOR('',#6845,1.);
#562=VECTOR('',#6846,1.);
#563=VECTOR('',#6847,1.);
#564=VECTOR('',#6850,1.);
#565=VECTOR('',#6855,1.);
#566=VECTOR('',#6860,1.);
#567=VECTOR('',#6885,1.);
#568=VECTOR('',#6886,1.);
#569=VECTOR('',#6887,1.);
#570=VECTOR('',#6888,1.);
#571=VECTOR('',#6889,1.);
#572=VECTOR('',#6892,1.);
#573=VECTOR('',#6893,1.);
#574=VECTOR('',#6894,1.);
#575=VECTOR('',#6895,1.);
#576=VECTOR('',#6900,1.);
#577=VECTOR('',#6901,1.);
#578=VECTOR('',#6902,1.);
#579=VECTOR('',#6903,1.);
#580=VECTOR('',#6904,1.);
#581=VECTOR('',#6905,1.);
#582=VECTOR('',#6906,1.);
#583=VECTOR('',#6909,1.);
#584=VECTOR('',#6910,1.);
#585=VECTOR('',#6913,1.);
#586=VECTOR('',#6914,1.);
#587=VECTOR('',#6919,1.);
#588=VECTOR('',#6928,1.);
#589=VECTOR('',#6951,1.);
#590=VECTOR('',#6956,1.);
#591=VECTOR('',#6959,1.);
#592=VECTOR('',#6960,1.);
#593=VECTOR('',#6963,1.);
#594=VECTOR('',#6968,1.);
#595=VECTOR('',#6969,1.);
#596=VECTOR('',#6970,1.);
#597=VECTOR('',#6971,1.);
#598=VECTOR('',#6972,1.);
#599=VECTOR('',#6973,1.);
#600=VECTOR('',#6976,1.);
#601=VECTOR('',#6977,1.);
#602=VECTOR('',#6982,1.);
#603=VECTOR('',#6983,1.);
#604=VECTOR('',#6984,1.);
#605=VECTOR('',#6985,1.);
#606=VECTOR('',#6986,1.);
#607=VECTOR('',#6989,1.);
#608=VECTOR('',#6990,1.);
#609=VECTOR('',#6991,1.);
#610=VECTOR('',#6994,1.);
#611=VECTOR('',#7001,1.);
#612=VECTOR('',#7024,1.);
#613=B_SPLINE_CURVE_WITH_KNOTS('',3,(#7175,#7176,#7177,#7178,#7179,#7180,
#7181,#7182,#7183,#7184,#7185,#7186,#7187),.UNSPECIFIED.,.T.,.F.,(1,1,1,
1,1,1,1,1,1,1,1,1,1,1,1,1,1),(-0.00485930174841553,-0.00364447631131165,
-0.00242965087420777,0.,0.00242965087420777,0.00485930174841553,0.0072889526226233,
0.00971860349683107,0.0121482543710388,0.0133630798081427,0.0145779052452466,
0.0157927306823505,0.0170075561194544,0.0194372069936621,0.0218668578678699,
0.0242965087420777,0.0267261596162854),.UNSPECIFIED.);
#614=B_SPLINE_CURVE_WITH_KNOTS('',3,(#7189,#7190,#7191,#7192,#7193,#7194,
#7195,#7196,#7197,#7198,#7199,#7200,#7201,#7202,#7203,#7204,#7205,#7206,
#7207,#7208,#7209,#7210),.UNSPECIFIED.,.T.,.F.,(1,1,1,1,1,1,1,1,1,1,1,1,
1,1,1,1,1,1,1,1,1,1,1,1,1,1),(-0.00430141509170313,-0.00286761006113542,
-0.00143380503056771,0.,0.00143380503056771,0.00286761006113542,0.00430141509170313,
0.00501831760698698,0.00573522012227084,0.00645212263755469,0.00716902515283854,
0.0078859276681224,0.00860283018340625,0.010036635213974,0.0114704402445417,
0.0129042452751094,0.0143380503056771,0.0157718553362448,0.0172056603668125,
0.0186394653973802,0.0200732704279479,0.0215070754585156,0.0229408804890833,
0.0243746855196511,0.0258084905502188,0.0272422955807865),.UNSPECIFIED.);
#615=B_SPLINE_CURVE_WITH_KNOTS('',3,(#7212,#7213,#7214,#7215,#7216,#7217,
#7218,#7219,#7220,#7221,#7222,#7223,#7224),.UNSPECIFIED.,.T.,.F.,(1,1,1,
1,1,1,1,1,1,1,1,1,1,1,1,1,1),(-0.00485930174841554,-0.00364447631131165,
-0.00242965087420777,0.,0.00242965087420777,0.00485930174841554,0.00728895262262331,
0.00971860349683108,0.0121482543710388,0.0133630798081427,0.0145779052452466,
0.0157927306823505,0.0170075561194544,0.0194372069936622,0.0218668578678699,
0.0242965087420777,0.0267261596162855),.UNSPECIFIED.);
#616=B_SPLINE_CURVE_WITH_KNOTS('',3,(#7226,#7227,#7228,#7229,#7230,#7231,
#7232,#7233,#7234,#7235,#7236),.UNSPECIFIED.,.F.,.F.,(4,1,1,1,1,1,1,1,4),
(6.78844434565204E-18,0.00296391337764147,0.00592782675528294,0.00889174013292441,
0.0118556535105659,0.0148195668882073,0.0177834802658488,0.0207473936434903,
0.0237113070211317),.UNSPECIFIED.);
#617=B_SPLINE_CURVE_WITH_KNOTS('',3,(#7239,#7240,#7241,#7242,#7243,#7244,
#7245,#7246,#7247,#7248,#7249),.UNSPECIFIED.,.F.,.F.,(4,1,1,1,1,1,1,1,4),
(0.,0.00296391337764147,0.00592782675528294,0.00889174013292441,0.0118556535105659,
0.0148195668882073,0.0177834802658488,0.0207473936434903,0.0237113070211318),
 .UNSPECIFIED.);
#618=B_SPLINE_CURVE_WITH_KNOTS('',3,(#7250,#7251,#7252,#7253,#7254,#7255,
#7256),.UNSPECIFIED.,.F.,.F.,(4,1,1,1,4),(0.,0.00269451174717373,0.00538902349434746,
0.00808353524152119,0.0107780469886949),.UNSPECIFIED.);
#619=B_SPLINE_CURVE_WITH_KNOTS('',3,(#7259,#7260,#7261,#7262),
 .UNSPECIFIED.,.F.,.F.,(4,4),(1.99247102677198E-18,0.00247481887278821),
 .UNSPECIFIED.);
#620=B_SPLINE_CURVE_WITH_KNOTS('',3,(#7264,#7265,#7266,#7267),
 .UNSPECIFIED.,.F.,.F.,(4,4),(0.,0.00247512729505803),.UNSPECIFIED.);
#621=B_SPLINE_CURVE_WITH_KNOTS('',3,(#7269,#7270,#7271,#7272,#7273,#7274,
#7275),.UNSPECIFIED.,.F.,.F.,(4,1,1,1,4),(0.,0.00269049036996786,0.00538098073993573,
0.00807147110990359,0.0107619614798715),.UNSPECIFIED.);
#622=B_SPLINE_CURVE_WITH_KNOTS('',3,(#7277,#7278,#7279,#7280,#7281,#7282,
#7283),.UNSPECIFIED.,.F.,.F.,(4,1,1,1,4),(0.,0.00183672575659733,0.00367345151319466,
0.00551017726979199,0.00734690302638932),.UNSPECIFIED.);
#623=B_SPLINE_CURVE_WITH_KNOTS('',3,(#7285,#7286,#7287,#7288,#7289),
 .UNSPECIFIED.,.F.,.F.,(4,1,4),(1.57448877249021E-15,0.00522443059093972,
0.0104488611818779),.UNSPECIFIED.);
#624=B_SPLINE_CURVE_WITH_KNOTS('',3,(#7293,#7294,#7295,#7296,#7297),
 .UNSPECIFIED.,.F.,.F.,(4,1,4),(0.,0.00521987497072739,0.0104397499414548),
 .UNSPECIFIED.);
#625=B_SPLINE_CURVE_WITH_KNOTS('',3,(#7299,#7300,#7301,#7302,#7303,#7304,
#7305),.UNSPECIFIED.,.F.,.F.,(4,1,1,1,4),(0.,0.00184460224877148,0.00368920449754296,
0.00553380674631445,0.00737840899508593),.UNSPECIFIED.);
#626=B_SPLINE_CURVE_WITH_KNOTS('',3,(#7307,#7308,#7309,#7310,#7311,#7312,
#7313),.UNSPECIFIED.,.F.,.F.,(4,1,1,1,4),(0.,0.00269451174717373,0.00538902349434746,
0.00808353524152118,0.0107780469886949),.UNSPECIFIED.);
#627=B_SPLINE_CURVE_WITH_KNOTS('',3,(#7315,#7316,#7317,#7318),
 .UNSPECIFIED.,.F.,.F.,(4,4),(4.8734157117012E-18,0.00247481887278821),
 .UNSPECIFIED.);
#628=B_SPLINE_CURVE_WITH_KNOTS('',3,(#7320,#7321,#7322,#7323),
 .UNSPECIFIED.,.F.,.F.,(4,4),(0.,0.00247512729505803),.UNSPECIFIED.);
#629=B_SPLINE_CURVE_WITH_KNOTS('',3,(#7325,#7326,#7327,#7328,#7329,#7330,
#7331),.UNSPECIFIED.,.F.,.F.,(4,1,1,1,4),(0.,0.00269049036996786,0.00538098073993571,
0.00807147110990357,0.0107619614798714),.UNSPECIFIED.);
#630=B_SPLINE_CURVE_WITH_KNOTS('',3,(#7333,#7334,#7335,#7336,#7337,#7338,
#7339),.UNSPECIFIED.,.F.,.F.,(4,1,1,1,4),(0.,0.00183672575659731,0.00367345151319462,
0.00551017726979194,0.00734690302638925),.UNSPECIFIED.);
#631=B_SPLINE_CURVE_WITH_KNOTS('',3,(#7341,#7342,#7343,#7344,#7345),
 .UNSPECIFIED.,.F.,.F.,(4,1,4),(1.57448877249021E-15,0.00522443059093975,
0.0104488611818779),.UNSPECIFIED.);
#632=B_SPLINE_CURVE_WITH_KNOTS('',3,(#7349,#7350,#7351,#7352,#7353),
 .UNSPECIFIED.,.F.,.F.,(4,1,4),(0.,0.00521987497072742,0.0104397499414548),
 .UNSPECIFIED.);
#633=B_SPLINE_CURVE_WITH_KNOTS('',3,(#7355,#7356,#7357,#7358,#7359,#7360,
#7361),.UNSPECIFIED.,.F.,.F.,(4,1,1,1,4),(0.,0.00184460224877147,0.00368920449754294,
0.00553380674631442,0.00737840899508589),.UNSPECIFIED.);
#634=B_SPLINE_CURVE_WITH_KNOTS('',3,(#7362,#7363,#7364,#7365,#7366,#7367,
#7368,#7369,#7370,#7371,#7372,#7373,#7374),.UNSPECIFIED.,.T.,.F.,(1,1,1,
1,1,1,1,1,1,1,1,1,1,1,1,1,1),(-0.00727835127904805,-0.00485223418603203,
-0.00242611709301602,0.,0.00242611709301602,0.00363917563952402,0.00485223418603203,
0.00606529273254004,0.00727835127904805,0.00970446837206406,0.0121305854650801,
0.0145567025580961,0.0169828196511121,0.0194089367441281,0.0218350538371441,
0.0230481123836522,0.0242611709301602),.UNSPECIFIED.);
#635=B_SPLINE_CURVE_WITH_KNOTS('',3,(#7376,#7377,#7378,#7379,#7380,#7381,
#7382,#7383,#7384,#7385,#7386,#7387,#7388),.UNSPECIFIED.,.T.,.F.,(1,1,1,
1,1,1,1,1,1,1,1,1,1,1,1,1,1),(-0.00727835127904801,-0.00485223418603201,
-0.002426117093016,3.46944695195361E-18,0.00242611709301601,0.00363917563952401,
0.00485223418603201,0.00606529273254001,0.00727835127904802,0.00970446837206402,
0.01213058546508,0.014556702558096,0.016982819651112,0.019408936744128,
0.021835053837144,0.023048112383652,0.02426117093016),.UNSPECIFIED.);
#636=B_SPLINE_CURVE_WITH_KNOTS('',3,(#7390,#7391,#7392,#7393,#7394,#7395,
#7396,#7397,#7398,#7399,#7400,#7401,#7402,#7403,#7404,#7405,#7406,#7407,
#7408,#7409,#7410,#7411),.UNSPECIFIED.,.T.,.F.,(1,1,1,1,1,1,1,1,1,1,1,1,
1,1,1,1,1,1,1,1,1,1,1,1,1,1),(-0.0043184970862379,-0.00287899805749193,
-0.00143949902874596,0.,0.00143949902874597,0.00287899805749193,0.0043184970862379,
0.00575799611498386,0.00719749514372983,0.00863699417247579,0.0100764932012218,
0.0115159922299677,0.0129554912587137,0.0143949902874597,0.0151147398018326,
0.0158344893162056,0.0165542388305786,0.0172739883449516,0.0179937378593246,
0.0187134873736975,0.0201529864024435,0.0215924854311895,0.0230319844599354,
0.0244714834886814,0.0259109825174274,0.0273504815461733),.UNSPECIFIED.);
#637=B_SPLINE_CURVE_WITH_KNOTS('',3,(#7469,#7470,#7471,#7472),
 .UNSPECIFIED.,.F.,.F.,(4,4),(0.,1.),.PIECEWISE_BEZIER_KNOTS.);
#638=B_SPLINE_CURVE_WITH_KNOTS('',3,(#7475,#7476,#7477,#7478,#7479,#7480,
#7481,#7482,#7483,#7484),.UNSPECIFIED.,.F.,.F.,(4,1,1,1,1,1,1,4),(6.12652668273198E-8,
0.00117347064123356,0.00234688001720029,0.00352028939316702,0.00469369876913376,
0.00586710814510049,0.00704051752106722,0.00938733627300068),
 .UNSPECIFIED.);
#639=B_SPLINE_CURVE_WITH_KNOTS('',3,(#7486,#7487,#7488,#7489),
 .UNSPECIFIED.,.F.,.F.,(4,4),(0.,1.),.PIECEWISE_BEZIER_KNOTS.);
#640=B_SPLINE_CURVE_WITH_KNOTS('',3,(#7491,#7492,#7493,#7494),
 .UNSPECIFIED.,.F.,.F.,(4,4),(0.00259999996021107,0.00469740889140525),
 .UNSPECIFIED.);
#641=B_SPLINE_CURVE_WITH_KNOTS('',3,(#7499,#7500,#7501,#7502),
 .UNSPECIFIED.,.F.,.F.,(4,4),(0.00259999996021039,0.00469740889140547),
 .UNSPECIFIED.);
#642=B_SPLINE_CURVE_WITH_KNOTS('',3,(#7506,#7507,#7508,#7509),
 .UNSPECIFIED.,.F.,.F.,(4,4),(0.,0.00209740888960359),.UNSPECIFIED.);
#643=B_SPLINE_CURVE_WITH_KNOTS('',3,(#7566,#7567,#7568,#7569),
 .UNSPECIFIED.,.F.,.F.,(4,4),(0.,1.),.PIECEWISE_BEZIER_KNOTS.);
#644=B_SPLINE_CURVE_WITH_KNOTS('',3,(#7571,#7572,#7573,#7574,#7575,#7576,
#7577,#7578,#7579,#7580),.UNSPECIFIED.,.F.,.F.,(4,1,1,1,1,1,1,4),(6.24168826481529E-8,
0.00117340868887567,0.0023467549608687,0.00352010123286172,0.00469344750485475,
0.00586679377684777,0.0070401400488408,0.00938683259282685),
 .UNSPECIFIED.);
#645=B_SPLINE_CURVE_WITH_KNOTS('',3,(#7582,#7583,#7584,#7585),
 .UNSPECIFIED.,.F.,.F.,(4,4),(0.,1.),.PIECEWISE_BEZIER_KNOTS.);
#646=B_SPLINE_CURVE_WITH_KNOTS('',3,(#7642,#7643,#7644,#7645),
 .UNSPECIFIED.,.F.,.F.,(4,4),(0.,1.),.PIECEWISE_BEZIER_KNOTS.);
#647=B_SPLINE_CURVE_WITH_KNOTS('',3,(#7648,#7649,#7650,#7651,#7652,#7653,
#7654,#7655,#7656,#7657),.UNSPECIFIED.,.F.,.F.,(4,1,1,1,1,1,1,4),(-5.99999999855766E-8,
0.00235405025643923,0.00353110538465884,0.00470816051287845,0.00588521564109806,
0.00706227076931767,0.00823932589753727,0.00941638102575688),
 .UNSPECIFIED.);
#648=B_SPLINE_CURVE_WITH_KNOTS('',3,(#7659,#7660,#7661,#7662),
 .UNSPECIFIED.,.F.,.F.,(4,4),(0.,1.),.PIECEWISE_BEZIER_KNOTS.);
#649=B_SPLINE_CURVE_WITH_KNOTS('',3,(#7664,#7665,#7666,#7667),
 .UNSPECIFIED.,.F.,.F.,(4,4),(0.,0.0020974088896036),.UNSPECIFIED.);
#650=B_SPLINE_CURVE_WITH_KNOTS('',3,(#7772,#7773,#7774,#7775),
 .UNSPECIFIED.,.F.,.F.,(4,4),(0.,0.000446195221443987),.UNSPECIFIED.);
#651=B_SPLINE_CURVE_WITH_KNOTS('',3,(#7785,#7786,#7787,#7788),
 .UNSPECIFIED.,.F.,.F.,(4,4),(0.,0.00500953090869352),.UNSPECIFIED.);
#652=B_SPLINE_CURVE_WITH_KNOTS('',3,(#7793,#7794,#7795,#7796),
 .UNSPECIFIED.,.F.,.F.,(4,4),(0.,0.00500953090869334),.UNSPECIFIED.);
#653=B_SPLINE_CURVE_WITH_KNOTS('',3,(#7807,#7808,#7809,#7810),
 .UNSPECIFIED.,.F.,.F.,(4,4),(0.,0.000446195221442732),.UNSPECIFIED.);
#654=B_SPLINE_CURVE_WITH_KNOTS('',3,(#7823,#7824,#7825,#7826),
 .UNSPECIFIED.,.F.,.F.,(4,4),(0.,0.000446195221486894),.UNSPECIFIED.);
#655=B_SPLINE_CURVE_WITH_KNOTS('',3,(#7901,#7902,#7903,#7904,#7905,#7906,
#7907,#7908,#7909,#7910,#7911),.UNSPECIFIED.,.F.,.F.,(4,1,1,1,1,1,1,1,4),
(-5.99999999892759E-8,0.00205498506020248,0.00411003012040495,0.00822012024080989,
0.0123302103612148,0.0164403004816198,0.0246604807224296,0.0287705708428346,
0.0328806609632395),.UNSPECIFIED.);
#656=B_SPLINE_CURVE_WITH_KNOTS('',3,(#7912,#7913,#7914,#7915),
 .UNSPECIFIED.,.F.,.F.,(4,4),(0.,1.),.PIECEWISE_BEZIER_KNOTS.);
#657=B_SPLINE_CURVE_WITH_KNOTS('',3,(#7916,#7917,#7918,#7919),
 .UNSPECIFIED.,.F.,.F.,(4,4),(0.,0.00864288044499216),.UNSPECIFIED.);
#658=B_SPLINE_CURVE_WITH_KNOTS('',3,(#7931,#7932,#7933,#7934,#7935,#7936,
#7937),.UNSPECIFIED.,.F.,.F.,(4,1,1,1,4),(-0.000229842400989725,0.00812733482014957,
0.0164845120412889,0.0248416892624282,0.0331988664835674),.UNSPECIFIED.);
#659=B_SPLINE_CURVE_WITH_KNOTS('',3,(#7941,#7942,#7943,#7944),
 .UNSPECIFIED.,.F.,.F.,(4,4),(0.,0.00864288044499216),.UNSPECIFIED.);
#660=B_SPLINE_CURVE_WITH_KNOTS('',3,(#7945,#7946,#7947,#7948),
 .UNSPECIFIED.,.F.,.F.,(4,4),(0.,1.),.PIECEWISE_BEZIER_KNOTS.);
#661=B_SPLINE_CURVE_WITH_KNOTS('',3,(#8019,#8020,#8021,#8022),
 .UNSPECIFIED.,.F.,.F.,(4,4),(0.,0.00500953090869352),.UNSPECIFIED.);
#662=B_SPLINE_CURVE_WITH_KNOTS('',3,(#8024,#8025,#8026,#8027,#8028),
 .UNSPECIFIED.,.F.,.F.,(4,1,4),(0.,0.00425911104073017,0.00851822208146033),
 .UNSPECIFIED.);
#663=B_SPLINE_CURVE_WITH_KNOTS('',3,(#8029,#8030,#8031,#8032),
 .UNSPECIFIED.,.F.,.F.,(4,4),(0.,1.),.PIECEWISE_BEZIER_KNOTS.);
#664=B_SPLINE_CURVE_WITH_KNOTS('',3,(#8034,#8035,#8036,#8037),
 .UNSPECIFIED.,.F.,.F.,(4,4),(5.37934924883782E-16,0.00248876000797363),
 .UNSPECIFIED.);
#665=B_SPLINE_CURVE_WITH_KNOTS('',3,(#8078,#8079,#8080,#8081,#8082,#8083,
#8084,#8085,#8086,#8087),.UNSPECIFIED.,.F.,.F.,(4,1,1,1,1,1,1,4),(-6.00000000013183E-8,
0.00195762887197734,0.00391531774395468,0.00783069548790937,0.0117460732318641,
0.0156614509758187,0.0234922064637281,0.0313229619516375),.UNSPECIFIED.);
#666=B_SPLINE_CURVE_WITH_KNOTS('',3,(#8128,#8129,#8130,#8131),
 .UNSPECIFIED.,.F.,.F.,(4,4),(0.,0.00500953090869334),.UNSPECIFIED.);
#667=B_SPLINE_CURVE_WITH_KNOTS('',3,(#8133,#8134,#8135,#8136),
 .UNSPECIFIED.,.F.,.F.,(4,4),(0.,0.0024887600078646),.UNSPECIFIED.);
#668=B_SPLINE_CURVE_WITH_KNOTS('',3,(#8138,#8139,#8140,#8141),
 .UNSPECIFIED.,.F.,.F.,(4,4),(0.,1.),.PIECEWISE_BEZIER_KNOTS.);
#669=B_SPLINE_CURVE_WITH_KNOTS('',3,(#8142,#8143,#8144,#8145,#8146),
 .UNSPECIFIED.,.F.,.F.,(4,1,4),(1.22006469250076E-19,0.00426157048165199,
0.00852314096330399),.UNSPECIFIED.);
#670=B_SPLINE_CURVE_WITH_KNOTS('',3,(#8148,#8149,#8150,#8151),
 .UNSPECIFIED.,.F.,.F.,(4,4),(0.,1.),.PIECEWISE_BEZIER_KNOTS.);
#671=B_SPLINE_CURVE_WITH_KNOTS('',3,(#8208,#8209,#8210,#8211,#8212,#8213,
#8214,#8215,#8216,#8217),.UNSPECIFIED.,.F.,.F.,(4,1,1,1,1,1,1,4),(-5.99999999954268E-8,
0.00235409477081974,0.00353117215622961,0.00470824954163948,0.00588532692704935,
0.00706240431245922,0.00823948169786909,0.00941655908327896),
 .UNSPECIFIED.);
#672=B_SPLINE_CURVE_WITH_KNOTS('',3,(#8219,#8220,#8221,#8222),
 .UNSPECIFIED.,.F.,.F.,(4,4),(0.,1.),.PIECEWISE_BEZIER_KNOTS.);
#673=B_SPLINE_CURVE_WITH_KNOTS('',3,(#8263,#8264,#8265,#8266,#8267,#8268,
#8269,#8270,#8271),.UNSPECIFIED.,.F.,.F.,(4,1,1,1,1,1,4),(8.49837472194074E-18,
0.000798940238398435,0.00159788047679686,0.00319576095359371,0.00479364143039056,
0.00559258166878899,0.00639152190718742),.UNSPECIFIED.);
#674=B_SPLINE_CURVE_WITH_KNOTS('',3,(#8274,#8275,#8276,#8277,#8278),
 .UNSPECIFIED.,.F.,.F.,(4,1,4),(0.0174944824581967,0.026047263716713,0.0346000449752293),
 .UNSPECIFIED.);
#675=B_SPLINE_CURVE_WITH_KNOTS('',3,(#8279,#8280,#8281,#8282),
 .UNSPECIFIED.,.F.,.F.,(4,4),(0.00247392354313186,0.0116746202527205),
 .UNSPECIFIED.);
#676=B_SPLINE_CURVE_WITH_KNOTS('',3,(#8295,#8296,#8297,#8298),
 .UNSPECIFIED.,.F.,.F.,(4,4),(0.,0.00044619522148659),.UNSPECIFIED.);
#677=B_SPLINE_CURVE_WITH_KNOTS('',3,(#8352,#8353,#8354,#8355,#8356,#8357,
#8358),.UNSPECIFIED.,.F.,.F.,(4,1,1,1,4),(-0.000229842404127838,0.00812733481700567,
0.0164845120381392,0.0248416892592727,0.0331988664804062),.UNSPECIFIED.);
#678=B_SPLINE_CURVE_WITH_KNOTS('',3,(#8359,#8360,#8361,#8362),
 .UNSPECIFIED.,.F.,.F.,(4,4),(0.,0.00864288044499222),.UNSPECIFIED.);
#679=B_SPLINE_CURVE_WITH_KNOTS('',3,(#8363,#8364,#8365,#8366),
 .UNSPECIFIED.,.F.,.F.,(4,4),(0.,1.),.PIECEWISE_BEZIER_KNOTS.);
#680=B_SPLINE_CURVE_WITH_KNOTS('',3,(#8381,#8382,#8383,#8384,#8385,#8386,
#8387,#8388,#8389,#8390,#8391),.UNSPECIFIED.,.F.,.F.,(4,1,1,1,1,1,1,1,4),
(-5.99999999988137E-8,0.00205498506020252,0.00411003012040505,0.0082201202408101,
0.0123302103612151,0.0164403004816202,0.0246604807224303,0.0287705708428353,
0.0328806609632404),.UNSPECIFIED.);
#681=B_SPLINE_CURVE_WITH_KNOTS('',3,(#8395,#8396,#8397,#8398),
 .UNSPECIFIED.,.F.,.F.,(4,4),(0.,1.),.PIECEWISE_BEZIER_KNOTS.);
#682=B_SPLINE_CURVE_WITH_KNOTS('',3,(#8399,#8400,#8401,#8402),
 .UNSPECIFIED.,.F.,.F.,(4,4),(0.,0.00864288044499222),.UNSPECIFIED.);
#683=B_SPLINE_CURVE_WITH_KNOTS('',3,(#8462,#8463,#8464,#8465),
 .UNSPECIFIED.,.F.,.F.,(4,4),(0.,0.00248876000786448),.UNSPECIFIED.);
#684=B_SPLINE_CURVE_WITH_KNOTS('',3,(#8467,#8468,#8469,#8470),
 .UNSPECIFIED.,.F.,.F.,(4,4),(0.,1.),.PIECEWISE_BEZIER_KNOTS.);
#685=B_SPLINE_CURVE_WITH_KNOTS('',3,(#8471,#8472,#8473,#8474,#8475),
 .UNSPECIFIED.,.F.,.F.,(4,1,4),(0.,0.004261570481652,0.008523140963304),
 .UNSPECIFIED.);
#686=B_SPLINE_CURVE_WITH_KNOTS('',3,(#8516,#8517,#8518,#8519,#8520,#8521,
#8522),.UNSPECIFIED.,.F.,.F.,(4,1,1,1,4),(0.00247392354313641,0.0105054539014719,
0.0185369842598073,0.0265685146181428,0.0346000449764782),.UNSPECIFIED.);
#687=B_SPLINE_CURVE_WITH_KNOTS('',3,(#8563,#8564,#8565,#8566,#8567),
 .UNSPECIFIED.,.F.,.F.,(4,1,4),(0.,0.00425911104073016,0.00851822208146031),
 .UNSPECIFIED.);
#688=B_SPLINE_CURVE_WITH_KNOTS('',3,(#8568,#8569,#8570,#8571),
 .UNSPECIFIED.,.F.,.F.,(4,4),(0.,1.),.PIECEWISE_BEZIER_KNOTS.);
#689=B_SPLINE_CURVE_WITH_KNOTS('',3,(#8573,#8574,#8575,#8576),
 .UNSPECIFIED.,.F.,.F.,(4,4),(5.230824142552E-16,0.00248876000797327),
 .UNSPECIFIED.);
#690=B_SPLINE_CURVE_WITH_KNOTS('',3,(#8617,#8618,#8619,#8620,#8621,#8622,
#8623,#8624,#8625),.UNSPECIFIED.,.F.,.F.,(4,1,1,1,1,1,4),(1.04083408558608E-17,
0.000799413037950878,0.00159882607590175,0.00319765215180348,0.00479647822770522,
0.00559589126565609,0.00639530430360695),.UNSPECIFIED.);
#691=B_SPLINE_CURVE_WITH_KNOTS('',3,(#8628,#8629,#8630,#8631),
 .UNSPECIFIED.,.F.,.F.,(4,4),(0.0223522670249856,0.0313229619516379),
 .UNSPECIFIED.);
#692=B_SPLINE_CURVE_WITH_KNOTS('',3,(#8632,#8633,#8634,#8635,#8636,#8637,
#8638),.UNSPECIFIED.,.F.,.F.,(4,1,1,1,4),(-6.00000000013183E-8,0.00208468393561154,
0.00416942787122309,0.00833891574244618,0.0166778914848924),
 .UNSPECIFIED.);
#693=B_SPLINE_CURVE_WITH_KNOTS('',3,(#8692,#8693,#8694,#8695,#8696),
 .UNSPECIFIED.,.F.,.F.,(4,1,4),(0.000923926026584647,0.00422038452166403,
0.0075168430167434),.UNSPECIFIED.);
#694=B_SPLINE_CURVE_WITH_KNOTS('',3,(#8698,#8699,#8700,#8701),
 .UNSPECIFIED.,.F.,.F.,(4,4),(0.,0.000345983555666672),.UNSPECIFIED.);
#695=B_SPLINE_CURVE_WITH_KNOTS('',3,(#8703,#8704,#8705,#8706,#8707,#8708,
#8709,#8710),.UNSPECIFIED.,.F.,.F.,(4,1,1,1,1,4),(7.152448122691E-18,0.00825592344425569,
0.0165118468885114,0.0247677703327671,0.0288957320548949,0.0330236937770228),
 .UNSPECIFIED.);
#696=B_SPLINE_CURVE_WITH_KNOTS('',3,(#8714,#8715,#8716,#8717),
 .UNSPECIFIED.,.F.,.F.,(4,4),(1.04451152015531E-14,1.31709762024374E-5),
 .UNSPECIFIED.);
#697=B_SPLINE_CURVE_WITH_KNOTS('',3,(#8719,#8720,#8721,#8722),
 .UNSPECIFIED.,.F.,.F.,(4,4),(0.,1.31709761969825E-5),.UNSPECIFIED.);
#698=B_SPLINE_CURVE_WITH_KNOTS('',3,(#8726,#8727,#8728,#8729,#8730),
 .UNSPECIFIED.,.F.,.F.,(4,1,4),(0.000923926026637703,0.00422038452160706,
0.00751684301657641),.UNSPECIFIED.);
#699=B_SPLINE_CURVE_WITH_KNOTS('',3,(#8779,#8780,#8781,#8782,#8783,#8784,
#8785,#8786,#8787,#8788,#8789,#8790,#8791),.UNSPECIFIED.,.F.,.F.,(4,1,1,
1,1,1,1,1,1,1,4),(1.11076499342709E-17,0.0010264845978465,0.002052969195693,
0.00307945379353949,0.00410593839138598,0.00513242298923248,0.00615890758707897,
0.00667214988600222,0.00718539218492546,0.00769863448384871,0.00821187678277196),
 .UNSPECIFIED.);
#700=B_SPLINE_CURVE_WITH_KNOTS('',3,(#8792,#8793,#8794,#8795,#8796,#8797,
#8798,#8799),.UNSPECIFIED.,.F.,.F.,(4,1,1,1,1,4),(0.,0.00825574141754666,
0.0165114828350933,0.02476722425264,0.0288950949614133,0.0330229656701866),
 .UNSPECIFIED.);
#701=B_SPLINE_CURVE_WITH_KNOTS('',3,(#8801,#8802,#8803,#8804),
 .UNSPECIFIED.,.F.,.F.,(4,4),(0.,0.00034598355547203),.UNSPECIFIED.);
#702=B_SPLINE_CURVE_WITH_KNOTS('',3,(#8808,#8809,#8810,#8811),
 .UNSPECIFIED.,.F.,.F.,(4,4),(0.,1.31709761966833E-5),.UNSPECIFIED.);
#703=B_SPLINE_CURVE_WITH_KNOTS('',3,(#8813,#8814,#8815,#8816,#8817),
 .UNSPECIFIED.,.F.,.F.,(4,1,4),(0.000923926026579629,0.00422038452144299,
0.00751684301630635),.UNSPECIFIED.);
#704=B_SPLINE_CURVE_WITH_KNOTS('',3,(#8866,#8867,#8868,#8869,#8870,#8871,
#8872,#8873,#8874,#8875,#8876,#8877,#8878),.UNSPECIFIED.,.F.,.F.,(4,1,1,
1,1,1,1,1,1,1,4),(3.87895961444886E-18,0.000514789104102245,0.00102957820820449,
0.00154436731230673,0.00205915641640897,0.00308873462461345,0.00411831283281793,
0.00514789104102241,0.0061774692492269,0.00720704745743138,0.00823662566563586),
 .UNSPECIFIED.);
#705=B_SPLINE_CURVE_WITH_KNOTS('',3,(#8879,#8880,#8881,#8882),
 .UNSPECIFIED.,.F.,.F.,(4,4),(0.,0.000345983555513636),.UNSPECIFIED.);
#706=B_SPLINE_CURVE_WITH_KNOTS('',3,(#8884,#8885,#8886,#8887,#8888,#8889,
#8890,#8891),.UNSPECIFIED.,.F.,.F.,(4,1,1,1,1,4),(0.,0.00825592344422731,
0.0165118468884546,0.0247677703326819,0.0288957320547956,0.0330236937769092),
 .UNSPECIFIED.);
#707=B_SPLINE_CURVE_WITH_KNOTS('',3,(#8893,#8894,#8895,#8896),
 .UNSPECIFIED.,.F.,.F.,(4,4),(0.,1.31709761971102E-5),.UNSPECIFIED.);
#708=B_SPLINE_CURVE_WITH_KNOTS('',3,(#8900,#8901,#8902,#8903,#8904),
 .UNSPECIFIED.,.F.,.F.,(4,1,4),(0.000923926026637897,0.00422038452160861,
0.00751684301657932),.UNSPECIFIED.);
#709=B_SPLINE_CURVE_WITH_KNOTS('',3,(#8953,#8954,#8955,#8956,#8957,#8958,
#8959,#8960),.UNSPECIFIED.,.F.,.F.,(4,1,1,1,1,4),(0.,0.00825574141754665,
0.0165114828350933,0.02476722425264,0.0288950949614133,0.0330229656701866),
 .UNSPECIFIED.);
#710=B_SPLINE_CURVE_WITH_KNOTS('',3,(#8962,#8963,#8964,#8965),
 .UNSPECIFIED.,.F.,.F.,(4,4),(0.,0.000345983555473442),.UNSPECIFIED.);
#711=B_SPLINE_CURVE_WITH_KNOTS('',3,(#8977,#8978,#8979,#8980,#8981,#8982,
#8983,#8984,#8985,#8986,#8987,#8988,#8989,#8990,#8991,#8992,#8993,#8994,
#8995,#8996,#8997),.UNSPECIFIED.,.F.,.F.,(4,1,1,1,1,1,1,1,1,1,1,1,1,1,1,
1,1,1,4),(0.,0.00294498147597087,0.00441747221395631,0.00588996295194175,
0.00736245368992719,0.00883494442791262,0.00957118979690534,0.0103074351658981,
0.0110436805348908,0.0117799259038835,0.0125161712728762,0.0132524166418689,
0.0139886620108617,0.0147249073798544,0.0161973981178398,0.0176698888558252,
0.0191423795938107,0.0206148703317961,0.023559851807767),.UNSPECIFIED.);
#712=B_SPLINE_CURVE_WITH_KNOTS('',3,(#8999,#9000,#9001,#9002,#9003,#9004,
#9005,#9006,#9007,#9008,#9009,#9010,#9011,#9012,#9013,#9014,#9015,#9016,
#9017,#9018,#9019),.UNSPECIFIED.,.F.,.F.,(4,1,1,1,1,1,1,1,1,1,1,1,1,1,1,
1,1,1,4),(0.,0.00295040352278856,0.00442560528418284,0.00590080704557712,
0.00737600880697141,0.00885121056836569,0.00958881144906283,0.01032641232976,
0.0110640132104571,0.0118016140911542,0.0125392149718514,0.0132768158525485,
0.0140144167332457,0.0147520176139428,0.0162272193753371,0.0177024211367314,
0.0191776228981257,0.0206528246595199,0.0236032281823085),.UNSPECIFIED.);
#713=B_SPLINE_CURVE_WITH_KNOTS('',3,(#9046,#9047,#9048,#9049,#9050,#9051,
#9052,#9053,#9054,#9055,#9056,#9057,#9058,#9059,#9060,#9061,#9062,#9063,
#9064,#9065,#9066),.UNSPECIFIED.,.F.,.F.,(4,1,1,1,1,1,1,1,1,1,1,1,1,1,1,
1,1,1,4),(0.,0.00294493033753969,0.00441739550630953,0.00588986067507937,
0.00736232584384922,0.00883479101261906,0.00957102359700398,0.0103072561813889,
0.0110434887657738,0.0117797213501587,0.0125159539345437,0.0132521865189286,
0.0139884191033135,0.0147246516876984,0.0161971168564683,0.0176695820252381,
0.019142047194008,0.0206145123627778,0.0235594427003175),.UNSPECIFIED.);
#714=B_SPLINE_CURVE_WITH_KNOTS('',3,(#9068,#9069,#9070,#9071,#9072,#9073,
#9074,#9075,#9076,#9077,#9078,#9079,#9080,#9081,#9082,#9083,#9084,#9085,
#9086,#9087,#9088),.UNSPECIFIED.,.F.,.F.,(4,1,1,1,1,1,1,1,1,1,1,1,1,1,1,
1,1,1,4),(0.,0.00295101770170282,0.00442652655255422,0.00590203540340563,
0.00737754425425704,0.00885305310510845,0.00959080753053415,0.0103285619559599,
0.0110663163813856,0.0118040708068113,0.012541825232237,0.0132795796576627,
0.0140173340830884,0.0147550885085141,0.0162305973593655,0.0177061062102169,
0.0191816150610683,0.0206571239119197,0.0236081416136225),.UNSPECIFIED.);
#715=B_SPLINE_CURVE_WITH_KNOTS('',3,(#9115,#9116,#9117,#9118,#9119,#9120),
 .UNSPECIFIED.,.F.,.F.,(4,1,1,4),(0.,0.00243259896437068,0.00486519792874136,
0.00973039585748272),.UNSPECIFIED.);
#716=B_SPLINE_CURVE_WITH_KNOTS('',3,(#9121,#9122,#9123,#9124,#9125,#9126),
 .UNSPECIFIED.,.F.,.F.,(4,1,1,4),(2.59642643215285E-19,0.00487529429866952,
0.00731294144800429,0.00975058859733905),.UNSPECIFIED.);
#717=B_SPLINE_CURVE_WITH_KNOTS('',3,(#9128,#9129,#9130,#9131,#9132,#9133),
 .UNSPECIFIED.,.F.,.F.,(4,1,1,4),(0.,0.00243259896291279,0.00486519792582558,
0.00973039585165116),.UNSPECIFIED.);
#718=B_SPLINE_CURVE_WITH_KNOTS('',3,(#9134,#9135,#9136,#9137,#9138,#9139),
 .UNSPECIFIED.,.F.,.F.,(4,1,1,4),(2.46660511054506E-17,0.00487528944648175,
0.00731293416972262,0.00975057889296348),.UNSPECIFIED.);
#719=B_SPLINE_CURVE_WITH_KNOTS('',3,(#9141,#9142,#9143,#9144,#9145),
 .UNSPECIFIED.,.F.,.F.,(4,1,4),(0.,0.00206760988970786,0.00413521977941573),
 .UNSPECIFIED.);
#720=B_SPLINE_CURVE_WITH_KNOTS('',3,(#9190,#9191,#9192,#9193,#9194),
 .UNSPECIFIED.,.F.,.F.,(4,1,4),(6.2546344413855E-18,0.00206760988971067,
0.00413521977942133),.UNSPECIFIED.);
#721=B_SPLINE_CURVE_WITH_KNOTS('',3,(#9239,#9240,#9241,#9242,#9243),
 .UNSPECIFIED.,.F.,.F.,(4,1,4),(1.73472347597681E-18,0.00206760988970854,
0.00413521977941708),.UNSPECIFIED.);
#722=B_SPLINE_CURVE_WITH_KNOTS('',3,(#9288,#9289,#9290,#9291,#9292),
 .UNSPECIFIED.,.F.,.F.,(4,1,4),(3.46944695195361E-18,0.00206760988971067,
0.00413521977942134),.UNSPECIFIED.);
#723=B_SPLINE_CURVE_WITH_KNOTS('',3,(#9593,#9594,#9595,#9596),
 .UNSPECIFIED.,.F.,.F.,(4,4),(0.,0.009),.UNSPECIFIED.);
#724=B_SPLINE_CURVE_WITH_KNOTS('',3,(#9599,#9600,#9601,#9602,#9603,#9604,
#9605,#9606,#9607),.UNSPECIFIED.,.F.,.F.,(4,1,1,1,1,1,4),(-0.0110189722194454,
-0.0055095460751668,-0.00275483300302753,-1.19930888248243E-7,0.00275459314125103,
0.00550930621339031,0.0110187323576689),.UNSPECIFIED.);
#725=B_SPLINE_CURVE_WITH_KNOTS('',3,(#9609,#9610,#9611,#9612),
 .UNSPECIFIED.,.F.,.F.,(4,4),(0.,0.009),.UNSPECIFIED.);
#726=B_SPLINE_CURVE_WITH_KNOTS('',3,(#9614,#9615,#9616,#9617,#9618,#9619,
#9620,#9621,#9622),.UNSPECIFIED.,.F.,.F.,(4,1,1,1,1,1,4),(0.,0.00143985111586799,
0.00287970223173597,0.00431955334760396,0.00575940446347195,0.00863910669520792,
0.0115188089269439),.UNSPECIFIED.);
#727=B_SPLINE_CURVE_WITH_KNOTS('',3,(#9624,#9625,#9626,#9627),
 .UNSPECIFIED.,.F.,.F.,(4,4),(0.,1.),.UNSPECIFIED.);
#728=B_SPLINE_CURVE_WITH_KNOTS('',3,(#9629,#9630,#9631,#9632,#9633,#9634,
#9635,#9636,#9637),.UNSPECIFIED.,.F.,.F.,(4,1,1,1,1,1,4),(0.,0.0028560356333385,
0.005712071266677,0.00714008908334625,0.00856810690001551,0.00999612471668476,
0.011424142533354),.UNSPECIFIED.);
#729=B_SPLINE_CURVE_WITH_KNOTS('',3,(#9638,#9639,#9640,#9641,#9642,#9643,
#9644,#9645,#9646),.UNSPECIFIED.,.F.,.F.,(4,1,1,1,1,1,4),(3.48040661188177E-14,
0.0013671511759374,0.0020507267638887,0.00273430235184,0.0034178779397913,
0.0041014535277426,0.0054686047036452),.UNSPECIFIED.);
#730=B_SPLINE_CURVE_WITH_KNOTS('',3,(#9664,#9665,#9666,#9667),
 .UNSPECIFIED.,.F.,.F.,(4,4),(0.,0.009),.UNSPECIFIED.);
#731=B_SPLINE_CURVE_WITH_KNOTS('',3,(#9670,#9671,#9672,#9673,#9674,#9675,
#9676,#9677,#9678,#9679),.UNSPECIFIED.,.F.,.F.,(4,1,1,1,1,1,1,4),(-0.0110142208833457,
-0.00826086731567446,-0.00550751374800321,-0.00275416018033195,-8.06612660696378E-7,
0.00275254695501056,0.00550590052268182,0.0110126076580243),
 .UNSPECIFIED.);
#732=B_SPLINE_CURVE_WITH_KNOTS('',3,(#9681,#9682,#9683,#9684),
 .UNSPECIFIED.,.F.,.F.,(4,4),(0.,0.009),.UNSPECIFIED.);
#733=B_SPLINE_CURVE_WITH_KNOTS('',3,(#9686,#9687,#9688,#9689,#9690,#9691,
#9692,#9693,#9694),.UNSPECIFIED.,.F.,.F.,(4,1,1,1,1,1,4),(0.,0.00143985111616996,
0.00287970223233991,0.00431955334850987,0.00575940446467982,0.00863910669701973,
0.0115188089293596),.UNSPECIFIED.);
#734=B_SPLINE_CURVE_WITH_KNOTS('',3,(#9696,#9697,#9698,#9699),
 .UNSPECIFIED.,.F.,.F.,(4,4),(0.,1.),.UNSPECIFIED.);
#735=B_SPLINE_CURVE_WITH_KNOTS('',3,(#9701,#9702,#9703,#9704,#9705,#9706,
#9707,#9708,#9709),.UNSPECIFIED.,.F.,.F.,(4,1,1,1,1,1,4),(0.,0.00284111083215894,
0.00568222166431788,0.00710277708039736,0.00852333249647683,0.0099438879125563,
0.0113644433286358),.UNSPECIFIED.);
#736=B_SPLINE_CURVE_WITH_KNOTS('',3,(#9710,#9711,#9712,#9713,#9714,#9715,
#9716,#9717,#9718),.UNSPECIFIED.,.F.,.F.,(4,1,1,1,1,1,4),(0.,0.00136715117641707,
0.0020507267646256,0.00273430235283414,0.00341787794104267,0.00410145352925121,
0.00546860470566828),.UNSPECIFIED.);
#737=B_SPLINE_CURVE_WITH_KNOTS('',3,(#9858,#9859,#9860,#9861,#9862,#9863,
#9864,#9865,#9866,#9867,#9868,#9869,#9870,#9871,#9872,#9873,#9874),
 .UNSPECIFIED.,.T.,.F.,(1,1,1,1,1,1,1,1,1,1,1,1,1,1,1,1,1,1,1,1,1),(-0.00358245350582299,
-0.00238830233721533,-0.00119415116860766,0.,0.00119415116860766,0.00238830233721533,
0.00358245350582299,0.00477660467443066,0.00716490701164598,0.00835905818025365,
0.00955320934886131,0.010747360517469,0.0119415116860766,0.014329814023292,
0.0155239651918996,0.0167181163605073,0.017912267529115,0.0191064186977226,
0.0203005698663303,0.021494721034938,0.0226888722035456),.UNSPECIFIED.);
#738=B_SPLINE_CURVE_WITH_KNOTS('',3,(#9876,#9877,#9878,#9879),
 .UNSPECIFIED.,.F.,.F.,(4,4),(0.,1.),.PIECEWISE_BEZIER_KNOTS.);
#739=B_SPLINE_CURVE_WITH_KNOTS('',3,(#9884,#9885,#9886,#9887),
 .UNSPECIFIED.,.F.,.F.,(4,4),(0.,1.),.PIECEWISE_BEZIER_KNOTS.);
#740=B_SPLINE_CURVE_WITH_KNOTS('',3,(#9890,#9891,#9892,#9893,#9894,#9895,
#9896,#9897,#9898,#9899,#9900,#9901,#9902,#9903,#9904,#9905,#9906,#9907),
 .UNSPECIFIED.,.T.,.F.,(1,1,1,1,1,1,1,1,1,1,1,1,1,1,1,1,1,1,1,1,1,1),(-0.00358275229558908,
-0.00238850153039272,-0.00119425076519636,0.,0.00119425076519636,0.00238850153039272,
0.00477700306078544,0.0059712538259818,0.00716550459117816,0.00835975535637452,
0.00955400612157088,0.0107482568867672,0.0119425076519636,0.01313675841716,
0.0143310091823563,0.0155252599475527,0.016719510712749,0.0179137614779454,
0.0191080122431418,0.0203022630083381,0.0214965137735345,0.0238850153039272),
 .UNSPECIFIED.);
#741=B_SPLINE_CURVE_WITH_KNOTS('',3,(#9917,#9918,#9919,#9920),
 .UNSPECIFIED.,.F.,.F.,(4,4),(-0.00262195154078687,0.00671515599346662),
 .UNSPECIFIED.);
#742=B_SPLINE_CURVE_WITH_KNOTS('',3,(#9923,#9924,#9925,#9926),
 .UNSPECIFIED.,.F.,.F.,(4,4),(0.,1.),.UNSPECIFIED.);
#743=B_SPLINE_CURVE_WITH_KNOTS('',3,(#9928,#9929,#9930,#9931),
 .UNSPECIFIED.,.F.,.F.,(4,4),(-0.00209568534450063,0.0072414221863471),
 .UNSPECIFIED.);
#744=B_SPLINE_CURVE_WITH_KNOTS('',3,(#9933,#9934,#9935,#9936),
 .UNSPECIFIED.,.F.,.F.,(4,4),(0.,1.),.UNSPECIFIED.);
#745=B_SPLINE_CURVE_WITH_KNOTS('',3,(#9937,#9938,#9939,#9940,#9941,#9942,
#9943,#9944,#9945,#9946,#9947),.UNSPECIFIED.,.T.,.F.,(1,1,1,1,1,1,1,1,1,
1,1,1,1,1,1),(-0.00645829278580189,-0.00430552852386793,-0.00215276426193396,
0.,0.00215276426193396,0.00430552852386793,0.00645829278580189,0.00861105704773586,
0.0107638213096698,0.0129165855716038,0.0150693498335377,0.0172221140954717,
0.0193748783574057,0.0215276426193396,0.0236804068812736),.UNSPECIFIED.);
#746=B_SPLINE_CURVE_WITH_KNOTS('',3,(#9949,#9950,#9951,#9952),
 .UNSPECIFIED.,.F.,.F.,(4,4),(0.,1.),.PIECEWISE_BEZIER_KNOTS.);
#747=B_SPLINE_CURVE_WITH_KNOTS('',3,(#9954,#9955,#9956,#9957),
 .UNSPECIFIED.,.F.,.F.,(4,4),(0.,1.),.PIECEWISE_BEZIER_KNOTS.);
#748=B_SPLINE_CURVE_WITH_KNOTS('',3,(#9964,#9965,#9966,#9967,#9968,#9969,
#9970,#9971,#9972,#9973,#9974),.UNSPECIFIED.,.T.,.F.,(1,1,1,1,1,1,1,1,1,
1,1,1,1,1,1),(-0.0064587805776094,-0.00430585371840626,-0.00215292685920313,
0.,0.00215292685920313,0.00430585371840626,0.0064587805776094,0.00861170743681253,
0.0107646342960157,0.0129175611552188,0.0150704880144219,0.0172234148736251,
0.0193763417328282,0.0215292685920313,0.0236821954512344),.UNSPECIFIED.);
#749=B_SPLINE_CURVE_WITH_KNOTS('',3,(#9986,#9987,#9988,#9989,#9990,#9991,
#9992,#9993,#9994,#9995,#9996,#9997,#9998,#9999),.UNSPECIFIED.,.T.,.F.,
(1,1,1,1,1,1,1,1,1,1,1,1,1,1,1,1,1,1),(-0.00493981231523496,-0.00246990615761748,
-0.00123495307880874,0.,0.00246990615761748,0.00493981231523496,0.00740971847285244,
0.00864467155166118,0.00987962463046992,0.0111145777092787,0.0123495307880874,
0.0148194369457049,0.0172893431033224,0.0185242961821311,0.0197592492609398,
0.0222291554185573,0.0246990615761748,0.0271689677337923),.UNSPECIFIED.);
#750=B_SPLINE_CURVE_WITH_KNOTS('',3,(#10006,#10007,#10008,#10009,#10010,
#10011,#10012,#10013,#10014,#10015,#10016,#10017,#10018),.UNSPECIFIED.,
 .T.,.F.,(1,1,1,1,1,1,1,1,1,1,1,1,1,1,1,1,1),(-0.00494035270210929,-0.00247017635105464,
-0.00123508817552731,6.93889390390723E-18,0.00123508817552733,0.00247017635105465,
0.0049403527021093,0.00741052905316395,0.00988070540421859,0.0123508817552732,
0.0148210581063279,0.0172912344573825,0.0185263226329099,0.0197614108084372,
0.0209964989839645,0.0222315871594918,0.0247017635105465),.UNSPECIFIED.);
#751=B_SPLINE_CURVE_WITH_KNOTS('',3,(#10028,#10029,#10030,#10031),
 .UNSPECIFIED.,.F.,.F.,(4,4),(0.,1.),.UNSPECIFIED.);
#752=B_SPLINE_CURVE_WITH_KNOTS('',3,(#10034,#10035,#10036,#10037),
 .UNSPECIFIED.,.F.,.F.,(4,4),(-0.00262195154078691,0.0067151559934349),
 .UNSPECIFIED.);
#753=B_SPLINE_CURVE_WITH_KNOTS('',3,(#10039,#10040,#10041,#10042),
 .UNSPECIFIED.,.F.,.F.,(4,4),(0.,1.),.UNSPECIFIED.);
#754=B_SPLINE_CURVE_WITH_KNOTS('',3,(#10044,#10045,#10046,#10047),
 .UNSPECIFIED.,.F.,.F.,(4,4),(-0.00209568534450064,0.00724142218634709),
 .UNSPECIFIED.);
#755=B_SPLINE_CURVE_WITH_KNOTS('',3,(#10048,#10049,#10050,#10051),
 .UNSPECIFIED.,.F.,.F.,(4,4),(0.,1.),.PIECEWISE_BEZIER_KNOTS.);
#756=B_SPLINE_CURVE_WITH_KNOTS('',3,(#10053,#10054,#10055,#10056),
 .UNSPECIFIED.,.F.,.F.,(4,4),(0.,1.),.PIECEWISE_BEZIER_KNOTS.);
#757=B_SPLINE_CURVE_WITH_KNOTS('',3,(#10063,#10064,#10065,#10066,#10067,
#10068,#10069,#10070,#10071,#10072,#10073),.UNSPECIFIED.,.T.,.F.,(1,1,1,
1,1,1,1,1,1,1,1,1,1,1,1),(-0.0064587805776094,-0.00430585371840626,-0.00215292685920313,
0.,0.00215292685920313,0.00430585371840626,0.0064587805776094,0.00861170743681253,
0.0107646342960157,0.0129175611552188,0.0150704880144219,0.0172234148736251,
0.0193763417328282,0.0215292685920313,0.0236821954512344),.UNSPECIFIED.);
#758=B_SPLINE_CURVE_WITH_KNOTS('',3,(#10075,#10076,#10077,#10078,#10079,
#10080,#10081,#10082,#10083,#10084,#10085),.UNSPECIFIED.,.T.,.F.,(1,1,1,
1,1,1,1,1,1,1,1,1,1,1,1),(-0.00645829278580189,-0.00430552852386793,-0.00215276426193396,
0.,0.00215276426193396,0.00430552852386793,0.00645829278580189,0.00861105704773585,
0.0107638213096698,0.0129165855716038,0.0150693498335377,0.0172221140954717,
0.0193748783574057,0.0215276426193396,0.0236804068812736),.UNSPECIFIED.);
#759=B_SPLINE_CURVE_WITH_KNOTS('',3,(#10223,#10224,#10225,#10226),
 .UNSPECIFIED.,.F.,.F.,(4,4),(0.,1.),.PIECEWISE_BEZIER_KNOTS.);
#760=B_SPLINE_CURVE_WITH_KNOTS('',3,(#10231,#10232,#10233,#10234),
 .UNSPECIFIED.,.F.,.F.,(4,4),(0.,1.),.PIECEWISE_BEZIER_KNOTS.);
#761=B_SPLINE_CURVE_WITH_KNOTS('',3,(#10237,#10238,#10239,#10240,#10241,
#10242,#10243,#10244,#10245,#10246,#10247,#10248,#10249,#10250,#10251,#10252,
#10253,#10254),.UNSPECIFIED.,.T.,.F.,(1,1,1,1,1,1,1,1,1,1,1,1,1,1,1,1,1,
1,1,1,1,1),(-0.0035827522955891,-0.00238850153039273,-0.00119425076519636,
3.46944695195361E-18,0.00119425076519637,0.00238850153039274,0.00477700306078547,
0.00597125382598184,0.0071655045911782,0.00835975535637457,0.00955400612157094,
0.0107482568867673,0.0119425076519637,0.01313675841716,0.0143310091823564,
0.0155252599475528,0.0167195107127491,0.0179137614779455,0.0191080122431419,
0.0203022630083382,0.0214965137735346,0.0238850153039273),.UNSPECIFIED.);
#762=B_SPLINE_CURVE_WITH_KNOTS('',3,(#10256,#10257,#10258,#10259,#10260,
#10261,#10262,#10263,#10264,#10265,#10266,#10267,#10268,#10269,#10270,#10271,
#10272),.UNSPECIFIED.,.T.,.F.,(1,1,1,1,1,1,1,1,1,1,1,1,1,1,1,1,1,1,1,1,
1),(-0.003582453505823,-0.00238830233721533,-0.00119415116860767,0.,0.00119415116860767,
0.00238830233721533,0.003582453505823,0.00477660467443067,0.007164907011646,
0.00835905818025367,0.00955320934886134,0.010747360517469,0.0119415116860767,
0.014329814023292,0.0155239651918997,0.0167181163605073,0.017912267529115,
0.0191064186977227,0.0203005698663303,0.021494721034938,0.0226888722035457),
 .UNSPECIFIED.);
#763=B_SPLINE_CURVE_WITH_KNOTS('',3,(#10284,#10285,#10286,#10287,#10288,
#10289,#10290,#10291,#10292,#10293,#10294,#10295,#10296),.UNSPECIFIED.,
 .T.,.F.,(1,1,1,1,1,1,1,1,1,1,1,1,1,1,1,1,1),(-0.00494035270210928,-0.00247017635105463,
-0.00123508817552731,6.93889390390723E-18,0.00123508817552733,0.00247017635105465,
0.00494035270210929,0.00741052905316393,0.00988070540421858,0.0123508817552732,
0.0148210581063279,0.0172912344573825,0.0185263226329098,0.0197614108084371,
0.0209964989839645,0.0222315871594918,0.0247017635105464),.UNSPECIFIED.);
#764=B_SPLINE_CURVE_WITH_KNOTS('',3,(#10298,#10299,#10300,#10301,#10302,
#10303,#10304,#10305,#10306,#10307,#10308,#10309,#10310,#10311),
 .UNSPECIFIED.,.T.,.F.,(1,1,1,1,1,1,1,1,1,1,1,1,1,1,1,1,1,1),(-0.00493981231523496,
-0.00246990615761748,-0.00123495307880874,0.,0.00246990615761748,0.00493981231523496,
0.00740971847285245,0.00864467155166119,0.00987962463046993,0.0111145777092787,
0.0123495307880874,0.0148194369457049,0.0172893431033224,0.0185242961821311,
0.0197592492609399,0.0222291554185573,0.0246990615761748,0.0271689677337923),
 .UNSPECIFIED.);
#765=B_SPLINE_CURVE_WITH_KNOTS('',3,(#10319,#10320,#10321,#10322),
 .UNSPECIFIED.,.F.,.F.,(4,4),(1.18720137887163E-16,0.00509794339714829),
 .UNSPECIFIED.);
#766=B_SPLINE_CURVE_WITH_KNOTS('',3,(#10325,#10326,#10327,#10328,#10329,
#10330,#10331),.UNSPECIFIED.,.F.,.F.,(4,1,1,1,4),(0.00148922499446987,0.00296149787035258,
0.00443377074623528,0.00590604362211799,0.0073783164980007),
 .UNSPECIFIED.);
#767=B_SPLINE_CURVE_WITH_KNOTS('',3,(#10333,#10334,#10335,#10336),
 .UNSPECIFIED.,.F.,.F.,(4,4),(4.53482157680903E-5,0.000170741628660753),
 .UNSPECIFIED.);
#768=B_SPLINE_CURVE_WITH_KNOTS('',3,(#10338,#10339,#10340,#10341),
 .UNSPECIFIED.,.F.,.F.,(4,4),(0.,4.41351732710438E-5),.UNSPECIFIED.);
#769=B_SPLINE_CURVE_WITH_KNOTS('',3,(#10343,#10344,#10345,#10346),
 .UNSPECIFIED.,.F.,.F.,(4,4),(0.,0.00020729452446065),.UNSPECIFIED.);
#770=B_SPLINE_CURVE_WITH_KNOTS('',3,(#10348,#10349,#10350,#10351,#10352,
#10353,#10354,#10355,#10356,#10357,#10358,#10359),.UNSPECIFIED.,.F.,.F.,
(4,1,1,1,1,1,1,1,1,4),(-0.00302566855626845,-0.00202689632656249,-0.00102812409685653,
-2.93518671505774E-5,0.000470034247702401,0.00096942036255538,0.00196819259226134,
0.0029669648219673,0.00396573705167325,0.00496450928137921),
 .UNSPECIFIED.);
#771=B_SPLINE_CURVE_WITH_KNOTS('',3,(#10364,#10365,#10366,#10367,#10368,
#10369,#10370,#10371),.UNSPECIFIED.,.F.,.F.,(4,1,1,1,1,4),(0.,0.00127072046159939,
0.00190608069239908,0.00254144092319878,0.00381216138479817,0.00508288184639756),
 .UNSPECIFIED.);
#772=B_SPLINE_CURVE_WITH_KNOTS('',3,(#10373,#10374,#10375,#10376),
 .UNSPECIFIED.,.F.,.F.,(4,4),(6.71687145650914E-7,0.00020262619529266),
 .UNSPECIFIED.);
#773=B_SPLINE_CURVE_WITH_KNOTS('',3,(#10378,#10379,#10380,#10381),
 .UNSPECIFIED.,.F.,.F.,(4,4),(1.74410012931007E-6,4.53482157680903E-5),
 .UNSPECIFIED.);
#774=B_SPLINE_CURVE_WITH_KNOTS('',3,(#10383,#10384,#10385,#10386),
 .UNSPECIFIED.,.F.,.F.,(4,4),(0.,1.),.UNSPECIFIED.);
#775=B_SPLINE_CURVE_WITH_KNOTS('',3,(#10388,#10389,#10390,#10391),
 .UNSPECIFIED.,.F.,.F.,(4,4),(0.,1.),.UNSPECIFIED.);
#776=B_SPLINE_CURVE_WITH_KNOTS('',3,(#10393,#10394,#10395,#10396),
 .UNSPECIFIED.,.F.,.F.,(4,4),(0.146695590882338,0.821739341088632),
 .UNSPECIFIED.);
#777=B_SPLINE_CURVE_WITH_KNOTS('',3,(#10398,#10399,#10400,#10401,#10402),
 .UNSPECIFIED.,.F.,.F.,(4,1,4),(0.,0.00312057779794255,0.00624115559588509),
 .UNSPECIFIED.);
#778=B_SPLINE_CURVE_WITH_KNOTS('',3,(#10410,#10411,#10412,#10413,#10414),
 .UNSPECIFIED.,.F.,.F.,(4,1,4),(0.,0.00312836319068398,0.00625672638136795),
 .UNSPECIFIED.);
#779=B_SPLINE_CURVE_WITH_KNOTS('',3,(#10416,#10417,#10418,#10419),
 .UNSPECIFIED.,.F.,.F.,(4,4),(0.178269367650595,0.853355706804154),
 .UNSPECIFIED.);
#780=B_SPLINE_CURVE_WITH_KNOTS('',3,(#10421,#10422,#10423,#10424),
 .UNSPECIFIED.,.F.,.F.,(4,4),(2.12041525622687E-8,0.000125405522269075),
 .UNSPECIFIED.);
#781=B_SPLINE_CURVE_WITH_KNOTS('',3,(#10427,#10428,#10429,#10430,#10431,
#10432,#10433),.UNSPECIFIED.,.F.,.F.,(4,1,1,1,4),(7.39231155764271E-7,0.00145914150779579,
0.00291754378443582,0.00437594606107585,0.00583434833771588),
 .UNSPECIFIED.);
#782=B_SPLINE_CURVE_WITH_KNOTS('',3,(#10435,#10436,#10437,#10438),
 .UNSPECIFIED.,.F.,.F.,(4,4),(0.,0.0050979433971481),.UNSPECIFIED.);
#783=B_SPLINE_CURVE_WITH_KNOTS('',3,(#10440,#10441,#10442,#10443,#10444,
#10445,#10446,#10447,#10448,#10449,#10450,#10451),.UNSPECIFIED.,.F.,.F.,
(4,1,1,1,1,1,1,1,1,4),(-0.00494308154601423,-0.00394933359518251,-0.0029555856443508,
-0.00196183769351908,-0.000968089742687367,-0.00047121576727151,2.56582081443481E-5,
0.00101940615897606,0.00201315410980778,0.00300690206063949),
 .UNSPECIFIED.);
#784=B_SPLINE_CURVE_WITH_KNOTS('',3,(#10453,#10454,#10455,#10456),
 .UNSPECIFIED.,.F.,.F.,(4,4),(6.34064567603991E-17,0.000207205690241538),
 .UNSPECIFIED.);
#785=B_SPLINE_CURVE_WITH_KNOTS('',3,(#10458,#10459,#10460,#10461),
 .UNSPECIFIED.,.F.,.F.,(4,4),(0.,4.40994394668247E-5),.UNSPECIFIED.);
#786=B_SPLINE_CURVE_WITH_KNOTS('',3,(#10463,#10464,#10465,#10466),
 .UNSPECIFIED.,.F.,.F.,(4,4),(0.,1.),.UNSPECIFIED.);
#787=B_SPLINE_CURVE_WITH_KNOTS('',3,(#10468,#10469,#10470,#10471),
 .UNSPECIFIED.,.F.,.F.,(4,4),(0.,1.),.UNSPECIFIED.);
#788=B_SPLINE_CURVE_WITH_KNOTS('',3,(#10473,#10474,#10475,#10476),
 .UNSPECIFIED.,.F.,.F.,(4,4),(0.178269367650595,0.853355706804154),
 .UNSPECIFIED.);
#789=B_SPLINE_CURVE_WITH_KNOTS('',3,(#10478,#10479,#10480,#10481,#10482),
 .UNSPECIFIED.,.F.,.F.,(4,1,4),(0.,0.00312836319068398,0.00625672638136795),
 .UNSPECIFIED.);
#790=B_SPLINE_CURVE_WITH_KNOTS('',3,(#10490,#10491,#10492,#10493,#10494),
 .UNSPECIFIED.,.F.,.F.,(4,1,4),(0.,0.00312057779794255,0.00624115559588509),
 .UNSPECIFIED.);
#791=B_SPLINE_CURVE_WITH_KNOTS('',3,(#10496,#10497,#10498,#10499),
 .UNSPECIFIED.,.F.,.F.,(4,4),(0.146695590882338,0.821739341088632),
 .UNSPECIFIED.);
#792=B_SPLINE_CURVE_WITH_KNOTS('',3,(#10506,#10507,#10508,#10509),
 .UNSPECIFIED.,.F.,.F.,(4,4),(7.3623881459305E-7,0.000202377880270756),
 .UNSPECIFIED.);
#793=B_SPLINE_CURVE_WITH_KNOTS('',3,(#10511,#10512,#10513,#10514,#10515,
#10516,#10517,#10518),.UNSPECIFIED.,.F.,.F.,(4,1,1,1,1,4),(4.43288889594878E-17,
0.00127018661967285,0.00190527992950925,0.00254037323934566,0.00381055985901846,
0.00508074647869127),.UNSPECIFIED.);
#794=B_SPLINE_CURVE_WITH_KNOTS('',3,(#10583,#10584,#10585,#10586,#10587,
#10588),.UNSPECIFIED.,.F.,.F.,(4,1,1,4),(0.,0.000756063837150952,0.0015121276743019,
0.00302425534860381),.UNSPECIFIED.);
#795=B_SPLINE_CURVE_WITH_KNOTS('',3,(#10590,#10591,#10592,#10593,#10594),
 .UNSPECIFIED.,.F.,.F.,(4,1,4),(0.000505082194925344,0.00278545216709987,
0.00506582213927439),.UNSPECIFIED.);
#796=B_SPLINE_CURVE_WITH_KNOTS('',3,(#10596,#10597,#10598,#10599),
 .UNSPECIFIED.,.F.,.F.,(4,4),(-5.99999999999237E-8,0.000125635560277563),
 .UNSPECIFIED.);
#797=B_SPLINE_CURVE_WITH_KNOTS('',3,(#10601,#10602,#10603,#10604,#10605),
 .UNSPECIFIED.,.F.,.F.,(4,1,4),(0.,0.00272453708513172,0.00544907417026345),
 .UNSPECIFIED.);
#798=B_SPLINE_CURVE_WITH_KNOTS('',3,(#10607,#10608,#10609,#10610),
 .UNSPECIFIED.,.F.,.F.,(4,4),(0.,1.),.PIECEWISE_BEZIER_KNOTS.);
#799=B_SPLINE_CURVE_WITH_KNOTS('',3,(#10616,#10617,#10618,#10619),
 .UNSPECIFIED.,.F.,.F.,(4,4),(0.,1.),.PIECEWISE_BEZIER_KNOTS.);
#800=B_SPLINE_CURVE_WITH_KNOTS('',3,(#10621,#10622,#10623,#10624,#10625,
#10626,#10627,#10628,#10629,#10630,#10631),.UNSPECIFIED.,.F.,.F.,(4,1,1,
1,1,1,1,1,4),(0.,0.001083849378458,0.002167698756916,0.002709623446145,
0.003251548135374,0.004335397513832,0.00541924689229,0.006503096270748,
0.008670795027664),.UNSPECIFIED.);
#801=B_SPLINE_CURVE_WITH_KNOTS('',3,(#10633,#10634,#10635,#10636),
 .UNSPECIFIED.,.F.,.F.,(4,4),(1.16495561359228E-15,3.07800492171268E-6),
 .UNSPECIFIED.);
#802=B_SPLINE_CURVE_WITH_KNOTS('',3,(#10655,#10656,#10657,#10658,#10659),
 .UNSPECIFIED.,.F.,.F.,(4,1,4),(0.,0.00247927419839653,0.00495854839679306),
 .UNSPECIFIED.);
#803=B_SPLINE_CURVE_WITH_KNOTS('',3,(#10663,#10664,#10665,#10666),
 .UNSPECIFIED.,.F.,.F.,(4,4),(0.,3.0972326951791E-6),.UNSPECIFIED.);
#804=B_SPLINE_CURVE_WITH_KNOTS('',3,(#10683,#10684,#10685,#10686),
 .UNSPECIFIED.,.F.,.F.,(4,4),(0.000174607754620414,0.00021435931303441),
 .UNSPECIFIED.);
#805=B_SPLINE_CURVE_WITH_KNOTS('',3,(#10689,#10690,#10691,#10692),
 .UNSPECIFIED.,.F.,.F.,(4,4),(0.00108128208351729,0.00152608345371972),
 .UNSPECIFIED.);
#806=B_SPLINE_CURVE_WITH_KNOTS('',3,(#10694,#10695,#10696,#10697,#10698,
#10699,#10700,#10701,#10702,#10703,#10704,#10705),.UNSPECIFIED.,.F.,.F.,
(4,2,2,2,2,4),(0.,0.111487755324537,0.222975510649074,0.334463265973611,
0.445951021298148,1.),.UNSPECIFIED.);
#807=B_SPLINE_CURVE_WITH_KNOTS('',3,(#10709,#10710,#10711,#10712),
 .UNSPECIFIED.,.F.,.F.,(4,4),(0.,1.),.UNSPECIFIED.);
#808=B_SPLINE_CURVE_WITH_KNOTS('',3,(#10717,#10718,#10719,#10720,#10721,
#10722,#10723,#10724,#10725,#10726,#10727,#10728,#10729,#10730,#10731,#10732,
#10733,#10734,#10735,#10736,#10737,#10738),.UNSPECIFIED.,.F.,.F.,(4,2,2,
2,2,2,2,2,2,2,4),(0.,0.0278719388311343,0.0557438776622685,0.0836158164934027,
0.111487755324537,0.167231632986806,0.222975510649074,0.278719388311343,
0.334463265973611,0.445951021298148,1.),.UNSPECIFIED.);
#809=B_SPLINE_CURVE_WITH_KNOTS('',3,(#10755,#10756,#10757,#10758,#10759),
 .UNSPECIFIED.,.F.,.F.,(4,1,4),(0.,0.00218538440825353,0.00437076881650705),
 .UNSPECIFIED.);
#810=B_SPLINE_CURVE_WITH_KNOTS('',3,(#10763,#10764,#10765,#10766,#10767),
 .UNSPECIFIED.,.F.,.F.,(4,1,4),(0.,0.00265152346079344,0.00530304692158688),
 .UNSPECIFIED.);
#811=B_SPLINE_CURVE_WITH_KNOTS('',3,(#10772,#10773,#10774,#10775),
 .UNSPECIFIED.,.F.,.F.,(4,4),(6.31448876631291E-18,0.00093858672082433),
 .UNSPECIFIED.);
#812=B_SPLINE_CURVE_WITH_KNOTS('',3,(#10782,#10783,#10784,#10785),
 .UNSPECIFIED.,.F.,.F.,(4,4),(0.00812746889194816,0.00905801529598145),
 .UNSPECIFIED.);
#813=B_SPLINE_CURVE_WITH_KNOTS('',3,(#10792,#10793,#10794,#10795,#10796),
 .UNSPECIFIED.,.F.,.F.,(4,1,4),(0.00471619692940619,0.00692203127114955,
0.00912786561289291),.UNSPECIFIED.);
#814=B_SPLINE_CURVE_WITH_KNOTS('',3,(#10797,#10798,#10799,#10800,#10801),
 .UNSPECIFIED.,.F.,.F.,(4,1,4),(4.33680868994202E-19,0.00264784987863131,
0.00529569975726262),.UNSPECIFIED.);
#815=B_SPLINE_CURVE_WITH_KNOTS('',3,(#10816,#10817,#10818,#10819,#10820,
#10821,#10822),.UNSPECIFIED.,.F.,.F.,(4,1,1,1,4),(0.,0.00171560663694866,
0.00343121327389731,0.00514681991084597,0.00686242654779462),
 .UNSPECIFIED.);
#816=B_SPLINE_CURVE_WITH_KNOTS('',3,(#10846,#10847,#10848,#10849,#10850,
#10851,#10852),.UNSPECIFIED.,.F.,.F.,(4,1,1,1,4),(0.,0.00171560663694866,
0.00343121327389731,0.00514681991084597,0.00686242654779462),
 .UNSPECIFIED.);
#817=B_SPLINE_CURVE_WITH_KNOTS('',3,(#10857,#10858,#10859,#10860),
 .UNSPECIFIED.,.F.,.F.,(4,4),(0.,0.00172582735598067),.UNSPECIFIED.);
#818=B_SPLINE_CURVE_WITH_KNOTS('',3,(#10863,#10864,#10865,#10866),
 .UNSPECIFIED.,.F.,.F.,(4,4),(0.,0.00172582735598067),.UNSPECIFIED.);
#819=B_SPLINE_CURVE_WITH_KNOTS('',3,(#10871,#10872,#10873,#10874,#10875),
 .UNSPECIFIED.,.F.,.F.,(4,1,4),(0.,0.00229180038563769,0.00458360077127539),
 .UNSPECIFIED.);
#820=B_SPLINE_CURVE_WITH_KNOTS('',3,(#10878,#10879,#10880,#10881),
 .UNSPECIFIED.,.F.,.F.,(4,4),(9.69739903612216E-18,0.00458700847341747),
 .UNSPECIFIED.);
#821=B_SPLINE_CURVE_WITH_KNOTS('',3,(#10888,#10889,#10890,#10891,#10892,
#10893,#10894,#10895,#10896),.UNSPECIFIED.,.F.,.F.,(4,1,1,1,1,1,4),(1.29597822005333E-18,
0.000261337608823114,0.000392006413234671,0.000522675217646227,0.000653344022057784,
0.00078401282646934,0.00104535043529245),.UNSPECIFIED.);
#822=B_SPLINE_CURVE_WITH_KNOTS('',3,(#10947,#10948,#10949,#10950,#10951,
#10952,#10953),.UNSPECIFIED.,.F.,.F.,(4,1,1,1,4),(0.,0.00172696133077106,
0.00345392266154211,0.00518088399231317,0.00690784532308423),
 .UNSPECIFIED.);
#823=B_SPLINE_CURVE_WITH_KNOTS('',3,(#10960,#10961,#10962,#10963,#10964),
 .UNSPECIFIED.,.F.,.F.,(4,1,4),(0.,0.00183080442640436,0.00366160885280873),
 .UNSPECIFIED.);
#824=B_SPLINE_CURVE_WITH_KNOTS('',3,(#10971,#10972,#10973,#10974),
 .UNSPECIFIED.,.F.,.F.,(4,4),(0.000174468771707889,0.000214220225521701),
 .UNSPECIFIED.);
#825=B_SPLINE_CURVE_WITH_KNOTS('',3,(#10976,#10977,#10978,#10979),
 .UNSPECIFIED.,.F.,.F.,(4,4),(0.00108128208351729,0.00152608345371662),
 .UNSPECIFIED.);
#826=B_SPLINE_CURVE_WITH_KNOTS('',3,(#10980,#10981,#10982,#10983,#10984),
 .UNSPECIFIED.,.F.,.F.,(4,1,4),(0.,0.00183080442640493,0.00366160885280986),
 .UNSPECIFIED.);
#827=B_SPLINE_CURVE_WITH_KNOTS('',3,(#10989,#10990,#10991,#10992,#10993,
#10994,#10995,#10996,#10997),.UNSPECIFIED.,.F.,.F.,(4,1,1,1,1,1,4),(0.,
0.00132489284367442,0.00198733926551164,0.00264978568734885,0.00331223210918606,
0.00397467853102327,0.0052995713746977),.UNSPECIFIED.);
#828=B_SPLINE_CURVE_WITH_KNOTS('',3,(#11002,#11003,#11004,#11005,#11006,
#11007,#11008,#11009,#11010),.UNSPECIFIED.,.F.,.F.,(4,1,1,1,1,1,4),(0.,
0.00132489284367444,0.00198733926551166,0.00264978568734888,0.0033122321091861,
0.00397467853102332,0.00529957137469775),.UNSPECIFIED.);
#829=B_SPLINE_CURVE_WITH_KNOTS('',3,(#11012,#11013,#11014,#11015,#11016,
#11017,#11018,#11019,#11020,#11021,#11022,#11023,#11024,#11025,#11026),
 .UNSPECIFIED.,.F.,.F.,(4,1,1,1,1,1,1,1,1,1,1,1,4),(0.,0.00173947931150552,
0.00347895862301105,0.00434869827876381,0.00521843793451657,0.00608817759026934,
0.0069579172460221,0.00782765690177486,0.00869739655752762,0.00956713621328038,
0.0104368758690331,0.0121763551805387,0.0139158344920442),.UNSPECIFIED.);
#830=B_SPLINE_CURVE_WITH_KNOTS('',3,(#11028,#11029,#11030,#11031,#11032,
#11033,#11034,#11035,#11036,#11037,#11038,#11039,#11040,#11041,#11042),
 .UNSPECIFIED.,.F.,.F.,(4,1,1,1,1,1,1,1,1,1,1,1,4),(1.05733553946859E-31,
0.00174834477618713,0.00349668955237425,0.00437086194046782,0.00524503432856138,
0.00611920671665494,0.00699337910474851,0.00786755149284207,0.00874172388093564,
0.0096158962690292,0.0104900686571228,0.0122384134333099,0.013986758209497),
 .UNSPECIFIED.);
#831=B_SPLINE_CURVE_WITH_KNOTS('',3,(#11113,#11114,#11115,#11116,#11117),
 .UNSPECIFIED.,.F.,.F.,(4,1,4),(0.,0.00265152346079344,0.00530304692158688),
 .UNSPECIFIED.);
#832=B_SPLINE_CURVE_WITH_KNOTS('',3,(#11121,#11122,#11123,#11124,#11125),
 .UNSPECIFIED.,.F.,.F.,(4,1,4),(0.,0.00218538440825353,0.00437076881650705),
 .UNSPECIFIED.);
#833=B_SPLINE_CURVE_WITH_KNOTS('',3,(#11132,#11133,#11134,#11135),
 .UNSPECIFIED.,.F.,.F.,(4,4),(6.31448876631291E-18,0.00093858672082433),
 .UNSPECIFIED.);
#834=B_SPLINE_CURVE_WITH_KNOTS('',3,(#11142,#11143,#11144,#11145),
 .UNSPECIFIED.,.F.,.F.,(4,4),(0.00812746889194816,0.00905801529598145),
 .UNSPECIFIED.);
#835=B_SPLINE_CURVE_WITH_KNOTS('',3,(#11150,#11151,#11152,#11153,#11154),
 .UNSPECIFIED.,.F.,.F.,(4,1,4),(4.33680868994202E-19,0.00264784987863131,
0.00529569975726262),.UNSPECIFIED.);
#836=B_SPLINE_CURVE_WITH_KNOTS('',3,(#11155,#11156,#11157,#11158,#11159),
 .UNSPECIFIED.,.F.,.F.,(4,1,4),(0.00471619692940619,0.00692203127114955,
0.00912786561289291),.UNSPECIFIED.);
#837=B_SPLINE_CURVE_WITH_KNOTS('',3,(#11172,#11173,#11174,#11175,#11176),
 .UNSPECIFIED.,.F.,.F.,(4,1,4),(0.,0.00229180038563769,0.00458360077127539),
 .UNSPECIFIED.);
#838=B_SPLINE_CURVE_WITH_KNOTS('',3,(#11183,#11184,#11185,#11186),
 .UNSPECIFIED.,.F.,.F.,(4,4),(9.69739903612216E-18,0.00458700847341747),
 .UNSPECIFIED.);
#839=B_SPLINE_CURVE_WITH_KNOTS('',3,(#11191,#11192,#11193,#11194,#11195,
#11196,#11197,#11198,#11199),.UNSPECIFIED.,.F.,.F.,(4,1,1,1,1,1,4),(1.29597822005333E-18,
0.000261337608823114,0.000392006413234671,0.000522675217646227,0.000653344022057784,
0.00078401282646934,0.00104535043529245),.UNSPECIFIED.);
#840=B_SPLINE_CURVE_WITH_KNOTS('',3,(#11240,#11241,#11242,#11243,#11244),
 .UNSPECIFIED.,.F.,.F.,(4,1,4),(0.,0.5,1.),.UNSPECIFIED.);
#841=B_SPLINE_CURVE_WITH_KNOTS('',3,(#11246,#11247,#11248,#11249,#11250),
 .UNSPECIFIED.,.F.,.F.,(4,1,4),(0.,0.5,1.),.UNSPECIFIED.);
#842=B_SPLINE_CURVE_WITH_KNOTS('',3,(#11258,#11259,#11260,#11261,#11262,
#11263,#11264),.UNSPECIFIED.,.F.,.F.,(4,1,1,1,4),(0.,0.00172696133077106,
0.00345392266154211,0.00518088399231317,0.00690784532308423),
 .UNSPECIFIED.);
#843=B_SPLINE_CURVE_WITH_KNOTS('',3,(#11266,#11267,#11268,#11269,#11270),
 .UNSPECIFIED.,.F.,.F.,(4,1,4),(0.,0.00183080442640436,0.00366160885280873),
 .UNSPECIFIED.);
#844=B_SPLINE_CURVE_WITH_KNOTS('',3,(#11277,#11278,#11279,#11280,#11281),
 .UNSPECIFIED.,.F.,.F.,(4,1,4),(0.,0.00183080442640493,0.00366160885280986),
 .UNSPECIFIED.);
#845=B_SPLINE_CURVE_WITH_KNOTS('',3,(#11282,#11283,#11284,#11285,#11286,
#11287,#11288,#11289,#11290,#11291,#11292),.UNSPECIFIED.,.F.,.F.,(4,1,1,
1,1,1,1,1,4),(3.87895961444886E-18,0.0010836179071093,0.0021672358142186,
0.00270904476777325,0.0032508537213279,0.00433447162843719,0.00541808953554649,
0.00650170744265579,0.00866894325687438),.UNSPECIFIED.);
#846=B_SPLINE_CURVE_WITH_KNOTS('',3,(#11303,#11304,#11305,#11306,#11307,
#11308,#11309,#11310,#11311),.UNSPECIFIED.,.F.,.F.,(4,1,1,1,1,1,4),(0.,
0.00132489284367442,0.00198733926551164,0.00264978568734885,0.00331223210918606,
0.00397467853102327,0.0052995713746977),.UNSPECIFIED.);
#847=B_SPLINE_CURVE_WITH_KNOTS('',3,(#11316,#11317,#11318,#11319,#11320,
#11321,#11322,#11323,#11324),.UNSPECIFIED.,.F.,.F.,(4,1,1,1,1,1,4),(0.,
0.00132489284367444,0.00198733926551166,0.00264978568734888,0.0033122321091861,
0.00397467853102332,0.00529957137469775),.UNSPECIFIED.);
#848=B_SPLINE_CURVE_WITH_KNOTS('',3,(#11326,#11327,#11328,#11329,#11330,
#11331,#11332,#11333,#11334,#11335,#11336,#11337,#11338,#11339,#11340),
 .UNSPECIFIED.,.F.,.F.,(4,1,1,1,1,1,1,1,1,1,1,1,4),(0.,0.00173947931150552,
0.00347895862301105,0.00434869827876381,0.00521843793451657,0.00608817759026934,
0.0069579172460221,0.00782765690177486,0.00869739655752762,0.00956713621328038,
0.0104368758690331,0.0121763551805387,0.0139158344920442),.UNSPECIFIED.);
#849=B_SPLINE_CURVE_WITH_KNOTS('',3,(#11342,#11343,#11344,#11345,#11346,
#11347,#11348,#11349,#11350,#11351,#11352,#11353,#11354,#11355,#11356),
 .UNSPECIFIED.,.F.,.F.,(4,1,1,1,1,1,1,1,1,1,1,1,4),(1.05733553946859E-31,
0.00174834477618713,0.00349668955237425,0.00437086194046782,0.00524503432856138,
0.00611920671665494,0.00699337910474851,0.00786755149284207,0.00874172388093564,
0.0096158962690292,0.0104900686571228,0.0122384134333099,0.013986758209497),
 .UNSPECIFIED.);
#850=B_SPLINE_CURVE_WITH_KNOTS('',3,(#11359,#11360,#11361,#11362,#11363,
#11364),.UNSPECIFIED.,.F.,.F.,(4,1,1,4),(0.,0.000757858735454862,0.00151571747090972,
0.00303143494181945),.UNSPECIFIED.);
#851=B_SPLINE_CURVE_WITH_KNOTS('',3,(#11440,#11441,#11442,#11443),
 .UNSPECIFIED.,.F.,.F.,(4,4),(0.,0.000240206328749212),.UNSPECIFIED.);
#852=B_SPLINE_CURVE_WITH_KNOTS('',3,(#11448,#11449,#11450,#11451),
 .UNSPECIFIED.,.F.,.F.,(4,4),(0.,0.00024100919212498),.UNSPECIFIED.);
#853=B_SPLINE_CURVE_WITH_KNOTS('',3,(#11453,#11454,#11455,#11456,#11457,
#11458),.UNSPECIFIED.,.F.,.F.,(4,1,1,4),(0.,0.00142522099162584,0.00285044198325169,
0.00570088396650337),.UNSPECIFIED.);
#854=B_SPLINE_CURVE_WITH_KNOTS('',3,(#11460,#11461,#11462,#11463),
 .UNSPECIFIED.,.F.,.F.,(4,4),(0.,0.00344179338780878),.UNSPECIFIED.);
#855=B_SPLINE_CURVE_WITH_KNOTS('',3,(#11469,#11470,#11471,#11472,#11473,
#11474),.UNSPECIFIED.,.F.,.F.,(4,1,1,4),(0.,0.00284065907642483,0.00426098861463725,
0.00568131815284966),.UNSPECIFIED.);
#856=B_SPLINE_CURVE_WITH_KNOTS('',3,(#11477,#11478,#11479,#11480),
 .UNSPECIFIED.,.F.,.F.,(4,4),(0.,0.00343872281520948),.UNSPECIFIED.);
#857=B_SPLINE_CURVE_WITH_KNOTS('',3,(#11484,#11485,#11486,#11487,#11488),
 .UNSPECIFIED.,.F.,.F.,(4,1,4),(3.20097472700071E-15,0.00250650969223254,
0.00501301938446188),.UNSPECIFIED.);
#858=B_SPLINE_CURVE_WITH_KNOTS('',3,(#11799,#11800,#11801,#11802,#11803,
#11804,#11805,#11806,#11807,#11808,#11809,#11810,#11811,#11812,#11813,#11814,
#11815,#11816,#11817,#11818,#11819,#11820),.UNSPECIFIED.,.F.,.F.,(4,1,1,
1,1,1,1,1,1,1,1,1,1,1,1,1,1,1,1,4),(6.50383457081323E-19,0.00357414973848121,
0.00536122460772181,0.00714829947696242,0.00893537434620302,0.0107224492154436,
0.0116159866500639,0.0125095240846842,0.0134030615193045,0.0142965989539248,
0.0151901363885451,0.0160836738231654,0.0169772112577857,0.017870748692406,
0.0187642861270263,0.0196578235616467,0.0214448984308873,0.0232319733001279,
0.0250190481693685,0.0285931979078497),.UNSPECIFIED.);
#859=B_SPLINE_CURVE_WITH_KNOTS('',3,(#11821,#11822,#11823,#11824),
 .UNSPECIFIED.,.F.,.F.,(4,4),(0.,1.),.PIECEWISE_BEZIER_KNOTS.);
#860=B_SPLINE_CURVE_WITH_KNOTS('',3,(#11861,#11862,#11863,#11864),
 .UNSPECIFIED.,.F.,.F.,(4,4),(0.,0.000359714668294659),.UNSPECIFIED.);
#861=B_SPLINE_CURVE_WITH_KNOTS('',3,(#12019,#12020,#12021,#12022,#12023,
#12024,#12025,#12026,#12027,#12028,#12029,#12030,#12031,#12032,#12033,#12034,
#12035,#12036,#12037,#12038,#12039,#12040),.UNSPECIFIED.,.F.,.F.,(4,1,1,
1,1,1,1,1,1,1,1,1,1,1,1,1,1,1,1,4),(6.50515469004167E-19,0.00359263061805669,
0.00538894592708504,0.00718526123611339,0.00898157654514174,0.00987973419965591,
0.0107778918541701,0.0116760495086843,0.0125742071631984,0.0134723648177126,
0.0143705224722268,0.0152686801267409,0.0161668377812551,0.0170649954357693,
0.0179631530902835,0.0197594683993118,0.0215557837083402,0.0233520990173685,
0.0251484143263969,0.0287410449444536),.UNSPECIFIED.);
#862=B_SPLINE_CURVE_WITH_KNOTS('',3,(#12041,#12042,#12043,#12044),
 .UNSPECIFIED.,.F.,.F.,(4,4),(0.,1.),.UNSPECIFIED.);
#863=B_SPLINE_CURVE_WITH_KNOTS('',3,(#12073,#12074,#12075,#12076),
 .UNSPECIFIED.,.F.,.F.,(4,4),(0.,0.000359674747124309),.UNSPECIFIED.);
#864=B_SPLINE_CURVE_WITH_KNOTS('',3,(#12078,#12079,#12080,#12081),
 .UNSPECIFIED.,.F.,.F.,(4,4),(0.,0.96106559887677),.UNSPECIFIED.);
#865=B_SPLINE_CURVE_WITH_KNOTS('',3,(#12122,#12123,#12124,#12125,#12126),
 .UNSPECIFIED.,.F.,.F.,(4,1,4),(-5.99999999884448E-8,0.00273583179823109,
0.00547172359646217),.UNSPECIFIED.);
#866=B_SPLINE_CURVE_WITH_KNOTS('',3,(#12128,#12129,#12130,#12131),
 .UNSPECIFIED.,.F.,.F.,(4,4),(4.5102810375397E-17,0.000125660056321274),
 .UNSPECIFIED.);
#867=B_SPLINE_CURVE_WITH_KNOTS('',3,(#12133,#12134,#12135,#12136,#12137),
 .UNSPECIFIED.,.F.,.F.,(4,1,4),(-5.99890264365018E-8,0.00226632803998078,
0.004532716068988),.UNSPECIFIED.);
#868=B_SPLINE_CURVE_WITH_KNOTS('',3,(#12203,#12204,#12205,#12206),
 .UNSPECIFIED.,.F.,.F.,(4,4),(0.,4.00093923826056E-5),.UNSPECIFIED.);
#869=B_SPLINE_CURVE_WITH_KNOTS('',3,(#12221,#12222,#12223,#12224),
 .UNSPECIFIED.,.F.,.F.,(4,4),(0.,4.00093800702475E-5),.UNSPECIFIED.);
#870=B_SPLINE_CURVE_WITH_KNOTS('',3,(#12236,#12237,#12238,#12239,#12240,
#12241,#12242),.UNSPECIFIED.,.F.,.F.,(4,1,1,1,4),(0.,0.00238937605660429,
0.00477875211320859,0.00716812816981288,0.00955750422641718),
 .UNSPECIFIED.);
#871=B_SPLINE_CURVE_WITH_KNOTS('',3,(#12255,#12256,#12257,#12258,#12259,
#12260,#12261),.UNSPECIFIED.,.F.,.F.,(4,1,1,1,4),(0.,0.002370013452951,
0.00474002690590199,0.00711004035885299,0.00948005381180399),
 .UNSPECIFIED.);
#872=B_SPLINE_CURVE_WITH_KNOTS('',3,(#12313,#12314,#12315,#12316),
 .UNSPECIFIED.,.F.,.F.,(4,4),(0.,4.00093923271777E-5),.UNSPECIFIED.);
#873=B_SPLINE_CURVE_WITH_KNOTS('',3,(#12334,#12335,#12336,#12337),
 .UNSPECIFIED.,.F.,.F.,(4,4),(0.,4.00093800838547E-5),.UNSPECIFIED.);
#874=B_SPLINE_CURVE_WITH_KNOTS('',3,(#12353,#12354,#12355,#12356,#12357,
#12358,#12359),.UNSPECIFIED.,.F.,.F.,(4,1,1,1,4),(0.,0.002370013452951,
0.00474002690590199,0.00711004035885299,0.00948005381180399),
 .UNSPECIFIED.);
#875=B_SPLINE_CURVE_WITH_KNOTS('',3,(#12365,#12366,#12367,#12368,#12369,
#12370,#12371),.UNSPECIFIED.,.F.,.F.,(4,1,1,1,4),(0.,0.00238937605660428,
0.00477875211320856,0.00716812816981284,0.00955750422641712),
 .UNSPECIFIED.);
#876=B_SPLINE_CURVE_WITH_KNOTS('',3,(#12442,#12443,#12444,#12445),
 .UNSPECIFIED.,.F.,.F.,(4,4),(0.,0.0110902867620665),.UNSPECIFIED.);
#877=B_SPLINE_CURVE_WITH_KNOTS('',3,(#12447,#12448,#12449,#12450,#12451,
#12452,#12453,#12454,#12455,#12456,#12457,#12458,#12459,#12460,#12461),
 .UNSPECIFIED.,.F.,.F.,(4,1,1,1,1,1,1,1,1,1,1,1,4),(-0.00908557705043964,
-0.00794876296275675,-0.00681194887507385,-0.00567513478739095,-0.00453832069970806,
-0.00226469252434226,8.93565102353267E-6,0.00228256382638933,0.00455619200175512,
0.00569300608943802,0.00682982017712092,0.00796663426480381,0.00910344835248671),
 .UNSPECIFIED.);
#878=B_SPLINE_CURVE_WITH_KNOTS('',3,(#12462,#12463,#12464,#12465,#12466,
#12467,#12468),.UNSPECIFIED.,.F.,.F.,(4,1,1,1,4),(5.24345817780051E-16,
0.00127179229937005,0.00254358459873957,0.00381537689810909,0.00508716919747861),
 .UNSPECIFIED.);
#879=B_SPLINE_CURVE_WITH_KNOTS('',3,(#12469,#12470,#12471,#12472,#12473,
#12474,#12475),.UNSPECIFIED.,.F.,.F.,(4,1,1,1,4),(1.42809470512717E-16,
0.00126311079538969,0.00252622159077923,0.00378933238616877,0.00505244318155832),
 .UNSPECIFIED.);
#880=B_SPLINE_CURVE_WITH_KNOTS('',3,(#12483,#12484,#12485,#12486),
 .UNSPECIFIED.,.F.,.F.,(4,4),(0.,0.0110902867620662),.UNSPECIFIED.);
#881=B_SPLINE_CURVE_WITH_KNOTS('',3,(#12488,#12489,#12490,#12491,#12492,
#12493,#12494,#12495,#12496,#12497,#12498,#12499,#12500,#12501,#12502),
 .UNSPECIFIED.,.F.,.F.,(4,1,1,1,1,1,1,1,1,1,1,1,4),(-0.00908557705043964,
-0.00794876296275675,-0.00681194887507386,-0.00567513478739097,-0.00453832069970808,
-0.0022646925243423,8.9356510234789E-6,0.00228256382638926,0.00455619200175504,
0.00569300608943793,0.00682982017712082,0.00796663426480371,0.0091034483524866),
 .UNSPECIFIED.);
#882=B_SPLINE_CURVE_WITH_KNOTS('',3,(#12503,#12504,#12505,#12506,#12507,
#12508,#12509),.UNSPECIFIED.,.F.,.F.,(4,1,1,1,4),(0.,0.00127179229937076,
0.00254358459874152,0.00381537689811228,0.00508716919748304),
 .UNSPECIFIED.);
#883=B_SPLINE_CURVE_WITH_KNOTS('',3,(#12510,#12511,#12512,#12513,#12514,
#12515,#12516),.UNSPECIFIED.,.F.,.F.,(4,1,1,1,4),(1.57411220822269E-16,
0.00126311079538977,0.00252622159077938,0.00378933238616899,0.00505244318155861),
 .UNSPECIFIED.);
#884=PLANE('',#5393);
#885=PLANE('',#5394);
#886=PLANE('',#5395);
#887=PLANE('',#5396);
#888=PLANE('',#5400);
#889=PLANE('',#5404);
#890=PLANE('',#5427);
#891=PLANE('',#5432);
#892=PLANE('',#5438);
#893=PLANE('',#5444);
#894=PLANE('',#5450);
#895=PLANE('',#5451);
#896=PLANE('',#5452);
#897=PLANE('',#5453);
#898=PLANE('',#5454);
#899=PLANE('',#5455);
#900=PLANE('',#5456);
#901=PLANE('',#5460);
#902=PLANE('',#5474);
#903=PLANE('',#5479);
#904=PLANE('',#5484);
#905=PLANE('',#5485);
#906=PLANE('',#5493);
#907=PLANE('',#5494);
#908=PLANE('',#5497);
#909=PLANE('',#5500);
#910=PLANE('',#5504);
#911=PLANE('',#5512);
#912=PLANE('',#5517);
#913=PLANE('',#5521);
#914=PLANE('',#5536);
#915=PLANE('',#5539);
#916=PLANE('',#5543);
#917=PLANE('',#5545);
#918=PLANE('',#5548);
#919=PLANE('',#5553);
#920=PLANE('',#5556);
#921=PLANE('',#5560);
#922=PLANE('',#5562);
#923=PLANE('',#5565);
#924=PLANE('',#5568);
#925=PLANE('',#5569);
#926=PLANE('',#5580);
#927=PLANE('',#5583);
#928=PLANE('',#5586);
#929=PLANE('',#5589);
#930=PLANE('',#5592);
#931=PLANE('',#5595);
#932=PLANE('',#5598);
#933=PLANE('',#5602);
#934=PLANE('',#5606);
#935=PLANE('',#5608);
#936=PLANE('',#5611);
#937=PLANE('',#5614);
#938=PLANE('',#5619);
#939=PLANE('',#5622);
#940=PLANE('',#5639);
#941=PLANE('',#5640);
#942=PLANE('',#5643);
#943=PLANE('',#5645);
#944=PLANE('',#5652);
#945=PLANE('',#5653);
#946=PLANE('',#5654);
#947=PLANE('',#5671);
#948=PLANE('',#5675);
#949=PLANE('',#5676);
#950=PLANE('',#5678);
#951=PLANE('',#5683);
#952=PLANE('',#5686);
#953=PLANE('',#5691);
#954=PLANE('',#5700);
#955=PLANE('',#5702);
#956=PLANE('',#5704);
#957=PLANE('',#5707);
#958=PLANE('',#5731);
#959=PLANE('',#5732);
#960=PLANE('',#5734);
#961=PLANE('',#5739);
#962=PLANE('',#5742);
#963=PLANE('',#5747);
#964=PLANE('',#5753);
#965=PLANE('',#5755);
#966=PLANE('',#5757);
#967=PLANE('',#5760);
#968=PLANE('',#5768);
#969=PLANE('',#5773);
#970=PLANE('',#5778);
#971=PLANE('',#5781);
#972=PLANE('',#5784);
#973=PLANE('',#5787);
#974=PLANE('',#5790);
#975=PLANE('',#5791);
#976=PLANE('',#5796);
#977=PLANE('',#5801);
#978=PLANE('',#5805);
#979=PLANE('',#5808);
#980=PLANE('',#5809);
#981=PLANE('',#5812);
#982=PLANE('',#5815);
#983=PLANE('',#5818);
#984=PLANE('',#5821);
#985=PLANE('',#5826);
#986=PLANE('',#5830);
#987=PLANE('',#5833);
#988=PLANE('',#5836);
#989=PLANE('',#5839);
#990=PLANE('',#5840);
#991=PLANE('',#5842);
#992=PLANE('',#5849);
#993=PLANE('',#5850);
#994=PLANE('',#5853);
#995=PLANE('',#5855);
#996=PLANE('',#5862);
#997=PLANE('',#5865);
#998=PLANE('',#5868);
#999=PLANE('',#5871);
#1000=ORIENTED_EDGE('',*,*,#2506,.T.);
#1001=ORIENTED_EDGE('',*,*,#2507,.F.);
#1002=ORIENTED_EDGE('',*,*,#2508,.T.);
#1003=ORIENTED_EDGE('',*,*,#2509,.F.);
#1004=ORIENTED_EDGE('',*,*,#2510,.T.);
#1005=ORIENTED_EDGE('',*,*,#2511,.F.);
#1006=ORIENTED_EDGE('',*,*,#2506,.F.);
#1007=ORIENTED_EDGE('',*,*,#2508,.F.);
#1008=ORIENTED_EDGE('',*,*,#2510,.F.);
#1009=ORIENTED_EDGE('',*,*,#2507,.T.);
#1010=ORIENTED_EDGE('',*,*,#2512,.F.);
#1011=ORIENTED_EDGE('',*,*,#2512,.T.);
#1012=ORIENTED_EDGE('',*,*,#2513,.F.);
#1013=ORIENTED_EDGE('',*,*,#2509,.T.);
#1014=ORIENTED_EDGE('',*,*,#2514,.F.);
#1015=ORIENTED_EDGE('',*,*,#2514,.T.);
#1016=ORIENTED_EDGE('',*,*,#2515,.F.);
#1017=ORIENTED_EDGE('',*,*,#2511,.T.);
#1018=ORIENTED_EDGE('',*,*,#2516,.F.);
#1019=ORIENTED_EDGE('',*,*,#2516,.T.);
#1020=ORIENTED_EDGE('',*,*,#2517,.F.);
#1021=ORIENTED_EDGE('',*,*,#2518,.T.);
#1022=ORIENTED_EDGE('',*,*,#2519,.F.);
#1023=ORIENTED_EDGE('',*,*,#2520,.T.);
#1024=ORIENTED_EDGE('',*,*,#2521,.F.);
#1025=ORIENTED_EDGE('',*,*,#2522,.T.);
#1026=ORIENTED_EDGE('',*,*,#2523,.F.);
#1027=ORIENTED_EDGE('',*,*,#2524,.T.);
#1028=ORIENTED_EDGE('',*,*,#2525,.F.);
#1029=ORIENTED_EDGE('',*,*,#2526,.T.);
#1030=ORIENTED_EDGE('',*,*,#2527,.F.);
#1031=ORIENTED_EDGE('',*,*,#2528,.T.);
#1032=ORIENTED_EDGE('',*,*,#2529,.F.);
#1033=ORIENTED_EDGE('',*,*,#2530,.F.);
#1034=ORIENTED_EDGE('',*,*,#2531,.F.);
#1035=ORIENTED_EDGE('',*,*,#2532,.F.);
#1036=ORIENTED_EDGE('',*,*,#2533,.F.);
#1037=ORIENTED_EDGE('',*,*,#2534,.F.);
#1038=ORIENTED_EDGE('',*,*,#2535,.F.);
#1039=ORIENTED_EDGE('',*,*,#2536,.F.);
#1040=ORIENTED_EDGE('',*,*,#2537,.F.);
#1041=ORIENTED_EDGE('',*,*,#2538,.F.);
#1042=ORIENTED_EDGE('',*,*,#2539,.F.);
#1043=ORIENTED_EDGE('',*,*,#2540,.F.);
#1044=ORIENTED_EDGE('',*,*,#2541,.F.);
#1045=ORIENTED_EDGE('',*,*,#2542,.F.);
#1046=ORIENTED_EDGE('',*,*,#2543,.F.);
#1047=ORIENTED_EDGE('',*,*,#2544,.F.);
#1048=ORIENTED_EDGE('',*,*,#2545,.F.);
#1049=ORIENTED_EDGE('',*,*,#2546,.F.);
#1050=ORIENTED_EDGE('',*,*,#2547,.F.);
#1051=ORIENTED_EDGE('',*,*,#2548,.F.);
#1052=ORIENTED_EDGE('',*,*,#2549,.F.);
#1053=ORIENTED_EDGE('',*,*,#2550,.F.);
#1054=ORIENTED_EDGE('',*,*,#2551,.F.);
#1055=ORIENTED_EDGE('',*,*,#2552,.F.);
#1056=ORIENTED_EDGE('',*,*,#2553,.F.);
#1057=ORIENTED_EDGE('',*,*,#2554,.F.);
#1058=ORIENTED_EDGE('',*,*,#2555,.F.);
#1059=ORIENTED_EDGE('',*,*,#2556,.T.);
#1060=ORIENTED_EDGE('',*,*,#2557,.T.);
#1061=ORIENTED_EDGE('',*,*,#2558,.F.);
#1062=ORIENTED_EDGE('',*,*,#2559,.F.);
#1063=ORIENTED_EDGE('',*,*,#2560,.F.);
#1064=ORIENTED_EDGE('',*,*,#2561,.T.);
#1065=ORIENTED_EDGE('',*,*,#2562,.T.);
#1066=ORIENTED_EDGE('',*,*,#2563,.T.);
#1067=ORIENTED_EDGE('',*,*,#2564,.T.);
#1068=ORIENTED_EDGE('',*,*,#2565,.T.);
#1069=ORIENTED_EDGE('',*,*,#2566,.F.);
#1070=ORIENTED_EDGE('',*,*,#2561,.F.);
#1071=ORIENTED_EDGE('',*,*,#2567,.T.);
#1072=ORIENTED_EDGE('',*,*,#2568,.T.);
#1073=ORIENTED_EDGE('',*,*,#2569,.F.);
#1074=ORIENTED_EDGE('',*,*,#2570,.F.);
#1075=ORIENTED_EDGE('',*,*,#2571,.F.);
#1076=ORIENTED_EDGE('',*,*,#2572,.F.);
#1077=ORIENTED_EDGE('',*,*,#2573,.T.);
#1078=ORIENTED_EDGE('',*,*,#2574,.T.);
#1079=ORIENTED_EDGE('',*,*,#2575,.F.);
#1080=ORIENTED_EDGE('',*,*,#2576,.T.);
#1081=ORIENTED_EDGE('',*,*,#2577,.T.);
#1082=ORIENTED_EDGE('',*,*,#2578,.F.);
#1083=ORIENTED_EDGE('',*,*,#2579,.F.);
#1084=ORIENTED_EDGE('',*,*,#2572,.T.);
#1085=ORIENTED_EDGE('',*,*,#2580,.T.);
#1086=ORIENTED_EDGE('',*,*,#2581,.T.);
#1087=ORIENTED_EDGE('',*,*,#2582,.F.);
#1088=ORIENTED_EDGE('',*,*,#2583,.T.);
#1089=ORIENTED_EDGE('',*,*,#2584,.T.);
#1090=ORIENTED_EDGE('',*,*,#2578,.T.);
#1091=ORIENTED_EDGE('',*,*,#2585,.T.);
#1092=ORIENTED_EDGE('',*,*,#2586,.T.);
#1093=ORIENTED_EDGE('',*,*,#2587,.T.);
#1094=ORIENTED_EDGE('',*,*,#2588,.T.);
#1095=ORIENTED_EDGE('',*,*,#2589,.T.);
#1096=ORIENTED_EDGE('',*,*,#2590,.F.);
#1097=ORIENTED_EDGE('',*,*,#2591,.F.);
#1098=ORIENTED_EDGE('',*,*,#2592,.T.);
#1099=ORIENTED_EDGE('',*,*,#2593,.F.);
#1100=ORIENTED_EDGE('',*,*,#2594,.F.);
#1101=ORIENTED_EDGE('',*,*,#2595,.F.);
#1102=ORIENTED_EDGE('',*,*,#2596,.T.);
#1103=ORIENTED_EDGE('',*,*,#2597,.F.);
#1104=ORIENTED_EDGE('',*,*,#2598,.T.);
#1105=ORIENTED_EDGE('',*,*,#2576,.F.);
#1106=ORIENTED_EDGE('',*,*,#2599,.F.);
#1107=ORIENTED_EDGE('',*,*,#2574,.F.);
#1108=ORIENTED_EDGE('',*,*,#2600,.T.);
#1109=ORIENTED_EDGE('',*,*,#2601,.F.);
#1110=ORIENTED_EDGE('',*,*,#2602,.T.);
#1111=ORIENTED_EDGE('',*,*,#2603,.F.);
#1112=ORIENTED_EDGE('',*,*,#2604,.F.);
#1113=ORIENTED_EDGE('',*,*,#2605,.F.);
#1114=ORIENTED_EDGE('',*,*,#2606,.T.);
#1115=ORIENTED_EDGE('',*,*,#2607,.F.);
#1116=ORIENTED_EDGE('',*,*,#2608,.T.);
#1117=ORIENTED_EDGE('',*,*,#2609,.T.);
#1118=ORIENTED_EDGE('',*,*,#2610,.T.);
#1119=ORIENTED_EDGE('',*,*,#2611,.T.);
#1120=ORIENTED_EDGE('',*,*,#2612,.F.);
#1121=ORIENTED_EDGE('',*,*,#2613,.F.);
#1122=ORIENTED_EDGE('',*,*,#2603,.T.);
#1123=ORIENTED_EDGE('',*,*,#2513,.T.);
#1124=ORIENTED_EDGE('',*,*,#2515,.T.);
#1125=ORIENTED_EDGE('',*,*,#2517,.T.);
#1126=ORIENTED_EDGE('',*,*,#2614,.T.);
#1127=ORIENTED_EDGE('',*,*,#2615,.T.);
#1128=ORIENTED_EDGE('',*,*,#2582,.T.);
#1129=ORIENTED_EDGE('',*,*,#2616,.T.);
#1130=ORIENTED_EDGE('',*,*,#2617,.T.);
#1131=ORIENTED_EDGE('',*,*,#2618,.T.);
#1132=ORIENTED_EDGE('',*,*,#2570,.T.);
#1133=ORIENTED_EDGE('',*,*,#2619,.T.);
#1134=ORIENTED_EDGE('',*,*,#2559,.T.);
#1135=ORIENTED_EDGE('',*,*,#2618,.F.);
#1136=ORIENTED_EDGE('',*,*,#2599,.T.);
#1137=ORIENTED_EDGE('',*,*,#2620,.T.);
#1138=ORIENTED_EDGE('',*,*,#2580,.F.);
#1139=ORIENTED_EDGE('',*,*,#2571,.T.);
#1140=ORIENTED_EDGE('',*,*,#2621,.T.);
#1141=ORIENTED_EDGE('',*,*,#2590,.T.);
#1142=ORIENTED_EDGE('',*,*,#2575,.T.);
#1143=ORIENTED_EDGE('',*,*,#2584,.F.);
#1144=ORIENTED_EDGE('',*,*,#2622,.T.);
#1145=ORIENTED_EDGE('',*,*,#2623,.T.);
#1146=ORIENTED_EDGE('',*,*,#2624,.T.);
#1147=ORIENTED_EDGE('',*,*,#2625,.T.);
#1148=ORIENTED_EDGE('',*,*,#2626,.F.);
#1149=ORIENTED_EDGE('',*,*,#2627,.F.);
#1150=ORIENTED_EDGE('',*,*,#2593,.T.);
#1151=ORIENTED_EDGE('',*,*,#2628,.F.);
#1152=ORIENTED_EDGE('',*,*,#2629,.T.);
#1153=ORIENTED_EDGE('',*,*,#2630,.T.);
#1154=ORIENTED_EDGE('',*,*,#2605,.T.);
#1155=ORIENTED_EDGE('',*,*,#2631,.F.);
#1156=ORIENTED_EDGE('',*,*,#2632,.F.);
#1157=ORIENTED_EDGE('',*,*,#2633,.T.);
#1158=ORIENTED_EDGE('',*,*,#2579,.T.);
#1159=ORIENTED_EDGE('',*,*,#2604,.T.);
#1160=ORIENTED_EDGE('',*,*,#2613,.T.);
#1161=ORIENTED_EDGE('',*,*,#2634,.F.);
#1162=ORIENTED_EDGE('',*,*,#2635,.T.);
#1163=ORIENTED_EDGE('',*,*,#2594,.T.);
#1164=ORIENTED_EDGE('',*,*,#2627,.T.);
#1165=ORIENTED_EDGE('',*,*,#2636,.F.);
#1166=ORIENTED_EDGE('',*,*,#2631,.T.);
#1167=ORIENTED_EDGE('',*,*,#2528,.F.);
#1168=ORIENTED_EDGE('',*,*,#2518,.F.);
#1169=ORIENTED_EDGE('',*,*,#2520,.F.);
#1170=ORIENTED_EDGE('',*,*,#2522,.F.);
#1171=ORIENTED_EDGE('',*,*,#2524,.F.);
#1172=ORIENTED_EDGE('',*,*,#2526,.F.);
#1173=ORIENTED_EDGE('',*,*,#2637,.F.);
#1174=ORIENTED_EDGE('',*,*,#2634,.T.);
#1175=ORIENTED_EDGE('',*,*,#2612,.T.);
#1176=ORIENTED_EDGE('',*,*,#2638,.T.);
#1177=ORIENTED_EDGE('',*,*,#2639,.T.);
#1178=ORIENTED_EDGE('',*,*,#2640,.T.);
#1179=ORIENTED_EDGE('',*,*,#2641,.T.);
#1180=ORIENTED_EDGE('',*,*,#2642,.T.);
#1181=ORIENTED_EDGE('',*,*,#2643,.T.);
#1182=ORIENTED_EDGE('',*,*,#2632,.T.);
#1183=ORIENTED_EDGE('',*,*,#2636,.T.);
#1184=ORIENTED_EDGE('',*,*,#2626,.T.);
#1185=ORIENTED_EDGE('',*,*,#2644,.T.);
#1186=ORIENTED_EDGE('',*,*,#2645,.T.);
#1187=ORIENTED_EDGE('',*,*,#2646,.T.);
#1188=ORIENTED_EDGE('',*,*,#2647,.T.);
#1189=ORIENTED_EDGE('',*,*,#2648,.T.);
#1190=ORIENTED_EDGE('',*,*,#2649,.T.);
#1191=ORIENTED_EDGE('',*,*,#2650,.T.);
#1192=ORIENTED_EDGE('',*,*,#2651,.T.);
#1193=ORIENTED_EDGE('',*,*,#2652,.T.);
#1194=ORIENTED_EDGE('',*,*,#2653,.T.);
#1195=ORIENTED_EDGE('',*,*,#2654,.T.);
#1196=ORIENTED_EDGE('',*,*,#2655,.F.);
#1197=ORIENTED_EDGE('',*,*,#2656,.F.);
#1198=ORIENTED_EDGE('',*,*,#2657,.F.);
#1199=ORIENTED_EDGE('',*,*,#2658,.T.);
#1200=ORIENTED_EDGE('',*,*,#2659,.T.);
#1201=ORIENTED_EDGE('',*,*,#2660,.T.);
#1202=ORIENTED_EDGE('',*,*,#2661,.T.);
#1203=ORIENTED_EDGE('',*,*,#2662,.F.);
#1204=ORIENTED_EDGE('',*,*,#2663,.F.);
#1205=ORIENTED_EDGE('',*,*,#2610,.F.);
#1206=ORIENTED_EDGE('',*,*,#2664,.T.);
#1207=ORIENTED_EDGE('',*,*,#2658,.F.);
#1208=ORIENTED_EDGE('',*,*,#2665,.F.);
#1209=ORIENTED_EDGE('',*,*,#2549,.T.);
#1210=ORIENTED_EDGE('',*,*,#2666,.F.);
#1211=ORIENTED_EDGE('',*,*,#2667,.T.);
#1212=ORIENTED_EDGE('',*,*,#2668,.T.);
#1213=ORIENTED_EDGE('',*,*,#2669,.F.);
#1214=ORIENTED_EDGE('',*,*,#2670,.T.);
#1215=ORIENTED_EDGE('',*,*,#2551,.T.);
#1216=ORIENTED_EDGE('',*,*,#2671,.T.);
#1217=ORIENTED_EDGE('',*,*,#2672,.T.);
#1218=ORIENTED_EDGE('',*,*,#2673,.T.);
#1219=ORIENTED_EDGE('',*,*,#2674,.T.);
#1220=ORIENTED_EDGE('',*,*,#2675,.T.);
#1221=ORIENTED_EDGE('',*,*,#2676,.F.);
#1222=ORIENTED_EDGE('',*,*,#2677,.F.);
#1223=ORIENTED_EDGE('',*,*,#2667,.F.);
#1224=ORIENTED_EDGE('',*,*,#2678,.F.);
#1225=ORIENTED_EDGE('',*,*,#2679,.T.);
#1226=ORIENTED_EDGE('',*,*,#2680,.F.);
#1227=ORIENTED_EDGE('',*,*,#2681,.F.);
#1228=ORIENTED_EDGE('',*,*,#2682,.F.);
#1229=ORIENTED_EDGE('',*,*,#2598,.F.);
#1230=ORIENTED_EDGE('',*,*,#2683,.T.);
#1231=ORIENTED_EDGE('',*,*,#2585,.F.);
#1232=ORIENTED_EDGE('',*,*,#2577,.F.);
#1233=ORIENTED_EDGE('',*,*,#2684,.T.);
#1234=ORIENTED_EDGE('',*,*,#2600,.F.);
#1235=ORIENTED_EDGE('',*,*,#2573,.F.);
#1236=ORIENTED_EDGE('',*,*,#2589,.F.);
#1237=ORIENTED_EDGE('',*,*,#2534,.T.);
#1238=ORIENTED_EDGE('',*,*,#2533,.T.);
#1239=ORIENTED_EDGE('',*,*,#2637,.T.);
#1240=ORIENTED_EDGE('',*,*,#2679,.F.);
#1241=ORIENTED_EDGE('',*,*,#2685,.T.);
#1242=ORIENTED_EDGE('',*,*,#2656,.T.);
#1243=ORIENTED_EDGE('',*,*,#2686,.T.);
#1244=ORIENTED_EDGE('',*,*,#2687,.F.);
#1245=ORIENTED_EDGE('',*,*,#2566,.T.);
#1246=ORIENTED_EDGE('',*,*,#2688,.T.);
#1247=ORIENTED_EDGE('',*,*,#2660,.F.);
#1248=ORIENTED_EDGE('',*,*,#2689,.F.);
#1249=ORIENTED_EDGE('',*,*,#2690,.T.);
#1250=ORIENTED_EDGE('',*,*,#2659,.F.);
#1251=ORIENTED_EDGE('',*,*,#2691,.T.);
#1252=ORIENTED_EDGE('',*,*,#2689,.T.);
#1253=ORIENTED_EDGE('',*,*,#2692,.F.);
#1254=ORIENTED_EDGE('',*,*,#2693,.T.);
#1255=ORIENTED_EDGE('',*,*,#2694,.T.);
#1256=ORIENTED_EDGE('',*,*,#2676,.T.);
#1257=ORIENTED_EDGE('',*,*,#2695,.T.);
#1258=ORIENTED_EDGE('',*,*,#2696,.F.);
#1259=ORIENTED_EDGE('',*,*,#2696,.T.);
#1260=ORIENTED_EDGE('',*,*,#2697,.T.);
#1261=ORIENTED_EDGE('',*,*,#2698,.F.);
#1262=ORIENTED_EDGE('',*,*,#2563,.F.);
#1263=ORIENTED_EDGE('',*,*,#2699,.F.);
#1264=ORIENTED_EDGE('',*,*,#2700,.T.);
#1265=ORIENTED_EDGE('',*,*,#2677,.T.);
#1266=ORIENTED_EDGE('',*,*,#2694,.F.);
#1267=ORIENTED_EDGE('',*,*,#2701,.T.);
#1268=ORIENTED_EDGE('',*,*,#2681,.T.);
#1269=ORIENTED_EDGE('',*,*,#2702,.F.);
#1270=ORIENTED_EDGE('',*,*,#2654,.F.);
#1271=ORIENTED_EDGE('',*,*,#2703,.T.);
#1272=ORIENTED_EDGE('',*,*,#2686,.F.);
#1273=ORIENTED_EDGE('',*,*,#2655,.T.);
#1274=ORIENTED_EDGE('',*,*,#2702,.T.);
#1275=ORIENTED_EDGE('',*,*,#2680,.T.);
#1276=ORIENTED_EDGE('',*,*,#2671,.F.);
#1277=ORIENTED_EDGE('',*,*,#2550,.T.);
#1278=ORIENTED_EDGE('',*,*,#2665,.T.);
#1279=ORIENTED_EDGE('',*,*,#2657,.T.);
#1280=ORIENTED_EDGE('',*,*,#2685,.F.);
#1281=ORIENTED_EDGE('',*,*,#2678,.T.);
#1282=ORIENTED_EDGE('',*,*,#2704,.T.);
#1283=ORIENTED_EDGE('',*,*,#2538,.T.);
#1284=ORIENTED_EDGE('',*,*,#2705,.T.);
#1285=ORIENTED_EDGE('',*,*,#2645,.F.);
#1286=ORIENTED_EDGE('',*,*,#2706,.T.);
#1287=ORIENTED_EDGE('',*,*,#2535,.T.);
#1288=ORIENTED_EDGE('',*,*,#2707,.T.);
#1289=ORIENTED_EDGE('',*,*,#2648,.F.);
#1290=ORIENTED_EDGE('',*,*,#2669,.T.);
#1291=ORIENTED_EDGE('',*,*,#2708,.T.);
#1292=ORIENTED_EDGE('',*,*,#2709,.T.);
#1293=ORIENTED_EDGE('',*,*,#2595,.T.);
#1294=ORIENTED_EDGE('',*,*,#2635,.F.);
#1295=ORIENTED_EDGE('',*,*,#2650,.F.);
#1296=ORIENTED_EDGE('',*,*,#2710,.T.);
#1297=ORIENTED_EDGE('',*,*,#2711,.T.);
#1298=ORIENTED_EDGE('',*,*,#2547,.T.);
#1299=ORIENTED_EDGE('',*,*,#2712,.T.);
#1300=ORIENTED_EDGE('',*,*,#2639,.F.);
#1301=ORIENTED_EDGE('',*,*,#2642,.F.);
#1302=ORIENTED_EDGE('',*,*,#2713,.T.);
#1303=ORIENTED_EDGE('',*,*,#2544,.T.);
#1304=ORIENTED_EDGE('',*,*,#2714,.T.);
#1305=ORIENTED_EDGE('',*,*,#2715,.F.);
#1306=ORIENTED_EDGE('',*,*,#2716,.F.);
#1307=ORIENTED_EDGE('',*,*,#2717,.F.);
#1308=ORIENTED_EDGE('',*,*,#2687,.T.);
#1309=ORIENTED_EDGE('',*,*,#2718,.T.);
#1310=ORIENTED_EDGE('',*,*,#2587,.F.);
#1311=ORIENTED_EDGE('',*,*,#2719,.T.);
#1312=ORIENTED_EDGE('',*,*,#2692,.T.);
#1313=ORIENTED_EDGE('',*,*,#2562,.F.);
#1314=ORIENTED_EDGE('',*,*,#2720,.F.);
#1315=ORIENTED_EDGE('',*,*,#2721,.F.);
#1316=ORIENTED_EDGE('',*,*,#2722,.T.);
#1317=ORIENTED_EDGE('',*,*,#2723,.F.);
#1318=ORIENTED_EDGE('',*,*,#2724,.T.);
#1319=ORIENTED_EDGE('',*,*,#2725,.F.);
#1320=ORIENTED_EDGE('',*,*,#2726,.F.);
#1321=ORIENTED_EDGE('',*,*,#2727,.T.);
#1322=ORIENTED_EDGE('',*,*,#2728,.T.);
#1323=ORIENTED_EDGE('',*,*,#2729,.F.);
#1324=ORIENTED_EDGE('',*,*,#2730,.T.);
#1325=ORIENTED_EDGE('',*,*,#2731,.T.);
#1326=ORIENTED_EDGE('',*,*,#2732,.T.);
#1327=ORIENTED_EDGE('',*,*,#2727,.F.);
#1328=ORIENTED_EDGE('',*,*,#2733,.T.);
#1329=ORIENTED_EDGE('',*,*,#2628,.T.);
#1330=ORIENTED_EDGE('',*,*,#2734,.T.);
#1331=ORIENTED_EDGE('',*,*,#2542,.T.);
#1332=ORIENTED_EDGE('',*,*,#2735,.T.);
#1333=ORIENTED_EDGE('',*,*,#2736,.F.);
#1334=ORIENTED_EDGE('',*,*,#2737,.F.);
#1335=ORIENTED_EDGE('',*,*,#2738,.F.);
#1336=ORIENTED_EDGE('',*,*,#2729,.T.);
#1337=ORIENTED_EDGE('',*,*,#2624,.F.);
#1338=ORIENTED_EDGE('',*,*,#2739,.T.);
#1339=ORIENTED_EDGE('',*,*,#2740,.T.);
#1340=ORIENTED_EDGE('',*,*,#2741,.F.);
#1341=ORIENTED_EDGE('',*,*,#2540,.T.);
#1342=ORIENTED_EDGE('',*,*,#2742,.F.);
#1343=ORIENTED_EDGE('',*,*,#2743,.F.);
#1344=ORIENTED_EDGE('',*,*,#2744,.T.);
#1345=ORIENTED_EDGE('',*,*,#2745,.F.);
#1346=ORIENTED_EDGE('',*,*,#2746,.T.);
#1347=ORIENTED_EDGE('',*,*,#2747,.T.);
#1348=ORIENTED_EDGE('',*,*,#2737,.T.);
#1349=ORIENTED_EDGE('',*,*,#2748,.T.);
#1350=ORIENTED_EDGE('',*,*,#2740,.F.);
#1351=ORIENTED_EDGE('',*,*,#2749,.T.);
#1352=ORIENTED_EDGE('',*,*,#2750,.T.);
#1353=ORIENTED_EDGE('',*,*,#2751,.T.);
#1354=ORIENTED_EDGE('',*,*,#2752,.T.);
#1355=ORIENTED_EDGE('',*,*,#2617,.F.);
#1356=ORIENTED_EDGE('',*,*,#2753,.T.);
#1357=ORIENTED_EDGE('',*,*,#2754,.T.);
#1358=ORIENTED_EDGE('',*,*,#2725,.T.);
#1359=ORIENTED_EDGE('',*,*,#2755,.T.);
#1360=ORIENTED_EDGE('',*,*,#2567,.F.);
#1361=ORIENTED_EDGE('',*,*,#2754,.F.);
#1362=ORIENTED_EDGE('',*,*,#2756,.T.);
#1363=ORIENTED_EDGE('',*,*,#2726,.T.);
#1364=ORIENTED_EDGE('',*,*,#2614,.F.);
#1365=ORIENTED_EDGE('',*,*,#2558,.T.);
#1366=ORIENTED_EDGE('',*,*,#2757,.T.);
#1367=ORIENTED_EDGE('',*,*,#2750,.F.);
#1368=ORIENTED_EDGE('',*,*,#2758,.F.);
#1369=ORIENTED_EDGE('',*,*,#2759,.T.);
#1370=ORIENTED_EDGE('',*,*,#2760,.F.);
#1371=ORIENTED_EDGE('',*,*,#2761,.T.);
#1372=ORIENTED_EDGE('',*,*,#2758,.T.);
#1373=ORIENTED_EDGE('',*,*,#2749,.F.);
#1374=ORIENTED_EDGE('',*,*,#2762,.T.);
#1375=ORIENTED_EDGE('',*,*,#2730,.F.);
#1376=ORIENTED_EDGE('',*,*,#2738,.T.);
#1377=ORIENTED_EDGE('',*,*,#2747,.F.);
#1378=ORIENTED_EDGE('',*,*,#2763,.F.);
#1379=ORIENTED_EDGE('',*,*,#2720,.T.);
#1380=ORIENTED_EDGE('',*,*,#2763,.T.);
#1381=ORIENTED_EDGE('',*,*,#2746,.F.);
#1382=ORIENTED_EDGE('',*,*,#2764,.F.);
#1383=ORIENTED_EDGE('',*,*,#2735,.F.);
#1384=ORIENTED_EDGE('',*,*,#2541,.T.);
#1385=ORIENTED_EDGE('',*,*,#2741,.T.);
#1386=ORIENTED_EDGE('',*,*,#2748,.F.);
#1387=ORIENTED_EDGE('',*,*,#2736,.T.);
#1388=ORIENTED_EDGE('',*,*,#2728,.F.);
#1389=ORIENTED_EDGE('',*,*,#2765,.F.);
#1390=ORIENTED_EDGE('',*,*,#2766,.T.);
#1391=ORIENTED_EDGE('',*,*,#2767,.T.);
#1392=ORIENTED_EDGE('',*,*,#2756,.F.);
#1393=ORIENTED_EDGE('',*,*,#2753,.F.);
#1394=ORIENTED_EDGE('',*,*,#2607,.T.);
#1395=ORIENTED_EDGE('',*,*,#2768,.T.);
#1396=ORIENTED_EDGE('',*,*,#2769,.T.);
#1397=ORIENTED_EDGE('',*,*,#2765,.T.);
#1398=ORIENTED_EDGE('',*,*,#2616,.F.);
#1399=ORIENTED_EDGE('',*,*,#2581,.F.);
#1400=ORIENTED_EDGE('',*,*,#2620,.F.);
#1401=ORIENTED_EDGE('',*,*,#2770,.T.);
#1402=ORIENTED_EDGE('',*,*,#2771,.T.);
#1403=ORIENTED_EDGE('',*,*,#2591,.T.);
#1404=ORIENTED_EDGE('',*,*,#2621,.F.);
#1405=ORIENTED_EDGE('',*,*,#2583,.F.);
#1406=ORIENTED_EDGE('',*,*,#2615,.F.);
#1407=ORIENTED_EDGE('',*,*,#2772,.F.);
#1408=ORIENTED_EDGE('',*,*,#2761,.F.);
#1409=ORIENTED_EDGE('',*,*,#2773,.T.);
#1410=ORIENTED_EDGE('',*,*,#2762,.F.);
#1411=ORIENTED_EDGE('',*,*,#2774,.T.);
#1412=ORIENTED_EDGE('',*,*,#2775,.T.);
#1413=ORIENTED_EDGE('',*,*,#2772,.T.);
#1414=ORIENTED_EDGE('',*,*,#2759,.F.);
#1415=ORIENTED_EDGE('',*,*,#2597,.T.);
#1416=ORIENTED_EDGE('',*,*,#2776,.T.);
#1417=ORIENTED_EDGE('',*,*,#2777,.T.);
#1418=ORIENTED_EDGE('',*,*,#2778,.F.);
#1419=ORIENTED_EDGE('',*,*,#2719,.F.);
#1420=ORIENTED_EDGE('',*,*,#2586,.F.);
#1421=ORIENTED_EDGE('',*,*,#2683,.F.);
#1422=ORIENTED_EDGE('',*,*,#2700,.F.);
#1423=ORIENTED_EDGE('',*,*,#2779,.T.);
#1424=ORIENTED_EDGE('',*,*,#2701,.F.);
#1425=ORIENTED_EDGE('',*,*,#2693,.F.);
#1426=ORIENTED_EDGE('',*,*,#2778,.T.);
#1427=ORIENTED_EDGE('',*,*,#2780,.T.);
#1428=ORIENTED_EDGE('',*,*,#2781,.T.);
#1429=ORIENTED_EDGE('',*,*,#2782,.T.);
#1430=ORIENTED_EDGE('',*,*,#2783,.T.);
#1431=ORIENTED_EDGE('',*,*,#2601,.T.);
#1432=ORIENTED_EDGE('',*,*,#2684,.F.);
#1433=ORIENTED_EDGE('',*,*,#2588,.F.);
#1434=ORIENTED_EDGE('',*,*,#2718,.F.);
#1435=ORIENTED_EDGE('',*,*,#2784,.F.);
#1436=ORIENTED_EDGE('',*,*,#2691,.F.);
#1437=ORIENTED_EDGE('',*,*,#2785,.T.);
#1438=ORIENTED_EDGE('',*,*,#2786,.T.);
#1439=ORIENTED_EDGE('',*,*,#2784,.T.);
#1440=ORIENTED_EDGE('',*,*,#2690,.F.);
#1441=ORIENTED_EDGE('',*,*,#2649,.F.);
#1442=ORIENTED_EDGE('',*,*,#2707,.F.);
#1443=ORIENTED_EDGE('',*,*,#2552,.T.);
#1444=ORIENTED_EDGE('',*,*,#2670,.F.);
#1445=ORIENTED_EDGE('',*,*,#2710,.F.);
#1446=ORIENTED_EDGE('',*,*,#2787,.F.);
#1447=ORIENTED_EDGE('',*,*,#2646,.F.);
#1448=ORIENTED_EDGE('',*,*,#2705,.F.);
#1449=ORIENTED_EDGE('',*,*,#2537,.T.);
#1450=ORIENTED_EDGE('',*,*,#2647,.F.);
#1451=ORIENTED_EDGE('',*,*,#2787,.T.);
#1452=ORIENTED_EDGE('',*,*,#2536,.T.);
#1453=ORIENTED_EDGE('',*,*,#2706,.F.);
#1454=ORIENTED_EDGE('',*,*,#2644,.F.);
#1455=ORIENTED_EDGE('',*,*,#2625,.F.);
#1456=ORIENTED_EDGE('',*,*,#2742,.T.);
#1457=ORIENTED_EDGE('',*,*,#2539,.T.);
#1458=ORIENTED_EDGE('',*,*,#2704,.F.);
#1459=ORIENTED_EDGE('',*,*,#2713,.F.);
#1460=ORIENTED_EDGE('',*,*,#2641,.F.);
#1461=ORIENTED_EDGE('',*,*,#2788,.F.);
#1462=ORIENTED_EDGE('',*,*,#2545,.T.);
#1463=ORIENTED_EDGE('',*,*,#2640,.F.);
#1464=ORIENTED_EDGE('',*,*,#2712,.F.);
#1465=ORIENTED_EDGE('',*,*,#2546,.T.);
#1466=ORIENTED_EDGE('',*,*,#2788,.T.);
#1467=ORIENTED_EDGE('',*,*,#2638,.F.);
#1468=ORIENTED_EDGE('',*,*,#2611,.F.);
#1469=ORIENTED_EDGE('',*,*,#2666,.T.);
#1470=ORIENTED_EDGE('',*,*,#2548,.T.);
#1471=ORIENTED_EDGE('',*,*,#2711,.F.);
#1472=ORIENTED_EDGE('',*,*,#2643,.F.);
#1473=ORIENTED_EDGE('',*,*,#2714,.F.);
#1474=ORIENTED_EDGE('',*,*,#2543,.T.);
#1475=ORIENTED_EDGE('',*,*,#2734,.F.);
#1476=ORIENTED_EDGE('',*,*,#2633,.F.);
#1477=ORIENTED_EDGE('',*,*,#2674,.F.);
#1478=ORIENTED_EDGE('',*,*,#2789,.T.);
#1479=ORIENTED_EDGE('',*,*,#2651,.F.);
#1480=ORIENTED_EDGE('',*,*,#2790,.T.);
#1481=ORIENTED_EDGE('',*,*,#2663,.T.);
#1482=ORIENTED_EDGE('',*,*,#2791,.F.);
#1483=ORIENTED_EDGE('',*,*,#2792,.F.);
#1484=ORIENTED_EDGE('',*,*,#2793,.T.);
#1485=ORIENTED_EDGE('',*,*,#2662,.T.);
#1486=ORIENTED_EDGE('',*,*,#2793,.F.);
#1487=ORIENTED_EDGE('',*,*,#2794,.F.);
#1488=ORIENTED_EDGE('',*,*,#2791,.T.);
#1489=ORIENTED_EDGE('',*,*,#2795,.F.);
#1490=ORIENTED_EDGE('',*,*,#2792,.T.);
#1491=ORIENTED_EDGE('',*,*,#2794,.T.);
#1492=ORIENTED_EDGE('',*,*,#2796,.F.);
#1493=ORIENTED_EDGE('',*,*,#2682,.T.);
#1494=ORIENTED_EDGE('',*,*,#2797,.F.);
#1495=ORIENTED_EDGE('',*,*,#2796,.T.);
#1496=ORIENTED_EDGE('',*,*,#2798,.T.);
#1497=ORIENTED_EDGE('',*,*,#2798,.F.);
#1498=ORIENTED_EDGE('',*,*,#2795,.T.);
#1499=ORIENTED_EDGE('',*,*,#2799,.T.);
#1500=ORIENTED_EDGE('',*,*,#2799,.F.);
#1501=ORIENTED_EDGE('',*,*,#2797,.T.);
#1502=ORIENTED_EDGE('',*,*,#2723,.T.);
#1503=ORIENTED_EDGE('',*,*,#2800,.T.);
#1504=ORIENTED_EDGE('',*,*,#2743,.T.);
#1505=ORIENTED_EDGE('',*,*,#2801,.T.);
#1506=ORIENTED_EDGE('',*,*,#2731,.F.);
#1507=ORIENTED_EDGE('',*,*,#2802,.F.);
#1508=ORIENTED_EDGE('',*,*,#2803,.T.);
#1509=ORIENTED_EDGE('',*,*,#2804,.T.);
#1510=ORIENTED_EDGE('',*,*,#2732,.F.);
#1511=ORIENTED_EDGE('',*,*,#2804,.F.);
#1512=ORIENTED_EDGE('',*,*,#2805,.T.);
#1513=ORIENTED_EDGE('',*,*,#2802,.T.);
#1514=ORIENTED_EDGE('',*,*,#2806,.T.);
#1515=ORIENTED_EDGE('',*,*,#2803,.F.);
#1516=ORIENTED_EDGE('',*,*,#2805,.F.);
#1517=ORIENTED_EDGE('',*,*,#2807,.T.);
#1518=ORIENTED_EDGE('',*,*,#2752,.F.);
#1519=ORIENTED_EDGE('',*,*,#2808,.T.);
#1520=ORIENTED_EDGE('',*,*,#2807,.F.);
#1521=ORIENTED_EDGE('',*,*,#2809,.F.);
#1522=ORIENTED_EDGE('',*,*,#2809,.T.);
#1523=ORIENTED_EDGE('',*,*,#2806,.F.);
#1524=ORIENTED_EDGE('',*,*,#2810,.F.);
#1525=ORIENTED_EDGE('',*,*,#2810,.T.);
#1526=ORIENTED_EDGE('',*,*,#2808,.F.);
#1527=ORIENTED_EDGE('',*,*,#2569,.T.);
#1528=ORIENTED_EDGE('',*,*,#2811,.T.);
#1529=ORIENTED_EDGE('',*,*,#2721,.T.);
#1530=ORIENTED_EDGE('',*,*,#2764,.T.);
#1531=ORIENTED_EDGE('',*,*,#2745,.T.);
#1532=ORIENTED_EDGE('',*,*,#2812,.T.);
#1533=ORIENTED_EDGE('',*,*,#2556,.F.);
#1534=ORIENTED_EDGE('',*,*,#2619,.F.);
#1535=ORIENTED_EDGE('',*,*,#2698,.T.);
#1536=ORIENTED_EDGE('',*,*,#2813,.T.);
#1537=ORIENTED_EDGE('',*,*,#2672,.F.);
#1538=ORIENTED_EDGE('',*,*,#2703,.F.);
#1539=ORIENTED_EDGE('',*,*,#2653,.F.);
#1540=ORIENTED_EDGE('',*,*,#2814,.T.);
#1541=ORIENTED_EDGE('',*,*,#2564,.F.);
#1542=ORIENTED_EDGE('',*,*,#2560,.T.);
#1543=ORIENTED_EDGE('',*,*,#2771,.F.);
#1544=ORIENTED_EDGE('',*,*,#2815,.F.);
#1545=ORIENTED_EDGE('',*,*,#2622,.F.);
#1546=ORIENTED_EDGE('',*,*,#2592,.F.);
#1547=ORIENTED_EDGE('',*,*,#2774,.F.);
#1548=ORIENTED_EDGE('',*,*,#2739,.F.);
#1549=ORIENTED_EDGE('',*,*,#2816,.F.);
#1550=ORIENTED_EDGE('',*,*,#2770,.F.);
#1551=ORIENTED_EDGE('',*,*,#2775,.F.);
#1552=ORIENTED_EDGE('',*,*,#2816,.T.);
#1553=ORIENTED_EDGE('',*,*,#2623,.F.);
#1554=ORIENTED_EDGE('',*,*,#2815,.T.);
#1555=ORIENTED_EDGE('',*,*,#2596,.F.);
#1556=ORIENTED_EDGE('',*,*,#2709,.F.);
#1557=ORIENTED_EDGE('',*,*,#2817,.F.);
#1558=ORIENTED_EDGE('',*,*,#2776,.F.);
#1559=ORIENTED_EDGE('',*,*,#2817,.T.);
#1560=ORIENTED_EDGE('',*,*,#2708,.F.);
#1561=ORIENTED_EDGE('',*,*,#2818,.F.);
#1562=ORIENTED_EDGE('',*,*,#2780,.F.);
#1563=ORIENTED_EDGE('',*,*,#2777,.F.);
#1564=ORIENTED_EDGE('',*,*,#2668,.F.);
#1565=ORIENTED_EDGE('',*,*,#2781,.F.);
#1566=ORIENTED_EDGE('',*,*,#2818,.T.);
#1567=ORIENTED_EDGE('',*,*,#2783,.F.);
#1568=ORIENTED_EDGE('',*,*,#2819,.F.);
#1569=ORIENTED_EDGE('',*,*,#2608,.F.);
#1570=ORIENTED_EDGE('',*,*,#2602,.F.);
#1571=ORIENTED_EDGE('',*,*,#2785,.F.);
#1572=ORIENTED_EDGE('',*,*,#2664,.F.);
#1573=ORIENTED_EDGE('',*,*,#2820,.F.);
#1574=ORIENTED_EDGE('',*,*,#2782,.F.);
#1575=ORIENTED_EDGE('',*,*,#2786,.F.);
#1576=ORIENTED_EDGE('',*,*,#2820,.T.);
#1577=ORIENTED_EDGE('',*,*,#2609,.F.);
#1578=ORIENTED_EDGE('',*,*,#2819,.T.);
#1579=ORIENTED_EDGE('',*,*,#2606,.F.);
#1580=ORIENTED_EDGE('',*,*,#2630,.F.);
#1581=ORIENTED_EDGE('',*,*,#2821,.F.);
#1582=ORIENTED_EDGE('',*,*,#2768,.F.);
#1583=ORIENTED_EDGE('',*,*,#2821,.T.);
#1584=ORIENTED_EDGE('',*,*,#2629,.F.);
#1585=ORIENTED_EDGE('',*,*,#2822,.F.);
#1586=ORIENTED_EDGE('',*,*,#2766,.F.);
#1587=ORIENTED_EDGE('',*,*,#2769,.F.);
#1588=ORIENTED_EDGE('',*,*,#2733,.F.);
#1589=ORIENTED_EDGE('',*,*,#2767,.F.);
#1590=ORIENTED_EDGE('',*,*,#2822,.T.);
#1591=ORIENTED_EDGE('',*,*,#2724,.F.);
#1592=ORIENTED_EDGE('',*,*,#2800,.F.);
#1593=ORIENTED_EDGE('',*,*,#2722,.F.);
#1594=ORIENTED_EDGE('',*,*,#2811,.F.);
#1595=ORIENTED_EDGE('',*,*,#2568,.F.);
#1596=ORIENTED_EDGE('',*,*,#2755,.F.);
#1597=ORIENTED_EDGE('',*,*,#2744,.F.);
#1598=ORIENTED_EDGE('',*,*,#2801,.F.);
#1599=ORIENTED_EDGE('',*,*,#2751,.F.);
#1600=ORIENTED_EDGE('',*,*,#2757,.F.);
#1601=ORIENTED_EDGE('',*,*,#2557,.F.);
#1602=ORIENTED_EDGE('',*,*,#2812,.F.);
#1603=ORIENTED_EDGE('',*,*,#2813,.F.);
#1604=ORIENTED_EDGE('',*,*,#2697,.F.);
#1605=ORIENTED_EDGE('',*,*,#2695,.F.);
#1606=ORIENTED_EDGE('',*,*,#2675,.F.);
#1607=ORIENTED_EDGE('',*,*,#2789,.F.);
#1608=ORIENTED_EDGE('',*,*,#2673,.F.);
#1609=ORIENTED_EDGE('',*,*,#2688,.F.);
#1610=ORIENTED_EDGE('',*,*,#2565,.F.);
#1611=ORIENTED_EDGE('',*,*,#2814,.F.);
#1612=ORIENTED_EDGE('',*,*,#2652,.F.);
#1613=ORIENTED_EDGE('',*,*,#2790,.F.);
#1614=ORIENTED_EDGE('',*,*,#2661,.F.);
#1615=ORIENTED_EDGE('',*,*,#2823,.F.);
#1616=ORIENTED_EDGE('',*,*,#2532,.T.);
#1617=ORIENTED_EDGE('',*,*,#2527,.T.);
#1618=ORIENTED_EDGE('',*,*,#2823,.T.);
#1619=ORIENTED_EDGE('',*,*,#2824,.F.);
#1620=ORIENTED_EDGE('',*,*,#2553,.T.);
#1621=ORIENTED_EDGE('',*,*,#2529,.T.);
#1622=ORIENTED_EDGE('',*,*,#2824,.T.);
#1623=ORIENTED_EDGE('',*,*,#2825,.F.);
#1624=ORIENTED_EDGE('',*,*,#2531,.T.);
#1625=ORIENTED_EDGE('',*,*,#2519,.T.);
#1626=ORIENTED_EDGE('',*,*,#2825,.T.);
#1627=ORIENTED_EDGE('',*,*,#2826,.F.);
#1628=ORIENTED_EDGE('',*,*,#2554,.T.);
#1629=ORIENTED_EDGE('',*,*,#2521,.T.);
#1630=ORIENTED_EDGE('',*,*,#2826,.T.);
#1631=ORIENTED_EDGE('',*,*,#2827,.F.);
#1632=ORIENTED_EDGE('',*,*,#2530,.T.);
#1633=ORIENTED_EDGE('',*,*,#2523,.T.);
#1634=ORIENTED_EDGE('',*,*,#2827,.T.);
#1635=ORIENTED_EDGE('',*,*,#2828,.F.);
#1636=ORIENTED_EDGE('',*,*,#2555,.T.);
#1637=ORIENTED_EDGE('',*,*,#2525,.T.);
#1638=ORIENTED_EDGE('',*,*,#2828,.T.);
#1639=ORIENTED_EDGE('',*,*,#2829,.F.);
#1640=ORIENTED_EDGE('',*,*,#2715,.T.);
#1641=ORIENTED_EDGE('',*,*,#2830,.F.);
#1642=ORIENTED_EDGE('',*,*,#2829,.T.);
#1643=ORIENTED_EDGE('',*,*,#2831,.F.);
#1644=ORIENTED_EDGE('',*,*,#2716,.T.);
#1645=ORIENTED_EDGE('',*,*,#2832,.F.);
#1646=ORIENTED_EDGE('',*,*,#2831,.T.);
#1647=ORIENTED_EDGE('',*,*,#2833,.F.);
#1648=ORIENTED_EDGE('',*,*,#2717,.T.);
#1649=ORIENTED_EDGE('',*,*,#2834,.F.);
#1650=ORIENTED_EDGE('',*,*,#2833,.T.);
#1651=ORIENTED_EDGE('',*,*,#2835,.T.);
#1652=ORIENTED_EDGE('',*,*,#2835,.F.);
#1653=ORIENTED_EDGE('',*,*,#2830,.T.);
#1654=ORIENTED_EDGE('',*,*,#2836,.T.);
#1655=ORIENTED_EDGE('',*,*,#2836,.F.);
#1656=ORIENTED_EDGE('',*,*,#2832,.T.);
#1657=ORIENTED_EDGE('',*,*,#2837,.T.);
#1658=ORIENTED_EDGE('',*,*,#2837,.F.);
#1659=ORIENTED_EDGE('',*,*,#2834,.T.);
#1660=ORIENTED_EDGE('',*,*,#2699,.T.);
#1661=ORIENTED_EDGE('',*,*,#2779,.F.);
#1662=ORIENTED_EDGE('',*,*,#2838,.F.);
#1663=ORIENTED_EDGE('',*,*,#2838,.T.);
#1664=ORIENTED_EDGE('',*,*,#2760,.T.);
#1665=ORIENTED_EDGE('',*,*,#2773,.F.);
#1666=ORIENTED_EDGE('',*,*,#2839,.F.);
#1667=ORIENTED_EDGE('',*,*,#2839,.T.);
#1668=ORIENTED_EDGE('',*,*,#2840,.F.);
#1669=ORIENTED_EDGE('',*,*,#2841,.F.);
#1670=ORIENTED_EDGE('',*,*,#2842,.F.);
#1671=ORIENTED_EDGE('',*,*,#2843,.F.);
#1672=ORIENTED_EDGE('',*,*,#2844,.F.);
#1673=ORIENTED_EDGE('',*,*,#2845,.F.);
#1674=ORIENTED_EDGE('',*,*,#2846,.F.);
#1675=ORIENTED_EDGE('',*,*,#2847,.F.);
#1676=ORIENTED_EDGE('',*,*,#2848,.F.);
#1677=ORIENTED_EDGE('',*,*,#2849,.F.);
#1678=ORIENTED_EDGE('',*,*,#2850,.F.);
#1679=ORIENTED_EDGE('',*,*,#2851,.F.);
#1680=ORIENTED_EDGE('',*,*,#2852,.F.);
#1681=ORIENTED_EDGE('',*,*,#2853,.F.);
#1682=ORIENTED_EDGE('',*,*,#2854,.F.);
#1683=ORIENTED_EDGE('',*,*,#2855,.F.);
#1684=ORIENTED_EDGE('',*,*,#2856,.F.);
#1685=ORIENTED_EDGE('',*,*,#2857,.T.);
#1686=ORIENTED_EDGE('',*,*,#2858,.F.);
#1687=ORIENTED_EDGE('',*,*,#2859,.F.);
#1688=ORIENTED_EDGE('',*,*,#2860,.T.);
#1689=ORIENTED_EDGE('',*,*,#2861,.T.);
#1690=ORIENTED_EDGE('',*,*,#2862,.F.);
#1691=ORIENTED_EDGE('',*,*,#2863,.T.);
#1692=ORIENTED_EDGE('',*,*,#2864,.F.);
#1693=ORIENTED_EDGE('',*,*,#2865,.T.);
#1694=ORIENTED_EDGE('',*,*,#2866,.F.);
#1695=ORIENTED_EDGE('',*,*,#2867,.F.);
#1696=ORIENTED_EDGE('',*,*,#2844,.T.);
#1697=ORIENTED_EDGE('',*,*,#2868,.T.);
#1698=ORIENTED_EDGE('',*,*,#2869,.F.);
#1699=ORIENTED_EDGE('',*,*,#2870,.F.);
#1700=ORIENTED_EDGE('',*,*,#2871,.T.);
#1701=ORIENTED_EDGE('',*,*,#2872,.T.);
#1702=ORIENTED_EDGE('',*,*,#2873,.F.);
#1703=ORIENTED_EDGE('',*,*,#2874,.T.);
#1704=ORIENTED_EDGE('',*,*,#2875,.F.);
#1705=ORIENTED_EDGE('',*,*,#2876,.F.);
#1706=ORIENTED_EDGE('',*,*,#2877,.T.);
#1707=ORIENTED_EDGE('',*,*,#2878,.F.);
#1708=ORIENTED_EDGE('',*,*,#2879,.T.);
#1709=ORIENTED_EDGE('',*,*,#2880,.T.);
#1710=ORIENTED_EDGE('',*,*,#2860,.F.);
#1711=ORIENTED_EDGE('',*,*,#2881,.T.);
#1712=ORIENTED_EDGE('',*,*,#2882,.T.);
#1713=ORIENTED_EDGE('',*,*,#2883,.F.);
#1714=ORIENTED_EDGE('',*,*,#2884,.T.);
#1715=ORIENTED_EDGE('',*,*,#2885,.F.);
#1716=ORIENTED_EDGE('',*,*,#2886,.F.);
#1717=ORIENTED_EDGE('',*,*,#2852,.T.);
#1718=ORIENTED_EDGE('',*,*,#2887,.T.);
#1719=ORIENTED_EDGE('',*,*,#2888,.F.);
#1720=ORIENTED_EDGE('',*,*,#2889,.F.);
#1721=ORIENTED_EDGE('',*,*,#2890,.F.);
#1722=ORIENTED_EDGE('',*,*,#2891,.F.);
#1723=ORIENTED_EDGE('',*,*,#2892,.T.);
#1724=ORIENTED_EDGE('',*,*,#2893,.T.);
#1725=ORIENTED_EDGE('',*,*,#2894,.F.);
#1726=ORIENTED_EDGE('',*,*,#2895,.F.);
#1727=ORIENTED_EDGE('',*,*,#2896,.F.);
#1728=ORIENTED_EDGE('',*,*,#2897,.F.);
#1729=ORIENTED_EDGE('',*,*,#2898,.T.);
#1730=ORIENTED_EDGE('',*,*,#2899,.F.);
#1731=ORIENTED_EDGE('',*,*,#2900,.T.);
#1732=ORIENTED_EDGE('',*,*,#2901,.F.);
#1733=ORIENTED_EDGE('',*,*,#2902,.T.);
#1734=ORIENTED_EDGE('',*,*,#2903,.T.);
#1735=ORIENTED_EDGE('',*,*,#2904,.T.);
#1736=ORIENTED_EDGE('',*,*,#2905,.F.);
#1737=ORIENTED_EDGE('',*,*,#2906,.T.);
#1738=ORIENTED_EDGE('',*,*,#2907,.T.);
#1739=ORIENTED_EDGE('',*,*,#2896,.T.);
#1740=ORIENTED_EDGE('',*,*,#2908,.F.);
#1741=ORIENTED_EDGE('',*,*,#2909,.T.);
#1742=ORIENTED_EDGE('',*,*,#2910,.F.);
#1743=ORIENTED_EDGE('',*,*,#2911,.T.);
#1744=ORIENTED_EDGE('',*,*,#2912,.T.);
#1745=ORIENTED_EDGE('',*,*,#2913,.T.);
#1746=ORIENTED_EDGE('',*,*,#2910,.T.);
#1747=ORIENTED_EDGE('',*,*,#2914,.T.);
#1748=ORIENTED_EDGE('',*,*,#2915,.F.);
#1749=ORIENTED_EDGE('',*,*,#2916,.T.);
#1750=ORIENTED_EDGE('',*,*,#2917,.F.);
#1751=ORIENTED_EDGE('',*,*,#2918,.T.);
#1752=ORIENTED_EDGE('',*,*,#2919,.F.);
#1753=ORIENTED_EDGE('',*,*,#2889,.T.);
#1754=ORIENTED_EDGE('',*,*,#2920,.F.);
#1755=ORIENTED_EDGE('',*,*,#2921,.F.);
#1756=ORIENTED_EDGE('',*,*,#2922,.F.);
#1757=ORIENTED_EDGE('',*,*,#2923,.T.);
#1758=ORIENTED_EDGE('',*,*,#2924,.T.);
#1759=ORIENTED_EDGE('',*,*,#2925,.F.);
#1760=ORIENTED_EDGE('',*,*,#2926,.F.);
#1761=ORIENTED_EDGE('',*,*,#2927,.F.);
#1762=ORIENTED_EDGE('',*,*,#2928,.F.);
#1763=ORIENTED_EDGE('',*,*,#2929,.T.);
#1764=ORIENTED_EDGE('',*,*,#2930,.F.);
#1765=ORIENTED_EDGE('',*,*,#2931,.T.);
#1766=ORIENTED_EDGE('',*,*,#2932,.T.);
#1767=ORIENTED_EDGE('',*,*,#2933,.F.);
#1768=ORIENTED_EDGE('',*,*,#2934,.T.);
#1769=ORIENTED_EDGE('',*,*,#2870,.T.);
#1770=ORIENTED_EDGE('',*,*,#2935,.T.);
#1771=ORIENTED_EDGE('',*,*,#2936,.T.);
#1772=ORIENTED_EDGE('',*,*,#2937,.T.);
#1773=ORIENTED_EDGE('',*,*,#2938,.T.);
#1774=ORIENTED_EDGE('',*,*,#2939,.F.);
#1775=ORIENTED_EDGE('',*,*,#2940,.F.);
#1776=ORIENTED_EDGE('',*,*,#2941,.T.);
#1777=ORIENTED_EDGE('',*,*,#2942,.T.);
#1778=ORIENTED_EDGE('',*,*,#2943,.T.);
#1779=ORIENTED_EDGE('',*,*,#2944,.T.);
#1780=ORIENTED_EDGE('',*,*,#2928,.T.);
#1781=ORIENTED_EDGE('',*,*,#2945,.F.);
#1782=ORIENTED_EDGE('',*,*,#2946,.T.);
#1783=ORIENTED_EDGE('',*,*,#2947,.F.);
#1784=ORIENTED_EDGE('',*,*,#2948,.F.);
#1785=ORIENTED_EDGE('',*,*,#2947,.T.);
#1786=ORIENTED_EDGE('',*,*,#2949,.T.);
#1787=ORIENTED_EDGE('',*,*,#2950,.T.);
#1788=ORIENTED_EDGE('',*,*,#2951,.T.);
#1789=ORIENTED_EDGE('',*,*,#2952,.T.);
#1790=ORIENTED_EDGE('',*,*,#2953,.F.);
#1791=ORIENTED_EDGE('',*,*,#2954,.F.);
#1792=ORIENTED_EDGE('',*,*,#2955,.F.);
#1793=ORIENTED_EDGE('',*,*,#2956,.F.);
#1794=ORIENTED_EDGE('',*,*,#2957,.T.);
#1795=ORIENTED_EDGE('',*,*,#2945,.T.);
#1796=ORIENTED_EDGE('',*,*,#2933,.T.);
#1797=ORIENTED_EDGE('',*,*,#2946,.F.);
#1798=ORIENTED_EDGE('',*,*,#2957,.F.);
#1799=ORIENTED_EDGE('',*,*,#2932,.F.);
#1800=ORIENTED_EDGE('',*,*,#2958,.F.);
#1801=ORIENTED_EDGE('',*,*,#2959,.T.);
#1802=ORIENTED_EDGE('',*,*,#2950,.F.);
#1803=ORIENTED_EDGE('',*,*,#2949,.F.);
#1804=ORIENTED_EDGE('',*,*,#2918,.F.);
#1805=ORIENTED_EDGE('',*,*,#2960,.T.);
#1806=ORIENTED_EDGE('',*,*,#2911,.F.);
#1807=ORIENTED_EDGE('',*,*,#2961,.T.);
#1808=ORIENTED_EDGE('',*,*,#2962,.T.);
#1809=ORIENTED_EDGE('',*,*,#2963,.T.);
#1810=ORIENTED_EDGE('',*,*,#2964,.T.);
#1811=ORIENTED_EDGE('',*,*,#2965,.F.);
#1812=ORIENTED_EDGE('',*,*,#2966,.T.);
#1813=ORIENTED_EDGE('',*,*,#2967,.T.);
#1814=ORIENTED_EDGE('',*,*,#2968,.F.);
#1815=ORIENTED_EDGE('',*,*,#2969,.T.);
#1816=ORIENTED_EDGE('',*,*,#2970,.T.);
#1817=ORIENTED_EDGE('',*,*,#2971,.F.);
#1818=ORIENTED_EDGE('',*,*,#2972,.F.);
#1819=ORIENTED_EDGE('',*,*,#2963,.F.);
#1820=ORIENTED_EDGE('',*,*,#2973,.F.);
#1821=ORIENTED_EDGE('',*,*,#2974,.T.);
#1822=ORIENTED_EDGE('',*,*,#2942,.F.);
#1823=ORIENTED_EDGE('',*,*,#2975,.T.);
#1824=ORIENTED_EDGE('',*,*,#2976,.T.);
#1825=ORIENTED_EDGE('',*,*,#2977,.T.);
#1826=ORIENTED_EDGE('',*,*,#2934,.F.);
#1827=ORIENTED_EDGE('',*,*,#2978,.T.);
#1828=ORIENTED_EDGE('',*,*,#2979,.T.);
#1829=ORIENTED_EDGE('',*,*,#2980,.T.);
#1830=ORIENTED_EDGE('',*,*,#2981,.T.);
#1831=ORIENTED_EDGE('',*,*,#2982,.T.);
#1832=ORIENTED_EDGE('',*,*,#2983,.T.);
#1833=ORIENTED_EDGE('',*,*,#2984,.T.);
#1834=ORIENTED_EDGE('',*,*,#2985,.T.);
#1835=ORIENTED_EDGE('',*,*,#2936,.F.);
#1836=ORIENTED_EDGE('',*,*,#2935,.F.);
#1837=ORIENTED_EDGE('',*,*,#2986,.T.);
#1838=ORIENTED_EDGE('',*,*,#2987,.F.);
#1839=ORIENTED_EDGE('',*,*,#2988,.F.);
#1840=ORIENTED_EDGE('',*,*,#2989,.T.);
#1841=ORIENTED_EDGE('',*,*,#2990,.F.);
#1842=ORIENTED_EDGE('',*,*,#2991,.T.);
#1843=ORIENTED_EDGE('',*,*,#2992,.F.);
#1844=ORIENTED_EDGE('',*,*,#2993,.F.);
#1845=ORIENTED_EDGE('',*,*,#2994,.T.);
#1846=ORIENTED_EDGE('',*,*,#2995,.F.);
#1847=ORIENTED_EDGE('',*,*,#2996,.F.);
#1848=ORIENTED_EDGE('',*,*,#2997,.F.);
#1849=ORIENTED_EDGE('',*,*,#2998,.F.);
#1850=ORIENTED_EDGE('',*,*,#2999,.F.);
#1851=ORIENTED_EDGE('',*,*,#3000,.T.);
#1852=ORIENTED_EDGE('',*,*,#3001,.T.);
#1853=ORIENTED_EDGE('',*,*,#3002,.T.);
#1854=ORIENTED_EDGE('',*,*,#3003,.T.);
#1855=ORIENTED_EDGE('',*,*,#3004,.F.);
#1856=ORIENTED_EDGE('',*,*,#3005,.T.);
#1857=ORIENTED_EDGE('',*,*,#3006,.T.);
#1858=ORIENTED_EDGE('',*,*,#3007,.T.);
#1859=ORIENTED_EDGE('',*,*,#3008,.T.);
#1860=ORIENTED_EDGE('',*,*,#3009,.T.);
#1861=ORIENTED_EDGE('',*,*,#2858,.T.);
#1862=ORIENTED_EDGE('',*,*,#2999,.T.);
#1863=ORIENTED_EDGE('',*,*,#2894,.T.);
#1864=ORIENTED_EDGE('',*,*,#3010,.F.);
#1865=ORIENTED_EDGE('',*,*,#3011,.T.);
#1866=ORIENTED_EDGE('',*,*,#3012,.F.);
#1867=ORIENTED_EDGE('',*,*,#2968,.T.);
#1868=ORIENTED_EDGE('',*,*,#3013,.T.);
#1869=ORIENTED_EDGE('',*,*,#3014,.T.);
#1870=ORIENTED_EDGE('',*,*,#2978,.F.);
#1871=ORIENTED_EDGE('',*,*,#3015,.F.);
#1872=ORIENTED_EDGE('',*,*,#2983,.F.);
#1873=ORIENTED_EDGE('',*,*,#3016,.T.);
#1874=ORIENTED_EDGE('',*,*,#3017,.F.);
#1875=ORIENTED_EDGE('',*,*,#3003,.F.);
#1876=ORIENTED_EDGE('',*,*,#3018,.F.);
#1877=ORIENTED_EDGE('',*,*,#3019,.T.);
#1878=ORIENTED_EDGE('',*,*,#3020,.T.);
#1879=ORIENTED_EDGE('',*,*,#3021,.T.);
#1880=ORIENTED_EDGE('',*,*,#3005,.F.);
#1881=ORIENTED_EDGE('',*,*,#3022,.T.);
#1882=ORIENTED_EDGE('',*,*,#3023,.T.);
#1883=ORIENTED_EDGE('',*,*,#3024,.F.);
#1884=ORIENTED_EDGE('',*,*,#3025,.F.);
#1885=ORIENTED_EDGE('',*,*,#3026,.F.);
#1886=ORIENTED_EDGE('',*,*,#2939,.T.);
#1887=ORIENTED_EDGE('',*,*,#3027,.T.);
#1888=ORIENTED_EDGE('',*,*,#3028,.F.);
#1889=ORIENTED_EDGE('',*,*,#3029,.T.);
#1890=ORIENTED_EDGE('',*,*,#3025,.T.);
#1891=ORIENTED_EDGE('',*,*,#3030,.F.);
#1892=ORIENTED_EDGE('',*,*,#3031,.T.);
#1893=ORIENTED_EDGE('',*,*,#3028,.T.);
#1894=ORIENTED_EDGE('',*,*,#3032,.F.);
#1895=ORIENTED_EDGE('',*,*,#3023,.F.);
#1896=ORIENTED_EDGE('',*,*,#3033,.F.);
#1897=ORIENTED_EDGE('',*,*,#3034,.T.);
#1898=ORIENTED_EDGE('',*,*,#2940,.T.);
#1899=ORIENTED_EDGE('',*,*,#3026,.T.);
#1900=ORIENTED_EDGE('',*,*,#3029,.F.);
#1901=ORIENTED_EDGE('',*,*,#3031,.F.);
#1902=ORIENTED_EDGE('',*,*,#3022,.F.);
#1903=ORIENTED_EDGE('',*,*,#3004,.T.);
#1904=ORIENTED_EDGE('',*,*,#3017,.T.);
#1905=ORIENTED_EDGE('',*,*,#3035,.T.);
#1906=ORIENTED_EDGE('',*,*,#2987,.T.);
#1907=ORIENTED_EDGE('',*,*,#3036,.T.);
#1908=ORIENTED_EDGE('',*,*,#3018,.T.);
#1909=ORIENTED_EDGE('',*,*,#3037,.F.);
#1910=ORIENTED_EDGE('',*,*,#3038,.T.);
#1911=ORIENTED_EDGE('',*,*,#3024,.T.);
#1912=ORIENTED_EDGE('',*,*,#3032,.T.);
#1913=ORIENTED_EDGE('',*,*,#3030,.T.);
#1914=ORIENTED_EDGE('',*,*,#3027,.F.);
#1915=ORIENTED_EDGE('',*,*,#2938,.F.);
#1916=ORIENTED_EDGE('',*,*,#3039,.T.);
#1917=ORIENTED_EDGE('',*,*,#3040,.F.);
#1918=ORIENTED_EDGE('',*,*,#3041,.T.);
#1919=ORIENTED_EDGE('',*,*,#3013,.F.);
#1920=ORIENTED_EDGE('',*,*,#3042,.T.);
#1921=ORIENTED_EDGE('',*,*,#2954,.T.);
#1922=ORIENTED_EDGE('',*,*,#2953,.T.);
#1923=ORIENTED_EDGE('',*,*,#3043,.T.);
#1924=ORIENTED_EDGE('',*,*,#3044,.T.);
#1925=ORIENTED_EDGE('',*,*,#2989,.F.);
#1926=ORIENTED_EDGE('',*,*,#3045,.F.);
#1927=ORIENTED_EDGE('',*,*,#2991,.F.);
#1928=ORIENTED_EDGE('',*,*,#3046,.T.);
#1929=ORIENTED_EDGE('',*,*,#2971,.T.);
#1930=ORIENTED_EDGE('',*,*,#3047,.F.);
#1931=ORIENTED_EDGE('',*,*,#3046,.F.);
#1932=ORIENTED_EDGE('',*,*,#3006,.F.);
#1933=ORIENTED_EDGE('',*,*,#3021,.F.);
#1934=ORIENTED_EDGE('',*,*,#3002,.F.);
#1935=ORIENTED_EDGE('',*,*,#3048,.T.);
#1936=ORIENTED_EDGE('',*,*,#3049,.F.);
#1937=ORIENTED_EDGE('',*,*,#3050,.T.);
#1938=ORIENTED_EDGE('',*,*,#2976,.F.);
#1939=ORIENTED_EDGE('',*,*,#3051,.T.);
#1940=ORIENTED_EDGE('',*,*,#2981,.F.);
#1941=ORIENTED_EDGE('',*,*,#3015,.T.);
#1942=ORIENTED_EDGE('',*,*,#2984,.F.);
#1943=ORIENTED_EDGE('',*,*,#3052,.T.);
#1944=ORIENTED_EDGE('',*,*,#3053,.F.);
#1945=ORIENTED_EDGE('',*,*,#3054,.T.);
#1946=ORIENTED_EDGE('',*,*,#2956,.T.);
#1947=ORIENTED_EDGE('',*,*,#3055,.T.);
#1948=ORIENTED_EDGE('',*,*,#3056,.T.);
#1949=ORIENTED_EDGE('',*,*,#2966,.F.);
#1950=ORIENTED_EDGE('',*,*,#3012,.T.);
#1951=ORIENTED_EDGE('',*,*,#2980,.F.);
#1952=ORIENTED_EDGE('',*,*,#3057,.T.);
#1953=ORIENTED_EDGE('',*,*,#3058,.T.);
#1954=ORIENTED_EDGE('',*,*,#2990,.T.);
#1955=ORIENTED_EDGE('',*,*,#3058,.F.);
#1956=ORIENTED_EDGE('',*,*,#3053,.T.);
#1957=ORIENTED_EDGE('',*,*,#3059,.T.);
#1958=ORIENTED_EDGE('',*,*,#3060,.T.);
#1959=ORIENTED_EDGE('',*,*,#2988,.T.);
#1960=ORIENTED_EDGE('',*,*,#3060,.F.);
#1961=ORIENTED_EDGE('',*,*,#3049,.T.);
#1962=ORIENTED_EDGE('',*,*,#3061,.T.);
#1963=ORIENTED_EDGE('',*,*,#3040,.T.);
#1964=ORIENTED_EDGE('',*,*,#3062,.T.);
#1965=ORIENTED_EDGE('',*,*,#3033,.T.);
#1966=ORIENTED_EDGE('',*,*,#3063,.T.);
#1967=ORIENTED_EDGE('',*,*,#3019,.F.);
#1968=ORIENTED_EDGE('',*,*,#3036,.F.);
#1969=ORIENTED_EDGE('',*,*,#2986,.F.);
#1970=ORIENTED_EDGE('',*,*,#2869,.T.);
#1971=ORIENTED_EDGE('',*,*,#2943,.F.);
#1972=ORIENTED_EDGE('',*,*,#2948,.T.);
#1973=ORIENTED_EDGE('',*,*,#3054,.F.);
#1974=ORIENTED_EDGE('',*,*,#3059,.F.);
#1975=ORIENTED_EDGE('',*,*,#3052,.F.);
#1976=ORIENTED_EDGE('',*,*,#3001,.F.);
#1977=ORIENTED_EDGE('',*,*,#2871,.F.);
#1978=ORIENTED_EDGE('',*,*,#2977,.F.);
#1979=ORIENTED_EDGE('',*,*,#3050,.F.);
#1980=ORIENTED_EDGE('',*,*,#3061,.F.);
#1981=ORIENTED_EDGE('',*,*,#3048,.F.);
#1982=ORIENTED_EDGE('',*,*,#3057,.F.);
#1983=ORIENTED_EDGE('',*,*,#2979,.F.);
#1984=ORIENTED_EDGE('',*,*,#3014,.F.);
#1985=ORIENTED_EDGE('',*,*,#3041,.F.);
#1986=ORIENTED_EDGE('',*,*,#3062,.F.);
#1987=ORIENTED_EDGE('',*,*,#3039,.F.);
#1988=ORIENTED_EDGE('',*,*,#2937,.F.);
#1989=ORIENTED_EDGE('',*,*,#2985,.F.);
#1990=ORIENTED_EDGE('',*,*,#3051,.F.);
#1991=ORIENTED_EDGE('',*,*,#2975,.F.);
#1992=ORIENTED_EDGE('',*,*,#2941,.F.);
#1993=ORIENTED_EDGE('',*,*,#3034,.F.);
#1994=ORIENTED_EDGE('',*,*,#3063,.F.);
#1995=ORIENTED_EDGE('',*,*,#3035,.F.);
#1996=ORIENTED_EDGE('',*,*,#3016,.F.);
#1997=ORIENTED_EDGE('',*,*,#2982,.F.);
#1998=ORIENTED_EDGE('',*,*,#2921,.T.);
#1999=ORIENTED_EDGE('',*,*,#2920,.T.);
#2000=ORIENTED_EDGE('',*,*,#3064,.F.);
#2001=ORIENTED_EDGE('',*,*,#3065,.F.);
#2002=ORIENTED_EDGE('',*,*,#3066,.F.);
#2003=ORIENTED_EDGE('',*,*,#3067,.F.);
#2004=ORIENTED_EDGE('',*,*,#3068,.F.);
#2005=ORIENTED_EDGE('',*,*,#3069,.F.);
#2006=ORIENTED_EDGE('',*,*,#3070,.F.);
#2007=ORIENTED_EDGE('',*,*,#3071,.F.);
#2008=ORIENTED_EDGE('',*,*,#3072,.F.);
#2009=ORIENTED_EDGE('',*,*,#3073,.F.);
#2010=ORIENTED_EDGE('',*,*,#3074,.F.);
#2011=ORIENTED_EDGE('',*,*,#2919,.T.);
#2012=ORIENTED_EDGE('',*,*,#2927,.T.);
#2013=ORIENTED_EDGE('',*,*,#3075,.F.);
#2014=ORIENTED_EDGE('',*,*,#3076,.T.);
#2015=ORIENTED_EDGE('',*,*,#3077,.T.);
#2016=ORIENTED_EDGE('',*,*,#3078,.F.);
#2017=ORIENTED_EDGE('',*,*,#3079,.T.);
#2018=ORIENTED_EDGE('',*,*,#3080,.T.);
#2019=ORIENTED_EDGE('',*,*,#3067,.T.);
#2020=ORIENTED_EDGE('',*,*,#3081,.F.);
#2021=ORIENTED_EDGE('',*,*,#3082,.F.);
#2022=ORIENTED_EDGE('',*,*,#2974,.F.);
#2023=ORIENTED_EDGE('',*,*,#3083,.T.);
#2024=ORIENTED_EDGE('',*,*,#2995,.T.);
#2025=ORIENTED_EDGE('',*,*,#3084,.T.);
#2026=ORIENTED_EDGE('',*,*,#3085,.F.);
#2027=ORIENTED_EDGE('',*,*,#3071,.T.);
#2028=ORIENTED_EDGE('',*,*,#3086,.T.);
#2029=ORIENTED_EDGE('',*,*,#3087,.F.);
#2030=ORIENTED_EDGE('',*,*,#3088,.F.);
#2031=ORIENTED_EDGE('',*,*,#3089,.T.);
#2032=ORIENTED_EDGE('',*,*,#3090,.F.);
#2033=ORIENTED_EDGE('',*,*,#3091,.F.);
#2034=ORIENTED_EDGE('',*,*,#2993,.T.);
#2035=ORIENTED_EDGE('',*,*,#3092,.F.);
#2036=ORIENTED_EDGE('',*,*,#3093,.T.);
#2037=ORIENTED_EDGE('',*,*,#3094,.F.);
#2038=ORIENTED_EDGE('',*,*,#2924,.F.);
#2039=ORIENTED_EDGE('',*,*,#3095,.T.);
#2040=ORIENTED_EDGE('',*,*,#3096,.T.);
#2041=ORIENTED_EDGE('',*,*,#3097,.T.);
#2042=ORIENTED_EDGE('',*,*,#3093,.F.);
#2043=ORIENTED_EDGE('',*,*,#3098,.F.);
#2044=ORIENTED_EDGE('',*,*,#3099,.F.);
#2045=ORIENTED_EDGE('',*,*,#3090,.T.);
#2046=ORIENTED_EDGE('',*,*,#3100,.T.);
#2047=ORIENTED_EDGE('',*,*,#3096,.F.);
#2048=ORIENTED_EDGE('',*,*,#3101,.T.);
#2049=ORIENTED_EDGE('',*,*,#3102,.F.);
#2050=ORIENTED_EDGE('',*,*,#3084,.F.);
#2051=ORIENTED_EDGE('',*,*,#2994,.F.);
#2052=ORIENTED_EDGE('',*,*,#3091,.T.);
#2053=ORIENTED_EDGE('',*,*,#3099,.T.);
#2054=ORIENTED_EDGE('',*,*,#3098,.T.);
#2055=ORIENTED_EDGE('',*,*,#3095,.F.);
#2056=ORIENTED_EDGE('',*,*,#2923,.F.);
#2057=ORIENTED_EDGE('',*,*,#3103,.F.);
#2058=ORIENTED_EDGE('',*,*,#3076,.F.);
#2059=ORIENTED_EDGE('',*,*,#3104,.F.);
#2060=ORIENTED_EDGE('',*,*,#3086,.F.);
#2061=ORIENTED_EDGE('',*,*,#3105,.F.);
#2062=ORIENTED_EDGE('',*,*,#3106,.F.);
#2063=ORIENTED_EDGE('',*,*,#3107,.F.);
#2064=ORIENTED_EDGE('',*,*,#3108,.F.);
#2065=ORIENTED_EDGE('',*,*,#3109,.F.);
#2066=ORIENTED_EDGE('',*,*,#2964,.F.);
#2067=ORIENTED_EDGE('',*,*,#3082,.T.);
#2068=ORIENTED_EDGE('',*,*,#3110,.F.);
#2069=ORIENTED_EDGE('',*,*,#3111,.T.);
#2070=ORIENTED_EDGE('',*,*,#3112,.F.);
#2071=ORIENTED_EDGE('',*,*,#2925,.T.);
#2072=ORIENTED_EDGE('',*,*,#3094,.T.);
#2073=ORIENTED_EDGE('',*,*,#3097,.F.);
#2074=ORIENTED_EDGE('',*,*,#3100,.F.);
#2075=ORIENTED_EDGE('',*,*,#3089,.F.);
#2076=ORIENTED_EDGE('',*,*,#3113,.F.);
#2077=ORIENTED_EDGE('',*,*,#3078,.T.);
#2078=ORIENTED_EDGE('',*,*,#3114,.T.);
#2079=ORIENTED_EDGE('',*,*,#3092,.T.);
#2080=ORIENTED_EDGE('',*,*,#2992,.T.);
#2081=ORIENTED_EDGE('',*,*,#3045,.T.);
#2082=ORIENTED_EDGE('',*,*,#2996,.T.);
#2083=ORIENTED_EDGE('',*,*,#3083,.F.);
#2084=ORIENTED_EDGE('',*,*,#3070,.T.);
#2085=ORIENTED_EDGE('',*,*,#3115,.F.);
#2086=ORIENTED_EDGE('',*,*,#3065,.T.);
#2087=ORIENTED_EDGE('',*,*,#3116,.F.);
#2088=ORIENTED_EDGE('',*,*,#3117,.T.);
#2089=ORIENTED_EDGE('',*,*,#3118,.F.);
#2090=ORIENTED_EDGE('',*,*,#3073,.T.);
#2091=ORIENTED_EDGE('',*,*,#3119,.F.);
#2092=ORIENTED_EDGE('',*,*,#3068,.T.);
#2093=ORIENTED_EDGE('',*,*,#3080,.F.);
#2094=ORIENTED_EDGE('',*,*,#2973,.T.);
#2095=ORIENTED_EDGE('',*,*,#2962,.F.);
#2096=ORIENTED_EDGE('',*,*,#2961,.F.);
#2097=ORIENTED_EDGE('',*,*,#3120,.F.);
#2098=ORIENTED_EDGE('',*,*,#3121,.F.);
#2099=ORIENTED_EDGE('',*,*,#3122,.T.);
#2100=ORIENTED_EDGE('',*,*,#3123,.F.);
#2101=ORIENTED_EDGE('',*,*,#3124,.F.);
#2102=ORIENTED_EDGE('',*,*,#3079,.F.);
#2103=ORIENTED_EDGE('',*,*,#3124,.T.);
#2104=ORIENTED_EDGE('',*,*,#3122,.F.);
#2105=ORIENTED_EDGE('',*,*,#3125,.F.);
#2106=ORIENTED_EDGE('',*,*,#3126,.F.);
#2107=ORIENTED_EDGE('',*,*,#3077,.F.);
#2108=ORIENTED_EDGE('',*,*,#3126,.T.);
#2109=ORIENTED_EDGE('',*,*,#3117,.F.);
#2110=ORIENTED_EDGE('',*,*,#3127,.F.);
#2111=ORIENTED_EDGE('',*,*,#3111,.F.);
#2112=ORIENTED_EDGE('',*,*,#3128,.F.);
#2113=ORIENTED_EDGE('',*,*,#3101,.F.);
#2114=ORIENTED_EDGE('',*,*,#3129,.F.);
#2115=ORIENTED_EDGE('',*,*,#3087,.T.);
#2116=ORIENTED_EDGE('',*,*,#3104,.T.);
#2117=ORIENTED_EDGE('',*,*,#3074,.T.);
#2118=ORIENTED_EDGE('',*,*,#3123,.T.);
#2119=ORIENTED_EDGE('',*,*,#3125,.T.);
#2120=ORIENTED_EDGE('',*,*,#3121,.T.);
#2121=ORIENTED_EDGE('',*,*,#3130,.F.);
#2122=ORIENTED_EDGE('',*,*,#2915,.T.);
#2123=ORIENTED_EDGE('',*,*,#2890,.T.);
#2124=ORIENTED_EDGE('',*,*,#2997,.T.);
#2125=ORIENTED_EDGE('',*,*,#3118,.T.);
#2126=ORIENTED_EDGE('',*,*,#3127,.T.);
#2127=ORIENTED_EDGE('',*,*,#3116,.T.);
#2128=ORIENTED_EDGE('',*,*,#3064,.T.);
#2129=ORIENTED_EDGE('',*,*,#2888,.T.);
#2130=ORIENTED_EDGE('',*,*,#3119,.T.);
#2131=ORIENTED_EDGE('',*,*,#3075,.T.);
#2132=ORIENTED_EDGE('',*,*,#2926,.T.);
#2133=ORIENTED_EDGE('',*,*,#3112,.T.);
#2134=ORIENTED_EDGE('',*,*,#3128,.T.);
#2135=ORIENTED_EDGE('',*,*,#3110,.T.);
#2136=ORIENTED_EDGE('',*,*,#3081,.T.);
#2137=ORIENTED_EDGE('',*,*,#3069,.T.);
#2138=ORIENTED_EDGE('',*,*,#3115,.T.);
#2139=ORIENTED_EDGE('',*,*,#3072,.T.);
#2140=ORIENTED_EDGE('',*,*,#3085,.T.);
#2141=ORIENTED_EDGE('',*,*,#3102,.T.);
#2142=ORIENTED_EDGE('',*,*,#3129,.T.);
#2143=ORIENTED_EDGE('',*,*,#3103,.T.);
#2144=ORIENTED_EDGE('',*,*,#2922,.T.);
#2145=ORIENTED_EDGE('',*,*,#3066,.T.);
#2146=ORIENTED_EDGE('',*,*,#3131,.F.);
#2147=ORIENTED_EDGE('',*,*,#3132,.T.);
#2148=ORIENTED_EDGE('',*,*,#3133,.T.);
#2149=ORIENTED_EDGE('',*,*,#3134,.T.);
#2150=ORIENTED_EDGE('',*,*,#3135,.T.);
#2151=ORIENTED_EDGE('',*,*,#2969,.F.);
#2152=ORIENTED_EDGE('',*,*,#3136,.F.);
#2153=ORIENTED_EDGE('',*,*,#3137,.T.);
#2154=ORIENTED_EDGE('',*,*,#3131,.T.);
#2155=ORIENTED_EDGE('',*,*,#3138,.T.);
#2156=ORIENTED_EDGE('',*,*,#3139,.T.);
#2157=ORIENTED_EDGE('',*,*,#2930,.T.);
#2158=ORIENTED_EDGE('',*,*,#3008,.F.);
#2159=ORIENTED_EDGE('',*,*,#3140,.T.);
#2160=ORIENTED_EDGE('',*,*,#3141,.F.);
#2161=ORIENTED_EDGE('',*,*,#3142,.T.);
#2162=ORIENTED_EDGE('',*,*,#3143,.T.);
#2163=ORIENTED_EDGE('',*,*,#3133,.F.);
#2164=ORIENTED_EDGE('',*,*,#3144,.F.);
#2165=ORIENTED_EDGE('',*,*,#3145,.T.);
#2166=ORIENTED_EDGE('',*,*,#3011,.F.);
#2167=ORIENTED_EDGE('',*,*,#2908,.T.);
#2168=ORIENTED_EDGE('',*,*,#3141,.T.);
#2169=ORIENTED_EDGE('',*,*,#3146,.T.);
#2170=ORIENTED_EDGE('',*,*,#3144,.T.);
#2171=ORIENTED_EDGE('',*,*,#3132,.F.);
#2172=ORIENTED_EDGE('',*,*,#2913,.F.);
#2173=ORIENTED_EDGE('',*,*,#3147,.T.);
#2174=ORIENTED_EDGE('',*,*,#3142,.F.);
#2175=ORIENTED_EDGE('',*,*,#3139,.F.);
#2176=ORIENTED_EDGE('',*,*,#2958,.T.);
#2177=ORIENTED_EDGE('',*,*,#2931,.F.);
#2178=ORIENTED_EDGE('',*,*,#3140,.F.);
#2179=ORIENTED_EDGE('',*,*,#3007,.F.);
#2180=ORIENTED_EDGE('',*,*,#3145,.F.);
#2181=ORIENTED_EDGE('',*,*,#3146,.F.);
#2182=ORIENTED_EDGE('',*,*,#3148,.F.);
#2183=ORIENTED_EDGE('',*,*,#3044,.F.);
#2184=ORIENTED_EDGE('',*,*,#3149,.F.);
#2185=ORIENTED_EDGE('',*,*,#2972,.T.);
#2186=ORIENTED_EDGE('',*,*,#3047,.T.);
#2187=ORIENTED_EDGE('',*,*,#3020,.F.);
#2188=ORIENTED_EDGE('',*,*,#3038,.F.);
#2189=ORIENTED_EDGE('',*,*,#3149,.T.);
#2190=ORIENTED_EDGE('',*,*,#3043,.F.);
#2191=ORIENTED_EDGE('',*,*,#2952,.F.);
#2192=ORIENTED_EDGE('',*,*,#3150,.T.);
#2193=ORIENTED_EDGE('',*,*,#3136,.T.);
#2194=ORIENTED_EDGE('',*,*,#2967,.F.);
#2195=ORIENTED_EDGE('',*,*,#3056,.F.);
#2196=ORIENTED_EDGE('',*,*,#3055,.F.);
#2197=ORIENTED_EDGE('',*,*,#2955,.T.);
#2198=ORIENTED_EDGE('',*,*,#3042,.F.);
#2199=ORIENTED_EDGE('',*,*,#3150,.F.);
#2200=ORIENTED_EDGE('',*,*,#2951,.F.);
#2201=ORIENTED_EDGE('',*,*,#2959,.F.);
#2202=ORIENTED_EDGE('',*,*,#3138,.F.);
#2203=ORIENTED_EDGE('',*,*,#3137,.F.);
#2204=ORIENTED_EDGE('',*,*,#3151,.F.);
#2205=ORIENTED_EDGE('',*,*,#3113,.T.);
#2206=ORIENTED_EDGE('',*,*,#3088,.T.);
#2207=ORIENTED_EDGE('',*,*,#3114,.F.);
#2208=ORIENTED_EDGE('',*,*,#2970,.F.);
#2209=ORIENTED_EDGE('',*,*,#3152,.T.);
#2210=ORIENTED_EDGE('',*,*,#3106,.T.);
#2211=ORIENTED_EDGE('',*,*,#3152,.F.);
#2212=ORIENTED_EDGE('',*,*,#3135,.F.);
#2213=ORIENTED_EDGE('',*,*,#3153,.T.);
#2214=ORIENTED_EDGE('',*,*,#3154,.T.);
#2215=ORIENTED_EDGE('',*,*,#3107,.T.);
#2216=ORIENTED_EDGE('',*,*,#2916,.F.);
#2217=ORIENTED_EDGE('',*,*,#3130,.T.);
#2218=ORIENTED_EDGE('',*,*,#3120,.T.);
#2219=ORIENTED_EDGE('',*,*,#2965,.T.);
#2220=ORIENTED_EDGE('',*,*,#3109,.T.);
#2221=ORIENTED_EDGE('',*,*,#3108,.T.);
#2222=ORIENTED_EDGE('',*,*,#3154,.F.);
#2223=ORIENTED_EDGE('',*,*,#3155,.T.);
#2224=ORIENTED_EDGE('',*,*,#3156,.T.);
#2225=ORIENTED_EDGE('',*,*,#3157,.T.);
#2226=ORIENTED_EDGE('',*,*,#3134,.F.);
#2227=ORIENTED_EDGE('',*,*,#3143,.F.);
#2228=ORIENTED_EDGE('',*,*,#3158,.F.);
#2229=ORIENTED_EDGE('',*,*,#3155,.F.);
#2230=ORIENTED_EDGE('',*,*,#3153,.F.);
#2231=ORIENTED_EDGE('',*,*,#2960,.F.);
#2232=ORIENTED_EDGE('',*,*,#2917,.T.);
#2233=ORIENTED_EDGE('',*,*,#3157,.F.);
#2234=ORIENTED_EDGE('',*,*,#3156,.F.);
#2235=ORIENTED_EDGE('',*,*,#3158,.T.);
#2236=ORIENTED_EDGE('',*,*,#3147,.F.);
#2237=ORIENTED_EDGE('',*,*,#2912,.F.);
#2238=ORIENTED_EDGE('',*,*,#3159,.F.);
#2239=ORIENTED_EDGE('',*,*,#3159,.T.);
#2240=ORIENTED_EDGE('',*,*,#3105,.T.);
#2241=ORIENTED_EDGE('',*,*,#3151,.T.);
#2242=ORIENTED_EDGE('',*,*,#3160,.F.);
#2243=ORIENTED_EDGE('',*,*,#3160,.T.);
#2244=ORIENTED_EDGE('',*,*,#3037,.T.);
#2245=ORIENTED_EDGE('',*,*,#3148,.T.);
#2246=ORIENTED_EDGE('',*,*,#3161,.F.);
#2247=ORIENTED_EDGE('',*,*,#3162,.F.);
#2248=ORIENTED_EDGE('',*,*,#3163,.T.);
#2249=ORIENTED_EDGE('',*,*,#3164,.T.);
#2250=ORIENTED_EDGE('',*,*,#3165,.T.);
#2251=ORIENTED_EDGE('',*,*,#3166,.T.);
#2252=ORIENTED_EDGE('',*,*,#3167,.T.);
#2253=ORIENTED_EDGE('',*,*,#3168,.F.);
#2254=ORIENTED_EDGE('',*,*,#2873,.T.);
#2255=ORIENTED_EDGE('',*,*,#3169,.F.);
#2256=ORIENTED_EDGE('',*,*,#3170,.T.);
#2257=ORIENTED_EDGE('',*,*,#2840,.T.);
#2258=ORIENTED_EDGE('',*,*,#3171,.F.);
#2259=ORIENTED_EDGE('',*,*,#3172,.T.);
#2260=ORIENTED_EDGE('',*,*,#3173,.F.);
#2261=ORIENTED_EDGE('',*,*,#3174,.T.);
#2262=ORIENTED_EDGE('',*,*,#3175,.T.);
#2263=ORIENTED_EDGE('',*,*,#3176,.F.);
#2264=ORIENTED_EDGE('',*,*,#3177,.F.);
#2265=ORIENTED_EDGE('',*,*,#3178,.T.);
#2266=ORIENTED_EDGE('',*,*,#2842,.T.);
#2267=ORIENTED_EDGE('',*,*,#3179,.T.);
#2268=ORIENTED_EDGE('',*,*,#3180,.F.);
#2269=ORIENTED_EDGE('',*,*,#2875,.T.);
#2270=ORIENTED_EDGE('',*,*,#3181,.T.);
#2271=ORIENTED_EDGE('',*,*,#3182,.F.);
#2272=ORIENTED_EDGE('',*,*,#3183,.F.);
#2273=ORIENTED_EDGE('',*,*,#3184,.T.);
#2274=ORIENTED_EDGE('',*,*,#2880,.F.);
#2275=ORIENTED_EDGE('',*,*,#3185,.T.);
#2276=ORIENTED_EDGE('',*,*,#3186,.T.);
#2277=ORIENTED_EDGE('',*,*,#3172,.F.);
#2278=ORIENTED_EDGE('',*,*,#3187,.F.);
#2279=ORIENTED_EDGE('',*,*,#3186,.F.);
#2280=ORIENTED_EDGE('',*,*,#3188,.T.);
#2281=ORIENTED_EDGE('',*,*,#3189,.T.);
#2282=ORIENTED_EDGE('',*,*,#3176,.T.);
#2283=ORIENTED_EDGE('',*,*,#3190,.F.);
#2284=ORIENTED_EDGE('',*,*,#3162,.T.);
#2285=ORIENTED_EDGE('',*,*,#3191,.F.);
#2286=ORIENTED_EDGE('',*,*,#3173,.T.);
#2287=ORIENTED_EDGE('',*,*,#3189,.F.);
#2288=ORIENTED_EDGE('',*,*,#3192,.T.);
#2289=ORIENTED_EDGE('',*,*,#2878,.T.);
#2290=ORIENTED_EDGE('',*,*,#3193,.T.);
#2291=ORIENTED_EDGE('',*,*,#3177,.T.);
#2292=ORIENTED_EDGE('',*,*,#3194,.T.);
#2293=ORIENTED_EDGE('',*,*,#3161,.T.);
#2294=ORIENTED_EDGE('',*,*,#3190,.T.);
#2295=ORIENTED_EDGE('',*,*,#3175,.F.);
#2296=ORIENTED_EDGE('',*,*,#3195,.F.);
#2297=ORIENTED_EDGE('',*,*,#3163,.F.);
#2298=ORIENTED_EDGE('',*,*,#3196,.F.);
#2299=ORIENTED_EDGE('',*,*,#3164,.F.);
#2300=ORIENTED_EDGE('',*,*,#3195,.T.);
#2301=ORIENTED_EDGE('',*,*,#3174,.F.);
#2302=ORIENTED_EDGE('',*,*,#3197,.F.);
#2303=ORIENTED_EDGE('',*,*,#3165,.F.);
#2304=ORIENTED_EDGE('',*,*,#3196,.T.);
#2305=ORIENTED_EDGE('',*,*,#3184,.F.);
#2306=ORIENTED_EDGE('',*,*,#3180,.T.);
#2307=ORIENTED_EDGE('',*,*,#3198,.F.);
#2308=ORIENTED_EDGE('',*,*,#3169,.T.);
#2309=ORIENTED_EDGE('',*,*,#2876,.T.);
#2310=ORIENTED_EDGE('',*,*,#3198,.T.);
#2311=ORIENTED_EDGE('',*,*,#3179,.F.);
#2312=ORIENTED_EDGE('',*,*,#2841,.T.);
#2313=ORIENTED_EDGE('',*,*,#3170,.F.);
#2314=ORIENTED_EDGE('',*,*,#3187,.T.);
#2315=ORIENTED_EDGE('',*,*,#3171,.T.);
#2316=ORIENTED_EDGE('',*,*,#2845,.T.);
#2317=ORIENTED_EDGE('',*,*,#2867,.T.);
#2318=ORIENTED_EDGE('',*,*,#3000,.F.);
#2319=ORIENTED_EDGE('',*,*,#2857,.F.);
#2320=ORIENTED_EDGE('',*,*,#2859,.T.);
#2321=ORIENTED_EDGE('',*,*,#3199,.F.);
#2322=ORIENTED_EDGE('',*,*,#2944,.F.);
#2323=ORIENTED_EDGE('',*,*,#2868,.F.);
#2324=ORIENTED_EDGE('',*,*,#2843,.T.);
#2325=ORIENTED_EDGE('',*,*,#3178,.F.);
#2326=ORIENTED_EDGE('',*,*,#3193,.F.);
#2327=ORIENTED_EDGE('',*,*,#2929,.F.);
#2328=ORIENTED_EDGE('',*,*,#3199,.T.);
#2329=ORIENTED_EDGE('',*,*,#3009,.F.);
#2330=ORIENTED_EDGE('',*,*,#3200,.F.);
#2331=ORIENTED_EDGE('',*,*,#3201,.T.);
#2332=ORIENTED_EDGE('',*,*,#3202,.T.);
#2333=ORIENTED_EDGE('',*,*,#3203,.F.);
#2334=ORIENTED_EDGE('',*,*,#3204,.F.);
#2335=ORIENTED_EDGE('',*,*,#3205,.F.);
#2336=ORIENTED_EDGE('',*,*,#3206,.T.);
#2337=ORIENTED_EDGE('',*,*,#3207,.F.);
#2338=ORIENTED_EDGE('',*,*,#3208,.T.);
#2339=ORIENTED_EDGE('',*,*,#2848,.T.);
#2340=ORIENTED_EDGE('',*,*,#3209,.F.);
#2341=ORIENTED_EDGE('',*,*,#3210,.T.);
#2342=ORIENTED_EDGE('',*,*,#3205,.T.);
#2343=ORIENTED_EDGE('',*,*,#3211,.T.);
#2344=ORIENTED_EDGE('',*,*,#3212,.T.);
#2345=ORIENTED_EDGE('',*,*,#2901,.T.);
#2346=ORIENTED_EDGE('',*,*,#3213,.T.);
#2347=ORIENTED_EDGE('',*,*,#3214,.T.);
#2348=ORIENTED_EDGE('',*,*,#3215,.F.);
#2349=ORIENTED_EDGE('',*,*,#3216,.T.);
#2350=ORIENTED_EDGE('',*,*,#3217,.T.);
#2351=ORIENTED_EDGE('',*,*,#3218,.F.);
#2352=ORIENTED_EDGE('',*,*,#3219,.T.);
#2353=ORIENTED_EDGE('',*,*,#2850,.T.);
#2354=ORIENTED_EDGE('',*,*,#3220,.T.);
#2355=ORIENTED_EDGE('',*,*,#3221,.F.);
#2356=ORIENTED_EDGE('',*,*,#3222,.T.);
#2357=ORIENTED_EDGE('',*,*,#3223,.T.);
#2358=ORIENTED_EDGE('',*,*,#3224,.F.);
#2359=ORIENTED_EDGE('',*,*,#3225,.F.);
#2360=ORIENTED_EDGE('',*,*,#2899,.T.);
#2361=ORIENTED_EDGE('',*,*,#3226,.T.);
#2362=ORIENTED_EDGE('',*,*,#3227,.T.);
#2363=ORIENTED_EDGE('',*,*,#3203,.T.);
#2364=ORIENTED_EDGE('',*,*,#3202,.F.);
#2365=ORIENTED_EDGE('',*,*,#3228,.T.);
#2366=ORIENTED_EDGE('',*,*,#2905,.T.);
#2367=ORIENTED_EDGE('',*,*,#3229,.T.);
#2368=ORIENTED_EDGE('',*,*,#3218,.T.);
#2369=ORIENTED_EDGE('',*,*,#3230,.T.);
#2370=ORIENTED_EDGE('',*,*,#3206,.F.);
#2371=ORIENTED_EDGE('',*,*,#2907,.F.);
#2372=ORIENTED_EDGE('',*,*,#3231,.T.);
#2373=ORIENTED_EDGE('',*,*,#3200,.T.);
#2374=ORIENTED_EDGE('',*,*,#3210,.F.);
#2375=ORIENTED_EDGE('',*,*,#3232,.F.);
#2376=ORIENTED_EDGE('',*,*,#3233,.F.);
#2377=ORIENTED_EDGE('',*,*,#3217,.F.);
#2378=ORIENTED_EDGE('',*,*,#3234,.T.);
#2379=ORIENTED_EDGE('',*,*,#3220,.F.);
#2380=ORIENTED_EDGE('',*,*,#2849,.T.);
#2381=ORIENTED_EDGE('',*,*,#3208,.F.);
#2382=ORIENTED_EDGE('',*,*,#3221,.T.);
#2383=ORIENTED_EDGE('',*,*,#3234,.F.);
#2384=ORIENTED_EDGE('',*,*,#3207,.T.);
#2385=ORIENTED_EDGE('',*,*,#3235,.T.);
#2386=ORIENTED_EDGE('',*,*,#3236,.F.);
#2387=ORIENTED_EDGE('',*,*,#3222,.F.);
#2388=ORIENTED_EDGE('',*,*,#3235,.F.);
#2389=ORIENTED_EDGE('',*,*,#3216,.F.);
#2390=ORIENTED_EDGE('',*,*,#2902,.F.);
#2391=ORIENTED_EDGE('',*,*,#3212,.F.);
#2392=ORIENTED_EDGE('',*,*,#3237,.T.);
#2393=ORIENTED_EDGE('',*,*,#3226,.F.);
#2394=ORIENTED_EDGE('',*,*,#3204,.T.);
#2395=ORIENTED_EDGE('',*,*,#3227,.F.);
#2396=ORIENTED_EDGE('',*,*,#3237,.F.);
#2397=ORIENTED_EDGE('',*,*,#3211,.F.);
#2398=ORIENTED_EDGE('',*,*,#3238,.F.);
#2399=ORIENTED_EDGE('',*,*,#2893,.F.);
#2400=ORIENTED_EDGE('',*,*,#3232,.T.);
#2401=ORIENTED_EDGE('',*,*,#3209,.T.);
#2402=ORIENTED_EDGE('',*,*,#2853,.T.);
#2403=ORIENTED_EDGE('',*,*,#2886,.T.);
#2404=ORIENTED_EDGE('',*,*,#2914,.F.);
#2405=ORIENTED_EDGE('',*,*,#2895,.T.);
#2406=ORIENTED_EDGE('',*,*,#2998,.T.);
#2407=ORIENTED_EDGE('',*,*,#2887,.F.);
#2408=ORIENTED_EDGE('',*,*,#2851,.T.);
#2409=ORIENTED_EDGE('',*,*,#3219,.F.);
#2410=ORIENTED_EDGE('',*,*,#3229,.F.);
#2411=ORIENTED_EDGE('',*,*,#2909,.F.);
#2412=ORIENTED_EDGE('',*,*,#3010,.T.);
#2413=ORIENTED_EDGE('',*,*,#3238,.T.);
#2414=ORIENTED_EDGE('',*,*,#3239,.T.);
#2415=ORIENTED_EDGE('',*,*,#2903,.F.);
#2416=ORIENTED_EDGE('',*,*,#3233,.T.);
#2417=ORIENTED_EDGE('',*,*,#3239,.F.);
#2418=ORIENTED_EDGE('',*,*,#3240,.T.);
#2419=ORIENTED_EDGE('',*,*,#2904,.F.);
#2420=ORIENTED_EDGE('',*,*,#3230,.F.);
#2421=ORIENTED_EDGE('',*,*,#3240,.F.);
#2422=ORIENTED_EDGE('',*,*,#3236,.T.);
#2423=ORIENTED_EDGE('',*,*,#3215,.T.);
#2424=ORIENTED_EDGE('',*,*,#3241,.F.);
#2425=ORIENTED_EDGE('',*,*,#3223,.F.);
#2426=ORIENTED_EDGE('',*,*,#3242,.T.);
#2427=ORIENTED_EDGE('',*,*,#3213,.F.);
#2428=ORIENTED_EDGE('',*,*,#2900,.F.);
#2429=ORIENTED_EDGE('',*,*,#3225,.T.);
#2430=ORIENTED_EDGE('',*,*,#3224,.T.);
#2431=ORIENTED_EDGE('',*,*,#3241,.T.);
#2432=ORIENTED_EDGE('',*,*,#3214,.F.);
#2433=ORIENTED_EDGE('',*,*,#3242,.F.);
#2434=ORIENTED_EDGE('',*,*,#2891,.T.);
#2435=ORIENTED_EDGE('',*,*,#2897,.T.);
#2436=ORIENTED_EDGE('',*,*,#2892,.F.);
#2437=ORIENTED_EDGE('',*,*,#2898,.F.);
#2438=ORIENTED_EDGE('',*,*,#2877,.F.);
#2439=ORIENTED_EDGE('',*,*,#3243,.F.);
#2440=ORIENTED_EDGE('',*,*,#3191,.T.);
#2441=ORIENTED_EDGE('',*,*,#3243,.T.);
#2442=ORIENTED_EDGE('',*,*,#3244,.T.);
#2443=ORIENTED_EDGE('',*,*,#3194,.F.);
#2444=ORIENTED_EDGE('',*,*,#2881,.F.);
#2445=ORIENTED_EDGE('',*,*,#3244,.F.);
#2446=ORIENTED_EDGE('',*,*,#2874,.F.);
#2447=ORIENTED_EDGE('',*,*,#3168,.T.);
#2448=ORIENTED_EDGE('',*,*,#3245,.T.);
#2449=ORIENTED_EDGE('',*,*,#3181,.F.);
#2450=ORIENTED_EDGE('',*,*,#3246,.F.);
#2451=ORIENTED_EDGE('',*,*,#3166,.F.);
#2452=ORIENTED_EDGE('',*,*,#3197,.T.);
#2453=ORIENTED_EDGE('',*,*,#3183,.T.);
#2454=ORIENTED_EDGE('',*,*,#3167,.F.);
#2455=ORIENTED_EDGE('',*,*,#3246,.T.);
#2456=ORIENTED_EDGE('',*,*,#3182,.T.);
#2457=ORIENTED_EDGE('',*,*,#3245,.F.);
#2458=ORIENTED_EDGE('',*,*,#2861,.F.);
#2459=ORIENTED_EDGE('',*,*,#2872,.F.);
#2460=ORIENTED_EDGE('',*,*,#2856,.T.);
#2461=ORIENTED_EDGE('',*,*,#2866,.T.);
#2462=ORIENTED_EDGE('',*,*,#3231,.F.);
#2463=ORIENTED_EDGE('',*,*,#2906,.F.);
#2464=ORIENTED_EDGE('',*,*,#3228,.F.);
#2465=ORIENTED_EDGE('',*,*,#3201,.F.);
#2466=ORIENTED_EDGE('',*,*,#3185,.F.);
#2467=ORIENTED_EDGE('',*,*,#2879,.F.);
#2468=ORIENTED_EDGE('',*,*,#3192,.F.);
#2469=ORIENTED_EDGE('',*,*,#3188,.F.);
#2470=ORIENTED_EDGE('',*,*,#2855,.T.);
#2471=ORIENTED_EDGE('',*,*,#3247,.T.);
#2472=ORIENTED_EDGE('',*,*,#2854,.T.);
#2473=ORIENTED_EDGE('',*,*,#3247,.F.);
#2474=ORIENTED_EDGE('',*,*,#3248,.T.);
#2475=ORIENTED_EDGE('',*,*,#3249,.T.);
#2476=ORIENTED_EDGE('',*,*,#2885,.T.);
#2477=ORIENTED_EDGE('',*,*,#3250,.T.);
#2478=ORIENTED_EDGE('',*,*,#2883,.T.);
#2479=ORIENTED_EDGE('',*,*,#3251,.T.);
#2480=ORIENTED_EDGE('',*,*,#3248,.F.);
#2481=ORIENTED_EDGE('',*,*,#3252,.T.);
#2482=ORIENTED_EDGE('',*,*,#2847,.T.);
#2483=ORIENTED_EDGE('',*,*,#3253,.F.);
#2484=ORIENTED_EDGE('',*,*,#2846,.T.);
#2485=ORIENTED_EDGE('',*,*,#3253,.T.);
#2486=ORIENTED_EDGE('',*,*,#3254,.F.);
#2487=ORIENTED_EDGE('',*,*,#3255,.T.);
#2488=ORIENTED_EDGE('',*,*,#2864,.T.);
#2489=ORIENTED_EDGE('',*,*,#3256,.T.);
#2490=ORIENTED_EDGE('',*,*,#2862,.T.);
#2491=ORIENTED_EDGE('',*,*,#3257,.T.);
#2492=ORIENTED_EDGE('',*,*,#3254,.T.);
#2493=ORIENTED_EDGE('',*,*,#3258,.T.);
#2494=ORIENTED_EDGE('',*,*,#3256,.F.);
#2495=ORIENTED_EDGE('',*,*,#2863,.F.);
#2496=ORIENTED_EDGE('',*,*,#3258,.F.);
#2497=ORIENTED_EDGE('',*,*,#3255,.F.);
#2498=ORIENTED_EDGE('',*,*,#3257,.F.);
#2499=ORIENTED_EDGE('',*,*,#2865,.F.);
#2500=ORIENTED_EDGE('',*,*,#3252,.F.);
#2501=ORIENTED_EDGE('',*,*,#3249,.F.);
#2502=ORIENTED_EDGE('',*,*,#3251,.F.);
#2503=ORIENTED_EDGE('',*,*,#2882,.F.);
#2504=ORIENTED_EDGE('',*,*,#3250,.F.);
#2505=ORIENTED_EDGE('',*,*,#2884,.F.);
#2506=EDGE_CURVE('',#3259,#3259,#3783,.T.);
#2507=EDGE_CURVE('',#3260,#3260,#3784,.T.);
#2508=EDGE_CURVE('',#3261,#3261,#3785,.T.);
#2509=EDGE_CURVE('',#3262,#3262,#3786,.T.);
#2510=EDGE_CURVE('',#3263,#3263,#3787,.T.);
#2511=EDGE_CURVE('',#3264,#3264,#3788,.T.);
#2512=EDGE_CURVE('',#3265,#3265,#3789,.T.);
#2513=EDGE_CURVE('',#3266,#3266,#3790,.T.);
#2514=EDGE_CURVE('',#3267,#3267,#3791,.T.);
#2515=EDGE_CURVE('',#3268,#3268,#3792,.T.);
#2516=EDGE_CURVE('',#3269,#3269,#3793,.T.);
#2517=EDGE_CURVE('',#3270,#3270,#3794,.T.);
#2518=EDGE_CURVE('',#3271,#3271,#3795,.T.);
#2519=EDGE_CURVE('',#3272,#3272,#3796,.T.);
#2520=EDGE_CURVE('',#3273,#3273,#3797,.T.);
#2521=EDGE_CURVE('',#3274,#3274,#3798,.T.);
#2522=EDGE_CURVE('',#3275,#3275,#3799,.T.);
#2523=EDGE_CURVE('',#3276,#3276,#3800,.T.);
#2524=EDGE_CURVE('',#3277,#3277,#3801,.T.);
#2525=EDGE_CURVE('',#3278,#3278,#3802,.T.);
#2526=EDGE_CURVE('',#3279,#3279,#3803,.T.);
#2527=EDGE_CURVE('',#3280,#3280,#3804,.T.);
#2528=EDGE_CURVE('',#3281,#3281,#3805,.T.);
#2529=EDGE_CURVE('',#3282,#3282,#3806,.T.);
#2530=EDGE_CURVE('',#3283,#3283,#613,.T.);
#2531=EDGE_CURVE('',#3284,#3284,#614,.T.);
#2532=EDGE_CURVE('',#3285,#3285,#615,.T.);
#2533=EDGE_CURVE('',#3286,#3287,#616,.T.);
#2534=EDGE_CURVE('',#3287,#3286,#617,.T.);
#2535=EDGE_CURVE('',#3288,#3289,#618,.T.);
#2536=EDGE_CURVE('',#3290,#3288,#619,.T.);
#2537=EDGE_CURVE('',#3291,#3290,#620,.T.);
#2538=EDGE_CURVE('',#3292,#3291,#621,.T.);
#2539=EDGE_CURVE('',#3293,#3292,#622,.T.);
#2540=EDGE_CURVE('',#3294,#3293,#623,.T.);
#2541=EDGE_CURVE('',#3295,#3294,#111,.F.);
#2542=EDGE_CURVE('',#3296,#3295,#624,.T.);
#2543=EDGE_CURVE('',#3297,#3296,#625,.T.);
#2544=EDGE_CURVE('',#3298,#3297,#626,.T.);
#2545=EDGE_CURVE('',#3299,#3298,#627,.T.);
#2546=EDGE_CURVE('',#3300,#3299,#628,.T.);
#2547=EDGE_CURVE('',#3301,#3300,#629,.T.);
#2548=EDGE_CURVE('',#3302,#3301,#630,.T.);
#2549=EDGE_CURVE('',#3303,#3302,#631,.T.);
#2550=EDGE_CURVE('',#3304,#3303,#112,.F.);
#2551=EDGE_CURVE('',#3305,#3304,#632,.T.);
#2552=EDGE_CURVE('',#3289,#3305,#633,.T.);
#2553=EDGE_CURVE('',#3306,#3306,#634,.T.);
#2554=EDGE_CURVE('',#3307,#3307,#635,.T.);
#2555=EDGE_CURVE('',#3308,#3308,#636,.T.);
#2556=EDGE_CURVE('',#3309,#3310,#637,.T.);
#2557=EDGE_CURVE('',#3310,#3311,#638,.T.);
#2558=EDGE_CURVE('',#3312,#3311,#639,.T.);
#2559=EDGE_CURVE('',#3309,#3312,#640,.T.);
#2560=EDGE_CURVE('',#3313,#3314,#113,.T.);
#2561=EDGE_CURVE('',#3313,#3315,#641,.T.);
#2562=EDGE_CURVE('',#3315,#3316,#114,.T.);
#2563=EDGE_CURVE('',#3316,#3314,#642,.T.);
#2564=EDGE_CURVE('',#3313,#3317,#643,.T.);
#2565=EDGE_CURVE('',#3317,#3318,#644,.T.);
#2566=EDGE_CURVE('',#3315,#3318,#645,.T.);
#2567=EDGE_CURVE('',#3319,#3320,#646,.T.);
#2568=EDGE_CURVE('',#3320,#3321,#647,.T.);
#2569=EDGE_CURVE('',#3322,#3321,#648,.T.);
#2570=EDGE_CURVE('',#3319,#3322,#649,.T.);
#2571=EDGE_CURVE('',#3323,#3324,#115,.T.);
#2572=EDGE_CURVE('',#3325,#3323,#58,.T.);
#2573=EDGE_CURVE('',#3325,#3326,#116,.T.);
#2574=EDGE_CURVE('',#3326,#3324,#59,.T.);
#2575=EDGE_CURVE('',#3327,#3328,#117,.F.);
#2576=EDGE_CURVE('',#3327,#3329,#60,.T.);
#2577=EDGE_CURVE('',#3329,#3330,#118,.F.);
#2578=EDGE_CURVE('',#3328,#3330,#61,.T.);
#2579=EDGE_CURVE('',#3331,#3331,#3807,.T.);
#2580=EDGE_CURVE('',#3323,#3332,#119,.T.);
#2581=EDGE_CURVE('',#3332,#3333,#3808,.F.);
#2582=EDGE_CURVE('',#3334,#3333,#120,.T.);
#2583=EDGE_CURVE('',#3334,#3335,#3809,.F.);
#2584=EDGE_CURVE('',#3335,#3328,#121,.T.);
#2585=EDGE_CURVE('',#3330,#3336,#122,.T.);
#2586=EDGE_CURVE('',#3336,#3337,#3810,.F.);
#2587=EDGE_CURVE('',#3337,#3338,#123,.T.);
#2588=EDGE_CURVE('',#3338,#3339,#3811,.F.);
#2589=EDGE_CURVE('',#3339,#3325,#124,.T.);
#2590=EDGE_CURVE('',#3340,#3327,#125,.T.);
#2591=EDGE_CURVE('',#3341,#3340,#3812,.T.);
#2592=EDGE_CURVE('',#3341,#3342,#3813,.F.);
#2593=EDGE_CURVE('',#3343,#3342,#126,.T.);
#2594=EDGE_CURVE('',#3344,#3343,#3814,.T.);
#2595=EDGE_CURVE('',#3345,#3344,#127,.T.);
#2596=EDGE_CURVE('',#3345,#3346,#3815,.F.);
#2597=EDGE_CURVE('',#3347,#3346,#3816,.T.);
#2598=EDGE_CURVE('',#3347,#3329,#128,.T.);
#2599=EDGE_CURVE('',#3324,#3348,#129,.T.);
#2600=EDGE_CURVE('',#3326,#3349,#130,.T.);
#2601=EDGE_CURVE('',#3350,#3349,#3817,.T.);
#2602=EDGE_CURVE('',#3350,#3351,#3818,.F.);
#2603=EDGE_CURVE('',#3352,#3351,#131,.T.);
#2604=EDGE_CURVE('',#3353,#3352,#3819,.T.);
#2605=EDGE_CURVE('',#3354,#3353,#132,.T.);
#2606=EDGE_CURVE('',#3354,#3355,#3820,.F.);
#2607=EDGE_CURVE('',#3348,#3355,#3821,.T.);
#2608=EDGE_CURVE('',#3351,#3356,#133,.F.);
#2609=EDGE_CURVE('',#3356,#3357,#650,.T.);
#2610=EDGE_CURVE('',#3357,#3358,#134,.T.);
#2611=EDGE_CURVE('',#3358,#3359,#135,.T.);
#2612=EDGE_CURVE('',#3360,#3359,#136,.T.);
#2613=EDGE_CURVE('',#3352,#3360,#137,.T.);
#2614=EDGE_CURVE('',#3312,#3361,#651,.T.);
#2615=EDGE_CURVE('',#3361,#3334,#138,.F.);
#2616=EDGE_CURVE('',#3333,#3362,#139,.T.);
#2617=EDGE_CURVE('',#3362,#3319,#652,.T.);
#2618=EDGE_CURVE('',#3319,#3312,#140,.T.);
#2619=EDGE_CURVE('',#3322,#3309,#141,.T.);
#2620=EDGE_CURVE('',#3348,#3332,#142,.T.);
#2621=EDGE_CURVE('',#3335,#3340,#143,.F.);
#2622=EDGE_CURVE('',#3342,#3363,#144,.T.);
#2623=EDGE_CURVE('',#3363,#3364,#653,.T.);
#2624=EDGE_CURVE('',#3364,#3365,#145,.T.);
#2625=EDGE_CURVE('',#3365,#3366,#146,.F.);
#2626=EDGE_CURVE('',#3367,#3366,#147,.T.);
#2627=EDGE_CURVE('',#3343,#3367,#148,.T.);
#2628=EDGE_CURVE('',#3368,#3369,#149,.T.);
#2629=EDGE_CURVE('',#3368,#3370,#654,.T.);
#2630=EDGE_CURVE('',#3370,#3354,#150,.T.);
#2631=EDGE_CURVE('',#3371,#3353,#151,.F.);
#2632=EDGE_CURVE('',#3372,#3371,#152,.T.);
#2633=EDGE_CURVE('',#3372,#3369,#153,.F.);
#2634=EDGE_CURVE('',#3373,#3360,#3822,.T.);
#2635=EDGE_CURVE('',#3373,#3344,#154,.F.);
#2636=EDGE_CURVE('',#3371,#3367,#3823,.T.);
#2637=EDGE_CURVE('',#3374,#3374,#3824,.T.);
#2638=EDGE_CURVE('',#3359,#3375,#3825,.F.);
#2639=EDGE_CURVE('',#3375,#3376,#3826,.T.);
#2640=EDGE_CURVE('',#3376,#3377,#3827,.F.);
#2641=EDGE_CURVE('',#3377,#3378,#3828,.F.);
#2642=EDGE_CURVE('',#3378,#3379,#3829,.T.);
#2643=EDGE_CURVE('',#3379,#3372,#3830,.F.);
#2644=EDGE_CURVE('',#3366,#3380,#3831,.F.);
#2645=EDGE_CURVE('',#3380,#3381,#3832,.T.);
#2646=EDGE_CURVE('',#3381,#3382,#3833,.F.);
#2647=EDGE_CURVE('',#3382,#3383,#3834,.F.);
#2648=EDGE_CURVE('',#3383,#3384,#3835,.T.);
#2649=EDGE_CURVE('',#3384,#3385,#3836,.F.);
#2650=EDGE_CURVE('',#3385,#3373,#155,.T.);
#2651=EDGE_CURVE('',#3386,#3387,#3837,.T.);
#2652=EDGE_CURVE('',#3387,#3388,#3838,.T.);
#2653=EDGE_CURVE('',#3388,#3389,#156,.T.);
#2654=EDGE_CURVE('',#3389,#3390,#157,.T.);
#2655=EDGE_CURVE('',#3391,#3390,#158,.T.);
#2656=EDGE_CURVE('',#3392,#3391,#159,.T.);
#2657=EDGE_CURVE('',#3393,#3392,#160,.T.);
#2658=EDGE_CURVE('',#3393,#3394,#161,.T.);
#2659=EDGE_CURVE('',#3394,#3395,#162,.T.);
#2660=EDGE_CURVE('',#3395,#3396,#163,.T.);
#2661=EDGE_CURVE('',#3396,#3386,#3839,.T.);
#2662=EDGE_CURVE('',#3397,#3398,#3840,.T.);
#2663=EDGE_CURVE('',#3398,#3397,#164,.F.);
#2664=EDGE_CURVE('',#3357,#3394,#655,.T.);
#2665=EDGE_CURVE('',#3303,#3393,#656,.T.);
#2666=EDGE_CURVE('',#3358,#3302,#657,.F.);
#2667=EDGE_CURVE('',#3399,#3400,#165,.T.);
#2668=EDGE_CURVE('',#3400,#3401,#658,.T.);
#2669=EDGE_CURVE('',#3402,#3401,#166,.T.);
#2670=EDGE_CURVE('',#3402,#3305,#659,.F.);
#2671=EDGE_CURVE('',#3304,#3399,#660,.T.);
#2672=EDGE_CURVE('',#3403,#3404,#167,.T.);
#2673=EDGE_CURVE('',#3404,#3405,#3841,.T.);
#2674=EDGE_CURVE('',#3405,#3406,#3842,.T.);
#2675=EDGE_CURVE('',#3406,#3407,#3843,.T.);
#2676=EDGE_CURVE('',#3408,#3407,#168,.T.);
#2677=EDGE_CURVE('',#3400,#3408,#169,.T.);
#2678=EDGE_CURVE('',#3409,#3399,#170,.T.);
#2679=EDGE_CURVE('',#3409,#3410,#171,.T.);
#2680=EDGE_CURVE('',#3411,#3410,#172,.T.);
#2681=EDGE_CURVE('',#3403,#3411,#173,.T.);
#2682=EDGE_CURVE('',#3412,#3412,#3844,.T.);
#2683=EDGE_CURVE('',#3347,#3336,#174,.T.);
#2684=EDGE_CURVE('',#3339,#3349,#175,.F.);
#2685=EDGE_CURVE('',#3409,#3392,#3845,.T.);
#2686=EDGE_CURVE('',#3391,#3410,#3846,.T.);
#2687=EDGE_CURVE('',#3315,#3413,#661,.T.);
#2688=EDGE_CURVE('',#3318,#3396,#662,.T.);
#2689=EDGE_CURVE('',#3414,#3395,#663,.T.);
#2690=EDGE_CURVE('',#3414,#3413,#664,.T.);
#2691=EDGE_CURVE('',#3394,#3414,#665,.T.);
#2692=EDGE_CURVE('',#3415,#3316,#666,.T.);
#2693=EDGE_CURVE('',#3415,#3416,#667,.T.);
#2694=EDGE_CURVE('',#3416,#3408,#668,.T.);
#2695=EDGE_CURVE('',#3407,#3417,#669,.T.);
#2696=EDGE_CURVE('',#3316,#3417,#670,.T.);
#2697=EDGE_CURVE('',#3417,#3418,#671,.T.);
#2698=EDGE_CURVE('',#3314,#3418,#672,.T.);
#2699=EDGE_CURVE('',#3419,#3420,#673,.T.);
#2700=EDGE_CURVE('',#3419,#3400,#674,.T.);
#2701=EDGE_CURVE('',#3416,#3420,#675,.T.);
#2702=EDGE_CURVE('',#3390,#3411,#3847,.T.);
#2703=EDGE_CURVE('',#3389,#3403,#3848,.T.);
#2704=EDGE_CURVE('',#3380,#3292,#176,.T.);
#2705=EDGE_CURVE('',#3291,#3381,#177,.F.);
#2706=EDGE_CURVE('',#3383,#3288,#178,.T.);
#2707=EDGE_CURVE('',#3289,#3384,#179,.F.);
#2708=EDGE_CURVE('',#3401,#3421,#676,.T.);
#2709=EDGE_CURVE('',#3421,#3345,#180,.T.);
#2710=EDGE_CURVE('',#3385,#3402,#181,.F.);
#2711=EDGE_CURVE('',#3375,#3301,#182,.T.);
#2712=EDGE_CURVE('',#3300,#3376,#183,.F.);
#2713=EDGE_CURVE('',#3378,#3298,#184,.T.);
#2714=EDGE_CURVE('',#3297,#3379,#185,.F.);
#2715=EDGE_CURVE('',#3422,#3422,#3849,.T.);
#2716=EDGE_CURVE('',#3423,#3423,#3850,.T.);
#2717=EDGE_CURVE('',#3424,#3424,#3851,.T.);
#2718=EDGE_CURVE('',#3413,#3338,#186,.F.);
#2719=EDGE_CURVE('',#3337,#3415,#187,.T.);
#2720=EDGE_CURVE('',#3425,#3426,#188,.T.);
#2721=EDGE_CURVE('',#3427,#3425,#189,.T.);
#2722=EDGE_CURVE('',#3427,#3428,#3852,.T.);
#2723=EDGE_CURVE('',#3429,#3428,#3853,.T.);
#2724=EDGE_CURVE('',#3429,#3430,#3854,.T.);
#2725=EDGE_CURVE('',#3431,#3430,#190,.T.);
#2726=EDGE_CURVE('',#3432,#3431,#191,.T.);
#2727=EDGE_CURVE('',#3432,#3433,#192,.T.);
#2728=EDGE_CURVE('',#3433,#3434,#193,.T.);
#2729=EDGE_CURVE('',#3435,#3434,#194,.T.);
#2730=EDGE_CURVE('',#3435,#3426,#195,.T.);
#2731=EDGE_CURVE('',#3436,#3437,#196,.F.);
#2732=EDGE_CURVE('',#3437,#3436,#3855,.T.);
#2733=EDGE_CURVE('',#3432,#3368,#677,.T.);
#2734=EDGE_CURVE('',#3369,#3296,#678,.F.);
#2735=EDGE_CURVE('',#3295,#3433,#679,.T.);
#2736=EDGE_CURVE('',#3438,#3434,#3856,.T.);
#2737=EDGE_CURVE('',#3439,#3438,#197,.T.);
#2738=EDGE_CURVE('',#3435,#3439,#3857,.T.);
#2739=EDGE_CURVE('',#3364,#3440,#680,.T.);
#2740=EDGE_CURVE('',#3440,#3441,#198,.T.);
#2741=EDGE_CURVE('',#3294,#3441,#681,.T.);
#2742=EDGE_CURVE('',#3365,#3293,#682,.F.);
#2743=EDGE_CURVE('',#3442,#3443,#3858,.T.);
#2744=EDGE_CURVE('',#3442,#3444,#3859,.T.);
#2745=EDGE_CURVE('',#3445,#3444,#199,.T.);
#2746=EDGE_CURVE('',#3445,#3446,#200,.T.);
#2747=EDGE_CURVE('',#3446,#3439,#201,.T.);
#2748=EDGE_CURVE('',#3438,#3441,#202,.T.);
#2749=EDGE_CURVE('',#3440,#3447,#203,.T.);
#2750=EDGE_CURVE('',#3447,#3448,#204,.T.);
#2751=EDGE_CURVE('',#3448,#3443,#3860,.T.);
#2752=EDGE_CURVE('',#3449,#3449,#3861,.T.);
#2753=EDGE_CURVE('',#3362,#3450,#683,.T.);
#2754=EDGE_CURVE('',#3450,#3431,#684,.T.);
#2755=EDGE_CURVE('',#3430,#3320,#685,.T.);
#2756=EDGE_CURVE('',#3450,#3432,#686,.T.);
#2757=EDGE_CURVE('',#3311,#3448,#687,.T.);
#2758=EDGE_CURVE('',#3451,#3447,#688,.T.);
#2759=EDGE_CURVE('',#3451,#3361,#689,.T.);
#2760=EDGE_CURVE('',#3452,#3453,#690,.T.);
#2761=EDGE_CURVE('',#3452,#3451,#691,.T.);
#2762=EDGE_CURVE('',#3440,#3453,#692,.T.);
#2763=EDGE_CURVE('',#3426,#3446,#3862,.T.);
#2764=EDGE_CURVE('',#3425,#3445,#3863,.T.);
#2765=EDGE_CURVE('',#3454,#3362,#693,.T.);
#2766=EDGE_CURVE('',#3454,#3455,#694,.T.);
#2767=EDGE_CURVE('',#3455,#3432,#695,.T.);
#2768=EDGE_CURVE('',#3355,#3456,#205,.T.);
#2769=EDGE_CURVE('',#3456,#3454,#696,.F.);
#2770=EDGE_CURVE('',#3457,#3458,#697,.F.);
#2771=EDGE_CURVE('',#3458,#3341,#206,.F.);
#2772=EDGE_CURVE('',#3457,#3361,#698,.T.);
#2773=EDGE_CURVE('',#3452,#3453,#699,.T.);
#2774=EDGE_CURVE('',#3440,#3459,#700,.F.);
#2775=EDGE_CURVE('',#3459,#3457,#701,.T.);
#2776=EDGE_CURVE('',#3346,#3460,#207,.T.);
#2777=EDGE_CURVE('',#3460,#3461,#702,.F.);
#2778=EDGE_CURVE('',#3415,#3461,#703,.F.);
#2779=EDGE_CURVE('',#3419,#3420,#704,.T.);
#2780=EDGE_CURVE('',#3461,#3462,#705,.T.);
#2781=EDGE_CURVE('',#3462,#3400,#706,.T.);
#2782=EDGE_CURVE('',#3463,#3464,#707,.F.);
#2783=EDGE_CURVE('',#3464,#3350,#208,.F.);
#2784=EDGE_CURVE('',#3463,#3413,#708,.T.);
#2785=EDGE_CURVE('',#3394,#3465,#709,.F.);
#2786=EDGE_CURVE('',#3465,#3463,#710,.T.);
#2787=EDGE_CURVE('',#3382,#3290,#209,.T.);
#2788=EDGE_CURVE('',#3299,#3377,#210,.F.);
#2789=EDGE_CURVE('',#3405,#3406,#711,.T.);
#2790=EDGE_CURVE('',#3386,#3387,#712,.T.);
#2791=EDGE_CURVE('',#3466,#3397,#211,.T.);
#2792=EDGE_CURVE('',#3467,#3466,#212,.F.);
#2793=EDGE_CURVE('',#3467,#3398,#213,.T.);
#2794=EDGE_CURVE('',#3466,#3467,#3864,.T.);
#2795=EDGE_CURVE('',#3468,#3468,#3865,.T.);
#2796=EDGE_CURVE('',#3469,#3469,#3866,.T.);
#2797=EDGE_CURVE('',#3470,#3470,#3867,.T.);
#2798=EDGE_CURVE('',#3471,#3471,#3868,.T.);
#2799=EDGE_CURVE('',#3472,#3472,#3869,.T.);
#2800=EDGE_CURVE('',#3428,#3429,#713,.T.);
#2801=EDGE_CURVE('',#3443,#3442,#714,.T.);
#2802=EDGE_CURVE('',#3473,#3436,#214,.T.);
#2803=EDGE_CURVE('',#3473,#3474,#215,.F.);
#2804=EDGE_CURVE('',#3474,#3437,#216,.T.);
#2805=EDGE_CURVE('',#3474,#3473,#3870,.T.);
#2806=EDGE_CURVE('',#3475,#3475,#3871,.T.);
#2807=EDGE_CURVE('',#3476,#3476,#3872,.T.);
#2808=EDGE_CURVE('',#3477,#3477,#3873,.T.);
#2809=EDGE_CURVE('',#3478,#3478,#3874,.T.);
#2810=EDGE_CURVE('',#3479,#3479,#3875,.T.);
#2811=EDGE_CURVE('',#3321,#3427,#715,.T.);
#2812=EDGE_CURVE('',#3444,#3310,#716,.T.);
#2813=EDGE_CURVE('',#3418,#3404,#717,.T.);
#2814=EDGE_CURVE('',#3388,#3317,#718,.T.);
#2815=EDGE_CURVE('',#3363,#3458,#719,.F.);
#2816=EDGE_CURVE('',#3459,#3364,#3876,.T.);
#2817=EDGE_CURVE('',#3460,#3421,#720,.T.);
#2818=EDGE_CURVE('',#3462,#3401,#3877,.T.);
#2819=EDGE_CURVE('',#3356,#3464,#721,.F.);
#2820=EDGE_CURVE('',#3465,#3357,#3878,.T.);
#2821=EDGE_CURVE('',#3456,#3370,#722,.T.);
#2822=EDGE_CURVE('',#3455,#3368,#3879,.T.);
#2823=EDGE_CURVE('',#3480,#3480,#3880,.T.);
#2824=EDGE_CURVE('',#3481,#3481,#3881,.T.);
#2825=EDGE_CURVE('',#3482,#3482,#3882,.T.);
#2826=EDGE_CURVE('',#3483,#3483,#3883,.T.);
#2827=EDGE_CURVE('',#3484,#3484,#3884,.T.);
#2828=EDGE_CURVE('',#3485,#3485,#3885,.T.);
#2829=EDGE_CURVE('',#3486,#3486,#3886,.T.);
#2830=EDGE_CURVE('',#3487,#3487,#3887,.T.);
#2831=EDGE_CURVE('',#3488,#3488,#3888,.T.);
#2832=EDGE_CURVE('',#3489,#3489,#3889,.T.);
#2833=EDGE_CURVE('',#3490,#3490,#3890,.T.);
#2834=EDGE_CURVE('',#3491,#3491,#3891,.T.);
#2835=EDGE_CURVE('',#3492,#3492,#3892,.T.);
#2836=EDGE_CURVE('',#3493,#3493,#3893,.T.);
#2837=EDGE_CURVE('',#3494,#3494,#3894,.T.);
#2838=EDGE_CURVE('',#3495,#3495,#3895,.T.);
#2839=EDGE_CURVE('',#3496,#3496,#3896,.T.);
#2840=EDGE_CURVE('',#3497,#3498,#723,.T.);
#2841=EDGE_CURVE('',#3499,#3497,#724,.T.);
#2842=EDGE_CURVE('',#3500,#3499,#725,.T.);
#2843=EDGE_CURVE('',#3501,#3500,#726,.T.);
#2844=EDGE_CURVE('',#3502,#3501,#727,.F.);
#2845=EDGE_CURVE('',#3498,#3502,#728,.T.);
#2846=EDGE_CURVE('',#3503,#3504,#729,.T.);
#2847=EDGE_CURVE('',#3504,#3503,#217,.T.);
#2848=EDGE_CURVE('',#3505,#3506,#730,.T.);
#2849=EDGE_CURVE('',#3507,#3505,#731,.T.);
#2850=EDGE_CURVE('',#3508,#3507,#732,.T.);
#2851=EDGE_CURVE('',#3509,#3508,#733,.T.);
#2852=EDGE_CURVE('',#3510,#3509,#734,.F.);
#2853=EDGE_CURVE('',#3506,#3510,#735,.T.);
#2854=EDGE_CURVE('',#3511,#3512,#736,.T.);
#2855=EDGE_CURVE('',#3512,#3511,#218,.F.);
#2856=EDGE_CURVE('',#3513,#3513,#737,.T.);
#2857=EDGE_CURVE('',#3514,#3515,#738,.T.);
#2858=EDGE_CURVE('',#3516,#3515,#3897,.F.);
#2859=EDGE_CURVE('',#3517,#3516,#739,.T.);
#2860=EDGE_CURVE('',#3517,#3514,#3898,.T.);
#2861=EDGE_CURVE('',#3518,#3518,#740,.T.);
#2862=EDGE_CURVE('',#3519,#3520,#741,.T.);
#2863=EDGE_CURVE('',#3519,#3521,#742,.T.);
#2864=EDGE_CURVE('',#3522,#3521,#743,.T.);
#2865=EDGE_CURVE('',#3522,#3520,#744,.T.);
#2866=EDGE_CURVE('',#3523,#3523,#745,.T.);
#2867=EDGE_CURVE('',#3502,#3524,#746,.T.);
#2868=EDGE_CURVE('',#3501,#3525,#747,.T.);
#2869=EDGE_CURVE('',#3526,#3525,#219,.F.);
#2870=EDGE_CURVE('',#3527,#3526,#220,.F.);
#2871=EDGE_CURVE('',#3527,#3524,#221,.T.);
#2872=EDGE_CURVE('',#3528,#3528,#748,.T.);
#2873=EDGE_CURVE('',#3529,#3530,#222,.F.);
#2874=EDGE_CURVE('',#3529,#3531,#3899,.T.);
#2875=EDGE_CURVE('',#3532,#3531,#223,.T.);
#2876=EDGE_CURVE('',#3530,#3532,#3900,.T.);
#2877=EDGE_CURVE('',#3533,#3533,#749,.T.);
#2878=EDGE_CURVE('',#3534,#3517,#224,.T.);
#2879=EDGE_CURVE('',#3534,#3535,#3901,.T.);
#2880=EDGE_CURVE('',#3535,#3514,#225,.T.);
#2881=EDGE_CURVE('',#3536,#3536,#750,.T.);
#2882=EDGE_CURVE('',#3537,#3538,#751,.T.);
#2883=EDGE_CURVE('',#3539,#3538,#752,.T.);
#2884=EDGE_CURVE('',#3539,#3540,#753,.T.);
#2885=EDGE_CURVE('',#3537,#3540,#754,.T.);
#2886=EDGE_CURVE('',#3510,#3541,#755,.T.);
#2887=EDGE_CURVE('',#3509,#3542,#756,.T.);
#2888=EDGE_CURVE('',#3543,#3542,#226,.T.);
#2889=EDGE_CURVE('',#3544,#3543,#227,.T.);
#2890=EDGE_CURVE('',#3541,#3544,#228,.T.);
#2891=EDGE_CURVE('',#3545,#3545,#757,.T.);
#2892=EDGE_CURVE('',#3546,#3546,#758,.T.);
#2893=EDGE_CURVE('',#3547,#3548,#759,.T.);
#2894=EDGE_CURVE('',#3549,#3548,#3902,.T.);
#2895=EDGE_CURVE('',#3550,#3549,#760,.T.);
#2896=EDGE_CURVE('',#3547,#3550,#3903,.T.);
#2897=EDGE_CURVE('',#3551,#3551,#761,.T.);
#2898=EDGE_CURVE('',#3552,#3552,#762,.T.);
#2899=EDGE_CURVE('',#3553,#3554,#229,.T.);
#2900=EDGE_CURVE('',#3553,#3555,#3904,.F.);
#2901=EDGE_CURVE('',#3556,#3555,#230,.F.);
#2902=EDGE_CURVE('',#3556,#3554,#3905,.T.);
#2903=EDGE_CURVE('',#3557,#3557,#763,.T.);
#2904=EDGE_CURVE('',#3558,#3558,#764,.T.);
#2905=EDGE_CURVE('',#3559,#3550,#231,.T.);
#2906=EDGE_CURVE('',#3559,#3560,#3906,.F.);
#2907=EDGE_CURVE('',#3560,#3547,#232,.T.);
#2908=EDGE_CURVE('',#3561,#3562,#765,.T.);
#2909=EDGE_CURVE('',#3561,#3563,#766,.T.);
#2910=EDGE_CURVE('',#3564,#3563,#767,.T.);
#2911=EDGE_CURVE('',#3564,#3565,#768,.T.);
#2912=EDGE_CURVE('',#3565,#3566,#769,.T.);
#2913=EDGE_CURVE('',#3566,#3562,#770,.T.);
#2914=EDGE_CURVE('',#3563,#3541,#233,.T.);
#2915=EDGE_CURVE('',#3567,#3541,#234,.T.);
#2916=EDGE_CURVE('',#3567,#3568,#771,.T.);
#2917=EDGE_CURVE('',#3569,#3568,#772,.T.);
#2918=EDGE_CURVE('',#3569,#3564,#773,.T.);
#2919=EDGE_CURVE('',#3544,#3570,#774,.T.);
#2920=EDGE_CURVE('',#3571,#3543,#775,.T.);
#2921=EDGE_CURVE('',#3572,#3571,#776,.T.);
#2922=EDGE_CURVE('',#3573,#3572,#777,.T.);
#2923=EDGE_CURVE('',#3573,#3574,#235,.T.);
#2924=EDGE_CURVE('',#3574,#3575,#3907,.T.);
#2925=EDGE_CURVE('',#3576,#3575,#236,.T.);
#2926=EDGE_CURVE('',#3577,#3576,#778,.T.);
#2927=EDGE_CURVE('',#3570,#3577,#779,.T.);
#2928=EDGE_CURVE('',#3578,#3579,#780,.F.);
#2929=EDGE_CURVE('',#3578,#3580,#781,.T.);
#2930=EDGE_CURVE('',#3581,#3580,#782,.T.);
#2931=EDGE_CURVE('',#3581,#3582,#783,.T.);
#2932=EDGE_CURVE('',#3582,#3583,#784,.T.);
#2933=EDGE_CURVE('',#3579,#3583,#785,.T.);
#2934=EDGE_CURVE('',#3584,#3527,#786,.T.);
#2935=EDGE_CURVE('',#3526,#3585,#787,.T.);
#2936=EDGE_CURVE('',#3585,#3586,#788,.T.);
#2937=EDGE_CURVE('',#3586,#3587,#789,.T.);
#2938=EDGE_CURVE('',#3587,#3588,#237,.T.);
#2939=EDGE_CURVE('',#3589,#3588,#3908,.T.);
#2940=EDGE_CURVE('',#3590,#3589,#238,.T.);
#2941=EDGE_CURVE('',#3590,#3591,#790,.T.);
#2942=EDGE_CURVE('',#3591,#3584,#791,.T.);
#2943=EDGE_CURVE('',#3592,#3525,#239,.T.);
#2944=EDGE_CURVE('',#3525,#3578,#240,.F.);
#2945=EDGE_CURVE('',#3593,#3579,#62,.T.);
#2946=EDGE_CURVE('',#3593,#3594,#792,.T.);
#2947=EDGE_CURVE('',#3592,#3594,#793,.T.);
#2948=EDGE_CURVE('',#3592,#3595,#794,.T.);
#2949=EDGE_CURVE('',#3594,#3596,#795,.T.);
#2950=EDGE_CURVE('',#3596,#3597,#796,.T.);
#2951=EDGE_CURVE('',#3597,#3598,#797,.T.);
#2952=EDGE_CURVE('',#3598,#3599,#798,.T.);
#2953=EDGE_CURVE('',#3600,#3599,#3909,.T.);
#2954=EDGE_CURVE('',#3601,#3600,#3910,.F.);
#2955=EDGE_CURVE('',#3602,#3601,#799,.T.);
#2956=EDGE_CURVE('',#3595,#3602,#800,.T.);
#2957=EDGE_CURVE('',#3583,#3593,#801,.T.);
#2958=EDGE_CURVE('',#3603,#3582,#802,.T.);
#2959=EDGE_CURVE('',#3603,#3597,#3911,.T.);
#2960=EDGE_CURVE('',#3569,#3565,#803,.T.);
#2961=EDGE_CURVE('',#3604,#3605,#804,.T.);
#2962=EDGE_CURVE('',#3605,#3606,#805,.T.);
#2963=EDGE_CURVE('',#3606,#3607,#806,.T.);
#2964=EDGE_CURVE('',#3607,#3608,#241,.T.);
#2965=EDGE_CURVE('',#3604,#3608,#807,.F.);
#2966=EDGE_CURVE('',#3609,#3610,#242,.F.);
#2967=EDGE_CURVE('',#3610,#3611,#808,.T.);
#2968=EDGE_CURVE('',#3609,#3611,#243,.T.);
#2969=EDGE_CURVE('',#3612,#3613,#244,.T.);
#2970=EDGE_CURVE('',#3613,#3614,#245,.F.);
#2971=EDGE_CURVE('',#3615,#3614,#246,.T.);
#2972=EDGE_CURVE('',#3612,#3615,#247,.F.);
#2973=EDGE_CURVE('',#3616,#3606,#248,.F.);
#2974=EDGE_CURVE('',#3616,#3607,#249,.T.);
#2975=EDGE_CURVE('',#3591,#3617,#809,.T.);
#2976=EDGE_CURVE('',#3617,#3618,#63,.T.);
#2977=EDGE_CURVE('',#3618,#3527,#810,.T.);
#2978=EDGE_CURVE('',#3619,#3620,#3912,.T.);
#2979=EDGE_CURVE('',#3620,#3621,#811,.T.);
#2980=EDGE_CURVE('',#3621,#3619,#64,.T.);
#2981=EDGE_CURVE('',#3622,#3623,#65,.T.);
#2982=EDGE_CURVE('',#3623,#3624,#812,.T.);
#2983=EDGE_CURVE('',#3624,#3622,#3913,.T.);
#2984=EDGE_CURVE('',#3625,#3626,#66,.T.);
#2985=EDGE_CURVE('',#3626,#3586,#813,.T.);
#2986=EDGE_CURVE('',#3526,#3625,#814,.T.);
#2987=EDGE_CURVE('',#3627,#3627,#3914,.T.);
#2988=EDGE_CURVE('',#3628,#3628,#3915,.F.);
#2989=EDGE_CURVE('',#3629,#3629,#3916,.T.);
#2990=EDGE_CURVE('',#3630,#3630,#3917,.F.);
#2991=EDGE_CURVE('',#3631,#3632,#250,.T.);
#2992=EDGE_CURVE('',#3633,#3632,#815,.T.);
#2993=EDGE_CURVE('',#3634,#3633,#251,.T.);
#2994=EDGE_CURVE('',#3634,#3635,#252,.T.);
#2995=EDGE_CURVE('',#3636,#3635,#253,.T.);
#2996=EDGE_CURVE('',#3637,#3636,#254,.F.);
#2997=EDGE_CURVE('',#3542,#3637,#3918,.T.);
#2998=EDGE_CURVE('',#3549,#3542,#255,.T.);
#2999=EDGE_CURVE('',#3515,#3549,#256,.T.);
#3000=EDGE_CURVE('',#3515,#3524,#257,.T.);
#3001=EDGE_CURVE('',#3524,#3638,#3919,.T.);
#3002=EDGE_CURVE('',#3638,#3639,#258,.F.);
#3003=EDGE_CURVE('',#3639,#3640,#259,.T.);
#3004=EDGE_CURVE('',#3641,#3640,#260,.T.);
#3005=EDGE_CURVE('',#3641,#3642,#261,.T.);
#3006=EDGE_CURVE('',#3642,#3631,#816,.T.);
#3007=EDGE_CURVE('',#3643,#3644,#262,.F.);
#3008=EDGE_CURVE('',#3644,#3580,#817,.T.);
#3009=EDGE_CURVE('',#3580,#3516,#263,.T.);
#3010=EDGE_CURVE('',#3561,#3548,#264,.T.);
#3011=EDGE_CURVE('',#3561,#3643,#818,.T.);
#3012=EDGE_CURVE('',#3609,#3619,#265,.T.);
#3013=EDGE_CURVE('',#3611,#3645,#266,.T.);
#3014=EDGE_CURVE('',#3645,#3620,#819,.T.);
#3015=EDGE_CURVE('',#3622,#3639,#267,.T.);
#3016=EDGE_CURVE('',#3624,#3646,#820,.T.);
#3017=EDGE_CURVE('',#3640,#3646,#268,.T.);
#3018=EDGE_CURVE('',#3647,#3648,#269,.F.);
#3019=EDGE_CURVE('',#3647,#3648,#821,.T.);
#3020=EDGE_CURVE('',#3649,#3650,#270,.T.);
#3021=EDGE_CURVE('',#3650,#3642,#3920,.T.);
#3022=EDGE_CURVE('',#3641,#3651,#271,.T.);
#3023=EDGE_CURVE('',#3651,#3652,#3921,.T.);
#3024=EDGE_CURVE('',#3649,#3652,#272,.T.);
#3025=EDGE_CURVE('',#3653,#3654,#3922,.T.);
#3026=EDGE_CURVE('',#3589,#3653,#273,.T.);
#3027=EDGE_CURVE('',#3588,#3654,#274,.T.);
#3028=EDGE_CURVE('',#3655,#3656,#3923,.T.);
#3029=EDGE_CURVE('',#3655,#3653,#275,.T.);
#3030=EDGE_CURVE('',#3656,#3654,#276,.T.);
#3031=EDGE_CURVE('',#3651,#3655,#277,.T.);
#3032=EDGE_CURVE('',#3652,#3656,#278,.T.);
#3033=EDGE_CURVE('',#3657,#3658,#3924,.T.);
#3034=EDGE_CURVE('',#3657,#3590,#3925,.T.);
#3035=EDGE_CURVE('',#3646,#3658,#3926,.T.);
#3036=EDGE_CURVE('',#3648,#3647,#3927,.T.);
#3037=EDGE_CURVE('',#3659,#3660,#3928,.T.);
#3038=EDGE_CURVE('',#3659,#3649,#279,.F.);
#3039=EDGE_CURVE('',#3587,#3661,#3929,.F.);
#3040=EDGE_CURVE('',#3662,#3661,#3930,.T.);
#3041=EDGE_CURVE('',#3662,#3645,#3931,.F.);
#3042=EDGE_CURVE('',#3611,#3601,#280,.T.);
#3043=EDGE_CURVE('',#3599,#3663,#281,.F.);
#3044=EDGE_CURVE('',#3663,#3660,#282,.F.);
#3045=EDGE_CURVE('',#3632,#3614,#3932,.F.);
#3046=EDGE_CURVE('',#3631,#3615,#3933,.F.);
#3047=EDGE_CURVE('',#3615,#3650,#822,.T.);
#3048=EDGE_CURVE('',#3638,#3664,#283,.T.);
#3049=EDGE_CURVE('',#3665,#3664,#67,.T.);
#3050=EDGE_CURVE('',#3665,#3618,#284,.T.);
#3051=EDGE_CURVE('',#3617,#3623,#823,.T.);
#3052=EDGE_CURVE('',#3625,#3666,#285,.T.);
#3053=EDGE_CURVE('',#3667,#3666,#68,.T.);
#3054=EDGE_CURVE('',#3667,#3595,#286,.T.);
#3055=EDGE_CURVE('',#3602,#3668,#824,.T.);
#3056=EDGE_CURVE('',#3668,#3610,#825,.T.);
#3057=EDGE_CURVE('',#3621,#3626,#826,.T.);
#3058=EDGE_CURVE('',#3669,#3669,#3934,.T.);
#3059=EDGE_CURVE('',#3666,#3667,#827,.T.);
#3060=EDGE_CURVE('',#3670,#3670,#3935,.T.);
#3061=EDGE_CURVE('',#3664,#3665,#828,.T.);
#3062=EDGE_CURVE('',#3661,#3662,#829,.T.);
#3063=EDGE_CURVE('',#3658,#3657,#830,.T.);
#3064=EDGE_CURVE('',#3671,#3543,#831,.T.);
#3065=EDGE_CURVE('',#3672,#3671,#69,.T.);
#3066=EDGE_CURVE('',#3572,#3672,#832,.T.);
#3067=EDGE_CURVE('',#3673,#3674,#3936,.T.);
#3068=EDGE_CURVE('',#3675,#3673,#70,.T.);
#3069=EDGE_CURVE('',#3674,#3675,#833,.T.);
#3070=EDGE_CURVE('',#3676,#3677,#71,.T.);
#3071=EDGE_CURVE('',#3678,#3676,#3937,.T.);
#3072=EDGE_CURVE('',#3677,#3678,#834,.T.);
#3073=EDGE_CURVE('',#3679,#3680,#72,.T.);
#3074=EDGE_CURVE('',#3544,#3679,#835,.T.);
#3075=EDGE_CURVE('',#3680,#3577,#836,.T.);
#3076=EDGE_CURVE('',#3681,#3681,#3938,.T.);
#3077=EDGE_CURVE('',#3682,#3682,#3939,.F.);
#3078=EDGE_CURVE('',#3683,#3683,#3940,.T.);
#3079=EDGE_CURVE('',#3684,#3684,#3941,.F.);
#3080=EDGE_CURVE('',#3616,#3673,#287,.T.);
#3081=EDGE_CURVE('',#3685,#3674,#837,.T.);
#3082=EDGE_CURVE('',#3607,#3685,#288,.T.);
#3083=EDGE_CURVE('',#3676,#3636,#289,.T.);
#3084=EDGE_CURVE('',#3635,#3686,#290,.T.);
#3085=EDGE_CURVE('',#3678,#3686,#838,.T.);
#3086=EDGE_CURVE('',#3687,#3688,#291,.F.);
#3087=EDGE_CURVE('',#3687,#3688,#839,.T.);
#3088=EDGE_CURVE('',#3689,#3690,#292,.T.);
#3089=EDGE_CURVE('',#3689,#3691,#293,.T.);
#3090=EDGE_CURVE('',#3692,#3691,#3942,.T.);
#3091=EDGE_CURVE('',#3634,#3692,#294,.T.);
#3092=EDGE_CURVE('',#3690,#3633,#3943,.T.);
#3093=EDGE_CURVE('',#3693,#3694,#3944,.T.);
#3094=EDGE_CURVE('',#3575,#3694,#295,.T.);
#3095=EDGE_CURVE('',#3574,#3693,#296,.T.);
#3096=EDGE_CURVE('',#3695,#3696,#3945,.T.);
#3097=EDGE_CURVE('',#3696,#3694,#297,.T.);
#3098=EDGE_CURVE('',#3695,#3693,#298,.T.);
#3099=EDGE_CURVE('',#3692,#3695,#299,.T.);
#3100=EDGE_CURVE('',#3691,#3696,#300,.T.);
#3101=EDGE_CURVE('',#3697,#3698,#3946,.T.);
#3102=EDGE_CURVE('',#3686,#3698,#3947,.T.);
#3103=EDGE_CURVE('',#3697,#3573,#3948,.T.);
#3104=EDGE_CURVE('',#3688,#3687,#3949,.T.);
#3105=EDGE_CURVE('',#3699,#3700,#3950,.T.);
#3106=EDGE_CURVE('',#3701,#3699,#301,.F.);
#3107=EDGE_CURVE('',#3702,#3701,#302,.F.);
#3108=EDGE_CURVE('',#3703,#3702,#840,.T.);
#3109=EDGE_CURVE('',#3608,#3703,#841,.T.);
#3110=EDGE_CURVE('',#3704,#3685,#3951,.F.);
#3111=EDGE_CURVE('',#3704,#3705,#3952,.T.);
#3112=EDGE_CURVE('',#3576,#3705,#3953,.F.);
#3113=EDGE_CURVE('',#3700,#3689,#303,.F.);
#3114=EDGE_CURVE('',#3614,#3690,#842,.T.);
#3115=EDGE_CURVE('',#3672,#3677,#843,.T.);
#3116=EDGE_CURVE('',#3706,#3671,#304,.T.);
#3117=EDGE_CURVE('',#3706,#3707,#73,.T.);
#3118=EDGE_CURVE('',#3637,#3707,#305,.T.);
#3119=EDGE_CURVE('',#3675,#3680,#844,.T.);
#3120=EDGE_CURVE('',#3708,#3604,#845,.T.);
#3121=EDGE_CURVE('',#3709,#3708,#306,.T.);
#3122=EDGE_CURVE('',#3709,#3710,#74,.T.);
#3123=EDGE_CURVE('',#3679,#3710,#307,.T.);
#3124=EDGE_CURVE('',#3711,#3711,#3954,.T.);
#3125=EDGE_CURVE('',#3710,#3709,#846,.T.);
#3126=EDGE_CURVE('',#3712,#3712,#3955,.T.);
#3127=EDGE_CURVE('',#3707,#3706,#847,.T.);
#3128=EDGE_CURVE('',#3705,#3704,#848,.T.);
#3129=EDGE_CURVE('',#3698,#3697,#849,.T.);
#3130=EDGE_CURVE('',#3567,#3708,#850,.T.);
#3131=EDGE_CURVE('',#3713,#3714,#308,.T.);
#3132=EDGE_CURVE('',#3713,#3715,#309,.T.);
#3133=EDGE_CURVE('',#3715,#3716,#310,.T.);
#3134=EDGE_CURVE('',#3716,#3717,#851,.T.);
#3135=EDGE_CURVE('',#3717,#3613,#311,.F.);
#3136=EDGE_CURVE('',#3718,#3612,#312,.T.);
#3137=EDGE_CURVE('',#3718,#3714,#852,.T.);
#3138=EDGE_CURVE('',#3714,#3603,#853,.T.);
#3139=EDGE_CURVE('',#3603,#3581,#313,.F.);
#3140=EDGE_CURVE('',#3644,#3719,#854,.T.);
#3141=EDGE_CURVE('',#3713,#3719,#3956,.T.);
#3142=EDGE_CURVE('',#3562,#3720,#314,.T.);
#3143=EDGE_CURVE('',#3720,#3716,#855,.T.);
#3144=EDGE_CURVE('',#3721,#3715,#3957,.T.);
#3145=EDGE_CURVE('',#3721,#3643,#856,.T.);
#3146=EDGE_CURVE('',#3719,#3721,#315,.F.);
#3147=EDGE_CURVE('',#3566,#3720,#857,.T.);
#3148=EDGE_CURVE('',#3660,#3659,#858,.T.);
#3149=EDGE_CURVE('',#3612,#3663,#859,.T.);
#3150=EDGE_CURVE('',#3598,#3718,#860,.T.);
#3151=EDGE_CURVE('',#3700,#3699,#861,.T.);
#3152=EDGE_CURVE('',#3613,#3701,#862,.F.);
#3153=EDGE_CURVE('',#3717,#3722,#863,.T.);
#3154=EDGE_CURVE('',#3722,#3702,#864,.F.);
#3155=EDGE_CURVE('',#3722,#3723,#865,.T.);
#3156=EDGE_CURVE('',#3723,#3724,#866,.T.);
#3157=EDGE_CURVE('',#3724,#3568,#867,.T.);
#3158=EDGE_CURVE('',#3723,#3720,#3958,.T.);
#3159=EDGE_CURVE('',#3725,#3725,#3959,.T.);
#3160=EDGE_CURVE('',#3726,#3726,#3960,.T.);
#3161=EDGE_CURVE('',#3727,#3727,#3961,.T.);
#3162=EDGE_CURVE('',#3728,#3729,#316,.T.);
#3163=EDGE_CURVE('',#3728,#3730,#317,.F.);
#3164=EDGE_CURVE('',#3730,#3731,#318,.T.);
#3165=EDGE_CURVE('',#3731,#3732,#319,.F.);
#3166=EDGE_CURVE('',#3732,#3733,#320,.T.);
#3167=EDGE_CURVE('',#3733,#3734,#3962,.T.);
#3168=EDGE_CURVE('',#3529,#3734,#321,.T.);
#3169=EDGE_CURVE('',#3735,#3530,#322,.T.);
#3170=EDGE_CURVE('',#3735,#3497,#323,.F.);
#3171=EDGE_CURVE('',#3736,#3498,#868,.T.);
#3172=EDGE_CURVE('',#3736,#3729,#324,.T.);
#3173=EDGE_CURVE('',#3737,#3737,#3963,.T.);
#3174=EDGE_CURVE('',#3738,#3739,#325,.T.);
#3175=EDGE_CURVE('',#3739,#3740,#326,.T.);
#3176=EDGE_CURVE('',#3741,#3740,#327,.T.);
#3177=EDGE_CURVE('',#3742,#3741,#328,.T.);
#3178=EDGE_CURVE('',#3742,#3500,#869,.T.);
#3179=EDGE_CURVE('',#3499,#3743,#329,.T.);
#3180=EDGE_CURVE('',#3532,#3743,#330,.T.);
#3181=EDGE_CURVE('',#3531,#3744,#331,.T.);
#3182=EDGE_CURVE('',#3745,#3744,#3964,.F.);
#3183=EDGE_CURVE('',#3746,#3745,#332,.T.);
#3184=EDGE_CURVE('',#3746,#3738,#333,.T.);
#3185=EDGE_CURVE('',#3535,#3747,#870,.T.);
#3186=EDGE_CURVE('',#3747,#3729,#334,.T.);
#3187=EDGE_CURVE('',#3514,#3736,#335,.T.);
#3188=EDGE_CURVE('',#3747,#3748,#3965,.F.);
#3189=EDGE_CURVE('',#3748,#3741,#336,.T.);
#3190=EDGE_CURVE('',#3728,#3740,#3966,.T.);
#3191=EDGE_CURVE('',#3749,#3749,#3967,.T.);
#3192=EDGE_CURVE('',#3748,#3534,#871,.T.);
#3193=EDGE_CURVE('',#3517,#3742,#337,.T.);
#3194=EDGE_CURVE('',#3750,#3750,#3968,.F.);
#3195=EDGE_CURVE('',#3730,#3739,#3969,.T.);
#3196=EDGE_CURVE('',#3731,#3738,#3970,.T.);
#3197=EDGE_CURVE('',#3732,#3746,#3971,.T.);
#3198=EDGE_CURVE('',#3735,#3743,#3972,.T.);
#3199=EDGE_CURVE('',#3578,#3516,#338,.F.);
#3200=EDGE_CURVE('',#3751,#3752,#339,.T.);
#3201=EDGE_CURVE('',#3751,#3753,#3973,.T.);
#3202=EDGE_CURVE('',#3753,#3754,#340,.T.);
#3203=EDGE_CURVE('',#3755,#3754,#341,.T.);
#3204=EDGE_CURVE('',#3756,#3755,#3974,.T.);
#3205=EDGE_CURVE('',#3752,#3756,#342,.T.);
#3206=EDGE_CURVE('',#3757,#3757,#3975,.T.);
#3207=EDGE_CURVE('',#3758,#3759,#343,.T.);
#3208=EDGE_CURVE('',#3758,#3505,#344,.F.);
#3209=EDGE_CURVE('',#3760,#3506,#872,.T.);
#3210=EDGE_CURVE('',#3760,#3752,#345,.T.);
#3211=EDGE_CURVE('',#3756,#3761,#346,.F.);
#3212=EDGE_CURVE('',#3761,#3556,#347,.T.);
#3213=EDGE_CURVE('',#3555,#3762,#348,.T.);
#3214=EDGE_CURVE('',#3762,#3763,#3976,.T.);
#3215=EDGE_CURVE('',#3764,#3763,#349,.T.);
#3216=EDGE_CURVE('',#3764,#3759,#350,.F.);
#3217=EDGE_CURVE('',#3765,#3765,#3977,.T.);
#3218=EDGE_CURVE('',#3766,#3754,#351,.T.);
#3219=EDGE_CURVE('',#3766,#3508,#873,.T.);
#3220=EDGE_CURVE('',#3507,#3767,#352,.T.);
#3221=EDGE_CURVE('',#3768,#3767,#353,.T.);
#3222=EDGE_CURVE('',#3768,#3769,#354,.T.);
#3223=EDGE_CURVE('',#3769,#3770,#355,.T.);
#3224=EDGE_CURVE('',#3771,#3770,#3978,.F.);
#3225=EDGE_CURVE('',#3553,#3771,#356,.T.);
#3226=EDGE_CURVE('',#3554,#3772,#357,.T.);
#3227=EDGE_CURVE('',#3772,#3755,#358,.T.);
#3228=EDGE_CURVE('',#3753,#3559,#874,.T.);
#3229=EDGE_CURVE('',#3550,#3766,#359,.T.);
#3230=EDGE_CURVE('',#3773,#3773,#3979,.T.);
#3231=EDGE_CURVE('',#3560,#3751,#875,.T.);
#3232=EDGE_CURVE('',#3547,#3760,#360,.T.);
#3233=EDGE_CURVE('',#3774,#3774,#3980,.T.);
#3234=EDGE_CURVE('',#3758,#3767,#3981,.T.);
#3235=EDGE_CURVE('',#3759,#3768,#3982,.T.);
#3236=EDGE_CURVE('',#3769,#3764,#3983,.F.);
#3237=EDGE_CURVE('',#3761,#3772,#3984,.T.);
#3238=EDGE_CURVE('',#3548,#3563,#361,.T.);
#3239=EDGE_CURVE('',#3775,#3775,#3985,.T.);
#3240=EDGE_CURVE('',#3776,#3776,#3986,.T.);
#3241=EDGE_CURVE('',#3770,#3763,#3987,.T.);
#3242=EDGE_CURVE('',#3771,#3762,#3988,.T.);
#3243=EDGE_CURVE('',#3777,#3777,#3989,.T.);
#3244=EDGE_CURVE('',#3778,#3778,#3990,.T.);
#3245=EDGE_CURVE('',#3734,#3744,#3991,.F.);
#3246=EDGE_CURVE('',#3733,#3745,#3992,.F.);
#3247=EDGE_CURVE('',#3511,#3512,#3993,.T.);
#3248=EDGE_CURVE('',#3779,#3780,#3994,.T.);
#3249=EDGE_CURVE('',#3780,#3779,#876,.T.);
#3250=EDGE_CURVE('',#3540,#3539,#877,.T.);
#3251=EDGE_CURVE('',#3538,#3780,#878,.T.);
#3252=EDGE_CURVE('',#3779,#3537,#879,.T.);
#3253=EDGE_CURVE('',#3504,#3503,#3995,.T.);
#3254=EDGE_CURVE('',#3781,#3782,#3996,.T.);
#3255=EDGE_CURVE('',#3781,#3782,#880,.T.);
#3256=EDGE_CURVE('',#3521,#3519,#881,.T.);
#3257=EDGE_CURVE('',#3520,#3781,#882,.T.);
#3258=EDGE_CURVE('',#3782,#3522,#883,.T.);
#3259=VERTEX_POINT('',#7110);
#3260=VERTEX_POINT('',#7112);
#3261=VERTEX_POINT('',#7115);
#3262=VERTEX_POINT('',#7117);
#3263=VERTEX_POINT('',#7120);
#3264=VERTEX_POINT('',#7122);
#3265=VERTEX_POINT('',#7128);
#3266=VERTEX_POINT('',#7131);
#3267=VERTEX_POINT('',#7134);
#3268=VERTEX_POINT('',#7137);
#3269=VERTEX_POINT('',#7140);
#3270=VERTEX_POINT('',#7143);
#3271=VERTEX_POINT('',#7146);
#3272=VERTEX_POINT('',#7148);
#3273=VERTEX_POINT('',#7151);
#3274=VERTEX_POINT('',#7153);
#3275=VERTEX_POINT('',#7156);
#3276=VERTEX_POINT('',#7158);
#3277=VERTEX_POINT('',#7161);
#3278=VERTEX_POINT('',#7163);
#3279=VERTEX_POINT('',#7166);
#3280=VERTEX_POINT('',#7168);
#3281=VERTEX_POINT('',#7171);
#3282=VERTEX_POINT('',#7173);
#3283=VERTEX_POINT('',#7188);
#3284=VERTEX_POINT('',#7211);
#3285=VERTEX_POINT('',#7225);
#3286=VERTEX_POINT('',#7237);
#3287=VERTEX_POINT('',#7238);
#3288=VERTEX_POINT('',#7257);
#3289=VERTEX_POINT('',#7258);
#3290=VERTEX_POINT('',#7263);
#3291=VERTEX_POINT('',#7268);
#3292=VERTEX_POINT('',#7276);
#3293=VERTEX_POINT('',#7284);
#3294=VERTEX_POINT('',#7290);
#3295=VERTEX_POINT('',#7292);
#3296=VERTEX_POINT('',#7298);
#3297=VERTEX_POINT('',#7306);
#3298=VERTEX_POINT('',#7314);
#3299=VERTEX_POINT('',#7319);
#3300=VERTEX_POINT('',#7324);
#3301=VERTEX_POINT('',#7332);
#3302=VERTEX_POINT('',#7340);
#3303=VERTEX_POINT('',#7346);
#3304=VERTEX_POINT('',#7348);
#3305=VERTEX_POINT('',#7354);
#3306=VERTEX_POINT('',#7375);
#3307=VERTEX_POINT('',#7389);
#3308=VERTEX_POINT('',#7412);
#3309=VERTEX_POINT('',#7473);
#3310=VERTEX_POINT('',#7474);
#3311=VERTEX_POINT('',#7485);
#3312=VERTEX_POINT('',#7490);
#3313=VERTEX_POINT('',#7497);
#3314=VERTEX_POINT('',#7498);
#3315=VERTEX_POINT('',#7503);
#3316=VERTEX_POINT('',#7505);
#3317=VERTEX_POINT('',#7570);
#3318=VERTEX_POINT('',#7581);
#3319=VERTEX_POINT('',#7646);
#3320=VERTEX_POINT('',#7647);
#3321=VERTEX_POINT('',#7658);
#3322=VERTEX_POINT('',#7663);
#3323=VERTEX_POINT('',#7683);
#3324=VERTEX_POINT('',#7684);
#3325=VERTEX_POINT('',#7686);
#3326=VERTEX_POINT('',#7688);
#3327=VERTEX_POINT('',#7705);
#3328=VERTEX_POINT('',#7706);
#3329=VERTEX_POINT('',#7708);
#3330=VERTEX_POINT('',#7710);
#3331=VERTEX_POINT('',#7714);
#3332=VERTEX_POINT('',#7716);
#3333=VERTEX_POINT('',#7718);
#3334=VERTEX_POINT('',#7720);
#3335=VERTEX_POINT('',#7722);
#3336=VERTEX_POINT('',#7725);
#3337=VERTEX_POINT('',#7727);
#3338=VERTEX_POINT('',#7729);
#3339=VERTEX_POINT('',#7731);
#3340=VERTEX_POINT('',#7735);
#3341=VERTEX_POINT('',#7737);
#3342=VERTEX_POINT('',#7739);
#3343=VERTEX_POINT('',#7741);
#3344=VERTEX_POINT('',#7743);
#3345=VERTEX_POINT('',#7745);
#3346=VERTEX_POINT('',#7747);
#3347=VERTEX_POINT('',#7749);
#3348=VERTEX_POINT('',#7753);
#3349=VERTEX_POINT('',#7755);
#3350=VERTEX_POINT('',#7757);
#3351=VERTEX_POINT('',#7759);
#3352=VERTEX_POINT('',#7761);
#3353=VERTEX_POINT('',#7763);
#3354=VERTEX_POINT('',#7765);
#3355=VERTEX_POINT('',#7767);
#3356=VERTEX_POINT('',#7771);
#3357=VERTEX_POINT('',#7776);
#3358=VERTEX_POINT('',#7778);
#3359=VERTEX_POINT('',#7780);
#3360=VERTEX_POINT('',#7782);
#3361=VERTEX_POINT('',#7789);
#3362=VERTEX_POINT('',#7792);
#3363=VERTEX_POINT('',#7806);
#3364=VERTEX_POINT('',#7811);
#3365=VERTEX_POINT('',#7813);
#3366=VERTEX_POINT('',#7815);
#3367=VERTEX_POINT('',#7817);
#3368=VERTEX_POINT('',#7821);
#3369=VERTEX_POINT('',#7822);
#3370=VERTEX_POINT('',#7827);
#3371=VERTEX_POINT('',#7830);
#3372=VERTEX_POINT('',#7832);
#3373=VERTEX_POINT('',#7836);
#3374=VERTEX_POINT('',#7841);
#3375=VERTEX_POINT('',#7843);
#3376=VERTEX_POINT('',#7845);
#3377=VERTEX_POINT('',#7847);
#3378=VERTEX_POINT('',#7849);
#3379=VERTEX_POINT('',#7851);
#3380=VERTEX_POINT('',#7854);
#3381=VERTEX_POINT('',#7856);
#3382=VERTEX_POINT('',#7858);
#3383=VERTEX_POINT('',#7860);
#3384=VERTEX_POINT('',#7862);
#3385=VERTEX_POINT('',#7864);
#3386=VERTEX_POINT('',#7868);
#3387=VERTEX_POINT('',#7869);
#3388=VERTEX_POINT('',#7871);
#3389=VERTEX_POINT('',#7873);
#3390=VERTEX_POINT('',#7875);
#3391=VERTEX_POINT('',#7877);
#3392=VERTEX_POINT('',#7879);
#3393=VERTEX_POINT('',#7881);
#3394=VERTEX_POINT('',#7883);
#3395=VERTEX_POINT('',#7885);
#3396=VERTEX_POINT('',#7887);
#3397=VERTEX_POINT('',#7890);
#3398=VERTEX_POINT('',#7891);
#3399=VERTEX_POINT('',#7929);
#3400=VERTEX_POINT('',#7930);
#3401=VERTEX_POINT('',#7938);
#3402=VERTEX_POINT('',#7940);
#3403=VERTEX_POINT('',#7951);
#3404=VERTEX_POINT('',#7952);
#3405=VERTEX_POINT('',#7954);
#3406=VERTEX_POINT('',#7956);
#3407=VERTEX_POINT('',#7958);
#3408=VERTEX_POINT('',#7960);
#3409=VERTEX_POINT('',#7963);
#3410=VERTEX_POINT('',#7965);
#3411=VERTEX_POINT('',#7967);
#3412=VERTEX_POINT('',#7970);
#3413=VERTEX_POINT('',#8023);
#3414=VERTEX_POINT('',#8033);
#3415=VERTEX_POINT('',#8132);
#3416=VERTEX_POINT('',#8137);
#3417=VERTEX_POINT('',#8147);
#3418=VERTEX_POINT('',#8218);
#3419=VERTEX_POINT('',#8272);
#3420=VERTEX_POINT('',#8273);
#3421=VERTEX_POINT('',#8299);
#3422=VERTEX_POINT('',#8310);
#3423=VERTEX_POINT('',#8312);
#3424=VERTEX_POINT('',#8314);
#3425=VERTEX_POINT('',#8319);
#3426=VERTEX_POINT('',#8320);
#3427=VERTEX_POINT('',#8322);
#3428=VERTEX_POINT('',#8324);
#3429=VERTEX_POINT('',#8326);
#3430=VERTEX_POINT('',#8328);
#3431=VERTEX_POINT('',#8330);
#3432=VERTEX_POINT('',#8332);
#3433=VERTEX_POINT('',#8334);
#3434=VERTEX_POINT('',#8336);
#3435=VERTEX_POINT('',#8338);
#3436=VERTEX_POINT('',#8341);
#3437=VERTEX_POINT('',#8342);
#3438=VERTEX_POINT('',#8369);
#3439=VERTEX_POINT('',#8371);
#3440=VERTEX_POINT('',#8392);
#3441=VERTEX_POINT('',#8394);
#3442=VERTEX_POINT('',#8405);
#3443=VERTEX_POINT('',#8406);
#3444=VERTEX_POINT('',#8408);
#3445=VERTEX_POINT('',#8410);
#3446=VERTEX_POINT('',#8412);
#3447=VERTEX_POINT('',#8416);
#3448=VERTEX_POINT('',#8418);
#3449=VERTEX_POINT('',#8421);
#3450=VERTEX_POINT('',#8466);
#3451=VERTEX_POINT('',#8572);
#3452=VERTEX_POINT('',#8626);
#3453=VERTEX_POINT('',#8627);
#3454=VERTEX_POINT('',#8697);
#3455=VERTEX_POINT('',#8702);
#3456=VERTEX_POINT('',#8713);
#3457=VERTEX_POINT('',#8723);
#3458=VERTEX_POINT('',#8724);
#3459=VERTEX_POINT('',#8800);
#3460=VERTEX_POINT('',#8807);
#3461=VERTEX_POINT('',#8812);
#3462=VERTEX_POINT('',#8883);
#3463=VERTEX_POINT('',#8897);
#3464=VERTEX_POINT('',#8898);
#3465=VERTEX_POINT('',#8961);
#3466=VERTEX_POINT('',#9022);
#3467=VERTEX_POINT('',#9024);
#3468=VERTEX_POINT('',#9030);
#3469=VERTEX_POINT('',#9033);
#3470=VERTEX_POINT('',#9036);
#3471=VERTEX_POINT('',#9039);
#3472=VERTEX_POINT('',#9043);
#3473=VERTEX_POINT('',#9091);
#3474=VERTEX_POINT('',#9093);
#3475=VERTEX_POINT('',#9099);
#3476=VERTEX_POINT('',#9102);
#3477=VERTEX_POINT('',#9105);
#3478=VERTEX_POINT('',#9108);
#3479=VERTEX_POINT('',#9112);
#3480=VERTEX_POINT('',#9518);
#3481=VERTEX_POINT('',#9522);
#3482=VERTEX_POINT('',#9526);
#3483=VERTEX_POINT('',#9530);
#3484=VERTEX_POINT('',#9534);
#3485=VERTEX_POINT('',#9538);
#3486=VERTEX_POINT('',#9542);
#3487=VERTEX_POINT('',#9545);
#3488=VERTEX_POINT('',#9548);
#3489=VERTEX_POINT('',#9551);
#3490=VERTEX_POINT('',#9554);
#3491=VERTEX_POINT('',#9557);
#3492=VERTEX_POINT('',#9560);
#3493=VERTEX_POINT('',#9564);
#3494=VERTEX_POINT('',#9568);
#3495=VERTEX_POINT('',#9572);
#3496=VERTEX_POINT('',#9576);
#3497=VERTEX_POINT('',#9597);
#3498=VERTEX_POINT('',#9598);
#3499=VERTEX_POINT('',#9608);
#3500=VERTEX_POINT('',#9613);
#3501=VERTEX_POINT('',#9623);
#3502=VERTEX_POINT('',#9628);
#3503=VERTEX_POINT('',#9647);
#3504=VERTEX_POINT('',#9648);
#3505=VERTEX_POINT('',#9668);
#3506=VERTEX_POINT('',#9669);
#3507=VERTEX_POINT('',#9680);
#3508=VERTEX_POINT('',#9685);
#3509=VERTEX_POINT('',#9695);
#3510=VERTEX_POINT('',#9700);
#3511=VERTEX_POINT('',#9719);
#3512=VERTEX_POINT('',#9720);
#3513=VERTEX_POINT('',#9875);
#3514=VERTEX_POINT('',#9880);
#3515=VERTEX_POINT('',#9881);
#3516=VERTEX_POINT('',#9883);
#3517=VERTEX_POINT('',#9888);
#3518=VERTEX_POINT('',#9908);
#3519=VERTEX_POINT('',#9921);
#3520=VERTEX_POINT('',#9922);
#3521=VERTEX_POINT('',#9927);
#3522=VERTEX_POINT('',#9932);
#3523=VERTEX_POINT('',#9948);
#3524=VERTEX_POINT('',#9953);
#3525=VERTEX_POINT('',#9958);
#3526=VERTEX_POINT('',#9960);
#3527=VERTEX_POINT('',#9962);
#3528=VERTEX_POINT('',#9975);
#3529=VERTEX_POINT('',#9978);
#3530=VERTEX_POINT('',#9979);
#3531=VERTEX_POINT('',#9981);
#3532=VERTEX_POINT('',#9983);
#3533=VERTEX_POINT('',#10000);
#3534=VERTEX_POINT('',#10002);
#3535=VERTEX_POINT('',#10004);
#3536=VERTEX_POINT('',#10019);
#3537=VERTEX_POINT('',#10032);
#3538=VERTEX_POINT('',#10033);
#3539=VERTEX_POINT('',#10038);
#3540=VERTEX_POINT('',#10043);
#3541=VERTEX_POINT('',#10052);
#3542=VERTEX_POINT('',#10057);
#3543=VERTEX_POINT('',#10059);
#3544=VERTEX_POINT('',#10061);
#3545=VERTEX_POINT('',#10074);
#3546=VERTEX_POINT('',#10086);
#3547=VERTEX_POINT('',#10227);
#3548=VERTEX_POINT('',#10228);
#3549=VERTEX_POINT('',#10230);
#3550=VERTEX_POINT('',#10235);
#3551=VERTEX_POINT('',#10255);
#3552=VERTEX_POINT('',#10273);
#3553=VERTEX_POINT('',#10276);
#3554=VERTEX_POINT('',#10277);
#3555=VERTEX_POINT('',#10279);
#3556=VERTEX_POINT('',#10281);
#3557=VERTEX_POINT('',#10297);
#3558=VERTEX_POINT('',#10312);
#3559=VERTEX_POINT('',#10314);
#3560=VERTEX_POINT('',#10316);
#3561=VERTEX_POINT('',#10323);
#3562=VERTEX_POINT('',#10324);
#3563=VERTEX_POINT('',#10332);
#3564=VERTEX_POINT('',#10337);
#3565=VERTEX_POINT('',#10342);
#3566=VERTEX_POINT('',#10347);
#3567=VERTEX_POINT('',#10363);
#3568=VERTEX_POINT('',#10372);
#3569=VERTEX_POINT('',#10377);
#3570=VERTEX_POINT('',#10387);
#3571=VERTEX_POINT('',#10392);
#3572=VERTEX_POINT('',#10397);
#3573=VERTEX_POINT('',#10403);
#3574=VERTEX_POINT('',#10405);
#3575=VERTEX_POINT('',#10407);
#3576=VERTEX_POINT('',#10409);
#3577=VERTEX_POINT('',#10415);
#3578=VERTEX_POINT('',#10425);
#3579=VERTEX_POINT('',#10426);
#3580=VERTEX_POINT('',#10434);
#3581=VERTEX_POINT('',#10439);
#3582=VERTEX_POINT('',#10452);
#3583=VERTEX_POINT('',#10457);
#3584=VERTEX_POINT('',#10467);
#3585=VERTEX_POINT('',#10472);
#3586=VERTEX_POINT('',#10477);
#3587=VERTEX_POINT('',#10483);
#3588=VERTEX_POINT('',#10485);
#3589=VERTEX_POINT('',#10487);
#3590=VERTEX_POINT('',#10489);
#3591=VERTEX_POINT('',#10495);
#3592=VERTEX_POINT('',#10502);
#3593=VERTEX_POINT('',#10505);
#3594=VERTEX_POINT('',#10510);
#3595=VERTEX_POINT('',#10589);
#3596=VERTEX_POINT('',#10595);
#3597=VERTEX_POINT('',#10600);
#3598=VERTEX_POINT('',#10606);
#3599=VERTEX_POINT('',#10611);
#3600=VERTEX_POINT('',#10613);
#3601=VERTEX_POINT('',#10615);
#3602=VERTEX_POINT('',#10620);
#3603=VERTEX_POINT('',#10660);
#3604=VERTEX_POINT('',#10687);
#3605=VERTEX_POINT('',#10688);
#3606=VERTEX_POINT('',#10693);
#3607=VERTEX_POINT('',#10706);
#3608=VERTEX_POINT('',#10708);
#3609=VERTEX_POINT('',#10715);
#3610=VERTEX_POINT('',#10716);
#3611=VERTEX_POINT('',#10739);
#3612=VERTEX_POINT('',#10743);
#3613=VERTEX_POINT('',#10744);
#3614=VERTEX_POINT('',#10746);
#3615=VERTEX_POINT('',#10748);
#3616=VERTEX_POINT('',#10752);
#3617=VERTEX_POINT('',#10760);
#3618=VERTEX_POINT('',#10762);
#3619=VERTEX_POINT('',#10770);
#3620=VERTEX_POINT('',#10771);
#3621=VERTEX_POINT('',#10776);
#3622=VERTEX_POINT('',#10780);
#3623=VERTEX_POINT('',#10781);
#3624=VERTEX_POINT('',#10786);
#3625=VERTEX_POINT('',#10790);
#3626=VERTEX_POINT('',#10791);
#3627=VERTEX_POINT('',#10804);
#3628=VERTEX_POINT('',#10806);
#3629=VERTEX_POINT('',#10809);
#3630=VERTEX_POINT('',#10811);
#3631=VERTEX_POINT('',#10814);
#3632=VERTEX_POINT('',#10815);
#3633=VERTEX_POINT('',#10823);
#3634=VERTEX_POINT('',#10825);
#3635=VERTEX_POINT('',#10827);
#3636=VERTEX_POINT('',#10829);
#3637=VERTEX_POINT('',#10831);
#3638=VERTEX_POINT('',#10837);
#3639=VERTEX_POINT('',#10839);
#3640=VERTEX_POINT('',#10841);
#3641=VERTEX_POINT('',#10843);
#3642=VERTEX_POINT('',#10845);
#3643=VERTEX_POINT('',#10855);
#3644=VERTEX_POINT('',#10856);
#3645=VERTEX_POINT('',#10870);
#3646=VERTEX_POINT('',#10882);
#3647=VERTEX_POINT('',#10886);
#3648=VERTEX_POINT('',#10887);
#3649=VERTEX_POINT('',#10899);
#3650=VERTEX_POINT('',#10900);
#3651=VERTEX_POINT('',#10903);
#3652=VERTEX_POINT('',#10905);
#3653=VERTEX_POINT('',#10909);
#3654=VERTEX_POINT('',#10910);
#3655=VERTEX_POINT('',#10915);
#3656=VERTEX_POINT('',#10916);
#3657=VERTEX_POINT('',#10924);
#3658=VERTEX_POINT('',#10925);
#3659=VERTEX_POINT('',#10931);
#3660=VERTEX_POINT('',#10932);
#3661=VERTEX_POINT('',#10935);
#3662=VERTEX_POINT('',#10937);
#3663=VERTEX_POINT('',#10941);
#3664=VERTEX_POINT('',#10956);
#3665=VERTEX_POINT('',#10958);
#3666=VERTEX_POINT('',#10967);
#3667=VERTEX_POINT('',#10969);
#3668=VERTEX_POINT('',#10975);
#3669=VERTEX_POINT('',#10987);
#3670=VERTEX_POINT('',#11000);
#3671=VERTEX_POINT('',#11118);
#3672=VERTEX_POINT('',#11120);
#3673=VERTEX_POINT('',#11128);
#3674=VERTEX_POINT('',#11129);
#3675=VERTEX_POINT('',#11131);
#3676=VERTEX_POINT('',#11138);
#3677=VERTEX_POINT('',#11139);
#3678=VERTEX_POINT('',#11141);
#3679=VERTEX_POINT('',#11148);
#3680=VERTEX_POINT('',#11149);
#3681=VERTEX_POINT('',#11162);
#3682=VERTEX_POINT('',#11164);
#3683=VERTEX_POINT('',#11167);
#3684=VERTEX_POINT('',#11169);
#3685=VERTEX_POINT('',#11177);
#3686=VERTEX_POINT('',#11182);
#3687=VERTEX_POINT('',#11189);
#3688=VERTEX_POINT('',#11190);
#3689=VERTEX_POINT('',#11202);
#3690=VERTEX_POINT('',#11203);
#3691=VERTEX_POINT('',#11205);
#3692=VERTEX_POINT('',#11207);
#3693=VERTEX_POINT('',#11212);
#3694=VERTEX_POINT('',#11213);
#3695=VERTEX_POINT('',#11218);
#3696=VERTEX_POINT('',#11219);
#3697=VERTEX_POINT('',#11227);
#3698=VERTEX_POINT('',#11228);
#3699=VERTEX_POINT('',#11234);
#3700=VERTEX_POINT('',#11235);
#3701=VERTEX_POINT('',#11237);
#3702=VERTEX_POINT('',#11239);
#3703=VERTEX_POINT('',#11245);
#3704=VERTEX_POINT('',#11252);
#3705=VERTEX_POINT('',#11254);
#3706=VERTEX_POINT('',#11272);
#3707=VERTEX_POINT('',#11274);
#3708=VERTEX_POINT('',#11293);
#3709=VERTEX_POINT('',#11295);
#3710=VERTEX_POINT('',#11297);
#3711=VERTEX_POINT('',#11301);
#3712=VERTEX_POINT('',#11314);
#3713=VERTEX_POINT('',#11434);
#3714=VERTEX_POINT('',#11435);
#3715=VERTEX_POINT('',#11437);
#3716=VERTEX_POINT('',#11439);
#3717=VERTEX_POINT('',#11444);
#3718=VERTEX_POINT('',#11447);
#3719=VERTEX_POINT('',#11464);
#3720=VERTEX_POINT('',#11468);
#3721=VERTEX_POINT('',#11476);
#3722=VERTEX_POINT('',#12077);
#3723=VERTEX_POINT('',#12127);
#3724=VERTEX_POINT('',#12132);
#3725=VERTEX_POINT('',#12177);
#3726=VERTEX_POINT('',#12181);
#3727=VERTEX_POINT('',#12185);
#3728=VERTEX_POINT('',#12187);
#3729=VERTEX_POINT('',#12188);
#3730=VERTEX_POINT('',#12190);
#3731=VERTEX_POINT('',#12192);
#3732=VERTEX_POINT('',#12194);
#3733=VERTEX_POINT('',#12196);
#3734=VERTEX_POINT('',#12198);
#3735=VERTEX_POINT('',#12201);
#3736=VERTEX_POINT('',#12207);
#3737=VERTEX_POINT('',#12211);
#3738=VERTEX_POINT('',#12213);
#3739=VERTEX_POINT('',#12214);
#3740=VERTEX_POINT('',#12216);
#3741=VERTEX_POINT('',#12218);
#3742=VERTEX_POINT('',#12220);
#3743=VERTEX_POINT('',#12226);
#3744=VERTEX_POINT('',#12229);
#3745=VERTEX_POINT('',#12231);
#3746=VERTEX_POINT('',#12233);
#3747=VERTEX_POINT('',#12243);
#3748=VERTEX_POINT('',#12248);
#3749=VERTEX_POINT('',#12253);
#3750=VERTEX_POINT('',#12265);
#3751=VERTEX_POINT('',#12295);
#3752=VERTEX_POINT('',#12296);
#3753=VERTEX_POINT('',#12298);
#3754=VERTEX_POINT('',#12300);
#3755=VERTEX_POINT('',#12302);
#3756=VERTEX_POINT('',#12304);
#3757=VERTEX_POINT('',#12308);
#3758=VERTEX_POINT('',#12310);
#3759=VERTEX_POINT('',#12311);
#3760=VERTEX_POINT('',#12317);
#3761=VERTEX_POINT('',#12320);
#3762=VERTEX_POINT('',#12323);
#3763=VERTEX_POINT('',#12325);
#3764=VERTEX_POINT('',#12327);
#3765=VERTEX_POINT('',#12331);
#3766=VERTEX_POINT('',#12333);
#3767=VERTEX_POINT('',#12339);
#3768=VERTEX_POINT('',#12341);
#3769=VERTEX_POINT('',#12343);
#3770=VERTEX_POINT('',#12345);
#3771=VERTEX_POINT('',#12347);
#3772=VERTEX_POINT('',#12350);
#3773=VERTEX_POINT('',#12363);
#3774=VERTEX_POINT('',#12375);
#3775=VERTEX_POINT('',#12405);
#3776=VERTEX_POINT('',#12409);
#3777=VERTEX_POINT('',#12420);
#3778=VERTEX_POINT('',#12424);
#3779=VERTEX_POINT('',#12440);
#3780=VERTEX_POINT('',#12441);
#3781=VERTEX_POINT('',#12481);
#3782=VERTEX_POINT('',#12482);
#3783=CIRCLE('',#5385,0.0019);
#3784=CIRCLE('',#5386,0.0019);
#3785=CIRCLE('',#5388,0.0019);
#3786=CIRCLE('',#5389,0.0019);
#3787=CIRCLE('',#5391,0.0019);
#3788=CIRCLE('',#5392,0.0019);
#3789=CIRCLE('',#5397,0.0021);
#3790=CIRCLE('',#5399,0.0021);
#3791=CIRCLE('',#5401,0.0021);
#3792=CIRCLE('',#5403,0.0021);
#3793=CIRCLE('',#5405,0.0021);
#3794=CIRCLE('',#5407,0.0021);
#3795=CIRCLE('',#5409,0.0015);
#3796=CIRCLE('',#5410,0.0015);
#3797=CIRCLE('',#5412,0.0015);
#3798=CIRCLE('',#5413,0.0015);
#3799=CIRCLE('',#5415,0.0015);
#3800=CIRCLE('',#5416,0.0015);
#3801=CIRCLE('',#5418,0.0015);
#3802=CIRCLE('',#5419,0.0015);
#3803=CIRCLE('',#5421,0.0015);
#3804=CIRCLE('',#5422,0.0015);
#3805=CIRCLE('',#5424,0.0015);
#3806=CIRCLE('',#5425,0.0015);
#3807=CIRCLE('',#5433,0.01825);
#3808=CIRCLE('',#5434,0.005);
#3809=CIRCLE('',#5435,0.005);
#3810=CIRCLE('',#5436,0.005);
#3811=CIRCLE('',#5437,0.005);
#3812=CIRCLE('',#5439,0.005);
#3813=CIRCLE('',#5440,0.003);
#3814=CIRCLE('',#5441,0.01825);
#3815=CIRCLE('',#5442,0.003);
#3816=CIRCLE('',#5443,0.005);
#3817=CIRCLE('',#5445,0.005);
#3818=CIRCLE('',#5446,0.003);
#3819=CIRCLE('',#5447,0.01825);
#3820=CIRCLE('',#5448,0.003);
#3821=CIRCLE('',#5449,0.005);
#3822=CIRCLE('',#5458,0.01825);
#3823=CIRCLE('',#5459,0.01825);
#3824=CIRCLE('',#5461,0.0075);
#3825=CIRCLE('',#5462,0.003);
#3826=CIRCLE('',#5463,0.005);
#3827=CIRCLE('',#5464,0.003);
#3828=CIRCLE('',#5465,0.003);
#3829=CIRCLE('',#5466,0.005);
#3830=CIRCLE('',#5467,0.003);
#3831=CIRCLE('',#5468,0.003);
#3832=CIRCLE('',#5469,0.005);
#3833=CIRCLE('',#5470,0.003);
#3834=CIRCLE('',#5471,0.003);
#3835=CIRCLE('',#5472,0.005);
#3836=CIRCLE('',#5473,0.003);
#3837=CIRCLE('',#5475,0.004);
#3838=CIRCLE('',#5476,0.003);
#3839=CIRCLE('',#5477,0.003);
#3840=CIRCLE('',#5478,0.0021);
#3841=CIRCLE('',#5480,0.003);
#3842=CIRCLE('',#5481,0.004);
#3843=CIRCLE('',#5482,0.003);
#3844=CIRCLE('',#5483,0.0021);
#3845=CIRCLE('',#5488,0.01225);
#3846=CIRCLE('',#5489,0.01225);
#3847=CIRCLE('',#5491,0.011);
#3848=CIRCLE('',#5492,0.011);
#3849=CIRCLE('',#5501,0.0021);
#3850=CIRCLE('',#5502,0.0021);
#3851=CIRCLE('',#5503,0.0021);
#3852=CIRCLE('',#5505,0.003);
#3853=CIRCLE('',#5506,0.004);
#3854=CIRCLE('',#5507,0.003);
#3855=CIRCLE('',#5508,0.0021);
#3856=CIRCLE('',#5510,0.01225);
#3857=CIRCLE('',#5511,0.01225);
#3858=CIRCLE('',#5513,0.004);
#3859=CIRCLE('',#5514,0.003);
#3860=CIRCLE('',#5515,0.003);
#3861=CIRCLE('',#5516,0.0021);
#3862=CIRCLE('',#5518,0.011);
#3863=CIRCLE('',#5520,0.011);
#3864=CIRCLE('',#5538,0.0021);
#3865=CIRCLE('',#5540,0.0019);
#3866=CIRCLE('',#5542,0.0021);
#3867=CIRCLE('',#5544,0.0019);
#3868=CIRCLE('',#5546,0.0019);
#3869=CIRCLE('',#5549,0.0019);
#3870=CIRCLE('',#5555,0.0021);
#3871=CIRCLE('',#5557,0.0019);
#3872=CIRCLE('',#5559,0.0021);
#3873=CIRCLE('',#5561,0.0019);
#3874=CIRCLE('',#5563,0.0019);
#3875=CIRCLE('',#5566,0.0019);
#3876=CIRCLE('',#5571,0.003);
#3877=CIRCLE('',#5573,0.003);
#3878=CIRCLE('',#5575,0.003);
#3879=CIRCLE('',#5577,0.003);
#3880=CIRCLE('',#5579,0.003);
#3881=CIRCLE('',#5582,0.003);
#3882=CIRCLE('',#5585,0.003);
#3883=CIRCLE('',#5588,0.003);
#3884=CIRCLE('',#5591,0.003);
#3885=CIRCLE('',#5594,0.003);
#3886=CIRCLE('',#5597,0.0021);
#3887=CIRCLE('',#5599,0.0019);
#3888=CIRCLE('',#5601,0.0021);
#3889=CIRCLE('',#5603,0.0019);
#3890=CIRCLE('',#5605,0.0021);
#3891=CIRCLE('',#5607,0.0019);
#3892=CIRCLE('',#5609,0.0019);
#3893=CIRCLE('',#5612,0.0019);
#3894=CIRCLE('',#5615,0.0019);
#3895=CIRCLE('',#5618,0.0015);
#3896=CIRCLE('',#5621,0.0015);
#3897=CIRCLE('',#5624,0.0255);
#3898=CIRCLE('',#5625,0.0255);
#3899=CIRCLE('',#5627,0.00975);
#3900=CIRCLE('',#5628,0.00975);
#3901=CIRCLE('',#5630,0.0255);
#3902=CIRCLE('',#5631,0.0255);
#3903=CIRCLE('',#5632,0.0255);
#3904=CIRCLE('',#5634,0.00975);
#3905=CIRCLE('',#5635,0.00975);
#3906=CIRCLE('',#5637,0.0255);
#3907=CIRCLE('',#5641,0.011);
#3908=CIRCLE('',#5644,0.011);
#3909=CIRCLE('',#5647,0.00360227272727276);
#3910=CIRCLE('',#5648,0.00360227272727276);
#3911=CIRCLE('',#5650,0.0005);
#3912=CIRCLE('',#5658,0.01225);
#3913=CIRCLE('',#5662,0.01225);
#3914=CIRCLE('',#5666,0.0015);
#3915=CIRCLE('',#5667,0.0015);
#3916=CIRCLE('',#5669,0.0015);
#3917=CIRCLE('',#5670,0.0015);
#3918=CIRCLE('',#5672,0.003);
#3919=CIRCLE('',#5673,0.003);
#3920=CIRCLE('',#5679,0.0195);
#3921=CIRCLE('',#5680,0.01225);
#3922=CIRCLE('',#5682,0.011);
#3923=CIRCLE('',#5684,0.01225);
#3924=CIRCLE('',#5687,0.004);
#3925=CIRCLE('',#5688,0.003);
#3926=CIRCLE('',#5689,0.003);
#3927=CIRCLE('',#5690,0.00209999999999992);
#3928=CIRCLE('',#5692,0.0016);
#3929=CIRCLE('',#5693,0.003);
#3930=CIRCLE('',#5694,0.004);
#3931=CIRCLE('',#5695,0.003);
#3932=CIRCLE('',#5697,0.0225);
#3933=CIRCLE('',#5698,0.0225);
#3934=CIRCLE('',#5705,0.00275);
#3935=CIRCLE('',#5708,0.00275);
#3936=CIRCLE('',#5718,0.01225);
#3937=CIRCLE('',#5722,0.01225);
#3938=CIRCLE('',#5726,0.0015);
#3939=CIRCLE('',#5727,0.0015);
#3940=CIRCLE('',#5729,0.0015);
#3941=CIRCLE('',#5730,0.0015);
#3942=CIRCLE('',#5735,0.01225);
#3943=CIRCLE('',#5736,0.0195);
#3944=CIRCLE('',#5738,0.011);
#3945=CIRCLE('',#5740,0.01225);
#3946=CIRCLE('',#5743,0.004);
#3947=CIRCLE('',#5744,0.003);
#3948=CIRCLE('',#5745,0.003);
#3949=CIRCLE('',#5746,0.00209999999999992);
#3950=CIRCLE('',#5748,0.0016);
#3951=CIRCLE('',#5749,0.003);
#3952=CIRCLE('',#5750,0.004);
#3953=CIRCLE('',#5751,0.003);
#3954=CIRCLE('',#5758,0.00275);
#3955=CIRCLE('',#5761,0.00275);
#3956=CIRCLE('',#5770,0.00950781250000001);
#3957=CIRCLE('',#5772,0.00950781249999999);
#3958=CIRCLE('',#5777,0.0005);
#3959=CIRCLE('',#5779,0.0016);
#3960=CIRCLE('',#5782,0.0016);
#3961=CIRCLE('',#5785,0.0015);
#3962=CIRCLE('',#5786,0.0014);
#3963=CIRCLE('',#5788,0.0015);
#3964=CIRCLE('',#5789,0.0014);
#3965=CIRCLE('',#5792,0.0205);
#3966=CIRCLE('',#5793,0.007);
#3967=CIRCLE('',#5795,0.0015);
#3968=CIRCLE('',#5798,0.0015);
#3969=CIRCLE('',#5800,0.007);
#3970=CIRCLE('',#5802,0.00975);
#3971=CIRCLE('',#5804,0.00975);
#3972=CIRCLE('',#5806,0.007);
#3973=CIRCLE('',#5810,0.0205);
#3974=CIRCLE('',#5811,0.007);
#3975=CIRCLE('',#5813,0.0015);
#3976=CIRCLE('',#5814,0.0014);
#3977=CIRCLE('',#5816,0.0015);
#3978=CIRCLE('',#5817,0.0014);
#3979=CIRCLE('',#5820,0.0015);
#3980=CIRCLE('',#5823,0.0015);
#3981=CIRCLE('',#5825,0.007);
#3982=CIRCLE('',#5827,0.00975);
#3983=CIRCLE('',#5829,0.00975);
#3984=CIRCLE('',#5831,0.007);
#3985=CIRCLE('',#5835,0.003);
#3986=CIRCLE('',#5838,0.003);
#3987=CIRCLE('',#5841,0.00968908417821103);
#3988=CIRCLE('',#5843,0.00968908417821103);
#3989=CIRCLE('',#5848,0.003);
#3990=CIRCLE('',#5851,0.003);
#3991=CIRCLE('',#5854,0.00968908417821103);
#3992=CIRCLE('',#5856,0.00968908417821103);
#3993=CIRCLE('',#5863,0.0102);
#3994=CIRCLE('',#5866,0.0137);
#3995=CIRCLE('',#5869,0.0102);
#3996=CIRCLE('',#5872,0.0137);
#3997=EDGE_LOOP('',(#1000));
#3998=EDGE_LOOP('',(#1001));
#3999=EDGE_LOOP('',(#1002));
#4000=EDGE_LOOP('',(#1003));
#4001=EDGE_LOOP('',(#1004));
#4002=EDGE_LOOP('',(#1005));
#4003=EDGE_LOOP('',(#1006));
#4004=EDGE_LOOP('',(#1007));
#4005=EDGE_LOOP('',(#1008));
#4006=EDGE_LOOP('',(#1009));
#4007=EDGE_LOOP('',(#1010));
#4008=EDGE_LOOP('',(#1011));
#4009=EDGE_LOOP('',(#1012));
#4010=EDGE_LOOP('',(#1013));
#4011=EDGE_LOOP('',(#1014));
#4012=EDGE_LOOP('',(#1015));
#4013=EDGE_LOOP('',(#1016));
#4014=EDGE_LOOP('',(#1017));
#4015=EDGE_LOOP('',(#1018));
#4016=EDGE_LOOP('',(#1019));
#4017=EDGE_LOOP('',(#1020));
#4018=EDGE_LOOP('',(#1021));
#4019=EDGE_LOOP('',(#1022));
#4020=EDGE_LOOP('',(#1023));
#4021=EDGE_LOOP('',(#1024));
#4022=EDGE_LOOP('',(#1025));
#4023=EDGE_LOOP('',(#1026));
#4024=EDGE_LOOP('',(#1027));
#4025=EDGE_LOOP('',(#1028));
#4026=EDGE_LOOP('',(#1029));
#4027=EDGE_LOOP('',(#1030));
#4028=EDGE_LOOP('',(#1031));
#4029=EDGE_LOOP('',(#1032));
#4030=EDGE_LOOP('',(#1033));
#4031=EDGE_LOOP('',(#1034));
#4032=EDGE_LOOP('',(#1035));
#4033=EDGE_LOOP('',(#1036,#1037));
#4034=EDGE_LOOP('',(#1038,#1039,#1040,#1041,#1042,#1043,#1044,#1045,#1046,
#1047,#1048,#1049,#1050,#1051,#1052,#1053,#1054,#1055));
#4035=EDGE_LOOP('',(#1056));
#4036=EDGE_LOOP('',(#1057));
#4037=EDGE_LOOP('',(#1058));
#4038=EDGE_LOOP('',(#1059,#1060,#1061,#1062));
#4039=EDGE_LOOP('',(#1063,#1064,#1065,#1066));
#4040=EDGE_LOOP('',(#1067,#1068,#1069,#1070));
#4041=EDGE_LOOP('',(#1071,#1072,#1073,#1074));
#4042=EDGE_LOOP('',(#1075,#1076,#1077,#1078));
#4043=EDGE_LOOP('',(#1079,#1080,#1081,#1082));
#4044=EDGE_LOOP('',(#1083));
#4045=EDGE_LOOP('',(#1084,#1085,#1086,#1087,#1088,#1089,#1090,#1091,#1092,
#1093,#1094,#1095));
#4046=EDGE_LOOP('',(#1096,#1097,#1098,#1099,#1100,#1101,#1102,#1103,#1104,
#1105));
#4047=EDGE_LOOP('',(#1106,#1107,#1108,#1109,#1110,#1111,#1112,#1113,#1114,
#1115));
#4048=EDGE_LOOP('',(#1116,#1117,#1118,#1119,#1120,#1121,#1122));
#4049=EDGE_LOOP('',(#1123));
#4050=EDGE_LOOP('',(#1124));
#4051=EDGE_LOOP('',(#1125));
#4052=EDGE_LOOP('',(#1126,#1127,#1128,#1129,#1130,#1131));
#4053=EDGE_LOOP('',(#1132,#1133,#1134,#1135));
#4054=EDGE_LOOP('',(#1136,#1137,#1138,#1139));
#4055=EDGE_LOOP('',(#1140,#1141,#1142,#1143));
#4056=EDGE_LOOP('',(#1144,#1145,#1146,#1147,#1148,#1149,#1150));
#4057=EDGE_LOOP('',(#1151,#1152,#1153,#1154,#1155,#1156,#1157));
#4058=EDGE_LOOP('',(#1158));
#4059=EDGE_LOOP('',(#1159,#1160,#1161,#1162,#1163,#1164,#1165,#1166));
#4060=EDGE_LOOP('',(#1167));
#4061=EDGE_LOOP('',(#1168));
#4062=EDGE_LOOP('',(#1169));
#4063=EDGE_LOOP('',(#1170));
#4064=EDGE_LOOP('',(#1171));
#4065=EDGE_LOOP('',(#1172));
#4066=EDGE_LOOP('',(#1173));
#4067=EDGE_LOOP('',(#1174,#1175,#1176,#1177,#1178,#1179,#1180,#1181,#1182,
#1183,#1184,#1185,#1186,#1187,#1188,#1189,#1190,#1191));
#4068=EDGE_LOOP('',(#1192,#1193,#1194,#1195,#1196,#1197,#1198,#1199,#1200,
#1201,#1202));
#4069=EDGE_LOOP('',(#1203,#1204));
#4070=EDGE_LOOP('',(#1205,#1206,#1207,#1208,#1209,#1210));
#4071=EDGE_LOOP('',(#1211,#1212,#1213,#1214,#1215,#1216));
#4072=EDGE_LOOP('',(#1217,#1218,#1219,#1220,#1221,#1222,#1223,#1224,#1225,
#1226,#1227));
#4073=EDGE_LOOP('',(#1228));
#4074=EDGE_LOOP('',(#1229,#1230,#1231,#1232));
#4075=EDGE_LOOP('',(#1233,#1234,#1235,#1236));
#4076=EDGE_LOOP('',(#1237,#1238));
#4077=EDGE_LOOP('',(#1239));
#4078=EDGE_LOOP('',(#1240,#1241,#1242,#1243));
#4079=EDGE_LOOP('',(#1244,#1245,#1246,#1247,#1248,#1249));
#4080=EDGE_LOOP('',(#1250,#1251,#1252));
#4081=EDGE_LOOP('',(#1253,#1254,#1255,#1256,#1257,#1258));
#4082=EDGE_LOOP('',(#1259,#1260,#1261,#1262));
#4083=EDGE_LOOP('',(#1263,#1264,#1265,#1266,#1267));
#4084=EDGE_LOOP('',(#1268,#1269,#1270,#1271));
#4085=EDGE_LOOP('',(#1272,#1273,#1274,#1275));
#4086=EDGE_LOOP('',(#1276,#1277,#1278,#1279,#1280,#1281));
#4087=EDGE_LOOP('',(#1282,#1283,#1284,#1285));
#4088=EDGE_LOOP('',(#1286,#1287,#1288,#1289));
#4089=EDGE_LOOP('',(#1290,#1291,#1292,#1293,#1294,#1295,#1296));
#4090=EDGE_LOOP('',(#1297,#1298,#1299,#1300));
#4091=EDGE_LOOP('',(#1301,#1302,#1303,#1304));
#4092=EDGE_LOOP('',(#1305));
#4093=EDGE_LOOP('',(#1306));
#4094=EDGE_LOOP('',(#1307));
#4095=EDGE_LOOP('',(#1308,#1309,#1310,#1311,#1312,#1313));
#4096=EDGE_LOOP('',(#1314,#1315,#1316,#1317,#1318,#1319,#1320,#1321,#1322,
#1323,#1324));
#4097=EDGE_LOOP('',(#1325,#1326));
#4098=EDGE_LOOP('',(#1327,#1328,#1329,#1330,#1331,#1332));
#4099=EDGE_LOOP('',(#1333,#1334,#1335,#1336));
#4100=EDGE_LOOP('',(#1337,#1338,#1339,#1340,#1341,#1342));
#4101=EDGE_LOOP('',(#1343,#1344,#1345,#1346,#1347,#1348,#1349,#1350,#1351,
#1352,#1353));
#4102=EDGE_LOOP('',(#1354));
#4103=EDGE_LOOP('',(#1355,#1356,#1357,#1358,#1359,#1360));
#4104=EDGE_LOOP('',(#1361,#1362,#1363));
#4105=EDGE_LOOP('',(#1364,#1365,#1366,#1367,#1368,#1369));
#4106=EDGE_LOOP('',(#1370,#1371,#1372,#1373,#1374));
#4107=EDGE_LOOP('',(#1375,#1376,#1377,#1378));
#4108=EDGE_LOOP('',(#1379,#1380,#1381,#1382));
#4109=EDGE_LOOP('',(#1383,#1384,#1385,#1386,#1387,#1388));
#4110=EDGE_LOOP('',(#1389,#1390,#1391,#1392,#1393));
#4111=EDGE_LOOP('',(#1394,#1395,#1396,#1397,#1398,#1399,#1400));
#4112=EDGE_LOOP('',(#1401,#1402,#1403,#1404,#1405,#1406,#1407));
#4113=EDGE_LOOP('',(#1408,#1409,#1410,#1411,#1412,#1413,#1414));
#4114=EDGE_LOOP('',(#1415,#1416,#1417,#1418,#1419,#1420,#1421));
#4115=EDGE_LOOP('',(#1422,#1423,#1424,#1425,#1426,#1427,#1428));
#4116=EDGE_LOOP('',(#1429,#1430,#1431,#1432,#1433,#1434,#1435));
#4117=EDGE_LOOP('',(#1436,#1437,#1438,#1439,#1440));
#4118=EDGE_LOOP('',(#1441,#1442,#1443,#1444,#1445));
#4119=EDGE_LOOP('',(#1446,#1447,#1448,#1449));
#4120=EDGE_LOOP('',(#1450,#1451,#1452,#1453));
#4121=EDGE_LOOP('',(#1454,#1455,#1456,#1457,#1458));
#4122=EDGE_LOOP('',(#1459,#1460,#1461,#1462));
#4123=EDGE_LOOP('',(#1463,#1464,#1465,#1466));
#4124=EDGE_LOOP('',(#1467,#1468,#1469,#1470,#1471));
#4125=EDGE_LOOP('',(#1472,#1473,#1474,#1475,#1476));
#4126=EDGE_LOOP('',(#1477,#1478));
#4127=EDGE_LOOP('',(#1479,#1480));
#4128=EDGE_LOOP('',(#1481,#1482,#1483,#1484));
#4129=EDGE_LOOP('',(#1485,#1486,#1487,#1488));
#4130=EDGE_LOOP('',(#1489));
#4131=EDGE_LOOP('',(#1490,#1491));
#4132=EDGE_LOOP('',(#1492));
#4133=EDGE_LOOP('',(#1493));
#4134=EDGE_LOOP('',(#1494));
#4135=EDGE_LOOP('',(#1495));
#4136=EDGE_LOOP('',(#1496));
#4137=EDGE_LOOP('',(#1497));
#4138=EDGE_LOOP('',(#1498));
#4139=EDGE_LOOP('',(#1499));
#4140=EDGE_LOOP('',(#1500));
#4141=EDGE_LOOP('',(#1501));
#4142=EDGE_LOOP('',(#1502,#1503));
#4143=EDGE_LOOP('',(#1504,#1505));
#4144=EDGE_LOOP('',(#1506,#1507,#1508,#1509));
#4145=EDGE_LOOP('',(#1510,#1511,#1512,#1513));
#4146=EDGE_LOOP('',(#1514));
#4147=EDGE_LOOP('',(#1515,#1516));
#4148=EDGE_LOOP('',(#1517));
#4149=EDGE_LOOP('',(#1518));
#4150=EDGE_LOOP('',(#1519));
#4151=EDGE_LOOP('',(#1520));
#4152=EDGE_LOOP('',(#1521));
#4153=EDGE_LOOP('',(#1522));
#4154=EDGE_LOOP('',(#1523));
#4155=EDGE_LOOP('',(#1524));
#4156=EDGE_LOOP('',(#1525));
#4157=EDGE_LOOP('',(#1526));
#4158=EDGE_LOOP('',(#1527,#1528,#1529,#1530,#1531,#1532,#1533,#1534));
#4159=EDGE_LOOP('',(#1535,#1536,#1537,#1538,#1539,#1540,#1541,#1542));
#4160=EDGE_LOOP('',(#1543,#1544,#1545,#1546));
#4161=EDGE_LOOP('',(#1547,#1548,#1549));
#4162=EDGE_LOOP('',(#1550,#1551,#1552,#1553,#1554));
#4163=EDGE_LOOP('',(#1555,#1556,#1557,#1558));
#4164=EDGE_LOOP('',(#1559,#1560,#1561,#1562,#1563));
#4165=EDGE_LOOP('',(#1564,#1565,#1566));
#4166=EDGE_LOOP('',(#1567,#1568,#1569,#1570));
#4167=EDGE_LOOP('',(#1571,#1572,#1573));
#4168=EDGE_LOOP('',(#1574,#1575,#1576,#1577,#1578));
#4169=EDGE_LOOP('',(#1579,#1580,#1581,#1582));
#4170=EDGE_LOOP('',(#1583,#1584,#1585,#1586,#1587));
#4171=EDGE_LOOP('',(#1588,#1589,#1590));
#4172=EDGE_LOOP('',(#1591,#1592,#1593,#1594,#1595,#1596));
#4173=EDGE_LOOP('',(#1597,#1598,#1599,#1600,#1601,#1602));
#4174=EDGE_LOOP('',(#1603,#1604,#1605,#1606,#1607,#1608));
#4175=EDGE_LOOP('',(#1609,#1610,#1611,#1612,#1613,#1614));
#4176=EDGE_LOOP('',(#1615));
#4177=EDGE_LOOP('',(#1616));
#4178=EDGE_LOOP('',(#1617));
#4179=EDGE_LOOP('',(#1618));
#4180=EDGE_LOOP('',(#1619));
#4181=EDGE_LOOP('',(#1620));
#4182=EDGE_LOOP('',(#1621));
#4183=EDGE_LOOP('',(#1622));
#4184=EDGE_LOOP('',(#1623));
#4185=EDGE_LOOP('',(#1624));
#4186=EDGE_LOOP('',(#1625));
#4187=EDGE_LOOP('',(#1626));
#4188=EDGE_LOOP('',(#1627));
#4189=EDGE_LOOP('',(#1628));
#4190=EDGE_LOOP('',(#1629));
#4191=EDGE_LOOP('',(#1630));
#4192=EDGE_LOOP('',(#1631));
#4193=EDGE_LOOP('',(#1632));
#4194=EDGE_LOOP('',(#1633));
#4195=EDGE_LOOP('',(#1634));
#4196=EDGE_LOOP('',(#1635));
#4197=EDGE_LOOP('',(#1636));
#4198=EDGE_LOOP('',(#1637));
#4199=EDGE_LOOP('',(#1638));
#4200=EDGE_LOOP('',(#1639));
#4201=EDGE_LOOP('',(#1640));
#4202=EDGE_LOOP('',(#1641));
#4203=EDGE_LOOP('',(#1642));
#4204=EDGE_LOOP('',(#1643));
#4205=EDGE_LOOP('',(#1644));
#4206=EDGE_LOOP('',(#1645));
#4207=EDGE_LOOP('',(#1646));
#4208=EDGE_LOOP('',(#1647));
#4209=EDGE_LOOP('',(#1648));
#4210=EDGE_LOOP('',(#1649));
#4211=EDGE_LOOP('',(#1650));
#4212=EDGE_LOOP('',(#1651));
#4213=EDGE_LOOP('',(#1652));
#4214=EDGE_LOOP('',(#1653));
#4215=EDGE_LOOP('',(#1654));
#4216=EDGE_LOOP('',(#1655));
#4217=EDGE_LOOP('',(#1656));
#4218=EDGE_LOOP('',(#1657));
#4219=EDGE_LOOP('',(#1658));
#4220=EDGE_LOOP('',(#1659));
#4221=EDGE_LOOP('',(#1660,#1661));
#4222=EDGE_LOOP('',(#1662));
#4223=EDGE_LOOP('',(#1663));
#4224=EDGE_LOOP('',(#1664,#1665));
#4225=EDGE_LOOP('',(#1666));
#4226=EDGE_LOOP('',(#1667));
#4227=EDGE_LOOP('',(#1668,#1669,#1670,#1671,#1672,#1673));
#4228=EDGE_LOOP('',(#1674,#1675));
#4229=EDGE_LOOP('',(#1676,#1677,#1678,#1679,#1680,#1681));
#4230=EDGE_LOOP('',(#1682,#1683));
#4231=EDGE_LOOP('',(#1684));
#4232=EDGE_LOOP('',(#1685,#1686,#1687,#1688));
#4233=EDGE_LOOP('',(#1689));
#4234=EDGE_LOOP('',(#1690,#1691,#1692,#1693));
#4235=EDGE_LOOP('',(#1694));
#4236=EDGE_LOOP('',(#1695,#1696,#1697,#1698,#1699,#1700));
#4237=EDGE_LOOP('',(#1701));
#4238=EDGE_LOOP('',(#1702,#1703,#1704,#1705));
#4239=EDGE_LOOP('',(#1706));
#4240=EDGE_LOOP('',(#1707,#1708,#1709,#1710));
#4241=EDGE_LOOP('',(#1711));
#4242=EDGE_LOOP('',(#1712,#1713,#1714,#1715));
#4243=EDGE_LOOP('',(#1716,#1717,#1718,#1719,#1720,#1721));
#4244=EDGE_LOOP('',(#1722));
#4245=EDGE_LOOP('',(#1723));
#4246=EDGE_LOOP('',(#1724,#1725,#1726,#1727));
#4247=EDGE_LOOP('',(#1728));
#4248=EDGE_LOOP('',(#1729));
#4249=EDGE_LOOP('',(#1730,#1731,#1732,#1733));
#4250=EDGE_LOOP('',(#1734));
#4251=EDGE_LOOP('',(#1735));
#4252=EDGE_LOOP('',(#1736,#1737,#1738,#1739));
#4253=EDGE_LOOP('',(#1740,#1741,#1742,#1743,#1744,#1745));
#4254=EDGE_LOOP('',(#1746,#1747,#1748,#1749,#1750,#1751));
#4255=EDGE_LOOP('',(#1752,#1753,#1754,#1755,#1756,#1757,#1758,#1759,#1760,
#1761));
#4256=EDGE_LOOP('',(#1762,#1763,#1764,#1765,#1766,#1767));
#4257=EDGE_LOOP('',(#1768,#1769,#1770,#1771,#1772,#1773,#1774,#1775,#1776,
#1777));
#4258=EDGE_LOOP('',(#1778,#1779,#1780,#1781,#1782,#1783));
#4259=EDGE_LOOP('',(#1784,#1785,#1786,#1787,#1788,#1789,#1790,#1791,#1792,
#1793));
#4260=EDGE_LOOP('',(#1794,#1795,#1796));
#4261=EDGE_LOOP('',(#1797,#1798,#1799,#1800,#1801,#1802,#1803));
#4262=EDGE_LOOP('',(#1804,#1805,#1806));
#4263=EDGE_LOOP('',(#1807,#1808,#1809,#1810,#1811));
#4264=EDGE_LOOP('',(#1812,#1813,#1814));
#4265=EDGE_LOOP('',(#1815,#1816,#1817,#1818));
#4266=EDGE_LOOP('',(#1819,#1820,#1821));
#4267=EDGE_LOOP('',(#1822,#1823,#1824,#1825,#1826));
#4268=EDGE_LOOP('',(#1827,#1828,#1829));
#4269=EDGE_LOOP('',(#1830,#1831,#1832));
#4270=EDGE_LOOP('',(#1833,#1834,#1835,#1836,#1837));
#4271=EDGE_LOOP('',(#1838));
#4272=EDGE_LOOP('',(#1839));
#4273=EDGE_LOOP('',(#1840));
#4274=EDGE_LOOP('',(#1841));
#4275=EDGE_LOOP('',(#1842,#1843,#1844,#1845,#1846,#1847,#1848,#1849,#1850,
#1851,#1852,#1853,#1854,#1855,#1856,#1857));
#4276=EDGE_LOOP('',(#1858,#1859,#1860,#1861,#1862,#1863,#1864,#1865));
#4277=EDGE_LOOP('',(#1866,#1867,#1868,#1869,#1870));
#4278=EDGE_LOOP('',(#1871,#1872,#1873,#1874,#1875));
#4279=EDGE_LOOP('',(#1876,#1877));
#4280=EDGE_LOOP('',(#1878,#1879,#1880,#1881,#1882,#1883));
#4281=EDGE_LOOP('',(#1884,#1885,#1886,#1887));
#4282=EDGE_LOOP('',(#1888,#1889,#1890,#1891));
#4283=EDGE_LOOP('',(#1892,#1893,#1894,#1895));
#4284=EDGE_LOOP('',(#1896,#1897,#1898,#1899,#1900,#1901,#1902,#1903,#1904,
#1905));
#4285=EDGE_LOOP('',(#1906));
#4286=EDGE_LOOP('',(#1907,#1908));
#4287=EDGE_LOOP('',(#1909,#1910,#1911,#1912,#1913,#1914,#1915,#1916,#1917,
#1918,#1919,#1920,#1921,#1922,#1923,#1924));
#4288=EDGE_LOOP('',(#1925));
#4289=EDGE_LOOP('',(#1926,#1927,#1928,#1929));
#4290=EDGE_LOOP('',(#1930,#1931,#1932,#1933));
#4291=EDGE_LOOP('',(#1934,#1935,#1936,#1937,#1938,#1939,#1940,#1941));
#4292=EDGE_LOOP('',(#1942,#1943,#1944,#1945,#1946,#1947,#1948,#1949,#1950,
#1951,#1952));
#4293=EDGE_LOOP('',(#1953));
#4294=EDGE_LOOP('',(#1954));
#4295=EDGE_LOOP('',(#1955));
#4296=EDGE_LOOP('',(#1956,#1957));
#4297=EDGE_LOOP('',(#1958));
#4298=EDGE_LOOP('',(#1959));
#4299=EDGE_LOOP('',(#1960));
#4300=EDGE_LOOP('',(#1961,#1962));
#4301=EDGE_LOOP('',(#1963,#1964));
#4302=EDGE_LOOP('',(#1965,#1966));
#4303=EDGE_LOOP('',(#1967,#1968));
#4304=EDGE_LOOP('',(#1969,#1970,#1971,#1972,#1973,#1974,#1975));
#4305=EDGE_LOOP('',(#1976,#1977,#1978,#1979,#1980,#1981));
#4306=EDGE_LOOP('',(#1982,#1983,#1984,#1985,#1986,#1987,#1988,#1989));
#4307=EDGE_LOOP('',(#1990,#1991,#1992,#1993,#1994,#1995,#1996,#1997));
#4308=EDGE_LOOP('',(#1998,#1999,#2000,#2001,#2002));
#4309=EDGE_LOOP('',(#2003,#2004,#2005));
#4310=EDGE_LOOP('',(#2006,#2007,#2008));
#4311=EDGE_LOOP('',(#2009,#2010,#2011,#2012,#2013));
#4312=EDGE_LOOP('',(#2014));
#4313=EDGE_LOOP('',(#2015));
#4314=EDGE_LOOP('',(#2016));
#4315=EDGE_LOOP('',(#2017));
#4316=EDGE_LOOP('',(#2018,#2019,#2020,#2021,#2022));
#4317=EDGE_LOOP('',(#2023,#2024,#2025,#2026,#2027));
#4318=EDGE_LOOP('',(#2028,#2029));
#4319=EDGE_LOOP('',(#2030,#2031,#2032,#2033,#2034,#2035));
#4320=EDGE_LOOP('',(#2036,#2037,#2038,#2039));
#4321=EDGE_LOOP('',(#2040,#2041,#2042,#2043));
#4322=EDGE_LOOP('',(#2044,#2045,#2046,#2047));
#4323=EDGE_LOOP('',(#2048,#2049,#2050,#2051,#2052,#2053,#2054,#2055,#2056,
#2057));
#4324=EDGE_LOOP('',(#2058));
#4325=EDGE_LOOP('',(#2059,#2060));
#4326=EDGE_LOOP('',(#2061,#2062,#2063,#2064,#2065,#2066,#2067,#2068,#2069,
#2070,#2071,#2072,#2073,#2074,#2075,#2076));
#4327=EDGE_LOOP('',(#2077));
#4328=EDGE_LOOP('',(#2078,#2079,#2080,#2081));
#4329=EDGE_LOOP('',(#2082,#2083,#2084,#2085,#2086,#2087,#2088,#2089));
#4330=EDGE_LOOP('',(#2090,#2091,#2092,#2093,#2094,#2095,#2096,#2097,#2098,
#2099,#2100));
#4331=EDGE_LOOP('',(#2101));
#4332=EDGE_LOOP('',(#2102));
#4333=EDGE_LOOP('',(#2103));
#4334=EDGE_LOOP('',(#2104,#2105));
#4335=EDGE_LOOP('',(#2106));
#4336=EDGE_LOOP('',(#2107));
#4337=EDGE_LOOP('',(#2108));
#4338=EDGE_LOOP('',(#2109,#2110));
#4339=EDGE_LOOP('',(#2111,#2112));
#4340=EDGE_LOOP('',(#2113,#2114));
#4341=EDGE_LOOP('',(#2115,#2116));
#4342=EDGE_LOOP('',(#2117,#2118,#2119,#2120,#2121,#2122,#2123));
#4343=EDGE_LOOP('',(#2124,#2125,#2126,#2127,#2128,#2129));
#4344=EDGE_LOOP('',(#2130,#2131,#2132,#2133,#2134,#2135,#2136,#2137));
#4345=EDGE_LOOP('',(#2138,#2139,#2140,#2141,#2142,#2143,#2144,#2145));
#4346=EDGE_LOOP('',(#2146,#2147,#2148,#2149,#2150,#2151,#2152,#2153));
#4347=EDGE_LOOP('',(#2154,#2155,#2156,#2157,#2158,#2159,#2160));
#4348=EDGE_LOOP('',(#2161,#2162,#2163,#2164,#2165,#2166,#2167));
#4349=EDGE_LOOP('',(#2168,#2169,#2170,#2171));
#4350=EDGE_LOOP('',(#2172,#2173,#2174));
#4351=EDGE_LOOP('',(#2175,#2176,#2177));
#4352=EDGE_LOOP('',(#2178,#2179,#2180,#2181));
#4353=EDGE_LOOP('',(#2182,#2183,#2184,#2185,#2186,#2187,#2188));
#4354=EDGE_LOOP('',(#2189,#2190,#2191,#2192,#2193));
#4355=EDGE_LOOP('',(#2194,#2195,#2196,#2197,#2198));
#4356=EDGE_LOOP('',(#2199,#2200,#2201,#2202,#2203));
#4357=EDGE_LOOP('',(#2204,#2205,#2206,#2207,#2208,#2209,#2210));
#4358=EDGE_LOOP('',(#2211,#2212,#2213,#2214,#2215));
#4359=EDGE_LOOP('',(#2216,#2217,#2218,#2219,#2220,#2221,#2222,#2223,#2224,
#2225));
#4360=EDGE_LOOP('',(#2226,#2227,#2228,#2229,#2230));
#4361=EDGE_LOOP('',(#2231,#2232,#2233,#2234,#2235,#2236,#2237));
#4362=EDGE_LOOP('',(#2238));
#4363=EDGE_LOOP('',(#2239));
#4364=EDGE_LOOP('',(#2240,#2241));
#4365=EDGE_LOOP('',(#2242));
#4366=EDGE_LOOP('',(#2243));
#4367=EDGE_LOOP('',(#2244,#2245));
#4368=EDGE_LOOP('',(#2246));
#4369=EDGE_LOOP('',(#2247,#2248,#2249,#2250,#2251,#2252,#2253,#2254,#2255,
#2256,#2257,#2258,#2259));
#4370=EDGE_LOOP('',(#2260));
#4371=EDGE_LOOP('',(#2261,#2262,#2263,#2264,#2265,#2266,#2267,#2268,#2269,
#2270,#2271,#2272,#2273));
#4372=EDGE_LOOP('',(#2274,#2275,#2276,#2277,#2278));
#4373=EDGE_LOOP('',(#2279,#2280,#2281,#2282,#2283,#2284));
#4374=EDGE_LOOP('',(#2285));
#4375=EDGE_LOOP('',(#2286));
#4376=EDGE_LOOP('',(#2287,#2288,#2289,#2290,#2291));
#4377=EDGE_LOOP('',(#2292));
#4378=EDGE_LOOP('',(#2293));
#4379=EDGE_LOOP('',(#2294,#2295,#2296,#2297));
#4380=EDGE_LOOP('',(#2298,#2299,#2300,#2301));
#4381=EDGE_LOOP('',(#2302,#2303,#2304,#2305));
#4382=EDGE_LOOP('',(#2306,#2307,#2308,#2309));
#4383=EDGE_LOOP('',(#2310,#2311,#2312,#2313));
#4384=EDGE_LOOP('',(#2314,#2315,#2316,#2317,#2318,#2319));
#4385=EDGE_LOOP('',(#2320,#2321,#2322,#2323,#2324,#2325,#2326));
#4386=EDGE_LOOP('',(#2327,#2328,#2329));
#4387=EDGE_LOOP('',(#2330,#2331,#2332,#2333,#2334,#2335));
#4388=EDGE_LOOP('',(#2336));
#4389=EDGE_LOOP('',(#2337,#2338,#2339,#2340,#2341,#2342,#2343,#2344,#2345,
#2346,#2347,#2348,#2349));
#4390=EDGE_LOOP('',(#2350));
#4391=EDGE_LOOP('',(#2351,#2352,#2353,#2354,#2355,#2356,#2357,#2358,#2359,
#2360,#2361,#2362,#2363));
#4392=EDGE_LOOP('',(#2364,#2365,#2366,#2367,#2368));
#4393=EDGE_LOOP('',(#2369));
#4394=EDGE_LOOP('',(#2370));
#4395=EDGE_LOOP('',(#2371,#2372,#2373,#2374,#2375));
#4396=EDGE_LOOP('',(#2376));
#4397=EDGE_LOOP('',(#2377));
#4398=EDGE_LOOP('',(#2378,#2379,#2380,#2381));
#4399=EDGE_LOOP('',(#2382,#2383,#2384,#2385));
#4400=EDGE_LOOP('',(#2386,#2387,#2388,#2389));
#4401=EDGE_LOOP('',(#2390,#2391,#2392,#2393));
#4402=EDGE_LOOP('',(#2394,#2395,#2396,#2397));
#4403=EDGE_LOOP('',(#2398,#2399,#2400,#2401,#2402,#2403,#2404));
#4404=EDGE_LOOP('',(#2405,#2406,#2407,#2408,#2409,#2410));
#4405=EDGE_LOOP('',(#2411,#2412,#2413));
#4406=EDGE_LOOP('',(#2414));
#4407=EDGE_LOOP('',(#2415));
#4408=EDGE_LOOP('',(#2416));
#4409=EDGE_LOOP('',(#2417));
#4410=EDGE_LOOP('',(#2418));
#4411=EDGE_LOOP('',(#2419));
#4412=EDGE_LOOP('',(#2420));
#4413=EDGE_LOOP('',(#2421));
#4414=EDGE_LOOP('',(#2422,#2423,#2424,#2425));
#4415=EDGE_LOOP('',(#2426,#2427,#2428,#2429));
#4416=EDGE_LOOP('',(#2430,#2431,#2432,#2433));
#4417=EDGE_LOOP('',(#2434));
#4418=EDGE_LOOP('',(#2435));
#4419=EDGE_LOOP('',(#2436));
#4420=EDGE_LOOP('',(#2437));
#4421=EDGE_LOOP('',(#2438));
#4422=EDGE_LOOP('',(#2439));
#4423=EDGE_LOOP('',(#2440));
#4424=EDGE_LOOP('',(#2441));
#4425=EDGE_LOOP('',(#2442));
#4426=EDGE_LOOP('',(#2443));
#4427=EDGE_LOOP('',(#2444));
#4428=EDGE_LOOP('',(#2445));
#4429=EDGE_LOOP('',(#2446,#2447,#2448,#2449));
#4430=EDGE_LOOP('',(#2450,#2451,#2452,#2453));
#4431=EDGE_LOOP('',(#2454,#2455,#2456,#2457));
#4432=EDGE_LOOP('',(#2458));
#4433=EDGE_LOOP('',(#2459));
#4434=EDGE_LOOP('',(#2460));
#4435=EDGE_LOOP('',(#2461));
#4436=EDGE_LOOP('',(#2462,#2463,#2464,#2465));
#4437=EDGE_LOOP('',(#2466,#2467,#2468,#2469));
#4438=EDGE_LOOP('',(#2470,#2471));
#4439=EDGE_LOOP('',(#2472,#2473));
#4440=EDGE_LOOP('',(#2474,#2475));
#4441=EDGE_LOOP('',(#2476,#2477,#2478,#2479,#2480,#2481));
#4442=EDGE_LOOP('',(#2482,#2483));
#4443=EDGE_LOOP('',(#2484,#2485));
#4444=EDGE_LOOP('',(#2486,#2487));
#4445=EDGE_LOOP('',(#2488,#2489,#2490,#2491,#2492,#2493));
#4446=EDGE_LOOP('',(#2494,#2495));
#4447=EDGE_LOOP('',(#2496,#2497,#2498,#2499));
#4448=EDGE_LOOP('',(#2500,#2501,#2502,#2503));
#4449=EDGE_LOOP('',(#2504,#2505));
#4450=FACE_BOUND('',#3997,.T.);
#4451=FACE_BOUND('',#3998,.T.);
#4452=FACE_BOUND('',#3999,.T.);
#4453=FACE_BOUND('',#4000,.T.);
#4454=FACE_BOUND('',#4001,.T.);
#4455=FACE_BOUND('',#4002,.T.);
#4456=FACE_BOUND('',#4003,.T.);
#4457=FACE_BOUND('',#4004,.T.);
#4458=FACE_BOUND('',#4005,.T.);
#4459=FACE_BOUND('',#4006,.T.);
#4460=FACE_BOUND('',#4007,.T.);
#4461=FACE_BOUND('',#4008,.T.);
#4462=FACE_BOUND('',#4009,.T.);
#4463=FACE_BOUND('',#4010,.T.);
#4464=FACE_BOUND('',#4011,.T.);
#4465=FACE_BOUND('',#4012,.T.);
#4466=FACE_BOUND('',#4013,.T.);
#4467=FACE_BOUND('',#4014,.T.);
#4468=FACE_BOUND('',#4015,.T.);
#4469=FACE_BOUND('',#4016,.T.);
#4470=FACE_BOUND('',#4017,.T.);
#4471=FACE_BOUND('',#4018,.T.);
#4472=FACE_BOUND('',#4019,.T.);
#4473=FACE_BOUND('',#4020,.T.);
#4474=FACE_BOUND('',#4021,.T.);
#4475=FACE_BOUND('',#4022,.T.);
#4476=FACE_BOUND('',#4023,.T.);
#4477=FACE_BOUND('',#4024,.T.);
#4478=FACE_BOUND('',#4025,.T.);
#4479=FACE_BOUND('',#4026,.T.);
#4480=FACE_BOUND('',#4027,.T.);
#4481=FACE_BOUND('',#4028,.T.);
#4482=FACE_BOUND('',#4029,.T.);
#4483=FACE_BOUND('',#4030,.T.);
#4484=FACE_BOUND('',#4031,.T.);
#4485=FACE_BOUND('',#4032,.T.);
#4486=FACE_BOUND('',#4033,.T.);
#4487=FACE_BOUND('',#4034,.T.);
#4488=FACE_BOUND('',#4035,.T.);
#4489=FACE_BOUND('',#4036,.T.);
#4490=FACE_BOUND('',#4037,.T.);
#4491=FACE_BOUND('',#4038,.T.);
#4492=FACE_BOUND('',#4039,.T.);
#4493=FACE_BOUND('',#4040,.T.);
#4494=FACE_BOUND('',#4041,.T.);
#4495=FACE_BOUND('',#4042,.T.);
#4496=FACE_BOUND('',#4043,.T.);
#4497=FACE_BOUND('',#4044,.T.);
#4498=FACE_BOUND('',#4045,.T.);
#4499=FACE_BOUND('',#4046,.T.);
#4500=FACE_BOUND('',#4047,.T.);
#4501=FACE_BOUND('',#4048,.T.);
#4502=FACE_BOUND('',#4049,.T.);
#4503=FACE_BOUND('',#4050,.T.);
#4504=FACE_BOUND('',#4051,.T.);
#4505=FACE_BOUND('',#4052,.T.);
#4506=FACE_BOUND('',#4053,.T.);
#4507=FACE_BOUND('',#4054,.T.);
#4508=FACE_BOUND('',#4055,.T.);
#4509=FACE_BOUND('',#4056,.T.);
#4510=FACE_BOUND('',#4057,.T.);
#4511=FACE_BOUND('',#4058,.T.);
#4512=FACE_BOUND('',#4059,.T.);
#4513=FACE_BOUND('',#4060,.T.);
#4514=FACE_BOUND('',#4061,.T.);
#4515=FACE_BOUND('',#4062,.T.);
#4516=FACE_BOUND('',#4063,.T.);
#4517=FACE_BOUND('',#4064,.T.);
#4518=FACE_BOUND('',#4065,.T.);
#4519=FACE_BOUND('',#4066,.T.);
#4520=FACE_BOUND('',#4067,.T.);
#4521=FACE_BOUND('',#4068,.T.);
#4522=FACE_BOUND('',#4069,.T.);
#4523=FACE_BOUND('',#4070,.T.);
#4524=FACE_BOUND('',#4071,.T.);
#4525=FACE_BOUND('',#4072,.T.);
#4526=FACE_BOUND('',#4073,.T.);
#4527=FACE_BOUND('',#4074,.T.);
#4528=FACE_BOUND('',#4075,.T.);
#4529=FACE_BOUND('',#4076,.T.);
#4530=FACE_BOUND('',#4077,.T.);
#4531=FACE_BOUND('',#4078,.T.);
#4532=FACE_BOUND('',#4079,.T.);
#4533=FACE_BOUND('',#4080,.T.);
#4534=FACE_BOUND('',#4081,.T.);
#4535=FACE_BOUND('',#4082,.T.);
#4536=FACE_BOUND('',#4083,.T.);
#4537=FACE_BOUND('',#4084,.T.);
#4538=FACE_BOUND('',#4085,.T.);
#4539=FACE_BOUND('',#4086,.T.);
#4540=FACE_BOUND('',#4087,.T.);
#4541=FACE_BOUND('',#4088,.T.);
#4542=FACE_BOUND('',#4089,.T.);
#4543=FACE_BOUND('',#4090,.T.);
#4544=FACE_BOUND('',#4091,.T.);
#4545=FACE_BOUND('',#4092,.T.);
#4546=FACE_BOUND('',#4093,.T.);
#4547=FACE_BOUND('',#4094,.T.);
#4548=FACE_BOUND('',#4095,.T.);
#4549=FACE_BOUND('',#4096,.T.);
#4550=FACE_BOUND('',#4097,.T.);
#4551=FACE_BOUND('',#4098,.T.);
#4552=FACE_BOUND('',#4099,.T.);
#4553=FACE_BOUND('',#4100,.T.);
#4554=FACE_BOUND('',#4101,.T.);
#4555=FACE_BOUND('',#4102,.T.);
#4556=FACE_BOUND('',#4103,.T.);
#4557=FACE_BOUND('',#4104,.T.);
#4558=FACE_BOUND('',#4105,.T.);
#4559=FACE_BOUND('',#4106,.T.);
#4560=FACE_BOUND('',#4107,.T.);
#4561=FACE_BOUND('',#4108,.T.);
#4562=FACE_BOUND('',#4109,.T.);
#4563=FACE_BOUND('',#4110,.T.);
#4564=FACE_BOUND('',#4111,.T.);
#4565=FACE_BOUND('',#4112,.T.);
#4566=FACE_BOUND('',#4113,.T.);
#4567=FACE_BOUND('',#4114,.T.);
#4568=FACE_BOUND('',#4115,.T.);
#4569=FACE_BOUND('',#4116,.T.);
#4570=FACE_BOUND('',#4117,.T.);
#4571=FACE_BOUND('',#4118,.T.);
#4572=FACE_BOUND('',#4119,.T.);
#4573=FACE_BOUND('',#4120,.T.);
#4574=FACE_BOUND('',#4121,.T.);
#4575=FACE_BOUND('',#4122,.T.);
#4576=FACE_BOUND('',#4123,.T.);
#4577=FACE_BOUND('',#4124,.T.);
#4578=FACE_BOUND('',#4125,.T.);
#4579=FACE_BOUND('',#4126,.T.);
#4580=FACE_BOUND('',#4127,.T.);
#4581=FACE_BOUND('',#4128,.T.);
#4582=FACE_BOUND('',#4129,.T.);
#4583=FACE_BOUND('',#4130,.T.);
#4584=FACE_BOUND('',#4131,.T.);
#4585=FACE_BOUND('',#4132,.T.);
#4586=FACE_BOUND('',#4133,.T.);
#4587=FACE_BOUND('',#4134,.T.);
#4588=FACE_BOUND('',#4135,.T.);
#4589=FACE_BOUND('',#4136,.T.);
#4590=FACE_BOUND('',#4137,.T.);
#4591=FACE_BOUND('',#4138,.T.);
#4592=FACE_BOUND('',#4139,.T.);
#4593=FACE_BOUND('',#4140,.T.);
#4594=FACE_BOUND('',#4141,.T.);
#4595=FACE_BOUND('',#4142,.T.);
#4596=FACE_BOUND('',#4143,.T.);
#4597=FACE_BOUND('',#4144,.T.);
#4598=FACE_BOUND('',#4145,.T.);
#4599=FACE_BOUND('',#4146,.T.);
#4600=FACE_BOUND('',#4147,.T.);
#4601=FACE_BOUND('',#4148,.T.);
#4602=FACE_BOUND('',#4149,.T.);
#4603=FACE_BOUND('',#4150,.T.);
#4604=FACE_BOUND('',#4151,.T.);
#4605=FACE_BOUND('',#4152,.T.);
#4606=FACE_BOUND('',#4153,.T.);
#4607=FACE_BOUND('',#4154,.T.);
#4608=FACE_BOUND('',#4155,.T.);
#4609=FACE_BOUND('',#4156,.T.);
#4610=FACE_BOUND('',#4157,.T.);
#4611=FACE_BOUND('',#4158,.T.);
#4612=FACE_BOUND('',#4159,.T.);
#4613=FACE_BOUND('',#4160,.T.);
#4614=FACE_BOUND('',#4161,.T.);
#4615=FACE_BOUND('',#4162,.T.);
#4616=FACE_BOUND('',#4163,.T.);
#4617=FACE_BOUND('',#4164,.T.);
#4618=FACE_BOUND('',#4165,.T.);
#4619=FACE_BOUND('',#4166,.T.);
#4620=FACE_BOUND('',#4167,.T.);
#4621=FACE_BOUND('',#4168,.T.);
#4622=FACE_BOUND('',#4169,.T.);
#4623=FACE_BOUND('',#4170,.T.);
#4624=FACE_BOUND('',#4171,.T.);
#4625=FACE_BOUND('',#4172,.T.);
#4626=FACE_BOUND('',#4173,.T.);
#4627=FACE_BOUND('',#4174,.T.);
#4628=FACE_BOUND('',#4175,.T.);
#4629=FACE_BOUND('',#4176,.T.);
#4630=FACE_BOUND('',#4177,.T.);
#4631=FACE_BOUND('',#4178,.T.);
#4632=FACE_BOUND('',#4179,.T.);
#4633=FACE_BOUND('',#4180,.T.);
#4634=FACE_BOUND('',#4181,.T.);
#4635=FACE_BOUND('',#4182,.T.);
#4636=FACE_BOUND('',#4183,.T.);
#4637=FACE_BOUND('',#4184,.T.);
#4638=FACE_BOUND('',#4185,.T.);
#4639=FACE_BOUND('',#4186,.T.);
#4640=FACE_BOUND('',#4187,.T.);
#4641=FACE_BOUND('',#4188,.T.);
#4642=FACE_BOUND('',#4189,.T.);
#4643=FACE_BOUND('',#4190,.T.);
#4644=FACE_BOUND('',#4191,.T.);
#4645=FACE_BOUND('',#4192,.T.);
#4646=FACE_BOUND('',#4193,.T.);
#4647=FACE_BOUND('',#4194,.T.);
#4648=FACE_BOUND('',#4195,.T.);
#4649=FACE_BOUND('',#4196,.T.);
#4650=FACE_BOUND('',#4197,.T.);
#4651=FACE_BOUND('',#4198,.T.);
#4652=FACE_BOUND('',#4199,.T.);
#4653=FACE_BOUND('',#4200,.T.);
#4654=FACE_BOUND('',#4201,.T.);
#4655=FACE_BOUND('',#4202,.T.);
#4656=FACE_BOUND('',#4203,.T.);
#4657=FACE_BOUND('',#4204,.T.);
#4658=FACE_BOUND('',#4205,.T.);
#4659=FACE_BOUND('',#4206,.T.);
#4660=FACE_BOUND('',#4207,.T.);
#4661=FACE_BOUND('',#4208,.T.);
#4662=FACE_BOUND('',#4209,.T.);
#4663=FACE_BOUND('',#4210,.T.);
#4664=FACE_BOUND('',#4211,.T.);
#4665=FACE_BOUND('',#4212,.T.);
#4666=FACE_BOUND('',#4213,.T.);
#4667=FACE_BOUND('',#4214,.T.);
#4668=FACE_BOUND('',#4215,.T.);
#4669=FACE_BOUND('',#4216,.T.);
#4670=FACE_BOUND('',#4217,.T.);
#4671=FACE_BOUND('',#4218,.T.);
#4672=FACE_BOUND('',#4219,.T.);
#4673=FACE_BOUND('',#4220,.T.);
#4674=FACE_BOUND('',#4221,.T.);
#4675=FACE_BOUND('',#4222,.T.);
#4676=FACE_BOUND('',#4223,.T.);
#4677=FACE_BOUND('',#4224,.T.);
#4678=FACE_BOUND('',#4225,.T.);
#4679=FACE_BOUND('',#4226,.T.);
#4680=FACE_BOUND('',#4227,.T.);
#4681=FACE_BOUND('',#4228,.T.);
#4682=FACE_BOUND('',#4229,.T.);
#4683=FACE_BOUND('',#4230,.T.);
#4684=FACE_BOUND('',#4231,.T.);
#4685=FACE_BOUND('',#4232,.T.);
#4686=FACE_BOUND('',#4233,.T.);
#4687=FACE_BOUND('',#4234,.T.);
#4688=FACE_BOUND('',#4235,.T.);
#4689=FACE_BOUND('',#4236,.T.);
#4690=FACE_BOUND('',#4237,.T.);
#4691=FACE_BOUND('',#4238,.T.);
#4692=FACE_BOUND('',#4239,.T.);
#4693=FACE_BOUND('',#4240,.T.);
#4694=FACE_BOUND('',#4241,.T.);
#4695=FACE_BOUND('',#4242,.T.);
#4696=FACE_BOUND('',#4243,.T.);
#4697=FACE_BOUND('',#4244,.T.);
#4698=FACE_BOUND('',#4245,.T.);
#4699=FACE_BOUND('',#4246,.T.);
#4700=FACE_BOUND('',#4247,.T.);
#4701=FACE_BOUND('',#4248,.T.);
#4702=FACE_BOUND('',#4249,.T.);
#4703=FACE_BOUND('',#4250,.T.);
#4704=FACE_BOUND('',#4251,.T.);
#4705=FACE_BOUND('',#4252,.T.);
#4706=FACE_BOUND('',#4253,.T.);
#4707=FACE_BOUND('',#4254,.T.);
#4708=FACE_BOUND('',#4255,.T.);
#4709=FACE_BOUND('',#4256,.T.);
#4710=FACE_BOUND('',#4257,.T.);
#4711=FACE_BOUND('',#4258,.T.);
#4712=FACE_BOUND('',#4259,.T.);
#4713=FACE_BOUND('',#4260,.T.);
#4714=FACE_BOUND('',#4261,.T.);
#4715=FACE_BOUND('',#4262,.T.);
#4716=FACE_BOUND('',#4263,.T.);
#4717=FACE_BOUND('',#4264,.T.);
#4718=FACE_BOUND('',#4265,.T.);
#4719=FACE_BOUND('',#4266,.T.);
#4720=FACE_BOUND('',#4267,.T.);
#4721=FACE_BOUND('',#4268,.T.);
#4722=FACE_BOUND('',#4269,.T.);
#4723=FACE_BOUND('',#4270,.T.);
#4724=FACE_BOUND('',#4271,.T.);
#4725=FACE_BOUND('',#4272,.T.);
#4726=FACE_BOUND('',#4273,.T.);
#4727=FACE_BOUND('',#4274,.T.);
#4728=FACE_BOUND('',#4275,.T.);
#4729=FACE_BOUND('',#4276,.T.);
#4730=FACE_BOUND('',#4277,.T.);
#4731=FACE_BOUND('',#4278,.T.);
#4732=FACE_BOUND('',#4279,.T.);
#4733=FACE_BOUND('',#4280,.T.);
#4734=FACE_BOUND('',#4281,.T.);
#4735=FACE_BOUND('',#4282,.T.);
#4736=FACE_BOUND('',#4283,.T.);
#4737=FACE_BOUND('',#4284,.T.);
#4738=FACE_BOUND('',#4285,.T.);
#4739=FACE_BOUND('',#4286,.T.);
#4740=FACE_BOUND('',#4287,.T.);
#4741=FACE_BOUND('',#4288,.T.);
#4742=FACE_BOUND('',#4289,.T.);
#4743=FACE_BOUND('',#4290,.T.);
#4744=FACE_BOUND('',#4291,.T.);
#4745=FACE_BOUND('',#4292,.T.);
#4746=FACE_BOUND('',#4293,.T.);
#4747=FACE_BOUND('',#4294,.T.);
#4748=FACE_BOUND('',#4295,.T.);
#4749=FACE_BOUND('',#4296,.T.);
#4750=FACE_BOUND('',#4297,.T.);
#4751=FACE_BOUND('',#4298,.T.);
#4752=FACE_BOUND('',#4299,.T.);
#4753=FACE_BOUND('',#4300,.T.);
#4754=FACE_BOUND('',#4301,.T.);
#4755=FACE_BOUND('',#4302,.T.);
#4756=FACE_BOUND('',#4303,.T.);
#4757=FACE_BOUND('',#4304,.T.);
#4758=FACE_BOUND('',#4305,.T.);
#4759=FACE_BOUND('',#4306,.T.);
#4760=FACE_BOUND('',#4307,.T.);
#4761=FACE_BOUND('',#4308,.T.);
#4762=FACE_BOUND('',#4309,.T.);
#4763=FACE_BOUND('',#4310,.T.);
#4764=FACE_BOUND('',#4311,.T.);
#4765=FACE_BOUND('',#4312,.T.);
#4766=FACE_BOUND('',#4313,.T.);
#4767=FACE_BOUND('',#4314,.T.);
#4768=FACE_BOUND('',#4315,.T.);
#4769=FACE_BOUND('',#4316,.T.);
#4770=FACE_BOUND('',#4317,.T.);
#4771=FACE_BOUND('',#4318,.T.);
#4772=FACE_BOUND('',#4319,.T.);
#4773=FACE_BOUND('',#4320,.T.);
#4774=FACE_BOUND('',#4321,.T.);
#4775=FACE_BOUND('',#4322,.T.);
#4776=FACE_BOUND('',#4323,.T.);
#4777=FACE_BOUND('',#4324,.T.);
#4778=FACE_BOUND('',#4325,.T.);
#4779=FACE_BOUND('',#4326,.T.);
#4780=FACE_BOUND('',#4327,.T.);
#4781=FACE_BOUND('',#4328,.T.);
#4782=FACE_BOUND('',#4329,.T.);
#4783=FACE_BOUND('',#4330,.T.);
#4784=FACE_BOUND('',#4331,.T.);
#4785=FACE_BOUND('',#4332,.T.);
#4786=FACE_BOUND('',#4333,.T.);
#4787=FACE_BOUND('',#4334,.T.);
#4788=FACE_BOUND('',#4335,.T.);
#4789=FACE_BOUND('',#4336,.T.);
#4790=FACE_BOUND('',#4337,.T.);
#4791=FACE_BOUND('',#4338,.T.);
#4792=FACE_BOUND('',#4339,.T.);
#4793=FACE_BOUND('',#4340,.T.);
#4794=FACE_BOUND('',#4341,.T.);
#4795=FACE_BOUND('',#4342,.T.);
#4796=FACE_BOUND('',#4343,.T.);
#4797=FACE_BOUND('',#4344,.T.);
#4798=FACE_BOUND('',#4345,.T.);
#4799=FACE_BOUND('',#4346,.T.);
#4800=FACE_BOUND('',#4347,.T.);
#4801=FACE_BOUND('',#4348,.T.);
#4802=FACE_BOUND('',#4349,.T.);
#4803=FACE_BOUND('',#4350,.T.);
#4804=FACE_BOUND('',#4351,.T.);
#4805=FACE_BOUND('',#4352,.T.);
#4806=FACE_BOUND('',#4353,.T.);
#4807=FACE_BOUND('',#4354,.T.);
#4808=FACE_BOUND('',#4355,.T.);
#4809=FACE_BOUND('',#4356,.T.);
#4810=FACE_BOUND('',#4357,.T.);
#4811=FACE_BOUND('',#4358,.T.);
#4812=FACE_BOUND('',#4359,.T.);
#4813=FACE_BOUND('',#4360,.T.);
#4814=FACE_BOUND('',#4361,.T.);
#4815=FACE_BOUND('',#4362,.T.);
#4816=FACE_BOUND('',#4363,.T.);
#4817=FACE_BOUND('',#4364,.T.);
#4818=FACE_BOUND('',#4365,.T.);
#4819=FACE_BOUND('',#4366,.T.);
#4820=FACE_BOUND('',#4367,.T.);
#4821=FACE_BOUND('',#4368,.T.);
#4822=FACE_BOUND('',#4369,.T.);
#4823=FACE_BOUND('',#4370,.T.);
#4824=FACE_BOUND('',#4371,.T.);
#4825=FACE_BOUND('',#4372,.T.);
#4826=FACE_BOUND('',#4373,.T.);
#4827=FACE_BOUND('',#4374,.T.);
#4828=FACE_BOUND('',#4375,.T.);
#4829=FACE_BOUND('',#4376,.T.);
#4830=FACE_BOUND('',#4377,.T.);
#4831=FACE_BOUND('',#4378,.T.);
#4832=FACE_BOUND('',#4379,.T.);
#4833=FACE_BOUND('',#4380,.T.);
#4834=FACE_BOUND('',#4381,.T.);
#4835=FACE_BOUND('',#4382,.T.);
#4836=FACE_BOUND('',#4383,.T.);
#4837=FACE_BOUND('',#4384,.T.);
#4838=FACE_BOUND('',#4385,.T.);
#4839=FACE_BOUND('',#4386,.T.);
#4840=FACE_BOUND('',#4387,.T.);
#4841=FACE_BOUND('',#4388,.T.);
#4842=FACE_BOUND('',#4389,.T.);
#4843=FACE_BOUND('',#4390,.T.);
#4844=FACE_BOUND('',#4391,.T.);
#4845=FACE_BOUND('',#4392,.T.);
#4846=FACE_BOUND('',#4393,.T.);
#4847=FACE_BOUND('',#4394,.T.);
#4848=FACE_BOUND('',#4395,.T.);
#4849=FACE_BOUND('',#4396,.T.);
#4850=FACE_BOUND('',#4397,.T.);
#4851=FACE_BOUND('',#4398,.T.);
#4852=FACE_BOUND('',#4399,.T.);
#4853=FACE_BOUND('',#4400,.T.);
#4854=FACE_BOUND('',#4401,.T.);
#4855=FACE_BOUND('',#4402,.T.);
#4856=FACE_BOUND('',#4403,.T.);
#4857=FACE_BOUND('',#4404,.T.);
#4858=FACE_BOUND('',#4405,.T.);
#4859=FACE_BOUND('',#4406,.T.);
#4860=FACE_BOUND('',#4407,.T.);
#4861=FACE_BOUND('',#4408,.T.);
#4862=FACE_BOUND('',#4409,.T.);
#4863=FACE_BOUND('',#4410,.T.);
#4864=FACE_BOUND('',#4411,.T.);
#4865=FACE_BOUND('',#4412,.T.);
#4866=FACE_BOUND('',#4413,.T.);
#4867=FACE_BOUND('',#4414,.T.);
#4868=FACE_BOUND('',#4415,.T.);
#4869=FACE_BOUND('',#4416,.T.);
#4870=FACE_BOUND('',#4417,.T.);
#4871=FACE_BOUND('',#4418,.T.);
#4872=FACE_BOUND('',#4419,.T.);
#4873=FACE_BOUND('',#4420,.T.);
#4874=FACE_BOUND('',#4421,.T.);
#4875=FACE_BOUND('',#4422,.T.);
#4876=FACE_BOUND('',#4423,.T.);
#4877=FACE_BOUND('',#4424,.T.);
#4878=FACE_BOUND('',#4425,.T.);
#4879=FACE_BOUND('',#4426,.T.);
#4880=FACE_BOUND('',#4427,.T.);
#4881=FACE_BOUND('',#4428,.T.);
#4882=FACE_BOUND('',#4429,.T.);
#4883=FACE_BOUND('',#4430,.T.);
#4884=FACE_BOUND('',#4431,.T.);
#4885=FACE_BOUND('',#4432,.T.);
#4886=FACE_BOUND('',#4433,.T.);
#4887=FACE_BOUND('',#4434,.T.);
#4888=FACE_BOUND('',#4435,.T.);
#4889=FACE_BOUND('',#4436,.T.);
#4890=FACE_BOUND('',#4437,.T.);
#4891=FACE_BOUND('',#4438,.T.);
#4892=FACE_BOUND('',#4439,.T.);
#4893=FACE_BOUND('',#4440,.T.);
#4894=FACE_BOUND('',#4441,.T.);
#4895=FACE_BOUND('',#4442,.T.);
#4896=FACE_BOUND('',#4443,.T.);
#4897=FACE_BOUND('',#4444,.T.);
#4898=FACE_BOUND('',#4445,.T.);
#4899=FACE_BOUND('',#4446,.T.);
#4900=FACE_BOUND('',#4447,.T.);
#4901=FACE_BOUND('',#4448,.T.);
#4902=FACE_BOUND('',#4449,.T.);
#4903=CYLINDRICAL_SURFACE('',#5384,0.0019);
#4904=CYLINDRICAL_SURFACE('',#5387,0.0019);
#4905=CYLINDRICAL_SURFACE('',#5390,0.0019);
#4906=CYLINDRICAL_SURFACE('',#5398,0.0021);
#4907=CYLINDRICAL_SURFACE('',#5402,0.0021);
#4908=CYLINDRICAL_SURFACE('',#5406,0.0021);
#4909=CYLINDRICAL_SURFACE('',#5408,0.0015);
#4910=CYLINDRICAL_SURFACE('',#5411,0.0015);
#4911=CYLINDRICAL_SURFACE('',#5414,0.0015);
#4912=CYLINDRICAL_SURFACE('',#5417,0.0015);
#4913=CYLINDRICAL_SURFACE('',#5420,0.0015);
#4914=CYLINDRICAL_SURFACE('',#5423,0.0015);
#4915=CYLINDRICAL_SURFACE('',#5426,0.018);
#4916=CYLINDRICAL_SURFACE('',#5457,0.01825);
#4917=CYLINDRICAL_SURFACE('',#5486,0.0075);
#4918=CYLINDRICAL_SURFACE('',#5487,0.01225);
#4919=CYLINDRICAL_SURFACE('',#5490,0.011);
#4920=CYLINDRICAL_SURFACE('',#5495,0.005);
#4921=CYLINDRICAL_SURFACE('',#5496,0.005);
#4922=CYLINDRICAL_SURFACE('',#5498,0.005);
#4923=CYLINDRICAL_SURFACE('',#5499,0.005);
#4924=CYLINDRICAL_SURFACE('',#5509,0.01225);
#4925=CYLINDRICAL_SURFACE('',#5519,0.011);
#4926=CYLINDRICAL_SURFACE('',#5522,0.005);
#4927=CYLINDRICAL_SURFACE('',#5523,0.005);
#4928=CYLINDRICAL_SURFACE('',#5524,0.005);
#4929=CYLINDRICAL_SURFACE('',#5525,0.005);
#4930=CYLINDRICAL_SURFACE('',#5526,0.003);
#4931=CYLINDRICAL_SURFACE('',#5527,0.003);
#4932=CYLINDRICAL_SURFACE('',#5528,0.003);
#4933=CYLINDRICAL_SURFACE('',#5529,0.003);
#4934=CYLINDRICAL_SURFACE('',#5530,0.003);
#4935=CYLINDRICAL_SURFACE('',#5531,0.003);
#4936=CYLINDRICAL_SURFACE('',#5532,0.003);
#4937=CYLINDRICAL_SURFACE('',#5533,0.003);
#4938=CYLINDRICAL_SURFACE('',#5534,0.004);
#4939=CYLINDRICAL_SURFACE('',#5535,0.004);
#4940=CYLINDRICAL_SURFACE('',#5537,0.0021);
#4941=CYLINDRICAL_SURFACE('',#5541,0.0021);
#4942=CYLINDRICAL_SURFACE('',#5547,0.0019);
#4943=CYLINDRICAL_SURFACE('',#5550,0.0019);
#4944=CYLINDRICAL_SURFACE('',#5551,0.004);
#4945=CYLINDRICAL_SURFACE('',#5552,0.004);
#4946=CYLINDRICAL_SURFACE('',#5554,0.0021);
#4947=CYLINDRICAL_SURFACE('',#5558,0.0021);
#4948=CYLINDRICAL_SURFACE('',#5564,0.0019);
#4949=CYLINDRICAL_SURFACE('',#5567,0.0019);
#4950=CYLINDRICAL_SURFACE('',#5570,0.003);
#4951=CYLINDRICAL_SURFACE('',#5572,0.003);
#4952=CYLINDRICAL_SURFACE('',#5574,0.003);
#4953=CYLINDRICAL_SURFACE('',#5576,0.003);
#4954=CYLINDRICAL_SURFACE('',#5578,0.003);
#4955=CYLINDRICAL_SURFACE('',#5581,0.003);
#4956=CYLINDRICAL_SURFACE('',#5584,0.003);
#4957=CYLINDRICAL_SURFACE('',#5587,0.003);
#4958=CYLINDRICAL_SURFACE('',#5590,0.003);
#4959=CYLINDRICAL_SURFACE('',#5593,0.003);
#4960=CYLINDRICAL_SURFACE('',#5596,0.0021);
#4961=CYLINDRICAL_SURFACE('',#5600,0.0021);
#4962=CYLINDRICAL_SURFACE('',#5604,0.0021);
#4963=CYLINDRICAL_SURFACE('',#5610,0.0019);
#4964=CYLINDRICAL_SURFACE('',#5613,0.0019);
#4965=CYLINDRICAL_SURFACE('',#5616,0.0019);
#4966=CYLINDRICAL_SURFACE('',#5617,0.0015);
#4967=CYLINDRICAL_SURFACE('',#5620,0.0015);
#4968=CYLINDRICAL_SURFACE('',#5626,0.00975);
#4969=CYLINDRICAL_SURFACE('',#5629,0.0255);
#4970=CYLINDRICAL_SURFACE('',#5633,0.00975);
#4971=CYLINDRICAL_SURFACE('',#5636,0.0255);
#4972=CYLINDRICAL_SURFACE('',#5649,0.0669354731608313);
#4973=CYLINDRICAL_SURFACE('',#5651,0.0672986722694536);
#4974=CYLINDRICAL_SURFACE('',#5655,0.01225);
#4975=CYLINDRICAL_SURFACE('',#5657,0.01225);
#4976=CYLINDRICAL_SURFACE('',#5660,0.01225);
#4977=CYLINDRICAL_SURFACE('',#5663,0.01225);
#4978=CYLINDRICAL_SURFACE('',#5665,0.0015);
#4979=CYLINDRICAL_SURFACE('',#5668,0.0015);
#4980=CYLINDRICAL_SURFACE('',#5674,0.0255);
#4981=CYLINDRICAL_SURFACE('',#5677,0.01225);
#4982=CYLINDRICAL_SURFACE('',#5681,0.011);
#4983=CYLINDRICAL_SURFACE('',#5685,0.01225);
#4984=CYLINDRICAL_SURFACE('',#5696,0.0225);
#4985=CYLINDRICAL_SURFACE('',#5706,0.00275);
#4986=CYLINDRICAL_SURFACE('',#5709,0.00275);
#4987=CYLINDRICAL_SURFACE('',#5710,0.004);
#4988=CYLINDRICAL_SURFACE('',#5711,0.004);
#4989=CYLINDRICAL_SURFACE('',#5712,0.00209999999999992);
#4990=CYLINDRICAL_SURFACE('',#5713,0.003);
#4991=CYLINDRICAL_SURFACE('',#5714,0.003);
#4992=CYLINDRICAL_SURFACE('',#5715,0.01225);
#4993=CYLINDRICAL_SURFACE('',#5717,0.01225);
#4994=CYLINDRICAL_SURFACE('',#5720,0.01225);
#4995=CYLINDRICAL_SURFACE('',#5723,0.01225);
#4996=CYLINDRICAL_SURFACE('',#5725,0.0015);
#4997=CYLINDRICAL_SURFACE('',#5728,0.0015);
#4998=CYLINDRICAL_SURFACE('',#5733,0.01225);
#4999=CYLINDRICAL_SURFACE('',#5737,0.011);
#5000=CYLINDRICAL_SURFACE('',#5741,0.01225);
#5001=CYLINDRICAL_SURFACE('',#5759,0.00275);
#5002=CYLINDRICAL_SURFACE('',#5762,0.00275);
#5003=CYLINDRICAL_SURFACE('',#5763,0.004);
#5004=CYLINDRICAL_SURFACE('',#5764,0.004);
#5005=CYLINDRICAL_SURFACE('',#5765,0.00209999999999992);
#5006=CYLINDRICAL_SURFACE('',#5766,0.003);
#5007=CYLINDRICAL_SURFACE('',#5767,0.003);
#5008=CYLINDRICAL_SURFACE('',#5769,0.00950781250000001);
#5009=CYLINDRICAL_SURFACE('',#5771,0.00950781249999999);
#5010=CYLINDRICAL_SURFACE('',#5774,0.005);
#5011=CYLINDRICAL_SURFACE('',#5775,0.005);
#5012=CYLINDRICAL_SURFACE('',#5776,0.005);
#5013=CYLINDRICAL_SURFACE('',#5780,0.0016);
#5014=CYLINDRICAL_SURFACE('',#5783,0.0016);
#5015=CYLINDRICAL_SURFACE('',#5794,0.0015);
#5016=CYLINDRICAL_SURFACE('',#5797,0.0015);
#5017=CYLINDRICAL_SURFACE('',#5799,0.007);
#5018=CYLINDRICAL_SURFACE('',#5803,0.00975);
#5019=CYLINDRICAL_SURFACE('',#5807,0.007);
#5020=CYLINDRICAL_SURFACE('',#5819,0.0015);
#5021=CYLINDRICAL_SURFACE('',#5822,0.0015);
#5022=CYLINDRICAL_SURFACE('',#5824,0.007);
#5023=CYLINDRICAL_SURFACE('',#5828,0.00975);
#5024=CYLINDRICAL_SURFACE('',#5832,0.007);
#5025=CYLINDRICAL_SURFACE('',#5834,0.003);
#5026=CYLINDRICAL_SURFACE('',#5837,0.003);
#5027=CYLINDRICAL_SURFACE('',#5845,0.00275);
#5028=CYLINDRICAL_SURFACE('',#5846,0.00275);
#5029=CYLINDRICAL_SURFACE('',#5847,0.003);
#5030=CYLINDRICAL_SURFACE('',#5852,0.003);
#5031=CYLINDRICAL_SURFACE('',#5858,0.00275);
#5032=CYLINDRICAL_SURFACE('',#5859,0.00275);
#5033=CYLINDRICAL_SURFACE('',#5864,0.0102);
#5034=CYLINDRICAL_SURFACE('',#5867,0.0137);
#5035=CYLINDRICAL_SURFACE('',#5870,0.0102);
#5036=CYLINDRICAL_SURFACE('',#5873,0.0137);
#5037=ADVANCED_FACE('',(#4450,#4451),#4903,.F.);
#5038=ADVANCED_FACE('',(#4452,#4453),#4904,.F.);
#5039=ADVANCED_FACE('',(#4454,#4455),#4905,.F.);
#5040=ADVANCED_FACE('',(#4456),#884,.T.);
#5041=ADVANCED_FACE('',(#4457),#885,.T.);
#5042=ADVANCED_FACE('',(#4458),#886,.T.);
#5043=ADVANCED_FACE('',(#4459,#4460),#887,.T.);
#5044=ADVANCED_FACE('',(#4461,#4462),#4906,.F.);
#5045=ADVANCED_FACE('',(#4463,#4464),#888,.T.);
#5046=ADVANCED_FACE('',(#4465,#4466),#4907,.F.);
#5047=ADVANCED_FACE('',(#4467,#4468),#889,.T.);
#5048=ADVANCED_FACE('',(#4469,#4470),#4908,.F.);
#5049=ADVANCED_FACE('',(#4471,#4472),#4909,.F.);
#5050=ADVANCED_FACE('',(#4473,#4474),#4910,.F.);
#5051=ADVANCED_FACE('',(#4475,#4476),#4911,.F.);
#5052=ADVANCED_FACE('',(#4477,#4478),#4912,.F.);
#5053=ADVANCED_FACE('',(#4479,#4480),#4913,.F.);
#5054=ADVANCED_FACE('',(#4481,#4482),#4914,.F.);
#5055=ADVANCED_FACE('',(#4483,#4484,#4485,#4486,#4487,#4488,#4489,#4490),
#4915,.F.);
#5056=ADVANCED_FACE('',(#4491),#75,.T.);
#5057=ADVANCED_FACE('',(#4492),#890,.F.);
#5058=ADVANCED_FACE('',(#4493),#76,.T.);
#5059=ADVANCED_FACE('',(#4494),#77,.F.);
#5060=ADVANCED_FACE('',(#4495),#78,.F.);
#5061=ADVANCED_FACE('',(#4496),#79,.F.);
#5062=ADVANCED_FACE('',(#4497,#4498),#891,.T.);
#5063=ADVANCED_FACE('',(#4499),#892,.T.);
#5064=ADVANCED_FACE('',(#4500),#893,.T.);
#5065=ADVANCED_FACE('',(#4501),#894,.T.);
#5066=ADVANCED_FACE('',(#4502,#4503,#4504,#4505),#895,.F.);
#5067=ADVANCED_FACE('',(#4506),#896,.F.);
#5068=ADVANCED_FACE('',(#4507),#897,.F.);
#5069=ADVANCED_FACE('',(#4508),#898,.F.);
#5070=ADVANCED_FACE('',(#4509),#899,.F.);
#5071=ADVANCED_FACE('',(#4510),#900,.T.);
#5072=ADVANCED_FACE('',(#4511,#4512),#4916,.F.);
#5073=ADVANCED_FACE('',(#4513,#4514,#4515,#4516,#4517,#4518,#4519,#4520),
#901,.T.);
#5074=ADVANCED_FACE('',(#4521,#4522),#902,.F.);
#5075=ADVANCED_FACE('',(#4523),#80,.F.);
#5076=ADVANCED_FACE('',(#4524),#81,.T.);
#5077=ADVANCED_FACE('',(#4525,#4526),#903,.F.);
#5078=ADVANCED_FACE('',(#4527),#904,.F.);
#5079=ADVANCED_FACE('',(#4528),#905,.F.);
#5080=ADVANCED_FACE('',(#4529,#4530),#4917,.F.);
#5081=ADVANCED_FACE('',(#4531),#4918,.F.);
#5082=ADVANCED_FACE('',(#4532),#82,.T.);
#5083=ADVANCED_FACE('',(#4533),#83,.T.);
#5084=ADVANCED_FACE('',(#4534),#84,.F.);
#5085=ADVANCED_FACE('',(#4535),#85,.F.);
#5086=ADVANCED_FACE('',(#4536),#86,.F.);
#5087=ADVANCED_FACE('',(#4537),#4919,.F.);
#5088=ADVANCED_FACE('',(#4538),#906,.F.);
#5089=ADVANCED_FACE('',(#4539),#907,.T.);
#5090=ADVANCED_FACE('',(#4540),#4920,.T.);
#5091=ADVANCED_FACE('',(#4541),#4921,.T.);
#5092=ADVANCED_FACE('',(#4542),#908,.T.);
#5093=ADVANCED_FACE('',(#4543),#4922,.T.);
#5094=ADVANCED_FACE('',(#4544),#4923,.T.);
#5095=ADVANCED_FACE('',(#4545,#4546,#4547,#4548),#909,.T.);
#5096=ADVANCED_FACE('',(#4549,#4550),#910,.F.);
#5097=ADVANCED_FACE('',(#4551),#87,.F.);
#5098=ADVANCED_FACE('',(#4552),#4924,.F.);
#5099=ADVANCED_FACE('',(#4553),#88,.T.);
#5100=ADVANCED_FACE('',(#4554,#4555),#911,.F.);
#5101=ADVANCED_FACE('',(#4556),#89,.F.);
#5102=ADVANCED_FACE('',(#4557),#90,.F.);
#5103=ADVANCED_FACE('',(#4558),#91,.T.);
#5104=ADVANCED_FACE('',(#4559),#92,.T.);
#5105=ADVANCED_FACE('',(#4560),#912,.F.);
#5106=ADVANCED_FACE('',(#4561),#4925,.F.);
#5107=ADVANCED_FACE('',(#4562),#913,.T.);
#5108=ADVANCED_FACE('',(#4563),#30,.F.);
#5109=ADVANCED_FACE('',(#4564),#4926,.F.);
#5110=ADVANCED_FACE('',(#4565),#4927,.F.);
#5111=ADVANCED_FACE('',(#4566),#31,.F.);
#5112=ADVANCED_FACE('',(#4567),#4928,.F.);
#5113=ADVANCED_FACE('',(#4568),#32,.F.);
#5114=ADVANCED_FACE('',(#4569),#4929,.F.);
#5115=ADVANCED_FACE('',(#4570),#33,.F.);
#5116=ADVANCED_FACE('',(#4571),#4930,.F.);
#5117=ADVANCED_FACE('',(#4572),#4931,.F.);
#5118=ADVANCED_FACE('',(#4573),#4932,.F.);
#5119=ADVANCED_FACE('',(#4574),#4933,.F.);
#5120=ADVANCED_FACE('',(#4575),#4934,.F.);
#5121=ADVANCED_FACE('',(#4576),#4935,.F.);
#5122=ADVANCED_FACE('',(#4577),#4936,.F.);
#5123=ADVANCED_FACE('',(#4578),#4937,.F.);
#5124=ADVANCED_FACE('',(#4579),#4938,.T.);
#5125=ADVANCED_FACE('',(#4580),#4939,.T.);
#5126=ADVANCED_FACE('',(#4581),#914,.F.);
#5127=ADVANCED_FACE('',(#4582),#4940,.F.);
#5128=ADVANCED_FACE('',(#4583,#4584),#915,.T.);
#5129=ADVANCED_FACE('',(#4585,#4586),#4941,.F.);
#5130=ADVANCED_FACE('',(#4587,#4588),#916,.T.);
#5131=ADVANCED_FACE('',(#4589),#917,.T.);
#5132=ADVANCED_FACE('',(#4590,#4591),#4942,.F.);
#5133=ADVANCED_FACE('',(#4592),#918,.T.);
#5134=ADVANCED_FACE('',(#4593,#4594),#4943,.F.);
#5135=ADVANCED_FACE('',(#4595),#4944,.T.);
#5136=ADVANCED_FACE('',(#4596),#4945,.T.);
#5137=ADVANCED_FACE('',(#4597),#919,.T.);
#5138=ADVANCED_FACE('',(#4598),#4946,.F.);
#5139=ADVANCED_FACE('',(#4599,#4600),#920,.T.);
#5140=ADVANCED_FACE('',(#4601,#4602),#4947,.F.);
#5141=ADVANCED_FACE('',(#4603,#4604),#921,.T.);
#5142=ADVANCED_FACE('',(#4605),#922,.T.);
#5143=ADVANCED_FACE('',(#4606,#4607),#4948,.F.);
#5144=ADVANCED_FACE('',(#4608),#923,.T.);
#5145=ADVANCED_FACE('',(#4609,#4610),#4949,.F.);
#5146=ADVANCED_FACE('',(#4611),#924,.T.);
#5147=ADVANCED_FACE('',(#4612),#925,.T.);
#5148=ADVANCED_FACE('',(#4613),#4950,.T.);
#5149=ADVANCED_FACE('',(#4614),#34,.T.);
#5150=ADVANCED_FACE('',(#4615),#35,.T.);
#5151=ADVANCED_FACE('',(#4616),#4951,.T.);
#5152=ADVANCED_FACE('',(#4617),#36,.T.);
#5153=ADVANCED_FACE('',(#4618),#37,.T.);
#5154=ADVANCED_FACE('',(#4619),#4952,.T.);
#5155=ADVANCED_FACE('',(#4620),#38,.T.);
#5156=ADVANCED_FACE('',(#4621),#39,.T.);
#5157=ADVANCED_FACE('',(#4622),#4953,.T.);
#5158=ADVANCED_FACE('',(#4623),#40,.T.);
#5159=ADVANCED_FACE('',(#4624),#41,.T.);
#5160=ADVANCED_FACE('',(#4625),#42,.F.);
#5161=ADVANCED_FACE('',(#4626),#43,.F.);
#5162=ADVANCED_FACE('',(#4627),#44,.F.);
#5163=ADVANCED_FACE('',(#4628),#45,.F.);
#5164=ADVANCED_FACE('',(#4629,#4630),#4954,.F.);
#5165=ADVANCED_FACE('',(#4631,#4632),#926,.T.);
#5166=ADVANCED_FACE('',(#4633,#4634),#4955,.F.);
#5167=ADVANCED_FACE('',(#4635,#4636),#927,.T.);
#5168=ADVANCED_FACE('',(#4637,#4638),#4956,.F.);
#5169=ADVANCED_FACE('',(#4639,#4640),#928,.T.);
#5170=ADVANCED_FACE('',(#4641,#4642),#4957,.F.);
#5171=ADVANCED_FACE('',(#4643,#4644),#929,.T.);
#5172=ADVANCED_FACE('',(#4645,#4646),#4958,.F.);
#5173=ADVANCED_FACE('',(#4647,#4648),#930,.T.);
#5174=ADVANCED_FACE('',(#4649,#4650),#4959,.F.);
#5175=ADVANCED_FACE('',(#4651,#4652),#931,.T.);
#5176=ADVANCED_FACE('',(#4653,#4654),#4960,.F.);
#5177=ADVANCED_FACE('',(#4655,#4656),#932,.T.);
#5178=ADVANCED_FACE('',(#4657,#4658),#4961,.F.);
#5179=ADVANCED_FACE('',(#4659,#4660),#933,.T.);
#5180=ADVANCED_FACE('',(#4661,#4662),#4962,.F.);
#5181=ADVANCED_FACE('',(#4663,#4664),#934,.T.);
#5182=ADVANCED_FACE('',(#4665),#935,.T.);
#5183=ADVANCED_FACE('',(#4666,#4667),#4963,.F.);
#5184=ADVANCED_FACE('',(#4668),#936,.T.);
#5185=ADVANCED_FACE('',(#4669,#4670),#4964,.F.);
#5186=ADVANCED_FACE('',(#4671),#937,.T.);
#5187=ADVANCED_FACE('',(#4672,#4673),#4965,.F.);
#5188=ADVANCED_FACE('',(#4674,#4675),#4966,.F.);
#5189=ADVANCED_FACE('',(#4676),#938,.T.);
#5190=ADVANCED_FACE('',(#4677,#4678),#4967,.F.);
#5191=ADVANCED_FACE('',(#4679),#939,.T.);
#5192=ADVANCED_FACE('',(#4680,#4681),#93,.F.);
#5193=ADVANCED_FACE('',(#4682,#4683),#94,.F.);
#5194=ADVANCED_FACE('',(#4684,#4685,#4686),#95,.T.);
#5195=ADVANCED_FACE('',(#4687,#4688,#4689,#4690),#96,.T.);
#5196=ADVANCED_FACE('',(#4691),#4968,.F.);
#5197=ADVANCED_FACE('',(#4692,#4693,#4694),#4969,.T.);
#5198=ADVANCED_FACE('',(#4695,#4696,#4697,#4698),#97,.T.);
#5199=ADVANCED_FACE('',(#4699,#4700,#4701),#98,.T.);
#5200=ADVANCED_FACE('',(#4702),#4970,.F.);
#5201=ADVANCED_FACE('',(#4703,#4704,#4705),#4971,.T.);
#5202=ADVANCED_FACE('',(#4706),#18,.T.);
#5203=ADVANCED_FACE('',(#4707),#940,.T.);
#5204=ADVANCED_FACE('',(#4708),#941,.T.);
#5205=ADVANCED_FACE('',(#4709),#19,.T.);
#5206=ADVANCED_FACE('',(#4710),#942,.T.);
#5207=ADVANCED_FACE('',(#4711),#943,.T.);
#5208=ADVANCED_FACE('',(#4712),#99,.T.);
#5209=ADVANCED_FACE('',(#4713),#4972,.F.);
#5210=ADVANCED_FACE('',(#4714),#46,.F.);
#5211=ADVANCED_FACE('',(#4715),#4973,.F.);
#5212=ADVANCED_FACE('',(#4716),#100,.F.);
#5213=ADVANCED_FACE('',(#4717),#944,.T.);
#5214=ADVANCED_FACE('',(#4718),#945,.F.);
#5215=ADVANCED_FACE('',(#4719),#946,.T.);
#5216=ADVANCED_FACE('',(#4720),#4974,.F.);
#5217=ADVANCED_FACE('',(#4721),#4975,.F.);
#5218=ADVANCED_FACE('',(#4722),#4976,.F.);
#5219=ADVANCED_FACE('',(#4723),#4977,.F.);
#5220=ADVANCED_FACE('',(#4724,#4725),#4978,.F.);
#5221=ADVANCED_FACE('',(#4726,#4727),#4979,.F.);
#5222=ADVANCED_FACE('',(#4728),#947,.F.);
#5223=ADVANCED_FACE('',(#4729),#4980,.T.);
#5224=ADVANCED_FACE('',(#4730),#948,.F.);
#5225=ADVANCED_FACE('',(#4731),#949,.F.);
#5226=ADVANCED_FACE('',(#4732),#4981,.F.);
#5227=ADVANCED_FACE('',(#4733),#950,.T.);
#5228=ADVANCED_FACE('',(#4734),#4982,.F.);
#5229=ADVANCED_FACE('',(#4735),#951,.T.);
#5230=ADVANCED_FACE('',(#4736),#4983,.F.);
#5231=ADVANCED_FACE('',(#4737,#4738,#4739),#952,.F.);
#5232=ADVANCED_FACE('',(#4740,#4741),#953,.T.);
#5233=ADVANCED_FACE('',(#4742),#4984,.F.);
#5234=ADVANCED_FACE('',(#4743),#20,.F.);
#5235=ADVANCED_FACE('',(#4744),#954,.T.);
#5236=ADVANCED_FACE('',(#4745),#955,.T.);
#5237=ADVANCED_FACE('',(#4746,#4747),#956,.T.);
#5238=ADVANCED_FACE('',(#4748,#4749),#4985,.F.);
#5239=ADVANCED_FACE('',(#4750,#4751),#957,.T.);
#5240=ADVANCED_FACE('',(#4752,#4753),#4986,.F.);
#5241=ADVANCED_FACE('',(#4754),#4987,.T.);
#5242=ADVANCED_FACE('',(#4755),#4988,.T.);
#5243=ADVANCED_FACE('',(#4756),#4989,.F.);
#5244=ADVANCED_FACE('',(#4757),#4990,.F.);
#5245=ADVANCED_FACE('',(#4758),#4991,.F.);
#5246=ADVANCED_FACE('',(#4759),#47,.F.);
#5247=ADVANCED_FACE('',(#4760),#48,.F.);
#5248=ADVANCED_FACE('',(#4761),#4992,.F.);
#5249=ADVANCED_FACE('',(#4762),#4993,.F.);
#5250=ADVANCED_FACE('',(#4763),#4994,.F.);
#5251=ADVANCED_FACE('',(#4764),#4995,.F.);
#5252=ADVANCED_FACE('',(#4765,#4766),#4996,.F.);
#5253=ADVANCED_FACE('',(#4767,#4768),#4997,.F.);
#5254=ADVANCED_FACE('',(#4769),#958,.F.);
#5255=ADVANCED_FACE('',(#4770),#959,.F.);
#5256=ADVANCED_FACE('',(#4771),#4998,.F.);
#5257=ADVANCED_FACE('',(#4772),#960,.T.);
#5258=ADVANCED_FACE('',(#4773),#4999,.F.);
#5259=ADVANCED_FACE('',(#4774),#961,.T.);
#5260=ADVANCED_FACE('',(#4775),#5000,.F.);
#5261=ADVANCED_FACE('',(#4776,#4777,#4778),#962,.F.);
#5262=ADVANCED_FACE('',(#4779,#4780),#963,.T.);
#5263=ADVANCED_FACE('',(#4781),#21,.F.);
#5264=ADVANCED_FACE('',(#4782),#964,.T.);
#5265=ADVANCED_FACE('',(#4783),#965,.T.);
#5266=ADVANCED_FACE('',(#4784,#4785),#966,.T.);
#5267=ADVANCED_FACE('',(#4786,#4787),#5001,.F.);
#5268=ADVANCED_FACE('',(#4788,#4789),#967,.T.);
#5269=ADVANCED_FACE('',(#4790,#4791),#5002,.F.);
#5270=ADVANCED_FACE('',(#4792),#5003,.T.);
#5271=ADVANCED_FACE('',(#4793),#5004,.T.);
#5272=ADVANCED_FACE('',(#4794),#5005,.F.);
#5273=ADVANCED_FACE('',(#4795),#5006,.F.);
#5274=ADVANCED_FACE('',(#4796),#5007,.F.);
#5275=ADVANCED_FACE('',(#4797),#49,.F.);
#5276=ADVANCED_FACE('',(#4798),#50,.F.);
#5277=ADVANCED_FACE('',(#4799),#968,.T.);
#5278=ADVANCED_FACE('',(#4800),#5008,.T.);
#5279=ADVANCED_FACE('',(#4801),#5009,.T.);
#5280=ADVANCED_FACE('',(#4802),#969,.T.);
#5281=ADVANCED_FACE('',(#4803),#5010,.F.);
#5282=ADVANCED_FACE('',(#4804),#5011,.F.);
#5283=ADVANCED_FACE('',(#4805),#5012,.F.);
#5284=ADVANCED_FACE('',(#4806),#101,.T.);
#5285=ADVANCED_FACE('',(#4807),#102,.T.);
#5286=ADVANCED_FACE('',(#4808),#103,.T.);
#5287=ADVANCED_FACE('',(#4809),#51,.F.);
#5288=ADVANCED_FACE('',(#4810),#104,.F.);
#5289=ADVANCED_FACE('',(#4811),#105,.F.);
#5290=ADVANCED_FACE('',(#4812),#106,.F.);
#5291=ADVANCED_FACE('',(#4813),#52,.F.);
#5292=ADVANCED_FACE('',(#4814),#53,.F.);
#5293=ADVANCED_FACE('',(#4815),#970,.F.);
#5294=ADVANCED_FACE('',(#4816,#4817),#5013,.F.);
#5295=ADVANCED_FACE('',(#4818),#971,.F.);
#5296=ADVANCED_FACE('',(#4819,#4820),#5014,.F.);
#5297=ADVANCED_FACE('',(#4821,#4822),#972,.T.);
#5298=ADVANCED_FACE('',(#4823,#4824),#973,.T.);
#5299=ADVANCED_FACE('',(#4825),#974,.T.);
#5300=ADVANCED_FACE('',(#4826),#975,.F.);
#5301=ADVANCED_FACE('',(#4827,#4828),#5015,.F.);
#5302=ADVANCED_FACE('',(#4829),#976,.F.);
#5303=ADVANCED_FACE('',(#4830,#4831),#5016,.F.);
#5304=ADVANCED_FACE('',(#4832),#5017,.F.);
#5305=ADVANCED_FACE('',(#4833),#977,.T.);
#5306=ADVANCED_FACE('',(#4834),#5018,.F.);
#5307=ADVANCED_FACE('',(#4835),#978,.F.);
#5308=ADVANCED_FACE('',(#4836),#5019,.F.);
#5309=ADVANCED_FACE('',(#4837),#107,.T.);
#5310=ADVANCED_FACE('',(#4838),#108,.T.);
#5311=ADVANCED_FACE('',(#4839),#979,.F.);
#5312=ADVANCED_FACE('',(#4840),#980,.T.);
#5313=ADVANCED_FACE('',(#4841,#4842),#981,.T.);
#5314=ADVANCED_FACE('',(#4843,#4844),#982,.T.);
#5315=ADVANCED_FACE('',(#4845),#983,.F.);
#5316=ADVANCED_FACE('',(#4846,#4847),#5020,.F.);
#5317=ADVANCED_FACE('',(#4848),#984,.T.);
#5318=ADVANCED_FACE('',(#4849,#4850),#5021,.F.);
#5319=ADVANCED_FACE('',(#4851),#5022,.F.);
#5320=ADVANCED_FACE('',(#4852),#985,.F.);
#5321=ADVANCED_FACE('',(#4853),#5023,.F.);
#5322=ADVANCED_FACE('',(#4854),#986,.T.);
#5323=ADVANCED_FACE('',(#4855),#5024,.F.);
#5324=ADVANCED_FACE('',(#4856),#109,.T.);
#5325=ADVANCED_FACE('',(#4857),#110,.T.);
#5326=ADVANCED_FACE('',(#4858),#987,.F.);
#5327=ADVANCED_FACE('',(#4859,#4860),#5025,.F.);
#5328=ADVANCED_FACE('',(#4861,#4862),#988,.F.);
#5329=ADVANCED_FACE('',(#4863,#4864),#5026,.F.);
#5330=ADVANCED_FACE('',(#4865,#4866),#989,.F.);
#5331=ADVANCED_FACE('',(#4867),#990,.F.);
#5332=ADVANCED_FACE('',(#4868),#991,.T.);
#5333=ADVANCED_FACE('',(#4869),#22,.T.);
#5334=ADVANCED_FACE('',(#4870,#4871),#5027,.F.);
#5335=ADVANCED_FACE('',(#4872,#4873),#5028,.F.);
#5336=ADVANCED_FACE('',(#4874,#4875),#5029,.F.);
#5337=ADVANCED_FACE('',(#4876,#4877),#992,.F.);
#5338=ADVANCED_FACE('',(#4878,#4879),#993,.F.);
#5339=ADVANCED_FACE('',(#4880,#4881),#5030,.F.);
#5340=ADVANCED_FACE('',(#4882),#994,.F.);
#5341=ADVANCED_FACE('',(#4883),#995,.T.);
#5342=ADVANCED_FACE('',(#4884),#23,.T.);
#5343=ADVANCED_FACE('',(#4885,#4886),#5031,.F.);
#5344=ADVANCED_FACE('',(#4887,#4888),#5032,.F.);
#5345=ADVANCED_FACE('',(#4889),#24,.T.);
#5346=ADVANCED_FACE('',(#4890),#25,.T.);
#5347=ADVANCED_FACE('',(#4891),#996,.T.);
#5348=ADVANCED_FACE('',(#4892),#5033,.F.);
#5349=ADVANCED_FACE('',(#4893),#997,.T.);
#5350=ADVANCED_FACE('',(#4894),#5034,.F.);
#5351=ADVANCED_FACE('',(#4895),#998,.T.);
#5352=ADVANCED_FACE('',(#4896),#5035,.F.);
#5353=ADVANCED_FACE('',(#4897),#999,.T.);
#5354=ADVANCED_FACE('',(#4898),#5036,.F.);
#5355=ADVANCED_FACE('',(#4899),#54,.T.);
#5356=ADVANCED_FACE('',(#4900),#55,.T.);
#5357=ADVANCED_FACE('',(#4901),#56,.T.);
#5358=ADVANCED_FACE('',(#4902),#57,.T.);
#5359=CLOSED_SHELL('',(#5037,#5038,#5039,#5040,#5041,#5042,#5043,#5044,
#5045,#5046,#5047,#5048,#5049,#5050,#5051,#5052,#5053,#5054,#5055,#5056,
#5057,#5058,#5059,#5060,#5061,#5062,#5063,#5064,#5065,#5066,#5067,#5068,
#5069,#5070,#5071,#5072,#5073,#5074,#5075,#5076,#5077,#5078,#5079,#5080,
#5081,#5082,#5083,#5084,#5085,#5086,#5087,#5088,#5089,#5090,#5091,#5092,
#5093,#5094,#5095,#5096,#5097,#5098,#5099,#5100,#5101,#5102,#5103,#5104,
#5105,#5106,#5107,#5108,#5109,#5110,#5111,#5112,#5113,#5114,#5115,#5116,
#5117,#5118,#5119,#5120,#5121,#5122,#5123,#5124,#5125,#5126,#5127,#5128,
#5129,#5130,#5131,#5132,#5133,#5134,#5135,#5136,#5137,#5138,#5139,#5140,
#5141,#5142,#5143,#5144,#5145,#5146,#5147,#5148,#5149,#5150,#5151,#5152,
#5153,#5154,#5155,#5156,#5157,#5158,#5159,#5160,#5161,#5162,#5163,#5164,
#5165,#5166,#5167,#5168,#5169,#5170,#5171,#5172,#5173,#5174,#5175,#5176,
#5177,#5178,#5179,#5180,#5181,#5182,#5183,#5184,#5185,#5186,#5187,#5188,
#5189,#5190,#5191));
#5360=CLOSED_SHELL('',(#5192,#5193,#5194,#5195,#5196,#5197,#5198,#5199,
#5200,#5201,#5202,#5203,#5204,#5205,#5206,#5207,#5208,#5209,#5210,#5211,
#5212,#5213,#5214,#5215,#5216,#5217,#5218,#5219,#5220,#5221,#5222,#5223,
#5224,#5225,#5226,#5227,#5228,#5229,#5230,#5231,#5232,#5233,#5234,#5235,
#5236,#5237,#5238,#5239,#5240,#5241,#5242,#5243,#5244,#5245,#5246,#5247,
#5248,#5249,#5250,#5251,#5252,#5253,#5254,#5255,#5256,#5257,#5258,#5259,
#5260,#5261,#5262,#5263,#5264,#5265,#5266,#5267,#5268,#5269,#5270,#5271,
#5272,#5273,#5274,#5275,#5276,#5277,#5278,#5279,#5280,#5281,#5282,#5283,
#5284,#5285,#5286,#5287,#5288,#5289,#5290,#5291,#5292,#5293,#5294,#5295,
#5296,#5297,#5298,#5299,#5300,#5301,#5302,#5303,#5304,#5305,#5306,#5307,
#5308,#5309,#5310,#5311,#5312,#5313,#5314,#5315,#5316,#5317,#5318,#5319,
#5320,#5321,#5322,#5323,#5324,#5325,#5326,#5327,#5328,#5329,#5330,#5331,
#5332,#5333,#5334,#5335,#5336,#5337,#5338,#5339,#5340,#5341,#5342,#5343,
#5344,#5345,#5346,#5347,#5348,#5349,#5350,#5351,#5352,#5353,#5354,#5355,
#5356,#5357,#5358));
#5361=STYLED_ITEM('',(#5363),#5377);
#5362=STYLED_ITEM('',(#5364),#5378);
#5363=PRESENTATION_STYLE_ASSIGNMENT((#5365));
#5364=PRESENTATION_STYLE_ASSIGNMENT((#5366));
#5365=SURFACE_STYLE_USAGE(.BOTH.,#5367);
#5366=SURFACE_STYLE_USAGE(.BOTH.,#5368);
#5367=SURFACE_SIDE_STYLE('',(#5369));
#5368=SURFACE_SIDE_STYLE('',(#5370));
#5369=SURFACE_STYLE_FILL_AREA(#5371);
#5370=SURFACE_STYLE_FILL_AREA(#5372);
#5371=FILL_AREA_STYLE('',(#5373));
#5372=FILL_AREA_STYLE('',(#5374));
#5373=FILL_AREA_STYLE_COLOUR('',#5375);
#5374=FILL_AREA_STYLE_COLOUR('',#5376);
#5375=COLOUR_RGB('',0.615686274509804,0.811764705882353,0.929411764705882);
#5376=COLOUR_RGB('',0.647058823529412,0.647058823529412,0.647058823529412);
#5377=MANIFOLD_SOLID_BREP('Mount Front',#5359);
#5378=MANIFOLD_SOLID_BREP('Mount Back',#5360);
#5379=SHAPE_DEFINITION_REPRESENTATION(#12577,#5381);
#5380=SHAPE_DEFINITION_REPRESENTATION(#12578,#5382);
#5381=SHAPE_REPRESENTATION('Mount Front',(#5383),#12567);
#5382=SHAPE_REPRESENTATION('Mount Back',(#5623),#12568);
#5383=AXIS2_PLACEMENT_3D('',#7107,#5874,#5875);
#5384=AXIS2_PLACEMENT_3D('',#7108,#5876,#5877);
#5385=AXIS2_PLACEMENT_3D('',#7109,#5878,#5879);
#5386=AXIS2_PLACEMENT_3D('',#7111,#5880,#5881);
#5387=AXIS2_PLACEMENT_3D('',#7113,#5882,#5883);
#5388=AXIS2_PLACEMENT_3D('',#7114,#5884,#5885);
#5389=AXIS2_PLACEMENT_3D('',#7116,#5886,#5887);
#5390=AXIS2_PLACEMENT_3D('',#7118,#5888,#5889);
#5391=AXIS2_PLACEMENT_3D('',#7119,#5890,#5891);
#5392=AXIS2_PLACEMENT_3D('',#7121,#5892,#5893);
#5393=AXIS2_PLACEMENT_3D('',#7123,#5894,#5895);
#5394=AXIS2_PLACEMENT_3D('',#7124,#5896,#5897);
#5395=AXIS2_PLACEMENT_3D('',#7125,#5898,#5899);
#5396=AXIS2_PLACEMENT_3D('',#7126,#5900,#5901);
#5397=AXIS2_PLACEMENT_3D('',#7127,#5902,#5903);
#5398=AXIS2_PLACEMENT_3D('',#7129,#5904,#5905);
#5399=AXIS2_PLACEMENT_3D('',#7130,#5906,#5907);
#5400=AXIS2_PLACEMENT_3D('',#7132,#5908,#5909);
#5401=AXIS2_PLACEMENT_3D('',#7133,#5910,#5911);
#5402=AXIS2_PLACEMENT_3D('',#7135,#5912,#5913);
#5403=AXIS2_PLACEMENT_3D('',#7136,#5914,#5915);
#5404=AXIS2_PLACEMENT_3D('',#7138,#5916,#5917);
#5405=AXIS2_PLACEMENT_3D('',#7139,#5918,#5919);
#5406=AXIS2_PLACEMENT_3D('',#7141,#5920,#5921);
#5407=AXIS2_PLACEMENT_3D('',#7142,#5922,#5923);
#5408=AXIS2_PLACEMENT_3D('',#7144,#5924,#5925);
#5409=AXIS2_PLACEMENT_3D('',#7145,#5926,#5927);
#5410=AXIS2_PLACEMENT_3D('',#7147,#5928,#5929);
#5411=AXIS2_PLACEMENT_3D('',#7149,#5930,#5931);
#5412=AXIS2_PLACEMENT_3D('',#7150,#5932,#5933);
#5413=AXIS2_PLACEMENT_3D('',#7152,#5934,#5935);
#5414=AXIS2_PLACEMENT_3D('',#7154,#5936,#5937);
#5415=AXIS2_PLACEMENT_3D('',#7155,#5938,#5939);
#5416=AXIS2_PLACEMENT_3D('',#7157,#5940,#5941);
#5417=AXIS2_PLACEMENT_3D('',#7159,#5942,#5943);
#5418=AXIS2_PLACEMENT_3D('',#7160,#5944,#5945);
#5419=AXIS2_PLACEMENT_3D('',#7162,#5946,#5947);
#5420=AXIS2_PLACEMENT_3D('',#7164,#5948,#5949);
#5421=AXIS2_PLACEMENT_3D('',#7165,#5950,#5951);
#5422=AXIS2_PLACEMENT_3D('',#7167,#5952,#5953);
#5423=AXIS2_PLACEMENT_3D('',#7169,#5954,#5955);
#5424=AXIS2_PLACEMENT_3D('',#7170,#5956,#5957);
#5425=AXIS2_PLACEMENT_3D('',#7172,#5958,#5959);
#5426=AXIS2_PLACEMENT_3D('',#7174,#5960,#5961);
#5427=AXIS2_PLACEMENT_3D('',#7495,#5964,#5965);
#5428=AXIS2_PLACEMENT_3D('',#7685,#5969,#5970);
#5429=AXIS2_PLACEMENT_3D('',#7689,#5972,#5973);
#5430=AXIS2_PLACEMENT_3D('',#7707,#5975,#5976);
#5431=AXIS2_PLACEMENT_3D('',#7711,#5978,#5979);
#5432=AXIS2_PLACEMENT_3D('',#7712,#5980,#5981);
#5433=AXIS2_PLACEMENT_3D('',#7713,#5982,#5983);
#5434=AXIS2_PLACEMENT_3D('',#7717,#5985,#5986);
#5435=AXIS2_PLACEMENT_3D('',#7721,#5988,#5989);
#5436=AXIS2_PLACEMENT_3D('',#7726,#5992,#5993);
#5437=AXIS2_PLACEMENT_3D('',#7730,#5995,#5996);
#5438=AXIS2_PLACEMENT_3D('',#7733,#5998,#5999);
#5439=AXIS2_PLACEMENT_3D('',#7736,#6001,#6002);
#5440=AXIS2_PLACEMENT_3D('',#7738,#6003,#6004);
#5441=AXIS2_PLACEMENT_3D('',#7742,#6006,#6007);
#5442=AXIS2_PLACEMENT_3D('',#7746,#6009,#6010);
#5443=AXIS2_PLACEMENT_3D('',#7748,#6011,#6012);
#5444=AXIS2_PLACEMENT_3D('',#7751,#6014,#6015);
#5445=AXIS2_PLACEMENT_3D('',#7756,#6018,#6019);
#5446=AXIS2_PLACEMENT_3D('',#7758,#6020,#6021);
#5447=AXIS2_PLACEMENT_3D('',#7762,#6023,#6024);
#5448=AXIS2_PLACEMENT_3D('',#7766,#6026,#6027);
#5449=AXIS2_PLACEMENT_3D('',#7768,#6028,#6029);
#5450=AXIS2_PLACEMENT_3D('',#7769,#6030,#6031);
#5451=AXIS2_PLACEMENT_3D('',#7784,#6037,#6038);
#5452=AXIS2_PLACEMENT_3D('',#7798,#6042,#6043);
#5453=AXIS2_PLACEMENT_3D('',#7800,#6045,#6046);
#5454=AXIS2_PLACEMENT_3D('',#7802,#6048,#6049);
#5455=AXIS2_PLACEMENT_3D('',#7804,#6051,#6052);
#5456=AXIS2_PLACEMENT_3D('',#7819,#6058,#6059);
#5457=AXIS2_PLACEMENT_3D('',#7834,#6065,#6066);
#5458=AXIS2_PLACEMENT_3D('',#7835,#6067,#6068);
#5459=AXIS2_PLACEMENT_3D('',#7838,#6070,#6071);
#5460=AXIS2_PLACEMENT_3D('',#7839,#6072,#6073);
#5461=AXIS2_PLACEMENT_3D('',#7840,#6074,#6075);
#5462=AXIS2_PLACEMENT_3D('',#7842,#6076,#6077);
#5463=AXIS2_PLACEMENT_3D('',#7844,#6078,#6079);
#5464=AXIS2_PLACEMENT_3D('',#7846,#6080,#6081);
#5465=AXIS2_PLACEMENT_3D('',#7848,#6082,#6083);
#5466=AXIS2_PLACEMENT_3D('',#7850,#6084,#6085);
#5467=AXIS2_PLACEMENT_3D('',#7852,#6086,#6087);
#5468=AXIS2_PLACEMENT_3D('',#7853,#6088,#6089);
#5469=AXIS2_PLACEMENT_3D('',#7855,#6090,#6091);
#5470=AXIS2_PLACEMENT_3D('',#7857,#6092,#6093);
#5471=AXIS2_PLACEMENT_3D('',#7859,#6094,#6095);
#5472=AXIS2_PLACEMENT_3D('',#7861,#6096,#6097);
#5473=AXIS2_PLACEMENT_3D('',#7863,#6098,#6099);
#5474=AXIS2_PLACEMENT_3D('',#7866,#6101,#6102);
#5475=AXIS2_PLACEMENT_3D('',#7867,#6103,#6104);
#5476=AXIS2_PLACEMENT_3D('',#7870,#6105,#6106);
#5477=AXIS2_PLACEMENT_3D('',#7888,#6115,#6116);
#5478=AXIS2_PLACEMENT_3D('',#7889,#6117,#6118);
#5479=AXIS2_PLACEMENT_3D('',#7949,#6122,#6123);
#5480=AXIS2_PLACEMENT_3D('',#7953,#6125,#6126);
#5481=AXIS2_PLACEMENT_3D('',#7955,#6127,#6128);
#5482=AXIS2_PLACEMENT_3D('',#7957,#6129,#6130);
#5483=AXIS2_PLACEMENT_3D('',#7969,#6137,#6138);
#5484=AXIS2_PLACEMENT_3D('',#7971,#6139,#6140);
#5485=AXIS2_PLACEMENT_3D('',#7973,#6142,#6143);
#5486=AXIS2_PLACEMENT_3D('',#7975,#6145,#6146);
#5487=AXIS2_PLACEMENT_3D('',#7976,#6147,#6148);
#5488=AXIS2_PLACEMENT_3D('',#7977,#6149,#6150);
#5489=AXIS2_PLACEMENT_3D('',#7978,#6151,#6152);
#5490=AXIS2_PLACEMENT_3D('',#8283,#6153,#6154);
#5491=AXIS2_PLACEMENT_3D('',#8284,#6155,#6156);
#5492=AXIS2_PLACEMENT_3D('',#8285,#6157,#6158);
#5493=AXIS2_PLACEMENT_3D('',#8286,#6159,#6160);
#5494=AXIS2_PLACEMENT_3D('',#8287,#6161,#6162);
#5495=AXIS2_PLACEMENT_3D('',#8288,#6163,#6164);
#5496=AXIS2_PLACEMENT_3D('',#8291,#6167,#6168);
#5497=AXIS2_PLACEMENT_3D('',#8294,#6171,#6172);
#5498=AXIS2_PLACEMENT_3D('',#8302,#6175,#6176);
#5499=AXIS2_PLACEMENT_3D('',#8305,#6179,#6180);
#5500=AXIS2_PLACEMENT_3D('',#8308,#6183,#6184);
#5501=AXIS2_PLACEMENT_3D('',#8309,#6185,#6186);
#5502=AXIS2_PLACEMENT_3D('',#8311,#6187,#6188);
#5503=AXIS2_PLACEMENT_3D('',#8313,#6189,#6190);
#5504=AXIS2_PLACEMENT_3D('',#8317,#6193,#6194);
#5505=AXIS2_PLACEMENT_3D('',#8323,#6197,#6198);
#5506=AXIS2_PLACEMENT_3D('',#8325,#6199,#6200);
#5507=AXIS2_PLACEMENT_3D('',#8327,#6201,#6202);
#5508=AXIS2_PLACEMENT_3D('',#8343,#6210,#6211);
#5509=AXIS2_PLACEMENT_3D('',#8367,#6212,#6213);
#5510=AXIS2_PLACEMENT_3D('',#8368,#6214,#6215);
#5511=AXIS2_PLACEMENT_3D('',#8372,#6217,#6218);
#5512=AXIS2_PLACEMENT_3D('',#8403,#6220,#6221);
#5513=AXIS2_PLACEMENT_3D('',#8404,#6222,#6223);
#5514=AXIS2_PLACEMENT_3D('',#8407,#6224,#6225);
#5515=AXIS2_PLACEMENT_3D('',#8419,#6232,#6233);
#5516=AXIS2_PLACEMENT_3D('',#8420,#6234,#6235);
#5517=AXIS2_PLACEMENT_3D('',#8639,#6236,#6237);
#5518=AXIS2_PLACEMENT_3D('',#8640,#6238,#6239);
#5519=AXIS2_PLACEMENT_3D('',#8641,#6240,#6241);
#5520=AXIS2_PLACEMENT_3D('',#8642,#6242,#6243);
#5521=AXIS2_PLACEMENT_3D('',#8643,#6244,#6245);
#5522=AXIS2_PLACEMENT_3D('',#8711,#6246,#6247);
#5523=AXIS2_PLACEMENT_3D('',#8718,#6249,#6250);
#5524=AXIS2_PLACEMENT_3D('',#8805,#6252,#6253);
#5525=AXIS2_PLACEMENT_3D('',#8892,#6255,#6256);
#5526=AXIS2_PLACEMENT_3D('',#8966,#6258,#6259);
#5527=AXIS2_PLACEMENT_3D('',#8967,#6260,#6261);
#5528=AXIS2_PLACEMENT_3D('',#8969,#6263,#6264);
#5529=AXIS2_PLACEMENT_3D('',#8970,#6265,#6266);
#5530=AXIS2_PLACEMENT_3D('',#8971,#6267,#6268);
#5531=AXIS2_PLACEMENT_3D('',#8973,#6270,#6271);
#5532=AXIS2_PLACEMENT_3D('',#8974,#6272,#6273);
#5533=AXIS2_PLACEMENT_3D('',#8975,#6274,#6275);
#5534=AXIS2_PLACEMENT_3D('',#8976,#6276,#6277);
#5535=AXIS2_PLACEMENT_3D('',#8998,#6278,#6279);
#5536=AXIS2_PLACEMENT_3D('',#9020,#6280,#6281);
#5537=AXIS2_PLACEMENT_3D('',#9026,#6285,#6286);
#5538=AXIS2_PLACEMENT_3D('',#9027,#6287,#6288);
#5539=AXIS2_PLACEMENT_3D('',#9028,#6289,#6290);
#5540=AXIS2_PLACEMENT_3D('',#9029,#6291,#6292);
#5541=AXIS2_PLACEMENT_3D('',#9031,#6293,#6294);
#5542=AXIS2_PLACEMENT_3D('',#9032,#6295,#6296);
#5543=AXIS2_PLACEMENT_3D('',#9034,#6297,#6298);
#5544=AXIS2_PLACEMENT_3D('',#9035,#6299,#6300);
#5545=AXIS2_PLACEMENT_3D('',#9037,#6301,#6302);
#5546=AXIS2_PLACEMENT_3D('',#9038,#6303,#6304);
#5547=AXIS2_PLACEMENT_3D('',#9040,#6305,#6306);
#5548=AXIS2_PLACEMENT_3D('',#9041,#6307,#6308);
#5549=AXIS2_PLACEMENT_3D('',#9042,#6309,#6310);
#5550=AXIS2_PLACEMENT_3D('',#9044,#6311,#6312);
#5551=AXIS2_PLACEMENT_3D('',#9045,#6313,#6314);
#5552=AXIS2_PLACEMENT_3D('',#9067,#6315,#6316);
#5553=AXIS2_PLACEMENT_3D('',#9089,#6317,#6318);
#5554=AXIS2_PLACEMENT_3D('',#9095,#6322,#6323);
#5555=AXIS2_PLACEMENT_3D('',#9096,#6324,#6325);
#5556=AXIS2_PLACEMENT_3D('',#9097,#6326,#6327);
#5557=AXIS2_PLACEMENT_3D('',#9098,#6328,#6329);
#5558=AXIS2_PLACEMENT_3D('',#9100,#6330,#6331);
#5559=AXIS2_PLACEMENT_3D('',#9101,#6332,#6333);
#5560=AXIS2_PLACEMENT_3D('',#9103,#6334,#6335);
#5561=AXIS2_PLACEMENT_3D('',#9104,#6336,#6337);
#5562=AXIS2_PLACEMENT_3D('',#9106,#6338,#6339);
#5563=AXIS2_PLACEMENT_3D('',#9107,#6340,#6341);
#5564=AXIS2_PLACEMENT_3D('',#9109,#6342,#6343);
#5565=AXIS2_PLACEMENT_3D('',#9110,#6344,#6345);
#5566=AXIS2_PLACEMENT_3D('',#9111,#6346,#6347);
#5567=AXIS2_PLACEMENT_3D('',#9113,#6348,#6349);
#5568=AXIS2_PLACEMENT_3D('',#9114,#6350,#6351);
#5569=AXIS2_PLACEMENT_3D('',#9127,#6352,#6353);
#5570=AXIS2_PLACEMENT_3D('',#9140,#6354,#6355);
#5571=AXIS2_PLACEMENT_3D('',#9176,#6356,#6357);
#5572=AXIS2_PLACEMENT_3D('',#9189,#6358,#6359);
#5573=AXIS2_PLACEMENT_3D('',#9207,#6360,#6361);
#5574=AXIS2_PLACEMENT_3D('',#9238,#6362,#6363);
#5575=AXIS2_PLACEMENT_3D('',#9274,#6364,#6365);
#5576=AXIS2_PLACEMENT_3D('',#9287,#6366,#6367);
#5577=AXIS2_PLACEMENT_3D('',#9305,#6368,#6369);
#5578=AXIS2_PLACEMENT_3D('',#9516,#6370,#6371);
#5579=AXIS2_PLACEMENT_3D('',#9517,#6372,#6373);
#5580=AXIS2_PLACEMENT_3D('',#9519,#6374,#6375);
#5581=AXIS2_PLACEMENT_3D('',#9520,#6376,#6377);
#5582=AXIS2_PLACEMENT_3D('',#9521,#6378,#6379);
#5583=AXIS2_PLACEMENT_3D('',#9523,#6380,#6381);
#5584=AXIS2_PLACEMENT_3D('',#9524,#6382,#6383);
#5585=AXIS2_PLACEMENT_3D('',#9525,#6384,#6385);
#5586=AXIS2_PLACEMENT_3D('',#9527,#6386,#6387);
#5587=AXIS2_PLACEMENT_3D('',#9528,#6388,#6389);
#5588=AXIS2_PLACEMENT_3D('',#9529,#6390,#6391);
#5589=AXIS2_PLACEMENT_3D('',#9531,#6392,#6393);
#5590=AXIS2_PLACEMENT_3D('',#9532,#6394,#6395);
#5591=AXIS2_PLACEMENT_3D('',#9533,#6396,#6397);
#5592=AXIS2_PLACEMENT_3D('',#9535,#6398,#6399);
#5593=AXIS2_PLACEMENT_3D('',#9536,#6400,#6401);
#5594=AXIS2_PLACEMENT_3D('',#9537,#6402,#6403);
#5595=AXIS2_PLACEMENT_3D('',#9539,#6404,#6405);
#5596=AXIS2_PLACEMENT_3D('',#9540,#6406,#6407);
#5597=AXIS2_PLACEMENT_3D('',#9541,#6408,#6409);
#5598=AXIS2_PLACEMENT_3D('',#9543,#6410,#6411);
#5599=AXIS2_PLACEMENT_3D('',#9544,#6412,#6413);
#5600=AXIS2_PLACEMENT_3D('',#9546,#6414,#6415);
#5601=AXIS2_PLACEMENT_3D('',#9547,#6416,#6417);
#5602=AXIS2_PLACEMENT_3D('',#9549,#6418,#6419);
#5603=AXIS2_PLACEMENT_3D('',#9550,#6420,#6421);
#5604=AXIS2_PLACEMENT_3D('',#9552,#6422,#6423);
#5605=AXIS2_PLACEMENT_3D('',#9553,#6424,#6425);
#5606=AXIS2_PLACEMENT_3D('',#9555,#6426,#6427);
#5607=AXIS2_PLACEMENT_3D('',#9556,#6428,#6429);
#5608=AXIS2_PLACEMENT_3D('',#9558,#6430,#6431);
#5609=AXIS2_PLACEMENT_3D('',#9559,#6432,#6433);
#5610=AXIS2_PLACEMENT_3D('',#9561,#6434,#6435);
#5611=AXIS2_PLACEMENT_3D('',#9562,#6436,#6437);
#5612=AXIS2_PLACEMENT_3D('',#9563,#6438,#6439);
#5613=AXIS2_PLACEMENT_3D('',#9565,#6440,#6441);
#5614=AXIS2_PLACEMENT_3D('',#9566,#6442,#6443);
#5615=AXIS2_PLACEMENT_3D('',#9567,#6444,#6445);
#5616=AXIS2_PLACEMENT_3D('',#9569,#6446,#6447);
#5617=AXIS2_PLACEMENT_3D('',#9570,#6448,#6449);
#5618=AXIS2_PLACEMENT_3D('',#9571,#6450,#6451);
#5619=AXIS2_PLACEMENT_3D('',#9573,#6452,#6453);
#5620=AXIS2_PLACEMENT_3D('',#9574,#6454,#6455);
#5621=AXIS2_PLACEMENT_3D('',#9575,#6456,#6457);
#5622=AXIS2_PLACEMENT_3D('',#9577,#6458,#6459);
#5623=AXIS2_PLACEMENT_3D('',#9578,#6460,#6461);
#5624=AXIS2_PLACEMENT_3D('',#9882,#6464,#6465);
#5625=AXIS2_PLACEMENT_3D('',#9889,#6466,#6467);
#5626=AXIS2_PLACEMENT_3D('',#9976,#6471,#6472);
#5627=AXIS2_PLACEMENT_3D('',#9980,#6474,#6475);
#5628=AXIS2_PLACEMENT_3D('',#9984,#6477,#6478);
#5629=AXIS2_PLACEMENT_3D('',#9985,#6479,#6480);
#5630=AXIS2_PLACEMENT_3D('',#10003,#6482,#6483);
#5631=AXIS2_PLACEMENT_3D('',#10229,#6488,#6489);
#5632=AXIS2_PLACEMENT_3D('',#10236,#6490,#6491);
#5633=AXIS2_PLACEMENT_3D('',#10274,#6492,#6493);
#5634=AXIS2_PLACEMENT_3D('',#10278,#6495,#6496);
#5635=AXIS2_PLACEMENT_3D('',#10282,#6498,#6499);
#5636=AXIS2_PLACEMENT_3D('',#10283,#6500,#6501);
#5637=AXIS2_PLACEMENT_3D('',#10315,#6503,#6504);
#5638=AXIS2_PLACEMENT_3D('',#10318,#6506,#6507);
#5639=AXIS2_PLACEMENT_3D('',#10360,#6508,#6509);
#5640=AXIS2_PLACEMENT_3D('',#10382,#6512,#6513);
#5641=AXIS2_PLACEMENT_3D('',#10406,#6515,#6516);
#5642=AXIS2_PLACEMENT_3D('',#10420,#6518,#6519);
#5643=AXIS2_PLACEMENT_3D('',#10462,#6520,#6521);
#5644=AXIS2_PLACEMENT_3D('',#10486,#6523,#6524);
#5645=AXIS2_PLACEMENT_3D('',#10500,#6526,#6527);
#5646=AXIS2_PLACEMENT_3D('',#10504,#6530,#6531);
#5647=AXIS2_PLACEMENT_3D('',#10612,#6532,#6533);
#5648=AXIS2_PLACEMENT_3D('',#10614,#6534,#6535);
#5649=AXIS2_PLACEMENT_3D('',#10632,#6536,#6537);
#5650=AXIS2_PLACEMENT_3D('',#10661,#6538,#6539);
#5651=AXIS2_PLACEMENT_3D('',#10662,#6540,#6541);
#5652=AXIS2_PLACEMENT_3D('',#10713,#6543,#6544);
#5653=AXIS2_PLACEMENT_3D('',#10741,#6547,#6548);
#5654=AXIS2_PLACEMENT_3D('',#10750,#6553,#6554);
#5655=AXIS2_PLACEMENT_3D('',#10754,#6557,#6558);
#5656=AXIS2_PLACEMENT_3D('',#10761,#6559,#6560);
#5657=AXIS2_PLACEMENT_3D('',#10768,#6561,#6562);
#5658=AXIS2_PLACEMENT_3D('',#10769,#6563,#6564);
#5659=AXIS2_PLACEMENT_3D('',#10777,#6565,#6566);
#5660=AXIS2_PLACEMENT_3D('',#10778,#6567,#6568);
#5661=AXIS2_PLACEMENT_3D('',#10779,#6569,#6570);
#5662=AXIS2_PLACEMENT_3D('',#10787,#6571,#6572);
#5663=AXIS2_PLACEMENT_3D('',#10788,#6573,#6574);
#5664=AXIS2_PLACEMENT_3D('',#10789,#6575,#6576);
#5665=AXIS2_PLACEMENT_3D('',#10802,#6577,#6578);
#5666=AXIS2_PLACEMENT_3D('',#10803,#6579,#6580);
#5667=AXIS2_PLACEMENT_3D('',#10805,#6581,#6582);
#5668=AXIS2_PLACEMENT_3D('',#10807,#6583,#6584);
#5669=AXIS2_PLACEMENT_3D('',#10808,#6585,#6586);
#5670=AXIS2_PLACEMENT_3D('',#10810,#6587,#6588);
#5671=AXIS2_PLACEMENT_3D('',#10812,#6589,#6590);
#5672=AXIS2_PLACEMENT_3D('',#10832,#6596,#6597);
#5673=AXIS2_PLACEMENT_3D('',#10836,#6601,#6602);
#5674=AXIS2_PLACEMENT_3D('',#10853,#6607,#6608);
#5675=AXIS2_PLACEMENT_3D('',#10867,#6612,#6613);
#5676=AXIS2_PLACEMENT_3D('',#10876,#6616,#6617);
#5677=AXIS2_PLACEMENT_3D('',#10884,#6620,#6621);
#5678=AXIS2_PLACEMENT_3D('',#10897,#6623,#6624);
#5679=AXIS2_PLACEMENT_3D('',#10901,#6626,#6627);
#5680=AXIS2_PLACEMENT_3D('',#10904,#6629,#6630);
#5681=AXIS2_PLACEMENT_3D('',#10907,#6632,#6633);
#5682=AXIS2_PLACEMENT_3D('',#10908,#6634,#6635);
#5683=AXIS2_PLACEMENT_3D('',#10913,#6638,#6639);
#5684=AXIS2_PLACEMENT_3D('',#10914,#6640,#6641);
#5685=AXIS2_PLACEMENT_3D('',#10919,#6644,#6645);
#5686=AXIS2_PLACEMENT_3D('',#10922,#6648,#6649);
#5687=AXIS2_PLACEMENT_3D('',#10923,#6650,#6651);
#5688=AXIS2_PLACEMENT_3D('',#10926,#6652,#6653);
#5689=AXIS2_PLACEMENT_3D('',#10927,#6654,#6655);
#5690=AXIS2_PLACEMENT_3D('',#10928,#6656,#6657);
#5691=AXIS2_PLACEMENT_3D('',#10929,#6658,#6659);
#5692=AXIS2_PLACEMENT_3D('',#10930,#6660,#6661);
#5693=AXIS2_PLACEMENT_3D('',#10934,#6663,#6664);
#5694=AXIS2_PLACEMENT_3D('',#10936,#6665,#6666);
#5695=AXIS2_PLACEMENT_3D('',#10938,#6667,#6668);
#5696=AXIS2_PLACEMENT_3D('',#10943,#6672,#6673);
#5697=AXIS2_PLACEMENT_3D('',#10944,#6674,#6675);
#5698=AXIS2_PLACEMENT_3D('',#10945,#6676,#6677);
#5699=AXIS2_PLACEMENT_3D('',#10946,#6678,#6679);
#5700=AXIS2_PLACEMENT_3D('',#10954,#6680,#6681);
#5701=AXIS2_PLACEMENT_3D('',#10957,#6683,#6684);
#5702=AXIS2_PLACEMENT_3D('',#10965,#6686,#6687);
#5703=AXIS2_PLACEMENT_3D('',#10968,#6689,#6690);
#5704=AXIS2_PLACEMENT_3D('',#10985,#6692,#6693);
#5705=AXIS2_PLACEMENT_3D('',#10986,#6694,#6695);
#5706=AXIS2_PLACEMENT_3D('',#10988,#6696,#6697);
#5707=AXIS2_PLACEMENT_3D('',#10998,#6698,#6699);
#5708=AXIS2_PLACEMENT_3D('',#10999,#6700,#6701);
#5709=AXIS2_PLACEMENT_3D('',#11001,#6702,#6703);
#5710=AXIS2_PLACEMENT_3D('',#11011,#6704,#6705);
#5711=AXIS2_PLACEMENT_3D('',#11027,#6706,#6707);
#5712=AXIS2_PLACEMENT_3D('',#11043,#6708,#6709);
#5713=AXIS2_PLACEMENT_3D('',#11044,#6710,#6711);
#5714=AXIS2_PLACEMENT_3D('',#11045,#6712,#6713);
#5715=AXIS2_PLACEMENT_3D('',#11112,#6714,#6715);
#5716=AXIS2_PLACEMENT_3D('',#11119,#6716,#6717);
#5717=AXIS2_PLACEMENT_3D('',#11126,#6718,#6719);
#5718=AXIS2_PLACEMENT_3D('',#11127,#6720,#6721);
#5719=AXIS2_PLACEMENT_3D('',#11130,#6722,#6723);
#5720=AXIS2_PLACEMENT_3D('',#11136,#6724,#6725);
#5721=AXIS2_PLACEMENT_3D('',#11137,#6726,#6727);
#5722=AXIS2_PLACEMENT_3D('',#11140,#6728,#6729);
#5723=AXIS2_PLACEMENT_3D('',#11146,#6730,#6731);
#5724=AXIS2_PLACEMENT_3D('',#11147,#6732,#6733);
#5725=AXIS2_PLACEMENT_3D('',#11160,#6734,#6735);
#5726=AXIS2_PLACEMENT_3D('',#11161,#6736,#6737);
#5727=AXIS2_PLACEMENT_3D('',#11163,#6738,#6739);
#5728=AXIS2_PLACEMENT_3D('',#11165,#6740,#6741);
#5729=AXIS2_PLACEMENT_3D('',#11166,#6742,#6743);
#5730=AXIS2_PLACEMENT_3D('',#11168,#6744,#6745);
#5731=AXIS2_PLACEMENT_3D('',#11170,#6746,#6747);
#5732=AXIS2_PLACEMENT_3D('',#11179,#6750,#6751);
#5733=AXIS2_PLACEMENT_3D('',#11187,#6754,#6755);
#5734=AXIS2_PLACEMENT_3D('',#11200,#6757,#6758);
#5735=AXIS2_PLACEMENT_3D('',#11206,#6761,#6762);
#5736=AXIS2_PLACEMENT_3D('',#11209,#6764,#6765);
#5737=AXIS2_PLACEMENT_3D('',#11210,#6766,#6767);
#5738=AXIS2_PLACEMENT_3D('',#11211,#6768,#6769);
#5739=AXIS2_PLACEMENT_3D('',#11216,#6772,#6773);
#5740=AXIS2_PLACEMENT_3D('',#11217,#6774,#6775);
#5741=AXIS2_PLACEMENT_3D('',#11222,#6778,#6779);
#5742=AXIS2_PLACEMENT_3D('',#11225,#6782,#6783);
#5743=AXIS2_PLACEMENT_3D('',#11226,#6784,#6785);
#5744=AXIS2_PLACEMENT_3D('',#11229,#6786,#6787);
#5745=AXIS2_PLACEMENT_3D('',#11230,#6788,#6789);
#5746=AXIS2_PLACEMENT_3D('',#11231,#6790,#6791);
#5747=AXIS2_PLACEMENT_3D('',#11232,#6792,#6793);
#5748=AXIS2_PLACEMENT_3D('',#11233,#6794,#6795);
#5749=AXIS2_PLACEMENT_3D('',#11251,#6798,#6799);
#5750=AXIS2_PLACEMENT_3D('',#11253,#6800,#6801);
#5751=AXIS2_PLACEMENT_3D('',#11255,#6802,#6803);
#5752=AXIS2_PLACEMENT_3D('',#11257,#6805,#6806);
#5753=AXIS2_PLACEMENT_3D('',#11265,#6807,#6808);
#5754=AXIS2_PLACEMENT_3D('',#11273,#6810,#6811);
#5755=AXIS2_PLACEMENT_3D('',#11276,#6813,#6814);
#5756=AXIS2_PLACEMENT_3D('',#11296,#6816,#6817);
#5757=AXIS2_PLACEMENT_3D('',#11299,#6819,#6820);
#5758=AXIS2_PLACEMENT_3D('',#11300,#6821,#6822);
#5759=AXIS2_PLACEMENT_3D('',#11302,#6823,#6824);
#5760=AXIS2_PLACEMENT_3D('',#11312,#6825,#6826);
#5761=AXIS2_PLACEMENT_3D('',#11313,#6827,#6828);
#5762=AXIS2_PLACEMENT_3D('',#11315,#6829,#6830);
#5763=AXIS2_PLACEMENT_3D('',#11325,#6831,#6832);
#5764=AXIS2_PLACEMENT_3D('',#11341,#6833,#6834);
#5765=AXIS2_PLACEMENT_3D('',#11357,#6835,#6836);
#5766=AXIS2_PLACEMENT_3D('',#11358,#6837,#6838);
#5767=AXIS2_PLACEMENT_3D('',#11365,#6839,#6840);
#5768=AXIS2_PLACEMENT_3D('',#11432,#6841,#6842);
#5769=AXIS2_PLACEMENT_3D('',#11452,#6848,#6849);
#5770=AXIS2_PLACEMENT_3D('',#11465,#6851,#6852);
#5771=AXIS2_PLACEMENT_3D('',#11466,#6853,#6854);
#5772=AXIS2_PLACEMENT_3D('',#11475,#6856,#6857);
#5773=AXIS2_PLACEMENT_3D('',#11481,#6858,#6859);
#5774=AXIS2_PLACEMENT_3D('',#11483,#6861,#6862);
#5775=AXIS2_PLACEMENT_3D('',#11489,#6863,#6864);
#5776=AXIS2_PLACEMENT_3D('',#11490,#6865,#6866);
#5777=AXIS2_PLACEMENT_3D('',#12156,#6867,#6868);
#5778=AXIS2_PLACEMENT_3D('',#12175,#6869,#6870);
#5779=AXIS2_PLACEMENT_3D('',#12176,#6871,#6872);
#5780=AXIS2_PLACEMENT_3D('',#12178,#6873,#6874);
#5781=AXIS2_PLACEMENT_3D('',#12179,#6875,#6876);
#5782=AXIS2_PLACEMENT_3D('',#12180,#6877,#6878);
#5783=AXIS2_PLACEMENT_3D('',#12182,#6879,#6880);
#5784=AXIS2_PLACEMENT_3D('',#12183,#6881,#6882);
#5785=AXIS2_PLACEMENT_3D('',#12184,#6883,#6884);
#5786=AXIS2_PLACEMENT_3D('',#12197,#6890,#6891);
#5787=AXIS2_PLACEMENT_3D('',#12209,#6896,#6897);
#5788=AXIS2_PLACEMENT_3D('',#12210,#6898,#6899);
#5789=AXIS2_PLACEMENT_3D('',#12230,#6907,#6908);
#5790=AXIS2_PLACEMENT_3D('',#12235,#6911,#6912);
#5791=AXIS2_PLACEMENT_3D('',#12246,#6915,#6916);
#5792=AXIS2_PLACEMENT_3D('',#12247,#6917,#6918);
#5793=AXIS2_PLACEMENT_3D('',#12250,#6920,#6921);
#5794=AXIS2_PLACEMENT_3D('',#12251,#6922,#6923);
#5795=AXIS2_PLACEMENT_3D('',#12252,#6924,#6925);
#5796=AXIS2_PLACEMENT_3D('',#12254,#6926,#6927);
#5797=AXIS2_PLACEMENT_3D('',#12263,#6929,#6930);
#5798=AXIS2_PLACEMENT_3D('',#12264,#6931,#6932);
#5799=AXIS2_PLACEMENT_3D('',#12266,#6933,#6934);
#5800=AXIS2_PLACEMENT_3D('',#12267,#6935,#6936);
#5801=AXIS2_PLACEMENT_3D('',#12268,#6937,#6938);
#5802=AXIS2_PLACEMENT_3D('',#12269,#6939,#6940);
#5803=AXIS2_PLACEMENT_3D('',#12270,#6941,#6942);
#5804=AXIS2_PLACEMENT_3D('',#12271,#6943,#6944);
#5805=AXIS2_PLACEMENT_3D('',#12272,#6945,#6946);
#5806=AXIS2_PLACEMENT_3D('',#12273,#6947,#6948);
#5807=AXIS2_PLACEMENT_3D('',#12274,#6949,#6950);
#5808=AXIS2_PLACEMENT_3D('',#12292,#6952,#6953);
#5809=AXIS2_PLACEMENT_3D('',#12293,#6954,#6955);
#5810=AXIS2_PLACEMENT_3D('',#12297,#6957,#6958);
#5811=AXIS2_PLACEMENT_3D('',#12303,#6961,#6962);
#5812=AXIS2_PLACEMENT_3D('',#12306,#6964,#6965);
#5813=AXIS2_PLACEMENT_3D('',#12307,#6966,#6967);
#5814=AXIS2_PLACEMENT_3D('',#12324,#6974,#6975);
#5815=AXIS2_PLACEMENT_3D('',#12329,#6978,#6979);
#5816=AXIS2_PLACEMENT_3D('',#12330,#6980,#6981);
#5817=AXIS2_PLACEMENT_3D('',#12346,#6987,#6988);
#5818=AXIS2_PLACEMENT_3D('',#12352,#6992,#6993);
#5819=AXIS2_PLACEMENT_3D('',#12361,#6995,#6996);
#5820=AXIS2_PLACEMENT_3D('',#12362,#6997,#6998);
#5821=AXIS2_PLACEMENT_3D('',#12364,#6999,#7000);
#5822=AXIS2_PLACEMENT_3D('',#12373,#7002,#7003);
#5823=AXIS2_PLACEMENT_3D('',#12374,#7004,#7005);
#5824=AXIS2_PLACEMENT_3D('',#12376,#7006,#7007);
#5825=AXIS2_PLACEMENT_3D('',#12377,#7008,#7009);
#5826=AXIS2_PLACEMENT_3D('',#12378,#7010,#7011);
#5827=AXIS2_PLACEMENT_3D('',#12379,#7012,#7013);
#5828=AXIS2_PLACEMENT_3D('',#12380,#7014,#7015);
#5829=AXIS2_PLACEMENT_3D('',#12381,#7016,#7017);
#5830=AXIS2_PLACEMENT_3D('',#12382,#7018,#7019);
#5831=AXIS2_PLACEMENT_3D('',#12383,#7020,#7021);
#5832=AXIS2_PLACEMENT_3D('',#12384,#7022,#7023);
#5833=AXIS2_PLACEMENT_3D('',#12402,#7025,#7026);
#5834=AXIS2_PLACEMENT_3D('',#12403,#7027,#7028);
#5835=AXIS2_PLACEMENT_3D('',#12404,#7029,#7030);
#5836=AXIS2_PLACEMENT_3D('',#12406,#7031,#7032);
#5837=AXIS2_PLACEMENT_3D('',#12407,#7033,#7034);
#5838=AXIS2_PLACEMENT_3D('',#12408,#7035,#7036);
#5839=AXIS2_PLACEMENT_3D('',#12410,#7037,#7038);
#5840=AXIS2_PLACEMENT_3D('',#12411,#7039,#7040);
#5841=AXIS2_PLACEMENT_3D('',#12412,#7041,#7042);
#5842=AXIS2_PLACEMENT_3D('',#12413,#7043,#7044);
#5843=AXIS2_PLACEMENT_3D('',#12414,#7045,#7046);
#5844=AXIS2_PLACEMENT_3D('',#12415,#7047,#7048);
#5845=AXIS2_PLACEMENT_3D('',#12416,#7049,#7050);
#5846=AXIS2_PLACEMENT_3D('',#12417,#7051,#7052);
#5847=AXIS2_PLACEMENT_3D('',#12418,#7053,#7054);
#5848=AXIS2_PLACEMENT_3D('',#12419,#7055,#7056);
#5849=AXIS2_PLACEMENT_3D('',#12421,#7057,#7058);
#5850=AXIS2_PLACEMENT_3D('',#12422,#7059,#7060);
#5851=AXIS2_PLACEMENT_3D('',#12423,#7061,#7062);
#5852=AXIS2_PLACEMENT_3D('',#12425,#7063,#7064);
#5853=AXIS2_PLACEMENT_3D('',#12426,#7065,#7066);
#5854=AXIS2_PLACEMENT_3D('',#12427,#7067,#7068);
#5855=AXIS2_PLACEMENT_3D('',#12428,#7069,#7070);
#5856=AXIS2_PLACEMENT_3D('',#12429,#7071,#7072);
#5857=AXIS2_PLACEMENT_3D('',#12430,#7073,#7074);
#5858=AXIS2_PLACEMENT_3D('',#12431,#7075,#7076);
#5859=AXIS2_PLACEMENT_3D('',#12432,#7077,#7078);
#5860=AXIS2_PLACEMENT_3D('',#12433,#7079,#7080);
#5861=AXIS2_PLACEMENT_3D('',#12434,#7081,#7082);
#5862=AXIS2_PLACEMENT_3D('',#12435,#7083,#7084);
#5863=AXIS2_PLACEMENT_3D('',#12436,#7085,#7086);
#5864=AXIS2_PLACEMENT_3D('',#12437,#7087,#7088);
#5865=AXIS2_PLACEMENT_3D('',#12438,#7089,#7090);
#5866=AXIS2_PLACEMENT_3D('',#12439,#7091,#7092);
#5867=AXIS2_PLACEMENT_3D('',#12446,#7093,#7094);
#5868=AXIS2_PLACEMENT_3D('',#12476,#7095,#7096);
#5869=AXIS2_PLACEMENT_3D('',#12477,#7097,#7098);
#5870=AXIS2_PLACEMENT_3D('',#12478,#7099,#7100);
#5871=AXIS2_PLACEMENT_3D('',#12479,#7101,#7102);
#5872=AXIS2_PLACEMENT_3D('',#12480,#7103,#7104);
#5873=AXIS2_PLACEMENT_3D('',#12487,#7105,#7106);
#5874=DIRECTION('',(0.,0.,1.));
#5875=DIRECTION('',(1.,0.,0.));
#5876=DIRECTION('',(-1.,0.,0.));
#5877=DIRECTION('',(0.,0.,-1.));
#5878=DIRECTION('',(1.,0.,0.));
#5879=DIRECTION('',(0.,0.,-1.));
#5880=DIRECTION('',(1.,0.,0.));
#5881=DIRECTION('',(0.,0.,-1.));
#5882=DIRECTION('',(-1.,0.,0.));
#5883=DIRECTION('',(0.,0.,-1.));
#5884=DIRECTION('',(1.,0.,0.));
#5885=DIRECTION('',(0.,0.,-1.));
#5886=DIRECTION('',(1.,0.,0.));
#5887=DIRECTION('',(0.,0.,-1.));
#5888=DIRECTION('',(-1.,0.,0.));
#5889=DIRECTION('',(0.,0.,-1.));
#5890=DIRECTION('',(1.,0.,0.));
#5891=DIRECTION('',(0.,0.,-1.));
#5892=DIRECTION('',(1.,0.,0.));
#5893=DIRECTION('',(0.,0.,-1.));
#5894=DIRECTION('',(-1.,0.,0.));
#5895=DIRECTION('',(0.,1.,0.));
#5896=DIRECTION('',(-1.,0.,0.));
#5897=DIRECTION('',(0.,1.,0.));
#5898=DIRECTION('',(-1.,0.,0.));
#5899=DIRECTION('',(0.,1.,0.));
#5900=DIRECTION('',(-1.,0.,0.));
#5901=DIRECTION('',(0.,1.,0.));
#5902=DIRECTION('',(1.,0.,0.));
#5903=DIRECTION('',(0.,0.,-1.));
#5904=DIRECTION('',(-1.,0.,0.));
#5905=DIRECTION('',(0.,0.,-1.));
#5906=DIRECTION('',(1.,0.,0.));
#5907=DIRECTION('',(0.,0.,-1.));
#5908=DIRECTION('',(-1.,0.,0.));
#5909=DIRECTION('',(0.,1.,0.));
#5910=DIRECTION('',(1.,0.,0.));
#5911=DIRECTION('',(0.,0.,-1.));
#5912=DIRECTION('',(-1.,0.,0.));
#5913=DIRECTION('',(0.,0.,-1.));
#5914=DIRECTION('',(1.,0.,0.));
#5915=DIRECTION('',(0.,0.,-1.));
#5916=DIRECTION('',(-1.,0.,0.));
#5917=DIRECTION('',(0.,1.,0.));
#5918=DIRECTION('',(1.,0.,0.));
#5919=DIRECTION('',(0.,0.,-1.));
#5920=DIRECTION('',(-1.,0.,0.));
#5921=DIRECTION('',(0.,0.,-1.));
#5922=DIRECTION('',(1.,0.,0.));
#5923=DIRECTION('',(0.,0.,-1.));
#5924=DIRECTION('',(0.,-1.,0.));
#5925=DIRECTION('',(0.,0.,-1.));
#5926=DIRECTION('',(0.,-1.,0.));
#5927=DIRECTION('',(0.,0.,-1.));
#5928=DIRECTION('',(0.,-1.,0.));
#5929=DIRECTION('',(0.,0.,-1.));
#5930=DIRECTION('',(0.,-1.,0.));
#5931=DIRECTION('',(0.,0.,-1.));
#5932=DIRECTION('',(0.,-1.,0.));
#5933=DIRECTION('',(0.,0.,-1.));
#5934=DIRECTION('',(0.,-1.,0.));
#5935=DIRECTION('',(0.,0.,-1.));
#5936=DIRECTION('',(0.,-1.,0.));
#5937=DIRECTION('',(0.,0.,-1.));
#5938=DIRECTION('',(0.,-1.,0.));
#5939=DIRECTION('',(0.,0.,-1.));
#5940=DIRECTION('',(0.,-1.,0.));
#5941=DIRECTION('',(0.,0.,-1.));
#5942=DIRECTION('',(0.,-1.,0.));
#5943=DIRECTION('',(0.,0.,-1.));
#5944=DIRECTION('',(0.,-1.,0.));
#5945=DIRECTION('',(0.,0.,-1.));
#5946=DIRECTION('',(0.,-1.,0.));
#5947=DIRECTION('',(0.,0.,-1.));
#5948=DIRECTION('',(0.,-1.,0.));
#5949=DIRECTION('',(0.,0.,-1.));
#5950=DIRECTION('',(0.,-1.,0.));
#5951=DIRECTION('',(0.,0.,-1.));
#5952=DIRECTION('',(0.,-1.,0.));
#5953=DIRECTION('',(0.,0.,-1.));
#5954=DIRECTION('',(0.,-1.,0.));
#5955=DIRECTION('',(0.,0.,-1.));
#5956=DIRECTION('',(0.,-1.,0.));
#5957=DIRECTION('',(0.,0.,-1.));
#5958=DIRECTION('',(0.,-1.,0.));
#5959=DIRECTION('',(0.,0.,-1.));
#5960=DIRECTION('',(0.,0.,-1.));
#5961=DIRECTION('',(-1.,0.,0.));
#5962=DIRECTION('',(0.,0.,1.));
#5963=DIRECTION('',(0.,0.,-1.));
#5964=DIRECTION('',(0.,-1.,0.));
#5965=DIRECTION('',(1.,0.,0.));
#5966=DIRECTION('',(0.,0.,-1.));
#5967=DIRECTION('',(0.,0.,-1.));
#5968=DIRECTION('',(0.,1.,0.));
#5969=DIRECTION('',(0.,-1.,0.));
#5970=DIRECTION('',(1.,0.,0.));
#5971=DIRECTION('',(0.,1.,0.));
#5972=DIRECTION('',(0.,-1.,0.));
#5973=DIRECTION('',(1.,0.,0.));
#5974=DIRECTION('',(0.,1.,0.));
#5975=DIRECTION('',(0.,-1.,0.));
#5976=DIRECTION('',(1.,0.,0.));
#5977=DIRECTION('',(0.,1.,0.));
#5978=DIRECTION('',(0.,-1.,0.));
#5979=DIRECTION('',(1.,0.,0.));
#5980=DIRECTION('',(0.,-1.,0.));
#5981=DIRECTION('',(1.,0.,0.));
#5982=DIRECTION('',(0.,-1.,0.));
#5983=DIRECTION('',(0.,0.,-1.));
#5984=DIRECTION('',(0.,0.,-1.));
#5985=DIRECTION('',(0.,-1.,0.));
#5986=DIRECTION('',(0.,0.,-1.));
#5987=DIRECTION('',(0.,0.,1.));
#5988=DIRECTION('',(0.,-1.,0.));
#5989=DIRECTION('',(0.,0.,-1.));
#5990=DIRECTION('',(0.,0.,-1.));
#5991=DIRECTION('',(0.,0.,1.));
#5992=DIRECTION('',(0.,-1.,0.));
#5993=DIRECTION('',(0.,0.,-1.));
#5994=DIRECTION('',(0.,0.,1.));
#5995=DIRECTION('',(0.,-1.,0.));
#5996=DIRECTION('',(0.,0.,-1.));
#5997=DIRECTION('',(0.,0.,1.));
#5998=DIRECTION('',(0.,1.,0.));
#5999=DIRECTION('',(-1.,0.,0.));
#6000=DIRECTION('',(0.,0.,-1.));
#6001=DIRECTION('',(0.,1.,0.));
#6002=DIRECTION('',(0.,0.,1.));
#6003=DIRECTION('',(0.,1.,0.));
#6004=DIRECTION('',(0.,0.,1.));
#6005=DIRECTION('',(-1.,0.,0.));
#6006=DIRECTION('',(0.,1.,0.));
#6007=DIRECTION('',(0.,0.,1.));
#6008=DIRECTION('',(-1.,0.,0.));
#6009=DIRECTION('',(0.,1.,0.));
#6010=DIRECTION('',(0.,0.,1.));
#6011=DIRECTION('',(0.,1.,0.));
#6012=DIRECTION('',(0.,0.,1.));
#6013=DIRECTION('',(0.,0.,-1.));
#6014=DIRECTION('',(0.,1.,0.));
#6015=DIRECTION('',(-1.,0.,0.));
#6016=DIRECTION('',(0.,0.,-1.));
#6017=DIRECTION('',(0.,0.,-1.));
#6018=DIRECTION('',(0.,1.,0.));
#6019=DIRECTION('',(0.,0.,1.));
#6020=DIRECTION('',(0.,1.,0.));
#6021=DIRECTION('',(0.,0.,1.));
#6022=DIRECTION('',(1.,0.,0.));
#6023=DIRECTION('',(0.,1.,0.));
#6024=DIRECTION('',(0.,0.,1.));
#6025=DIRECTION('',(1.,0.,0.));
#6026=DIRECTION('',(0.,1.,0.));
#6027=DIRECTION('',(0.,0.,1.));
#6028=DIRECTION('',(0.,1.,0.));
#6029=DIRECTION('',(0.,0.,1.));
#6030=DIRECTION('',(0.,0.,1.));
#6031=DIRECTION('',(1.,0.,0.));
#6032=DIRECTION('',(0.,-1.,0.));
#6033=DIRECTION('',(-1.,0.,0.));
#6034=DIRECTION('',(0.,-1.,0.));
#6035=DIRECTION('',(-1.,0.,0.));
#6036=DIRECTION('',(0.,1.,0.));
#6037=DIRECTION('',(1.,0.,0.));
#6038=DIRECTION('',(0.,0.,-1.));
#6039=DIRECTION('',(0.,1.,0.));
#6040=DIRECTION('',(0.,1.,0.));
#6041=DIRECTION('',(0.,0.,-1.));
#6042=DIRECTION('',(0.,-1.,0.));
#6043=DIRECTION('',(1.,0.,0.));
#6044=DIRECTION('',(0.,0.,-1.));
#6045=DIRECTION('',(1.,0.,0.));
#6046=DIRECTION('',(0.,0.,-1.));
#6047=DIRECTION('',(0.,-1.,0.));
#6048=DIRECTION('',(1.,0.,0.));
#6049=DIRECTION('',(0.,0.,-1.));
#6050=DIRECTION('',(0.,-1.,0.));
#6051=DIRECTION('',(0.,0.,1.));
#6052=DIRECTION('',(1.,0.,0.));
#6053=DIRECTION('',(0.,1.,0.));
#6054=DIRECTION('',(1.,0.,0.));
#6055=DIRECTION('',(0.,1.,0.));
#6056=DIRECTION('',(1.,0.,0.));
#6057=DIRECTION('',(0.,1.,0.));
#6058=DIRECTION('',(0.,0.,1.));
#6059=DIRECTION('',(1.,0.,0.));
#6060=DIRECTION('',(1.,0.,0.));
#6061=DIRECTION('',(0.,-1.,0.));
#6062=DIRECTION('',(0.,1.,0.));
#6063=DIRECTION('',(-1.,0.,0.));
#6064=DIRECTION('',(0.,-1.,0.));
#6065=DIRECTION('',(0.,1.,0.));
#6066=DIRECTION('',(0.,0.,1.));
#6067=DIRECTION('',(0.,-1.,0.));
#6068=DIRECTION('',(0.,0.,-1.));
#6069=DIRECTION('',(0.,1.,0.));
#6070=DIRECTION('',(0.,-1.,0.));
#6071=DIRECTION('',(0.,0.,-1.));
#6072=DIRECTION('',(0.,-1.,0.));
#6073=DIRECTION('',(1.,0.,0.));
#6074=DIRECTION('',(0.,-1.,0.));
#6075=DIRECTION('',(0.,0.,-1.));
#6076=DIRECTION('',(0.,-1.,0.));
#6077=DIRECTION('',(0.,0.,-1.));
#6078=DIRECTION('',(0.,-1.,0.));
#6079=DIRECTION('',(0.,0.,-1.));
#6080=DIRECTION('',(0.,-1.,0.));
#6081=DIRECTION('',(0.,0.,-1.));
#6082=DIRECTION('',(0.,-1.,0.));
#6083=DIRECTION('',(0.,0.,-1.));
#6084=DIRECTION('',(0.,-1.,0.));
#6085=DIRECTION('',(0.,0.,-1.));
#6086=DIRECTION('',(0.,-1.,0.));
#6087=DIRECTION('',(0.,0.,-1.));
#6088=DIRECTION('',(0.,-1.,0.));
#6089=DIRECTION('',(0.,0.,-1.));
#6090=DIRECTION('',(0.,-1.,0.));
#6091=DIRECTION('',(0.,0.,-1.));
#6092=DIRECTION('',(0.,-1.,0.));
#6093=DIRECTION('',(0.,0.,-1.));
#6094=DIRECTION('',(0.,-1.,0.));
#6095=DIRECTION('',(0.,0.,-1.));
#6096=DIRECTION('',(0.,-1.,0.));
#6097=DIRECTION('',(0.,0.,-1.));
#6098=DIRECTION('',(0.,-1.,0.));
#6099=DIRECTION('',(0.,0.,-1.));
#6100=DIRECTION('',(1.,0.,0.));
#6101=DIRECTION('',(0.,-1.,0.));
#6102=DIRECTION('',(0.,0.,-1.));
#6103=DIRECTION('',(0.,1.,0.));
#6104=DIRECTION('',(0.,0.,1.));
#6105=DIRECTION('',(0.,-1.,0.));
#6106=DIRECTION('',(0.,0.,-1.));
#6107=DIRECTION('',(0.,1.40521805481117E-16,-1.));
#6108=DIRECTION('',(-1.,0.,0.));
#6109=DIRECTION('',(0.,1.40521805481117E-16,-1.));
#6110=DIRECTION('',(1.,0.,0.));
#6111=DIRECTION('',(0.,0.,-1.));
#6112=DIRECTION('',(1.,0.,0.));
#6113=DIRECTION('',(1.,0.,0.));
#6114=DIRECTION('',(0.,0.,-1.));
#6115=DIRECTION('',(0.,-1.,0.));
#6116=DIRECTION('',(0.,0.,-1.));
#6117=DIRECTION('',(0.,1.,0.));
#6118=DIRECTION('',(0.,0.,1.));
#6119=DIRECTION('',(1.,0.,0.));
#6120=DIRECTION('',(1.,0.,0.));
#6121=DIRECTION('',(1.,0.,0.));
#6122=DIRECTION('',(0.,-1.,0.));
#6123=DIRECTION('',(0.,0.,-1.));
#6124=DIRECTION('',(0.,1.40521805481118E-16,-1.));
#6125=DIRECTION('',(0.,-1.,0.));
#6126=DIRECTION('',(0.,0.,-1.));
#6127=DIRECTION('',(0.,1.,0.));
#6128=DIRECTION('',(0.,0.,1.));
#6129=DIRECTION('',(0.,-1.,0.));
#6130=DIRECTION('',(0.,0.,-1.));
#6131=DIRECTION('',(0.,0.,1.));
#6132=DIRECTION('',(1.,0.,0.));
#6133=DIRECTION('',(0.,0.,-1.));
#6134=DIRECTION('',(1.,0.,0.));
#6135=DIRECTION('',(0.,1.40521805481118E-16,-1.));
#6136=DIRECTION('',(-1.,0.,0.));
#6137=DIRECTION('',(0.,1.,0.));
#6138=DIRECTION('',(0.,0.,1.));
#6139=DIRECTION('',(-1.,0.,0.));
#6140=DIRECTION('',(0.,0.,1.));
#6141=DIRECTION('',(0.,-1.,0.));
#6142=DIRECTION('',(-1.,0.,0.));
#6143=DIRECTION('',(0.,0.,1.));
#6144=DIRECTION('',(0.,-1.,0.));
#6145=DIRECTION('',(0.,-1.,0.));
#6146=DIRECTION('',(0.,0.,-1.));
#6147=DIRECTION('',(1.,0.,0.));
#6148=DIRECTION('',(0.,0.,-1.));
#6149=DIRECTION('',(-1.,0.,0.));
#6150=DIRECTION('',(0.,0.,1.));
#6151=DIRECTION('',(1.,0.,0.));
#6152=DIRECTION('',(0.,0.,-1.));
#6153=DIRECTION('',(-1.,0.,0.));
#6154=DIRECTION('',(0.,0.,1.));
#6155=DIRECTION('',(1.,0.,0.));
#6156=DIRECTION('',(0.,0.,-1.));
#6157=DIRECTION('',(1.,0.,0.));
#6158=DIRECTION('',(0.,0.,-1.));
#6159=DIRECTION('',(1.,0.,0.));
#6160=DIRECTION('',(0.,1.,0.));
#6161=DIRECTION('',(-1.,0.,0.));
#6162=DIRECTION('',(0.,0.,1.));
#6163=DIRECTION('',(0.,1.,0.));
#6164=DIRECTION('',(0.,0.,1.));
#6165=DIRECTION('',(0.,1.,0.));
#6166=DIRECTION('',(0.,1.,0.));
#6167=DIRECTION('',(0.,1.,0.));
#6168=DIRECTION('',(0.,0.,1.));
#6169=DIRECTION('',(0.,1.,0.));
#6170=DIRECTION('',(0.,1.,0.));
#6171=DIRECTION('',(0.,0.,-1.));
#6172=DIRECTION('',(-1.,0.,0.));
#6173=DIRECTION('',(0.,-1.,0.));
#6174=DIRECTION('',(0.,-1.,0.));
#6175=DIRECTION('',(0.,1.,0.));
#6176=DIRECTION('',(0.,0.,1.));
#6177=DIRECTION('',(0.,1.,0.));
#6178=DIRECTION('',(0.,1.,0.));
#6179=DIRECTION('',(0.,1.,0.));
#6180=DIRECTION('',(0.,0.,1.));
#6181=DIRECTION('',(0.,1.,0.));
#6182=DIRECTION('',(0.,1.,0.));
#6183=DIRECTION('',(1.,0.,0.));
#6184=DIRECTION('',(0.,0.,-1.));
#6185=DIRECTION('',(1.,0.,0.));
#6186=DIRECTION('',(0.,0.,-1.));
#6187=DIRECTION('',(1.,0.,0.));
#6188=DIRECTION('',(0.,0.,-1.));
#6189=DIRECTION('',(1.,0.,0.));
#6190=DIRECTION('',(0.,0.,-1.));
#6191=DIRECTION('',(0.,1.,0.));
#6192=DIRECTION('',(0.,1.,0.));
#6193=DIRECTION('',(0.,-1.,0.));
#6194=DIRECTION('',(0.,0.,-1.));
#6195=DIRECTION('',(1.,0.,0.));
#6196=DIRECTION('',(0.,1.40521805481117E-16,-1.));
#6197=DIRECTION('',(0.,-1.,0.));
#6198=DIRECTION('',(0.,0.,-1.));
#6199=DIRECTION('',(0.,-1.,0.));
#6200=DIRECTION('',(0.,0.,1.));
#6201=DIRECTION('',(0.,-1.,0.));
#6202=DIRECTION('',(0.,0.,-1.));
#6203=DIRECTION('',(0.,0.,-1.));
#6204=DIRECTION('',(-1.,0.,0.));
#6205=DIRECTION('',(1.,0.,0.));
#6206=DIRECTION('',(0.,0.,-1.));
#6207=DIRECTION('',(1.,0.,0.));
#6208=DIRECTION('',(0.,1.40521805481117E-16,-1.));
#6209=DIRECTION('',(-1.,0.,0.));
#6210=DIRECTION('',(0.,-1.,0.));
#6211=DIRECTION('',(0.,0.,1.));
#6212=DIRECTION('',(1.,0.,0.));
#6213=DIRECTION('',(0.,0.,-1.));
#6214=DIRECTION('',(-1.,0.,0.));
#6215=DIRECTION('',(0.,0.,1.));
#6216=DIRECTION('',(1.,0.,0.));
#6217=DIRECTION('',(1.,0.,0.));
#6218=DIRECTION('',(0.,0.,-1.));
#6219=DIRECTION('',(1.,0.,0.));
#6220=DIRECTION('',(0.,-1.,0.));
#6221=DIRECTION('',(0.,0.,-1.));
#6222=DIRECTION('',(0.,-1.,0.));
#6223=DIRECTION('',(0.,0.,1.));
#6224=DIRECTION('',(0.,-1.,0.));
#6225=DIRECTION('',(0.,0.,-1.));
#6226=DIRECTION('',(0.,1.40521805481118E-16,-1.));
#6227=DIRECTION('',(1.,0.,0.));
#6228=DIRECTION('',(0.,1.40521805481118E-16,-1.));
#6229=DIRECTION('',(0.,0.,-1.));
#6230=DIRECTION('',(-1.,0.,0.));
#6231=DIRECTION('',(0.,0.,1.));
#6232=DIRECTION('',(0.,-1.,0.));
#6233=DIRECTION('',(0.,0.,-1.));
#6234=DIRECTION('',(0.,-1.,0.));
#6235=DIRECTION('',(0.,0.,1.));
#6236=DIRECTION('',(-1.,0.,0.));
#6237=DIRECTION('',(0.,1.,0.));
#6238=DIRECTION('',(1.,0.,0.));
#6239=DIRECTION('',(0.,0.,-1.));
#6240=DIRECTION('',(1.,0.,0.));
#6241=DIRECTION('',(0.,0.,-1.));
#6242=DIRECTION('',(1.,0.,0.));
#6243=DIRECTION('',(0.,0.,-1.));
#6244=DIRECTION('',(1.,0.,0.));
#6245=DIRECTION('',(0.,0.,-1.));
#6246=DIRECTION('',(0.,1.,0.));
#6247=DIRECTION('',(0.,0.,1.));
#6248=DIRECTION('',(0.,1.,0.));
#6249=DIRECTION('',(0.,1.,0.));
#6250=DIRECTION('',(0.,0.,1.));
#6251=DIRECTION('',(0.,1.,0.));
#6252=DIRECTION('',(0.,1.,0.));
#6253=DIRECTION('',(0.,0.,1.));
#6254=DIRECTION('',(0.,1.,0.));
#6255=DIRECTION('',(0.,1.,0.));
#6256=DIRECTION('',(0.,0.,1.));
#6257=DIRECTION('',(0.,1.,0.));
#6258=DIRECTION('',(0.,1.,0.));
#6259=DIRECTION('',(0.,0.,1.));
#6260=DIRECTION('',(0.,1.,0.));
#6261=DIRECTION('',(0.,0.,1.));
#6262=DIRECTION('',(0.,1.,0.));
#6263=DIRECTION('',(0.,1.,0.));
#6264=DIRECTION('',(0.,0.,1.));
#6265=DIRECTION('',(0.,1.,0.));
#6266=DIRECTION('',(0.,0.,1.));
#6267=DIRECTION('',(0.,1.,0.));
#6268=DIRECTION('',(0.,0.,1.));
#6269=DIRECTION('',(0.,1.,0.));
#6270=DIRECTION('',(0.,1.,0.));
#6271=DIRECTION('',(0.,0.,1.));
#6272=DIRECTION('',(0.,1.,0.));
#6273=DIRECTION('',(0.,0.,1.));
#6274=DIRECTION('',(0.,1.,0.));
#6275=DIRECTION('',(0.,0.,1.));
#6276=DIRECTION('',(0.,1.,0.));
#6277=DIRECTION('',(0.,0.,1.));
#6278=DIRECTION('',(0.,1.,0.));
#6279=DIRECTION('',(0.,0.,1.));
#6280=DIRECTION('',(0.,0.,-1.));
#6281=DIRECTION('',(-1.,0.,0.));
#6282=DIRECTION('',(0.,1.,0.));
#6283=DIRECTION('',(1.,0.,0.));
#6284=DIRECTION('',(0.,1.,0.));
#6285=DIRECTION('',(0.,1.,0.));
#6286=DIRECTION('',(0.,0.,1.));
#6287=DIRECTION('',(0.,1.,0.));
#6288=DIRECTION('',(0.,0.,1.));
#6289=DIRECTION('',(0.,1.,0.));
#6290=DIRECTION('',(-1.,0.,0.));
#6291=DIRECTION('',(0.,1.,0.));
#6292=DIRECTION('',(0.,0.,1.));
#6293=DIRECTION('',(0.,1.,0.));
#6294=DIRECTION('',(0.,0.,1.));
#6295=DIRECTION('',(0.,1.,0.));
#6296=DIRECTION('',(0.,0.,1.));
#6297=DIRECTION('',(0.,1.,0.));
#6298=DIRECTION('',(-1.,0.,0.));
#6299=DIRECTION('',(0.,1.,0.));
#6300=DIRECTION('',(0.,0.,1.));
#6301=DIRECTION('',(0.,1.,0.));
#6302=DIRECTION('',(-1.,0.,0.));
#6303=DIRECTION('',(0.,1.,0.));
#6304=DIRECTION('',(0.,0.,1.));
#6305=DIRECTION('',(0.,1.,0.));
#6306=DIRECTION('',(0.,0.,1.));
#6307=DIRECTION('',(0.,1.,0.));
#6308=DIRECTION('',(-1.,0.,0.));
#6309=DIRECTION('',(0.,1.,0.));
#6310=DIRECTION('',(0.,0.,1.));
#6311=DIRECTION('',(0.,1.,0.));
#6312=DIRECTION('',(0.,0.,1.));
#6313=DIRECTION('',(0.,1.,0.));
#6314=DIRECTION('',(0.,0.,1.));
#6315=DIRECTION('',(0.,1.,0.));
#6316=DIRECTION('',(0.,0.,1.));
#6317=DIRECTION('',(0.,0.,1.));
#6318=DIRECTION('',(1.,0.,0.));
#6319=DIRECTION('',(0.,1.,0.));
#6320=DIRECTION('',(-1.,0.,0.));
#6321=DIRECTION('',(0.,1.,0.));
#6322=DIRECTION('',(0.,1.,0.));
#6323=DIRECTION('',(0.,0.,1.));
#6324=DIRECTION('',(0.,-1.,0.));
#6325=DIRECTION('',(0.,0.,1.));
#6326=DIRECTION('',(0.,1.,0.));
#6327=DIRECTION('',(1.,0.,0.));
#6328=DIRECTION('',(0.,-1.,0.));
#6329=DIRECTION('',(0.,0.,1.));
#6330=DIRECTION('',(0.,1.,0.));
#6331=DIRECTION('',(0.,0.,1.));
#6332=DIRECTION('',(0.,-1.,0.));
#6333=DIRECTION('',(0.,0.,1.));
#6334=DIRECTION('',(0.,1.,0.));
#6335=DIRECTION('',(1.,0.,0.));
#6336=DIRECTION('',(0.,-1.,0.));
#6337=DIRECTION('',(0.,0.,1.));
#6338=DIRECTION('',(0.,1.,0.));
#6339=DIRECTION('',(1.,0.,0.));
#6340=DIRECTION('',(0.,-1.,0.));
#6341=DIRECTION('',(0.,0.,1.));
#6342=DIRECTION('',(0.,1.,0.));
#6343=DIRECTION('',(0.,0.,1.));
#6344=DIRECTION('',(0.,1.,0.));
#6345=DIRECTION('',(1.,0.,0.));
#6346=DIRECTION('',(0.,-1.,0.));
#6347=DIRECTION('',(0.,0.,1.));
#6348=DIRECTION('',(0.,1.,0.));
#6349=DIRECTION('',(0.,0.,1.));
#6350=DIRECTION('',(-1.,0.,0.));
#6351=DIRECTION('',(0.,1.,0.));
#6352=DIRECTION('',(1.,0.,0.));
#6353=DIRECTION('',(0.,1.,0.));
#6354=DIRECTION('',(0.,1.,0.));
#6355=DIRECTION('',(0.,0.,1.));
#6356=DIRECTION('',(0.0594114333467542,-0.998233580675227,0.));
#6357=DIRECTION('',(0.998233580675227,0.0594114333467542,0.));
#6358=DIRECTION('',(0.,1.,0.));
#6359=DIRECTION('',(0.,0.,1.));
#6360=DIRECTION('',(0.0594114333467517,0.998233580675227,0.));
#6361=DIRECTION('',(-0.998233580675227,0.0594114333467518,0.));
#6362=DIRECTION('',(0.,1.,0.));
#6363=DIRECTION('',(0.,0.,1.));
#6364=DIRECTION('',(-0.0594114333467517,-0.998233580675227,0.));
#6365=DIRECTION('',(0.998233580675227,-0.0594114333467518,0.));
#6366=DIRECTION('',(0.,1.,0.));
#6367=DIRECTION('',(0.,0.,1.));
#6368=DIRECTION('',(-0.0594114333467518,0.998233580675227,0.));
#6369=DIRECTION('',(-0.998233580675227,-0.0594114333467518,0.));
#6370=DIRECTION('',(0.,-1.,0.));
#6371=DIRECTION('',(0.,0.,-1.));
#6372=DIRECTION('',(0.,1.,0.));
#6373=DIRECTION('',(0.,0.,1.));
#6374=DIRECTION('',(0.,1.,0.));
#6375=DIRECTION('',(-1.,0.,0.));
#6376=DIRECTION('',(0.,-1.,0.));
#6377=DIRECTION('',(0.,0.,-1.));
#6378=DIRECTION('',(0.,1.,0.));
#6379=DIRECTION('',(0.,0.,1.));
#6380=DIRECTION('',(0.,1.,0.));
#6381=DIRECTION('',(-1.,0.,0.));
#6382=DIRECTION('',(0.,-1.,0.));
#6383=DIRECTION('',(0.,0.,-1.));
#6384=DIRECTION('',(0.,1.,0.));
#6385=DIRECTION('',(0.,0.,1.));
#6386=DIRECTION('',(0.,1.,0.));
#6387=DIRECTION('',(-1.,0.,0.));
#6388=DIRECTION('',(0.,-1.,0.));
#6389=DIRECTION('',(0.,0.,-1.));
#6390=DIRECTION('',(0.,1.,0.));
#6391=DIRECTION('',(0.,0.,1.));
#6392=DIRECTION('',(0.,1.,0.));
#6393=DIRECTION('',(-1.,0.,0.));
#6394=DIRECTION('',(0.,-1.,0.));
#6395=DIRECTION('',(0.,0.,-1.));
#6396=DIRECTION('',(0.,1.,0.));
#6397=DIRECTION('',(0.,0.,1.));
#6398=DIRECTION('',(0.,1.,0.));
#6399=DIRECTION('',(-1.,0.,0.));
#6400=DIRECTION('',(0.,-1.,0.));
#6401=DIRECTION('',(0.,0.,-1.));
#6402=DIRECTION('',(0.,1.,0.));
#6403=DIRECTION('',(0.,0.,1.));
#6404=DIRECTION('',(0.,1.,0.));
#6405=DIRECTION('',(-1.,0.,0.));
#6406=DIRECTION('',(1.,0.,0.));
#6407=DIRECTION('',(0.,0.,-1.));
#6408=DIRECTION('',(1.,0.,0.));
#6409=DIRECTION('',(0.,0.,-1.));
#6410=DIRECTION('',(1.,0.,0.));
#6411=DIRECTION('',(0.,1.,0.));
#6412=DIRECTION('',(1.,0.,0.));
#6413=DIRECTION('',(0.,0.,-1.));
#6414=DIRECTION('',(1.,0.,0.));
#6415=DIRECTION('',(0.,0.,-1.));
#6416=DIRECTION('',(1.,0.,0.));
#6417=DIRECTION('',(0.,0.,-1.));
#6418=DIRECTION('',(1.,0.,0.));
#6419=DIRECTION('',(0.,1.,0.));
#6420=DIRECTION('',(1.,0.,0.));
#6421=DIRECTION('',(0.,0.,-1.));
#6422=DIRECTION('',(1.,0.,0.));
#6423=DIRECTION('',(0.,0.,-1.));
#6424=DIRECTION('',(1.,0.,0.));
#6425=DIRECTION('',(0.,0.,-1.));
#6426=DIRECTION('',(1.,0.,0.));
#6427=DIRECTION('',(0.,1.,0.));
#6428=DIRECTION('',(1.,0.,0.));
#6429=DIRECTION('',(0.,0.,-1.));
#6430=DIRECTION('',(1.,0.,0.));
#6431=DIRECTION('',(0.,1.,0.));
#6432=DIRECTION('',(1.,0.,0.));
#6433=DIRECTION('',(0.,0.,-1.));
#6434=DIRECTION('',(1.,0.,0.));
#6435=DIRECTION('',(0.,0.,-1.));
#6436=DIRECTION('',(1.,0.,0.));
#6437=DIRECTION('',(0.,1.,0.));
#6438=DIRECTION('',(1.,0.,0.));
#6439=DIRECTION('',(0.,0.,-1.));
#6440=DIRECTION('',(1.,0.,0.));
#6441=DIRECTION('',(0.,0.,-1.));
#6442=DIRECTION('',(1.,0.,0.));
#6443=DIRECTION('',(0.,1.,0.));
#6444=DIRECTION('',(1.,0.,0.));
#6445=DIRECTION('',(0.,0.,-1.));
#6446=DIRECTION('',(1.,0.,0.));
#6447=DIRECTION('',(0.,0.,-1.));
#6448=DIRECTION('',(0.,-1.,0.));
#6449=DIRECTION('',(0.,0.,-1.));
#6450=DIRECTION('',(0.,-1.,0.));
#6451=DIRECTION('',(0.,0.,-1.));
#6452=DIRECTION('',(0.,-1.,0.));
#6453=DIRECTION('',(1.,0.,0.));
#6454=DIRECTION('',(0.,-1.,0.));
#6455=DIRECTION('',(0.,0.,-1.));
#6456=DIRECTION('',(0.,-1.,0.));
#6457=DIRECTION('',(0.,0.,-1.));
#6458=DIRECTION('',(0.,-1.,0.));
#6459=DIRECTION('',(1.,0.,0.));
#6460=DIRECTION('',(0.,0.,1.));
#6461=DIRECTION('',(1.,0.,0.));
#6462=DIRECTION('',(2.19587620730865E-23,3.39101727905112E-9,1.));
#6463=DIRECTION('',(-1.8956768917394E-17,3.05191419629184E-8,1.));
#6464=DIRECTION('',(1.,0.,0.));
#6465=DIRECTION('',(0.,0.,-1.));
#6466=DIRECTION('',(-1.,0.,0.));
#6467=DIRECTION('',(0.,0.,1.));
#6468=DIRECTION('',(0.,0.,-1.));
#6469=DIRECTION('',(0.,0.,-1.));
#6470=DIRECTION('',(0.,0.,-1.));
#6471=DIRECTION('',(1.,0.,-3.46944695195361E-17));
#6472=DIRECTION('',(-3.46944695195361E-17,0.,-1.));
#6473=DIRECTION('',(1.,0.,-3.46944695195361E-17));
#6474=DIRECTION('',(1.,0.,0.));
#6475=DIRECTION('',(0.,0.,-1.));
#6476=DIRECTION('',(1.,0.,-3.46944695195361E-17));
#6477=DIRECTION('',(1.,0.,-3.46944695195361E-17));
#6478=DIRECTION('',(-3.46944695195361E-17,0.,-1.));
#6479=DIRECTION('',(-1.,0.,0.));
#6480=DIRECTION('',(0.,0.,1.));
#6481=DIRECTION('',(-1.,0.,0.));
#6482=DIRECTION('',(-1.,0.,0.));
#6483=DIRECTION('',(0.,0.,1.));
#6484=DIRECTION('',(-1.,0.,0.));
#6485=DIRECTION('',(0.,0.,-1.));
#6486=DIRECTION('',(0.,-1.98254111540206E-16,-1.));
#6487=DIRECTION('',(0.,-1.98254111540206E-16,-1.));
#6488=DIRECTION('',(1.,0.,0.));
#6489=DIRECTION('',(0.,0.,-1.));
#6490=DIRECTION('',(-1.,0.,0.));
#6491=DIRECTION('',(0.,0.,1.));
#6492=DIRECTION('',(-1.,0.,-3.46944695195361E-17));
#6493=DIRECTION('',(-3.46944695195361E-17,0.,1.));
#6494=DIRECTION('',(-1.,0.,-3.46944695195361E-17));
#6495=DIRECTION('',(-1.,0.,0.));
#6496=DIRECTION('',(0.,0.,1.));
#6497=DIRECTION('',(-1.,0.,-3.46944695195361E-17));
#6498=DIRECTION('',(-1.,0.,-3.46944695195361E-17));
#6499=DIRECTION('',(-3.46944695195361E-17,0.,1.));
#6500=DIRECTION('',(1.,0.,0.));
#6501=DIRECTION('',(0.,0.,-1.));
#6502=DIRECTION('',(1.,0.,0.));
#6503=DIRECTION('',(-1.,0.,0.));
#6504=DIRECTION('',(0.,0.,1.));
#6505=DIRECTION('',(1.,0.,0.));
#6506=DIRECTION('',(-1.,0.,0.));
#6507=DIRECTION('',(0.,0.,-1.));
#6508=DIRECTION('',(-1.,0.,0.));
#6509=DIRECTION('',(0.,1.,0.));
#6510=DIRECTION('',(0.,-1.,0.));
#6511=DIRECTION('',(0.,0.,-1.));
#6512=DIRECTION('',(-1.,0.,0.));
#6513=DIRECTION('',(0.,1.,0.));
#6514=DIRECTION('',(0.,-2.62986485395853E-16,1.));
#6515=DIRECTION('',(1.,0.,0.));
#6516=DIRECTION('',(0.,0.,-1.));
#6517=DIRECTION('',(0.,1.40521805481117E-16,-1.));
#6518=DIRECTION('',(1.,0.,0.));
#6519=DIRECTION('',(0.,0.,-1.));
#6520=DIRECTION('',(1.,0.,0.));
#6521=DIRECTION('',(0.,1.,0.));
#6522=DIRECTION('',(0.,1.40521805481117E-16,-1.));
#6523=DIRECTION('',(1.,0.,0.));
#6524=DIRECTION('',(0.,0.,-1.));
#6525=DIRECTION('',(0.,-2.62986485395853E-16,1.));
#6526=DIRECTION('',(1.,0.,0.));
#6527=DIRECTION('',(0.,1.,0.));
#6528=DIRECTION('',(0.,0.,-1.));
#6529=DIRECTION('',(0.,-1.,0.));
#6530=DIRECTION('',(1.,0.,0.));
#6531=DIRECTION('',(0.,0.0209323903656334,0.999780893512964));
#6532=DIRECTION('',(0.,-1.,0.));
#6533=DIRECTION('',(0.,0.,-1.));
#6534=DIRECTION('',(0.,-1.,0.));
#6535=DIRECTION('',(0.,0.,-1.));
#6536=DIRECTION('',(-0.0785005168077629,0.0208677945361421,0.996695642617199));
#6537=DIRECTION('',(0.996912726477723,0.,0.0785176144998898));
#6538=DIRECTION('',(-0.34464044383364,-0.00290247483613475,0.93873028081232));
#6539=DIRECTION('',(0.9387342349383,0.,0.344641895530426));
#6540=DIRECTION('',(-0.0788574244941095,-0.0209810103418947,-0.996665091094892));
#6541=DIRECTION('',(-0.996884530925443,0.,0.078874786855873));
#6542=DIRECTION('',(0.,0.,1.));
#6543=DIRECTION('',(0.,0.,1.));
#6544=DIRECTION('',(1.,0.,0.));
#6545=DIRECTION('',(0.8,-0.6,0.));
#6546=DIRECTION('',(0.,-1.,0.));
#6547=DIRECTION('',(0.,1.,0.));
#6548=DIRECTION('',(-1.,0.,0.));
#6549=DIRECTION('',(-1.,0.,0.));
#6550=DIRECTION('',(0.,0.,1.));
#6551=DIRECTION('',(-1.,0.,0.));
#6552=DIRECTION('',(0.,0.,1.));
#6553=DIRECTION('',(0.,0.,1.));
#6554=DIRECTION('',(1.,0.,0.));
#6555=DIRECTION('',(-0.8,-0.6,0.));
#6556=DIRECTION('',(0.,-1.,0.));
#6557=DIRECTION('',(1.,0.,0.));
#6558=DIRECTION('',(0.,0.,-1.));
#6559=DIRECTION('',(0.6,0.8,0.));
#6560=DIRECTION('',(0.8,-0.6,0.));
#6561=DIRECTION('',(1.,0.,0.));
#6562=DIRECTION('',(0.,0.,-1.));
#6563=DIRECTION('',(1.,0.,0.));
#6564=DIRECTION('',(0.,0.,-1.));
#6565=DIRECTION('',(0.6,0.8,0.));
#6566=DIRECTION('',(0.8,-0.6,0.));
#6567=DIRECTION('',(1.,0.,0.));
#6568=DIRECTION('',(0.,0.,-1.));
#6569=DIRECTION('',(0.6,0.8,0.));
#6570=DIRECTION('',(0.8,-0.6,0.));
#6571=DIRECTION('',(1.,0.,0.));
#6572=DIRECTION('',(0.,0.,-1.));
#6573=DIRECTION('',(1.,0.,0.));
#6574=DIRECTION('',(0.,0.,-1.));
#6575=DIRECTION('',(0.6,0.8,0.));
#6576=DIRECTION('',(0.8,-0.6,0.));
#6577=DIRECTION('',(0.,1.,0.));
#6578=DIRECTION('',(0.,0.,1.));
#6579=DIRECTION('',(0.,1.,1.22464679914735E-16));
#6580=DIRECTION('',(0.,-1.22464679914735E-16,1.));
#6581=DIRECTION('',(0.,1.,0.));
#6582=DIRECTION('',(0.,0.,1.));
#6583=DIRECTION('',(0.,1.,0.));
#6584=DIRECTION('',(0.,0.,1.));
#6585=DIRECTION('',(0.,-1.,0.));
#6586=DIRECTION('',(0.,0.,-1.));
#6587=DIRECTION('',(0.,1.,0.));
#6588=DIRECTION('',(0.,0.,1.));
#6589=DIRECTION('',(0.,0.,1.));
#6590=DIRECTION('',(1.,0.,0.));
#6591=DIRECTION('',(-1.,0.,0.));
#6592=DIRECTION('',(0.,1.,0.));
#6593=DIRECTION('',(-1.,0.,0.));
#6594=DIRECTION('',(0.,-1.,0.));
#6595=DIRECTION('',(0.8,0.6,0.));
#6596=DIRECTION('',(0.,0.,-1.));
#6597=DIRECTION('',(-1.,0.,0.));
#6598=DIRECTION('',(0.,-1.,0.));
#6599=DIRECTION('',(-1.,0.,0.));
#6600=DIRECTION('',(0.,-1.,0.));
#6601=DIRECTION('',(0.,0.,1.));
#6602=DIRECTION('',(1.,0.,0.));
#6603=DIRECTION('',(-0.8,0.6,0.));
#6604=DIRECTION('',(0.,-1.,0.));
#6605=DIRECTION('',(1.,0.,0.));
#6606=DIRECTION('',(0.,1.,0.));
#6607=DIRECTION('',(-1.,0.,0.));
#6608=DIRECTION('',(0.,0.,1.));
#6609=DIRECTION('',(-1.,0.,0.));
#6610=DIRECTION('',(1.,0.,0.));
#6611=DIRECTION('',(-1.,0.,0.));
#6612=DIRECTION('',(-1.,0.,0.));
#6613=DIRECTION('',(0.,0.,1.));
#6614=DIRECTION('',(0.,0.,-1.));
#6615=DIRECTION('',(0.,0.,-1.));
#6616=DIRECTION('',(-1.,0.,0.));
#6617=DIRECTION('',(0.,0.,1.));
#6618=DIRECTION('',(0.,0.,-1.));
#6619=DIRECTION('',(0.,-1.22464679914735E-16,1.));
#6620=DIRECTION('',(1.,0.,0.));
#6621=DIRECTION('',(0.,0.,-1.));
#6622=DIRECTION('',(1.,0.,0.));
#6623=DIRECTION('',(-1.,0.,0.));
#6624=DIRECTION('',(0.,0.,1.));
#6625=DIRECTION('',(0.,1.,0.));
#6626=DIRECTION('',(-1.,0.,0.));
#6627=DIRECTION('',(0.,0.,1.));
#6628=DIRECTION('',(0.,-1.22464679914735E-16,1.));
#6629=DIRECTION('',(1.,0.,0.));
#6630=DIRECTION('',(0.,0.,-1.));
#6631=DIRECTION('',(0.,0.,-1.));
#6632=DIRECTION('',(1.,0.,0.));
#6633=DIRECTION('',(0.,0.,-1.));
#6634=DIRECTION('',(1.,0.,0.));
#6635=DIRECTION('',(0.,0.,-1.));
#6636=DIRECTION('',(-1.,0.,0.));
#6637=DIRECTION('',(-1.,0.,0.));
#6638=DIRECTION('',(-1.,0.,0.));
#6639=DIRECTION('',(0.,0.,1.));
#6640=DIRECTION('',(1.,0.,0.));
#6641=DIRECTION('',(0.,0.,-1.));
#6642=DIRECTION('',(0.,-2.62986485395853E-16,1.));
#6643=DIRECTION('',(0.,1.40521805481117E-16,-1.));
#6644=DIRECTION('',(1.,0.,0.));
#6645=DIRECTION('',(0.,0.,-1.));
#6646=DIRECTION('',(1.,0.,0.));
#6647=DIRECTION('',(1.,0.,0.));
#6648=DIRECTION('',(0.,1.,1.22464679914735E-16));
#6649=DIRECTION('',(0.,-1.22464679914735E-16,1.));
#6650=DIRECTION('',(0.,1.,0.));
#6651=DIRECTION('',(0.,0.,1.));
#6652=DIRECTION('',(0.,1.,1.22464679914735E-16));
#6653=DIRECTION('',(0.,-1.22464679914735E-16,1.));
#6654=DIRECTION('',(0.,1.,1.22464679914735E-16));
#6655=DIRECTION('',(0.,-1.22464679914735E-16,1.));
#6656=DIRECTION('',(0.,1.,0.));
#6657=DIRECTION('',(0.,0.,1.));
#6658=DIRECTION('',(0.,-1.,0.));
#6659=DIRECTION('',(0.,0.,-1.));
#6660=DIRECTION('',(0.,-1.,0.));
#6661=DIRECTION('',(0.,0.,-1.));
#6662=DIRECTION('',(0.,0.,1.));
#6663=DIRECTION('',(0.,-1.,0.));
#6664=DIRECTION('',(0.,0.,-1.));
#6665=DIRECTION('',(0.,1.,0.));
#6666=DIRECTION('',(0.,0.,1.));
#6667=DIRECTION('',(0.,-1.,0.));
#6668=DIRECTION('',(0.,0.,-1.));
#6669=DIRECTION('',(0.,0.,1.));
#6670=DIRECTION('',(1.,0.,0.));
#6671=DIRECTION('',(0.,0.,1.));
#6672=DIRECTION('',(-1.,0.,0.));
#6673=DIRECTION('',(0.,0.,1.));
#6674=DIRECTION('',(-1.,0.,0.));
#6675=DIRECTION('',(0.,0.,1.));
#6676=DIRECTION('',(-1.,0.,0.));
#6677=DIRECTION('',(0.,0.,1.));
#6678=DIRECTION('',(-1.,0.,0.));
#6679=DIRECTION('',(0.,0.,1.));
#6680=DIRECTION('',(0.6,0.8,0.));
#6681=DIRECTION('',(0.,0.,1.));
#6682=DIRECTION('',(0.,0.,1.));
#6683=DIRECTION('',(0.6,0.8,0.));
#6684=DIRECTION('',(0.8,-0.6,0.));
#6685=DIRECTION('',(0.,0.,1.));
#6686=DIRECTION('',(0.6,0.8,0.));
#6687=DIRECTION('',(0.,0.,1.));
#6688=DIRECTION('',(0.,0.,1.));
#6689=DIRECTION('',(0.6,0.8,0.));
#6690=DIRECTION('',(0.8,-0.6,0.));
#6691=DIRECTION('',(0.,0.,1.));
#6692=DIRECTION('',(0.,1.,0.));
#6693=DIRECTION('',(-1.,0.,0.));
#6694=DIRECTION('',(0.,1.,0.));
#6695=DIRECTION('',(0.,0.,1.));
#6696=DIRECTION('',(0.,-1.,0.));
#6697=DIRECTION('',(0.,0.,-1.));
#6698=DIRECTION('',(0.,1.,0.));
#6699=DIRECTION('',(-1.,0.,0.));
#6700=DIRECTION('',(0.,1.,0.));
#6701=DIRECTION('',(0.,0.,1.));
#6702=DIRECTION('',(0.,-1.,0.));
#6703=DIRECTION('',(0.,0.,-1.));
#6704=DIRECTION('',(0.,-1.,0.));
#6705=DIRECTION('',(0.,0.,-1.));
#6706=DIRECTION('',(0.,-1.,0.));
#6707=DIRECTION('',(0.,0.,-1.));
#6708=DIRECTION('',(0.,-1.,0.));
#6709=DIRECTION('',(0.,0.,-1.));
#6710=DIRECTION('',(0.,0.,-1.));
#6711=DIRECTION('',(-1.,0.,0.));
#6712=DIRECTION('',(0.,0.,-1.));
#6713=DIRECTION('',(-1.,0.,0.));
#6714=DIRECTION('',(-1.,0.,0.));
#6715=DIRECTION('',(0.,0.,-1.));
#6716=DIRECTION('',(0.6,-0.8,0.));
#6717=DIRECTION('',(-0.8,-0.6,0.));
#6718=DIRECTION('',(-1.,0.,0.));
#6719=DIRECTION('',(0.,0.,-1.));
#6720=DIRECTION('',(1.,0.,0.));
#6721=DIRECTION('',(0.,0.,-1.));
#6722=DIRECTION('',(0.6,-0.8,0.));
#6723=DIRECTION('',(-0.8,-0.6,0.));
#6724=DIRECTION('',(-1.,0.,0.));
#6725=DIRECTION('',(0.,0.,-1.));
#6726=DIRECTION('',(0.6,-0.8,0.));
#6727=DIRECTION('',(-0.8,-0.6,0.));
#6728=DIRECTION('',(1.,0.,0.));
#6729=DIRECTION('',(0.,0.,-1.));
#6730=DIRECTION('',(-1.,0.,0.));
#6731=DIRECTION('',(0.,0.,-1.));
#6732=DIRECTION('',(0.6,-0.8,0.));
#6733=DIRECTION('',(-0.8,-0.6,0.));
#6734=DIRECTION('',(0.,1.,0.));
#6735=DIRECTION('',(0.,0.,1.));
#6736=DIRECTION('',(0.,-1.,-1.22464679914735E-16));
#6737=DIRECTION('',(0.,-1.22464679914735E-16,1.));
#6738=DIRECTION('',(0.,-1.,0.));
#6739=DIRECTION('',(0.,0.,1.));
#6740=DIRECTION('',(0.,1.,0.));
#6741=DIRECTION('',(0.,0.,1.));
#6742=DIRECTION('',(0.,1.,0.));
#6743=DIRECTION('',(0.,0.,-1.));
#6744=DIRECTION('',(0.,-1.,0.));
#6745=DIRECTION('',(0.,0.,1.));
#6746=DIRECTION('',(1.,0.,0.));
#6747=DIRECTION('',(0.,0.,1.));
#6748=DIRECTION('',(0.,0.,-1.));
#6749=DIRECTION('',(0.,0.,-1.));
#6750=DIRECTION('',(1.,0.,0.));
#6751=DIRECTION('',(0.,0.,1.));
#6752=DIRECTION('',(0.,0.,-1.));
#6753=DIRECTION('',(0.,-1.22464679914735E-16,1.));
#6754=DIRECTION('',(-1.,0.,0.));
#6755=DIRECTION('',(0.,0.,-1.));
#6756=DIRECTION('',(-1.,0.,0.));
#6757=DIRECTION('',(1.,0.,0.));
#6758=DIRECTION('',(0.,0.,1.));
#6759=DIRECTION('',(0.,1.,0.));
#6760=DIRECTION('',(0.,0.,-1.));
#6761=DIRECTION('',(1.,0.,0.));
#6762=DIRECTION('',(0.,0.,-1.));
#6763=DIRECTION('',(0.,-1.22464679914735E-16,1.));
#6764=DIRECTION('',(-1.,0.,0.));
#6765=DIRECTION('',(0.,0.,1.));
#6766=DIRECTION('',(-1.,0.,0.));
#6767=DIRECTION('',(0.,0.,-1.));
#6768=DIRECTION('',(1.,0.,0.));
#6769=DIRECTION('',(0.,0.,-1.));
#6770=DIRECTION('',(1.,0.,0.));
#6771=DIRECTION('',(1.,0.,0.));
#6772=DIRECTION('',(1.,0.,0.));
#6773=DIRECTION('',(0.,0.,1.));
#6774=DIRECTION('',(1.,0.,0.));
#6775=DIRECTION('',(0.,0.,-1.));
#6776=DIRECTION('',(0.,1.40521805481117E-16,-1.));
#6777=DIRECTION('',(0.,-2.62986485395853E-16,1.));
#6778=DIRECTION('',(-1.,0.,0.));
#6779=DIRECTION('',(0.,0.,-1.));
#6780=DIRECTION('',(-1.,0.,0.));
#6781=DIRECTION('',(-1.,0.,0.));
#6782=DIRECTION('',(0.,1.,1.22464679914735E-16));
#6783=DIRECTION('',(0.,-1.22464679914735E-16,1.));
#6784=DIRECTION('',(0.,-1.,0.));
#6785=DIRECTION('',(0.,0.,1.));
#6786=DIRECTION('',(0.,-1.,-1.22464679914735E-16));
#6787=DIRECTION('',(0.,-1.22464679914735E-16,1.));
#6788=DIRECTION('',(0.,-1.,-1.22464679914735E-16));
#6789=DIRECTION('',(0.,-1.22464679914735E-16,1.));
#6790=DIRECTION('',(0.,-1.,0.));
#6791=DIRECTION('',(0.,0.,1.));
#6792=DIRECTION('',(0.,-1.,0.));
#6793=DIRECTION('',(0.,0.,-1.));
#6794=DIRECTION('',(0.,-1.,0.));
#6795=DIRECTION('',(0.,0.,-1.));
#6796=DIRECTION('',(0.,0.,1.));
#6797=DIRECTION('',(-1.,0.,0.));
#6798=DIRECTION('',(0.,1.,0.));
#6799=DIRECTION('',(0.,0.,-1.));
#6800=DIRECTION('',(0.,-1.,0.));
#6801=DIRECTION('',(0.,0.,1.));
#6802=DIRECTION('',(0.,1.,0.));
#6803=DIRECTION('',(0.,0.,-1.));
#6804=DIRECTION('',(0.,0.,1.));
#6805=DIRECTION('',(1.,0.,0.));
#6806=DIRECTION('',(0.,0.,1.));
#6807=DIRECTION('',(-0.6,0.8,0.));
#6808=DIRECTION('',(0.,0.,1.));
#6809=DIRECTION('',(0.,0.,1.));
#6810=DIRECTION('',(0.6,-0.8,0.));
#6811=DIRECTION('',(-0.8,-0.6,0.));
#6812=DIRECTION('',(0.,0.,1.));
#6813=DIRECTION('',(-0.6,0.8,0.));
#6814=DIRECTION('',(0.,0.,1.));
#6815=DIRECTION('',(0.,0.,1.));
#6816=DIRECTION('',(0.6,-0.8,0.));
#6817=DIRECTION('',(-0.8,-0.6,0.));
#6818=DIRECTION('',(0.,0.,1.));
#6819=DIRECTION('',(0.,1.,0.));
#6820=DIRECTION('',(1.,0.,0.));
#6821=DIRECTION('',(0.,-1.,0.));
#6822=DIRECTION('',(0.,0.,1.));
#6823=DIRECTION('',(0.,-1.,0.));
#6824=DIRECTION('',(0.,0.,-1.));
#6825=DIRECTION('',(0.,1.,0.));
#6826=DIRECTION('',(1.,0.,0.));
#6827=DIRECTION('',(0.,-1.,0.));
#6828=DIRECTION('',(0.,0.,1.));
#6829=DIRECTION('',(0.,-1.,0.));
#6830=DIRECTION('',(0.,0.,-1.));
#6831=DIRECTION('',(0.,-1.,0.));
#6832=DIRECTION('',(0.,0.,-1.));
#6833=DIRECTION('',(0.,-1.,0.));
#6834=DIRECTION('',(0.,0.,-1.));
#6835=DIRECTION('',(0.,-1.,0.));
#6836=DIRECTION('',(0.,0.,-1.));
#6837=DIRECTION('',(0.,0.,-1.));
#6838=DIRECTION('',(1.,0.,0.));
#6839=DIRECTION('',(0.,0.,-1.));
#6840=DIRECTION('',(1.,0.,0.));
#6841=DIRECTION('',(0.,0.,1.));
#6842=DIRECTION('',(1.,0.,0.));
#6843=DIRECTION('',(0.,-1.,0.));
#6844=DIRECTION('',(-1.,0.,0.));
#6845=DIRECTION('',(0.,-1.,0.));
#6846=DIRECTION('',(-1.,0.,0.));
#6847=DIRECTION('',(-1.,0.,0.));
#6848=DIRECTION('',(0.,-1.,0.));
#6849=DIRECTION('',(0.,0.,-1.));
#6850=DIRECTION('',(0.,-1.,0.));
#6851=DIRECTION('',(0.,1.,0.));
#6852=DIRECTION('',(0.,0.,1.));
#6853=DIRECTION('',(0.,-1.,0.));
#6854=DIRECTION('',(0.,0.,-1.));
#6855=DIRECTION('',(0.,-1.,0.));
#6856=DIRECTION('',(0.,1.,0.));
#6857=DIRECTION('',(0.,0.,1.));
#6858=DIRECTION('',(0.,1.,0.));
#6859=DIRECTION('',(-1.,0.,0.));
#6860=DIRECTION('',(1.,0.,0.));
#6861=DIRECTION('',(0.,-1.,0.));
#6862=DIRECTION('',(0.,0.,-1.));
#6863=DIRECTION('',(0.,-1.,0.));
#6864=DIRECTION('',(0.,0.,-1.));
#6865=DIRECTION('',(-1.,0.,0.));
#6866=DIRECTION('',(0.,0.,1.));
#6867=DIRECTION('',(0.34464036654926,-0.00297873281938675,0.938730070305401));
#6868=DIRECTION('',(0.938734234938296,0.,-0.344641895530436));
#6869=DIRECTION('',(0.,1.,0.));
#6870=DIRECTION('',(-1.,0.,0.));
#6871=DIRECTION('',(0.,1.,0.));
#6872=DIRECTION('',(0.,0.,1.));
#6873=DIRECTION('',(0.,-1.,0.));
#6874=DIRECTION('',(0.,0.,-1.));
#6875=DIRECTION('',(0.,1.,0.));
#6876=DIRECTION('',(-1.,0.,0.));
#6877=DIRECTION('',(0.,1.,0.));
#6878=DIRECTION('',(0.,0.,1.));
#6879=DIRECTION('',(0.,-1.,0.));
#6880=DIRECTION('',(0.,0.,-1.));
#6881=DIRECTION('',(0.,-1.,0.));
#6882=DIRECTION('',(1.,0.,0.));
#6883=DIRECTION('',(0.,-1.,0.));
#6884=DIRECTION('',(0.,0.,-1.));
#6885=DIRECTION('',(0.,0.,-1.));
#6886=DIRECTION('',(1.,0.,-3.46944695195361E-17));
#6887=DIRECTION('',(-3.46944695195361E-17,0.,-1.));
#6888=DIRECTION('',(1.,0.,-3.46944695195361E-17));
#6889=DIRECTION('',(0.,0.,1.));
#6890=DIRECTION('',(0.,-1.,0.));
#6891=DIRECTION('',(0.,0.,-1.));
#6892=DIRECTION('',(0.,0.,1.));
#6893=DIRECTION('',(-3.46944695195361E-17,0.,-1.));
#6894=DIRECTION('',(1.,0.,-3.46944695195361E-17));
#6895=DIRECTION('',(1.,0.,0.));
#6896=DIRECTION('',(0.,-1.,0.));
#6897=DIRECTION('',(1.,0.,0.));
#6898=DIRECTION('',(0.,-1.,0.));
#6899=DIRECTION('',(0.,0.,-1.));
#6900=DIRECTION('',(-3.46944695195361E-17,0.,-1.));
#6901=DIRECTION('',(1.,0.,-3.46944695195361E-17));
#6902=DIRECTION('',(0.,0.,-1.));
#6903=DIRECTION('',(1.,0.,0.));
#6904=DIRECTION('',(1.,0.,-3.46944695195361E-17));
#6905=DIRECTION('',(-3.46944695195361E-17,0.,-1.));
#6906=DIRECTION('',(0.,0.,-1.));
#6907=DIRECTION('',(0.,-1.,0.));
#6908=DIRECTION('',(0.,0.,-1.));
#6909=DIRECTION('',(0.,0.,-1.));
#6910=DIRECTION('',(1.,0.,-3.46944695195361E-17));
#6911=DIRECTION('',(0.,0.,-1.));
#6912=DIRECTION('',(-1.,0.,0.));
#6913=DIRECTION('',(0.,-1.,0.));
#6914=DIRECTION('',(0.,-1.,0.));
#6915=DIRECTION('',(-1.,0.,0.));
#6916=DIRECTION('',(0.,0.,1.));
#6917=DIRECTION('',(-1.,0.,0.));
#6918=DIRECTION('',(0.,0.,1.));
#6919=DIRECTION('',(0.,-1.,0.));
#6920=DIRECTION('',(1.,0.,-3.46944695195361E-17));
#6921=DIRECTION('',(-3.46944695195361E-17,0.,-1.));
#6922=DIRECTION('',(0.,-1.,0.));
#6923=DIRECTION('',(0.,0.,-1.));
#6924=DIRECTION('',(0.,-1.,0.));
#6925=DIRECTION('',(0.,0.,-1.));
#6926=DIRECTION('',(0.,0.,-1.));
#6927=DIRECTION('',(-1.,0.,0.));
#6928=DIRECTION('',(0.,-1.,0.));
#6929=DIRECTION('',(0.,-1.,0.));
#6930=DIRECTION('',(0.,0.,-1.));
#6931=DIRECTION('',(0.,-1.,0.));
#6932=DIRECTION('',(0.,0.,-1.));
#6933=DIRECTION('',(1.,0.,-3.46944695195361E-17));
#6934=DIRECTION('',(-3.46944695195361E-17,0.,-1.));
#6935=DIRECTION('',(1.,0.,-3.46944695195361E-17));
#6936=DIRECTION('',(-3.46944695195361E-17,0.,-1.));
#6937=DIRECTION('',(-1.,0.,3.46944695195361E-17));
#6938=DIRECTION('',(3.46944695195361E-17,0.,1.));
#6939=DIRECTION('',(1.,0.,-3.46944695195361E-17));
#6940=DIRECTION('',(-3.46944695195361E-17,0.,-1.));
#6941=DIRECTION('',(1.,0.,-3.46944695195361E-17));
#6942=DIRECTION('',(-3.46944695195361E-17,0.,-1.));
#6943=DIRECTION('',(1.,0.,0.));
#6944=DIRECTION('',(0.,0.,-1.));
#6945=DIRECTION('',(-1.,0.,3.46944695195361E-17));
#6946=DIRECTION('',(3.46944695195361E-17,0.,1.));
#6947=DIRECTION('',(1.,0.,-3.46944695195361E-17));
#6948=DIRECTION('',(-3.46944695195361E-17,0.,-1.));
#6949=DIRECTION('',(1.,0.,-3.46944695195361E-17));
#6950=DIRECTION('',(-3.46944695195361E-17,0.,-1.));
#6951=DIRECTION('',(0.,-1.,0.));
#6952=DIRECTION('',(0.,0.,-1.));
#6953=DIRECTION('',(-1.,0.,0.));
#6954=DIRECTION('',(-1.,0.,0.));
#6955=DIRECTION('',(0.,0.,1.));
#6956=DIRECTION('',(0.,-1.,0.));
#6957=DIRECTION('',(-1.,0.,0.));
#6958=DIRECTION('',(0.,0.,1.));
#6959=DIRECTION('',(0.,-1.,0.));
#6960=DIRECTION('',(0.,0.,-1.));
#6961=DIRECTION('',(-1.,0.,-3.46944695195361E-17));
#6962=DIRECTION('',(-3.46944695195361E-17,0.,1.));
#6963=DIRECTION('',(0.,0.,-1.));
#6964=DIRECTION('',(0.,-1.,0.));
#6965=DIRECTION('',(-1.,0.,0.));
#6966=DIRECTION('',(0.,1.,0.));
#6967=DIRECTION('',(0.,0.,-1.));
#6968=DIRECTION('',(-3.46944695195361E-17,0.,1.));
#6969=DIRECTION('',(-1.,0.,-3.46944695195361E-17));
#6970=DIRECTION('',(-1.,0.,0.));
#6971=DIRECTION('',(-1.,0.,-3.46944695195361E-17));
#6972=DIRECTION('',(-3.46944695195361E-17,0.,1.));
#6973=DIRECTION('',(0.,0.,-1.));
#6974=DIRECTION('',(0.,-1.,0.));
#6975=DIRECTION('',(0.,0.,-1.));
#6976=DIRECTION('',(0.,0.,-1.));
#6977=DIRECTION('',(-1.,0.,-3.46944695195361E-17));
#6978=DIRECTION('',(0.,-1.,0.));
#6979=DIRECTION('',(-1.,0.,0.));
#6980=DIRECTION('',(0.,1.,0.));
#6981=DIRECTION('',(0.,0.,-1.));
#6982=DIRECTION('',(-1.,0.,0.));
#6983=DIRECTION('',(-1.,0.,-3.46944695195361E-17));
#6984=DIRECTION('',(-3.46944695195361E-17,0.,1.));
#6985=DIRECTION('',(-1.,0.,-3.46944695195361E-17));
#6986=DIRECTION('',(0.,0.,1.));
#6987=DIRECTION('',(0.,-1.,0.));
#6988=DIRECTION('',(0.,0.,-1.));
#6989=DIRECTION('',(0.,0.,1.));
#6990=DIRECTION('',(-3.46944695195361E-17,0.,1.));
#6991=DIRECTION('',(-1.,0.,-3.46944695195361E-17));
#6992=DIRECTION('',(0.,0.,1.));
#6993=DIRECTION('',(1.,0.,0.));
#6994=DIRECTION('',(0.,-1.,0.));
#6995=DIRECTION('',(0.,-1.,0.));
#6996=DIRECTION('',(0.,0.,-1.));
#6997=DIRECTION('',(0.,1.,0.));
#6998=DIRECTION('',(0.,0.,-1.));
#6999=DIRECTION('',(0.,0.,1.));
#7000=DIRECTION('',(1.,0.,0.));
#7001=DIRECTION('',(0.,-1.,0.));
#7002=DIRECTION('',(0.,-1.,0.));
#7003=DIRECTION('',(0.,0.,-1.));
#7004=DIRECTION('',(0.,-1.,0.));
#7005=DIRECTION('',(0.,0.,-1.));
#7006=DIRECTION('',(-1.,0.,-3.46944695195361E-17));
#7007=DIRECTION('',(-3.46944695195361E-17,0.,1.));
#7008=DIRECTION('',(-1.,0.,-3.46944695195361E-17));
#7009=DIRECTION('',(-3.46944695195361E-17,0.,1.));
#7010=DIRECTION('',(1.,0.,3.46944695195361E-17));
#7011=DIRECTION('',(3.46944695195361E-17,0.,-1.));
#7012=DIRECTION('',(-1.,0.,-3.46944695195361E-17));
#7013=DIRECTION('',(-3.46944695195361E-17,0.,1.));
#7014=DIRECTION('',(-1.,0.,-3.46944695195361E-17));
#7015=DIRECTION('',(-3.46944695195361E-17,0.,1.));
#7016=DIRECTION('',(-1.,0.,0.));
#7017=DIRECTION('',(0.,0.,1.));
#7018=DIRECTION('',(1.,0.,3.46944695195361E-17));
#7019=DIRECTION('',(3.46944695195361E-17,0.,-1.));
#7020=DIRECTION('',(-1.,0.,-3.46944695195361E-17));
#7021=DIRECTION('',(-3.46944695195361E-17,0.,1.));
#7022=DIRECTION('',(-1.,0.,-3.46944695195361E-17));
#7023=DIRECTION('',(-3.46944695195361E-17,0.,1.));
#7024=DIRECTION('',(0.,-1.,0.));
#7025=DIRECTION('',(0.,0.,-1.));
#7026=DIRECTION('',(-1.,0.,0.));
#7027=DIRECTION('',(0.,-1.,0.));
#7028=DIRECTION('',(0.,0.,-1.));
#7029=DIRECTION('',(0.,-1.,0.));
#7030=DIRECTION('',(0.,0.,-1.));
#7031=DIRECTION('',(0.,-1.,0.));
#7032=DIRECTION('',(1.,0.,0.));
#7033=DIRECTION('',(0.,-1.,0.));
#7034=DIRECTION('',(0.,0.,-1.));
#7035=DIRECTION('',(0.,-1.,0.));
#7036=DIRECTION('',(0.,0.,-1.));
#7037=DIRECTION('',(0.,-1.,0.));
#7038=DIRECTION('',(1.,0.,0.));
#7039=DIRECTION('',(-1.,0.,0.));
#7040=DIRECTION('',(0.,0.,1.));
#7041=DIRECTION('',(1.,0.,0.));
#7042=DIRECTION('',(0.,0.,-1.));
#7043=DIRECTION('',(-1.,0.,0.));
#7044=DIRECTION('',(0.,0.,1.));
#7045=DIRECTION('',(1.,0.,0.));
#7046=DIRECTION('',(0.,0.,-1.));
#7047=DIRECTION('',(1.,0.,0.));
#7048=DIRECTION('',(0.,0.,-1.));
#7049=DIRECTION('',(0.,-1.,0.));
#7050=DIRECTION('',(0.,0.,-1.));
#7051=DIRECTION('',(0.,-1.,0.));
#7052=DIRECTION('',(0.,0.,-1.));
#7053=DIRECTION('',(0.,-1.,0.));
#7054=DIRECTION('',(0.,0.,-1.));
#7055=DIRECTION('',(0.,1.,0.));
#7056=DIRECTION('',(0.,0.,-1.));
#7057=DIRECTION('',(0.,-1.,0.));
#7058=DIRECTION('',(-1.,0.,0.));
#7059=DIRECTION('',(0.,-1.,0.));
#7060=DIRECTION('',(-1.,0.,0.));
#7061=DIRECTION('',(0.,1.,0.));
#7062=DIRECTION('',(0.,0.,-1.));
#7063=DIRECTION('',(0.,-1.,0.));
#7064=DIRECTION('',(0.,0.,-1.));
#7065=DIRECTION('',(1.,0.,0.));
#7066=DIRECTION('',(0.,0.,1.));
#7067=DIRECTION('',(-1.,0.,0.));
#7068=DIRECTION('',(0.,0.,1.));
#7069=DIRECTION('',(1.,0.,0.));
#7070=DIRECTION('',(0.,0.,1.));
#7071=DIRECTION('',(-1.,0.,0.));
#7072=DIRECTION('',(0.,0.,1.));
#7073=DIRECTION('',(-1.,0.,0.));
#7074=DIRECTION('',(0.,0.,-1.));
#7075=DIRECTION('',(0.,-1.,0.));
#7076=DIRECTION('',(0.,0.,-1.));
#7077=DIRECTION('',(0.,-1.,0.));
#7078=DIRECTION('',(0.,0.,-1.));
#7079=DIRECTION('',(-1.,0.,0.));
#7080=DIRECTION('',(0.,0.,1.));
#7081=DIRECTION('',(-1.,0.,0.));
#7082=DIRECTION('',(0.,0.,1.));
#7083=DIRECTION('',(1.,0.,0.));
#7084=DIRECTION('',(0.,0.,-1.));
#7085=DIRECTION('',(1.,0.,0.));
#7086=DIRECTION('',(0.,0.,-1.));
#7087=DIRECTION('',(1.,0.,0.));
#7088=DIRECTION('',(0.,0.,-1.));
#7089=DIRECTION('',(1.,0.,0.));
#7090=DIRECTION('',(0.,0.,-1.));
#7091=DIRECTION('',(1.,0.,0.));
#7092=DIRECTION('',(0.,0.,-1.));
#7093=DIRECTION('',(1.,0.,0.));
#7094=DIRECTION('',(0.,0.,-1.));
#7095=DIRECTION('',(-1.,0.,0.));
#7096=DIRECTION('',(0.,0.,-1.));
#7097=DIRECTION('',(1.,0.,0.));
#7098=DIRECTION('',(0.,0.,-1.));
#7099=DIRECTION('',(-1.,0.,0.));
#7100=DIRECTION('',(0.,0.,-1.));
#7101=DIRECTION('',(-1.,0.,0.));
#7102=DIRECTION('',(0.,0.,-1.));
#7103=DIRECTION('',(1.,0.,0.));
#7104=DIRECTION('',(0.,0.,-1.));
#7105=DIRECTION('',(-1.,0.,0.));
#7106=DIRECTION('',(0.,0.,-1.));
#7107=CARTESIAN_POINT('',(0.,0.,0.));
#7108=CARTESIAN_POINT('',(-0.0205974088512515,-0.0455,1.16341445918999E-19));
#7109=CARTESIAN_POINT('',(-0.0205974088512515,-0.0455,1.16341445918999E-19));
#7110=CARTESIAN_POINT('',(-0.0205974088512515,-0.0455,-0.0019));
#7111=CARTESIAN_POINT('',(-0.0265974088512515,-0.0455,1.16341445918999E-19));
#7112=CARTESIAN_POINT('',(-0.0265974088512515,-0.0455,-0.0019));
#7113=CARTESIAN_POINT('',(-0.0205974088512515,-0.0605,1.16341445918999E-19));
#7114=CARTESIAN_POINT('',(-0.0205974088512515,-0.0605,1.16341445918999E-19));
#7115=CARTESIAN_POINT('',(-0.0205974088512515,-0.0605,-0.0019));
#7116=CARTESIAN_POINT('',(-0.0265974088512515,-0.0605,1.16341445918999E-19));
#7117=CARTESIAN_POINT('',(-0.0265974088512515,-0.0605,-0.0019));
#7118=CARTESIAN_POINT('',(-0.0205974088512515,-0.0755,1.16341445918999E-19));
#7119=CARTESIAN_POINT('',(-0.0205974088512515,-0.0755,1.16341445918999E-19));
#7120=CARTESIAN_POINT('',(-0.0205974088512515,-0.0755,-0.0019));
#7121=CARTESIAN_POINT('',(-0.0265974088512515,-0.0755,1.16341445918999E-19));
#7122=CARTESIAN_POINT('',(-0.0265974088512515,-0.0755,-0.0019));
#7123=CARTESIAN_POINT('',(-0.0205974088512515,-0.0609750125,2.48837409011493E-13));
#7124=CARTESIAN_POINT('',(-0.0205974088512515,-0.0609750125,2.48837409011493E-13));
#7125=CARTESIAN_POINT('',(-0.0205974088512515,-0.0609750125,2.48837409011493E-13));
#7126=CARTESIAN_POINT('',(-0.0265974088512515,-0.0609750125,2.48837409011493E-13));
#7127=CARTESIAN_POINT('',(-0.0265974088512515,-0.0455,1.28587913910472E-19));
#7128=CARTESIAN_POINT('',(-0.0265974088512515,-0.0455,-0.0021));
#7129=CARTESIAN_POINT('',(-0.0265974088512515,-0.0455,1.28587913910472E-19));
#7130=CARTESIAN_POINT('',(-0.0270974088512515,-0.0455,1.28587913910472E-19));
#7131=CARTESIAN_POINT('',(-0.0270974088512515,-0.0455,-0.0021));
#7132=CARTESIAN_POINT('',(-0.0265974088512515,-0.0609750125,2.48837409011493E-13));
#7133=CARTESIAN_POINT('',(-0.0265974088512515,-0.0605,1.28587913910472E-19));
#7134=CARTESIAN_POINT('',(-0.0265974088512515,-0.0605,-0.0021));
#7135=CARTESIAN_POINT('',(-0.0265974088512515,-0.0605,1.28587913910472E-19));
#7136=CARTESIAN_POINT('',(-0.0270974088512515,-0.0605,1.28587913910472E-19));
#7137=CARTESIAN_POINT('',(-0.0270974088512515,-0.0605,-0.0021));
#7138=CARTESIAN_POINT('',(-0.0265974088512515,-0.0609750125,2.48837409011493E-13));
#7139=CARTESIAN_POINT('',(-0.0265974088512515,-0.0755,1.28587913910472E-19));
#7140=CARTESIAN_POINT('',(-0.0265974088512515,-0.0755,-0.0021));
#7141=CARTESIAN_POINT('',(-0.0265974088512515,-0.0755,1.28587913910472E-19));
#7142=CARTESIAN_POINT('',(-0.0270974088512515,-0.0755,1.28587913910472E-19));
#7143=CARTESIAN_POINT('',(-0.0270974088512515,-0.0755,-0.0021));
#7144=CARTESIAN_POINT('',(-0.0125,-0.0315,4.33680868994202E-18));
#7145=CARTESIAN_POINT('',(-0.0125,-0.0355,4.33680868994202E-18));
#7146=CARTESIAN_POINT('',(-0.0125,-0.0355,-0.0015));
#7147=CARTESIAN_POINT('',(-0.0125,-0.0315,4.33680868994202E-18));
#7148=CARTESIAN_POINT('',(-0.0125,-0.0315,-0.0015));
#7149=CARTESIAN_POINT('',(-0.00625,-0.0315,-0.0108253175473055));
#7150=CARTESIAN_POINT('',(-0.00625,-0.0355,-0.0108253175473055));
#7151=CARTESIAN_POINT('',(-0.00625,-0.0355,-0.0123253175473055));
#7152=CARTESIAN_POINT('',(-0.00625,-0.0315,-0.0108253175473055));
#7153=CARTESIAN_POINT('',(-0.00625,-0.0315,-0.0123253175473055));
#7154=CARTESIAN_POINT('',(0.00625,-0.0315,-0.0108253175473055));
#7155=CARTESIAN_POINT('',(0.00625,-0.0355,-0.0108253175473055));
#7156=CARTESIAN_POINT('',(0.00625,-0.0355,-0.0123253175473055));
#7157=CARTESIAN_POINT('',(0.00625,-0.0315,-0.0108253175473055));
#7158=CARTESIAN_POINT('',(0.00625,-0.0315,-0.0123253175473055));
#7159=CARTESIAN_POINT('',(0.0125,-0.0315,-9.54097911787244E-18));
#7160=CARTESIAN_POINT('',(0.0125,-0.0355,-9.54097911787244E-18));
#7161=CARTESIAN_POINT('',(0.0125,-0.0355,-0.00150000000000001));
#7162=CARTESIAN_POINT('',(0.0125,-0.0315,-9.54097911787244E-18));
#7163=CARTESIAN_POINT('',(0.0125,-0.0315,-0.00150000000000001));
#7164=CARTESIAN_POINT('',(0.00625,-0.0315,0.0108253175473055));
#7165=CARTESIAN_POINT('',(0.00625,-0.0355,0.0108253175473055));
#7166=CARTESIAN_POINT('',(0.00625,-0.0355,0.00932531754730548));
#7167=CARTESIAN_POINT('',(0.00625,-0.0315,0.0108253175473055));
#7168=CARTESIAN_POINT('',(0.00625,-0.0315,0.00932531754730548));
#7169=CARTESIAN_POINT('',(-0.00625,-0.0315,0.0108253175473055));
#7170=CARTESIAN_POINT('',(-0.00625,-0.0355,0.0108253175473055));
#7171=CARTESIAN_POINT('',(-0.00625,-0.0355,0.0093253175473055));
#7172=CARTESIAN_POINT('',(-0.00625,-0.0315,0.0108253175473055));
#7173=CARTESIAN_POINT('',(-0.00625,-0.0315,0.0093253175473055));
#7174=CARTESIAN_POINT('',(-3.46944695195361E-18,-0.0135,0.));
#7175=CARTESIAN_POINT('',(0.00812443624431901,-0.0295836760633329,-0.0133812287618683));
#7176=CARTESIAN_POINT('',(0.0062751771973693,-0.0304411163413857,-0.0141287421922529));
#7177=CARTESIAN_POINT('',(0.00390500315681385,-0.0311038975731035,-0.0132052104390302));
#7178=CARTESIAN_POINT('',(0.00289456424838392,-0.0312597435203019,-0.0107478950171496));
#7179=CARTESIAN_POINT('',(0.00402162968987691,-0.0310812276467449,-0.00833557891645713));
#7180=CARTESIAN_POINT('',(0.00642495129401571,-0.0303845481429516,-0.00752992826276642));
#7181=CARTESIAN_POINT('',(0.00823052856927587,-0.0295277238454171,-0.00835081013275489));
#7182=CARTESIAN_POINT('',(0.00910340946181186,-0.0290308160658928,-0.00966521145190932));
#7183=CARTESIAN_POINT('',(0.00933531601539936,-0.0288895598237911,-0.0108895417515421));
#7184=CARTESIAN_POINT('',(0.00905136002728375,-0.0290618499779644,-0.0121063845269205));
#7185=CARTESIAN_POINT('',(0.00812443624431901,-0.0295836760633329,-0.0133812287618683));
#7186=CARTESIAN_POINT('',(0.0062751771973693,-0.0304411163413857,-0.0141287421922529));
#7187=CARTESIAN_POINT('',(0.00390500315681385,-0.0311038975731035,-0.0132052104390302));
#7188=CARTESIAN_POINT('',(0.00625,-0.0303800918243948,-0.0138253175473055));
#7189=CARTESIAN_POINT('',(-0.0114233995849652,-0.0274350904931711,-0.00287887015369126));
#7190=CARTESIAN_POINT('',(-0.0125177017925045,-0.026462233133445,-0.00305964365100008));
#7191=CARTESIAN_POINT('',(-0.0135057932450167,-0.0254269800549805,-0.00288255524230843));
#7192=CARTESIAN_POINT('',(-0.0143742601961354,-0.0243612448784304,-0.00241046415017866));
#7193=CARTESIAN_POINT('',(-0.0149640388384783,-0.0235153354811741,-0.00178299259900036));
#7194=CARTESIAN_POINT('',(-0.0153246271754384,-0.0229456260971589,-0.00107408507685796));
#7195=CARTESIAN_POINT('',(-0.0154992850285251,-0.0226531593102528,-0.000423301611163349));
#7196=CARTESIAN_POINT('',(-0.0155122255389195,-0.0226309545900289,0.000328295868683754));
#7197=CARTESIAN_POINT('',(-0.0153522346404371,-0.0229003463823114,0.00100085833538184));
#7198=CARTESIAN_POINT('',(-0.0150925098605155,-0.0233139577627707,0.00154491084534295));
#7199=CARTESIAN_POINT('',(-0.0146622221393234,-0.0239547172926242,0.00213092554626909));
#7200=CARTESIAN_POINT('',(-0.0140112954523453,-0.0248274080457348,0.00265205166772507));
#7201=CARTESIAN_POINT('',(-0.0130826434879464,-0.0258910281164033,0.00299933258750519));
#7202=CARTESIAN_POINT('',(-0.0120412102145433,-0.026905806691537,0.00302983663845363));
#7203=CARTESIAN_POINT('',(-0.0109465511057216,-0.0278102198756336,0.00266126919815748));
#7204=CARTESIAN_POINT('',(-0.00996362023422539,-0.0285010792789208,0.00179101561520804));
#7205=CARTESIAN_POINT('',(-0.00940856062137367,-0.0288448459601379,0.000433510909014936));
#7206=CARTESIAN_POINT('',(-0.00957079059701168,-0.0287478353365801,-0.00106679249171991));
#7207=CARTESIAN_POINT('',(-0.0103636158740232,-0.028232894313642,-0.0022391046988659));
#7208=CARTESIAN_POINT('',(-0.0114233995849652,-0.0274350904931711,-0.00287887015369126));
#7209=CARTESIAN_POINT('',(-0.0125177017925045,-0.026462233133445,-0.00305964365100008));
#7210=CARTESIAN_POINT('',(-0.0135057932450167,-0.0254269800549805,-0.00288255524230843));
#7211=CARTESIAN_POINT('',(-0.0125,-0.0264518338469886,-0.003));
#7212=CARTESIAN_POINT('',(0.00812443624431901,-0.0295836760633329,0.00826940633274273));
#7213=CARTESIAN_POINT('',(0.00627517719736929,-0.0304411163413857,0.00752189290235812));
#7214=CARTESIAN_POINT('',(0.00390500315681386,-0.0311038975731035,0.00844542465558075));
#7215=CARTESIAN_POINT('',(0.00289456424838392,-0.0312597435203019,0.0109027400774613));
#7216=CARTESIAN_POINT('',(0.00402162968987691,-0.0310812276467449,0.0133150561781538));
#7217=CARTESIAN_POINT('',(0.0064249512940157,-0.0303845481429516,0.0141207068318446));
#7218=CARTESIAN_POINT('',(0.00823052856927587,-0.0295277238454171,0.0132998249618561));
#7219=CARTESIAN_POINT('',(0.00910340946181185,-0.0290308160658928,0.0119854236427017));
#7220=CARTESIAN_POINT('',(0.00933531601539936,-0.0288895598237911,0.0107610933430689));
#7221=CARTESIAN_POINT('',(0.00905136002728375,-0.0290618499779644,0.00954425056769052));
#7222=CARTESIAN_POINT('',(0.00812443624431901,-0.0295836760633329,0.00826940633274273));
#7223=CARTESIAN_POINT('',(0.00627517719736929,-0.0304411163413857,0.00752189290235812));
#7224=CARTESIAN_POINT('',(0.00390500315681386,-0.0311038975731035,0.00844542465558075));
#7225=CARTESIAN_POINT('',(0.00625,-0.0303800918243948,0.00782531754730548));
#7226=CARTESIAN_POINT('',(-3.46944695195361E-18,-0.0315,0.0075));
#7227=CARTESIAN_POINT('',(0.00100297790211571,-0.0315,0.0075));
#7228=CARTESIAN_POINT('',(0.00297347053716765,-0.0313263290754539,0.00709605626372544));
#7229=CARTESIAN_POINT('',(0.00544098731745497,-0.0307046926393678,0.00543352413544972));
#7230=CARTESIAN_POINT('',(0.00709329839701182,-0.0300576395682102,0.00297873555319679));
#7231=CARTESIAN_POINT('',(0.00770169762886115,-0.0297664633635247,1.33258841331174E-5));
#7232=CARTESIAN_POINT('',(0.00709986818130241,-0.0300549356754443,-0.00296989763928424));
#7233=CARTESIAN_POINT('',(0.00544066267028195,-0.0307046967743092,-0.00543333384767865));
#7234=CARTESIAN_POINT('',(0.00298083965482854,-0.0313251169414422,-0.00709300131215752));
#7235=CARTESIAN_POINT('',(0.00100334374002597,-0.0315,-0.0075));
#7236=CARTESIAN_POINT('',(-3.28719889210344E-18,-0.0315,-0.0075));
#7237=CARTESIAN_POINT('',(3.46944695195361E-18,-0.0315,0.0075));
#7238=CARTESIAN_POINT('',(3.46944695195361E-18,-0.0315,-0.0075));
#7239=CARTESIAN_POINT('',(3.46944695195361E-18,-0.0315,-0.0075));
#7240=CARTESIAN_POINT('',(-0.00100297790211571,-0.0315,-0.0075));
#7241=CARTESIAN_POINT('',(-0.00297347053716765,-0.0313263290754539,-0.00709605626372544));
#7242=CARTESIAN_POINT('',(-0.00544098731745497,-0.0307046926393678,-0.00543352413544972));
#7243=CARTESIAN_POINT('',(-0.00709329839701182,-0.0300576395682102,-0.00297873555319679));
#7244=CARTESIAN_POINT('',(-0.00770169762886115,-0.0297664633635247,-1.33258841331153E-5));
#7245=CARTESIAN_POINT('',(-0.00709986818130241,-0.0300549356754443,0.00296989763928423));
#7246=CARTESIAN_POINT('',(-0.00544066267028194,-0.0307046967743092,0.00543333384767866));
#7247=CARTESIAN_POINT('',(-0.00298083965482854,-0.0313251169414422,0.00709300131215753));
#7248=CARTESIAN_POINT('',(-0.00100334374002597,-0.0315,0.0075));
#7249=CARTESIAN_POINT('',(3.20926193478673E-18,-0.0315,0.0075));
#7250=CARTESIAN_POINT('',(0.00198476872608458,-0.0313902401633952,-0.0134344940802396));
#7251=CARTESIAN_POINT('',(0.0024593965675678,-0.0313375842746144,-0.014210370103733));
#7252=CARTESIAN_POINT('',(0.00381880914610011,-0.0311495713997389,-0.0154682527468073));
#7253=CARTESIAN_POINT('',(0.00646405077551157,-0.0303781769432538,-0.0160404686172831));
#7254=CARTESIAN_POINT('',(0.00888047843099871,-0.029221188940165,-0.0153032046421283));
#7255=CARTESIAN_POINT('',(0.0100700614786144,-0.0284296585910374,-0.0141622149182716));
#7256=CARTESIAN_POINT('',(0.0105152312739154,-0.0281092406118892,-0.0134344940802396));
#7257=CARTESIAN_POINT('',(0.00198476872608458,-0.0313902401633952,-0.0134344940802396));
#7258=CARTESIAN_POINT('',(0.0105152312739154,-0.0281092406118892,-0.0134344940802396));
#7259=CARTESIAN_POINT('',(-3.46944695195361E-18,-0.0315,-0.0120554968060564));
#7260=CARTESIAN_POINT('',(0.000821453026586092,-0.0315,-0.0122157336865201));
#7261=CARTESIAN_POINT('',(0.00154882656773344,-0.0314386042073864,-0.0127218576970944));
#7262=CARTESIAN_POINT('',(0.00198476872608458,-0.0313902401633952,-0.0134344940802396));
#7263=CARTESIAN_POINT('',(-5.74627151417317E-18,-0.0315,-0.0120554968060564));
#7264=CARTESIAN_POINT('',(-0.00198476872608459,-0.0313902401633952,-0.0134344940802396));
#7265=CARTESIAN_POINT('',(-0.00154877849481152,-0.0314386095406649,-0.0127217791120974));
#7266=CARTESIAN_POINT('',(-0.0008215099718306,-0.0315,-0.0122157447945544));
#7267=CARTESIAN_POINT('',(2.67619019289239E-18,-0.0315,-0.0120554968060564));
#7268=CARTESIAN_POINT('',(-0.00198476872608459,-0.0313902401633952,-0.0134344940802396));
#7269=CARTESIAN_POINT('',(-0.0105152312739154,-0.0281092406118892,-0.0134344940802396));
#7270=CARTESIAN_POINT('',(-0.010070233117161,-0.0284295350514873,-0.0141619343400557));
#7271=CARTESIAN_POINT('',(-0.00887383222953863,-0.0292250769915838,-0.0153077257469412));
#7272=CARTESIAN_POINT('',(-0.00646482298056296,-0.0303771639395464,-0.0160380614356327));
#7273=CARTESIAN_POINT('',(-0.00382698712566957,-0.0311479693486286,-0.0154731973447752));
#7274=CARTESIAN_POINT('',(-0.00245973527113087,-0.0313375466983587,-0.014210923783797));
#7275=CARTESIAN_POINT('',(-0.00198476872608459,-0.0313902401633952,-0.0134344940802396));
#7276=CARTESIAN_POINT('',(-0.0105152312739154,-0.0281092406118892,-0.0134344940802396));
#7277=CARTESIAN_POINT('',(-0.0151834194742178,-0.0231676663714645,-0.0128664793235813));
#7278=CARTESIAN_POINT('',(-0.0148887633851345,-0.023630434409715,-0.0125752029064602));
#7279=CARTESIAN_POINT('',(-0.0142284388184625,-0.0245738924929997,-0.0121492127159137));
#7280=CARTESIAN_POINT('',(-0.0130193754100127,-0.025977097511685,-0.0119107073057257));
#7281=CARTESIAN_POINT('',(-0.011665083734339,-0.0272473594125512,-0.0122142316898432));
#7282=CARTESIAN_POINT('',(-0.0108206246372204,-0.0278894289235214,-0.0129352663324912));
#7283=CARTESIAN_POINT('',(-0.0105152312739154,-0.0281092406118892,-0.0134344940802396));
#7284=CARTESIAN_POINT('',(-0.0151834194742178,-0.0231676663714645,-0.0128664793235813));
#7285=CARTESIAN_POINT('',(-0.018,-0.0135,-0.0153784865497607));
#7286=CARTESIAN_POINT('',(-0.018,-0.0152021924437715,-0.0149122407346966));
#7287=CARTESIAN_POINT('',(-0.0175304423034515,-0.018526826330006,-0.0139403923114742));
#7288=CARTESIAN_POINT('',(-0.0161186766132234,-0.0216988112297837,-0.0131612935338959));
#7289=CARTESIAN_POINT('',(-0.0151834194742177,-0.0231676663714645,-0.0128664793235813));
#7290=CARTESIAN_POINT('',(-0.018,-0.0135000000001799,-0.0153784865504174));
#7291=CARTESIAN_POINT('',(-0.018,-0.0135,0.));
#7292=CARTESIAN_POINT('',(-0.018,-0.0135000000001799,0.0153784865504174));
#7293=CARTESIAN_POINT('',(-0.0151834194742178,-0.0231676663714645,0.0128664793235813));
#7294=CARTESIAN_POINT('',(-0.0161193205634265,-0.0216977998827143,0.0131614965216368));
#7295=CARTESIAN_POINT('',(-0.0175124375857614,-0.0185881219232111,0.0139238844020796));
#7296=CARTESIAN_POINT('',(-0.0179999999999828,-0.0152028134992592,0.0149120706227229));
#7297=CARTESIAN_POINT('',(-0.018,-0.0135000000001817,0.0153784865504169));
#7298=CARTESIAN_POINT('',(-0.0151834194742178,-0.0231676663714645,0.0128664793235813));
#7299=CARTESIAN_POINT('',(-0.0105152312739154,-0.0281092406118892,0.0134344940802396));
#7300=CARTESIAN_POINT('',(-0.0108206546120989,-0.0278894073486299,0.0129352173324378));
#7301=CARTESIAN_POINT('',(-0.0116584358460291,-0.0272529253362976,0.0122181864906342));
#7302=CARTESIAN_POINT('',(-0.0130157350718618,-0.025980549515618,0.0119110733536422));
#7303=CARTESIAN_POINT('',(-0.0142185726617542,-0.0245869283507436,0.0121446412469097));
#7304=CARTESIAN_POINT('',(-0.0148891712388016,-0.023629793860789,0.0125756060820918));
#7305=CARTESIAN_POINT('',(-0.0151834194742178,-0.0231676663714645,0.0128664793235813));
#7306=CARTESIAN_POINT('',(-0.0105152312739154,-0.0281092406118892,0.0134344940802396));
#7307=CARTESIAN_POINT('',(-0.00198476872608458,-0.0313902401633952,0.0134344940802396));
#7308=CARTESIAN_POINT('',(-0.0024593965675678,-0.0313375842746144,0.014210370103733));
#7309=CARTESIAN_POINT('',(-0.00381880914610011,-0.0311495713997389,0.0154682527468073));
#7310=CARTESIAN_POINT('',(-0.00646405077551157,-0.0303781769432538,0.0160404686172831));
#7311=CARTESIAN_POINT('',(-0.00888047843099871,-0.029221188940165,0.0153032046421283));
#7312=CARTESIAN_POINT('',(-0.0100700614786144,-0.0284296585910374,0.0141622149182716));
#7313=CARTESIAN_POINT('',(-0.0105152312739154,-0.0281092406118892,0.0134344940802396));
#7314=CARTESIAN_POINT('',(-0.00198476872608458,-0.0313902401633952,0.0134344940802396));
#7315=CARTESIAN_POINT('',(3.46944695195361E-18,-0.0315,0.0120554968060564));
#7316=CARTESIAN_POINT('',(-0.000821453026586093,-0.0315,0.0122157336865201));
#7317=CARTESIAN_POINT('',(-0.00154882656773344,-0.0314386042073864,0.0127218576970944));
#7318=CARTESIAN_POINT('',(-0.00198476872608458,-0.0313902401633952,0.0134344940802396));
#7319=CARTESIAN_POINT('',(-1.7347234759768E-18,-0.0315,0.0120554968060564));
#7320=CARTESIAN_POINT('',(0.00198476872608458,-0.0313902401633952,0.0134344940802396));
#7321=CARTESIAN_POINT('',(0.00154877849481152,-0.0314386095406649,0.0127217791120974));
#7322=CARTESIAN_POINT('',(0.000821509971830599,-0.0315,0.0122157447945544));
#7323=CARTESIAN_POINT('',(-3.396003858443E-18,-0.0315,0.0120554968060564));
#7324=CARTESIAN_POINT('',(0.00198476872608458,-0.0313902401633952,0.0134344940802396));
#7325=CARTESIAN_POINT('',(0.0105152312739154,-0.0281092406118892,0.0134344940802396));
#7326=CARTESIAN_POINT('',(0.010070233117161,-0.0284295350514873,0.0141619343400557));
#7327=CARTESIAN_POINT('',(0.00887383222953863,-0.0292250769915838,0.0153077257469412));
#7328=CARTESIAN_POINT('',(0.00646482298056296,-0.0303771639395464,0.0160380614356327));
#7329=CARTESIAN_POINT('',(0.00382698712566956,-0.0311479693486286,0.0154731973447752));
#7330=CARTESIAN_POINT('',(0.00245973527113086,-0.0313375466983587,0.014210923783797));
#7331=CARTESIAN_POINT('',(0.00198476872608458,-0.0313902401633952,0.0134344940802396));
#7332=CARTESIAN_POINT('',(0.0105152312739154,-0.0281092406118892,0.0134344940802396));
#7333=CARTESIAN_POINT('',(0.0151834194742177,-0.0231676663714646,0.0128664793235813));
#7334=CARTESIAN_POINT('',(0.0148887633851345,-0.0236304344097151,0.0125752029064602));
#7335=CARTESIAN_POINT('',(0.0142284388184625,-0.0245738924929997,0.0121492127159136));
#7336=CARTESIAN_POINT('',(0.0130193754100127,-0.0259770975116851,0.0119107073057257));
#7337=CARTESIAN_POINT('',(0.011665083734339,-0.0272473594125512,0.0122142316898432));
#7338=CARTESIAN_POINT('',(0.0108206246372204,-0.0278894289235214,0.0129352663324912));
#7339=CARTESIAN_POINT('',(0.0105152312739154,-0.0281092406118892,0.0134344940802396));
#7340=CARTESIAN_POINT('',(0.0151834194742177,-0.0231676663714646,0.0128664793235813));
#7341=CARTESIAN_POINT('',(0.018,-0.0135,0.0153784865497607));
#7342=CARTESIAN_POINT('',(0.018,-0.0152021924437715,0.0149122407346966));
#7343=CARTESIAN_POINT('',(0.0175304423034515,-0.018526826330006,0.0139403923114742));
#7344=CARTESIAN_POINT('',(0.0161186766132234,-0.0216988112297837,0.0131612935338959));
#7345=CARTESIAN_POINT('',(0.0151834194742177,-0.0231676663714645,0.0128664793235813));
#7346=CARTESIAN_POINT('',(0.018,-0.0135000000001799,0.0153784865504174));
#7347=CARTESIAN_POINT('',(0.018,-0.0135,1.7347234759768E-18));
#7348=CARTESIAN_POINT('',(0.018,-0.0135000000001799,-0.0153784865504174));
#7349=CARTESIAN_POINT('',(0.0151834194742177,-0.0231676663714646,-0.0128664793235813));
#7350=CARTESIAN_POINT('',(0.0161193205634264,-0.0216977998827143,-0.0131614965216368));
#7351=CARTESIAN_POINT('',(0.0175124375857615,-0.0185881219232111,-0.0139238844020796));
#7352=CARTESIAN_POINT('',(0.0179999999999828,-0.0152028134992592,-0.0149120706227229));
#7353=CARTESIAN_POINT('',(0.018,-0.0135000000001817,-0.0153784865504169));
#7354=CARTESIAN_POINT('',(0.0151834194742177,-0.0231676663714646,-0.0128664793235813));
#7355=CARTESIAN_POINT('',(0.0105152312739154,-0.0281092406118892,-0.0134344940802396));
#7356=CARTESIAN_POINT('',(0.0108206546120989,-0.0278894073486299,-0.0129352173324378));
#7357=CARTESIAN_POINT('',(0.011658435846029,-0.0272529253362976,-0.0122181864906342));
#7358=CARTESIAN_POINT('',(0.0130157350718617,-0.025980549515618,-0.0119110733536422));
#7359=CARTESIAN_POINT('',(0.0142185726617542,-0.0245869283507436,-0.0121446412469097));
#7360=CARTESIAN_POINT('',(0.0148891712388015,-0.0236297938607891,-0.0125756060820919));
#7361=CARTESIAN_POINT('',(0.0151834194742177,-0.0231676663714646,-0.0128664793235813));
#7362=CARTESIAN_POINT('',(-0.00389693830115185,-0.0311059579587405,0.00844798792672144));
#7363=CARTESIAN_POINT('',(-0.00627952192349109,-0.0304395294914792,0.00752216956760489));
#7364=CARTESIAN_POINT('',(-0.00811739865798502,-0.0295869841000062,0.0082663941668441));
#7365=CARTESIAN_POINT('',(-0.00904455771639633,-0.0290658893755054,0.00953209527225491));
#7366=CARTESIAN_POINT('',(-0.00933393452708403,-0.0288903862013056,0.0107369655949049));
#7367=CARTESIAN_POINT('',(-0.00911258173269073,-0.0290253614619125,0.011965630336601));
#7368=CARTESIAN_POINT('',(-0.00823977954630683,-0.0295230587697797,0.0132952102798266));
#7369=CARTESIAN_POINT('',(-0.00643290464319582,-0.0303814181069345,0.0141195785219935));
#7370=CARTESIAN_POINT('',(-0.00403240341385128,-0.0310789371787047,0.0133224500303475));
#7371=CARTESIAN_POINT('',(-0.00289439846116488,-0.0312597071269615,0.0109202748092855));
#7372=CARTESIAN_POINT('',(-0.00389693830115185,-0.0311059579587405,0.00844798792672144));
#7373=CARTESIAN_POINT('',(-0.00627952192349109,-0.0304395294914792,0.00752216956760489));
#7374=CARTESIAN_POINT('',(-0.00811739865798502,-0.0295869841000062,0.0082663941668441));
#7375=CARTESIAN_POINT('',(-0.00625,-0.0303800918243948,0.00782531754730549));
#7376=CARTESIAN_POINT('',(-0.00389693830115186,-0.0311059579587405,-0.0132026471678896));
#7377=CARTESIAN_POINT('',(-0.00627952192349108,-0.0304395294914792,-0.0141284655270061));
#7378=CARTESIAN_POINT('',(-0.00811739865798502,-0.0295869841000062,-0.0133842409277669));
#7379=CARTESIAN_POINT('',(-0.00904455771639633,-0.0290658893755054,-0.0121185398223561));
#7380=CARTESIAN_POINT('',(-0.00933393452708402,-0.0288903862013056,-0.0109136694997061));
#7381=CARTESIAN_POINT('',(-0.00911258173269073,-0.0290253614619125,-0.00968500475800998));
#7382=CARTESIAN_POINT('',(-0.00823977954630684,-0.0295230587697797,-0.00835542481478436));
#7383=CARTESIAN_POINT('',(-0.00643290464319583,-0.0303814181069345,-0.0075310565726175));
#7384=CARTESIAN_POINT('',(-0.00403240341385128,-0.0310789371787046,-0.00832818506426352));
#7385=CARTESIAN_POINT('',(-0.00289439846116488,-0.0312597071269615,-0.0107303602853254));
#7386=CARTESIAN_POINT('',(-0.00389693830115186,-0.0311059579587405,-0.0132026471678896));
#7387=CARTESIAN_POINT('',(-0.00627952192349108,-0.0304395294914792,-0.0141284655270061));
#7388=CARTESIAN_POINT('',(-0.00811739865798502,-0.0295869841000062,-0.0133842409277669));
#7389=CARTESIAN_POINT('',(-0.00625,-0.0303800918243948,-0.0138253175473055));
#7390=CARTESIAN_POINT('',(0.0135086635031663,-0.025423944228994,-0.00288193684923167));
#7391=CARTESIAN_POINT('',(0.0125147616276757,-0.026464873694814,-0.00305908288187349));
#7392=CARTESIAN_POINT('',(0.0114322899861307,-0.0274275640736814,-0.00288173162327436));
#7393=CARTESIAN_POINT('',(0.0103679882253795,-0.0282299408031228,-0.00224230912587047));
#7394=CARTESIAN_POINT('',(0.00957871715299644,-0.0287428521015385,-0.0010843985342982));
#7395=CARTESIAN_POINT('',(0.00940573345897763,-0.0288465265341122,0.000415146833563915));
#7396=CARTESIAN_POINT('',(0.00995283553955097,-0.0285081776277104,0.00177703217075701));
#7397=CARTESIAN_POINT('',(0.010938733713546,-0.0278162400080458,0.00265758905250445));
#7398=CARTESIAN_POINT('',(0.0120339043559751,-0.0269125215900844,0.00302904299308375));
#7399=CARTESIAN_POINT('',(0.0130790658253507,-0.025894636919725,0.00299972948806511));
#7400=CARTESIAN_POINT('',(0.0140016496490251,-0.0248392255291937,0.00265721139604099));
#7401=CARTESIAN_POINT('',(0.0146578492873341,-0.0239610414400825,0.00213580642839642));
#7402=CARTESIAN_POINT('',(0.0150898423530367,-0.0233180735306779,0.00154937795448295));
#7403=CARTESIAN_POINT('',(0.0153505234269025,-0.0229031675404044,0.00100575640238237));
#7404=CARTESIAN_POINT('',(0.0155112583562299,-0.0226326032480191,0.000334488988073887));
#7405=CARTESIAN_POINT('',(0.0155007461629328,-0.0226506902368669,-0.000414376094698095));
#7406=CARTESIAN_POINT('',(0.0153258046890927,-0.022943667543107,-0.0010712899713521));
#7407=CARTESIAN_POINT('',(0.0149681471506711,-0.0235091409572627,-0.00177674167779025));
#7408=CARTESIAN_POINT('',(0.0143753453575204,-0.0243598573393006,-0.0024101461322632));
#7409=CARTESIAN_POINT('',(0.0135086635031663,-0.025423944228994,-0.00288193684923167));
#7410=CARTESIAN_POINT('',(0.0125147616276757,-0.026464873694814,-0.00305908288187349));
#7411=CARTESIAN_POINT('',(0.0114322899861307,-0.0274275640736814,-0.00288173162327436));
#7412=CARTESIAN_POINT('',(0.0125,-0.0264518338469886,-0.003));
#7413=CARTESIAN_POINT('',(-0.0270841215442052,-0.0316359477571866,-0.000442252728728234));
#7414=CARTESIAN_POINT('',(-0.0278193455105233,-0.0239803778783423,-0.00220823186351182));
#7415=CARTESIAN_POINT('',(-0.0305551651867942,-0.0184099967171837,-0.00877956343886837));
#7416=CARTESIAN_POINT('',(-0.031595228773931,-0.00827509949206545,-0.0112777553883638));
#7417=CARTESIAN_POINT('',(-0.0268889498131967,-0.0316359472967926,-0.000442252728728234));
#7418=CARTESIAN_POINT('',(-0.0275935394475848,-0.0239803769655035,-0.00220823186351182));
#7419=CARTESIAN_POINT('',(-0.0302153666373444,-0.0184099982063225,-0.00877956343886837));
#7420=CARTESIAN_POINT('',(-0.0312120942416839,-0.00827510046504134,-0.0112777553883638));
#7421=CARTESIAN_POINT('',(-0.0266937780821881,-0.0316359750530002,-0.000442252728728234));
#7422=CARTESIAN_POINT('',(-0.0273677333846463,-0.0239804319986868,-0.00220823186351182));
#7423=CARTESIAN_POINT('',(-0.0298755680878947,-0.0184099084291956,-0.00877956343886837));
#7424=CARTESIAN_POINT('',(-0.0308289597094368,-0.00827504180632033,-0.0112777553883638));
#7425=CARTESIAN_POINT('',(-0.026303434620171,-0.031636099128784,-0.000442252728728234));
#7426=CARTESIAN_POINT('',(-0.0269161212587694,-0.0239806780079925,-0.00220823186351182));
#7427=CARTESIAN_POINT('',(-0.0291959709889952,-0.0184095071075324,-0.00877956343886837));
#7428=CARTESIAN_POINT('',(-0.0300626906449425,-0.00827477959013813,-0.0112777553883638));
#7429=CARTESIAN_POINT('',(-0.0261082628891625,-0.0316361935019543,-0.000442252728728234));
#7430=CARTESIAN_POINT('',(-0.0266903151958309,-0.0239808645980696,-0.00220823186351182));
#7431=CARTESIAN_POINT('',(-0.0288561724395454,-0.0184091979378098,-0.00877956343886837));
#7432=CARTESIAN_POINT('',(-0.0296795561126954,-0.00827457791028816,-0.0112777553883638));
#7433=CARTESIAN_POINT('',(-0.0257179194271454,-0.0316364341638427,-0.000442252728728234));
#7434=CARTESIAN_POINT('',(-0.026238703069954,-0.0239813428203168,-0.00220823186351182));
#7435=CARTESIAN_POINT('',(-0.0281765753406459,-0.0184084273613896,-0.00877956343886837));
#7436=CARTESIAN_POINT('',(-0.0289132870482012,-0.00827407377794611,-0.0112777553883638));
#7437=CARTESIAN_POINT('',(-0.0255227476961368,-0.0316365760580109,-0.000442252728728234));
#7438=CARTESIAN_POINT('',(-0.0260128970070155,-0.0239816238710495,-0.00220823186351182));
#7439=CARTESIAN_POINT('',(-0.0278367767911961,-0.0184079662653117,-0.00877956343886837));
#7440=CARTESIAN_POINT('',(-0.028530152515954,-0.00827377268425664,-0.0112777553883638));
#7441=CARTESIAN_POINT('',(-0.0251324042341197,-0.0316368776513405,-0.000442252728728234));
#7442=CARTESIAN_POINT('',(-0.0255612848811386,-0.0239822213988452,-0.00220823186351182));
#7443=CARTESIAN_POINT('',(-0.0271571796922966,-0.0184069874041609,-0.00877956343886837));
#7444=CARTESIAN_POINT('',(-0.0277638834514598,-0.00827313339383029,-0.0112777553883638));
#7445=CARTESIAN_POINT('',(-0.0249372325031112,-0.0316370374795944,-0.000442252728728234));
#7446=CARTESIAN_POINT('',(-0.0253354788182001,-0.023982538507992,-0.00220823186351182));
#7447=CARTESIAN_POINT('',(-0.0268173811428468,-0.0184064720207324,-0.00877956343886837));
#7448=CARTESIAN_POINT('',(-0.0273807489192126,-0.00827279652050876,-0.0112777553883638));
#7449=CARTESIAN_POINT('',(-0.0245468890410941,-0.0316373488301077,-0.000442252728728234));
#7450=CARTESIAN_POINT('',(-0.0248838666923232,-0.0239831558338931,-0.00220823186351182));
#7451=CARTESIAN_POINT('',(-0.0261377840439473,-0.0184054649654427,-0.00877956343886837));
#7452=CARTESIAN_POINT('',(-0.0266144798547184,-0.00827213852877681,-0.0112777553883638));
#7453=CARTESIAN_POINT('',(-0.0243517173100855,-0.0316375003497238,-0.000442252728728234));
#7454=CARTESIAN_POINT('',(-0.0246580606293847,-0.0239834560441921,-0.00220823186351182));
#7455=CARTESIAN_POINT('',(-0.0257979854944976,-0.0184049732930962,-0.00877956343886837));
#7456=CARTESIAN_POINT('',(-0.0262313453224713,-0.00827181741080046,-0.0112777553883638));
#7457=CARTESIAN_POINT('',(-0.0240136013954047,-0.0316377447754107,-0.000442252728728234));
#7458=CARTESIAN_POINT('',(-0.024266873734047,-0.0239839410666418,-0.00220823186351182));
#7459=CARTESIAN_POINT('',(-0.0252093177772993,-0.0184041856129686,-0.00877956343886837));
#7460=CARTESIAN_POINT('',(-0.0255676022581087,-0.00827130251303906,-0.0112777553883638));
#7461=CARTESIAN_POINT('',(-0.0238706572117323,-0.0316378424469878,-0.000442252728728234));
#7462=CARTESIAN_POINT('',(-0.0241014929016477,-0.0239841349224101,-0.00220823186351182));
#7463=CARTESIAN_POINT('',(-0.0249604486095508,-0.018403871176293,-0.00877956343886837));
#7464=CARTESIAN_POINT('',(-0.0252869937259933,-0.0082710969427953,-0.0112777553883638));
#7465=CARTESIAN_POINT('',(-0.02372771302806,-0.0316379317841026,-0.000442252728728234));
#7466=CARTESIAN_POINT('',(-0.0239361120692485,-0.0239843119415402,-0.00220823186351182));
#7467=CARTESIAN_POINT('',(-0.0247115794418024,-0.0184035813782622,-0.00877956343886837));
#7468=CARTESIAN_POINT('',(-0.0250063851938779,-0.00827090766378153,-0.0112777553883638));
#7469=CARTESIAN_POINT('',(-0.025,-0.0355,1.17956657610786E-18));
#7470=CARTESIAN_POINT('',(-0.025,-0.0235981957465766,1.17956657610786E-18));
#7471=CARTESIAN_POINT('',(-0.025,-0.0178527063801351,-0.01225));
#7472=CARTESIAN_POINT('',(-0.025,1.40933617535122E-18,-0.01225));
#7473=CARTESIAN_POINT('',(-0.0249999999396965,-0.0314999653932752,-0.000474438567915836));
#7474=CARTESIAN_POINT('',(-0.0249998712674683,-0.00968773440579101,-0.0108940113805523));
#7475=CARTESIAN_POINT('',(-0.0249997718411148,-0.00968785390898718,-0.010894226248952));
#7476=CARTESIAN_POINT('',(-0.0251868726938144,-0.0100192117670587,-0.010796512636271));
#7477=CARTESIAN_POINT('',(-0.0256086819812762,-0.0106519610242132,-0.0105983867830017));
#7478=CARTESIAN_POINT('',(-0.0264284739832612,-0.0114513469999668,-0.0103229462518236));
#7479=CARTESIAN_POINT('',(-0.0275109497174328,-0.0119617881282387,-0.0101342217976112));
#7480=CARTESIAN_POINT('',(-0.0287238591435059,-0.0118979690633013,-0.0101588534232484));
#7481=CARTESIAN_POINT('',(-0.0297480107596034,-0.0113142629864736,-0.0103729422228637));
#7482=CARTESIAN_POINT('',(-0.0307882880009866,-0.0101990187285067,-0.0107513662789351));
#7483=CARTESIAN_POINT('',(-0.0313025828830132,-0.00916530429264842,-0.0110534615860183));
#7484=CARTESIAN_POINT('',(-0.0315765515654367,-0.00845488450220312,-0.0112328934659999));
#7485=CARTESIAN_POINT('',(-0.0315765515654367,-0.00845488450220312,-0.0112328934659998));
#7486=CARTESIAN_POINT('',(-0.0269,-0.0355,1.3010426069826E-18));
#7487=CARTESIAN_POINT('',(-0.0269,-0.0235867051457047,1.3010426069826E-18));
#7488=CARTESIAN_POINT('',(-0.032,-0.0178699422814429,-0.01225));
#7489=CARTESIAN_POINT('',(-0.032,1.40933617535122E-18,-0.01225));
#7490=CARTESIAN_POINT('',(-0.0270974088512515,-0.0315,-0.000474168339256831));
#7491=CARTESIAN_POINT('',(-0.0249999999364731,-0.0315,-0.00047442201168746));
#7492=CARTESIAN_POINT('',(-0.0256991362350826,-0.0315,-0.00047428589711018));
#7493=CARTESIAN_POINT('',(-0.0263982725389395,-0.0315,-0.000474167918315851));
#7494=CARTESIAN_POINT('',(-0.0270974088512516,-0.0315,-0.000474168317716387));
#7495=CARTESIAN_POINT('',(0.,-0.0315,0.));
#7496=CARTESIAN_POINT('',(0.025,-0.0315,1.7347234759768E-18));
#7497=CARTESIAN_POINT('',(0.0249999999396958,-0.0314999653919616,0.000474438568543646));
#7498=CARTESIAN_POINT('',(0.0249999999809261,-0.0314999653915703,-0.000474438568722467));
#7499=CARTESIAN_POINT('',(0.0249999999364723,-0.0315,0.000474422011687461));
#7500=CARTESIAN_POINT('',(0.025699136235082,-0.0315,0.000474285897110181));
#7501=CARTESIAN_POINT('',(0.0263982725389392,-0.0315,0.000474167918315845));
#7502=CARTESIAN_POINT('',(0.0270974088512515,-0.0315,0.000474168317716387));
#7503=CARTESIAN_POINT('',(0.0270974088512515,-0.0315,0.000474168317716385));
#7504=CARTESIAN_POINT('',(0.0270974088512515,-0.0315,-0.00309969865876442));
#7505=CARTESIAN_POINT('',(0.0270974088512515,-0.0315,-0.000474168317716387));
#7506=CARTESIAN_POINT('',(0.0270974088512517,-0.0314999999969295,-0.000474168319183129));
#7507=CARTESIAN_POINT('',(0.0263982725526829,-0.0314999999969295,-0.000474167919782594));
#7508=CARTESIAN_POINT('',(0.025699136262569,-0.0315,-0.000474285897105017));
#7509=CARTESIAN_POINT('',(0.0249999999777026,-0.0315,-0.000474422011679432));
#7510=CARTESIAN_POINT('',(0.0270841215442052,-0.0316359477571866,0.000442252728728234));
#7511=CARTESIAN_POINT('',(0.0278193455105233,-0.0239803778783423,0.00220823186351182));
#7512=CARTESIAN_POINT('',(0.0305551651867942,-0.0184099967171837,0.00877956343886836));
#7513=CARTESIAN_POINT('',(0.031595228773931,-0.00827509949206549,0.0112777553883638));
#7514=CARTESIAN_POINT('',(0.0268889498131967,-0.0316359472967926,0.000442252728728234));
#7515=CARTESIAN_POINT('',(0.0275935394475848,-0.0239803769655035,0.00220823186351182));
#7516=CARTESIAN_POINT('',(0.0302153666373444,-0.0184099982063225,0.00877956343886836));
#7517=CARTESIAN_POINT('',(0.0312120942416839,-0.00827510046504137,0.0112777553883638));
#7518=CARTESIAN_POINT('',(0.0266937780821881,-0.0316359750530002,0.000442252728728234));
#7519=CARTESIAN_POINT('',(0.0273677333846463,-0.0239804319986868,0.00220823186351182));
#7520=CARTESIAN_POINT('',(0.0298755680878947,-0.0184099084291956,0.00877956343886836));
#7521=CARTESIAN_POINT('',(0.0308289597094368,-0.00827504180632036,0.0112777553883638));
#7522=CARTESIAN_POINT('',(0.026303434620171,-0.031636099128784,0.000442252728728234));
#7523=CARTESIAN_POINT('',(0.0269161212587694,-0.0239806780079925,0.00220823186351182));
#7524=CARTESIAN_POINT('',(0.0291959709889951,-0.0184095071075324,0.00877956343886836));
#7525=CARTESIAN_POINT('',(0.0300626906449425,-0.00827477959013817,0.0112777553883638));
#7526=CARTESIAN_POINT('',(0.0261082628891625,-0.0316361935019543,0.000442252728728234));
#7527=CARTESIAN_POINT('',(0.0266903151958309,-0.0239808645980696,0.00220823186351182));
#7528=CARTESIAN_POINT('',(0.0288561724395454,-0.0184091979378098,0.00877956343886836));
#7529=CARTESIAN_POINT('',(0.0296795561126954,-0.00827457791028819,0.0112777553883638));
#7530=CARTESIAN_POINT('',(0.0257179194271454,-0.0316364341638427,0.000442252728728234));
#7531=CARTESIAN_POINT('',(0.026238703069954,-0.0239813428203168,0.00220823186351182));
#7532=CARTESIAN_POINT('',(0.0281765753406459,-0.0184084273613896,0.00877956343886836));
#7533=CARTESIAN_POINT('',(0.0289132870482012,-0.00827407377794614,0.0112777553883638));
#7534=CARTESIAN_POINT('',(0.0255227476961368,-0.0316365760580109,0.000442252728728234));
#7535=CARTESIAN_POINT('',(0.0260128970070155,-0.0239816238710495,0.00220823186351182));
#7536=CARTESIAN_POINT('',(0.0278367767911961,-0.0184079662653117,0.00877956343886836));
#7537=CARTESIAN_POINT('',(0.028530152515954,-0.00827377268425667,0.0112777553883638));
#7538=CARTESIAN_POINT('',(0.0251324042341197,-0.0316368776513405,0.000442252728728234));
#7539=CARTESIAN_POINT('',(0.0255612848811386,-0.0239822213988452,0.00220823186351182));
#7540=CARTESIAN_POINT('',(0.0271571796922966,-0.0184069874041609,0.00877956343886836));
#7541=CARTESIAN_POINT('',(0.0277638834514598,-0.00827313339383032,0.0112777553883638));
#7542=CARTESIAN_POINT('',(0.0249372325031112,-0.0316370374795944,0.000442252728728234));
#7543=CARTESIAN_POINT('',(0.0253354788182001,-0.023982538507992,0.00220823186351182));
#7544=CARTESIAN_POINT('',(0.0268173811428468,-0.0184064720207324,0.00877956343886836));
#7545=CARTESIAN_POINT('',(0.0273807489192126,-0.00827279652050879,0.0112777553883638));
#7546=CARTESIAN_POINT('',(0.0245468890410941,-0.0316373488301077,0.000442252728728234));
#7547=CARTESIAN_POINT('',(0.0248838666923232,-0.0239831558338931,0.00220823186351182));
#7548=CARTESIAN_POINT('',(0.0261377840439473,-0.0184054649654427,0.00877956343886836));
#7549=CARTESIAN_POINT('',(0.0266144798547184,-0.00827213852877684,0.0112777553883638));
#7550=CARTESIAN_POINT('',(0.0243517173100855,-0.0316375003497238,0.000442252728728234));
#7551=CARTESIAN_POINT('',(0.0246580606293847,-0.0239834560441921,0.00220823186351182));
#7552=CARTESIAN_POINT('',(0.0257979854944976,-0.0184049732930962,0.00877956343886836));
#7553=CARTESIAN_POINT('',(0.0262313453224713,-0.00827181741080048,0.0112777553883638));
#7554=CARTESIAN_POINT('',(0.0240136004286123,-0.0316377447761096,0.000442252728728234));
#7555=CARTESIAN_POINT('',(0.0242668726155061,-0.0239839410680286,0.00220823186351182));
#7556=CARTESIAN_POINT('',(0.0252093160940913,-0.0184041856107164,0.00877956343886836));
#7557=CARTESIAN_POINT('',(0.0255676003602339,-0.00827130251156681,0.0112777553883638));
#7558=CARTESIAN_POINT('',(0.0238706552781477,-0.031637842448309,0.000442252728728234));
#7559=CARTESIAN_POINT('',(0.0241014906645659,-0.0239841349250324,0.00220823186351182));
#7560=CARTESIAN_POINT('',(0.0249604452431348,-0.0184038711720397,0.00877956343886836));
#7561=CARTESIAN_POINT('',(0.0252869899302436,-0.00827109694001462,0.0112777553883638));
#7562=CARTESIAN_POINT('',(0.0237277101276831,-0.0316379317859152,0.000442252728728234));
#7563=CARTESIAN_POINT('',(0.0239361087136258,-0.023984311945132,0.00220823186351182));
#7564=CARTESIAN_POINT('',(0.0247115743921783,-0.0184035813723822,0.00877956343886836));
#7565=CARTESIAN_POINT('',(0.0250063795002533,-0.00827090765994104,0.0112777553883638));
#7566=CARTESIAN_POINT('',(0.025,-0.0355,-1.17956657610786E-18));
#7567=CARTESIAN_POINT('',(0.025,-0.0235981957465766,-1.17956657610786E-18));
#7568=CARTESIAN_POINT('',(0.025,-0.0178527063801351,0.01225));
#7569=CARTESIAN_POINT('',(0.025,1.40933617535122E-18,0.01225));
#7570=CARTESIAN_POINT('',(0.0249998686519917,-0.00968772505111733,0.010894014137521));
#7571=CARTESIAN_POINT('',(0.0249997671638974,-0.00968784562556709,0.0108942286916359));
#7572=CARTESIAN_POINT('',(0.0251868759512391,-0.0100192184944973,0.0107965107471778));
#7573=CARTESIAN_POINT('',(0.0256085819468326,-0.0106518554796923,0.0105984217607128));
#7574=CARTESIAN_POINT('',(0.0264286066745132,-0.0114514508999584,0.0103229102973514));
#7575=CARTESIAN_POINT('',(0.0275109745032121,-0.0119617931387045,0.0101342189969721));
#7576=CARTESIAN_POINT('',(0.0287240951081785,-0.0118979377198912,0.0101588663930712));
#7577=CARTESIAN_POINT('',(0.0297482896744637,-0.0113140160200814,0.0103730290790149));
#7578=CARTESIAN_POINT('',(0.0307882581381932,-0.0101989911116808,0.0107513714537603));
#7579=CARTESIAN_POINT('',(0.0313025978784087,-0.00916526592213113,0.0110534701811655));
#7580=CARTESIAN_POINT('',(0.0315765515654367,-0.00845488450220317,0.0112328934659998));
#7581=CARTESIAN_POINT('',(0.0315765515654367,-0.00845488450220314,0.0112328934659998));
#7582=CARTESIAN_POINT('',(0.0269,-0.0355,-1.3010426069826E-18));
#7583=CARTESIAN_POINT('',(0.0269,-0.0235867051457047,-1.3010426069826E-18));
#7584=CARTESIAN_POINT('',(0.032,-0.0178699422814429,0.01225));
#7585=CARTESIAN_POINT('',(0.032,1.40933617535122E-18,0.01225));
#7586=CARTESIAN_POINT('',(-0.0270841215442373,-0.0316359477568521,0.000442252728805394));
#7587=CARTESIAN_POINT('',(-0.0278193455106029,-0.0239803778781807,0.00220823186370308));
#7588=CARTESIAN_POINT('',(-0.0305551651868088,-0.0184099967170371,0.0087795634389036));
#7589=CARTESIAN_POINT('',(-0.0315952287739308,-0.00827509949206812,0.0112777553883631));
#7590=CARTESIAN_POINT('',(-0.0268889498132275,-0.0316359472964581,0.000442252728805394));
#7591=CARTESIAN_POINT('',(-0.0275935394476611,-0.0239803769653419,0.00220823186370308));
#7592=CARTESIAN_POINT('',(-0.0302153666373585,-0.0184099982061759,0.0087795634389036));
#7593=CARTESIAN_POINT('',(-0.0312120942416837,-0.00827510046504401,0.0112777553883631));
#7594=CARTESIAN_POINT('',(-0.0266937780822176,-0.0316359750526657,0.000442252728805394));
#7595=CARTESIAN_POINT('',(-0.0273677333847193,-0.0239804319985252,0.00220823186370308));
#7596=CARTESIAN_POINT('',(-0.0298755680879081,-0.018409908429049,0.0087795634389036));
#7597=CARTESIAN_POINT('',(-0.0308289597094365,-0.00827504180632299,0.0112777553883631));
#7598=CARTESIAN_POINT('',(-0.0263034346201978,-0.0316360991284495,0.000442252728805394));
#7599=CARTESIAN_POINT('',(-0.0269161212588358,-0.0239806780078309,0.00220823186370308));
#7600=CARTESIAN_POINT('',(-0.0291959709890074,-0.0184095071073858,0.0087795634389036));
#7601=CARTESIAN_POINT('',(-0.0300626906449423,-0.0082747795901408,0.0112777553883631));
#7602=CARTESIAN_POINT('',(-0.0261082628891879,-0.0316361935016198,0.000442252728805394));
#7603=CARTESIAN_POINT('',(-0.026690315195894,-0.023980864597908,0.00220823186370308));
#7604=CARTESIAN_POINT('',(-0.028856172439557,-0.0184091979376632,0.0087795634389036));
#7605=CARTESIAN_POINT('',(-0.0296795561126952,-0.00827457791029083,0.0112777553883631));
#7606=CARTESIAN_POINT('',(-0.0257179194271681,-0.0316364341635082,0.000442252728805394));
#7607=CARTESIAN_POINT('',(-0.0262387030700104,-0.0239813428201552,0.00220823186370308));
#7608=CARTESIAN_POINT('',(-0.0281765753406563,-0.0184084273612429,0.0087795634389036));
#7609=CARTESIAN_POINT('',(-0.028913287048201,-0.00827407377794878,0.0112777553883631));
#7610=CARTESIAN_POINT('',(-0.0255227476961582,-0.0316365760576765,0.000442252728805394));
#7611=CARTESIAN_POINT('',(-0.0260128970070686,-0.0239816238708878,0.00220823186370308));
#7612=CARTESIAN_POINT('',(-0.0278367767912059,-0.018407966265165,0.0087795634389036));
#7613=CARTESIAN_POINT('',(-0.0285301525159538,-0.0082737726842593,0.0112777553883631));
#7614=CARTESIAN_POINT('',(-0.0251324042341384,-0.031636877651006,0.000442252728805394));
#7615=CARTESIAN_POINT('',(-0.025561284881185,-0.0239822213986834,0.00220823186370308));
#7616=CARTESIAN_POINT('',(-0.0271571796923052,-0.0184069874040143,0.0087795634389036));
#7617=CARTESIAN_POINT('',(-0.0277638834514596,-0.00827313339383296,0.0112777553883631));
#7618=CARTESIAN_POINT('',(-0.0249372325031286,-0.03163703747926,0.000442252728805394));
#7619=CARTESIAN_POINT('',(-0.0253354788182432,-0.0239825385078303,0.00220823186370308));
#7620=CARTESIAN_POINT('',(-0.0268173811428548,-0.0184064720205858,0.0087795634389036));
#7621=CARTESIAN_POINT('',(-0.0273807489192125,-0.00827279652051143,0.0112777553883631));
#7622=CARTESIAN_POINT('',(-0.0245468890411088,-0.0316373488297733,0.000442252728805394));
#7623=CARTESIAN_POINT('',(-0.0248838666923597,-0.0239831558337312,0.00220823186370308));
#7624=CARTESIAN_POINT('',(-0.0261377840439541,-0.0184054649652961,0.0087795634389036));
#7625=CARTESIAN_POINT('',(-0.0266144798547183,-0.00827213852877948,0.0112777553883631));
#7626=CARTESIAN_POINT('',(-0.0243517173100989,-0.0316375003493893,0.000442252728805394));
#7627=CARTESIAN_POINT('',(-0.0246580606294179,-0.0239834560440303,0.00220823186370308));
#7628=CARTESIAN_POINT('',(-0.0257979854945037,-0.0184049732929496,0.0087795634389036));
#7629=CARTESIAN_POINT('',(-0.0262313453224712,-0.00827181741080312,0.0112777553883631));
#7630=CARTESIAN_POINT('',(-0.024013601355987,-0.0316377447751048,0.000442252728805394));
#7631=CARTESIAN_POINT('',(-0.024266873688457,-0.0239839410665365,0.00220823186370308));
#7632=CARTESIAN_POINT('',(-0.0252093177086581,-0.0184041856127302,0.0087795634389036));
#7633=CARTESIAN_POINT('',(-0.0255676021807076,-0.00827130251298168,0.0112777553883631));
#7634=CARTESIAN_POINT('',(-0.0238706571328851,-0.0316378424467073,0.000442252728805394));
#7635=CARTESIAN_POINT('',(-0.0241014928104378,-0.0239841349223552,0.00220823186370308));
#7636=CARTESIAN_POINT('',(-0.0249604484722629,-0.018403871175973,0.0087795634389036));
#7637=CARTESIAN_POINT('',(-0.0252869935711911,-0.00827109694268456,0.0112777553883631));
#7638=CARTESIAN_POINT('',(-0.0237277129097831,-0.0316379317838421,0.000442252728805394));
#7639=CARTESIAN_POINT('',(-0.0239361119324187,-0.0239843119415248,0.00220823186370308));
#7640=CARTESIAN_POINT('',(-0.0247115792358677,-0.0184035813778758,0.0087795634389036));
#7641=CARTESIAN_POINT('',(-0.0250063849616747,-0.00827090766362757,0.0112777553883631));
#7642=CARTESIAN_POINT('',(-0.0269,-0.0355,-1.3010426069826E-18));
#7643=CARTESIAN_POINT('',(-0.0269,-0.0235867051457047,-1.3010426069826E-18));
#7644=CARTESIAN_POINT('',(-0.032,-0.0178699422814429,0.01225));
#7645=CARTESIAN_POINT('',(-0.032,1.40933617535122E-18,0.01225));
#7646=CARTESIAN_POINT('',(-0.0270974088512515,-0.0315,0.000474168339256797));
#7647=CARTESIAN_POINT('',(-0.0315765515654367,-0.00845488450220314,0.0112328934659998));
#7648=CARTESIAN_POINT('',(-0.0315765515654367,-0.00845488450220314,0.0112328934659998));
#7649=CARTESIAN_POINT('',(-0.0313017316694578,-0.00916751154835583,0.0110529040958603));
#7650=CARTESIAN_POINT('',(-0.0307884543157445,-0.0101984830085956,0.0107514996189415));
#7651=CARTESIAN_POINT('',(-0.029748255378371,-0.0113141091836309,0.0103730058162905));
#7652=CARTESIAN_POINT('',(-0.0287241094368577,-0.0118979104847892,0.010158873468863));
#7653=CARTESIAN_POINT('',(-0.0275109779827999,-0.0119618011122335,0.0101342168442367));
#7654=CARTESIAN_POINT('',(-0.0264286130812612,-0.0114514530998626,0.0103229093001983));
#7655=CARTESIAN_POINT('',(-0.0256085869190271,-0.0106518622770033,0.0105984195500552));
#7656=CARTESIAN_POINT('',(-0.0251868806325211,-0.0100192258679036,0.010796508482177));
#7657=CARTESIAN_POINT('',(-0.0249997716395846,-0.00968785355207484,0.0108942263542013));
#7658=CARTESIAN_POINT('',(-0.0249998711612565,-0.00968773669868501,0.0108940206540753));
#7659=CARTESIAN_POINT('',(-0.025,-0.0355,-1.17956657610786E-18));
#7660=CARTESIAN_POINT('',(-0.025,-0.0235981957465766,-1.17956657610786E-18));
#7661=CARTESIAN_POINT('',(-0.025,-0.0178527063801351,0.01225));
#7662=CARTESIAN_POINT('',(-0.025,1.40933617535122E-18,0.01225));
#7663=CARTESIAN_POINT('',(-0.0249999999809261,-0.0314999653915703,0.000474438568722467));
#7664=CARTESIAN_POINT('',(-0.0270974088512517,-0.0314999999969295,0.000474168319183129));
#7665=CARTESIAN_POINT('',(-0.0263982725526829,-0.0314999999969295,0.000474167919782594));
#7666=CARTESIAN_POINT('',(-0.025699136262569,-0.0315,0.000474285897105008));
#7667=CARTESIAN_POINT('',(-0.0249999999777026,-0.0315,0.000474422011679433));
#7668=CARTESIAN_POINT('',(0.0224,-0.0905,0.0123388371757899));
#7669=CARTESIAN_POINT('',(0.0224,-0.0665,0.0123388371757899));
#7670=CARTESIAN_POINT('',(0.0197732666298267,-0.0905,0.0147890450276869));
#7671=CARTESIAN_POINT('',(0.0197732666298267,-0.0665,0.0147890450276869));
#7672=CARTESIAN_POINT('',(0.0129297116174224,-0.0905,0.018810188545006));
#7673=CARTESIAN_POINT('',(0.0129297116174224,-0.0665,0.018810188545006));
#7674=CARTESIAN_POINT('',(2.38190877278354E-17,-0.0905,0.020969905727497));
#7675=CARTESIAN_POINT('',(2.38190877278354E-17,-0.0665,0.020969905727497));
#7676=CARTESIAN_POINT('',(-0.0129297116174224,-0.0905,0.018810188545006));
#7677=CARTESIAN_POINT('',(-0.0129297116174224,-0.0665,0.018810188545006));
#7678=CARTESIAN_POINT('',(-0.0197732666298266,-0.0905,0.0147890450276869));
#7679=CARTESIAN_POINT('',(-0.0197732666298266,-0.0665,0.0147890450276869));
#7680=CARTESIAN_POINT('',(-0.0224,-0.0905,0.0123388371757899));
#7681=CARTESIAN_POINT('',(-0.0224,-0.0665,0.0123388371757899));
#7682=CARTESIAN_POINT('',(-0.0224,-0.0905,0.0123388371757899));
#7683=CARTESIAN_POINT('',(-0.0224,-0.0905,0.0123388371757899));
#7684=CARTESIAN_POINT('',(-0.0224,-0.0665,0.0123388371757899));
#7685=CARTESIAN_POINT('',(0.,-0.0905,0.));
#7686=CARTESIAN_POINT('',(0.0224,-0.0905,0.0123388371757899));
#7687=CARTESIAN_POINT('',(0.0224,-0.0905,0.0123388371757899));
#7688=CARTESIAN_POINT('',(0.0224,-0.0665,0.0123388371757899));
#7689=CARTESIAN_POINT('',(0.,-0.0665,0.));
#7690=CARTESIAN_POINT('',(-0.0224,-0.0905,-0.0123388371757899));
#7691=CARTESIAN_POINT('',(-0.0224,-0.0665,-0.0123388371757899));
#7692=CARTESIAN_POINT('',(-0.0197732666298267,-0.0905,-0.0147890450276869));
#7693=CARTESIAN_POINT('',(-0.0197732666298267,-0.0665,-0.0147890450276869));
#7694=CARTESIAN_POINT('',(-0.0129297116174223,-0.0905,-0.018810188545006));
#7695=CARTESIAN_POINT('',(-0.0129297116174223,-0.0665,-0.018810188545006));
#7696=CARTESIAN_POINT('',(9.17735438925422E-17,-0.0905,-0.020969905727497));
#7697=CARTESIAN_POINT('',(9.17735438925422E-17,-0.0665,-0.020969905727497));
#7698=CARTESIAN_POINT('',(0.0129297116174224,-0.0905,-0.018810188545006));
#7699=CARTESIAN_POINT('',(0.0129297116174224,-0.0665,-0.018810188545006));
#7700=CARTESIAN_POINT('',(0.0197732666298266,-0.0905,-0.014789045027687));
#7701=CARTESIAN_POINT('',(0.0197732666298266,-0.0665,-0.014789045027687));
#7702=CARTESIAN_POINT('',(0.0224,-0.0905,-0.0123388371757899));
#7703=CARTESIAN_POINT('',(0.0224,-0.0665,-0.0123388371757899));
#7704=CARTESIAN_POINT('',(-0.0224,-0.0905,-0.0123388371757899));
#7705=CARTESIAN_POINT('',(-0.0224,-0.0665,-0.0123388371757899));
#7706=CARTESIAN_POINT('',(-0.0224,-0.0905,-0.0123388371757899));
#7707=CARTESIAN_POINT('',(0.,-0.0665,0.));
#7708=CARTESIAN_POINT('',(0.0224,-0.0665,-0.0123388371757899));
#7709=CARTESIAN_POINT('',(0.0224,-0.0905,-0.0123388371757899));
#7710=CARTESIAN_POINT('',(0.0224,-0.0905,-0.0123388371757899));
#7711=CARTESIAN_POINT('',(0.,-0.0905,0.));
#7712=CARTESIAN_POINT('',(0.,-0.0905,0.));
#7713=CARTESIAN_POINT('',(0.,-0.0905,1.11749020422196E-18));
#7714=CARTESIAN_POINT('',(0.,-0.0905,-0.01825));
#7715=CARTESIAN_POINT('',(-0.0224,-0.0905,0.));
#7716=CARTESIAN_POINT('',(-0.0224,-0.0905,0.0104836994023243));
#7717=CARTESIAN_POINT('',(-0.0274,-0.0905,0.0104836994023243));
#7718=CARTESIAN_POINT('',(-0.0270974088512515,-0.0905,0.00549286394153226));
#7719=CARTESIAN_POINT('',(-0.0270974088512515,-0.0905,0.));
#7720=CARTESIAN_POINT('',(-0.0270974088512515,-0.0905,-0.00549286394154358));
#7721=CARTESIAN_POINT('',(-0.0274,-0.0905,-0.0104836994023356));
#7722=CARTESIAN_POINT('',(-0.0224,-0.0905,-0.0104836994023356));
#7723=CARTESIAN_POINT('',(-0.0224,-0.0905,0.));
#7724=CARTESIAN_POINT('',(0.0224,-0.0905,0.));
#7725=CARTESIAN_POINT('',(0.0224,-0.0905,-0.0104836994023243));
#7726=CARTESIAN_POINT('',(0.0274,-0.0905,-0.0104836994023243));
#7727=CARTESIAN_POINT('',(0.0270974088512515,-0.0905,-0.00549286394153225));
#7728=CARTESIAN_POINT('',(0.0270974088512515,-0.0905,0.));
#7729=CARTESIAN_POINT('',(0.0270974088512515,-0.0905,0.00549286394154358));
#7730=CARTESIAN_POINT('',(0.0274,-0.0905,0.0104836994023356));
#7731=CARTESIAN_POINT('',(0.0224,-0.0905,0.0104836994023356));
#7732=CARTESIAN_POINT('',(0.0224,-0.0905,0.));
#7733=CARTESIAN_POINT('',(0.,-0.0665,0.));
#7734=CARTESIAN_POINT('',(-0.0224,-0.0665,-0.011));
#7735=CARTESIAN_POINT('',(-0.0224,-0.0665,-0.0104836994023356));
#7736=CARTESIAN_POINT('',(-0.0274,-0.0665,-0.0104836994023356));
#7737=CARTESIAN_POINT('',(-0.0224867432165496,-0.0665,-0.00955638727587585));
#7738=CARTESIAN_POINT('',(-0.0195387891464794,-0.0665,-0.009));
#7739=CARTESIAN_POINT('',(-0.0195387891464794,-0.0665,-0.012));
#7740=CARTESIAN_POINT('',(-0.0167550268072252,-0.0665,-0.012));
#7741=CARTESIAN_POINT('',(-0.01375,-0.0665,-0.012));
#7742=CARTESIAN_POINT('',(0.,-0.0665,1.11749020422196E-18));
#7743=CARTESIAN_POINT('',(0.01375,-0.0665,-0.012));
#7744=CARTESIAN_POINT('',(0.0167550268072252,-0.0665,-0.012));
#7745=CARTESIAN_POINT('',(0.0195387891464773,-0.0665,-0.012));
#7746=CARTESIAN_POINT('',(0.0195387891464773,-0.0665,-0.009));
#7747=CARTESIAN_POINT('',(0.0224867432165483,-0.0665,-0.0095563872758716));
#7748=CARTESIAN_POINT('',(0.0274,-0.0665,-0.0104836994023243));
#7749=CARTESIAN_POINT('',(0.0224,-0.0665,-0.0104836994023243));
#7750=CARTESIAN_POINT('',(0.0224,-0.0665,-0.011));
#7751=CARTESIAN_POINT('',(0.,-0.0665,0.));
#7752=CARTESIAN_POINT('',(-0.0224,-0.0665,0.013));
#7753=CARTESIAN_POINT('',(-0.0224,-0.0665,0.0104836994023243));
#7754=CARTESIAN_POINT('',(0.0224,-0.0665,0.013));
#7755=CARTESIAN_POINT('',(0.0224,-0.0665,0.0104836994023356));
#7756=CARTESIAN_POINT('',(0.0274,-0.0665,0.0104836994023356));
#7757=CARTESIAN_POINT('',(0.0224867432165496,-0.0665,0.00955638727587585));
#7758=CARTESIAN_POINT('',(0.0195387891464794,-0.0665,0.009));
#7759=CARTESIAN_POINT('',(0.0195387891464794,-0.0665,0.012));
#7760=CARTESIAN_POINT('',(0.016932747354981,-0.0665,0.012));
#7761=CARTESIAN_POINT('',(0.01375,-0.0665,0.012));
#7762=CARTESIAN_POINT('',(0.,-0.0665,1.11749020422196E-18));
#7763=CARTESIAN_POINT('',(-0.01375,-0.0665,0.012));
#7764=CARTESIAN_POINT('',(-0.016932747354981,-0.0665,0.012));
#7765=CARTESIAN_POINT('',(-0.0195387891464773,-0.0665,0.012));
#7766=CARTESIAN_POINT('',(-0.0195387891464773,-0.0665,0.009));
#7767=CARTESIAN_POINT('',(-0.0224867432165483,-0.0665,0.0095563872758716));
#7768=CARTESIAN_POINT('',(-0.0274,-0.0665,0.0104836994023243));
#7769=CARTESIAN_POINT('',(0.016932747354981,-0.0665,0.012));
#7770=CARTESIAN_POINT('',(0.0195387891464794,-0.061,0.012));
#7771=CARTESIAN_POINT('',(0.0195387891464794,-0.0319455334357747,0.012));
#7772=CARTESIAN_POINT('',(0.0195387891464794,-0.0319455334357747,0.012));
#7773=CARTESIAN_POINT('',(0.0195461714335331,-0.0317969832907378,0.012));
#7774=CARTESIAN_POINT('',(0.0195542453294962,-0.0316484708555956,0.012));
#7775=CARTESIAN_POINT('',(0.0195630818047581,-0.0315,0.012));
#7776=CARTESIAN_POINT('',(0.0195630818047581,-0.0315,0.012));
#7777=CARTESIAN_POINT('',(0.0194,-0.0315,0.012));
#7778=CARTESIAN_POINT('',(0.0130743700382647,-0.0315,0.012));
#7779=CARTESIAN_POINT('',(0.0130743700382647,-0.0355,0.012));
#7780=CARTESIAN_POINT('',(0.0130743700382647,-0.0355,0.012));
#7781=CARTESIAN_POINT('',(0.,-0.0355,0.012));
#7782=CARTESIAN_POINT('',(0.01375,-0.0355,0.012));
#7783=CARTESIAN_POINT('',(0.01375,-0.0905,0.012));
#7784=CARTESIAN_POINT('',(-0.0270974088512515,-0.149570468411417,-0.00309969865876442));
#7785=CARTESIAN_POINT('',(-0.0270974088512517,-0.0314999999969295,-0.000474168319183128));
#7786=CARTESIAN_POINT('',(-0.0270974088461575,-0.0314999999969295,-0.00214401195546398));
#7787=CARTESIAN_POINT('',(-0.0270973492791157,-0.0315,-0.00381385559116914));
#7788=CARTESIAN_POINT('',(-0.0270973492842056,-0.0315,-0.00548369922750577));
#7789=CARTESIAN_POINT('',(-0.027097508170826,-0.0315001307418567,-0.0054884684140786));
#7790=CARTESIAN_POINT('',(-0.0270974088512515,-0.0609999999999918,-0.00549286394154358));
#7791=CARTESIAN_POINT('',(-0.0270974088512515,-0.061000000000015,0.00549286394153226));
#7792=CARTESIAN_POINT('',(-0.0270975081708296,-0.0315001307418618,0.00548846841397977));
#7793=CARTESIAN_POINT('',(-0.0270973492848223,-0.0314999999968983,0.00548369922750572));
#7794=CARTESIAN_POINT('',(-0.0270973492797325,-0.0314999999968983,0.00381385559122494));
#7795=CARTESIAN_POINT('',(-0.0270974088455468,-0.0315,0.00214401195551978));
#7796=CARTESIAN_POINT('',(-0.0270974088506411,-0.0315,0.000474168319183175));
#7797=CARTESIAN_POINT('',(-0.0270974088512515,-0.0315,-0.00309969865876442));
#7798=CARTESIAN_POINT('',(0.,-0.0315,0.));
#7799=CARTESIAN_POINT('',(-0.025,-0.0315,1.7347234759768E-18));
#7800=CARTESIAN_POINT('',(-0.0224,2.000000000002E-6,0.));
#7801=CARTESIAN_POINT('',(-0.0224,-0.0905,0.0104836994023243));
#7802=CARTESIAN_POINT('',(-0.0224,2.000000000002E-6,0.));
#7803=CARTESIAN_POINT('',(-0.0224,-0.0315,-0.0104836994023356));
#7804=CARTESIAN_POINT('',(-0.0194,2.000000000002E-6,-0.012));
#7805=CARTESIAN_POINT('',(-0.0195387891464794,2.000000000002E-6,-0.012));
#7806=CARTESIAN_POINT('',(-0.0195387891464794,-0.0319455334357734,-0.012));
#7807=CARTESIAN_POINT('',(-0.0195387891464795,-0.0319455334357735,-0.012));
#7808=CARTESIAN_POINT('',(-0.0195461714335331,-0.031796983290737,-0.012));
#7809=CARTESIAN_POINT('',(-0.0195542453294964,-0.0316484708555951,-0.012));
#7810=CARTESIAN_POINT('',(-0.0195630818047582,-0.0315,-0.012));
#7811=CARTESIAN_POINT('',(-0.0195630818047581,-0.0315,-0.012));
#7812=CARTESIAN_POINT('',(-0.022402,-0.0315,-0.012));
#7813=CARTESIAN_POINT('',(-0.0130743700382647,-0.0315,-0.012));
#7814=CARTESIAN_POINT('',(-0.0130743700382647,2.000000000002E-6,-0.012));
#7815=CARTESIAN_POINT('',(-0.0130743700382647,-0.0355,-0.012));
#7816=CARTESIAN_POINT('',(0.,-0.0355,-0.012));
#7817=CARTESIAN_POINT('',(-0.01375,-0.0355,-0.012));
#7818=CARTESIAN_POINT('',(-0.01375,-0.0905,-0.012));
#7819=CARTESIAN_POINT('',(-0.0194,2.000000000002E-6,0.012));
#7820=CARTESIAN_POINT('',(-0.022402,-0.0315,0.012));
#7821=CARTESIAN_POINT('',(-0.0195630818047581,-0.0315,0.012));
#7822=CARTESIAN_POINT('',(-0.0130743700382647,-0.0315,0.012));
#7823=CARTESIAN_POINT('',(-0.0195630818047581,-0.0315,0.012));
#7824=CARTESIAN_POINT('',(-0.0195542453294955,-0.0316484708556098,0.012));
#7825=CARTESIAN_POINT('',(-0.0195461714335315,-0.0317969832907664,0.012));
#7826=CARTESIAN_POINT('',(-0.0195387891464773,-0.0319455334358175,0.012));
#7827=CARTESIAN_POINT('',(-0.0195387891464773,-0.0319455334358175,0.012));
#7828=CARTESIAN_POINT('',(-0.0195387891464773,-0.061,0.012));
#7829=CARTESIAN_POINT('',(-0.01375,-0.0905,0.012));
#7830=CARTESIAN_POINT('',(-0.01375,-0.0355,0.012));
#7831=CARTESIAN_POINT('',(0.,-0.0355,0.012));
#7832=CARTESIAN_POINT('',(-0.0130743700382647,-0.0355,0.012));
#7833=CARTESIAN_POINT('',(-0.0130743700382647,-0.0315,0.012));
#7834=CARTESIAN_POINT('',(0.,-0.0905,1.11749020422196E-18));
#7835=CARTESIAN_POINT('',(0.,-0.0355,1.11749020422196E-18));
#7836=CARTESIAN_POINT('',(0.01375,-0.0355,-0.012));
#7837=CARTESIAN_POINT('',(0.01375,-0.0905,-0.012));
#7838=CARTESIAN_POINT('',(0.,-0.0355,1.11749020422196E-18));
#7839=CARTESIAN_POINT('',(0.,-0.0355,0.));
#7840=CARTESIAN_POINT('',(0.,-0.0355,4.59242549680257E-19));
#7841=CARTESIAN_POINT('',(0.,-0.0355,-0.0075));
#7842=CARTESIAN_POINT('',(0.0130743700382647,-0.0355,0.015));
#7843=CARTESIAN_POINT('',(0.0105152312739154,-0.0355,0.0134344940802396));
#7844=CARTESIAN_POINT('',(0.00625,-0.0355,0.0108253175473055));
#7845=CARTESIAN_POINT('',(0.00198476872608458,-0.0355,0.0134344940802396));
#7846=CARTESIAN_POINT('',(-0.000574370038264676,-0.0355,0.015));
#7847=CARTESIAN_POINT('',(-1.7347234759768E-18,-0.0355,0.0120554968060564));
#7848=CARTESIAN_POINT('',(0.000574370038264672,-0.0355,0.015));
#7849=CARTESIAN_POINT('',(-0.00198476872608458,-0.0355,0.0134344940802396));
#7850=CARTESIAN_POINT('',(-0.00625,-0.0355,0.0108253175473055));
#7851=CARTESIAN_POINT('',(-0.0105152312739154,-0.0355,0.0134344940802396));
#7852=CARTESIAN_POINT('',(-0.0130743700382647,-0.0355,0.015));
#7853=CARTESIAN_POINT('',(-0.0130743700382647,-0.0355,-0.015));
#7854=CARTESIAN_POINT('',(-0.0105152312739154,-0.0355,-0.0134344940802396));
#7855=CARTESIAN_POINT('',(-0.00625,-0.0355,-0.0108253175473055));
#7856=CARTESIAN_POINT('',(-0.00198476872608459,-0.0355,-0.0134344940802396));
#7857=CARTESIAN_POINT('',(0.000574370038264663,-0.0355,-0.015));
#7858=CARTESIAN_POINT('',(-5.74627151417317E-18,-0.0355,-0.0120554968060564));
#7859=CARTESIAN_POINT('',(-0.000574370038264675,-0.0355,-0.015));
#7860=CARTESIAN_POINT('',(0.00198476872608458,-0.0355,-0.0134344940802396));
#7861=CARTESIAN_POINT('',(0.00625,-0.0355,-0.0108253175473055));
#7862=CARTESIAN_POINT('',(0.0105152312739154,-0.0355,-0.0134344940802396));
#7863=CARTESIAN_POINT('',(0.0130743700382647,-0.0355,-0.015));
#7864=CARTESIAN_POINT('',(0.0130743700382647,-0.0355,-0.012));
#7865=CARTESIAN_POINT('',(0.,-0.0355,-0.012));
#7866=CARTESIAN_POINT('',(0.016398,1.40933617535122E-18,0.014875));
#7867=CARTESIAN_POINT('',(0.028,1.40933617535122E-18,0.0143415673115863));
#7868=CARTESIAN_POINT('',(0.030744995732443,1.40933617535122E-18,0.0114321002763941));
#7869=CARTESIAN_POINT('',(0.025255004267557,1.40933617535122E-18,0.0114321002763941));
#7870=CARTESIAN_POINT('',(0.0231962574682247,1.40933617535122E-18,0.00925));
#7871=CARTESIAN_POINT('',(0.025,-1.94873990370689E-18,0.0116471885364037));
#7872=CARTESIAN_POINT('',(0.025,-1.94562193051046E-18,0.011625));
#7873=CARTESIAN_POINT('',(0.025,6.73555739531044E-19,0.011));
#7874=CARTESIAN_POINT('',(0.024,6.73555739531044E-19,0.011));
#7875=CARTESIAN_POINT('',(0.0224,6.73555739531044E-19,0.011));
#7876=CARTESIAN_POINT('',(0.0224,-1.94562193051046E-18,0.011625));
#7877=CARTESIAN_POINT('',(0.0224,1.78438425759009E-18,0.01225));
#7878=CARTESIAN_POINT('',(0.016398,2.15943233982897E-18,0.01225));
#7879=CARTESIAN_POINT('',(0.018,2.15943233982897E-18,0.01225));
#7880=CARTESIAN_POINT('',(0.018,1.40933617535122E-18,0.014875));
#7881=CARTESIAN_POINT('',(0.018,2.48090212460515E-18,0.0175));
#7882=CARTESIAN_POINT('',(0.016398,2.48090212460515E-18,0.0175));
#7883=CARTESIAN_POINT('',(0.0274,1.40933617535122E-18,0.0175));
#7884=CARTESIAN_POINT('',(0.0272,1.40933617535122E-18,0.0175));
#7885=CARTESIAN_POINT('',(0.032,1.40933617535122E-18,0.0175));
#7886=CARTESIAN_POINT('',(0.032,1.40933617535122E-18,0.014875));
#7887=CARTESIAN_POINT('',(0.032,1.40933617535122E-18,0.012140328345122));
#7888=CARTESIAN_POINT('',(0.0328037425317752,1.33131047328362E-17,0.00925));
#7889=CARTESIAN_POINT('',(0.028,1.40933617535122E-18,0.0143415673115862));
#7890=CARTESIAN_POINT('',(0.0278119941992806,1.40946282423116E-18,0.01225));
#7891=CARTESIAN_POINT('',(0.0281880058007194,1.40933617535122E-18,0.01225));
#7892=CARTESIAN_POINT('',(0.0272,1.40933617535122E-18,0.01225));
#7893=CARTESIAN_POINT('',(0.0129884162584942,-0.0315,0.012));
#7894=CARTESIAN_POINT('',(0.0274859537797704,-0.0315,0.012));
#7895=CARTESIAN_POINT('',(0.0129884162584942,-0.0195,0.012));
#7896=CARTESIAN_POINT('',(0.0274859537797704,-0.0195,0.012));
#7897=CARTESIAN_POINT('',(0.0129884162584942,-0.012,0.0175));
#7898=CARTESIAN_POINT('',(0.0274859537797704,-0.012,0.0175));
#7899=CARTESIAN_POINT('',(0.0129884162584942,0.,0.0175));
#7900=CARTESIAN_POINT('',(0.0274859537797704,0.,0.0175));
#7901=CARTESIAN_POINT('',(0.0195630818047581,-0.0315,0.012));
#7902=CARTESIAN_POINT('',(0.0196068765623381,-0.0308163863686798,0.012));
#7903=CARTESIAN_POINT('',(0.0197277100466596,-0.0294237688089699,0.0120368989825009));
#7904=CARTESIAN_POINT('',(0.0201096773333101,-0.0267206156443775,0.0122514671970583));
#7905=CARTESIAN_POINT('',(0.0208552192648337,-0.023410842158804,0.0127650180542713));
#7906=CARTESIAN_POINT('',(0.0220750319459496,-0.0195402825284019,0.0136809812344967));
#7907=CARTESIAN_POINT('',(0.023901521326917,-0.0145152439456181,0.0150988916167989));
#7908=CARTESIAN_POINT('',(0.025712377331043,-0.00946769426644924,0.0165174016911188));
#7909=CARTESIAN_POINT('',(0.0269378032893941,-0.00413743619721877,0.0173518429800511));
#7910=CARTESIAN_POINT('',(0.0272969753688794,-0.00136615670526112,0.0175));
#7911=CARTESIAN_POINT('',(0.0274,1.40933617534973E-18,0.0175));
#7912=CARTESIAN_POINT('',(0.018,-0.0315,0.012));
#7913=CARTESIAN_POINT('',(0.018,-0.0195,0.012));
#7914=CARTESIAN_POINT('',(0.018,-0.012,0.0175));
#7915=CARTESIAN_POINT('',(0.018,0.,0.0175));
#7916=CARTESIAN_POINT('',(0.0151834194742177,-0.0231676663714646,0.0128664793235813));
#7917=CARTESIAN_POINT('',(0.0146194012370315,-0.0259455471656308,0.0123089303116816));
#7918=CARTESIAN_POINT('',(0.0138418815253952,-0.0287231565910596,0.012));
#7919=CARTESIAN_POINT('',(0.0130743700382647,-0.0315,0.012));
#7920=CARTESIAN_POINT('',(0.0129884162584942,-0.0315,-0.012));
#7921=CARTESIAN_POINT('',(0.0274859537797704,-0.0315,-0.012));
#7922=CARTESIAN_POINT('',(0.0129884162584942,-0.0195,-0.012));
#7923=CARTESIAN_POINT('',(0.0274859537797704,-0.0195,-0.012));
#7924=CARTESIAN_POINT('',(0.0129884162584942,-0.012,-0.0175));
#7925=CARTESIAN_POINT('',(0.0274859537797704,-0.012,-0.0175));
#7926=CARTESIAN_POINT('',(0.0129884162584942,-4.74424574731509E-19,-0.0175));
#7927=CARTESIAN_POINT('',(0.0274859537797704,-4.74424574731509E-19,-0.0175));
#7928=CARTESIAN_POINT('',(0.016398,-1.80536167241059E-18,-0.0175));
#7929=CARTESIAN_POINT('',(0.018,-1.80536167241059E-18,-0.0175));
#7930=CARTESIAN_POINT('',(0.0274,-1.80536167241059E-18,-0.0175));
#7931=CARTESIAN_POINT('',(0.0274,-2.48178966991233E-14,-0.0175));
#7932=CARTESIAN_POINT('',(0.0271905167344616,-0.00277784996517701,-0.017500000000008));
#7933=CARTESIAN_POINT('',(0.026149491732721,-0.00827832730862476,-0.0168655311914146));
#7934=CARTESIAN_POINT('',(0.0234363584971946,-0.0158028135711698,-0.0147307167322644));
#7935=CARTESIAN_POINT('',(0.020680987479359,-0.0233645053565344,-0.0126117318684948));
#7936=CARTESIAN_POINT('',(0.0197411782469148,-0.028719973101226,-0.0120000017035591));
#7937=CARTESIAN_POINT('',(0.0195630818047581,-0.0315,-0.012));
#7938=CARTESIAN_POINT('',(0.0195630818047581,-0.0315,-0.012));
#7939=CARTESIAN_POINT('',(0.0194,-0.0315,-0.012));
#7940=CARTESIAN_POINT('',(0.0130743700382647,-0.0315,-0.012));
#7941=CARTESIAN_POINT('',(0.0151834194742177,-0.0231676663714646,-0.0128664793235813));
#7942=CARTESIAN_POINT('',(0.0146194012370315,-0.0259455471656308,-0.0123089303116816));
#7943=CARTESIAN_POINT('',(0.0138418815253615,-0.0287231565910503,-0.012));
#7944=CARTESIAN_POINT('',(0.0130743700382647,-0.0315,-0.012));
#7945=CARTESIAN_POINT('',(0.018,-0.0315,-0.012));
#7946=CARTESIAN_POINT('',(0.018,-0.0195,-0.012));
#7947=CARTESIAN_POINT('',(0.018,-0.012,-0.0175));
#7948=CARTESIAN_POINT('',(0.018,-4.74424574731509E-19,-0.0175));
#7949=CARTESIAN_POINT('',(0.016398,1.40933617535122E-18,-0.014875));
#7950=CARTESIAN_POINT('',(0.025,1.32151004692552E-18,-0.011625));
#7951=CARTESIAN_POINT('',(0.025,-2.02066721859313E-18,-0.011));
#7952=CARTESIAN_POINT('',(0.025,1.32462802012194E-18,-0.0116471885364036));
#7953=CARTESIAN_POINT('',(0.0231962574682247,1.40933617535122E-18,-0.00925));
#7954=CARTESIAN_POINT('',(0.025255004267557,1.40933617535122E-18,-0.0114321002763941));
#7955=CARTESIAN_POINT('',(0.028,1.40933617535122E-18,-0.0143415673115863));
#7956=CARTESIAN_POINT('',(0.030744995732443,1.40933617535122E-18,-0.0114321002763941));
#7957=CARTESIAN_POINT('',(0.0328037425317752,1.40933617535122E-18,-0.00925));
#7958=CARTESIAN_POINT('',(0.032,1.40933617535122E-18,-0.012140328345122));
#7959=CARTESIAN_POINT('',(0.032,1.40933617535122E-18,-0.014875));
#7960=CARTESIAN_POINT('',(0.032,1.40933617535122E-18,-0.0175));
#7961=CARTESIAN_POINT('',(0.0272,1.40933617535122E-18,-0.0175));
#7962=CARTESIAN_POINT('',(0.018,1.40933617535122E-18,-0.014875));
#7963=CARTESIAN_POINT('',(0.018,-8.40952318082044E-19,-0.01225));
#7964=CARTESIAN_POINT('',(0.016398,-8.40952318082044E-19,-0.01225));
#7965=CARTESIAN_POINT('',(0.0224,1.78438425759009E-18,-0.01225));
#7966=CARTESIAN_POINT('',(0.0224,1.32151004692552E-18,-0.011625));
#7967=CARTESIAN_POINT('',(0.0224,-2.02066721859313E-18,-0.011));
#7968=CARTESIAN_POINT('',(0.024,-2.02066721859313E-18,-0.011));
#7969=CARTESIAN_POINT('',(0.028,1.40933617535122E-18,-0.0143415673115863));
#7970=CARTESIAN_POINT('',(0.028,1.40933617535122E-18,-0.0122415673115863));
#7971=CARTESIAN_POINT('',(0.0224,2.000000000002E-6,1.7347234759768E-18));
#7972=CARTESIAN_POINT('',(0.0224,-0.0905,-0.0104836994023243));
#7973=CARTESIAN_POINT('',(0.0224,2.000000000002E-6,1.7347234759768E-18));
#7974=CARTESIAN_POINT('',(0.0224,-0.0315,0.0104836994023356));
#7975=CARTESIAN_POINT('',(0.,-0.0315,4.59242549680257E-19));
#7976=CARTESIAN_POINT('',(-0.0026,2.16840434497101E-19,0.));
#7977=CARTESIAN_POINT('',(0.018,2.16840434497101E-19,0.));
#7978=CARTESIAN_POINT('',(0.0224,2.16840434497101E-19,0.));
#7979=CARTESIAN_POINT('',(0.0270973790667124,-0.0314997004370344,0.005523947858715));
#7980=CARTESIAN_POINT('',(0.0280356926434384,-0.0220621276859358,0.00782410490498701));
#7981=CARTESIAN_POINT('',(0.032,-0.0157587148792157,0.0175421029452581));
#7982=CARTESIAN_POINT('',(0.032,1.40933617535122E-18,0.0175421029452581));
#7983=CARTESIAN_POINT('',(0.0270973790667124,-0.0314997004366238,0.00551055597992145));
#7984=CARTESIAN_POINT('',(0.0280356926434384,-0.0220621276850709,0.00781059007018613));
#7985=CARTESIAN_POINT('',(0.032,-0.0157587148816794,0.0175280686301721));
#7986=CARTESIAN_POINT('',(0.032,1.40933617535122E-18,0.0175280686301721));
#7987=CARTESIAN_POINT('',(0.0270973790667124,-0.0314997004362132,0.00549716410112791));
#7988=CARTESIAN_POINT('',(0.0280356926434384,-0.0220621276842059,0.00779707523538526));
#7989=CARTESIAN_POINT('',(0.032,-0.0157587148841432,0.017514034315086));
#7990=CARTESIAN_POINT('',(0.032,1.40933617535122E-18,0.017514034315086));
#7991=CARTESIAN_POINT('',(0.0270973790667124,-0.0314997004358026,0.00548377222233436));
#7992=CARTESIAN_POINT('',(0.0280356926434384,-0.022062127683341,0.00778356040058438));
#7993=CARTESIAN_POINT('',(0.032,-0.0157587148866069,0.0175));
#7994=CARTESIAN_POINT('',(0.032,1.40933617535122E-18,0.0175));
#7995=CARTESIAN_POINT('',(0.0270973790667124,-0.0314997003846019,0.0038138804075188));
#7996=CARTESIAN_POINT('',(0.0280356926434384,-0.0220621275754852,0.00609833666458048));
#7997=CARTESIAN_POINT('',(0.032,-0.0157587151938189,0.01575));
#7998=CARTESIAN_POINT('',(0.032,1.40933617535122E-18,0.01575));
#7999=CARTESIAN_POINT('',(0.0270973790667124,-0.0315002994836809,0.00214398859270323));
#8000=CARTESIAN_POINT('',(0.0280356926434384,-0.0220633895954227,0.00441311292857658));
#8001=CARTESIAN_POINT('',(0.032,-0.0157551205089755,0.014));
#8002=CARTESIAN_POINT('',(0.032,1.40933617535122E-18,0.014));
#8003=CARTESIAN_POINT('',(0.0270973790667124,-0.0315002995349111,0.00047409677788767));
#8004=CARTESIAN_POINT('',(0.0280356926434384,-0.0220633897033407,0.00272788919257269));
#8005=CARTESIAN_POINT('',(0.032,-0.0157551202015864,0.01225));
#8006=CARTESIAN_POINT('',(0.032,1.40933617535122E-18,0.01225));
#8007=CARTESIAN_POINT('',(0.0270973790667124,-0.0315002995362957,0.000428965487017208));
#8008=CARTESIAN_POINT('',(0.0280356926434384,-0.0220633897062574,0.00268234353390389));
#8009=CARTESIAN_POINT('',(0.032,-0.0157551201932787,0.0122027036671941));
#8010=CARTESIAN_POINT('',(0.032,1.40933617535122E-18,0.0122027036671941));
#8011=CARTESIAN_POINT('',(0.0270973790667124,-0.0315002995376802,0.000383834196146747));
#8012=CARTESIAN_POINT('',(0.0280356926434384,-0.022063389709174,0.0026367978752351));
#8013=CARTESIAN_POINT('',(0.032,-0.0157551201849711,0.0121554073343883));
#8014=CARTESIAN_POINT('',(0.032,1.40933617535122E-18,0.0121554073343883));
#8015=CARTESIAN_POINT('',(0.0270973790667124,-0.0315002995390648,0.000338702905276286));
#8016=CARTESIAN_POINT('',(0.0280356926434384,-0.0220633897120906,0.00259125221656631));
#8017=CARTESIAN_POINT('',(0.032,-0.0157551201766635,0.0121081110015824));
#8018=CARTESIAN_POINT('',(0.032,1.40933617535122E-18,0.0121081110015824));
#8019=CARTESIAN_POINT('',(0.0270974088512517,-0.0314999999969295,0.000474168319183128));
#8020=CARTESIAN_POINT('',(0.0270974088461575,-0.0314999999969295,0.00214401195546398));
#8021=CARTESIAN_POINT('',(0.0270973492791157,-0.0315,0.00381385559116914));
#8022=CARTESIAN_POINT('',(0.0270973492842056,-0.0315,0.00548369922750577));
#8023=CARTESIAN_POINT('',(0.027097508170826,-0.0315001307418567,0.00548846841407861));
#8024=CARTESIAN_POINT('',(0.0315765515654367,-0.00845488450220315,0.0112328934659998));
#8025=CARTESIAN_POINT('',(0.0317214792608173,-0.00707662044770921,0.0115810041068651));
#8026=CARTESIAN_POINT('',(0.0319347070013235,-0.00427743746390529,0.012004880985596));
#8027=CARTESIAN_POINT('',(0.032,-0.00142557179907707,0.012140328345122));
#8028=CARTESIAN_POINT('',(0.032,1.40933617535122E-18,0.012140328345122));
#8029=CARTESIAN_POINT('',(0.0269,-0.0355,0.005));
#8030=CARTESIAN_POINT('',(0.0269,-0.023583987010774,0.005));
#8031=CARTESIAN_POINT('',(0.032,-0.0178740194838389,0.0175));
#8032=CARTESIAN_POINT('',(0.032,1.40933617535122E-18,0.0175));
#8033=CARTESIAN_POINT('',(0.0274000044023994,-0.029140118726197,0.00622550098627302));
#8034=CARTESIAN_POINT('',(0.0274000044023993,-0.0291401187261975,0.00622550098627283));
#8035=CARTESIAN_POINT('',(0.0272799934048103,-0.0299085507613485,0.00593135638433903));
#8036=CARTESIAN_POINT('',(0.0271774944121239,-0.030693959665022,0.00568467571501044));
#8037=CARTESIAN_POINT('',(0.0270974088512515,-0.0314994008740017,0.00549327830377306));
#8038=CARTESIAN_POINT('',(0.0249779321905036,-0.0292896693695453,0.00616937111918319));
#8039=CARTESIAN_POINT('',(0.0256344561872515,-0.0209941121739481,0.00927604464763847));
#8040=CARTESIAN_POINT('',(0.0273724,-0.0144913850518221,0.0175));
#8041=CARTESIAN_POINT('',(0.0273724,1.40933617535122E-18,0.0175));
#8042=CARTESIAN_POINT('',(0.0251555180054663,-0.0292895196040316,0.00616937111918319));
#8043=CARTESIAN_POINT('',(0.0258572679198836,-0.0209939896501297,0.00927604464763847));
#8044=CARTESIAN_POINT('',(0.0277149333333333,-0.0144921356962948,0.0175));
#8045=CARTESIAN_POINT('',(0.0277149333333333,1.40933617535122E-18,0.0175));
#8046=CARTESIAN_POINT('',(0.025333103820429,-0.0292893679416264,0.00616937111918319));
#8047=CARTESIAN_POINT('',(0.0260800796525157,-0.0209938653727957,0.00927604464763847));
#8048=CARTESIAN_POINT('',(0.0280574666666667,-0.0144928947805708,0.0175));
#8049=CARTESIAN_POINT('',(0.0280574666666667,1.40933617535122E-18,0.0175));
#8050=CARTESIAN_POINT('',(0.0257180689444178,-0.0292890555338672,0.00616937111918319));
#8051=CARTESIAN_POINT('',(0.0265630841441577,-0.0209936109680924,0.00927604464763847));
#8052=CARTESIAN_POINT('',(0.0288,-0.0144944668432254,0.0175));
#8053=CARTESIAN_POINT('',(0.0288,1.40933617535122E-18,0.0175));
#8054=CARTESIAN_POINT('',(0.0259254482534439,-0.0292888972097843,0.00616937111918319));
#8055=CARTESIAN_POINT('',(0.0268232769031675,-0.0209934822148258,0.00927604464763847));
#8056=CARTESIAN_POINT('',(0.0292,-0.0144952644735122,0.0175));
#8057=CARTESIAN_POINT('',(0.0292,1.40933617535122E-18,0.0175));
#8058=CARTESIAN_POINT('',(0.0263402068714962,-0.0292886279524089,0.00616937111918319));
#8059=CARTESIAN_POINT('',(0.0273436624211872,-0.0209932596466438,0.00927604464763847));
#8060=CARTESIAN_POINT('',(0.03,-0.0144966019157593,0.0175));
#8061=CARTESIAN_POINT('',(0.03,1.40933617535122E-18,0.0175));
#8062=CARTESIAN_POINT('',(0.0265475861805223,-0.0292885228261842,0.00616937111918319));
#8063=CARTESIAN_POINT('',(0.0276038551801971,-0.0209931749390071,0.00927604464763847));
#8064=CARTESIAN_POINT('',(0.0304,-0.0144971356868531,0.0175));
#8065=CARTESIAN_POINT('',(0.0304,1.40933617535122E-18,0.0175));
#8066=CARTESIAN_POINT('',(0.0269623447985745,-0.0292883843008975,0.00616937111918319));
#8067=CARTESIAN_POINT('',(0.0281242406982168,-0.0209930616991572,0.00927604464763847));
#8068=CARTESIAN_POINT('',(0.0312,-0.0144978304612688,0.0175));
#8069=CARTESIAN_POINT('',(0.0312,1.40933617535122E-18,0.0175));
#8070=CARTESIAN_POINT('',(0.0271697241076006,-0.0292883533306085,0.00616937111918319));
#8071=CARTESIAN_POINT('',(0.0283844334572266,-0.0209930363819682,0.00927604464763847));
#8072=CARTESIAN_POINT('',(0.0316,-0.0144979857929409,0.0175));
#8073=CARTESIAN_POINT('',(0.0316,1.40933617535122E-18,0.0175));
#8074=CARTESIAN_POINT('',(0.0273771034166267,-0.0292883538457151,0.00616937111918319));
#8075=CARTESIAN_POINT('',(0.0286446262162365,-0.0209930368030508,0.00927604464763847));
#8076=CARTESIAN_POINT('',(0.032,-0.0144979832094207,0.0175));
#8077=CARTESIAN_POINT('',(0.032,1.40933617535122E-18,0.0175));
#8078=CARTESIAN_POINT('',(0.0274,1.40933617535122E-18,0.0175));
#8079=CARTESIAN_POINT('',(0.0274,-0.00065256295732598,0.0175));
#8080=CARTESIAN_POINT('',(0.0274000524227424,-0.00198719700568549,0.0174655907871288));
#8081=CARTESIAN_POINT('',(0.0274003332656179,-0.00459366282628686,0.0172523069631343));
#8082=CARTESIAN_POINT('',(0.0274009510363666,-0.00781133468312589,0.0167043917722165));
#8083=CARTESIAN_POINT('',(0.0274017274242521,-0.0115940317386611,0.015562811918946));
#8084=CARTESIAN_POINT('',(0.0274022906557371,-0.0164657886031853,0.0134370667118139));
#8085=CARTESIAN_POINT('',(0.0273998065130814,-0.0221008953204227,0.00993456496651945));
#8086=CARTESIAN_POINT('',(0.0273996685555962,-0.0266396183721518,0.00718265576961198));
#8087=CARTESIAN_POINT('',(0.027400004402399,-0.029140118726197,0.00622550098627303));
#8088=CARTESIAN_POINT('',(0.0270973790667155,-0.0314997004370033,-0.00552394785872257));
#8089=CARTESIAN_POINT('',(0.0280356926434471,-0.022062127685922,-0.00782410490500834));
#8090=CARTESIAN_POINT('',(0.032,-0.0157587148791984,-0.0175421029452581));
#8091=CARTESIAN_POINT('',(0.032,1.40933617535122E-18,-0.0175421029452581));
#8092=CARTESIAN_POINT('',(0.0270973790667155,-0.0314997004365927,-0.00551055597992903));
#8093=CARTESIAN_POINT('',(0.0280356926434471,-0.0220621276850571,-0.00781059007020746));
#8094=CARTESIAN_POINT('',(0.032,-0.0157587148816621,-0.0175280686301721));
#8095=CARTESIAN_POINT('',(0.032,1.40933617535122E-18,-0.0175280686301721));
#8096=CARTESIAN_POINT('',(0.0270973790667155,-0.0314997004361821,-0.00549716410113548));
#8097=CARTESIAN_POINT('',(0.0280356926434471,-0.0220621276841921,-0.00779707523540658));
#8098=CARTESIAN_POINT('',(0.032,-0.0157587148841259,-0.017514034315086));
#8099=CARTESIAN_POINT('',(0.032,1.40933617535122E-18,-0.017514034315086));
#8100=CARTESIAN_POINT('',(0.0270973790667155,-0.0314997004357715,-0.00548377222234193));
#8101=CARTESIAN_POINT('',(0.0280356926434471,-0.0220621276833271,-0.0077835604006057));
#8102=CARTESIAN_POINT('',(0.032,-0.0157587148865896,-0.0175));
#8103=CARTESIAN_POINT('',(0.032,1.40933617535122E-18,-0.0175));
#8104=CARTESIAN_POINT('',(0.0270973790667155,-0.0314997003845708,-0.00381388040752632));
#8105=CARTESIAN_POINT('',(0.0280356926434471,-0.0220621275754713,-0.00609833666460166));
#8106=CARTESIAN_POINT('',(0.032,-0.0157587151938016,-0.01575));
#8107=CARTESIAN_POINT('',(0.032,1.40933617535122E-18,-0.01575));
#8108=CARTESIAN_POINT('',(0.0270973790667155,-0.0315002994836498,-0.0021439885927107));
#8109=CARTESIAN_POINT('',(0.0280356926434471,-0.0220633895954089,-0.00441311292859762));
#8110=CARTESIAN_POINT('',(0.032,-0.0157551205089582,-0.014));
#8111=CARTESIAN_POINT('',(0.032,1.40933617535122E-18,-0.014));
#8112=CARTESIAN_POINT('',(0.0270973790667155,-0.03150029953488,-0.000474096777895089));
#8113=CARTESIAN_POINT('',(0.0280356926434471,-0.0220633897033269,-0.00272788919259358));
#8114=CARTESIAN_POINT('',(0.032,-0.0157551202015691,-0.01225));
#8115=CARTESIAN_POINT('',(0.032,1.40933617535122E-18,-0.01225));
#8116=CARTESIAN_POINT('',(0.0270973790667155,-0.0315002995362646,-0.000428965487024627));
#8117=CARTESIAN_POINT('',(0.0280356926434471,-0.0220633897062435,-0.00268234353392479));
#8118=CARTESIAN_POINT('',(0.032,-0.0157551201932614,-0.0122027036671941));
#8119=CARTESIAN_POINT('',(0.032,1.40933617535122E-18,-0.0122027036671941));
#8120=CARTESIAN_POINT('',(0.0270973790667155,-0.0315002995376492,-0.000383834196154167));
#8121=CARTESIAN_POINT('',(0.0280356926434471,-0.0220633897091601,-0.00263679787525599));
#8122=CARTESIAN_POINT('',(0.032,-0.0157551201849538,-0.0121554073343883));
#8123=CARTESIAN_POINT('',(0.032,1.40933617535122E-18,-0.0121554073343883));
#8124=CARTESIAN_POINT('',(0.0270973790667155,-0.0315002995390337,-0.000338702905283706));
#8125=CARTESIAN_POINT('',(0.0280356926434471,-0.0220633897120768,-0.0025912522165872));
#8126=CARTESIAN_POINT('',(0.032,-0.0157551201766462,-0.0121081110015824));
#8127=CARTESIAN_POINT('',(0.032,1.40933617535122E-18,-0.0121081110015824));
#8128=CARTESIAN_POINT('',(0.0270973492848223,-0.0314999999968983,-0.00548369922750572));
#8129=CARTESIAN_POINT('',(0.0270973492797325,-0.0314999999968983,-0.00381385559122494));
#8130=CARTESIAN_POINT('',(0.0270974088455468,-0.0315,-0.00214401195551978));
#8131=CARTESIAN_POINT('',(0.0270974088506411,-0.0315,-0.000474168319183175));
#8132=CARTESIAN_POINT('',(0.0270975081705733,-0.0315001307416861,-0.00548846841358094));
#8133=CARTESIAN_POINT('',(0.0270974088512515,-0.0314994008740018,-0.00549327830377304));
#8134=CARTESIAN_POINT('',(0.0271774944121204,-0.0306939596650574,-0.00568467571500198));
#8135=CARTESIAN_POINT('',(0.0272799934048012,-0.029908550761418,-0.00593135638431643));
#8136=CARTESIAN_POINT('',(0.0274000044023835,-0.0291401187262991,-0.00622550098623396));
#8137=CARTESIAN_POINT('',(0.0274000044023836,-0.0291401187262986,-0.00622550098623415));
#8138=CARTESIAN_POINT('',(0.0269,-0.0355,-0.005));
#8139=CARTESIAN_POINT('',(0.0269,-0.023583987010774,-0.005));
#8140=CARTESIAN_POINT('',(0.032,-0.0178740194838389,-0.0175));
#8141=CARTESIAN_POINT('',(0.032,1.40933617535122E-18,-0.0175));
#8142=CARTESIAN_POINT('',(0.032,1.40933617535122E-18,-0.012140328345122));
#8143=CARTESIAN_POINT('',(0.032,-0.00142491892823304,-0.012140328345122));
#8144=CARTESIAN_POINT('',(0.0319355843334212,-0.00426127381550651,-0.012006719777256));
#8145=CARTESIAN_POINT('',(0.031721232653908,-0.0070789656822607,-0.0115804117667399));
#8146=CARTESIAN_POINT('',(0.0315765515654367,-0.00845488450220314,-0.0112328934659998));
#8147=CARTESIAN_POINT('',(0.0315765515654367,-0.00845488450220313,-0.0112328934659998));
#8148=CARTESIAN_POINT('',(0.0269,-0.0355,1.3010426069826E-18));
#8149=CARTESIAN_POINT('',(0.0269,-0.0235867051457047,1.3010426069826E-18));
#8150=CARTESIAN_POINT('',(0.032,-0.0178699422814429,-0.01225));
#8151=CARTESIAN_POINT('',(0.032,1.40933617535122E-18,-0.01225));
#8152=CARTESIAN_POINT('',(0.0270841215442107,-0.0316359477571292,-0.000442252728741477));
#8153=CARTESIAN_POINT('',(0.027819345510537,-0.0239803778783146,-0.00220823186354465));
#8154=CARTESIAN_POINT('',(0.0305551651867967,-0.0184099967171585,-0.00877956343887442));
#8155=CARTESIAN_POINT('',(0.031595228773931,-0.0082750994920659,-0.0112777553883637));
#8156=CARTESIAN_POINT('',(0.026888949813202,-0.0316359472967352,-0.000442252728741477));
#8157=CARTESIAN_POINT('',(0.0275935394475979,-0.0239803769654757,-0.00220823186354465));
#8158=CARTESIAN_POINT('',(0.0302153666373468,-0.0184099982062974,-0.00877956343887442));
#8159=CARTESIAN_POINT('',(0.0312120942416839,-0.00827510046504179,-0.0112777553883637));
#8160=CARTESIAN_POINT('',(0.0266937780821932,-0.0316359750529428,-0.000442252728741477));
#8161=CARTESIAN_POINT('',(0.0273677333846589,-0.0239804319986591,-0.00220823186354465));
#8162=CARTESIAN_POINT('',(0.029875568087897,-0.0184099084291704,-0.00877956343887442));
#8163=CARTESIAN_POINT('',(0.0308289597094367,-0.00827504180632078,-0.0112777553883637));
#8164=CARTESIAN_POINT('',(0.0263034346201756,-0.0316360991287266,-0.000442252728741477));
#8165=CARTESIAN_POINT('',(0.0269161212587808,-0.0239806780079648,-0.00220823186354465));
#8166=CARTESIAN_POINT('',(0.0291959709889972,-0.0184095071075072,-0.00877956343887442));
#8167=CARTESIAN_POINT('',(0.0300626906449425,-0.00827477959013859,-0.0112777553883637));
#8168=CARTESIAN_POINT('',(0.0261082628891668,-0.0316361935018968,-0.000442252728741477));
#8169=CARTESIAN_POINT('',(0.0266903151958418,-0.0239808645980418,-0.00220823186354465));
#8170=CARTESIAN_POINT('',(0.0288561724395474,-0.0184091979377846,-0.00877956343887442));
#8171=CARTESIAN_POINT('',(0.0296795561126954,-0.00827457791028861,-0.0112777553883637));
#8172=CARTESIAN_POINT('',(0.0257179194271493,-0.0316364341637853,-0.000442252728741477));
#8173=CARTESIAN_POINT('',(0.0262387030699637,-0.0239813428202891,-0.00220823186354465));
#8174=CARTESIAN_POINT('',(0.0281765753406477,-0.0184084273613644,-0.00877956343887442));
#8175=CARTESIAN_POINT('',(0.0289132870482011,-0.00827407377794656,-0.0112777553883637));
#8176=CARTESIAN_POINT('',(0.0255227476961405,-0.0316365760579535,-0.000442252728741477));
#8177=CARTESIAN_POINT('',(0.0260128970070246,-0.0239816238710217,-0.00220823186354465));
#8178=CARTESIAN_POINT('',(0.0278367767911978,-0.0184079662652865,-0.00877956343887442));
#8179=CARTESIAN_POINT('',(0.028530152515954,-0.00827377268425709,-0.0112777553883637));
#8180=CARTESIAN_POINT('',(0.0251324042341229,-0.0316368776512831,-0.000442252728741477));
#8181=CARTESIAN_POINT('',(0.0255612848811466,-0.0239822213988174,-0.00220823186354465));
#8182=CARTESIAN_POINT('',(0.0271571796922981,-0.0184069874041357,-0.00877956343887442));
#8183=CARTESIAN_POINT('',(0.0277638834514598,-0.00827313339383075,-0.0112777553883637));
#8184=CARTESIAN_POINT('',(0.0249372325031141,-0.031637037479537,-0.000442252728741477));
#8185=CARTESIAN_POINT('',(0.0253354788182075,-0.0239825385079643,-0.00220823186354465));
#8186=CARTESIAN_POINT('',(0.0268173811428482,-0.0184064720207072,-0.00877956343887442));
#8187=CARTESIAN_POINT('',(0.0273807489192126,-0.00827279652050921,-0.0112777553883637));
#8188=CARTESIAN_POINT('',(0.0245468890410966,-0.0316373488300503,-0.000442252728741477));
#8189=CARTESIAN_POINT('',(0.0248838666923294,-0.0239831558338653,-0.00220823186354465));
#8190=CARTESIAN_POINT('',(0.0261377840439485,-0.0184054649654175,-0.00877956343887442));
#8191=CARTESIAN_POINT('',(0.0266144798547184,-0.00827213852877726,-0.0112777553883637));
#8192=CARTESIAN_POINT('',(0.0243517173100878,-0.0316375003496664,-0.000442252728741477));
#8193=CARTESIAN_POINT('',(0.0246580606293904,-0.0239834560441643,-0.00220823186354465));
#8194=CARTESIAN_POINT('',(0.0257979854944986,-0.018404973293071,-0.00877956343887442));
#8195=CARTESIAN_POINT('',(0.0262313453224713,-0.00827181741080091,-0.0112777553883637));
#8196=CARTESIAN_POINT('',(0.0240136013553901,-0.0316377447753822,-0.000442252728741477));
#8197=CARTESIAN_POINT('',(0.0242668736877542,-0.0239839410666714,-0.00220823186354465));
#8198=CARTESIAN_POINT('',(0.0252093177076306,-0.0184041856128502,-0.00877956343887442));
#8199=CARTESIAN_POINT('',(0.0255676021795538,-0.00827130251297857,-0.0112777553883637));
#8200=CARTESIAN_POINT('',(0.0238706571317012,-0.0316378424469851,-0.000442252728741477));
#8201=CARTESIAN_POINT('',(0.0241014928090571,-0.0239841349224908,-0.00220823186354465));
#8202=CARTESIAN_POINT('',(0.0249604484702125,-0.0184038711760918,-0.00877956343887442));
#8203=CARTESIAN_POINT('',(0.0252869935688836,-0.00827109694268065,-0.0112777553883637));
#8204=CARTESIAN_POINT('',(0.0237277129080122,-0.0316379317841202,-0.000442252728741477));
#8205=CARTESIAN_POINT('',(0.0239361119303599,-0.0239843119416611,-0.00220823186354465));
#8206=CARTESIAN_POINT('',(0.0247115792327943,-0.0184035813779937,-0.00877956343887442));
#8207=CARTESIAN_POINT('',(0.0250063849582133,-0.00827090766362302,-0.0112777553883637));
#8208=CARTESIAN_POINT('',(0.0315765515654367,-0.00845488450220311,-0.0112328934659999));
#8209=CARTESIAN_POINT('',(0.0313017267354979,-0.00916752485771141,-0.0110528996346466));
#8210=CARTESIAN_POINT('',(0.0307884714757785,-0.0101985054512095,-0.0107514954214512));
#8211=CARTESIAN_POINT('',(0.0297480730623255,-0.011314270242373,-0.0103729490431156));
#8212=CARTESIAN_POINT('',(0.0287239529861622,-0.0118979324242224,-0.0101588644914579));
#8213=CARTESIAN_POINT('',(0.0275109563431725,-0.0119617966229218,-0.0101342191108904));
#8214=CARTESIAN_POINT('',(0.026428523449799,-0.0114513832755724,-0.0103229335197968));
#8215=CARTESIAN_POINT('',(0.0256086464592717,-0.0106519243002221,-0.0105983989849423));
#8216=CARTESIAN_POINT('',(0.025186875311951,-0.0100192164456871,-0.0107965112607371));
#8217=CARTESIAN_POINT('',(0.0249997716367632,-0.00968785354707814,-0.0108942263556748));
#8218=CARTESIAN_POINT('',(0.0249998711596656,-0.00968773669304904,-0.0108940206557364));
#8219=CARTESIAN_POINT('',(0.025,-0.0355,1.17956657610786E-18));
#8220=CARTESIAN_POINT('',(0.025,-0.0235981957465766,1.17956657610786E-18));
#8221=CARTESIAN_POINT('',(0.025,-0.0178527063801351,-0.01225));
#8222=CARTESIAN_POINT('',(0.025,1.40933617535122E-18,-0.01225));
#8223=CARTESIAN_POINT('',(0.0249779321904955,-0.0292896693696478,-0.00616937111914481));
#8224=CARTESIAN_POINT('',(0.0256344561872372,-0.0209941121740017,-0.00927604464757074));
#8225=CARTESIAN_POINT('',(0.0273724,-0.0144913850518818,-0.0175));
#8226=CARTESIAN_POINT('',(0.0273724,1.40933617535122E-18,-0.0175));
#8227=CARTESIAN_POINT('',(0.0251555180054576,-0.0292895196041341,-0.00616937111914481));
#8228=CARTESIAN_POINT('',(0.0258572679198683,-0.0209939896501832,-0.00927604464757074));
#8229=CARTESIAN_POINT('',(0.0277149333333333,-0.0144921356963545,-0.0175));
#8230=CARTESIAN_POINT('',(0.0277149333333333,1.40933617535122E-18,-0.0175));
#8231=CARTESIAN_POINT('',(0.0253331038204198,-0.0292893679417288,-0.00616937111914481));
#8232=CARTESIAN_POINT('',(0.0260800796524994,-0.0209938653728492,-0.00927604464757074));
#8233=CARTESIAN_POINT('',(0.0280574666666667,-0.0144928947806304,-0.0175));
#8234=CARTESIAN_POINT('',(0.0280574666666667,1.40933617535122E-18,-0.0175));
#8235=CARTESIAN_POINT('',(0.0257180689444074,-0.0292890555339697,-0.00616937111914481));
#8236=CARTESIAN_POINT('',(0.0265630841441392,-0.0209936109681459,-0.00927604464757074));
#8237=CARTESIAN_POINT('',(0.0288,-0.0144944668432851,-0.0175));
#8238=CARTESIAN_POINT('',(0.0288,1.40933617535122E-18,-0.0175));
#8239=CARTESIAN_POINT('',(0.0259254482534328,-0.0292888972098868,-0.00616937111914481));
#8240=CARTESIAN_POINT('',(0.0268232769031479,-0.0209934822148793,-0.00927604464757074));
#8241=CARTESIAN_POINT('',(0.0292,-0.0144952644735719,-0.0175));
#8242=CARTESIAN_POINT('',(0.0292,1.40933617535122E-18,-0.0175));
#8243=CARTESIAN_POINT('',(0.0263402068714838,-0.0292886279525114,-0.00616937111914481));
#8244=CARTESIAN_POINT('',(0.0273436624211653,-0.0209932596466973,-0.00927604464757074));
#8245=CARTESIAN_POINT('',(0.03,-0.014496601915819,-0.0175));
#8246=CARTESIAN_POINT('',(0.03,1.40933617535122E-18,-0.0175));
#8247=CARTESIAN_POINT('',(0.0265475861805092,-0.0292885228262867,-0.00616937111914481));
#8248=CARTESIAN_POINT('',(0.0276038551801741,-0.0209931749390606,-0.00927604464757074));
#8249=CARTESIAN_POINT('',(0.0304,-0.0144971356869128,-0.0175));
#8250=CARTESIAN_POINT('',(0.0304,1.40933617535122E-18,-0.0175));
#8251=CARTESIAN_POINT('',(0.0269623447985602,-0.029288384301,-0.00616937111914481));
#8252=CARTESIAN_POINT('',(0.0281242406981915,-0.0209930616992107,-0.00927604464757074));
#8253=CARTESIAN_POINT('',(0.0312,-0.0144978304613285,-0.0175));
#8254=CARTESIAN_POINT('',(0.0312,1.40933617535122E-18,-0.0175));
#8255=CARTESIAN_POINT('',(0.0271697241075856,-0.029288353330711,-0.00616937111914481));
#8256=CARTESIAN_POINT('',(0.0283844334572002,-0.0209930363820217,-0.00927604464757074));
#8257=CARTESIAN_POINT('',(0.0316,-0.0144979857930006,-0.0175));
#8258=CARTESIAN_POINT('',(0.0316,1.40933617535122E-18,-0.0175));
#8259=CARTESIAN_POINT('',(0.0273771034166111,-0.0292883538458176,-0.00616937111914481));
#8260=CARTESIAN_POINT('',(0.0286446262162089,-0.0209930368031043,-0.00927604464757074));
#8261=CARTESIAN_POINT('',(0.032,-0.0144979832094804,-0.0175));
#8262=CARTESIAN_POINT('',(0.032,1.40933617535122E-18,-0.0175));
#8263=CARTESIAN_POINT('',(0.0274018830202629,-0.016135837165421,-0.0134451609038527));
#8264=CARTESIAN_POINT('',(0.0276355215931771,-0.0162603510169134,-0.0133801886401536));
#8265=CARTESIAN_POINT('',(0.0279713262486699,-0.0166416900171803,-0.0131791811563599));
#8266=CARTESIAN_POINT('',(0.0283818070704978,-0.0175126843089839,-0.0127036147791399));
#8267=CARTESIAN_POINT('',(0.0285661353747643,-0.0186671656773833,-0.0120429497961441));
#8268=CARTESIAN_POINT('',(0.0284173199896819,-0.01980575968154,-0.0113598796592884));
#8269=CARTESIAN_POINT('',(0.0280008059978438,-0.020658166542064,-0.0108392484370175));
#8270=CARTESIAN_POINT('',(0.0276404070568294,-0.0210132168863487,-0.010620942764749));
#8271=CARTESIAN_POINT('',(0.0274006082864287,-0.0211212391607545,-0.0105544852125126));
#8272=CARTESIAN_POINT('',(0.0274018830202629,-0.016135837165421,-0.0134451609038527));
#8273=CARTESIAN_POINT('',(0.0274006082864286,-0.0211212391607545,-0.0105544852125126));
#8274=CARTESIAN_POINT('',(0.027401883020263,-0.016135837165421,-0.0134451609038527));
#8275=CARTESIAN_POINT('',(0.0274021157922031,-0.0136382120260306,-0.0147504320425491));
#8276=CARTESIAN_POINT('',(0.0274010553502738,-0.00835497803739818,-0.0168810871491882));
#8277=CARTESIAN_POINT('',(0.0274,-0.00282372873107651,-0.0175));
#8278=CARTESIAN_POINT('',(0.0274,1.40933617535122E-18,-0.0175));
#8279=CARTESIAN_POINT('',(0.0274000044023752,-0.0291401187262986,-0.00622550098623414));
#8280=CARTESIAN_POINT('',(0.0273996196656515,-0.0262756153108651,-0.00732199079136335));
#8281=CARTESIAN_POINT('',(0.027399671418948,-0.0237114327382357,-0.00896176525536056));
#8282=CARTESIAN_POINT('',(0.0274006082864286,-0.0211212391607545,-0.0105544852125126));
#8283=CARTESIAN_POINT('',(0.024,-6.73555739531044E-19,0.));
#8284=CARTESIAN_POINT('',(0.0224,-6.73555739531044E-19,0.));
#8285=CARTESIAN_POINT('',(0.025,-6.73555739531044E-19,0.));
#8286=CARTESIAN_POINT('',(0.0224,-0.01025,0.));
#8287=CARTESIAN_POINT('',(0.018,2.000000000002E-6,1.7347234759768E-18));
#8288=CARTESIAN_POINT('',(-0.00625,-0.0665,-0.0108253175473055));
#8289=CARTESIAN_POINT('',(-0.0105152312739154,-0.0665,-0.0134344940802396));
#8290=CARTESIAN_POINT('',(-0.00198476872608459,-0.0665,-0.0134344940802396));
#8291=CARTESIAN_POINT('',(0.00625,-0.0665,-0.0108253175473055));
#8292=CARTESIAN_POINT('',(0.00198476872608458,-0.0665,-0.0134344940802396));
#8293=CARTESIAN_POINT('',(0.0105152312739154,-0.0665,-0.0134344940802396));
#8294=CARTESIAN_POINT('',(0.0167550268072252,-0.0665,-0.012));
#8295=CARTESIAN_POINT('',(0.0195630818047581,-0.0315,-0.012));
#8296=CARTESIAN_POINT('',(0.0195542453294954,-0.0316484708556097,-0.012));
#8297=CARTESIAN_POINT('',(0.0195461714335316,-0.0317969832907662,-0.012));
#8298=CARTESIAN_POINT('',(0.0195387891464773,-0.0319455334358172,-0.012));
#8299=CARTESIAN_POINT('',(0.0195387891464773,-0.0319455334358172,-0.012));
#8300=CARTESIAN_POINT('',(0.0195387891464773,-0.0609999999984308,-0.012));
#8301=CARTESIAN_POINT('',(0.0130743700382647,-0.0315,-0.012));
#8302=CARTESIAN_POINT('',(0.00625,-0.0665,0.0108253175473055));
#8303=CARTESIAN_POINT('',(0.0105152312739154,-0.0665,0.0134344940802396));
#8304=CARTESIAN_POINT('',(0.00198476872608458,-0.0665,0.0134344940802396));
#8305=CARTESIAN_POINT('',(-0.00625,-0.0665,0.0108253175473055));
#8306=CARTESIAN_POINT('',(-0.00198476872608458,-0.0665,0.0134344940802396));
#8307=CARTESIAN_POINT('',(-0.0105152312739154,-0.0665,0.0134344940802396));
#8308=CARTESIAN_POINT('',(0.0270974088512515,-0.147574180015926,-0.00309969865876442));
#8309=CARTESIAN_POINT('',(0.0270974088512515,-0.0755,1.28587913910472E-19));
#8310=CARTESIAN_POINT('',(0.0270974088512515,-0.0755,-0.0021));
#8311=CARTESIAN_POINT('',(0.0270974088512515,-0.0605,1.28587913910472E-19));
#8312=CARTESIAN_POINT('',(0.0270974088512515,-0.0605,-0.0021));
#8313=CARTESIAN_POINT('',(0.0270974088512515,-0.0455,1.28587913910472E-19));
#8314=CARTESIAN_POINT('',(0.0270974088512515,-0.0455,-0.0021));
#8315=CARTESIAN_POINT('',(0.0270974088512515,-0.0609999999999918,0.00549286394154358));
#8316=CARTESIAN_POINT('',(0.0270974088512515,-0.061000000000015,-0.00549286394153225));
#8317=CARTESIAN_POINT('',(-0.022402,1.40933617535122E-18,0.014875));
#8318=CARTESIAN_POINT('',(-0.024,6.73555739531044E-19,0.011));
#8319=CARTESIAN_POINT('',(-0.025,6.73555739531044E-19,0.011));
#8320=CARTESIAN_POINT('',(-0.0224,6.73555739531044E-19,0.011));
#8321=CARTESIAN_POINT('',(-0.025,-1.94562193051046E-18,0.011625));
#8322=CARTESIAN_POINT('',(-0.025,-1.94873990370628E-18,0.0116471885363993));
#8323=CARTESIAN_POINT('',(-0.0231962574682247,1.40933617535122E-18,0.00925));
#8324=CARTESIAN_POINT('',(-0.025255004267557,1.40933617535122E-18,0.0114321002763941));
#8325=CARTESIAN_POINT('',(-0.028,1.40933617535122E-18,0.0143415673115863));
#8326=CARTESIAN_POINT('',(-0.030744995732443,1.40933617535122E-18,0.0114321002763941));
#8327=CARTESIAN_POINT('',(-0.0328037425317752,1.40933617535122E-18,0.00925));
#8328=CARTESIAN_POINT('',(-0.032,1.40933617535122E-18,0.012140328345122));
#8329=CARTESIAN_POINT('',(-0.032,1.40933617535122E-18,0.014875));
#8330=CARTESIAN_POINT('',(-0.032,1.40933617535122E-18,0.0175));
#8331=CARTESIAN_POINT('',(-0.0272,1.40933617535122E-18,0.0175));
#8332=CARTESIAN_POINT('',(-0.0274,2.48090212460515E-18,0.0175));
#8333=CARTESIAN_POINT('',(-0.022402,2.48090212460515E-18,0.0175));
#8334=CARTESIAN_POINT('',(-0.018,2.48090212460515E-18,0.0175));
#8335=CARTESIAN_POINT('',(-0.018,1.40933617535122E-18,0.014875));
#8336=CARTESIAN_POINT('',(-0.018,2.15943233982897E-18,0.01225));
#8337=CARTESIAN_POINT('',(-0.022402,2.15943233982897E-18,0.01225));
#8338=CARTESIAN_POINT('',(-0.0224,1.78438425759009E-18,0.01225));
#8339=CARTESIAN_POINT('',(-0.0224,-1.94562193051046E-18,0.011625));
#8340=CARTESIAN_POINT('',(-0.0272,1.40933617535122E-18,0.01225));
#8341=CARTESIAN_POINT('',(-0.0281880058007194,1.40946282423116E-18,0.01225));
#8342=CARTESIAN_POINT('',(-0.0278119941992806,1.40933617535122E-18,0.01225));
#8343=CARTESIAN_POINT('',(-0.028,1.40933617535122E-18,0.0143415673115862));
#8344=CARTESIAN_POINT('',(-0.0274859537797704,-0.0315,0.012));
#8345=CARTESIAN_POINT('',(-0.0129884162584942,-0.0315,0.012));
#8346=CARTESIAN_POINT('',(-0.0274859537797704,-0.0195,0.012));
#8347=CARTESIAN_POINT('',(-0.0129884162584942,-0.0195,0.012));
#8348=CARTESIAN_POINT('',(-0.0274859537797704,-0.012,0.0175));
#8349=CARTESIAN_POINT('',(-0.0129884162584942,-0.012,0.0175));
#8350=CARTESIAN_POINT('',(-0.0274859537797704,0.,0.0175));
#8351=CARTESIAN_POINT('',(-0.0129884162584942,0.,0.0175));
#8352=CARTESIAN_POINT('',(-0.0274,8.27451134794147E-15,0.0175));
#8353=CARTESIAN_POINT('',(-0.0271905167343991,-0.00277784996513756,0.0175));
#8354=CARTESIAN_POINT('',(-0.026149491657319,-0.00827832730376406,0.0168655312522682));
#8355=CARTESIAN_POINT('',(-0.0234363587612425,-0.0158028135880678,0.0147307165193231));
#8356=CARTESIAN_POINT('',(-0.0206809864985984,-0.0233645052937225,0.0126117326594292));
#8357=CARTESIAN_POINT('',(-0.0197411803593156,-0.0287199732365546,0.012));
#8358=CARTESIAN_POINT('',(-0.0195630818047581,-0.0315,0.012));
#8359=CARTESIAN_POINT('',(-0.0151834194742178,-0.0231676663714645,0.0128664793235813));
#8360=CARTESIAN_POINT('',(-0.0146194012370316,-0.0259455471656308,0.0123089303116816));
#8361=CARTESIAN_POINT('',(-0.0138418815254232,-0.0287231565910673,0.012));
#8362=CARTESIAN_POINT('',(-0.0130743700382647,-0.0315,0.012));
#8363=CARTESIAN_POINT('',(-0.018,-0.0315,0.012));
#8364=CARTESIAN_POINT('',(-0.018,-0.0195,0.012));
#8365=CARTESIAN_POINT('',(-0.018,-0.012,0.0175));
#8366=CARTESIAN_POINT('',(-0.018,0.,0.0175));
#8367=CARTESIAN_POINT('',(-0.022402,2.16840434497101E-19,0.));
#8368=CARTESIAN_POINT('',(-0.018,2.16840434497101E-19,0.));
#8369=CARTESIAN_POINT('',(-0.018,-8.40952318082044E-19,-0.01225));
#8370=CARTESIAN_POINT('',(-0.022402,-8.40952318082044E-19,-0.01225));
#8371=CARTESIAN_POINT('',(-0.0224,1.78438425759009E-18,-0.01225));
#8372=CARTESIAN_POINT('',(-0.0224,2.16840434497101E-19,0.));
#8373=CARTESIAN_POINT('',(-0.0274859537797704,-0.0315,-0.012));
#8374=CARTESIAN_POINT('',(-0.0129884162584942,-0.0315,-0.012));
#8375=CARTESIAN_POINT('',(-0.0274859537797704,-0.0195,-0.012));
#8376=CARTESIAN_POINT('',(-0.0129884162584942,-0.0195,-0.012));
#8377=CARTESIAN_POINT('',(-0.0274859537797704,-0.012,-0.0175));
#8378=CARTESIAN_POINT('',(-0.0129884162584942,-0.012,-0.0175));
#8379=CARTESIAN_POINT('',(-0.0274859537797704,-4.74424574731509E-19,-0.0175));
#8380=CARTESIAN_POINT('',(-0.0129884162584942,-4.74424574731509E-19,-0.0175));
#8381=CARTESIAN_POINT('',(-0.0195630818047581,-0.0315,-0.012));
#8382=CARTESIAN_POINT('',(-0.0196068760434118,-0.0308163863354358,-0.0120000004189083));
#8383=CARTESIAN_POINT('',(-0.0197277102813252,-0.0294237688240032,-0.0120368987930647));
#8384=CARTESIAN_POINT('',(-0.0201096771978341,-0.0267206156356984,-0.0122514673064226));
#8385=CARTESIAN_POINT('',(-0.0208552193107885,-0.0234108421617477,-0.0127650180171738));
#8386=CARTESIAN_POINT('',(-0.0220750319338924,-0.0195402825276292,-0.0136809812442303));
#8387=CARTESIAN_POINT('',(-0.0239015213339696,-0.0145152439460694,-0.0150988916111059));
#8388=CARTESIAN_POINT('',(-0.0257123773299058,-0.00946769426637604,-0.0165174016920371));
#8389=CARTESIAN_POINT('',(-0.0269378032896215,-0.00413743619723215,-0.0173518429798676));
#8390=CARTESIAN_POINT('',(-0.0272969753688805,-0.00136615670526124,-0.0175));
#8391=CARTESIAN_POINT('',(-0.0274,1.40933617534973E-18,-0.0175));
#8392=CARTESIAN_POINT('',(-0.0274,1.40933617535122E-18,-0.0175));
#8393=CARTESIAN_POINT('',(-0.022402,-1.80536167241059E-18,-0.0175));
#8394=CARTESIAN_POINT('',(-0.018,-1.80536167241059E-18,-0.0175));
#8395=CARTESIAN_POINT('',(-0.018,-0.0315,-0.012));
#8396=CARTESIAN_POINT('',(-0.018,-0.0195,-0.012));
#8397=CARTESIAN_POINT('',(-0.018,-0.012,-0.0175));
#8398=CARTESIAN_POINT('',(-0.018,-4.74424574731509E-19,-0.0175));
#8399=CARTESIAN_POINT('',(-0.0151834194742178,-0.0231676663714645,-0.0128664793235813));
#8400=CARTESIAN_POINT('',(-0.0146194012370316,-0.0259455471656308,-0.0123089303116816));
#8401=CARTESIAN_POINT('',(-0.0138418815253262,-0.0287231565910405,-0.012));
#8402=CARTESIAN_POINT('',(-0.0130743700382647,-0.0315,-0.012));
#8403=CARTESIAN_POINT('',(-0.022402,1.40933617535122E-18,-0.014875));
#8404=CARTESIAN_POINT('',(-0.028,1.40933617535122E-18,-0.0143415673115863));
#8405=CARTESIAN_POINT('',(-0.025255004267557,1.40933617535122E-18,-0.0114321002763941));
#8406=CARTESIAN_POINT('',(-0.030744995732443,1.40933617535122E-18,-0.0114321002763941));
#8407=CARTESIAN_POINT('',(-0.0231962574682247,1.40933617535122E-18,-0.00925));
#8408=CARTESIAN_POINT('',(-0.025,1.32462802012194E-18,-0.0116471885364036));
#8409=CARTESIAN_POINT('',(-0.025,1.32151004692552E-18,-0.011625));
#8410=CARTESIAN_POINT('',(-0.025,-2.02066721859313E-18,-0.011));
#8411=CARTESIAN_POINT('',(-0.024,-2.02066721859313E-18,-0.011));
#8412=CARTESIAN_POINT('',(-0.0224,-2.02066721859313E-18,-0.011));
#8413=CARTESIAN_POINT('',(-0.0224,1.32151004692552E-18,-0.011625));
#8414=CARTESIAN_POINT('',(-0.018,1.40933617535122E-18,-0.014875));
#8415=CARTESIAN_POINT('',(-0.0272,1.40933617535122E-18,-0.0175));
#8416=CARTESIAN_POINT('',(-0.032,1.40933617535122E-18,-0.0175));
#8417=CARTESIAN_POINT('',(-0.032,1.40933617535122E-18,-0.014875));
#8418=CARTESIAN_POINT('',(-0.032,1.40933617535122E-18,-0.012140328345122));
#8419=CARTESIAN_POINT('',(-0.0328037425317752,1.33131047328362E-17,-0.00925));
#8420=CARTESIAN_POINT('',(-0.028,1.40933617535122E-18,-0.0143415673115863));
#8421=CARTESIAN_POINT('',(-0.028,1.40933617535122E-18,-0.0122415673115863));
#8422=CARTESIAN_POINT('',(-0.0270973790667155,-0.0314997004370033,0.00552394785872259));
#8423=CARTESIAN_POINT('',(-0.0280356926434471,-0.022062127685922,0.00782410490500836));
#8424=CARTESIAN_POINT('',(-0.032,-0.0157587148791984,0.0175421029452581));
#8425=CARTESIAN_POINT('',(-0.032,1.40933617535122E-18,0.0175421029452581));
#8426=CARTESIAN_POINT('',(-0.0270973790667155,-0.0314997004365927,0.00551055597992904));
#8427=CARTESIAN_POINT('',(-0.0280356926434471,-0.0220621276850571,0.00781059007020748));
#8428=CARTESIAN_POINT('',(-0.032,-0.0157587148816621,0.0175280686301721));
#8429=CARTESIAN_POINT('',(-0.032,1.40933617535122E-18,0.0175280686301721));
#8430=CARTESIAN_POINT('',(-0.0270973790667155,-0.0314997004361821,0.00549716410113548));
#8431=CARTESIAN_POINT('',(-0.0280356926434471,-0.0220621276841921,0.00779707523540659));
#8432=CARTESIAN_POINT('',(-0.032,-0.0157587148841259,0.017514034315086));
#8433=CARTESIAN_POINT('',(-0.032,1.40933617535122E-18,0.017514034315086));
#8434=CARTESIAN_POINT('',(-0.0270973790667155,-0.0314997004357715,0.00548377222234193));
#8435=CARTESIAN_POINT('',(-0.0280356926434471,-0.0220621276833271,0.0077835604006057));
#8436=CARTESIAN_POINT('',(-0.032,-0.0157587148865896,0.0175));
#8437=CARTESIAN_POINT('',(-0.032,1.40933617535122E-18,0.0175));
#8438=CARTESIAN_POINT('',(-0.0270973790667155,-0.0314997003845708,0.00381388040752632));
#8439=CARTESIAN_POINT('',(-0.0280356926434471,-0.0220621275754713,0.00609833666460166));
#8440=CARTESIAN_POINT('',(-0.032,-0.0157587151938016,0.01575));
#8441=CARTESIAN_POINT('',(-0.032,1.40933617535122E-18,0.01575));
#8442=CARTESIAN_POINT('',(-0.0270973790667155,-0.0315002994836498,0.0021439885927107));
#8443=CARTESIAN_POINT('',(-0.0280356926434471,-0.0220633895954089,0.00441311292859762));
#8444=CARTESIAN_POINT('',(-0.032,-0.0157551205089582,0.014));
#8445=CARTESIAN_POINT('',(-0.032,1.40933617535122E-18,0.014));
#8446=CARTESIAN_POINT('',(-0.0270973790667155,-0.03150029953488,0.000474096777895089));
#8447=CARTESIAN_POINT('',(-0.0280356926434471,-0.0220633897033269,0.00272788919259358));
#8448=CARTESIAN_POINT('',(-0.032,-0.0157551202015691,0.01225));
#8449=CARTESIAN_POINT('',(-0.032,1.40933617535122E-18,0.01225));
#8450=CARTESIAN_POINT('',(-0.0270973790667155,-0.0315002995362646,0.000428965487024627));
#8451=CARTESIAN_POINT('',(-0.0280356926434471,-0.0220633897062435,0.00268234353392479));
#8452=CARTESIAN_POINT('',(-0.032,-0.0157551201932614,0.0122027036671941));
#8453=CARTESIAN_POINT('',(-0.032,1.40933617535122E-18,0.0122027036671941));
#8454=CARTESIAN_POINT('',(-0.0270973790667155,-0.0315002995376492,0.000383834196154167));
#8455=CARTESIAN_POINT('',(-0.0280356926434471,-0.0220633897091601,0.002636797875256));
#8456=CARTESIAN_POINT('',(-0.032,-0.0157551201849538,0.0121554073343883));
#8457=CARTESIAN_POINT('',(-0.032,1.40933617535122E-18,0.0121554073343883));
#8458=CARTESIAN_POINT('',(-0.0270973790667155,-0.0315002995390338,0.000338702905283706));
#8459=CARTESIAN_POINT('',(-0.0280356926434471,-0.0220633897120768,0.0025912522165872));
#8460=CARTESIAN_POINT('',(-0.032,-0.0157551201766462,0.0121081110015824));
#8461=CARTESIAN_POINT('',(-0.032,1.40933617535122E-18,0.0121081110015824));
#8462=CARTESIAN_POINT('',(-0.0270974088512515,-0.0314994008740018,0.00549327830377305));
#8463=CARTESIAN_POINT('',(-0.0271774944121204,-0.0306939596650574,0.00568467571500198));
#8464=CARTESIAN_POINT('',(-0.0272799934048012,-0.0299085507614181,0.0059313563843164));
#8465=CARTESIAN_POINT('',(-0.0274000044023834,-0.0291401187262992,0.00622550098623391));
#8466=CARTESIAN_POINT('',(-0.0274000044023835,-0.0291401187262987,0.00622550098623409));
#8467=CARTESIAN_POINT('',(-0.0269,-0.0355,0.005));
#8468=CARTESIAN_POINT('',(-0.0269,-0.023583987010774,0.005));
#8469=CARTESIAN_POINT('',(-0.032,-0.0178740194838389,0.0175));
#8470=CARTESIAN_POINT('',(-0.032,1.40933617535122E-18,0.0175));
#8471=CARTESIAN_POINT('',(-0.032,1.40933617535122E-18,0.012140328345122));
#8472=CARTESIAN_POINT('',(-0.032,-0.00142491892823304,0.012140328345122));
#8473=CARTESIAN_POINT('',(-0.0319355843334212,-0.00426127381550651,0.012006719777256));
#8474=CARTESIAN_POINT('',(-0.031721232653908,-0.00707896568226071,0.0115804117667399));
#8475=CARTESIAN_POINT('',(-0.0315765515654367,-0.00845488450220314,0.0112328934659998));
#8476=CARTESIAN_POINT('',(-0.0249779321904955,-0.0292896693696479,0.00616937111914477));
#8477=CARTESIAN_POINT('',(-0.0256344561872372,-0.0209941121740017,0.00927604464757067));
#8478=CARTESIAN_POINT('',(-0.0273724,-0.0144913850518818,0.0175));
#8479=CARTESIAN_POINT('',(-0.0273724,1.40933617535122E-18,0.0175));
#8480=CARTESIAN_POINT('',(-0.0251555180054576,-0.0292895196041342,0.00616937111914477));
#8481=CARTESIAN_POINT('',(-0.0258572679198683,-0.0209939896501833,0.00927604464757067));
#8482=CARTESIAN_POINT('',(-0.0277149333333333,-0.0144921356963546,0.0175));
#8483=CARTESIAN_POINT('',(-0.0277149333333333,1.40933617535122E-18,0.0175));
#8484=CARTESIAN_POINT('',(-0.0253331038204198,-0.0292893679417289,0.00616937111914477));
#8485=CARTESIAN_POINT('',(-0.0260800796524994,-0.0209938653728493,0.00927604464757067));
#8486=CARTESIAN_POINT('',(-0.0280574666666667,-0.0144928947806305,0.0175));
#8487=CARTESIAN_POINT('',(-0.0280574666666667,1.40933617535122E-18,0.0175));
#8488=CARTESIAN_POINT('',(-0.0257180689444074,-0.0292890555339698,0.00616937111914477));
#8489=CARTESIAN_POINT('',(-0.0265630841441392,-0.020993610968146,0.00927604464757067));
#8490=CARTESIAN_POINT('',(-0.0288,-0.0144944668432852,0.0175));
#8491=CARTESIAN_POINT('',(-0.0288,1.40933617535122E-18,0.0175));
#8492=CARTESIAN_POINT('',(-0.0259254482534328,-0.0292888972098869,0.00616937111914477));
#8493=CARTESIAN_POINT('',(-0.0268232769031479,-0.0209934822148794,0.00927604464757067));
#8494=CARTESIAN_POINT('',(-0.0292,-0.0144952644735719,0.0175));
#8495=CARTESIAN_POINT('',(-0.0292,1.40933617535122E-18,0.0175));
#8496=CARTESIAN_POINT('',(-0.0263402068714838,-0.0292886279525115,0.00616937111914477));
#8497=CARTESIAN_POINT('',(-0.0273436624211653,-0.0209932596466974,0.00927604464757067));
#8498=CARTESIAN_POINT('',(-0.03,-0.014496601915819,0.0175));
#8499=CARTESIAN_POINT('',(-0.03,1.40933617535122E-18,0.0175));
#8500=CARTESIAN_POINT('',(-0.0265475861805092,-0.0292885228262868,0.00616937111914477));
#8501=CARTESIAN_POINT('',(-0.027603855180174,-0.0209931749390606,0.00927604464757067));
#8502=CARTESIAN_POINT('',(-0.0304,-0.0144971356869129,0.0175));
#8503=CARTESIAN_POINT('',(-0.0304,1.40933617535122E-18,0.0175));
#8504=CARTESIAN_POINT('',(-0.0269623447985601,-0.0292883843010001,0.00616937111914477));
#8505=CARTESIAN_POINT('',(-0.0281242406981914,-0.0209930616992108,0.00927604464757067));
#8506=CARTESIAN_POINT('',(-0.0312,-0.0144978304613286,0.0175));
#8507=CARTESIAN_POINT('',(-0.0312,1.40933617535122E-18,0.0175));
#8508=CARTESIAN_POINT('',(-0.0271697241075856,-0.0292883533307111,0.00616937111914477));
#8509=CARTESIAN_POINT('',(-0.0283844334572001,-0.0209930363820217,0.00927604464757067));
#8510=CARTESIAN_POINT('',(-0.0316,-0.0144979857930007,0.0175));
#8511=CARTESIAN_POINT('',(-0.0316,1.40933617535122E-18,0.0175));
#8512=CARTESIAN_POINT('',(-0.0273771034166111,-0.0292883538458177,0.00616937111914477));
#8513=CARTESIAN_POINT('',(-0.0286446262162088,-0.0209930368031044,0.00927604464757067));
#8514=CARTESIAN_POINT('',(-0.032,-0.0144979832094805,0.0175));
#8515=CARTESIAN_POINT('',(-0.032,1.40933617535122E-18,0.0175));
#8516=CARTESIAN_POINT('',(-0.0274000044023752,-0.0291401187262988,0.00622550098623409));
#8517=CARTESIAN_POINT('',(-0.0273996685555611,-0.0266396182893964,0.0071826558012754));
#8518=CARTESIAN_POINT('',(-0.0273998212280225,-0.0221009127420119,0.00993210090034298));
#8519=CARTESIAN_POINT('',(-0.0274027359824614,-0.0153387050599663,0.0141461920731444));
#8520=CARTESIAN_POINT('',(-0.0274008586565995,-0.00784952476693314,0.0169560221915384));
#8521=CARTESIAN_POINT('',(-0.0274,-0.00265163603993854,0.0175));
#8522=CARTESIAN_POINT('',(-0.0274,1.40933617535122E-18,0.0175));
#8523=CARTESIAN_POINT('',(-0.0270973790667124,-0.0314997004370344,-0.005523947858715));
#8524=CARTESIAN_POINT('',(-0.0280356926434384,-0.0220621276859358,-0.00782410490498701));
#8525=CARTESIAN_POINT('',(-0.032,-0.0157587148792157,-0.0175421029452581));
#8526=CARTESIAN_POINT('',(-0.032,1.40933617535122E-18,-0.0175421029452581));
#8527=CARTESIAN_POINT('',(-0.0270973790667124,-0.0314997004366238,-0.00551055597992146));
#8528=CARTESIAN_POINT('',(-0.0280356926434384,-0.0220621276850709,-0.00781059007018614));
#8529=CARTESIAN_POINT('',(-0.032,-0.0157587148816794,-0.0175280686301721));
#8530=CARTESIAN_POINT('',(-0.032,1.40933617535122E-18,-0.0175280686301721));
#8531=CARTESIAN_POINT('',(-0.0270973790667124,-0.0314997004362132,-0.00549716410112791));
#8532=CARTESIAN_POINT('',(-0.0280356926434384,-0.0220621276842059,-0.00779707523538526));
#8533=CARTESIAN_POINT('',(-0.032,-0.0157587148841431,-0.017514034315086));
#8534=CARTESIAN_POINT('',(-0.032,1.40933617535122E-18,-0.017514034315086));
#8535=CARTESIAN_POINT('',(-0.0270973790667124,-0.0314997004358026,-0.00548377222233436));
#8536=CARTESIAN_POINT('',(-0.0280356926434384,-0.022062127683341,-0.00778356040058438));
#8537=CARTESIAN_POINT('',(-0.032,-0.0157587148866069,-0.0175));
#8538=CARTESIAN_POINT('',(-0.032,1.40933617535122E-18,-0.0175));
#8539=CARTESIAN_POINT('',(-0.0270973790667124,-0.0314997003846019,-0.0038138804075188));
#8540=CARTESIAN_POINT('',(-0.0280356926434384,-0.0220621275754852,-0.00609833666458048));
#8541=CARTESIAN_POINT('',(-0.032,-0.0157587151938189,-0.01575));
#8542=CARTESIAN_POINT('',(-0.032,1.40933617535122E-18,-0.01575));
#8543=CARTESIAN_POINT('',(-0.0270973790667124,-0.0315002994836809,-0.00214398859270323));
#8544=CARTESIAN_POINT('',(-0.0280356926434384,-0.0220633895954227,-0.00441311292857658));
#8545=CARTESIAN_POINT('',(-0.032,-0.0157551205089755,-0.014));
#8546=CARTESIAN_POINT('',(-0.032,1.40933617535122E-18,-0.014));
#8547=CARTESIAN_POINT('',(-0.0270973790667124,-0.0315002995349111,-0.00047409677788767));
#8548=CARTESIAN_POINT('',(-0.0280356926434384,-0.0220633897033407,-0.00272788919257269));
#8549=CARTESIAN_POINT('',(-0.032,-0.0157551202015864,-0.01225));
#8550=CARTESIAN_POINT('',(-0.032,1.40933617535122E-18,-0.01225));
#8551=CARTESIAN_POINT('',(-0.0270973790667124,-0.0315002995362957,-0.000428965487017208));
#8552=CARTESIAN_POINT('',(-0.0280356926434384,-0.0220633897062574,-0.00268234353390389));
#8553=CARTESIAN_POINT('',(-0.032,-0.0157551201932787,-0.0122027036671941));
#8554=CARTESIAN_POINT('',(-0.032,1.40933617535122E-18,-0.0122027036671941));
#8555=CARTESIAN_POINT('',(-0.0270973790667124,-0.0315002995376802,-0.000383834196146747));
#8556=CARTESIAN_POINT('',(-0.0280356926434384,-0.022063389709174,-0.0026367978752351));
#8557=CARTESIAN_POINT('',(-0.032,-0.0157551201849711,-0.0121554073343883));
#8558=CARTESIAN_POINT('',(-0.032,1.40933617535122E-18,-0.0121554073343883));
#8559=CARTESIAN_POINT('',(-0.0270973790667124,-0.0315002995390648,-0.000338702905276286));
#8560=CARTESIAN_POINT('',(-0.0280356926434384,-0.0220633897120906,-0.00259125221656631));
#8561=CARTESIAN_POINT('',(-0.032,-0.0157551201766635,-0.0121081110015824));
#8562=CARTESIAN_POINT('',(-0.032,1.40933617535122E-18,-0.0121081110015824));
#8563=CARTESIAN_POINT('',(-0.0315765515654367,-0.00845488450220313,-0.0112328934659999));
#8564=CARTESIAN_POINT('',(-0.0317214792608173,-0.00707662044770919,-0.0115810041068651));
#8565=CARTESIAN_POINT('',(-0.0319347070013235,-0.00427743746390529,-0.012004880985596));
#8566=CARTESIAN_POINT('',(-0.032,-0.00142557179907707,-0.012140328345122));
#8567=CARTESIAN_POINT('',(-0.032,1.40933617535122E-18,-0.012140328345122));
#8568=CARTESIAN_POINT('',(-0.0269,-0.0355,-0.005));
#8569=CARTESIAN_POINT('',(-0.0269,-0.023583987010774,-0.005));
#8570=CARTESIAN_POINT('',(-0.032,-0.0178740194838389,-0.0175));
#8571=CARTESIAN_POINT('',(-0.032,1.40933617535122E-18,-0.0175));
#8572=CARTESIAN_POINT('',(-0.0274000044023993,-0.0291401187261974,-0.00622550098627287));
#8573=CARTESIAN_POINT('',(-0.0274000044023993,-0.0291401187261979,-0.00622550098627268));
#8574=CARTESIAN_POINT('',(-0.0272799934048103,-0.0299085507613488,-0.00593135638433893));
#8575=CARTESIAN_POINT('',(-0.0271774944121239,-0.0306939596650222,-0.0056846757150104));
#8576=CARTESIAN_POINT('',(-0.0270974088512515,-0.0314994008740018,-0.00549327830377305));
#8577=CARTESIAN_POINT('',(-0.0249779321905036,-0.0292896693695458,-0.00616937111918302));
#8578=CARTESIAN_POINT('',(-0.0256344561872514,-0.0209941121739483,-0.00927604464763819));
#8579=CARTESIAN_POINT('',(-0.0273724,-0.0144913850518223,-0.0175));
#8580=CARTESIAN_POINT('',(-0.0273724,1.40933617535122E-18,-0.0175));
#8581=CARTESIAN_POINT('',(-0.0251555180054663,-0.029289519604032,-0.00616937111918302));
#8582=CARTESIAN_POINT('',(-0.0258572679198835,-0.0209939896501299,-0.00927604464763819));
#8583=CARTESIAN_POINT('',(-0.0277149333333333,-0.0144921356962951,-0.0175));
#8584=CARTESIAN_POINT('',(-0.0277149333333333,1.40933617535122E-18,-0.0175));
#8585=CARTESIAN_POINT('',(-0.025333103820429,-0.0292893679416268,-0.00616937111918302));
#8586=CARTESIAN_POINT('',(-0.0260800796525156,-0.0209938653727959,-0.00927604464763819));
#8587=CARTESIAN_POINT('',(-0.0280574666666667,-0.014492894780571,-0.0175));
#8588=CARTESIAN_POINT('',(-0.0280574666666667,1.40933617535122E-18,-0.0175));
#8589=CARTESIAN_POINT('',(-0.0257180689444178,-0.0292890555338677,-0.00616937111918302));
#8590=CARTESIAN_POINT('',(-0.0265630841441576,-0.0209936109680926,-0.00927604464763819));
#8591=CARTESIAN_POINT('',(-0.0288,-0.0144944668432257,-0.0175));
#8592=CARTESIAN_POINT('',(-0.0288,1.40933617535122E-18,-0.0175));
#8593=CARTESIAN_POINT('',(-0.0259254482534439,-0.0292888972097848,-0.00616937111918302));
#8594=CARTESIAN_POINT('',(-0.0268232769031674,-0.020993482214826,-0.00927604464763819));
#8595=CARTESIAN_POINT('',(-0.0292,-0.0144952644735124,-0.0175));
#8596=CARTESIAN_POINT('',(-0.0292,1.40933617535122E-18,-0.0175));
#8597=CARTESIAN_POINT('',(-0.0263402068714961,-0.0292886279524094,-0.00616937111918302));
#8598=CARTESIAN_POINT('',(-0.0273436624211871,-0.020993259646644,-0.00927604464763819));
#8599=CARTESIAN_POINT('',(-0.03,-0.0144966019157595,-0.0175));
#8600=CARTESIAN_POINT('',(-0.03,1.40933617535122E-18,-0.0175));
#8601=CARTESIAN_POINT('',(-0.0265475861805222,-0.0292885228261847,-0.00616937111918302));
#8602=CARTESIAN_POINT('',(-0.027603855180197,-0.0209931749390073,-0.00927604464763819));
#8603=CARTESIAN_POINT('',(-0.0304,-0.0144971356868533,-0.0175));
#8604=CARTESIAN_POINT('',(-0.0304,1.40933617535122E-18,-0.0175));
#8605=CARTESIAN_POINT('',(-0.0269623447985745,-0.0292883843008979,-0.00616937111918302));
#8606=CARTESIAN_POINT('',(-0.0281242406982167,-0.0209930616991575,-0.00927604464763819));
#8607=CARTESIAN_POINT('',(-0.0312,-0.0144978304612691,-0.0175));
#8608=CARTESIAN_POINT('',(-0.0312,1.40933617535122E-18,-0.0175));
#8609=CARTESIAN_POINT('',(-0.0271697241076006,-0.029288353330609,-0.00616937111918302));
#8610=CARTESIAN_POINT('',(-0.0283844334572265,-0.0209930363819684,-0.00927604464763819));
#8611=CARTESIAN_POINT('',(-0.0316,-0.0144979857929412,-0.0175));
#8612=CARTESIAN_POINT('',(-0.0316,1.40933617535122E-18,-0.0175));
#8613=CARTESIAN_POINT('',(-0.0273771034166267,-0.0292883538457155,-0.00616937111918302));
#8614=CARTESIAN_POINT('',(-0.0286446262162364,-0.0209930368030511,-0.00927604464763819));
#8615=CARTESIAN_POINT('',(-0.032,-0.014497983209421,-0.0175));
#8616=CARTESIAN_POINT('',(-0.032,1.40933617535122E-18,-0.0175));
#8617=CARTESIAN_POINT('',(-0.0274006082864287,-0.0211212391607544,-0.0105544852125127));
#8618=CARTESIAN_POINT('',(-0.0276414820351292,-0.0210127326403257,-0.0106212406829844));
#8619=CARTESIAN_POINT('',(-0.0279995481535053,-0.020658780160625,-0.0108388635641711));
#8620=CARTESIAN_POINT('',(-0.0284161127346904,-0.0198109602622136,-0.0113567357338936));
#8621=CARTESIAN_POINT('',(-0.0285664126537174,-0.0186638521268545,-0.0120449077675063));
#8622=CARTESIAN_POINT('',(-0.0283821452008946,-0.017514953859032,-0.0127023328065735));
#8623=CARTESIAN_POINT('',(-0.0279718899584993,-0.0166416692942529,-0.01317920915984));
#8624=CARTESIAN_POINT('',(-0.02763419514978,-0.0162596441106312,-0.0133805575091656));
#8625=CARTESIAN_POINT('',(-0.0274018830202786,-0.0161358371654293,-0.0134451609038483));
#8626=CARTESIAN_POINT('',(-0.0274006082864287,-0.0211212391607544,-0.0105544852125127));
#8627=CARTESIAN_POINT('',(-0.0274018830202629,-0.0161358371654437,-0.0134451609038408));
#8628=CARTESIAN_POINT('',(-0.0274006082864288,-0.0211212391607544,-0.0105544852125127));
#8629=CARTESIAN_POINT('',(-0.0273996714189479,-0.0237114327382098,-0.00896176525537646));
#8630=CARTESIAN_POINT('',(-0.027399619665675,-0.0262756153108169,-0.00732199079139787));
#8631=CARTESIAN_POINT('',(-0.0274000044023989,-0.0291401187261974,-0.00622550098627287));
#8632=CARTESIAN_POINT('',(-0.0274,1.40933617535122E-18,-0.0175));
#8633=CARTESIAN_POINT('',(-0.0274,-0.00069491464520406,-0.0175));
#8634=CARTESIAN_POINT('',(-0.0274000595034288,-0.00211576450329572,-0.0174610569178556));
#8635=CARTESIAN_POINT('',(-0.0274003753237178,-0.00488853446715943,-0.0172182381218981));
#8636=CARTESIAN_POINT('',(-0.0274013359046986,-0.00967703383813907,-0.0163502439412664));
#8637=CARTESIAN_POINT('',(-0.0274021157921886,-0.0136382121813219,-0.0147504319613948));
#8638=CARTESIAN_POINT('',(-0.027401883020263,-0.0161358371654437,-0.0134451609038408));
#8639=CARTESIAN_POINT('',(-0.0224,-0.01025,0.));
#8640=CARTESIAN_POINT('',(-0.0224,-6.73555739531044E-19,0.));
#8641=CARTESIAN_POINT('',(-0.024,-6.73555739531044E-19,0.));
#8642=CARTESIAN_POINT('',(-0.025,-6.73555739531044E-19,0.));
#8643=CARTESIAN_POINT('',(-0.018,2.000000000002E-6,0.));
#8644=CARTESIAN_POINT('',(-0.022481572337335,0.000208421718550352,0.0216005171890849));
#8645=CARTESIAN_POINT('',(-0.023231475554463,0.000208421718550352,0.0175));
#8646=CARTESIAN_POINT('',(-0.0274,0.000208421718550352,0.0175));
#8647=CARTESIAN_POINT('',(-0.022481572337335,-0.000157763661962138,0.0216005171890849));
#8648=CARTESIAN_POINT('',(-0.023231475554463,-0.000157763661962124,0.0175));
#8649=CARTESIAN_POINT('',(-0.0274,-0.000157763661962142,0.0175));
#8650=CARTESIAN_POINT('',(-0.0224815724324751,-0.000869663904390688,0.0215966940636868));
#8651=CARTESIAN_POINT('',(-0.0232314768246019,-0.000778159091559408,0.017496534761558));
#8652=CARTESIAN_POINT('',(-0.0274000053907252,-0.000778158269669216,0.0174965392751383));
#8653=CARTESIAN_POINT('',(-0.0224815735560954,-0.00229999568791247,0.0215474861731442));
#8654=CARTESIAN_POINT('',(-0.0232314918252405,-0.00207492900671161,0.0174522111722926));
#8655=CARTESIAN_POINT('',(-0.0274000690560114,-0.00207492737191445,0.0174522688487086));
#8656=CARTESIAN_POINT('',(-0.0224815763387916,-0.00407501802091001,0.0214163089790029));
#8657=CARTESIAN_POINT('',(-0.0232315289756081,-0.00365755521453515,0.0173346076826195));
#8658=CARTESIAN_POINT('',(-0.0274002267253011,-0.0036575576036297,0.0173347974967131));
#8659=CARTESIAN_POINT('',(-0.02248158147379,-0.00619255913925747,0.0211390625916881));
#8660=CARTESIAN_POINT('',(-0.0232315975328101,-0.00554320490679614,0.0170876089755929));
#8661=CARTESIAN_POINT('',(-0.0274005176747898,-0.00554325121602544,0.0170880388415845));
#8662=CARTESIAN_POINT('',(-0.0224815898546252,-0.0089954808167379,0.0206046870083525));
#8663=CARTESIAN_POINT('',(-0.023231709431616,-0.00802749631140909,0.0166133489512267));
#8664=CARTESIAN_POINT('',(-0.0274009925265852,-0.00802763060014533,0.0166141674614096));
#8665=CARTESIAN_POINT('',(-0.0224816015095818,-0.0124733114042726,0.0196131955696172));
#8666=CARTESIAN_POINT('',(-0.0232318650595951,-0.0111053830095174,0.0157358491801473));
#8667=CARTESIAN_POINT('',(-0.0274016528723005,-0.0111057503445949,0.0157371853500415));
#8668=CARTESIAN_POINT('',(-0.0224816091261098,-0.0165657452512123,0.0178978285148368));
#8669=CARTESIAN_POINT('',(-0.0232319667720313,-0.0147713344855019,0.014201322873049));
#8670=CARTESIAN_POINT('',(-0.0274020843984727,-0.0147720829103052,0.0142028981496867));
#8671=CARTESIAN_POINT('',(-0.0224816017744874,-0.0204630099125614,0.0157869576119002));
#8672=CARTESIAN_POINT('',(-0.0232318685964955,-0.0183721228590214,0.0122557075660284));
#8673=CARTESIAN_POINT('',(-0.0274016678819172,-0.0183729577791799,0.0122568309716461));
#8674=CARTESIAN_POINT('',(-0.0224815798061304,-0.0236469519838587,0.0138090940457751));
#8675=CARTESIAN_POINT('',(-0.0232315752666697,-0.021466033124975,0.0103364079466657));
#8676=CARTESIAN_POINT('',(-0.0274004231867324,-0.0214663055011945,0.0103366536770666));
#8677=CARTESIAN_POINT('',(-0.0224815664763031,-0.0262398414032258,0.0122279448927822));
#8678=CARTESIAN_POINT('',(-0.0232313973104896,-0.024146704807837,0.00870135402777429));
#8679=CARTESIAN_POINT('',(-0.0273996679063844,-0.0241465844962934,0.00870110411713043));
#8680=CARTESIAN_POINT('',(-0.022481563900493,-0.0282466478287653,0.011096781213832));
#8681=CARTESIAN_POINT('',(-0.0232313629249707,-0.0263353043523819,0.0074659530085134));
#8682=CARTESIAN_POINT('',(-0.0273995219560021,-0.0263351028223872,0.00746560794403989));
#8683=CARTESIAN_POINT('',(-0.0224815738356341,-0.0303775603027205,0.0100890311182682));
#8684=CARTESIAN_POINT('',(-0.0232314955571725,-0.0288233835165653,0.0062823699512247));
#8685=CARTESIAN_POINT('',(-0.0274000848959712,-0.0288233964380088,0.00628244184094118));
#8686=CARTESIAN_POINT('',(-0.0224815723998102,-0.0319165927024222,0.00959107090329988));
#8687=CARTESIAN_POINT('',(-0.023231476388235,-0.0307759515321944,0.00564496201657891));
#8688=CARTESIAN_POINT('',(-0.0274000035380313,-0.0307759523874982,0.00564496484438136));
#8689=CARTESIAN_POINT('',(-0.0224815723824639,-0.0326896462931072,0.00941622675096935));
#8690=CARTESIAN_POINT('',(-0.0232314761569439,-0.0317850655975123,0.00541672797705283));
#8691=CARTESIAN_POINT('',(-0.0274000025570495,-0.0317850660677963,0.00541673005635902));
#8692=CARTESIAN_POINT('',(-0.0224891978088609,-0.0320190576981359,0.00954347504638372));
#8693=CARTESIAN_POINT('',(-0.0226940111952334,-0.0318729589400537,0.00847373246822368));
#8694=CARTESIAN_POINT('',(-0.023846592733612,-0.031614155615505,0.00644653142636457));
#8695=CARTESIAN_POINT('',(-0.0259934510044961,-0.0315091297635075,0.00555971378182957));
#8696=CARTESIAN_POINT('',(-0.0270977800130373,-0.0315010978869112,0.00549284145208359));
#8697=CARTESIAN_POINT('',(-0.0224891978088609,-0.0320190576981354,0.00954347504638389));
#8698=CARTESIAN_POINT('',(-0.0224891978088609,-0.0320190576981354,0.00954347504638389));
#8699=CARTESIAN_POINT('',(-0.0224931232264011,-0.0319042897050338,0.00955413759965351));
#8700=CARTESIAN_POINT('',(-0.022497356148792,-0.0317895743145675,0.00956522701639904));
#8701=CARTESIAN_POINT('',(-0.0225019261279738,-0.0316749099178842,0.00957671532364633));
#8702=CARTESIAN_POINT('',(-0.0225019261279738,-0.0316749099178842,0.00957671532364633));
#8703=CARTESIAN_POINT('',(-0.0225019261279738,-0.0316749099178843,0.00957671532364633));
#8704=CARTESIAN_POINT('',(-0.0226124623695099,-0.0289014680830368,0.00985458842857565));
#8705=CARTESIAN_POINT('',(-0.023220659762962,-0.0235989819618003,0.0112316546700445));
#8706=CARTESIAN_POINT('',(-0.0249727673689267,-0.0160490112238966,0.0143111272009107));
#8707=CARTESIAN_POINT('',(-0.0263519700432759,-0.00958818029135642,0.0164475358026811));
#8708=CARTESIAN_POINT('',(-0.0271104383015346,-0.00415915710693414,0.0173499252561027));
#8709=CARTESIAN_POINT('',(-0.0273367669338916,-0.00137453524149434,0.0174999999999926));
#8710=CARTESIAN_POINT('',(-0.0274,2.67712006806544E-14,0.0175));
#8711=CARTESIAN_POINT('',(-0.0274,-0.061,0.0104836994023243));
#8712=CARTESIAN_POINT('',(-0.0224867432165483,-0.061,0.0095563872758716));
#8713=CARTESIAN_POINT('',(-0.0224867432165483,-0.0320199085333934,0.0095563872758716));
#8714=CARTESIAN_POINT('',(-0.0224891978088571,-0.0320190576979847,0.00954347504640376));
#8715=CARTESIAN_POINT('',(-0.0224883776238896,-0.032019642757424,0.00954775888154371));
#8716=CARTESIAN_POINT('',(-0.0224875594131902,-0.0320199294620742,0.00955206275171952));
#8717=CARTESIAN_POINT('',(-0.0224867432165483,-0.0320199085333924,0.00955638727587174));
#8718=CARTESIAN_POINT('',(-0.0274,-0.061,-0.0104836994023356));
#8719=CARTESIAN_POINT('',(-0.0224867432165496,-0.0320199085333517,-0.00955638727587585));
#8720=CARTESIAN_POINT('',(-0.0224875594131919,-0.0320199294620335,-0.00955206275172196));
#8721=CARTESIAN_POINT('',(-0.0224883776238897,-0.0320196427573826,-0.00954775888155477));
#8722=CARTESIAN_POINT('',(-0.0224891978088574,-0.0320190576979432,-0.00954347504641321));
#8723=CARTESIAN_POINT('',(-0.0224891978088574,-0.0320190576979425,-0.00954347504641342));
#8724=CARTESIAN_POINT('',(-0.0224867432165496,-0.0320199085333517,-0.00955638727587585));
#8725=CARTESIAN_POINT('',(-0.0224867432165496,-0.061,-0.00955638727587585));
#8726=CARTESIAN_POINT('',(-0.0224891978088613,-0.0320190576980944,-0.00954347504639328));
#8727=CARTESIAN_POINT('',(-0.0226940111952274,-0.0318729589400161,-0.00847373246826882));
#8728=CARTESIAN_POINT('',(-0.0238465927343955,-0.0316141556154275,-0.00644653142611539));
#8729=CARTESIAN_POINT('',(-0.0259934510034114,-0.0315091297634692,-0.00555971378190862));
#8730=CARTESIAN_POINT('',(-0.0270977800130282,-0.0315010978868648,-0.00549284145209548));
#8731=CARTESIAN_POINT('',(-0.0274,0.000208421718550173,-0.0175));
#8732=CARTESIAN_POINT('',(-0.0232314755544819,0.000208421718550173,-0.0175));
#8733=CARTESIAN_POINT('',(-0.022481572337339,0.000208421718550173,-0.021600517189063));
#8734=CARTESIAN_POINT('',(-0.0274,-0.000157763661961957,-0.0175));
#8735=CARTESIAN_POINT('',(-0.0232314755544819,-0.000157763661961954,-0.0175));
#8736=CARTESIAN_POINT('',(-0.022481572337339,-0.000157763661961956,-0.021600517189063));
#8737=CARTESIAN_POINT('',(-0.0274000053907251,-0.000778158269668466,-0.0174965392751383));
#8738=CARTESIAN_POINT('',(-0.0232314768246208,-0.00077815909155865,-0.017496534761558));
#8739=CARTESIAN_POINT('',(-0.0224815724324791,-0.000869663904389357,-0.0215966940636649));
#8740=CARTESIAN_POINT('',(-0.0274000690560114,-0.00207492737191238,-0.0174522688487088));
#8741=CARTESIAN_POINT('',(-0.0232314918252594,-0.00207492900670955,-0.0174522111722927));
#8742=CARTESIAN_POINT('',(-0.0224815735560994,-0.00229999568790898,-0.0215474861731225));
#8743=CARTESIAN_POINT('',(-0.0274002267253011,-0.00365755760362609,-0.0173347974967134));
#8744=CARTESIAN_POINT('',(-0.023231528975627,-0.00365755521453155,-0.0173346076826199));
#8745=CARTESIAN_POINT('',(-0.0224815763387956,-0.00407501802090375,-0.0214163089789815));
#8746=CARTESIAN_POINT('',(-0.0274005176747898,-0.00554325121602015,-0.0170880388415854));
#8747=CARTESIAN_POINT('',(-0.0232315975328289,-0.00554320490679085,-0.0170876089755938));
#8748=CARTESIAN_POINT('',(-0.022481581473794,-0.00619255913924805,-0.0211390625916674));
#8749=CARTESIAN_POINT('',(-0.0274009925265852,-0.00802763060013754,-0.0166141674614114));
#8750=CARTESIAN_POINT('',(-0.0232317094316348,-0.00802749631140128,-0.0166133489512285));
#8751=CARTESIAN_POINT('',(-0.0224815898546293,-0.00899548081672393,-0.0206046870083332));
#8752=CARTESIAN_POINT('',(-0.0274016528723006,-0.0111057503445843,-0.0157371853500451));
#8753=CARTESIAN_POINT('',(-0.0232318650596141,-0.0111053830095069,-0.0157358491801509));
#8754=CARTESIAN_POINT('',(-0.0224816015095859,-0.0124733114042533,-0.0196131955696005));
#8755=CARTESIAN_POINT('',(-0.0274020843984724,-0.0147720829102911,-0.0142028981496934));
#8756=CARTESIAN_POINT('',(-0.0232319667720496,-0.0147713344854874,-0.0142013228730556));
#8757=CARTESIAN_POINT('',(-0.0224816091261137,-0.016565745251187,-0.0178978285148244));
#8758=CARTESIAN_POINT('',(-0.0274016678819184,-0.0183729577791627,-0.0122568309716564));
#8759=CARTESIAN_POINT('',(-0.0232318685965162,-0.0183721228590055,-0.0122557075660389));
#8760=CARTESIAN_POINT('',(-0.0224816017744918,-0.0204630099125321,-0.0157869576118922));
#8761=CARTESIAN_POINT('',(-0.0274004231867293,-0.0214663055011717,-0.0103366536770805));
#8762=CARTESIAN_POINT('',(-0.0232315752666829,-0.0214660331249488,-0.0103364079466784));
#8763=CARTESIAN_POINT('',(-0.0224815798061333,-0.0236469519838237,-0.0138090940457705));
#8764=CARTESIAN_POINT('',(-0.0273996679063896,-0.024146584496269,-0.00870110411714568));
#8765=CARTESIAN_POINT('',(-0.023231397310518,-0.0241467048078172,-0.00870135402779221));
#8766=CARTESIAN_POINT('',(-0.0224815664763089,-0.0262398414031923,-0.0122279448927779));
#8767=CARTESIAN_POINT('',(-0.0273995219559824,-0.0263351028223485,-0.00746560794405826));
#8768=CARTESIAN_POINT('',(-0.0232313629249534,-0.0263353043523292,-0.00746595300851963));
#8769=CARTESIAN_POINT('',(-0.0224815639004903,-0.0282466478287182,-0.0110967812138284));
#8770=CARTESIAN_POINT('',(-0.0274000848960444,-0.0288233964379964,-0.00628244184095154));
#8771=CARTESIAN_POINT('',(-0.0232314955573273,-0.0288233835165902,-0.00628236995128909));
#8772=CARTESIAN_POINT('',(-0.0224815738356644,-0.0303775603027104,-0.0100890311182591));
#8773=CARTESIAN_POINT('',(-0.0274000035378736,-0.0307759523873941,-0.00564496484440784));
#8774=CARTESIAN_POINT('',(-0.0232314763879606,-0.0307759515320367,-0.00564496201648));
#8775=CARTESIAN_POINT('',(-0.0224815723997573,-0.0319165927023186,-0.00959107090329256));
#8776=CARTESIAN_POINT('',(-0.0274000025570496,-0.031785066067749,-0.00541673005636972));
#8777=CARTESIAN_POINT('',(-0.0232314761569629,-0.031785065597465,-0.0054167279770636));
#8778=CARTESIAN_POINT('',(-0.022481572382468,-0.0326896462930661,-0.00941622675095621));
#8779=CARTESIAN_POINT('',(-0.0274006082864287,-0.0211212391607544,-0.0105544852125127));
#8780=CARTESIAN_POINT('',(-0.0270945648389338,-0.0212591027086372,-0.0104696686875383));
#8781=CARTESIAN_POINT('',(-0.0263345758278171,-0.0213252010259655,-0.0105251448611139));
#8782=CARTESIAN_POINT('',(-0.0256801617008721,-0.0206965075277445,-0.0111688759671099));
#8783=CARTESIAN_POINT('',(-0.0254870194913612,-0.0198766325846752,-0.0117613112306022));
#8784=CARTESIAN_POINT('',(-0.0254987825746425,-0.0189987349263673,-0.0122791390242111));
#8785=CARTESIAN_POINT('',(-0.025662688846736,-0.0180910461370799,-0.0127302735959212));
#8786=CARTESIAN_POINT('',(-0.0259026906754089,-0.0173532374327235,-0.0130482109209022));
#8787=CARTESIAN_POINT('',(-0.0261907403972683,-0.016771218984919,-0.0132741335551712));
#8788=CARTESIAN_POINT('',(-0.0264718572300333,-0.0163680711548116,-0.0134179158715016));
#8789=CARTESIAN_POINT('',(-0.0268779163985509,-0.0160250832734901,-0.0135238302133935));
#8790=CARTESIAN_POINT('',(-0.027252247756031,-0.0160560915016966,-0.0134867727906447));
#8791=CARTESIAN_POINT('',(-0.0274018830202629,-0.0161358371654209,-0.0134451609038527));
#8792=CARTESIAN_POINT('',(-0.0225019261279738,-0.0316749099178843,-0.00957671532364632));
#8793=CARTESIAN_POINT('',(-0.0226124599324054,-0.028901529231919,-0.00985458230202575));
#8794=CARTESIAN_POINT('',(-0.0232206616175313,-0.0235991374252109,-0.0112316006358895));
#8795=CARTESIAN_POINT('',(-0.0249725856232767,-0.0160494022197115,-0.0143109855969163));
#8796=CARTESIAN_POINT('',(-0.0263521698241046,-0.00958849546468164,-0.0164474060367101));
#8797=CARTESIAN_POINT('',(-0.027109855221171,-0.00416010300950509,-0.0173498397279412));
#8798=CARTESIAN_POINT('',(-0.027337844683385,-0.00137455251408163,-0.0174999999999992));
#8799=CARTESIAN_POINT('',(-0.0274,2.74778515063004E-15,-0.0175));
#8800=CARTESIAN_POINT('',(-0.0225019261279738,-0.0316749099178842,-0.00957671532364632));
#8801=CARTESIAN_POINT('',(-0.0225019261279738,-0.0316749099178842,-0.00957671532364632));
#8802=CARTESIAN_POINT('',(-0.0224973561487945,-0.031789574314503,-0.00956522701640549));
#8803=CARTESIAN_POINT('',(-0.0224931232263968,-0.031904289704905,-0.00955413759967221));
#8804=CARTESIAN_POINT('',(-0.0224891978088584,-0.032019057697942,-0.00954347504640811));
#8805=CARTESIAN_POINT('',(0.0274,-0.0609999999984308,-0.0104836994023243));
#8806=CARTESIAN_POINT('',(0.0224867432165483,-0.0609999999984308,-0.0095563872758716));
#8807=CARTESIAN_POINT('',(0.0224867432165483,-0.0320199085333942,-0.00955638727587161));
#8808=CARTESIAN_POINT('',(0.022489197808856,-0.0320190576979839,-0.00954347504640953));
#8809=CARTESIAN_POINT('',(0.0224883776238883,-0.0320196427574232,-0.00954775888155095));
#8810=CARTESIAN_POINT('',(0.0224875594131906,-0.032019929462076,-0.00955206275171777));
#8811=CARTESIAN_POINT('',(0.0224867432165483,-0.0320199085333942,-0.00955638727587161));
#8812=CARTESIAN_POINT('',(0.022489197808856,-0.0320190576979839,-0.00954347504640953));
#8813=CARTESIAN_POINT('',(0.0224891978088599,-0.0320190576981386,-0.00954347504638903));
#8814=CARTESIAN_POINT('',(0.0226940111952178,-0.0318729589400638,-0.00847373246829899));
#8815=CARTESIAN_POINT('',(0.0238465927343234,-0.0316141556154851,-0.00644653142620379));
#8816=CARTESIAN_POINT('',(0.0259934510032232,-0.0315091297635229,-0.00555971378195767));
#8817=CARTESIAN_POINT('',(0.0270977800128076,-0.0315010978869129,-0.0054928414520975));
#8818=CARTESIAN_POINT('',(0.0224815723373376,0.000208421718552018,-0.0216005171890705));
#8819=CARTESIAN_POINT('',(0.0232314755544754,0.000208421718552018,-0.0175));
#8820=CARTESIAN_POINT('',(0.0274,0.000208421718552018,-0.0175));
#8821=CARTESIAN_POINT('',(0.0224815723373376,-0.000157763661954615,-0.0216005171890705));
#8822=CARTESIAN_POINT('',(0.0232314755544754,-0.000157763661954622,-0.0175));
#8823=CARTESIAN_POINT('',(0.0274,-0.000157763661954614,-0.0175));
#8824=CARTESIAN_POINT('',(0.0224815724324777,-0.000869663904402627,-0.0215966940636724));
#8825=CARTESIAN_POINT('',(0.0232314768246143,-0.0007781590915708,-0.017496534761558));
#8826=CARTESIAN_POINT('',(0.0274000053907252,-0.000778158269680619,-0.0174965392751383));
#8827=CARTESIAN_POINT('',(0.022481573556098,-0.0022999956879479,-0.0215474861731282));
#8828=CARTESIAN_POINT('',(0.0232314918252529,-0.00207492900674394,-0.0174522111722911));
#8829=CARTESIAN_POINT('',(0.0274000690560114,-0.00207492737194677,-0.0174522688487071));
#8830=CARTESIAN_POINT('',(0.0224815763387943,-0.00407501802101037,-0.0214163089789807));
#8831=CARTESIAN_POINT('',(0.0232315289756205,-0.0036575552146262,-0.0173346076826124));
#8832=CARTESIAN_POINT('',(0.0274002267253011,-0.00365755760372075,-0.0173347974967059));
#8833=CARTESIAN_POINT('',(0.0224815814737926,-0.00619255913948436,-0.0211390625916386));
#8834=CARTESIAN_POINT('',(0.0232315975328225,-0.00554320490699976,-0.0170876089755616));
#8835=CARTESIAN_POINT('',(0.0274005176747898,-0.00554325121622906,-0.0170880388415532));
#8836=CARTESIAN_POINT('',(0.0224815898546279,-0.00899548081715348,-0.0206046870082509));
#8837=CARTESIAN_POINT('',(0.0232317094316284,-0.00802749631177983,-0.0166133489511492));
#8838=CARTESIAN_POINT('',(0.0274009925265853,-0.00802763060051609,-0.0166141674613321));
#8839=CARTESIAN_POINT('',(0.0224816015095845,-0.0124733114053314,-0.0196131955692403));
#8840=CARTESIAN_POINT('',(0.0232318650596076,-0.0111053830104613,-0.0157358491798252));
#8841=CARTESIAN_POINT('',(0.0274016528723007,-0.0111057503455388,-0.0157371853497195));
#8842=CARTESIAN_POINT('',(0.0224816091261124,-0.0165657452518948,-0.0178978285144717));
#8843=CARTESIAN_POINT('',(0.0232319667720433,-0.0147713344861291,-0.0142013228727294));
#8844=CARTESIAN_POINT('',(0.0274020843984724,-0.0147720829109328,-0.0142028981493671));
#8845=CARTESIAN_POINT('',(0.02248160177449,-0.020463009913063,-0.0157869576115856));
#8846=CARTESIAN_POINT('',(0.0232318685965092,-0.0183721228595048,-0.0122557075657424));
#8847=CARTESIAN_POINT('',(0.0274016678819181,-0.0183729577796623,-0.01225683097136));
#8848=CARTESIAN_POINT('',(0.022481579806132,-0.0236469519842306,-0.0138090940455243));
#8849=CARTESIAN_POINT('',(0.0232315752666771,-0.0214660331253527,-0.010336407946426));
#8850=CARTESIAN_POINT('',(0.0274004231867292,-0.0214663055015747,-0.0103366536768277));
#8851=CARTESIAN_POINT('',(0.0224815664763073,-0.026239841403507,-0.0122279448926008));
#8852=CARTESIAN_POINT('',(0.0232313973105102,-0.0241467048081472,-0.00870135402759587));
#8853=CARTESIAN_POINT('',(0.0273996679063893,-0.0241465844966,-0.00870110411694989));
#8854=CARTESIAN_POINT('',(0.0224815639004896,-0.0282466478289691,-0.0110967812137076));
#8855=CARTESIAN_POINT('',(0.0232313629249519,-0.0263353043526111,-0.00746595300837807));
#8856=CARTESIAN_POINT('',(0.0273995219559835,-0.0263351028226276,-0.00746560794391419));
#8857=CARTESIAN_POINT('',(0.0224815738356591,-0.0303775603028961,-0.0100890311181927));
#8858=CARTESIAN_POINT('',(0.0232314955573014,-0.0288233835168119,-0.00628236995118268));
#8859=CARTESIAN_POINT('',(0.0274000848960405,-0.0288233964382252,-0.0062824418408575));
#8860=CARTESIAN_POINT('',(0.0224815723997646,-0.0319165927024714,-0.00959107090326185));
#8861=CARTESIAN_POINT('',(0.0232314763879965,-0.0307759515322313,-0.00564496201646525));
#8862=CARTESIAN_POINT('',(0.0274000035378826,-0.0307759523875806,-0.00564496484436428));
#8863=CARTESIAN_POINT('',(0.0224815723824666,-0.0326896462930847,-0.00941622675095972));
#8864=CARTESIAN_POINT('',(0.0232314761569564,-0.0317850655974871,-0.00541672797705861));
#8865=CARTESIAN_POINT('',(0.0274000025570496,-0.031785066067771,-0.00541673005636473));
#8866=CARTESIAN_POINT('',(0.0274018830202629,-0.016135837165421,-0.0134451609038527));
#8867=CARTESIAN_POINT('',(0.0272532534816784,-0.0160566274867114,-0.013486493109635));
#8868=CARTESIAN_POINT('',(0.0268829160211404,-0.0160234494218367,-0.0135241240022515));
#8869=CARTESIAN_POINT('',(0.0264728849274292,-0.0163662470438521,-0.0134185719515085));
#8870=CARTESIAN_POINT('',(0.0261931134440387,-0.0167678285353783,-0.0132753337207594));
#8871=CARTESIAN_POINT('',(0.0259058105220854,-0.0173446796794167,-0.0130517911272778));
#8872=CARTESIAN_POINT('',(0.0256606799779776,-0.0180982706147684,-0.0127269793002795));
#8873=CARTESIAN_POINT('',(0.025500036867437,-0.0189919600917229,-0.0122825291031045));
#8874=CARTESIAN_POINT('',(0.0254861546419985,-0.0198748264461153,-0.0117628036299583));
#8875=CARTESIAN_POINT('',(0.0256808736286849,-0.0206970468427941,-0.01116833594922));
#8876=CARTESIAN_POINT('',(0.0263323118995067,-0.021324357032264,-0.0105262286180188));
#8877=CARTESIAN_POINT('',(0.0270943765635222,-0.0212591875211581,-0.0104696165091098));
#8878=CARTESIAN_POINT('',(0.0274006082864287,-0.0211212391607545,-0.0105544852125126));
#8879=CARTESIAN_POINT('',(0.022489197808856,-0.0320190576979839,-0.00954347504640953));
#8880=CARTESIAN_POINT('',(0.0224931232263948,-0.0319042897049331,-0.00955413759967481));
#8881=CARTESIAN_POINT('',(0.0224973561487941,-0.0317895743145168,-0.00956522701640412));
#8882=CARTESIAN_POINT('',(0.0225019261279739,-0.0316749099178842,-0.00957671532364633));
#8883=CARTESIAN_POINT('',(0.0225019261279738,-0.0316749099178842,-0.00957671532364632));
#8884=CARTESIAN_POINT('',(0.0225019261279738,-0.0316749099178842,-0.00957671532364632));
#8885=CARTESIAN_POINT('',(0.0226124623695095,-0.0289014680830463,-0.00985458842857468));
#8886=CARTESIAN_POINT('',(0.0232206597629612,-0.0235989819618252,-0.0112316546700363));
#8887=CARTESIAN_POINT('',(0.0249727673689022,-0.0160490112239553,-0.0143111272008878));
#8888=CARTESIAN_POINT('',(0.0263519700432962,-0.00958818029140845,-0.0164475358026647));
#8889=CARTESIAN_POINT('',(0.0271104383014662,-0.00415915710705417,-0.0173499252560875));
#8890=CARTESIAN_POINT('',(0.0273367669340136,-0.00137453524152118,-0.0175000000000001));
#8891=CARTESIAN_POINT('',(0.0274,5.85596061260838E-16,-0.0175));
#8892=CARTESIAN_POINT('',(0.0274,-0.061,0.0104836994023356));
#8893=CARTESIAN_POINT('',(0.0224867432165496,-0.0320199085333523,0.00955638727587586));
#8894=CARTESIAN_POINT('',(0.0224875594131919,-0.0320199294620342,0.00955206275172192));
#8895=CARTESIAN_POINT('',(0.0224883776238897,-0.0320196427573827,0.00954775888155493));
#8896=CARTESIAN_POINT('',(0.0224891978088574,-0.0320190576979433,0.00954347504641334));
#8897=CARTESIAN_POINT('',(0.0224891978088574,-0.0320190576979439,0.00954347504641325));
#8898=CARTESIAN_POINT('',(0.0224867432165496,-0.0320199085333523,0.00955638727587586));
#8899=CARTESIAN_POINT('',(0.0224867432165496,-0.061,0.00955638727587585));
#8900=CARTESIAN_POINT('',(0.0224891978088613,-0.0320190576980958,0.00954347504639312));
#8901=CARTESIAN_POINT('',(0.0226940111952275,-0.0318729589400159,0.00847373246826836));
#8902=CARTESIAN_POINT('',(0.0238465927343969,-0.0316141556154275,0.00644653142611424));
#8903=CARTESIAN_POINT('',(0.0259934510034117,-0.0315091297634692,0.0055597137819086));
#8904=CARTESIAN_POINT('',(0.0270977800130282,-0.0315010978868648,0.00549284145209548));
#8905=CARTESIAN_POINT('',(0.0274,0.000208421718550149,0.0175));
#8906=CARTESIAN_POINT('',(0.0232314755544819,0.000208421718550149,0.0175));
#8907=CARTESIAN_POINT('',(0.022481572337339,0.000208421718550149,0.0216005171890629));
#8908=CARTESIAN_POINT('',(0.0274,-0.00015776366196198,0.0175));
#8909=CARTESIAN_POINT('',(0.0232314755544819,-0.000157763661961966,0.0175));
#8910=CARTESIAN_POINT('',(0.022481572337339,-0.000157763661961978,0.0216005171890629));
#8911=CARTESIAN_POINT('',(0.0274000053907251,-0.000778158269668481,0.0174965392751383));
#8912=CARTESIAN_POINT('',(0.0232314768246208,-0.000778159091558671,0.017496534761558));
#8913=CARTESIAN_POINT('',(0.0224815724324791,-0.000869663904389375,0.0215966940636649));
#8914=CARTESIAN_POINT('',(0.0274000690560114,-0.0020749273719124,0.0174522688487088));
#8915=CARTESIAN_POINT('',(0.0232314918252594,-0.00207492900670956,0.0174522111722927));
#8916=CARTESIAN_POINT('',(0.0224815735560994,-0.00229999568790899,0.0215474861731224));
#8917=CARTESIAN_POINT('',(0.0274002267253011,-0.00365755760362612,0.0173347974967134));
#8918=CARTESIAN_POINT('',(0.0232315289756271,-0.00365755521453157,0.0173346076826199));
#8919=CARTESIAN_POINT('',(0.0224815763387956,-0.00407501802090377,0.0214163089789814));
#8920=CARTESIAN_POINT('',(0.0274005176747898,-0.00554325121602017,0.0170880388415854));
#8921=CARTESIAN_POINT('',(0.023231597532829,-0.00554320490679087,0.0170876089755938));
#8922=CARTESIAN_POINT('',(0.022481581473794,-0.00619255913924806,0.0211390625916673));
#8923=CARTESIAN_POINT('',(0.0274009925265851,-0.00802763060013755,0.0166141674614113));
#8924=CARTESIAN_POINT('',(0.0232317094316348,-0.00802749631140129,0.0166133489512285));
#8925=CARTESIAN_POINT('',(0.0224815898546292,-0.00899548081672393,0.0206046870083331));
#8926=CARTESIAN_POINT('',(0.0274016528723006,-0.0111057503445843,0.0157371853500451));
#8927=CARTESIAN_POINT('',(0.0232318650596142,-0.0111053830095068,0.015735849180151));
#8928=CARTESIAN_POINT('',(0.022481601509586,-0.0124733114042533,0.0196131955696005));
#8929=CARTESIAN_POINT('',(0.0274020843984724,-0.0147720829102913,0.0142028981496933));
#8930=CARTESIAN_POINT('',(0.0232319667720499,-0.0147713344854878,0.0142013228730556));
#8931=CARTESIAN_POINT('',(0.0224816091261138,-0.0165657452511872,0.0178978285148243));
#8932=CARTESIAN_POINT('',(0.0274016678819182,-0.018372957779162,0.0122568309716565));
#8933=CARTESIAN_POINT('',(0.0232318685965157,-0.0183721228590043,0.0122557075660389));
#8934=CARTESIAN_POINT('',(0.0224816017744915,-0.0204630099125314,0.0157869576118924));
#8935=CARTESIAN_POINT('',(0.0274004231867295,-0.0214663055011737,0.0103366536770799));
#8936=CARTESIAN_POINT('',(0.023231575266684,-0.021466033124952,0.0103364079466781));
#8937=CARTESIAN_POINT('',(0.0224815798061334,-0.0236469519838255,0.0138090940457699));
#8938=CARTESIAN_POINT('',(0.0273996679063893,-0.0241465844962659,0.00870110411714638));
#8939=CARTESIAN_POINT('',(0.0232313973105162,-0.0241467048078124,0.00870135402779217));
#8940=CARTESIAN_POINT('',(0.0224815664763086,-0.0262398414031894,0.0122279448927785));
#8941=CARTESIAN_POINT('',(0.0273995219559836,-0.0263351028223604,0.00746560794405553));
#8942=CARTESIAN_POINT('',(0.0232313629249605,-0.0263353043523462,0.00746595300852039));
#8943=CARTESIAN_POINT('',(0.0224815639004913,-0.0282466478287289,0.0110967812138256));
#8944=CARTESIAN_POINT('',(0.0274000848960397,-0.0288233964379517,0.00628244184096164));
#8945=CARTESIAN_POINT('',(0.0232314955573,-0.0288233835165316,0.0062823699512824));
#8946=CARTESIAN_POINT('',(0.0224815738356589,-0.0303775603026711,0.0100890311182688));
#8947=CARTESIAN_POINT('',(0.0274000035378839,-0.0307759523874908,0.00564496484438597));
#8948=CARTESIAN_POINT('',(0.0232314763880202,-0.0307759515321535,0.0056449620164977));
#8949=CARTESIAN_POINT('',(0.0224815723997696,-0.031916592702402,0.00959107090327197));
#8950=CARTESIAN_POINT('',(0.0274000025570496,-0.031785066067749,0.00541673005636971));
#8951=CARTESIAN_POINT('',(0.023231476156963,-0.031785065597465,0.00541672797706365));
#8952=CARTESIAN_POINT('',(0.0224815723824681,-0.0326896462930661,0.00941622675095614));
#8953=CARTESIAN_POINT('',(0.0225019261279738,-0.0316749099178842,0.00957671532364632));
#8954=CARTESIAN_POINT('',(0.0226124599324054,-0.028901529231919,0.00985458230202575));
#8955=CARTESIAN_POINT('',(0.0232206616175283,-0.0235991374252108,0.0112316006358895));
#8956=CARTESIAN_POINT('',(0.0249725856232874,-0.016049402219712,0.0143109855969162));
#8957=CARTESIAN_POINT('',(0.0263521698240731,-0.00958849546468019,0.0164474060367104));
#8958=CARTESIAN_POINT('',(0.0271098552212257,-0.00416010300950757,0.0173498397279407));
#8959=CARTESIAN_POINT('',(0.0273378446832642,-0.00137455251407616,0.0175000000000005));
#8960=CARTESIAN_POINT('',(0.0274,2.74778515062995E-15,0.0175));
#8961=CARTESIAN_POINT('',(0.0225019261279738,-0.0316749099178842,0.00957671532364633));
#8962=CARTESIAN_POINT('',(0.0225019261279738,-0.0316749099178843,0.00957671532364633));
#8963=CARTESIAN_POINT('',(0.0224973561487945,-0.0317895743145034,0.00956522701640546));
#8964=CARTESIAN_POINT('',(0.0224931232263967,-0.0319042897049059,0.00955413759967212));
#8965=CARTESIAN_POINT('',(0.0224891978088584,-0.0320190576979434,0.00954347504640798));
#8966=CARTESIAN_POINT('',(0.0130743700382647,-0.0665,-0.015));
#8967=CARTESIAN_POINT('',(0.000574370038264663,-0.0665,-0.015));
#8968=CARTESIAN_POINT('',(-5.52943107967607E-18,-0.0335,-0.0120554968060564));
#8969=CARTESIAN_POINT('',(-0.000574370038264675,-0.0665,-0.015));
#8970=CARTESIAN_POINT('',(-0.0130743700382647,-0.0665,-0.015));
#8971=CARTESIAN_POINT('',(0.000574370038264672,-0.0665,0.015));
#8972=CARTESIAN_POINT('',(-1.7347234759768E-18,-0.0335,0.0120554968060564));
#8973=CARTESIAN_POINT('',(-0.000574370038264676,-0.0665,0.015));
#8974=CARTESIAN_POINT('',(0.0130743700382647,-0.0665,0.015));
#8975=CARTESIAN_POINT('',(-0.0130743700382647,-0.0665,0.015));
#8976=CARTESIAN_POINT('',(0.028,-0.00944,-0.0143415673115863));
#8977=CARTESIAN_POINT('',(0.025255004267557,1.40933617535122E-18,-0.0114321002763941));
#8978=CARTESIAN_POINT('',(0.025255004267557,-0.000983414374968537,-0.0114321002763941));
#8979=CARTESIAN_POINT('',(0.0252902527980834,-0.00245538136302513,-0.0113976022077872));
#8980=CARTESIAN_POINT('',(0.0254309047890553,-0.004411571049156,-0.0112740295871351));
#8981=CARTESIAN_POINT('',(0.0255969588379485,-0.00587229240838531,-0.0111405879260395));
#8982=CARTESIAN_POINT('',(0.0258427371075448,-0.00731045580148915,-0.0109670680604127));
#8983=CARTESIAN_POINT('',(0.026149081647107,-0.00849391182575424,-0.0107882980994283));
#8984=CARTESIAN_POINT('',(0.0264935428525886,-0.00939896264728528,-0.010631270707616));
#8985=CARTESIAN_POINT('',(0.0268341218550934,-0.0100485164453215,-0.0105091410910746));
#8986=CARTESIAN_POINT('',(0.027279445406809,-0.0106280072245106,-0.0103919912766408));
#8987=CARTESIAN_POINT('',(0.0279987665405075,-0.0109825965792442,-0.0103163697311696));
#8988=CARTESIAN_POINT('',(0.0287206273048442,-0.0106305680855416,-0.0103919341605016));
#8989=CARTESIAN_POINT('',(0.0291642561431036,-0.0100540445908486,-0.0105087197298532));
#8990=CARTESIAN_POINT('',(0.0295053308131007,-0.00940598490505654,-0.0106307542104126));
#8991=CARTESIAN_POINT('',(0.0298518642302215,-0.00849602958306682,-0.0107887310372546));
#8992=CARTESIAN_POINT('',(0.0301576150288176,-0.00731304441017034,-0.0109673346240028));
#8993=CARTESIAN_POINT('',(0.0304033646654367,-0.0058744087160271,-0.0111408231892599));
#8994=CARTESIAN_POINT('',(0.0305692292743808,-0.00441360300115318,-0.0112741483841548));
#8995=CARTESIAN_POINT('',(0.0307098099176257,-0.00245624269251538,-0.011397658983408));
#8996=CARTESIAN_POINT('',(0.030744995732443,-0.000983769536297151,-0.0114321002763941));
#8997=CARTESIAN_POINT('',(0.030744995732443,1.46839714096371E-18,-0.0114321002763941));
#8998=CARTESIAN_POINT('',(0.028,-0.00944,0.0143415673115863));
#8999=CARTESIAN_POINT('',(0.030744995732443,1.40933617535122E-18,0.0114321002763941));
#9000=CARTESIAN_POINT('',(0.030744995732443,-0.000985147469284828,0.0114321002763941));
#9001=CARTESIAN_POINT('',(0.0307097179239125,-0.00245966727044166,0.0113975643395608));
#9002=CARTESIAN_POINT('',(0.0305686911470081,-0.0044198371172813,0.0112736876397313));
#9003=CARTESIAN_POINT('',(0.0304022711646921,-0.00588253981973239,0.0111399812706335));
#9004=CARTESIAN_POINT('',(0.0301555959800264,-0.00732302207705498,0.0109660001548818));
#9005=CARTESIAN_POINT('',(0.0298484607733994,-0.00850750128122352,0.0107868935937151));
#9006=CARTESIAN_POINT('',(0.0295000043068177,-0.00941820342322879,0.0106285404716943));
#9007=CARTESIAN_POINT('',(0.0291568251595572,-0.0100658418775854,0.0105064218156673));
#9008=CARTESIAN_POINT('',(0.028709032600428,-0.0106424847184289,0.0103894270935702));
#9009=CARTESIAN_POINT('',(0.0279802475907916,-0.0109822345702453,0.0103164406556865));
#9010=CARTESIAN_POINT('',(0.0272683843595492,-0.0106163742632293,0.0103944291764979));
#9011=CARTESIAN_POINT('',(0.0268267225238638,-0.0100367043147453,0.010511435859429));
#9012=CARTESIAN_POINT('',(0.0264883421588074,-0.00938690566499161,0.010633448667548));
#9013=CARTESIAN_POINT('',(0.0261457401161578,-0.00848265276457276,0.0107900993965435));
#9014=CARTESIAN_POINT('',(0.0258407382718731,-0.00730055115766142,0.0109683917182827));
#9015=CARTESIAN_POINT('',(0.0255958830159574,-0.00586428340910291,0.0111414163873419));
#9016=CARTESIAN_POINT('',(0.0254303688662168,-0.00440536573364154,0.0112744884200477));
#9017=CARTESIAN_POINT('',(0.0252901639909501,-0.00245201366556312,0.011397694002183));
#9018=CARTESIAN_POINT('',(0.025255004267557,-0.000982057954438529,0.0114321002763941));
#9019=CARTESIAN_POINT('',(0.025255004267557,1.68868476261561E-18,0.0114321002763941));
#9020=CARTESIAN_POINT('',(0.0272,-0.0005,0.01225));
#9021=CARTESIAN_POINT('',(0.0278119941992806,-0.0005,0.01225));
#9022=CARTESIAN_POINT('',(0.0278119941992806,-0.0005,0.01225));
#9023=CARTESIAN_POINT('',(0.0272,-0.0005,0.01225));
#9024=CARTESIAN_POINT('',(0.0281880058007194,-0.0005,0.01225));
#9025=CARTESIAN_POINT('',(0.0281880058007194,-0.0005,0.01225));
#9026=CARTESIAN_POINT('',(0.028,-0.0005,0.0143415673115862));
#9027=CARTESIAN_POINT('',(0.028,-0.0005,0.0143415673115862));
#9028=CARTESIAN_POINT('',(1.25000000003594E-8,-0.0005,0.));
#9029=CARTESIAN_POINT('',(0.028,-0.0005,0.0143415673115863));
#9030=CARTESIAN_POINT('',(0.028,-0.0005,0.0162415673115863));
#9031=CARTESIAN_POINT('',(0.028,-0.0005,-0.0143415673115863));
#9032=CARTESIAN_POINT('',(0.028,-0.0005,-0.0143415673115863));
#9033=CARTESIAN_POINT('',(0.028,-0.0005,-0.0122415673115863));
#9034=CARTESIAN_POINT('',(1.25000000003594E-8,-0.0005,0.));
#9035=CARTESIAN_POINT('',(0.028,-0.0005,-0.0143415673115863));
#9036=CARTESIAN_POINT('',(0.028,-0.0005,-0.0124415673115863));
#9037=CARTESIAN_POINT('',(1.25000000003594E-8,-0.0045,0.));
#9038=CARTESIAN_POINT('',(0.028,-0.0045,0.0143415673115863));
#9039=CARTESIAN_POINT('',(0.028,-0.0045,0.0162415673115863));
#9040=CARTESIAN_POINT('',(0.028,-0.0045,0.0143415673115863));
#9041=CARTESIAN_POINT('',(1.25000000003594E-8,-0.0045,0.));
#9042=CARTESIAN_POINT('',(0.028,-0.0045,-0.0143415673115863));
#9043=CARTESIAN_POINT('',(0.028,-0.0045,-0.0124415673115863));
#9044=CARTESIAN_POINT('',(0.028,-0.0045,-0.0143415673115863));
#9045=CARTESIAN_POINT('',(-0.028,-0.00944,0.0143415673115863));
#9046=CARTESIAN_POINT('',(-0.025255004267557,1.40933617535122E-18,0.0114321002763941));
#9047=CARTESIAN_POINT('',(-0.025255004267557,-0.000983419050572756,0.0114321002763941));
#9048=CARTESIAN_POINT('',(-0.0252902564337377,-0.00245540022692287,0.011397599329994));
#9049=CARTESIAN_POINT('',(-0.0254308945292121,-0.00441146275342349,0.0112740381407147));
#9050=CARTESIAN_POINT('',(-0.025596960536888,-0.00587231612614673,0.0111405863431293));
#9051=CARTESIAN_POINT('',(-0.0258427409722948,-0.00731047204401092,0.0109670655399727));
#9052=CARTESIAN_POINT('',(-0.0261490870617261,-0.00849392945159488,0.0107882953487188));
#9053=CARTESIAN_POINT('',(-0.0264935538116368,-0.0093989909718991,0.0106312656648658));
#9054=CARTESIAN_POINT('',(-0.0268341480423812,-0.0100485539718272,0.0105091336835592));
#9055=CARTESIAN_POINT('',(-0.0272794442433313,-0.0106280052216119,0.0103919916179806));
#9056=CARTESIAN_POINT('',(-0.0279987839369248,-0.0109825993331982,0.0103163691095075));
#9057=CARTESIAN_POINT('',(-0.0287206492091776,-0.0106305593038852,0.0103919362876846));
#9058=CARTESIAN_POINT('',(-0.0291643371173823,-0.0100539234898765,0.0105087436495102));
#9059=CARTESIAN_POINT('',(-0.0295053701349226,-0.00940588660355044,0.0106307717010719));
#9060=CARTESIAN_POINT('',(-0.0298518797003482,-0.00849597813653946,0.0107887392122168));
#9061=CARTESIAN_POINT('',(-0.0301576353601391,-0.00731294937118774,0.0109673477130506));
#9062=CARTESIAN_POINT('',(-0.0304033685372063,-0.00587436686475665,0.0111408266663608));
#9063=CARTESIAN_POINT('',(-0.0305692265591311,-0.00441363241287667,0.0112741460538498));
#9064=CARTESIAN_POINT('',(-0.0307098118014084,-0.00245622184271645,0.0113976606093712));
#9065=CARTESIAN_POINT('',(-0.030744995732443,-0.000983762697231571,0.0114321002763941));
#9066=CARTESIAN_POINT('',(-0.030744995732443,2.38976755053144E-18,0.0114321002763941));
#9067=CARTESIAN_POINT('',(-0.028,-0.00944,-0.0143415673115863));
#9068=CARTESIAN_POINT('',(-0.030744995732443,1.40933617535122E-18,-0.0114321002763941));
#9069=CARTESIAN_POINT('',(-0.030744995732443,-0.000985367946017821,-0.0114321002763941));
#9070=CARTESIAN_POINT('',(-0.0307097007007061,-0.00246022192253721,-0.0113975471730135));
#9071=CARTESIAN_POINT('',(-0.0305686143335394,-0.00442072987025345,-0.0112736218752835));
#9072=CARTESIAN_POINT('',(-0.0304020986026141,-0.00588384349535831,-0.0111398476502707));
#9073=CARTESIAN_POINT('',(-0.0301552547809622,-0.00732469690328708,-0.0109657752406445));
#9074=CARTESIAN_POINT('',(-0.0298479176285401,-0.00850932378724189,-0.0107866015471496));
#9075=CARTESIAN_POINT('',(-0.0294991296170419,-0.00942022114087808,-0.0106281750784943));
#9076=CARTESIAN_POINT('',(-0.0291555510345302,-0.010067830764605,-0.0105060336115955));
#9077=CARTESIAN_POINT('',(-0.0287072373728213,-0.0106443263832478,-0.01038903887813));
#9078=CARTESIAN_POINT('',(-0.0279773054754124,-0.0109820861697484,-0.0103164713432897));
#9079=CARTESIAN_POINT('',(-0.0272669614638305,-0.0106147819255958,-0.0103947627599874));
#9080=CARTESIAN_POINT('',(-0.026825630225036,-0.0100349975214127,-0.010511767472514));
#9081=CARTESIAN_POINT('',(-0.0264876101432315,-0.00938518379354442,-0.0106337592687659));
#9082=CARTESIAN_POINT('',(-0.0261452655178814,-0.00848106325999086,-0.0107903533581203));
#9083=CARTESIAN_POINT('',(-0.0258404557556073,-0.0072991484437141,-0.0109685796247552));
#9084=CARTESIAN_POINT('',(-0.0255957308877521,-0.00586313258401672,-0.0111415338185822));
#9085=CARTESIAN_POINT('',(-0.025430312222615,-0.00440469063999428,-0.0112745373789953));
#9086=CARTESIAN_POINT('',(-0.0252901454400823,-0.00245151451155833,-0.011397711628643));
#9087=CARTESIAN_POINT('',(-0.025255004267557,-0.000981861892614255,-0.0114321002763941));
#9088=CARTESIAN_POINT('',(-0.025255004267557,8.51060554368018E-19,-0.0114321002763941));
#9089=CARTESIAN_POINT('',(-0.0272,-0.0005,0.01225));
#9090=CARTESIAN_POINT('',(-0.0281880058007194,-0.0005,0.01225));
#9091=CARTESIAN_POINT('',(-0.0281880058007194,-0.0005,0.01225));
#9092=CARTESIAN_POINT('',(-0.0272,-0.0005,0.01225));
#9093=CARTESIAN_POINT('',(-0.0278119941992806,-0.0005,0.01225));
#9094=CARTESIAN_POINT('',(-0.0278119941992806,-0.0005,0.01225));
#9095=CARTESIAN_POINT('',(-0.028,-0.0005,0.0143415673115862));
#9096=CARTESIAN_POINT('',(-0.028,-0.0005,0.0143415673115862));
#9097=CARTESIAN_POINT('',(-1.25000000003594E-8,-0.0005,0.));
#9098=CARTESIAN_POINT('',(-0.028,-0.0005,0.0143415673115863));
#9099=CARTESIAN_POINT('',(-0.028,-0.0005,0.0162415673115863));
#9100=CARTESIAN_POINT('',(-0.028,-0.0005,-0.0143415673115863));
#9101=CARTESIAN_POINT('',(-0.028,-0.0005,-0.0143415673115863));
#9102=CARTESIAN_POINT('',(-0.028,-0.0005,-0.0122415673115863));
#9103=CARTESIAN_POINT('',(-1.25000000003594E-8,-0.0005,0.));
#9104=CARTESIAN_POINT('',(-0.028,-0.0005,-0.0143415673115863));
#9105=CARTESIAN_POINT('',(-0.028,-0.0005,-0.0124415673115863));
#9106=CARTESIAN_POINT('',(-1.25000000003594E-8,-0.0045,0.));
#9107=CARTESIAN_POINT('',(-0.028,-0.0045,0.0143415673115863));
#9108=CARTESIAN_POINT('',(-0.028,-0.0045,0.0162415673115863));
#9109=CARTESIAN_POINT('',(-0.028,-0.0045,0.0143415673115863));
#9110=CARTESIAN_POINT('',(-1.25000000003594E-8,-0.0045,0.));
#9111=CARTESIAN_POINT('',(-0.028,-0.0045,-0.0143415673115863));
#9112=CARTESIAN_POINT('',(-0.028,-0.0045,-0.0124415673115863));
#9113=CARTESIAN_POINT('',(-0.028,-0.0045,-0.0143415673115863));
#9114=CARTESIAN_POINT('',(-0.025,-0.01025,0.));
#9115=CARTESIAN_POINT('',(-0.025,-0.0096878016434497,0.0108942417082362));
#9116=CARTESIAN_POINT('',(-0.025,-0.00890499303762154,0.0111251468847329));
#9117=CARTESIAN_POINT('',(-0.025,-0.0073051411469465,0.01139586932743));
#9118=CARTESIAN_POINT('',(-0.025,-0.0040584628607998,0.0116293648503111));
#9119=CARTESIAN_POINT('',(-0.025,-0.00162443342102848,0.0116471885364034));
#9120=CARTESIAN_POINT('',(-0.025,-4.11212262118314E-16,0.0116471885364037));
#9121=CARTESIAN_POINT('',(-0.025,1.32462802012194E-18,-0.0116471885364036));
#9122=CARTESIAN_POINT('',(-0.025,-0.00162532293583281,-0.0116471885364036));
#9123=CARTESIAN_POINT('',(-0.025,-0.00406645556898573,-0.0116291274011569));
#9124=CARTESIAN_POINT('',(-0.025,-0.00730343466398127,-0.011395674888995));
#9125=CARTESIAN_POINT('',(-0.025,-0.00890131802121694,-0.0111262309399175));
#9126=CARTESIAN_POINT('',(-0.025,-0.0096878020196453,-0.0108942415972697));
#9127=CARTESIAN_POINT('',(0.025,-0.01025,0.));
#9128=CARTESIAN_POINT('',(0.025,-0.0096878016378144,-0.0108942417098984));
#9129=CARTESIAN_POINT('',(0.025,-0.00890499303233333,-0.0111251468857706));
#9130=CARTESIAN_POINT('',(0.025,-0.00730514114255483,-0.0113958693278647));
#9131=CARTESIAN_POINT('',(0.025,-0.00405846285836644,-0.0116293648503109));
#9132=CARTESIAN_POINT('',(0.025,-0.00162443342004953,-0.0116471885364036));
#9133=CARTESIAN_POINT('',(0.025,3.0380329386115E-18,-0.0116471885364036));
#9134=CARTESIAN_POINT('',(0.025,-1.94873990370689E-18,0.0116471885364037));
#9135=CARTESIAN_POINT('',(0.025,-0.00162532131821311,0.0116471885364037));
#9136=CARTESIAN_POINT('',(0.025,-0.0040664514955268,0.0116291274022851));
#9137=CARTESIAN_POINT('',(0.025,-0.00730342746033389,0.0113956756077184));
#9138=CARTESIAN_POINT('',(0.025,-0.0089013093767776,0.0111262326273073));
#9139=CARTESIAN_POINT('',(0.025,-0.00968779275557865,0.0108942443298882));
#9140=CARTESIAN_POINT('',(-0.0195387891464794,-0.061,-0.009));
#9141=CARTESIAN_POINT('',(-0.0224867432165496,-0.0320199085333518,-0.00955638727587585));
#9142=CARTESIAN_POINT('',(-0.0223570826032498,-0.0320165838128368,-0.0102433791415747));
#9143=CARTESIAN_POINT('',(-0.0216121616244728,-0.0319974584384131,-0.0114993352952588));
#9144=CARTESIAN_POINT('',(-0.0202278030427635,-0.031962647749105,-0.0119999999999997));
#9145=CARTESIAN_POINT('',(-0.0195387891464807,-0.0319455334357744,-0.012));
#9146=CARTESIAN_POINT('',(-0.0225019261279739,-0.0316749099178843,-0.00957671532364633));
#9147=CARTESIAN_POINT('',(-0.0220280621489749,-0.0316467071617871,-0.012));
#9148=CARTESIAN_POINT('',(-0.0195630818047581,-0.0315,-0.012));
#9149=CARTESIAN_POINT('',(-0.0225535465818962,-0.0303797118621747,-0.00970648213324548));
#9150=CARTESIAN_POINT('',(-0.0219919711715657,-0.0304365596267537,-0.0119952734415008));
#9151=CARTESIAN_POINT('',(-0.0196456745506773,-0.0302107571337435,-0.012));
#9152=CARTESIAN_POINT('',(-0.0227260632714911,-0.0278859150847249,-0.0101419941468514));
#9153=CARTESIAN_POINT('',(-0.0219812589732291,-0.0280712114345034,-0.0120933209180763));
#9154=CARTESIAN_POINT('',(-0.0199217012252705,-0.0276686596279842,-0.0121277603759458));
#9155=CARTESIAN_POINT('',(-0.0232247261598546,-0.0242700568662019,-0.0111584261602427));
#9156=CARTESIAN_POINT('',(-0.0223343306703058,-0.0244104878642259,-0.0125801367942175));
#9157=CARTESIAN_POINT('',(-0.0207195618582062,-0.0239385249734235,-0.0126680566547066));
#9158=CARTESIAN_POINT('',(-0.0239273809466731,-0.0206298810034534,-0.0124580674238662));
#9159=CARTESIAN_POINT('',(-0.0230463700548266,-0.0206578060087933,-0.0133916409638406));
#9160=CARTESIAN_POINT('',(-0.021843809514037,-0.0202222115692445,-0.0135044469646011));
#9161=CARTESIAN_POINT('',(-0.0250301124657157,-0.0156879163808367,-0.0143826316490051));
#9162=CARTESIAN_POINT('',(-0.0243184355196845,-0.0156458473811308,-0.0147592533893377));
#9163=CARTESIAN_POINT('',(-0.0236081799455192,-0.0152820746040785,-0.0148681686687105));
#9164=CARTESIAN_POINT('',(-0.0262211767236055,-0.0103364855586292,-0.016268701753899));
#9165=CARTESIAN_POINT('',(-0.0258647169759129,-0.0102635594423617,-0.016344697317639));
#9166=CARTESIAN_POINT('',(-0.0255138827577114,-0.010141178563076,-0.0163680286813099));
#9167=CARTESIAN_POINT('',(-0.0270784002995117,-0.0045070720135602,-0.0173239020866269));
#9168=CARTESIAN_POINT('',(-0.0269816536397371,-0.00449470686633355,-0.0173250262872957));
#9169=CARTESIAN_POINT('',(-0.0268854404792257,-0.00447880124194115,-0.0173252159500902));
#9170=CARTESIAN_POINT('',(-0.027330021162851,-0.0014821214285677,-0.0174999999999992));
#9171=CARTESIAN_POINT('',(-0.0273090275117082,-0.0014805698774973,-0.0175000000006689));
#9172=CARTESIAN_POINT('',(-0.0272880338605731,-0.00147901832634995,-0.0174999999999978));
#9173=CARTESIAN_POINT('',(-0.0274,2.74778515063004E-15,-0.0175));
#9174=CARTESIAN_POINT('',(-0.0274,1.37365536302766E-15,-0.0175));
#9175=CARTESIAN_POINT('',(-0.0274,-4.74424574730389E-19,-0.0175));
#9176=CARTESIAN_POINT('',(-0.0195630818047581,-0.0315,-0.009));
#9177=CARTESIAN_POINT('',(-0.0195630818047581,-0.0315,-0.012));
#9178=CARTESIAN_POINT('',(-0.0220280621489748,-0.0316467071617871,-0.012));
#9179=CARTESIAN_POINT('',(-0.0225019261279738,-0.0316749099178842,-0.00957671532364632));
#9180=CARTESIAN_POINT('',(-0.0195541904543132,-0.0316493928752527,-0.012));
#9181=CARTESIAN_POINT('',(-0.0220316019610276,-0.0317885952727284,-0.0120000000000003));
#9182=CARTESIAN_POINT('',(-0.0224963690338282,-0.0318143418117962,-0.00956274554306148));
#9183=CARTESIAN_POINT('',(-0.019546073085025,-0.0317987954478315,-0.012));
#9184=CARTESIAN_POINT('',(-0.0220354305734762,-0.0319304469537505,-0.0120000000000012));
#9185=CARTESIAN_POINT('',(-0.0224912956782434,-0.0319542187123541,-0.00954932841780665));
#9186=CARTESIAN_POINT('',(-0.0195386563669798,-0.0319482067989729,-0.012));
#9187=CARTESIAN_POINT('',(-0.0220394199470655,-0.0320723436788128,-0.012));
#9188=CARTESIAN_POINT('',(-0.0224866602293624,-0.0320945445032431,-0.00953652446699694));
#9189=CARTESIAN_POINT('',(0.0195387891464773,-0.0609999999984308,-0.009));
#9190=CARTESIAN_POINT('',(0.0224867432165483,-0.0320199085333948,-0.00955638727587161));
#9191=CARTESIAN_POINT('',(0.0223570826032493,-0.0320165838128801,-0.0102433791415716));
#9192=CARTESIAN_POINT('',(0.0216121616244721,-0.0319974584384637,-0.0114993352952584));
#9193=CARTESIAN_POINT('',(0.0202278030427614,-0.0319626477491354,-0.012));
#9194=CARTESIAN_POINT('',(0.0195387891464773,-0.0319455334358167,-0.012));
#9195=CARTESIAN_POINT('',(0.0225019261279738,-0.0316749099178843,-0.00957671532364632));
#9196=CARTESIAN_POINT('',(0.0220280621489749,-0.0316467071617871,-0.012));
#9197=CARTESIAN_POINT('',(0.0195630818047581,-0.0315,-0.012));
#9198=CARTESIAN_POINT('',(0.0224963690338282,-0.031814341811806,-0.00956274554305864));
#9199=CARTESIAN_POINT('',(0.0220316019610294,-0.0317885952727395,-0.0119999999999996));
#9200=CARTESIAN_POINT('',(0.0195541904543119,-0.0316493928752671,-0.012));
#9201=CARTESIAN_POINT('',(0.0224912956782416,-0.0319542187123823,-0.00954932841780826));
#9202=CARTESIAN_POINT('',(0.0220354305734491,-0.0319304469537788,-0.0119999999999998));
#9203=CARTESIAN_POINT('',(0.0195460730849992,-0.0317987954478603,-0.012));
#9204=CARTESIAN_POINT('',(0.0224866602293611,-0.0320945445032837,-0.00953652446699324));
#9205=CARTESIAN_POINT('',(0.0220394199470666,-0.0320723436788539,-0.012));
#9206=CARTESIAN_POINT('',(0.0195386563669777,-0.031948206799016,-0.012));
#9207=CARTESIAN_POINT('',(0.0195630818047581,-0.0315,-0.009));
#9208=CARTESIAN_POINT('',(0.0195630818047582,-0.0315,-0.012));
#9209=CARTESIAN_POINT('',(0.0220280621489749,-0.0316467071617871,-0.012));
#9210=CARTESIAN_POINT('',(0.0225019261279739,-0.0316749099178843,-0.00957671532364633));
#9211=CARTESIAN_POINT('',(0.0196456745506507,-0.0302107571337354,-0.012));
#9212=CARTESIAN_POINT('',(0.0219919711715489,-0.0304365596267517,-0.011995273441496));
#9213=CARTESIAN_POINT('',(0.0225535465818983,-0.030379711862168,-0.00970648213323674));
#9214=CARTESIAN_POINT('',(0.0199217012252823,-0.0276686596279979,-0.0121277603759455));
#9215=CARTESIAN_POINT('',(0.0219812589732367,-0.0280712114345136,-0.0120933209180779));
#9216=CARTESIAN_POINT('',(0.0227260632714899,-0.0278859150847351,-0.0101419941468545));
#9217=CARTESIAN_POINT('',(0.0207195618582007,-0.0239385249734146,-0.0126680566547051));
#9218=CARTESIAN_POINT('',(0.0223343306703027,-0.0244104878642203,-0.0125801367942167));
#9219=CARTESIAN_POINT('',(0.0232247261598535,-0.0242700568662024,-0.011158426160239));
#9220=CARTESIAN_POINT('',(0.021843809514034,-0.020222211569319,-0.0135044469645979));
#9221=CARTESIAN_POINT('',(0.0230463700548247,-0.0206578060088538,-0.0133916409638334));
#9222=CARTESIAN_POINT('',(0.0239273809466706,-0.0206298810034923,-0.0124580674238617));
#9223=CARTESIAN_POINT('',(0.0236081799455083,-0.0152820746037728,-0.0148681686687046));
#9224=CARTESIAN_POINT('',(0.0243184355196756,-0.0156458473809127,-0.0147592533893526));
#9225=CARTESIAN_POINT('',(0.025030112465709,-0.0156879163807193,-0.0143826316489972));
#9226=CARTESIAN_POINT('',(0.0255138827577237,-0.010141178565127,-0.016368028681305));
#9227=CARTESIAN_POINT('',(0.0258647169759257,-0.0102635594438341,-0.0163446973175056));
#9228=CARTESIAN_POINT('',(0.0262211767236143,-0.0103364855595076,-0.0162687017538928));
#9229=CARTESIAN_POINT('',(0.0268854404791856,-0.00447880123850339,-0.0173252159500846));
#9230=CARTESIAN_POINT('',(0.0269816536396997,-0.00449470686389939,-0.0173250262875083));
#9231=CARTESIAN_POINT('',(0.0270784002994847,-0.00450707201213008,-0.0173239020866215));
#9232=CARTESIAN_POINT('',(0.0272880338606421,-0.0014790183340506,-0.0174999999999995));
#9233=CARTESIAN_POINT('',(0.0273090275117749,-0.00148056988298277,-0.0175000000001886));
#9234=CARTESIAN_POINT('',(0.0273300211628987,-0.00148212143183801,-0.0174999999999998));
#9235=CARTESIAN_POINT('',(0.0274,-4.74424574731375E-19,-0.0175));
#9236=CARTESIAN_POINT('',(0.0274,2.92560818343053E-16,-0.0175));
#9237=CARTESIAN_POINT('',(0.0274,5.85596061260837E-16,-0.0175));
#9238=CARTESIAN_POINT('',(0.0195387891464794,-0.061,0.009));
#9239=CARTESIAN_POINT('',(0.0224867432165496,-0.0320199085333511,0.00955638727587585));
#9240=CARTESIAN_POINT('',(0.0223570826032498,-0.0320165838128361,0.010243379141575));
#9241=CARTESIAN_POINT('',(0.021612161624472,-0.0319974584384245,0.0114993352952595));
#9242=CARTESIAN_POINT('',(0.0202278030427627,-0.0319626477490913,0.012));
#9243=CARTESIAN_POINT('',(0.0195387891464793,-0.0319455334357752,0.012));
#9244=CARTESIAN_POINT('',(0.0225019261279738,-0.0316749099178843,0.00957671532364633));
#9245=CARTESIAN_POINT('',(0.0220280621489749,-0.0316467071617871,0.012));
#9246=CARTESIAN_POINT('',(0.0195630818047581,-0.0315,0.012));
#9247=CARTESIAN_POINT('',(0.0225535465818924,-0.0303797118621515,0.00970648213327178));
#9248=CARTESIAN_POINT('',(0.0219919711713997,-0.0304365596267224,0.0119952734414839));
#9249=CARTESIAN_POINT('',(0.0196456745505181,-0.0302107571336711,0.012));
#9250=CARTESIAN_POINT('',(0.022726063271493,-0.0278859150847358,0.0101419941468392));
#9251=CARTESIAN_POINT('',(0.021981258973303,-0.0280712114345143,0.0120933209180837));
#9252=CARTESIAN_POINT('',(0.0199217012253444,-0.0276686596280178,0.0121277603759458));
#9253=CARTESIAN_POINT('',(0.0232247261598541,-0.0242700568661989,0.011158426160246));
#9254=CARTESIAN_POINT('',(0.0223343306702871,-0.0244104878642243,0.0125801367942166));
#9255=CARTESIAN_POINT('',(0.0207195618581865,-0.0239385249734144,0.0126680566547066));
#9256=CARTESIAN_POINT('',(0.0239273809466731,-0.0206298810034543,0.0124580674238654));
#9257=CARTESIAN_POINT('',(0.0230463700548312,-0.0206578060087935,0.013391640963837));
#9258=CARTESIAN_POINT('',(0.021843809514042,-0.0202222115692471,0.0135044469646011));
#9259=CARTESIAN_POINT('',(0.0250301124657159,-0.0156879163808353,0.0143826316490056));
#9260=CARTESIAN_POINT('',(0.0243184355196822,-0.0156458473811299,0.0147592533893584));
#9261=CARTESIAN_POINT('',(0.0236081799455167,-0.015282074604076,0.0148681686687105));
#9262=CARTESIAN_POINT('',(0.0262211767236048,-0.0103364855586354,0.0162687017538989));
#9263=CARTESIAN_POINT('',(0.025864716975912,-0.0102635594423684,0.01634469731751));
#9264=CARTESIAN_POINT('',(0.0255138827577093,-0.0101411785630835,0.0163680286813099));
#9265=CARTESIAN_POINT('',(0.0270784002995128,-0.00450707201354983,0.017323902086627));
#9266=CARTESIAN_POINT('',(0.0269816536397391,-0.0044947068663221,0.0173250262875153));
#9267=CARTESIAN_POINT('',(0.0268854404792299,-0.00447880124192855,0.0173252159500902));
#9268=CARTESIAN_POINT('',(0.0273300211628487,-0.00148212142859055,0.0174999999999992));
#9269=CARTESIAN_POINT('',(0.0273090275117034,-0.00148056987752256,0.0175000000001838));
#9270=CARTESIAN_POINT('',(0.0272880338605636,-0.00147901832637765,0.0174999999999978));
#9271=CARTESIAN_POINT('',(0.0274,2.74778515062995E-15,0.0175));
#9272=CARTESIAN_POINT('',(0.0274,1.37389257531498E-15,0.0175));
#9273=CARTESIAN_POINT('',(0.0274,1.57772181044202E-30,0.0175));
#9274=CARTESIAN_POINT('',(0.0195630818047581,-0.0315,0.009));
#9275=CARTESIAN_POINT('',(0.0195630818047581,-0.0315,0.012));
#9276=CARTESIAN_POINT('',(0.0220280621489748,-0.0316467071617871,0.012));
#9277=CARTESIAN_POINT('',(0.0225019261279738,-0.0316749099178843,0.00957671532364632));
#9278=CARTESIAN_POINT('',(0.0195541904543142,-0.0316493928752515,0.012));
#9279=CARTESIAN_POINT('',(0.0220316019610298,-0.0317885952727248,0.0120000000000005));
#9280=CARTESIAN_POINT('',(0.0224963690338288,-0.0318143418117907,0.00956274554306006));
#9281=CARTESIAN_POINT('',(0.0195460730850032,-0.0317987954478322,0.012));
#9282=CARTESIAN_POINT('',(0.022035430573452,-0.0319304469537531,0.0120000000000003));
#9283=CARTESIAN_POINT('',(0.0224912956782426,-0.0319542187123557,0.00954932841781042));
#9284=CARTESIAN_POINT('',(0.0195386563669798,-0.0319482067989738,0.012));
#9285=CARTESIAN_POINT('',(0.0220394199470655,-0.0320723436788137,0.012));
#9286=CARTESIAN_POINT('',(0.0224866602293624,-0.032094544503244,0.00953652446699685));
#9287=CARTESIAN_POINT('',(-0.0195387891464773,-0.061,0.009));
#9288=CARTESIAN_POINT('',(-0.0224867432165483,-0.0320199085333928,0.00955638727587159));
#9289=CARTESIAN_POINT('',(-0.0223570826032493,-0.032016583812878,0.0102433791415716));
#9290=CARTESIAN_POINT('',(-0.021612161624472,-0.0319974584384655,0.0114993352952584));
#9291=CARTESIAN_POINT('',(-0.0202278030427615,-0.0319626477491298,0.012));
#9292=CARTESIAN_POINT('',(-0.0195387891464773,-0.0319455334358181,0.012));
#9293=CARTESIAN_POINT('',(-0.0225019261279738,-0.0316749099178843,0.00957671532364633));
#9294=CARTESIAN_POINT('',(-0.0220280621489749,-0.0316467071617871,0.012));
#9295=CARTESIAN_POINT('',(-0.0195630818047581,-0.0315,0.012));
#9296=CARTESIAN_POINT('',(-0.0224963690338279,-0.0318143418118069,0.00956274554305978));
#9297=CARTESIAN_POINT('',(-0.0220316019610202,-0.0317885952727399,0.0119999999999999));
#9298=CARTESIAN_POINT('',(-0.0195541904543009,-0.0316493928752659,0.012));
#9299=CARTESIAN_POINT('',(-0.0224912956782248,-0.031954218712342,0.00954932841791157));
#9300=CARTESIAN_POINT('',(-0.0220354305733629,-0.0319304469537426,0.0120000000000003));
#9301=CARTESIAN_POINT('',(-0.0195460730849997,-0.0317987954478588,0.012));
#9302=CARTESIAN_POINT('',(-0.0224866602293611,-0.0320945445032847,0.0095365244669927));
#9303=CARTESIAN_POINT('',(-0.0220394199470671,-0.0320723436788549,0.012));
#9304=CARTESIAN_POINT('',(-0.0195386563669777,-0.0319482067990169,0.012));
#9305=CARTESIAN_POINT('',(-0.0195630818047581,-0.0315,0.009));
#9306=CARTESIAN_POINT('',(-0.0195630818047581,-0.0315,0.012));
#9307=CARTESIAN_POINT('',(-0.0220280621489749,-0.0316467071617871,0.012));
#9308=CARTESIAN_POINT('',(-0.0225019261279739,-0.0316749099178843,0.00957671532364633));
#9309=CARTESIAN_POINT('',(-0.0196456745506316,-0.0302107571337034,0.012));
#9310=CARTESIAN_POINT('',(-0.0219919711701624,-0.0304365596269961,0.0119952734414779));
#9311=CARTESIAN_POINT('',(-0.0225535465815767,-0.0303797118622304,0.00970648213485678));
#9312=CARTESIAN_POINT('',(-0.0199217012252921,-0.0276686596279452,0.012127760375946));
#9313=CARTESIAN_POINT('',(-0.0219812589738517,-0.0280712114341097,0.0120933209180964));
#9314=CARTESIAN_POINT('',(-0.0227260632716395,-0.0278859150846718,0.0101419941461045));
#9315=CARTESIAN_POINT('',(-0.0207195618582027,-0.023938524973594,0.0126680566547082));
#9316=CARTESIAN_POINT('',(-0.0223343306701414,-0.0244104878645457,0.0125801367942016));
#9317=CARTESIAN_POINT('',(-0.0232247261598163,-0.0242700568662787,0.0111584261604454));
#9318=CARTESIAN_POINT('',(-0.0218438095140429,-0.0202222115685499,0.0135044469646041));
#9319=CARTESIAN_POINT('',(-0.0230463700548753,-0.0206578060081844,0.0133916409638532));
#9320=CARTESIAN_POINT('',(-0.0239273809466863,-0.0206298810031488,0.0124580674238185));
#9321=CARTESIAN_POINT('',(-0.0236081799455245,-0.015282074607685,0.0148681686687168));
#9322=CARTESIAN_POINT('',(-0.0243184355196595,-0.0156458473838266,0.014759253389333));
#9323=CARTESIAN_POINT('',(-0.0250301124657131,-0.0156879163823589,0.0143826316490436));
#9324=CARTESIAN_POINT('',(-0.0255138827577255,-0.0101411785404013,0.0163680286813113));
#9325=CARTESIAN_POINT('',(-0.0258647169759297,-0.0102635594261063,0.0163446973176507));
#9326=CARTESIAN_POINT('',(-0.0262211767236176,-0.0103364855489819,0.0162687017538999));
#9327=CARTESIAN_POINT('',(-0.0268854404792239,-0.00447880128063472,0.0173252159501038));
#9328=CARTESIAN_POINT('',(-0.0269816536397344,-0.00449470689389286,0.0173250262872959));
#9329=CARTESIAN_POINT('',(-0.0270784002995064,-0.00450707202997417,0.0173239020866364));
#9330=CARTESIAN_POINT('',(-0.0272880338605967,-0.00147901824081252,0.0174999999999789));
#9331=CARTESIAN_POINT('',(-0.0273090275117271,-0.00148056981655124,0.0175000000006784));
#9332=CARTESIAN_POINT('',(-0.0273300211628747,-0.00148212139221302,0.0174999999999921));
#9333=CARTESIAN_POINT('',(-0.0274,1.26217744835362E-29,0.0175));
#9334=CARTESIAN_POINT('',(-0.0274,1.33856003403272E-14,0.0175));
#9335=CARTESIAN_POINT('',(-0.0274,2.67712006806544E-14,0.0175));
#9336=CARTESIAN_POINT('',(-0.0328037425317752,1.40933617535122E-18,0.01225));
#9337=CARTESIAN_POINT('',(-0.0316119013730599,1.40933617535122E-18,0.01225));
#9338=CARTESIAN_POINT('',(-0.030744995732443,1.40933617535122E-18,0.0114321002763941));
#9339=CARTESIAN_POINT('',(-0.0328037425321231,-0.00118037688544415,0.01225));
#9340=CARTESIAN_POINT('',(-0.0316119013732922,-0.00114224311957354,0.0122500000003909));
#9341=CARTESIAN_POINT('',(-0.0307449957326549,-0.00108981597238841,0.011432100276594));
#9342=CARTESIAN_POINT('',(-0.032703409244755,-0.00354073643932985,0.0121444601054107));
#9343=CARTESIAN_POINT('',(-0.0315457939844253,-0.0034084640562854,0.0121520852058509));
#9344=CARTESIAN_POINT('',(-0.0306876598510271,-0.00325643458917153,0.0113763911069734));
#9345=CARTESIAN_POINT('',(-0.0322374154815834,-0.00649144686344365,0.011701157511582));
#9346=CARTESIAN_POINT('',(-0.0312254448796329,-0.00623657344210507,0.0117455157329448));
#9347=CARTESIAN_POINT('',(-0.0304213862209707,-0.0059391044860857,0.0111458237952529));
#9348=CARTESIAN_POINT('',(-0.0315297860052948,-0.00869896289981545,0.0111849786265145));
#9349=CARTESIAN_POINT('',(-0.0307100432937137,-0.00834827304257424,0.0112748782740662));
#9350=CARTESIAN_POINT('',(-0.030017007999898,-0.0079415172047793,0.0108782740628117));
#9351=CARTESIAN_POINT('',(-0.0307376746334816,-0.0102509370205914,0.0107363958750347));
#9352=CARTESIAN_POINT('',(-0.0301188262759295,-0.00982391507543693,0.0108692443604126));
#9353=CARTESIAN_POINT('',(-0.0295644757969396,-0.00935049223989877,0.0106455816882971));
#9354=CARTESIAN_POINT('',(-0.0296070727517517,-0.011520354673622,0.0103019300257734));
#9355=CARTESIAN_POINT('',(-0.0292546259561503,-0.0110313435755033,0.0104767418313815));
#9356=CARTESIAN_POINT('',(-0.0289186555567316,-0.0105066062830655,0.0104194924977856));
#9357=CARTESIAN_POINT('',(-0.0279700348130509,-0.0121174237868971,0.0100750602474924));
#9358=CARTESIAN_POINT('',(-0.0279767872485994,-0.0116003492378928,0.0102715062969588));
#9359=CARTESIAN_POINT('',(-0.0279834887016858,-0.0110523515579126,0.0103009810507509));
#9360=CARTESIAN_POINT('',(-0.0263467500494704,-0.0114827027015951,0.0103147223658901));
#9361=CARTESIAN_POINT('',(-0.0267100558164294,-0.0109953451143277,0.0104885319533538));
#9362=CARTESIAN_POINT('',(-0.0270558417426594,-0.0104719908871146,0.0104261617738818));
#9363=CARTESIAN_POINT('',(-0.0252312610730285,-0.0101986433490516,0.0107513972483784));
#9364=CARTESIAN_POINT('',(-0.0258580312811424,-0.00977408945648396,0.0108829739719992));
#9365=CARTESIAN_POINT('',(-0.0264182609736138,-0.00930253223930761,0.0106533796400129));
#9366=CARTESIAN_POINT('',(-0.0244556171785095,-0.00865694720747804,0.0111945586082165));
#9367=CARTESIAN_POINT('',(-0.0252793983037642,-0.00830807318595836,0.0112837039247699));
#9368=CARTESIAN_POINT('',(-0.0259748979441359,-0.0079028318017418,0.01088326063941));
#9369=CARTESIAN_POINT('',(-0.0237532471713345,-0.00644658422908966,0.0117088872106242));
#9370=CARTESIAN_POINT('',(-0.0247680212172466,-0.006193404123547,0.0117526875674496));
#9371=CARTESIAN_POINT('',(-0.025573394682284,-0.00589774286701567,0.0111498605233156));
#9372=CARTESIAN_POINT('',(-0.0232938809619068,-0.0034991887438487,0.0121474272046722));
#9373=CARTESIAN_POINT('',(-0.0244524677011586,-0.00336854720446525,0.0121548364502146));
#9374=CARTESIAN_POINT('',(-0.0253108052012172,-0.00321796803376067,0.0113779586643305));
#9375=CARTESIAN_POINT('',(-0.0231962574677679,-0.00116460543328381,0.01225));
#9376=CARTESIAN_POINT('',(-0.0243880986266183,-0.00112691025449851,0.0122500000004276));
#9377=CARTESIAN_POINT('',(-0.0252550042673043,-0.00107508608655646,0.0114321002766325));
#9378=CARTESIAN_POINT('',(-0.0231962574682248,1.40933617535122E-18,0.01225));
#9379=CARTESIAN_POINT('',(-0.0243880986269401,1.40933617535122E-18,0.01225));
#9380=CARTESIAN_POINT('',(-0.025255004267557,1.40933617535122E-18,0.0114321002763941));
#9381=CARTESIAN_POINT('',(-0.030744995732443,1.33131047328363E-17,-0.0114321002763941));
#9382=CARTESIAN_POINT('',(-0.0316119013730599,1.33131047328363E-17,-0.01225));
#9383=CARTESIAN_POINT('',(-0.0328037425317752,1.33131047328363E-17,-0.01225));
#9384=CARTESIAN_POINT('',(-0.0307449957326581,-0.00109008596282607,-0.0114321002765971));
#9385=CARTESIAN_POINT('',(-0.0316119013733066,-0.00114252609828473,-0.0122500000003855));
#9386=CARTESIAN_POINT('',(-0.0328037425321383,-0.00118066931139395,-0.01225));
#9387=CARTESIAN_POINT('',(-0.0306876349283672,-0.00325687631001632,-0.011376368656673));
#9388=CARTESIAN_POINT('',(-0.0315457644445858,-0.0034089268243226,-0.0121520456456239));
#9389=CARTESIAN_POINT('',(-0.0327033656204021,-0.00354121998966094,-0.0121444173318983));
#9390=CARTESIAN_POINT('',(-0.0304213240397754,-0.00593963733645644,-0.0111457700199566));
#9391=CARTESIAN_POINT('',(-0.0312253705067663,-0.00623713192316718,-0.0117454216419712));
#9392=CARTESIAN_POINT('',(-0.0322373066916367,-0.00649203390413484,-0.0117010538648701));
#9393=CARTESIAN_POINT('',(-0.0300168376689222,-0.00794219667072648,-0.0108781729100937));
#9394=CARTESIAN_POINT('',(-0.030709823863302,-0.00834898563430481,-0.0112747014713852));
#9395=CARTESIAN_POINT('',(-0.031529487879809,-0.00869971190737587,-0.0111847834861531));
#9396=CARTESIAN_POINT('',(-0.0295642442262484,-0.00935107424158543,-0.0106454764089268));
#9397=CARTESIAN_POINT('',(-0.0301185212421878,-0.00982452335819643,-0.0108690614016758));
#9398=CARTESIAN_POINT('',(-0.0307372692756404,-0.0102515773687075,-0.0107361931215735));
#9399=CARTESIAN_POINT('',(-0.0289182414591728,-0.0105071032180181,-0.0104193883394905));
#9400=CARTESIAN_POINT('',(-0.0292540646024812,-0.0110318618753993,-0.0104765612746331));
#9401=CARTESIAN_POINT('',(-0.0296063477917281,-0.0115208990413179,-0.0103017303485467));
#9402=CARTESIAN_POINT('',(-0.0279830999267761,-0.011052281710452,-0.0103009954800478));
#9403=CARTESIAN_POINT('',(-0.0279762537194551,-0.0116002772001873,-0.0102715311157513));
#9404=CARTESIAN_POINT('',(-0.027969354393929,-0.012117347351234,-0.01007508790407));
#9405=CARTESIAN_POINT('',(-0.0270556582539973,-0.0104717308275133,-0.0104262165230045));
#9406=CARTESIAN_POINT('',(-0.0267098089576318,-0.0109950736137325,-0.0104886269142008));
#9407=CARTESIAN_POINT('',(-0.0263464290237769,-0.0114824178420946,-0.0103148273417403));
#9408=CARTESIAN_POINT('',(-0.0264181641535948,-0.0093022540589504,-0.0106534264882158));
#9409=CARTESIAN_POINT('',(-0.0258579052051273,-0.00977380065111844,-0.0108830549102004));
#9410=CARTESIAN_POINT('',(-0.0252310916855285,-0.0101983370596752,-0.0107514875428469));
#9411=CARTESIAN_POINT('',(-0.0259749294994744,-0.00790293000507027,-0.0108832450504284));
#9412=CARTESIAN_POINT('',(-0.0252794401991001,-0.00830817714557935,-0.0112836763969257));
#9413=CARTESIAN_POINT('',(-0.0244556723844814,-0.00865705527300718,-0.0111945285659576));
#9414=CARTESIAN_POINT('',(-0.0255733921087785,-0.0058977414453134,-0.0111498591511468));
#9415=CARTESIAN_POINT('',(-0.0247680166866625,-0.0061934025999835,-0.0117526853689247));
#9416=CARTESIAN_POINT('',(-0.0237532426665456,-0.00644658316897955,-0.0117088845172082));
#9417=CARTESIAN_POINT('',(-0.0253108405855083,-0.00321852212019108,-0.0113779286830504));
#9418=CARTESIAN_POINT('',(-0.0244525108689606,-0.00336913175971768,-0.0121547830792601));
#9419=CARTESIAN_POINT('',(-0.0232939428643226,-0.00349979509850489,-0.0121473697963947));
#9420=CARTESIAN_POINT('',(-0.0252550042673133,-0.00107508999049796,-0.0114321002766241));
#9421=CARTESIAN_POINT('',(-0.0243880986266511,-0.00112691434662824,-0.012250000000445));
#9422=CARTESIAN_POINT('',(-0.0231962574678014,-0.00116460966229504,-0.01225));
#9423=CARTESIAN_POINT('',(-0.025255004267557,1.40933617535122E-18,-0.0114321002763941));
#9424=CARTESIAN_POINT('',(-0.0243880986269401,1.40933617535122E-18,-0.01225));
#9425=CARTESIAN_POINT('',(-0.0231962574682248,1.40933617535122E-18,-0.01225));
#9426=CARTESIAN_POINT('',(0.0328037425317752,1.40933617535122E-18,-0.01225));
#9427=CARTESIAN_POINT('',(0.0316119013730599,1.40933617535122E-18,-0.01225));
#9428=CARTESIAN_POINT('',(0.030744995732443,1.40933617535122E-18,-0.0114321002763941));
#9429=CARTESIAN_POINT('',(0.032803742532229,-0.00118056382298821,-0.01225));
#9430=CARTESIAN_POINT('',(0.0316119013734124,-0.00114242401783332,-0.0122500000003449));
#9431=CARTESIAN_POINT('',(0.0307449957326837,-0.00108998856770515,-0.0114321002766212));
#9432=CARTESIAN_POINT('',(0.0327033812843023,-0.00354104720247659,-0.012144432698905));
#9433=CARTESIAN_POINT('',(0.0315457750498172,-0.00340876146097461,-0.0121520598577805));
#9434=CARTESIAN_POINT('',(0.0306876438772286,-0.00325671847823943,-0.0113763767217844));
#9435=CARTESIAN_POINT('',(0.0322373452705262,-0.00649182629016108,-0.0117010905888487));
#9436=CARTESIAN_POINT('',(0.0312253968912612,-0.0062369343890814,-0.0117454549834307));
#9437=CARTESIAN_POINT('',(0.0304213460903187,-0.0059394488892903,-0.0111457890731998));
#9438=CARTESIAN_POINT('',(0.0315295924704954,-0.0086994497128215,-0.0111848518526159));
#9439=CARTESIAN_POINT('',(0.0307099008648118,-0.00834873616830831,-0.0112747634178263));
#9440=CARTESIAN_POINT('',(0.0300168974257116,-0.00794195881858767,-0.0108782083486277));
#9441=CARTESIAN_POINT('',(0.0307374092415462,-0.0102513563126356,-0.010736263143154));
#9442=CARTESIAN_POINT('',(0.0301186265684729,-0.00982431336148719,-0.0108691245894692));
#9443=CARTESIAN_POINT('',(0.0295643241852141,-0.00935087332634293,-0.0106455127676534));
#9444=CARTESIAN_POINT('',(0.0296065993954343,-0.0115207102883629,-0.0103017995681018));
#9445=CARTESIAN_POINT('',(0.0292542594327534,-0.0110316821678981,-0.0104766238641426));
#9446=CARTESIAN_POINT('',(0.0289183851754021,-0.0105069309126834,-0.010419424446596));
#9447=CARTESIAN_POINT('',(0.0279695875719305,-0.0121173746890599,-0.0100750780212457));
#9448=CARTESIAN_POINT('',(0.0279764365582374,-0.0116003029598744,-0.0102715222492186));
#9449=CARTESIAN_POINT('',(0.0279832331592455,-0.0110523066904521,-0.0103009903239725));
#9450=CARTESIAN_POINT('',(0.0263465359531241,-0.0114825132009544,-0.0103147921540664));
#9451=CARTESIAN_POINT('',(0.026709891160049,-0.0109951645146274,-0.0104885950810985));
#9452=CARTESIAN_POINT('',(0.0270557193717715,-0.0104718178855008,-0.0104261981711471));
#9453=CARTESIAN_POINT('',(0.0252311476748342,-0.0101984397004339,-0.0107514574703299));
#9454=CARTESIAN_POINT('',(0.0258579468252562,-0.0097738973685664,-0.0108830279704156));
#9455=CARTESIAN_POINT('',(0.0264181961564782,-0.00930234727444321,-0.0106534108864893));
#9456=CARTESIAN_POINT('',(0.0244556480577076,-0.00865700494735878,-0.0111945423205354));
#9457=CARTESIAN_POINT('',(0.0252794218415605,-0.00830812885392035,-0.0112836889705162));
#9458=CARTESIAN_POINT('',(0.0259749155943094,-0.00790288428826824,-0.0108832521862788));
#9459=CARTESIAN_POINT('',(0.0237532433339397,-0.00644657764451975,-0.0117088865049384));
#9460=CARTESIAN_POINT('',(0.024768017691814,-0.00619339755199853,-0.0117526870785903));
#9461=CARTESIAN_POINT('',(0.0255733924896742,-0.00589773660065506,-0.0111498601732398));
#9462=CARTESIAN_POINT('',(0.0232939193741534,-0.00349956449938717,-0.0121473915970711));
#9463=CARTESIAN_POINT('',(0.0244524944934908,-0.00336890947735697,-0.0121548033458567));
#9464=CARTESIAN_POINT('',(0.025310827158203,-0.00321831139911074,-0.0113779400693563));
#9465=CARTESIAN_POINT('',(0.0231962574677716,-0.00116460551907899,-0.01225));
#9466=CARTESIAN_POINT('',(0.0243880986266129,-0.00112691033751673,-0.0122500000004189));
#9467=CARTESIAN_POINT('',(0.0252550042673033,-0.00107508616575789,-0.0114321002766335));
#9468=CARTESIAN_POINT('',(0.0231962574682248,1.40933617535122E-18,-0.01225));
#9469=CARTESIAN_POINT('',(0.0243880986269401,1.40933617535122E-18,-0.01225));
#9470=CARTESIAN_POINT('',(0.025255004267557,1.40933617535122E-18,-0.0114321002763941));
#9471=CARTESIAN_POINT('',(0.030744995732443,1.33131047328363E-17,0.0114321002763941));
#9472=CARTESIAN_POINT('',(0.0316119013730599,1.33131047328363E-17,0.01225));
#9473=CARTESIAN_POINT('',(0.0328037425317752,1.33131047328363E-17,0.01225));
#9474=CARTESIAN_POINT('',(0.0307449957326401,-0.00108981597239062,0.0114321002765801));
#9475=CARTESIAN_POINT('',(0.0316119013732678,-0.00114224311957439,0.0122500000003942));
#9476=CARTESIAN_POINT('',(0.0328037425320891,-0.00118037688544414,0.01225));
#9477=CARTESIAN_POINT('',(0.0306876598510342,-0.00325643458917045,0.0113763911069801));
#9478=CARTESIAN_POINT('',(0.0315457939844369,-0.00340846405628504,0.0121520852058493));
#9479=CARTESIAN_POINT('',(0.0327034092447712,-0.00354073643932983,0.0121444601054107));
#9480=CARTESIAN_POINT('',(0.0304213862209698,-0.00593910448608582,0.011145823795252));
#9481=CARTESIAN_POINT('',(0.0312254448796314,-0.00623657344210508,0.011745515732945));
#9482=CARTESIAN_POINT('',(0.0322374154815814,-0.00649144686344363,0.011701157511582));
#9483=CARTESIAN_POINT('',(0.0300170079998982,-0.00794151720477924,0.0108782740628118));
#9484=CARTESIAN_POINT('',(0.030710043293714,-0.0083482730425742,0.0112748782740662));
#9485=CARTESIAN_POINT('',(0.0315297860052952,-0.00869896289981543,0.0111849786265145));
#9486=CARTESIAN_POINT('',(0.0295644757969395,-0.00935049223989876,0.0106455816882971));
#9487=CARTESIAN_POINT('',(0.0301188262759294,-0.00982391507543691,0.0108692443604126));
#9488=CARTESIAN_POINT('',(0.0307376746334815,-0.0102509370205913,0.0107363958750347));
#9489=CARTESIAN_POINT('',(0.0289186555567317,-0.0105066062830655,0.0104194924977856));
#9490=CARTESIAN_POINT('',(0.0292546259561503,-0.0110313435755032,0.0104767418313815));
#9491=CARTESIAN_POINT('',(0.0296070727517518,-0.011520354673622,0.0103019300257734));
#9492=CARTESIAN_POINT('',(0.0279834887016859,-0.0110523515579126,0.0103009810507509));
#9493=CARTESIAN_POINT('',(0.0279767872485994,-0.0116003492378928,0.0102715062969588));
#9494=CARTESIAN_POINT('',(0.027970034813051,-0.0121174237868971,0.0100750602474924));
#9495=CARTESIAN_POINT('',(0.0270558417426594,-0.0104719908871147,0.0104261617738818));
#9496=CARTESIAN_POINT('',(0.0267100558164294,-0.0109953451143278,0.0104885319533538));
#9497=CARTESIAN_POINT('',(0.0263467500494704,-0.0114827027015952,0.0103147223658901));
#9498=CARTESIAN_POINT('',(0.0264182609736138,-0.00930253223930732,0.0106533796400129));
#9499=CARTESIAN_POINT('',(0.0258580312811425,-0.00977408945648366,0.0108829739719992));
#9500=CARTESIAN_POINT('',(0.0252312610730286,-0.0101986433490513,0.0107513972483784));
#9501=CARTESIAN_POINT('',(0.0259748979441359,-0.00790283180174288,0.0108832606394101));
#9502=CARTESIAN_POINT('',(0.0252793983037639,-0.00830807318595948,0.0112837039247699));
#9503=CARTESIAN_POINT('',(0.0244556171785094,-0.00865694720747921,0.0111945586082165));
#9504=CARTESIAN_POINT('',(0.0255733946822842,-0.00589774286700993,0.0111498605233154));
#9505=CARTESIAN_POINT('',(0.024768021217248,-0.00619340412354097,0.0117526875674495));
#9506=CARTESIAN_POINT('',(0.0237532471713353,-0.00644658422908342,0.0117088872106242));
#9507=CARTESIAN_POINT('',(0.0253108052012154,-0.0032179680338068,0.0113779586643322));
#9508=CARTESIAN_POINT('',(0.0244524677011473,-0.00336854720451395,0.0121548364502156));
#9509=CARTESIAN_POINT('',(0.0232938809618997,-0.00349918874389885,0.0121474272046722));
#9510=CARTESIAN_POINT('',(0.025255004267308,-0.00107508608645944,0.011432100276629));
#9511=CARTESIAN_POINT('',(0.0243880986266421,-0.0011269102543963,0.0122500000004255));
#9512=CARTESIAN_POINT('',(0.0231962574677828,-0.00116460543317833,0.01225));
#9513=CARTESIAN_POINT('',(0.025255004267557,1.40933617535122E-18,0.0114321002763941));
#9514=CARTESIAN_POINT('',(0.0243880986269401,1.40933617535122E-18,0.01225));
#9515=CARTESIAN_POINT('',(0.0231962574682248,1.40933617535122E-18,0.01225));
#9516=CARTESIAN_POINT('',(0.00625,-0.0065,0.0108253175473055));
#9517=CARTESIAN_POINT('',(0.00625,-0.0315,0.0108253175473055));
#9518=CARTESIAN_POINT('',(0.00625,-0.0315,0.0138253175473055));
#9519=CARTESIAN_POINT('',(-3.46944695195361E-18,-0.0315,0.));
#9520=CARTESIAN_POINT('',(-0.00625,-0.0065,0.0108253175473055));
#9521=CARTESIAN_POINT('',(-0.00625,-0.0315,0.0108253175473055));
#9522=CARTESIAN_POINT('',(-0.00625,-0.0315,0.0138253175473055));
#9523=CARTESIAN_POINT('',(-3.46944695195361E-18,-0.0315,0.));
#9524=CARTESIAN_POINT('',(-0.0125,-0.0065,4.52050570981412E-18));
#9525=CARTESIAN_POINT('',(-0.0125,-0.0315,4.52050570981412E-18));
#9526=CARTESIAN_POINT('',(-0.0125,-0.0315,0.003));
#9527=CARTESIAN_POINT('',(-3.46944695195361E-18,-0.0315,0.));
#9528=CARTESIAN_POINT('',(-0.00625,-0.0065,-0.0108253175473055));
#9529=CARTESIAN_POINT('',(-0.00625,-0.0315,-0.0108253175473055));
#9530=CARTESIAN_POINT('',(-0.00625,-0.0315,-0.00782531754730548));
#9531=CARTESIAN_POINT('',(-3.46944695195361E-18,-0.0315,0.));
#9532=CARTESIAN_POINT('',(0.00625,-0.0065,-0.0108253175473055));
#9533=CARTESIAN_POINT('',(0.00625,-0.0315,-0.0108253175473055));
#9534=CARTESIAN_POINT('',(0.00625,-0.0315,-0.0078253175473055));
#9535=CARTESIAN_POINT('',(-3.46944695195361E-18,-0.0315,0.));
#9536=CARTESIAN_POINT('',(0.0125,-0.0065,-9.35728209800034E-18));
#9537=CARTESIAN_POINT('',(0.0125,-0.0315,-9.35728209800034E-18));
#9538=CARTESIAN_POINT('',(0.0125,-0.0315,0.00299999999999999));
#9539=CARTESIAN_POINT('',(-3.46944695195361E-18,-0.0315,0.));
#9540=CARTESIAN_POINT('',(0.0265974088512515,-0.0755,1.28587913910472E-19));
#9541=CARTESIAN_POINT('',(0.0265974088512515,-0.0755,1.28587913910472E-19));
#9542=CARTESIAN_POINT('',(0.0265974088512515,-0.0755,-0.0021));
#9543=CARTESIAN_POINT('',(0.0265974088512515,-0.0609750125,2.48837409011493E-13));
#9544=CARTESIAN_POINT('',(0.0265974088512515,-0.0755,1.16341445918999E-19));
#9545=CARTESIAN_POINT('',(0.0265974088512515,-0.0755,-0.0019));
#9546=CARTESIAN_POINT('',(0.0265974088512515,-0.0605,1.28587913910472E-19));
#9547=CARTESIAN_POINT('',(0.0265974088512515,-0.0605,1.28587913910472E-19));
#9548=CARTESIAN_POINT('',(0.0265974088512515,-0.0605,-0.0021));
#9549=CARTESIAN_POINT('',(0.0265974088512515,-0.0609750125,2.48837409011493E-13));
#9550=CARTESIAN_POINT('',(0.0265974088512515,-0.0605,1.16341445918999E-19));
#9551=CARTESIAN_POINT('',(0.0265974088512515,-0.0605,-0.0019));
#9552=CARTESIAN_POINT('',(0.0265974088512515,-0.0455,1.28587913910472E-19));
#9553=CARTESIAN_POINT('',(0.0265974088512515,-0.0455,1.28587913910472E-19));
#9554=CARTESIAN_POINT('',(0.0265974088512515,-0.0455,-0.0021));
#9555=CARTESIAN_POINT('',(0.0265974088512515,-0.0609750125,2.48837409011493E-13));
#9556=CARTESIAN_POINT('',(0.0265974088512515,-0.0455,1.16341445918999E-19));
#9557=CARTESIAN_POINT('',(0.0265974088512515,-0.0455,-0.0019));
#9558=CARTESIAN_POINT('',(0.0205974088512515,-0.0609750125,2.48837409011493E-13));
#9559=CARTESIAN_POINT('',(0.0205974088512515,-0.0755,1.16341445918999E-19));
#9560=CARTESIAN_POINT('',(0.0205974088512515,-0.0755,-0.0019));
#9561=CARTESIAN_POINT('',(0.0205974088512515,-0.0755,1.16341445918999E-19));
#9562=CARTESIAN_POINT('',(0.0205974088512515,-0.0609750125,2.48837409011493E-13));
#9563=CARTESIAN_POINT('',(0.0205974088512515,-0.0605,1.16341445918999E-19));
#9564=CARTESIAN_POINT('',(0.0205974088512515,-0.0605,-0.0019));
#9565=CARTESIAN_POINT('',(0.0205974088512515,-0.0605,1.16341445918999E-19));
#9566=CARTESIAN_POINT('',(0.0205974088512515,-0.0609750125,2.48837409011493E-13));
#9567=CARTESIAN_POINT('',(0.0205974088512515,-0.0455,1.16341445918999E-19));
#9568=CARTESIAN_POINT('',(0.0205974088512515,-0.0455,-0.0019));
#9569=CARTESIAN_POINT('',(0.0205974088512515,-0.0455,1.16341445918999E-19));
#9570=CARTESIAN_POINT('',(0.027,-0.0155,-0.012));
#9571=CARTESIAN_POINT('',(0.027,-0.0155,-0.012));
#9572=CARTESIAN_POINT('',(0.027,-0.0155,-0.0135));
#9573=CARTESIAN_POINT('',(0.,-0.0155,0.));
#9574=CARTESIAN_POINT('',(-0.027,-0.0155,-0.012));
#9575=CARTESIAN_POINT('',(-0.027,-0.0155,-0.012));
#9576=CARTESIAN_POINT('',(-0.027,-0.0155,-0.0135));
#9577=CARTESIAN_POINT('',(0.,-0.0155,0.));
#9578=CARTESIAN_POINT('',(0.,0.,0.));
#9579=CARTESIAN_POINT('',(0.0429599906028698,-1.10841501014581E-10,-0.0163690447224725));
#9580=CARTESIAN_POINT('',(0.0429599906028698,1.7392619459251E-13,0.016369044786832));
#9581=CARTESIAN_POINT('',(0.0428985112394801,0.00132371263225089,-0.0163690447266475));
#9582=CARTESIAN_POINT('',(0.0428985112394801,0.00132371274326632,0.016369044782657));
#9583=CARTESIAN_POINT('',(0.0426246751503808,0.0040215488362575,-0.0163690447351566));
#9584=CARTESIAN_POINT('',(0.0426246751503808,0.00402154894727292,0.0163690447741479));
#9585=CARTESIAN_POINT('',(0.0417281525017241,0.00748091228921457,-0.0163690447460675));
#9586=CARTESIAN_POINT('',(0.0417281525017241,0.00748091240023,0.016369044763237));
#9587=CARTESIAN_POINT('',(0.0404853162734033,0.00967742496117775,-0.0163690447529954));
#9588=CARTESIAN_POINT('',(0.0404853162734033,0.00967742507219318,0.0163690447563091));
#9589=CARTESIAN_POINT('',(0.0395932108357423,0.0101624724004543,-0.0163690447545252));
#9590=CARTESIAN_POINT('',(0.0395932108357423,0.0101624725114697,0.0163690447547793));
#9591=CARTESIAN_POINT('',(0.0391672626068525,0.0102041027030235,-0.0163690447546566));
#9592=CARTESIAN_POINT('',(0.0391672626068525,0.0102041028140389,0.016369044754648));
#9593=CARTESIAN_POINT('',(0.0429599906028378,3.70879336011242E-20,-0.007));
#9594=CARTESIAN_POINT('',(0.0429599906050377,3.70879336011242E-20,-0.01));
#9595=CARTESIAN_POINT('',(0.0429599906086718,-8.75315011141625E-20,-0.013));
#9596=CARTESIAN_POINT('',(0.0429599906137563,-8.75315011141625E-20,-0.016));
#9597=CARTESIAN_POINT('',(0.0429599906028378,0.,-0.007));
#9598=CARTESIAN_POINT('',(0.0429599906137563,-7.80625564189563E-18,-0.0160000221640376));
#9599=CARTESIAN_POINT('',(0.0429599906029214,3.19442891947547E-19,0.007));
#9600=CARTESIAN_POINT('',(0.0428736441732982,0.00185912579196455,0.007));
#9601=CARTESIAN_POINT('',(0.042497078916013,0.00456061749115363,0.00584855209006631));
#9602=CARTESIAN_POINT('',(0.0419086720221486,0.00662536110244314,0.00277146514269436));
#9603=CARTESIAN_POINT('',(0.0416996912033595,0.0071868197987031,-1.30679414923313E-6));
#9604=CARTESIAN_POINT('',(0.0419080230776357,0.00662735969641169,-0.00276550845263869));
#9605=CARTESIAN_POINT('',(0.042497095927572,0.00456112054017435,-0.00585043233091542));
#9606=CARTESIAN_POINT('',(0.0428736460395408,0.0018590856062254,-0.007));
#9607=CARTESIAN_POINT('',(0.0429599906028378,7.63883525134042E-19,-0.007));
#9608=CARTESIAN_POINT('',(0.0429599906029214,3.19442891947547E-19,0.007));
#9609=CARTESIAN_POINT('',(0.0429599906137995,7.35519555966897E-20,0.016));
#9610=CARTESIAN_POINT('',(0.0429599906087754,7.35519555966897E-20,0.013));
#9611=CARTESIAN_POINT('',(0.042959990605144,6.04510889838858E-20,0.01));
#9612=CARTESIAN_POINT('',(0.0429599906029214,6.04510889838858E-20,0.007));
#9613=CARTESIAN_POINT('',(0.0429599906137995,2.99607559383982E-17,0.0160000110820188));
#9614=CARTESIAN_POINT('',(0.0391672626339875,0.0102041029802635,0.0161749454097312));
#9615=CARTESIAN_POINT('',(0.0396514525753629,0.0101567804996954,0.0161343832835787));
#9616=CARTESIAN_POINT('',(0.040477098038404,0.00956890809589772,0.0160768686285119));
#9617=CARTESIAN_POINT('',(0.0412402800866219,0.00834058023744707,0.0160387772592716));
#9618=CARTESIAN_POINT('',(0.0417880815142809,0.00702235696374751,0.016018556028056));
#9619=CARTESIAN_POINT('',(0.0423265552999622,0.00520248070899255,0.0160048897623721));
#9620=CARTESIAN_POINT('',(0.042753963492021,0.00284791520829943,0.0160003028073677));
#9621=CARTESIAN_POINT('',(0.0429157191325753,0.000953209843694363,0.0160000711781377));
#9622=CARTESIAN_POINT('',(0.0429599906137995,1.03343633456225E-16,0.0160000221640376));
#9623=CARTESIAN_POINT('',(0.0391672626337713,0.0102041029780408,0.0161749454097493));
#9624=CARTESIAN_POINT('',(0.0391672626201669,0.0102041028120794,0.0161749454095322));
#9625=CARTESIAN_POINT('',(0.0391672626165927,0.0102041027758624,0.0053916484698412));
#9626=CARTESIAN_POINT('',(0.0391672626130184,0.0102041027396454,-0.00539164846984981));
#9627=CARTESIAN_POINT('',(0.0391672626094441,0.0102041027034284,-0.0161749454095408));
#9628=CARTESIAN_POINT('',(0.0391672626336693,0.0102041029780508,-0.0161749454097578));
#9629=CARTESIAN_POINT('',(0.0429599906137563,-8.62916335300276E-18,-0.0160000221640376));
#9630=CARTESIAN_POINT('',(0.0429157267110987,0.000953046668983617,-0.0160000711697474));
#9631=CARTESIAN_POINT('',(0.0427538820907468,0.00284904372245948,-0.0160003014602505));
#9632=CARTESIAN_POINT('',(0.0423263328707227,0.00520285420066804,-0.0160048969474762));
#9633=CARTESIAN_POINT('',(0.0417891440723623,0.0070189448542379,-0.016018529269531));
#9634=CARTESIAN_POINT('',(0.0412415054946197,0.00833905687720117,-0.0160387076183889));
#9635=CARTESIAN_POINT('',(0.0404744256843322,0.00957206978214197,-0.016077026291768));
#9636=CARTESIAN_POINT('',(0.0396508398925257,0.0101568403804629,-0.0161344346099612));
#9637=CARTESIAN_POINT('',(0.0391672626338854,0.0102041029802735,-0.0161749454097397));
#9638=CARTESIAN_POINT('',(0.0399999999996687,0.00986634176668745,0.00258752780354856));
#9639=CARTESIAN_POINT('',(0.0398492738713725,0.00997578666008193,0.00217021026927211));
#9640=CARTESIAN_POINT('',(0.0396200194530693,0.0100995589565904,0.00153626832353775));
#9641=CARTESIAN_POINT('',(0.0393290707532566,0.0101844640155005,0.000678893893232734));
#9642=CARTESIAN_POINT('',(0.0391423853511499,0.0102076574701513,5.66141351240608E-6));
#9643=CARTESIAN_POINT('',(0.0393267642393253,0.0101848999353373,-0.000674061716160126));
#9644=CARTESIAN_POINT('',(0.0396190813012617,0.0101001396565241,-0.00153246849121741));
#9645=CARTESIAN_POINT('',(0.0398488442457745,0.00997609860060164,-0.00216902083115223));
#9646=CARTESIAN_POINT('',(0.0399999999765521,0.00986634176523848,-0.00258752781077053));
#9647=CARTESIAN_POINT('',(0.04,0.0098663417671325,0.00258752780354856));
#9648=CARTESIAN_POINT('',(0.04,0.00986634176703852,-0.00258752780393466));
#9649=CARTESIAN_POINT('',(0.04,0.00986634176522209,0.00233060672175125));
#9650=CARTESIAN_POINT('',(-0.0391366398848049,0.0102067821662311,-0.0163690447546404));
#9651=CARTESIAN_POINT('',(-0.0391366398848049,0.0102067831653695,0.0163690447546515));
#9652=CARTESIAN_POINT('',(-0.0395662650417749,0.0101732492399386,-0.0163690447547462));
#9653=CARTESIAN_POINT('',(-0.0395662650417749,0.010173250239077,0.0163690447545457));
#9654=CARTESIAN_POINT('',(-0.0404698969616445,0.0097011994253034,-0.016369044756235));
#9655=CARTESIAN_POINT('',(-0.0404698969616445,0.0097012004244418,0.0163690447530568));
#9656=CARTESIAN_POINT('',(-0.0417295230393432,0.00748604554332902,-0.0163690447632217));
#9657=CARTESIAN_POINT('',(-0.0417295230393432,0.00748604654246742,0.0163690447460702));
#9658=CARTESIAN_POINT('',(-0.0426346125566727,0.00397723805111332,-0.0163690447742886));
#9659=CARTESIAN_POINT('',(-0.0426346125566727,0.00397723905025172,0.0163690447350033));
#9660=CARTESIAN_POINT('',(-0.0429056352671869,0.00124321141625404,-0.0163690447829118));
#9661=CARTESIAN_POINT('',(-0.0429056352671869,0.00124321241539244,0.0163690447263801));
#9662=CARTESIAN_POINT('',(-0.0429642903068064,-9.52692941043818E-5,-0.0163690447871334));
#9663=CARTESIAN_POINT('',(-0.0429642903068064,-9.52682949659805E-5,0.0163690447221585));
#9664=CARTESIAN_POINT('',(-0.0429599906029971,-1.30811044027613E-18,0.007));
#9665=CARTESIAN_POINT('',(-0.0429599906052007,-1.30811044027613E-18,0.01));
#9666=CARTESIAN_POINT('',(-0.0429599906088089,1.95937174056685E-19,0.013));
#9667=CARTESIAN_POINT('',(-0.0429599906138118,1.95937174056685E-19,0.016));
#9668=CARTESIAN_POINT('',(-0.0429599906029971,0.,0.007));
#9669=CARTESIAN_POINT('',(-0.0429599906138118,-1.04083408558608E-17,0.0160000221640376));
#9670=CARTESIAN_POINT('',(-0.042959990602947,2.65927585544578E-19,-0.007));
#9671=CARTESIAN_POINT('',(-0.0429168110516559,0.000929699327070644,-0.007));
#9672=CARTESIAN_POINT('',(-0.0427586771797532,0.00275637593432938,-0.006630677911005));
#9673=CARTESIAN_POINT('',(-0.0423474883798259,0.00507606345992647,-0.00507680436698849));
#9674=CARTESIAN_POINT('',(-0.0419095226668239,0.00662496179084467,-0.0027734770808102));
#9675=CARTESIAN_POINT('',(-0.0416995151795354,0.00718677243672524,1.16099614603273E-6));
#9676=CARTESIAN_POINT('',(-0.0419078766300143,0.00662794817531616,0.00276392363492084));
#9677=CARTESIAN_POINT('',(-0.0424969807814282,0.00456166036425364,0.00585045022674624));
#9678=CARTESIAN_POINT('',(-0.0428736367449257,0.00185928573564889,0.007));
#9679=CARTESIAN_POINT('',(-0.0429599906029972,3.22172583274724E-18,0.007));
#9680=CARTESIAN_POINT('',(-0.042959990602947,2.65927585544577E-19,-0.007));
#9681=CARTESIAN_POINT('',(-0.0429599906137858,5.97956664484313E-19,-0.016));
#9682=CARTESIAN_POINT('',(-0.0429599906087466,5.97956664484313E-19,-0.013));
#9683=CARTESIAN_POINT('',(-0.0429599906051369,2.65927585544577E-19,-0.01));
#9684=CARTESIAN_POINT('',(-0.042959990602947,2.65927585544577E-19,-0.007));
#9685=CARTESIAN_POINT('',(-0.0429599906137859,-1.66145755585317E-17,-0.0160000110820188));
#9686=CARTESIAN_POINT('',(-0.0391672626339759,0.0102041029802647,-0.0161749454097321));
#9687=CARTESIAN_POINT('',(-0.0396514525753258,0.0101567804996914,-0.0161343832835817));
#9688=CARTESIAN_POINT('',(-0.0404770980384802,0.00956890809579726,-0.0160768686285065));
#9689=CARTESIAN_POINT('',(-0.0412402800866397,0.00834058023725982,-0.0160387772592716));
#9690=CARTESIAN_POINT('',(-0.0417880815141714,0.00702235696391313,-0.0160185560280594));
#9691=CARTESIAN_POINT('',(-0.0423265553000005,0.0052024807087066,-0.0160048897623707));
#9692=CARTESIAN_POINT('',(-0.0427539634919854,0.00284791520818474,-0.0160003028073685));
#9693=CARTESIAN_POINT('',(-0.0429157191325547,0.000953209843689653,-0.0160000711781377));
#9694=CARTESIAN_POINT('',(-0.0429599906137859,-5.78990631338988E-17,-0.0160000221640376));
#9695=CARTESIAN_POINT('',(-0.0391672626337598,0.0102041029780419,-0.0161749454097503));
#9696=CARTESIAN_POINT('',(-0.0391672625670522,0.0102041022687756,-0.0161749454095334));
#9697=CARTESIAN_POINT('',(-0.0391672625989359,0.0102041025947564,-0.00539164846984642));
#9698=CARTESIAN_POINT('',(-0.0391672626308195,0.0102041029207372,0.00539164846984054));
#9699=CARTESIAN_POINT('',(-0.0391672626627031,0.010204103246718,0.0161749454095275));
#9700=CARTESIAN_POINT('',(-0.0391672626338298,0.0102041029780351,0.0161749454097444));
#9701=CARTESIAN_POINT('',(-0.0429599906138118,-9.03648462299933E-18,0.0160000221640376));
#9702=CARTESIAN_POINT('',(-0.0429157137281104,0.000953326207702883,0.0160000711841211));
#9703=CARTESIAN_POINT('',(-0.0427533233830149,0.00284750694942387,0.0160003147642736));
#9704=CARTESIAN_POINT('',(-0.0423319125160987,0.00517653624120945,0.0160048283917385));
#9705=CARTESIAN_POINT('',(-0.041794334692237,0.00700762694744524,0.0160183210179053));
#9706=CARTESIAN_POINT('',(-0.0412361362577494,0.00834784159443792,0.0160389787102877));
#9707=CARTESIAN_POINT('',(-0.0404853539557249,0.00955857340306688,0.0160763905376106));
#9708=CARTESIAN_POINT('',(-0.0396531633968469,0.0101566132919335,0.0161342399626405));
#9709=CARTESIAN_POINT('',(-0.0391672626340459,0.0102041029802578,0.0161749454097263));
#9710=CARTESIAN_POINT('',(-0.0399999999786965,0.00986634173832051,-0.00258752780266673));
#9711=CARTESIAN_POINT('',(-0.0398492738612815,0.00997578663277924,-0.00217021026538989));
#9712=CARTESIAN_POINT('',(-0.0396200193299679,0.0100995589556667,-0.00153626836340324));
#9713=CARTESIAN_POINT('',(-0.0393290706409511,0.0101844640128679,-0.000678893929713537));
#9714=CARTESIAN_POINT('',(-0.0391423853480909,0.0102076574703639,-5.66140480882844E-6));
#9715=CARTESIAN_POINT('',(-0.0393267643571121,0.0101848999371016,0.000674061677439954));
#9716=CARTESIAN_POINT('',(-0.039619081402499,0.0101001396618905,0.00153246846064183));
#9717=CARTESIAN_POINT('',(-0.0398488443558191,0.00997609860787184,0.00216902079765176));
#9718=CARTESIAN_POINT('',(-0.0400000000857601,0.00986634177400585,0.00258752777734019));
#9719=CARTESIAN_POINT('',(-0.04,0.00986634176736377,-0.00258752780266673));
#9720=CARTESIAN_POINT('',(-0.04,0.00986634176743057,0.00258752780241171));
#9721=CARTESIAN_POINT('',(-0.04,0.00986634175730874,-1.27511007368002E-13));
#9722=CARTESIAN_POINT('',(0.043,0.0198557296516648,0.016));
#9723=CARTESIAN_POINT('',(0.0369963424876057,0.0198557296516648,0.016));
#9724=CARTESIAN_POINT('',(0.0310036575123943,0.0185472369909914,0.0175));
#9725=CARTESIAN_POINT('',(0.025,0.0185472369909914,0.0175));
#9726=CARTESIAN_POINT('',(0.043,0.0203079133384561,0.0154388476851362));
#9727=CARTESIAN_POINT('',(0.0369963422272018,0.0203079133384561,0.0154388476851362));
#9728=CARTESIAN_POINT('',(0.0310036577727981,0.0190987458438002,0.0169154876916757));
#9729=CARTESIAN_POINT('',(0.025,0.0190987458438002,0.0169154876916757));
#9730=CARTESIAN_POINT('',(0.043,0.0207362935648697,0.0148585157666654));
#9731=CARTESIAN_POINT('',(0.0369963136052601,0.0207362935648697,0.0148585157666654));
#9732=CARTESIAN_POINT('',(0.0310036863947399,0.01962260158349,0.0163048864749178));
#9733=CARTESIAN_POINT('',(0.025,0.01962260158349,0.0163048864749178));
#9734=CARTESIAN_POINT('',(0.043,0.0215423721176914,0.0136636585561704));
#9735=CARTESIAN_POINT('',(0.0369962154142567,0.0215423721176914,0.0136636585561704));
#9736=CARTESIAN_POINT('',(0.0310037845857433,0.0206103325732557,0.0150369547144406));
#9737=CARTESIAN_POINT('',(0.025,0.0206103325732557,0.0150369547144406));
#9738=CARTESIAN_POINT('',(0.043,0.0219200695714796,0.013049134514526));
#9739=CARTESIAN_POINT('',(0.036996145845195,0.0219200695714796,0.013049134514526));
#9740=CARTESIAN_POINT('',(0.0310038541548049,0.0210742061717008,0.0143796262154824));
#9741=CARTESIAN_POINT('',(0.025,0.0210742061717008,0.0143796262154824));
#9742=CARTESIAN_POINT('',(0.043,0.0226220687193653,0.0117903082424936));
#9743=CARTESIAN_POINT('',(0.0369959815359077,0.0226220687193653,0.0117903082424936));
#9744=CARTESIAN_POINT('',(0.0310040184640923,0.0219378287342125,0.0130241117275882));
#9745=CARTESIAN_POINT('',(0.025,0.0219378287342125,0.0130241117275882));
#9746=CARTESIAN_POINT('',(0.043,0.022946369809096,0.0111460070958575));
#9747=CARTESIAN_POINT('',(0.0369958867956821,0.022946369809096,0.0111460070958575));
#9748=CARTESIAN_POINT('',(0.031004113204318,0.0223375765487246,0.0123259275429564));
#9749=CARTESIAN_POINT('',(0.025,0.0223375765487246,0.0123259275429564));
#9750=CARTESIAN_POINT('',(0.043,0.0235392463264625,0.00983225528446147));
#9751=CARTESIAN_POINT('',(0.0369956879200224,0.0235392463264625,0.00983225528446147));
#9752=CARTESIAN_POINT('',(0.0310043120799775,0.023069376831774,0.0108949377445653));
#9753=CARTESIAN_POINT('',(0.025,0.023069376831774,0.0108949377445653));
#9754=CARTESIAN_POINT('',(0.043,0.0238078212436776,0.00916280575073994));
#9755=CARTESIAN_POINT('',(0.0369955837845886,0.0238078212436776,0.00916280575073994));
#9756=CARTESIAN_POINT('',(0.0310044162154114,0.0234014283262233,0.0101621340355743));
#9757=CARTESIAN_POINT('',(0.025,0.0234014283262233,0.0101621340355743));
#9758=CARTESIAN_POINT('',(0.043,0.0242873158518221,0.00780356651221294));
#9759=CARTESIAN_POINT('',(0.0369953818944685,0.0242873158518221,0.00780356651221294));
#9760=CARTESIAN_POINT('',(0.0310046181055315,0.0239948699104593,0.00866845048693691));
#9761=CARTESIAN_POINT('',(0.025,0.0239948699104593,0.00866845048693691));
#9762=CARTESIAN_POINT('',(0.043,0.0244982351299438,0.00711377797760709));
#9763=CARTESIAN_POINT('',(0.0369952848355377,0.0244982351299438,0.00711377797760709));
#9764=CARTESIAN_POINT('',(0.0310047151644623,0.0242562592103252,0.00790757263550954));
#9765=CARTESIAN_POINT('',(0.025,0.0242562592103252,0.00790757263550954));
#9766=CARTESIAN_POINT('',(0.043,0.0248609030960883,0.00571881620998632));
#9767=CARTESIAN_POINT('',(0.0369951085321457,0.0248609030960883,0.00571881620998632));
#9768=CARTESIAN_POINT('',(0.0310048914678543,0.0247060414923665,0.00636453687567371));
#9769=CARTESIAN_POINT('',(0.025,0.0247060414923665,0.00636453687567371));
#9770=CARTESIAN_POINT('',(0.043,0.0250126514718822,0.00501364417792536));
#9771=CARTESIAN_POINT('',(0.0369950292876845,0.0250126514718822,0.00501364417792536));
#9772=CARTESIAN_POINT('',(0.0310049707123154,0.0248944338758437,0.00558238102117613));
#9773=CARTESIAN_POINT('',(0.025,0.0248944338758437,0.00558238102117613));
#9774=CARTESIAN_POINT('',(0.043,0.025255887356447,0.00359298141313875));
#9775=CARTESIAN_POINT('',(0.0369948986554431,0.025255887356447,0.00359298141313875));
#9776=CARTESIAN_POINT('',(0.0310051013445569,0.0251965394131173,0.00400377540173882));
#9777=CARTESIAN_POINT('',(0.025,0.0251965394131173,0.00400377540173882));
#9778=CARTESIAN_POINT('',(0.043,0.0253473746558106,0.00287749190349363));
#9779=CARTESIAN_POINT('',(0.0369948481517779,0.0253473746558106,0.00287749190349363));
#9780=CARTESIAN_POINT('',(0.0310051521458731,0.0253102521647856,0.00320732773805644));
#9781=CARTESIAN_POINT('',(0.025,0.0253102521647856,0.00320732773805644));
#9782=CARTESIAN_POINT('',(0.043,0.0254694310301276,0.00144133431176504));
#9783=CARTESIAN_POINT('',(0.0369947793661765,0.0254694310301276,0.00144133431176504));
#9784=CARTESIAN_POINT('',(0.0310052212291255,0.02546198255921,0.00160725231959072));
#9785=CARTESIAN_POINT('',(0.025,0.02546198255921,0.00160725231959072));
#9786=CARTESIAN_POINT('',(0.043,0.0255,0.000720667466101928));
#9787=CARTESIAN_POINT('',(0.0369947610842402,0.0255,0.000720667466101928));
#9788=CARTESIAN_POINT('',(0.0310052395110617,0.0255,0.000803626694642854));
#9789=CARTESIAN_POINT('',(0.025,0.0255,0.000803626694642854));
#9790=CARTESIAN_POINT('',(0.043,0.0255,-0.000720667466101929));
#9791=CARTESIAN_POINT('',(0.0369947593389149,0.0255,-0.000720667466101929));
#9792=CARTESIAN_POINT('',(0.0310052400657831,0.0255,-0.000803626694642861));
#9793=CARTESIAN_POINT('',(0.025,0.0255,-0.000803626694642861));
#9794=CARTESIAN_POINT('',(0.043,0.0254694310301276,-0.00144133431176503));
#9795=CARTESIAN_POINT('',(0.0369947776208511,0.0254694310301276,-0.00144133431176503));
#9796=CARTESIAN_POINT('',(0.0310052217838469,0.02546198255921,-0.00160725231959074));
#9797=CARTESIAN_POINT('',(0.025,0.02546198255921,-0.00160725231959074));
#9798=CARTESIAN_POINT('',(0.043,0.0253473746558106,-0.00287749190349362));
#9799=CARTESIAN_POINT('',(0.0369948472791152,0.0253473746558106,-0.00287749190349362));
#9800=CARTESIAN_POINT('',(0.0310051524232338,0.0253102521647856,-0.00320732773805646));
#9801=CARTESIAN_POINT('',(0.025,0.0253102521647856,-0.00320732773805646));
#9802=CARTESIAN_POINT('',(0.043,0.025255887356447,-0.00359298141313875));
#9803=CARTESIAN_POINT('',(0.0369948986554431,0.025255887356447,-0.00359298141313875));
#9804=CARTESIAN_POINT('',(0.0310051013445569,0.0251965394131173,-0.00400377540173883));
#9805=CARTESIAN_POINT('',(0.025,0.0251965394131173,-0.00400377540173883));
#9806=CARTESIAN_POINT('',(0.043,0.0250126514718822,-0.00501364417792536));
#9807=CARTESIAN_POINT('',(0.0369950292876845,0.0250126514718822,-0.00501364417792536));
#9808=CARTESIAN_POINT('',(0.0310049707123154,0.0248944338758437,-0.00558238102117614));
#9809=CARTESIAN_POINT('',(0.025,0.0248944338758437,-0.00558238102117614));
#9810=CARTESIAN_POINT('',(0.043,0.0248609030960883,-0.00571881620998633));
#9811=CARTESIAN_POINT('',(0.0369951085321457,0.0248609030960883,-0.00571881620998633));
#9812=CARTESIAN_POINT('',(0.0310048914678543,0.0247060414923665,-0.00636453687567372));
#9813=CARTESIAN_POINT('',(0.025,0.0247060414923665,-0.00636453687567372));
#9814=CARTESIAN_POINT('',(0.043,0.0244982351299438,-0.00711377797760709));
#9815=CARTESIAN_POINT('',(0.0369952848355377,0.0244982351299438,-0.00711377797760709));
#9816=CARTESIAN_POINT('',(0.0310047151644623,0.0242562592103252,-0.00790757263550955));
#9817=CARTESIAN_POINT('',(0.025,0.0242562592103252,-0.00790757263550955));
#9818=CARTESIAN_POINT('',(0.043,0.0242873158518221,-0.00780356651221293));
#9819=CARTESIAN_POINT('',(0.0369953818944685,0.0242873158518221,-0.00780356651221293));
#9820=CARTESIAN_POINT('',(0.0310046181055315,0.0239948699104593,-0.00866845048693692));
#9821=CARTESIAN_POINT('',(0.025,0.0239948699104593,-0.00866845048693692));
#9822=CARTESIAN_POINT('',(0.043,0.0238078212436776,-0.00916280575073993));
#9823=CARTESIAN_POINT('',(0.0369955837845886,0.0238078212436776,-0.00916280575073993));
#9824=CARTESIAN_POINT('',(0.0310044162154114,0.0234014283262233,-0.0101621340355743));
#9825=CARTESIAN_POINT('',(0.025,0.0234014283262233,-0.0101621340355743));
#9826=CARTESIAN_POINT('',(0.043,0.0235392463264625,-0.00983225528446146));
#9827=CARTESIAN_POINT('',(0.0369956879200224,0.0235392463264625,-0.00983225528446146));
#9828=CARTESIAN_POINT('',(0.0310043120799775,0.023069376831774,-0.0108949377445653));
#9829=CARTESIAN_POINT('',(0.025,0.023069376831774,-0.0108949377445653));
#9830=CARTESIAN_POINT('',(0.043,0.022946369809096,-0.0111460070958575));
#9831=CARTESIAN_POINT('',(0.0369958867956821,0.022946369809096,-0.0111460070958575));
#9832=CARTESIAN_POINT('',(0.031004113204318,0.0223375765487246,-0.0123259275429564));
#9833=CARTESIAN_POINT('',(0.025,0.0223375765487246,-0.0123259275429564));
#9834=CARTESIAN_POINT('',(0.043,0.0226220687193653,-0.0117903082424936));
#9835=CARTESIAN_POINT('',(0.0369959815359077,0.0226220687193653,-0.0117903082424936));
#9836=CARTESIAN_POINT('',(0.0310040184640923,0.0219378287342125,-0.0130241117275882));
#9837=CARTESIAN_POINT('',(0.025,0.0219378287342125,-0.0130241117275882));
#9838=CARTESIAN_POINT('',(0.043,0.0219200695714796,-0.0130491345145259));
#9839=CARTESIAN_POINT('',(0.036996145845195,0.0219200695714796,-0.0130491345145259));
#9840=CARTESIAN_POINT('',(0.0310038541548049,0.0210742061717008,-0.0143796262154824));
#9841=CARTESIAN_POINT('',(0.025,0.0210742061717008,-0.0143796262154824));
#9842=CARTESIAN_POINT('',(0.043,0.0215423721176914,-0.0136636585561704));
#9843=CARTESIAN_POINT('',(0.0369962154142567,0.0215423721176914,-0.0136636585561704));
#9844=CARTESIAN_POINT('',(0.0310037845857433,0.0206103325732557,-0.0150369547144406));
#9845=CARTESIAN_POINT('',(0.025,0.0206103325732557,-0.0150369547144406));
#9846=CARTESIAN_POINT('',(0.043,0.0207362935648697,-0.0148585157666653));
#9847=CARTESIAN_POINT('',(0.0369963136052601,0.0207362935648697,-0.0148585157666653));
#9848=CARTESIAN_POINT('',(0.0310036863947399,0.01962260158349,-0.0163048864749178));
#9849=CARTESIAN_POINT('',(0.025,0.01962260158349,-0.0163048864749178));
#9850=CARTESIAN_POINT('',(0.043,0.020307913338456,-0.0154388476851362));
#9851=CARTESIAN_POINT('',(0.0369963422272018,0.020307913338456,-0.0154388476851362));
#9852=CARTESIAN_POINT('',(0.0310036577727981,0.0190987458438002,-0.0169154876916757));
#9853=CARTESIAN_POINT('',(0.025,0.0190987458438002,-0.0169154876916757));
#9854=CARTESIAN_POINT('',(0.043,0.0198557296516648,-0.016));
#9855=CARTESIAN_POINT('',(0.0369963424876057,0.0198557296516648,-0.016));
#9856=CARTESIAN_POINT('',(0.0310036575123943,0.0185472369909914,-0.0175));
#9857=CARTESIAN_POINT('',(0.025,0.0185472369909914,-0.0175));
#9858=CARTESIAN_POINT('',(0.029197693089717,0.0190820006244544,-0.0169059378174701));
#9859=CARTESIAN_POINT('',(0.0279987171039935,0.0188329832690725,-0.0171841097435339));
#9860=CARTESIAN_POINT('',(0.026807438494309,0.0190904608971548,-0.0169070270779118));
#9861=CARTESIAN_POINT('',(0.02593930786541,0.0196545723396388,-0.0162561989469633));
#9862=CARTESIAN_POINT('',(0.0254031288419364,0.0203289219358061,-0.0154081139509543));
#9863=CARTESIAN_POINT('',(0.0251215440692359,0.0212590571332523,-0.0141245389501273));
#9864=CARTESIAN_POINT('',(0.0255563223532121,0.0221100444956657,-0.01273311500919));
#9865=CARTESIAN_POINT('',(0.0267871626164681,0.0226180938662779,-0.0117781009389553));
#9866=CARTESIAN_POINT('',(0.0279868580816016,0.0227563986689582,-0.0115013008867654));
#9867=CARTESIAN_POINT('',(0.0291882075931455,0.0226208262157843,-0.0117662799738357));
#9868=CARTESIAN_POINT('',(0.0304344425791836,0.0221130494013334,-0.012714991908049));
#9869=CARTESIAN_POINT('',(0.0308786516916503,0.0212554533561765,-0.0141138228517298));
#9870=CARTESIAN_POINT('',(0.0305998399195531,0.0203212648182194,-0.0154006986276191));
#9871=CARTESIAN_POINT('',(0.0300668795546647,0.0196468884065874,-0.0162495475168003));
#9872=CARTESIAN_POINT('',(0.029197693089717,0.0190820006244544,-0.0169059378174701));
#9873=CARTESIAN_POINT('',(0.0279987171039935,0.0188329832690725,-0.0171841097435339));
#9874=CARTESIAN_POINT('',(0.026807438494309,0.0190904608971548,-0.0169070270779118));
#9875=CARTESIAN_POINT('',(0.028,0.0189173990996498,-0.0170915673115862));
#9876=CARTESIAN_POINT('',(0.043,0.0198557296516648,-0.016));
#9877=CARTESIAN_POINT('',(0.0369963424876057,0.0198557296516648,-0.016));
#9878=CARTESIAN_POINT('',(0.0310036575123943,0.0185472369909914,-0.0175));
#9879=CARTESIAN_POINT('',(0.025,0.0185472369909914,-0.0175));
#9880=CARTESIAN_POINT('',(0.043,0.0198557296516648,-0.016));
#9881=CARTESIAN_POINT('',(0.025,0.0185472369909914,-0.0175));
#9882=CARTESIAN_POINT('',(0.025,5.20417042793042E-18,-1.7347234759768E-18));
#9883=CARTESIAN_POINT('',(0.025,0.0185472369909914,0.0175));
#9884=CARTESIAN_POINT('',(0.043,0.0198557296516648,0.016));
#9885=CARTESIAN_POINT('',(0.0369963424876057,0.0198557296516648,0.016));
#9886=CARTESIAN_POINT('',(0.0310036575123943,0.0185472369909914,0.0175));
#9887=CARTESIAN_POINT('',(0.025,0.0185472369909914,0.0175));
#9888=CARTESIAN_POINT('',(0.043,0.0198557296516648,0.016));
#9889=CARTESIAN_POINT('',(0.043,1.56125112837912E-17,-1.7347234759768E-18));
#9890=CARTESIAN_POINT('',(0.0267959155589484,0.0226204300301438,0.0117738909506996));
#9891=CARTESIAN_POINT('',(0.0280013589747538,0.0227565272686626,0.0115009182476812));
#9892=CARTESIAN_POINT('',(0.0291986485420364,0.0226179612524416,0.0117718399280929));
#9893=CARTESIAN_POINT('',(0.0304377637929698,0.022109213965336,0.0127216190303322));
#9894=CARTESIAN_POINT('',(0.0308788910303554,0.0212520210909568,0.0141188767463193));
#9895=CARTESIAN_POINT('',(0.0305981735704974,0.0203191410511491,0.0154034018302028));
#9896=CARTESIAN_POINT('',(0.0300679041102828,0.0196476002163641,0.0162486415092921));
#9897=CARTESIAN_POINT('',(0.0291962226397763,0.0190821254847696,0.0169058279757775));
#9898=CARTESIAN_POINT('',(0.0280069277800648,0.0188331088935383,0.0171839226580175));
#9899=CARTESIAN_POINT('',(0.0268073391257523,0.0190897344476807,0.0169078556254801));
#9900=CARTESIAN_POINT('',(0.0259401576158433,0.0196538615493153,0.0162570096461016));
#9901=CARTESIAN_POINT('',(0.0254007520023093,0.0203316791940324,0.0154050259375982));
#9902=CARTESIAN_POINT('',(0.0251930146764669,0.0210301640089111,0.0144385340218457));
#9903=CARTESIAN_POINT('',(0.0253360798443691,0.0216862427527415,0.0134318221175256));
#9904=CARTESIAN_POINT('',(0.025870694888361,0.0222412749575152,0.0124853929281006));
#9905=CARTESIAN_POINT('',(0.0267959155589484,0.0226204300301438,0.0117738909506996));
#9906=CARTESIAN_POINT('',(0.0280013589747538,0.0227565272686626,0.0115009182476812));
#9907=CARTESIAN_POINT('',(0.0291986485420364,0.0226179612524416,0.0117718399280929));
#9908=CARTESIAN_POINT('',(0.028,0.0227107500595393,0.0115915673115863));
#9909=CARTESIAN_POINT('',(0.0392524105856645,0.0101958324689054,0.0177100021627336));
#9910=CARTESIAN_POINT('',(0.0392524159586353,0.0101958324689054,-0.0177099979622066));
#9911=CARTESIAN_POINT('',(0.0344648724863142,0.0106562514858548,0.0177100014364969));
#9912=CARTESIAN_POINT('',(0.034464877859285,0.0106562514858548,-0.0177099986884433));
#9913=CARTESIAN_POINT('',(0.0297424632088148,0.0117630599672635,0.0177100007201399));
#9914=CARTESIAN_POINT('',(0.0297424685817856,0.0117630599672635,-0.0177099994048003));
#9915=CARTESIAN_POINT('',(0.024914126095246,0.0117498822837468,0.0177099999877143));
#9916=CARTESIAN_POINT('',(0.0249141314682168,0.0117498822837468,-0.0177100001372259));
#9917=CARTESIAN_POINT('',(0.0296930323441664,0.0114553064257166,-0.00751438318778965));
#9918=CARTESIAN_POINT('',(0.0327426203502173,0.0111124445478376,-0.00803705920452288));
#9919=CARTESIAN_POINT('',(0.0357356538270549,0.0105603086024144,-0.00874084482633913));
#9920=CARTESIAN_POINT('',(0.038811790691017,0.0102399927749999,-0.00910123881501579));
#9921=CARTESIAN_POINT('',(0.0296930323441767,0.0114553064257155,-0.00751438318778965));
#9922=CARTESIAN_POINT('',(0.038811790691017,0.0102399927749999,-0.00910123881501579));
#9923=CARTESIAN_POINT('',(0.0296930322059608,0.011455305297294,-0.00751438318778967));
#9924=CARTESIAN_POINT('',(0.0296930321960057,0.0114553052129818,-0.00250479439201095));
#9925=CARTESIAN_POINT('',(0.0296930321860506,0.0114553051286696,0.00250479440376777));
#9926=CARTESIAN_POINT('',(0.0296930321760954,0.0114553050443574,0.0075143831995465));
#9927=CARTESIAN_POINT('',(0.0296930323446124,0.011455306418003,0.00751438319954652));
#9928=CARTESIAN_POINT('',(0.038811790691017,0.0102399927749999,0.00910123881501578));
#9929=CARTESIAN_POINT('',(0.0357356538282072,0.0105603086022944,0.00874084482647412));
#9930=CARTESIAN_POINT('',(0.0327426203522039,0.0111124445472281,0.00803705920428238));
#9931=CARTESIAN_POINT('',(0.0296930323445994,0.0114553064180044,0.00751438319954652));
#9932=CARTESIAN_POINT('',(0.038811790691017,0.0102399927749999,0.00910123881501579));
#9933=CARTESIAN_POINT('',(0.0388117905822177,0.010239991358902,0.00910123881501577));
#9934=CARTESIAN_POINT('',(0.0388117905898867,0.0102399914539626,0.00303374627167191));
#9935=CARTESIAN_POINT('',(0.0388117905975557,0.0102399915490233,-0.00303374627167194));
#9936=CARTESIAN_POINT('',(0.0388117906052247,0.010239991644084,-0.0091012388150158));
#9937=CARTESIAN_POINT('',(0.025841949572868,0.0117520477290367,-0.0164957610741353));
#9938=CARTESIAN_POINT('',(0.0280022555790771,0.0116407139691894,-0.0173884185586419));
#9939=CARTESIAN_POINT('',(0.0301490281108234,0.0114079800224792,-0.0164999685608148));
#9940=CARTESIAN_POINT('',(0.0310485172093613,0.011289007885833,-0.0143487140895736));
#9941=CARTESIAN_POINT('',(0.0301568663494302,0.0114070174423737,-0.0121893808840706));
#9942=CARTESIAN_POINT('',(0.0280111052766853,0.0116399026512435,-0.0112957640956674));
#9943=CARTESIAN_POINT('',(0.0258538250401882,0.0117517967740328,-0.012177058645072));
#9944=CARTESIAN_POINT('',(0.0249510698867617,0.0117475360951735,-0.0143335769775911));
#9945=CARTESIAN_POINT('',(0.025841949572868,0.0117520477290367,-0.0164957610741353));
#9946=CARTESIAN_POINT('',(0.0280022555790771,0.0116407139691894,-0.0173884185586419));
#9947=CARTESIAN_POINT('',(0.0301490281108234,0.0114079800224792,-0.0164999685608148));
#9948=CARTESIAN_POINT('',(0.028,0.0116204806047122,-0.0170915673115863));
#9949=CARTESIAN_POINT('',(0.043,0.01,-0.016));
#9950=CARTESIAN_POINT('',(0.0369951010185347,0.01,-0.016));
#9951=CARTESIAN_POINT('',(0.0310048989814653,0.01175,-0.0175));
#9952=CARTESIAN_POINT('',(0.025,0.01175,-0.0175));
#9953=CARTESIAN_POINT('',(0.025,0.01175,-0.0175));
#9954=CARTESIAN_POINT('',(0.043,0.01,0.016));
#9955=CARTESIAN_POINT('',(0.0369951010185347,0.01,0.016));
#9956=CARTESIAN_POINT('',(0.0310048989814653,0.01175,0.0175));
#9957=CARTESIAN_POINT('',(0.025,0.01175,0.0175));
#9958=CARTESIAN_POINT('',(0.025,0.01175,0.0175));
#9959=CARTESIAN_POINT('',(0.025,0.01175,0.));
#9960=CARTESIAN_POINT('',(0.025,0.01175,0.00346410161513777));
#9961=CARTESIAN_POINT('',(0.025,0.01175,0.));
#9962=CARTESIAN_POINT('',(0.025,0.01175,-0.00346410161513778));
#9963=CARTESIAN_POINT('',(0.025,0.01175,0.));
#9964=CARTESIAN_POINT('',(0.030151414276985,0.011407718353594,0.0121838541277672));
#9965=CARTESIAN_POINT('',(0.0280010743222046,0.0116408041608354,0.0112947287996868));
#9966=CARTESIAN_POINT('',(0.0258442884341965,0.0117519581657661,0.012186634543003));
#9967=CARTESIAN_POINT('',(0.0249515450431067,0.0117475278851341,0.0143438407702564));
#9968=CARTESIAN_POINT('',(0.025849538915696,0.0117519195491943,0.0165031617677048));
#9969=CARTESIAN_POINT('',(0.0280103078271078,0.0116399828787029,0.0173873847486588));
#9970=CARTESIAN_POINT('',(0.0301525371036218,0.0114075222425648,0.0164966462729997));
#9971=CARTESIAN_POINT('',(0.0310490117893383,0.0112889459909106,0.0143404893598488));
#9972=CARTESIAN_POINT('',(0.030151414276985,0.011407718353594,0.0121838541277672));
#9973=CARTESIAN_POINT('',(0.0280010743222046,0.0116408041608354,0.0112947287996868));
#9974=CARTESIAN_POINT('',(0.0258442884341965,0.0117519581657661,0.012186634543003));
#9975=CARTESIAN_POINT('',(0.0280000050098315,0.0116205440269131,0.011591567311587));
#9976=CARTESIAN_POINT('',(0.0555,0.,0.));
#9977=CARTESIAN_POINT('',(0.0555,0.,-0.00975));
#9978=CARTESIAN_POINT('',(0.05918165,0.,-0.00975));
#9979=CARTESIAN_POINT('',(0.0539,0.,-0.00975));
#9980=CARTESIAN_POINT('',(0.05918165,0.,-1.277328937066E-19));
#9981=CARTESIAN_POINT('',(0.05918165,0.,0.00975));
#9982=CARTESIAN_POINT('',(0.0555,0.,0.00975));
#9983=CARTESIAN_POINT('',(0.0539,0.,0.00975));
#9984=CARTESIAN_POINT('',(0.0539,0.,5.5511151231258E-20));
#9985=CARTESIAN_POINT('',(0.068002,1.56125112837912E-17,-1.7347234759768E-18));
#9986=CARTESIAN_POINT('',(0.0472030681197841,0.0242545313929198,0.00787739476923962));
#9987=CARTESIAN_POINT('',(0.048869461542281,0.0243648788314789,0.00751902059611183));
#9988=CARTESIAN_POINT('',(0.05090950552055,0.0240884664265285,0.00844184078879545));
#9989=CARTESIAN_POINT('',(0.0517372608351455,0.0231563882410953,0.01079264591872));
#9990=CARTESIAN_POINT('',(0.0509875626206645,0.0221866613723648,0.0125977648266575));
#9991=CARTESIAN_POINT('',(0.0496985766315474,0.0216244740255778,0.0135178509259341));
#9992=CARTESIAN_POINT('',(0.0484619436669866,0.021450112027967,0.0137886533433491));
#9993=CARTESIAN_POINT('',(0.0472207355110816,0.0216184060627331,0.0135274106824534));
#9994=CARTESIAN_POINT('',(0.0459148328446992,0.0221823156705062,0.0126059660624112));
#9995=CARTESIAN_POINT('',(0.045161956733965,0.0231556800914099,0.0107920718046207));
#9996=CARTESIAN_POINT('',(0.0458528917783668,0.0239307278438522,0.00884619609005236));
#9997=CARTESIAN_POINT('',(0.0472030681197841,0.0242545313929198,0.00787739476923962));
#9998=CARTESIAN_POINT('',(0.048869461542281,0.0243648788314789,0.00751902059611183));
#9999=CARTESIAN_POINT('',(0.05090950552055,0.0240884664265285,0.00844184078879545));
#10000=CARTESIAN_POINT('',(0.04845,0.0243096688582959,0.0077));
#10001=CARTESIAN_POINT('',(0.068002,0.0198557296516648,0.016));
#10002=CARTESIAN_POINT('',(0.063,0.0198557296516648,0.016));
#10003=CARTESIAN_POINT('',(0.063,1.56125112837912E-17,-1.7347234759768E-18));
#10004=CARTESIAN_POINT('',(0.063,0.0198557296516648,-0.016));
#10005=CARTESIAN_POINT('',(0.068002,0.0198557296516648,-0.016));
#10006=CARTESIAN_POINT('',(0.0472052583199892,0.0216228213266355,-0.0135204752564363));
#10007=CARTESIAN_POINT('',(0.0484514131159224,0.0214497076888332,-0.0137892787166239));
#10008=CARTESIAN_POINT('',(0.0496890892163212,0.0216215964822238,-0.0135224098770682));
#10009=CARTESIAN_POINT('',(0.0509881918297492,0.0221853168809931,-0.0126003963552847));
#10010=CARTESIAN_POINT('',(0.0517349153294317,0.023156441225336,-0.0107917841844052));
#10011=CARTESIAN_POINT('',(0.0509174925568733,0.0240860648356238,-0.00845014907117442));
#10012=CARTESIAN_POINT('',(0.0484556470143226,0.0244205347720344,-0.00732753881287461));
#10013=CARTESIAN_POINT('',(0.0459895958053184,0.0240898014772469,-0.00843972014095136));
#10014=CARTESIAN_POINT('',(0.0451624795338705,0.0231557665582413,-0.0107939213679221));
#10015=CARTESIAN_POINT('',(0.0459141033783778,0.0221853904835589,-0.0126000619457978));
#10016=CARTESIAN_POINT('',(0.0472052583199892,0.0216228213266355,-0.0135204752564363));
#10017=CARTESIAN_POINT('',(0.0484514131159224,0.0214497076888332,-0.0137892787166239));
#10018=CARTESIAN_POINT('',(0.0496890892163212,0.0216215964822238,-0.0135224098770682));
#10019=CARTESIAN_POINT('',(0.04845,0.0215072080940321,-0.0137));
#10020=CARTESIAN_POINT('',(-0.0392524105856675,0.0101958324689051,-0.0177100021627336));
#10021=CARTESIAN_POINT('',(-0.0392524159586383,0.0101958324689051,0.0177099979622066));
#10022=CARTESIAN_POINT('',(-0.0344932570995535,0.0106535217288368,-0.0177100014408027));
#10023=CARTESIAN_POINT('',(-0.0344932624725243,0.0106535217288368,0.0177099986841375));
#10024=CARTESIAN_POINT('',(-0.0297984758217547,0.0117500004104015,-0.0177100007286366));
#10025=CARTESIAN_POINT('',(-0.0297984811947255,0.0117500004104015,0.0177099993963036));
#10026=CARTESIAN_POINT('',(-0.0249999946588847,0.0117499999999999,-0.01771000000074));
#10027=CARTESIAN_POINT('',(-0.0250000000318555,0.0117499999999999,0.0177100001242003));
#10028=CARTESIAN_POINT('',(-0.0388117905822176,0.010239991358902,-0.00910123881501577));
#10029=CARTESIAN_POINT('',(-0.0388117905898867,0.0102399914539626,-0.00303374627167314));
#10030=CARTESIAN_POINT('',(-0.0388117905975557,0.0102399915490233,0.0030337462716695));
#10031=CARTESIAN_POINT('',(-0.0388117906052247,0.010239991644084,0.00910123881501213));
#10032=CARTESIAN_POINT('',(-0.038811790691017,0.0102399927749999,-0.00910123881501579));
#10033=CARTESIAN_POINT('',(-0.038811790691017,0.0102399927749999,0.00910123881501212));
#10034=CARTESIAN_POINT('',(-0.0296930323441664,0.0114553064257166,0.00751438318778966));
#10035=CARTESIAN_POINT('',(-0.0327426203502069,0.0111124445478387,0.00803705920452112));
#10036=CARTESIAN_POINT('',(-0.0357356538270344,0.0105603086024182,0.00874084482633459));
#10037=CARTESIAN_POINT('',(-0.0388117906909857,0.0102399927750032,0.00910123881501212));
#10038=CARTESIAN_POINT('',(-0.0296930323441767,0.0114553064257155,0.00751438318778966));
#10039=CARTESIAN_POINT('',(-0.0296930322059608,0.011455305297294,0.00751438318778968));
#10040=CARTESIAN_POINT('',(-0.0296930321960057,0.0114553052129818,0.00250479439201096));
#10041=CARTESIAN_POINT('',(-0.0296930321860506,0.0114553051286696,-0.00250479440376777));
#10042=CARTESIAN_POINT('',(-0.0296930321760954,0.0114553050443574,-0.0075143831995465));
#10043=CARTESIAN_POINT('',(-0.0296930323446124,0.011455306418003,-0.00751438319954652));
#10044=CARTESIAN_POINT('',(-0.038811790691017,0.0102399927749999,-0.00910123881501578));
#10045=CARTESIAN_POINT('',(-0.0357356538282072,0.0105603086022944,-0.00874084482647412));
#10046=CARTESIAN_POINT('',(-0.0327426203522039,0.0111124445472281,-0.00803705920428238));
#10047=CARTESIAN_POINT('',(-0.0296930323445994,0.0114553064180044,-0.00751438319954652));
#10048=CARTESIAN_POINT('',(-0.043,0.01,0.016));
#10049=CARTESIAN_POINT('',(-0.0369951010185347,0.01,0.016));
#10050=CARTESIAN_POINT('',(-0.0310048989814653,0.01175,0.0175));
#10051=CARTESIAN_POINT('',(-0.025,0.01175,0.0175));
#10052=CARTESIAN_POINT('',(-0.025,0.01175,0.0175));
#10053=CARTESIAN_POINT('',(-0.043,0.01,-0.016));
#10054=CARTESIAN_POINT('',(-0.0369951010185347,0.01,-0.016));
#10055=CARTESIAN_POINT('',(-0.0310048989814653,0.01175,-0.0175));
#10056=CARTESIAN_POINT('',(-0.025,0.01175,-0.0175));
#10057=CARTESIAN_POINT('',(-0.025,0.01175,-0.0175));
#10058=CARTESIAN_POINT('',(-0.025,0.01175,0.));
#10059=CARTESIAN_POINT('',(-0.025,0.01175,-0.00346410161513778));
#10060=CARTESIAN_POINT('',(-0.025,0.01175,0.));
#10061=CARTESIAN_POINT('',(-0.025,0.01175,0.00346410161513777));
#10062=CARTESIAN_POINT('',(-0.025,0.01175,0.));
#10063=CARTESIAN_POINT('',(-0.030151414276985,0.011407718353594,0.0121838541277672));
#10064=CARTESIAN_POINT('',(-0.0280010743222046,0.0116408041608354,0.0112947287996868));
#10065=CARTESIAN_POINT('',(-0.0258442884341965,0.0117519581657661,0.012186634543003));
#10066=CARTESIAN_POINT('',(-0.0249515450431067,0.0117475278851341,0.0143438407702564));
#10067=CARTESIAN_POINT('',(-0.025849538915696,0.0117519195491943,0.0165031617677049));
#10068=CARTESIAN_POINT('',(-0.0280103078271078,0.0116399828787029,0.0173873847486588));
#10069=CARTESIAN_POINT('',(-0.0301525371036217,0.0114075222425648,0.0164966462729997));
#10070=CARTESIAN_POINT('',(-0.0310490117893383,0.0112889459909106,0.0143404893598488));
#10071=CARTESIAN_POINT('',(-0.030151414276985,0.011407718353594,0.0121838541277672));
#10072=CARTESIAN_POINT('',(-0.0280010743222046,0.0116408041608354,0.0112947287996868));
#10073=CARTESIAN_POINT('',(-0.0258442884341965,0.0117519581657661,0.012186634543003));
#10074=CARTESIAN_POINT('',(-0.028,0.0116204821937836,0.0115915673115863));
#10075=CARTESIAN_POINT('',(-0.0258419495728681,0.0117520477290367,-0.0164957610741353));
#10076=CARTESIAN_POINT('',(-0.0280022555790771,0.0116407139691894,-0.0173884185586419));
#10077=CARTESIAN_POINT('',(-0.0301490281108234,0.0114079800224792,-0.0164999685608148));
#10078=CARTESIAN_POINT('',(-0.0310485172093613,0.011289007885833,-0.0143487140895736));
#10079=CARTESIAN_POINT('',(-0.0301568663494302,0.0114070174423737,-0.0121893808840706));
#10080=CARTESIAN_POINT('',(-0.0280111052766853,0.0116399026512435,-0.0112957640956674));
#10081=CARTESIAN_POINT('',(-0.0258538250401882,0.0117517967740328,-0.0121770586450721));
#10082=CARTESIAN_POINT('',(-0.0249510698867617,0.0117475360951735,-0.0143335769775911));
#10083=CARTESIAN_POINT('',(-0.0258419495728681,0.0117520477290367,-0.0164957610741353));
#10084=CARTESIAN_POINT('',(-0.0280022555790771,0.0116407139691894,-0.0173884185586419));
#10085=CARTESIAN_POINT('',(-0.0301490281108234,0.0114079800224792,-0.0164999685608148));
#10086=CARTESIAN_POINT('',(-0.0280000051323014,0.0116205439493929,-0.017091567311587));
#10087=CARTESIAN_POINT('',(-0.043,0.0198557296516648,-0.016));
#10088=CARTESIAN_POINT('',(-0.0369963424876057,0.0198557296516648,-0.016));
#10089=CARTESIAN_POINT('',(-0.0310036575123943,0.0185472369909914,-0.0175));
#10090=CARTESIAN_POINT('',(-0.025,0.0185472369909914,-0.0175));
#10091=CARTESIAN_POINT('',(-0.043,0.020307913338456,-0.0154388476851362));
#10092=CARTESIAN_POINT('',(-0.0369963422272018,0.020307913338456,-0.0154388476851362));
#10093=CARTESIAN_POINT('',(-0.0310036577727981,0.0190987458438002,-0.0169154876916757));
#10094=CARTESIAN_POINT('',(-0.025,0.0190987458438002,-0.0169154876916757));
#10095=CARTESIAN_POINT('',(-0.043,0.0207362935648697,-0.0148585157666653));
#10096=CARTESIAN_POINT('',(-0.0369963136052601,0.0207362935648697,-0.0148585157666653));
#10097=CARTESIAN_POINT('',(-0.0310036863947399,0.01962260158349,-0.0163048864749178));
#10098=CARTESIAN_POINT('',(-0.025,0.01962260158349,-0.0163048864749178));
#10099=CARTESIAN_POINT('',(-0.043,0.0215423721176914,-0.0136636585561704));
#10100=CARTESIAN_POINT('',(-0.0369962154142567,0.0215423721176914,-0.0136636585561704));
#10101=CARTESIAN_POINT('',(-0.0310037845857433,0.0206103325732557,-0.0150369547144406));
#10102=CARTESIAN_POINT('',(-0.025,0.0206103325732557,-0.0150369547144406));
#10103=CARTESIAN_POINT('',(-0.043,0.0219200695714796,-0.0130491345145259));
#10104=CARTESIAN_POINT('',(-0.036996145845195,0.0219200695714796,-0.0130491345145259));
#10105=CARTESIAN_POINT('',(-0.0310038541548049,0.0210742061717008,-0.0143796262154824));
#10106=CARTESIAN_POINT('',(-0.025,0.0210742061717008,-0.0143796262154824));
#10107=CARTESIAN_POINT('',(-0.043,0.0226220687193653,-0.0117903082424936));
#10108=CARTESIAN_POINT('',(-0.0369959815359077,0.0226220687193653,-0.0117903082424936));
#10109=CARTESIAN_POINT('',(-0.0310040184640923,0.0219378287342125,-0.0130241117275882));
#10110=CARTESIAN_POINT('',(-0.025,0.0219378287342125,-0.0130241117275882));
#10111=CARTESIAN_POINT('',(-0.043,0.022946369809096,-0.0111460070958575));
#10112=CARTESIAN_POINT('',(-0.0369958867956821,0.022946369809096,-0.0111460070958575));
#10113=CARTESIAN_POINT('',(-0.031004113204318,0.0223375765487246,-0.0123259275429564));
#10114=CARTESIAN_POINT('',(-0.025,0.0223375765487246,-0.0123259275429564));
#10115=CARTESIAN_POINT('',(-0.043,0.0235392463264625,-0.00983225528446146));
#10116=CARTESIAN_POINT('',(-0.0369956879200224,0.0235392463264625,-0.00983225528446146));
#10117=CARTESIAN_POINT('',(-0.0310043120799775,0.023069376831774,-0.0108949377445653));
#10118=CARTESIAN_POINT('',(-0.025,0.023069376831774,-0.0108949377445653));
#10119=CARTESIAN_POINT('',(-0.043,0.0238078212436776,-0.00916280575073993));
#10120=CARTESIAN_POINT('',(-0.0369955837845886,0.0238078212436776,-0.00916280575073993));
#10121=CARTESIAN_POINT('',(-0.0310044162154114,0.0234014283262233,-0.0101621340355743));
#10122=CARTESIAN_POINT('',(-0.025,0.0234014283262233,-0.0101621340355743));
#10123=CARTESIAN_POINT('',(-0.043,0.0242873158518221,-0.00780356651221293));
#10124=CARTESIAN_POINT('',(-0.0369953818944685,0.0242873158518221,-0.00780356651221293));
#10125=CARTESIAN_POINT('',(-0.0310046181055315,0.0239948699104593,-0.00866845048693692));
#10126=CARTESIAN_POINT('',(-0.025,0.0239948699104593,-0.00866845048693692));
#10127=CARTESIAN_POINT('',(-0.043,0.0244982351299438,-0.00711377797760709));
#10128=CARTESIAN_POINT('',(-0.0369952848355377,0.0244982351299438,-0.00711377797760709));
#10129=CARTESIAN_POINT('',(-0.0310047151644623,0.0242562592103252,-0.00790757263550955));
#10130=CARTESIAN_POINT('',(-0.025,0.0242562592103252,-0.00790757263550955));
#10131=CARTESIAN_POINT('',(-0.043,0.0248609030960883,-0.00571881620998633));
#10132=CARTESIAN_POINT('',(-0.0369951085321457,0.0248609030960883,-0.00571881620998633));
#10133=CARTESIAN_POINT('',(-0.0310048914678543,0.0247060414923665,-0.00636453687567372));
#10134=CARTESIAN_POINT('',(-0.025,0.0247060414923665,-0.00636453687567372));
#10135=CARTESIAN_POINT('',(-0.043,0.0250126514718822,-0.00501364417792536));
#10136=CARTESIAN_POINT('',(-0.0369950292876845,0.0250126514718822,-0.00501364417792536));
#10137=CARTESIAN_POINT('',(-0.0310049707123154,0.0248944338758437,-0.00558238102117614));
#10138=CARTESIAN_POINT('',(-0.025,0.0248944338758437,-0.00558238102117614));
#10139=CARTESIAN_POINT('',(-0.043,0.025255887356447,-0.00359298141313875));
#10140=CARTESIAN_POINT('',(-0.0369948986554431,0.025255887356447,-0.00359298141313875));
#10141=CARTESIAN_POINT('',(-0.0310051013445569,0.0251965394131173,-0.00400377540173883));
#10142=CARTESIAN_POINT('',(-0.025,0.0251965394131173,-0.00400377540173883));
#10143=CARTESIAN_POINT('',(-0.043,0.0253473746558106,-0.00287749190349362));
#10144=CARTESIAN_POINT('',(-0.0369948481517779,0.0253473746558106,-0.00287749190349362));
#10145=CARTESIAN_POINT('',(-0.0310051521458731,0.0253102521647856,-0.00320732773805646));
#10146=CARTESIAN_POINT('',(-0.025,0.0253102521647856,-0.00320732773805646));
#10147=CARTESIAN_POINT('',(-0.043,0.0254694310301276,-0.00144133431176503));
#10148=CARTESIAN_POINT('',(-0.0369947793661765,0.0254694310301276,-0.00144133431176503));
#10149=CARTESIAN_POINT('',(-0.0310052212291255,0.02546198255921,-0.00160725231959073));
#10150=CARTESIAN_POINT('',(-0.025,0.02546198255921,-0.00160725231959073));
#10151=CARTESIAN_POINT('',(-0.043,0.0255,-0.000720667466101929));
#10152=CARTESIAN_POINT('',(-0.0369947610842402,0.0255,-0.000720667466101929));
#10153=CARTESIAN_POINT('',(-0.0310052395110617,0.0255,-0.000803626694642855));
#10154=CARTESIAN_POINT('',(-0.025,0.0255,-0.000803626694642855));
#10155=CARTESIAN_POINT('',(-0.043,0.0255,0.000720667466101928));
#10156=CARTESIAN_POINT('',(-0.0369947593389149,0.0255,0.000720667466101928));
#10157=CARTESIAN_POINT('',(-0.0310052400657831,0.0255,0.00080362669464286));
#10158=CARTESIAN_POINT('',(-0.025,0.0255,0.00080362669464286));
#10159=CARTESIAN_POINT('',(-0.043,0.0254694310301276,0.00144133431176504));
#10160=CARTESIAN_POINT('',(-0.0369947776208511,0.0254694310301276,0.00144133431176504));
#10161=CARTESIAN_POINT('',(-0.0310052217838469,0.02546198255921,0.00160725231959073));
#10162=CARTESIAN_POINT('',(-0.025,0.02546198255921,0.00160725231959073));
#10163=CARTESIAN_POINT('',(-0.043,0.0253473746558106,0.00287749190349363));
#10164=CARTESIAN_POINT('',(-0.0369948472791152,0.0253473746558106,0.00287749190349363));
#10165=CARTESIAN_POINT('',(-0.0310051524232338,0.0253102521647856,0.00320732773805646));
#10166=CARTESIAN_POINT('',(-0.025,0.0253102521647856,0.00320732773805646));
#10167=CARTESIAN_POINT('',(-0.043,0.025255887356447,0.00359298141313875));
#10168=CARTESIAN_POINT('',(-0.0369948986554431,0.025255887356447,0.00359298141313875));
#10169=CARTESIAN_POINT('',(-0.0310051013445569,0.0251965394131173,0.00400377540173884));
#10170=CARTESIAN_POINT('',(-0.025,0.0251965394131173,0.00400377540173884));
#10171=CARTESIAN_POINT('',(-0.043,0.0250126514718822,0.00501364417792536));
#10172=CARTESIAN_POINT('',(-0.0369950292876845,0.0250126514718822,0.00501364417792536));
#10173=CARTESIAN_POINT('',(-0.0310049707123154,0.0248944338758437,0.00558238102117614));
#10174=CARTESIAN_POINT('',(-0.025,0.0248944338758437,0.00558238102117614));
#10175=CARTESIAN_POINT('',(-0.043,0.0248609030960883,0.00571881620998632));
#10176=CARTESIAN_POINT('',(-0.0369951085321457,0.0248609030960883,0.00571881620998632));
#10177=CARTESIAN_POINT('',(-0.0310048914678543,0.0247060414923665,0.00636453687567372));
#10178=CARTESIAN_POINT('',(-0.025,0.0247060414923665,0.00636453687567372));
#10179=CARTESIAN_POINT('',(-0.043,0.0244982351299438,0.00711377797760709));
#10180=CARTESIAN_POINT('',(-0.0369952848355377,0.0244982351299438,0.00711377797760709));
#10181=CARTESIAN_POINT('',(-0.0310047151644623,0.0242562592103252,0.00790757263550955));
#10182=CARTESIAN_POINT('',(-0.025,0.0242562592103252,0.00790757263550955));
#10183=CARTESIAN_POINT('',(-0.043,0.0242873158518221,0.00780356651221294));
#10184=CARTESIAN_POINT('',(-0.0369953818944685,0.0242873158518221,0.00780356651221294));
#10185=CARTESIAN_POINT('',(-0.0310046181055315,0.0239948699104593,0.00866845048693693));
#10186=CARTESIAN_POINT('',(-0.025,0.0239948699104593,0.00866845048693693));
#10187=CARTESIAN_POINT('',(-0.043,0.0238078212436776,0.00916280575073994));
#10188=CARTESIAN_POINT('',(-0.0369955837845886,0.0238078212436776,0.00916280575073994));
#10189=CARTESIAN_POINT('',(-0.0310044162154114,0.0234014283262233,0.0101621340355743));
#10190=CARTESIAN_POINT('',(-0.025,0.0234014283262233,0.0101621340355743));
#10191=CARTESIAN_POINT('',(-0.043,0.0235392463264625,0.00983225528446147));
#10192=CARTESIAN_POINT('',(-0.0369956879200224,0.0235392463264625,0.00983225528446147));
#10193=CARTESIAN_POINT('',(-0.0310043120799775,0.023069376831774,0.0108949377445653));
#10194=CARTESIAN_POINT('',(-0.025,0.023069376831774,0.0108949377445653));
#10195=CARTESIAN_POINT('',(-0.043,0.022946369809096,0.0111460070958575));
#10196=CARTESIAN_POINT('',(-0.0369958867956821,0.022946369809096,0.0111460070958575));
#10197=CARTESIAN_POINT('',(-0.031004113204318,0.0223375765487246,0.0123259275429564));
#10198=CARTESIAN_POINT('',(-0.025,0.0223375765487246,0.0123259275429564));
#10199=CARTESIAN_POINT('',(-0.043,0.0226220687193653,0.0117903082424936));
#10200=CARTESIAN_POINT('',(-0.0369959815359077,0.0226220687193653,0.0117903082424936));
#10201=CARTESIAN_POINT('',(-0.0310040184640923,0.0219378287342125,0.0130241117275882));
#10202=CARTESIAN_POINT('',(-0.025,0.0219378287342125,0.0130241117275882));
#10203=CARTESIAN_POINT('',(-0.043,0.0219200695714796,0.013049134514526));
#10204=CARTESIAN_POINT('',(-0.036996145845195,0.0219200695714796,0.013049134514526));
#10205=CARTESIAN_POINT('',(-0.0310038541548049,0.0210742061717008,0.0143796262154824));
#10206=CARTESIAN_POINT('',(-0.025,0.0210742061717008,0.0143796262154824));
#10207=CARTESIAN_POINT('',(-0.043,0.0215423721176914,0.0136636585561704));
#10208=CARTESIAN_POINT('',(-0.0369962154142567,0.0215423721176914,0.0136636585561704));
#10209=CARTESIAN_POINT('',(-0.0310037845857433,0.0206103325732557,0.0150369547144406));
#10210=CARTESIAN_POINT('',(-0.025,0.0206103325732557,0.0150369547144406));
#10211=CARTESIAN_POINT('',(-0.043,0.0207362935648697,0.0148585157666654));
#10212=CARTESIAN_POINT('',(-0.0369963136052601,0.0207362935648697,0.0148585157666654));
#10213=CARTESIAN_POINT('',(-0.0310036863947399,0.01962260158349,0.0163048864749178));
#10214=CARTESIAN_POINT('',(-0.025,0.01962260158349,0.0163048864749178));
#10215=CARTESIAN_POINT('',(-0.043,0.0203079133384561,0.0154388476851362));
#10216=CARTESIAN_POINT('',(-0.0369963422272018,0.0203079133384561,0.0154388476851362));
#10217=CARTESIAN_POINT('',(-0.0310036577727981,0.0190987458438002,0.0169154876916757));
#10218=CARTESIAN_POINT('',(-0.025,0.0190987458438002,0.0169154876916757));
#10219=CARTESIAN_POINT('',(-0.043,0.0198557296516648,0.016));
#10220=CARTESIAN_POINT('',(-0.0369963424876057,0.0198557296516648,0.016));
#10221=CARTESIAN_POINT('',(-0.0310036575123943,0.0185472369909914,0.0175));
#10222=CARTESIAN_POINT('',(-0.025,0.0185472369909914,0.0175));
#10223=CARTESIAN_POINT('',(-0.043,0.0198557296516648,0.016));
#10224=CARTESIAN_POINT('',(-0.0369963424876057,0.0198557296516648,0.016));
#10225=CARTESIAN_POINT('',(-0.0310036575123943,0.0185472369909914,0.0175));
#10226=CARTESIAN_POINT('',(-0.025,0.0185472369909914,0.0175));
#10227=CARTESIAN_POINT('',(-0.043,0.0198557296516648,0.016));
#10228=CARTESIAN_POINT('',(-0.025,0.0185472369909914,0.0175));
#10229=CARTESIAN_POINT('',(-0.025,5.20417042793042E-18,-1.7347234759768E-18));
#10230=CARTESIAN_POINT('',(-0.025,0.0185472369909914,-0.0175));
#10231=CARTESIAN_POINT('',(-0.043,0.0198557296516648,-0.016));
#10232=CARTESIAN_POINT('',(-0.0369963424876057,0.0198557296516648,-0.016));
#10233=CARTESIAN_POINT('',(-0.0310036575123943,0.0185472369909914,-0.0175));
#10234=CARTESIAN_POINT('',(-0.025,0.0185472369909914,-0.0175));
#10235=CARTESIAN_POINT('',(-0.043,0.0198557296516648,-0.016));
#10236=CARTESIAN_POINT('',(-0.043,1.56125112837912E-17,-1.7347234759768E-18));
#10237=CARTESIAN_POINT('',(-0.0267959155589484,0.0226204300301437,0.0117738909506996));
#10238=CARTESIAN_POINT('',(-0.0280013589747538,0.0227565272686627,0.0115009182476813));
#10239=CARTESIAN_POINT('',(-0.0291986485420364,0.0226179612524416,0.0117718399280929));
#10240=CARTESIAN_POINT('',(-0.0304377637929698,0.0221092139653361,0.0127216190303322));
#10241=CARTESIAN_POINT('',(-0.0308788910303554,0.0212520210909567,0.0141188767463193));
#10242=CARTESIAN_POINT('',(-0.0305981735704974,0.0203191410511491,0.0154034018302028));
#10243=CARTESIAN_POINT('',(-0.0300679041102828,0.0196476002163641,0.0162486415092921));
#10244=CARTESIAN_POINT('',(-0.0291962226397763,0.0190821254847696,0.0169058279757775));
#10245=CARTESIAN_POINT('',(-0.0280069277800648,0.0188331088935383,0.0171839226580175));
#10246=CARTESIAN_POINT('',(-0.0268073391257523,0.0190897344476807,0.0169078556254801));
#10247=CARTESIAN_POINT('',(-0.0259401576158433,0.0196538615493153,0.0162570096461016));
#10248=CARTESIAN_POINT('',(-0.0254007520023093,0.0203316791940324,0.0154050259375981));
#10249=CARTESIAN_POINT('',(-0.0251930146764669,0.0210301640089111,0.0144385340218458));
#10250=CARTESIAN_POINT('',(-0.0253360798443691,0.0216862427527415,0.0134318221175256));
#10251=CARTESIAN_POINT('',(-0.025870694888361,0.0222412749575152,0.0124853929281006));
#10252=CARTESIAN_POINT('',(-0.0267959155589484,0.0226204300301437,0.0117738909506996));
#10253=CARTESIAN_POINT('',(-0.0280013589747538,0.0227565272686627,0.0115009182476813));
#10254=CARTESIAN_POINT('',(-0.0291986485420364,0.0226179612524416,0.0117718399280929));
#10255=CARTESIAN_POINT('',(-0.028,0.0227107500595393,0.0115915673115863));
#10256=CARTESIAN_POINT('',(-0.029197693089717,0.0190820006244544,-0.0169059378174701));
#10257=CARTESIAN_POINT('',(-0.0279987171039935,0.0188329832690725,-0.0171841097435339));
#10258=CARTESIAN_POINT('',(-0.026807438494309,0.0190904608971548,-0.0169070270779118));
#10259=CARTESIAN_POINT('',(-0.02593930786541,0.0196545723396388,-0.0162561989469633));
#10260=CARTESIAN_POINT('',(-0.0254031288419364,0.0203289219358061,-0.0154081139509543));
#10261=CARTESIAN_POINT('',(-0.0251215440692359,0.0212590571332523,-0.0141245389501273));
#10262=CARTESIAN_POINT('',(-0.0255563223532121,0.0221100444956657,-0.01273311500919));
#10263=CARTESIAN_POINT('',(-0.0267871626164681,0.0226180938662779,-0.0117781009389553));
#10264=CARTESIAN_POINT('',(-0.0279868580816016,0.0227563986689582,-0.0115013008867654));
#10265=CARTESIAN_POINT('',(-0.0291882075931455,0.0226208262157844,-0.0117662799738357));
#10266=CARTESIAN_POINT('',(-0.0304344425791836,0.0221130494013333,-0.012714991908049));
#10267=CARTESIAN_POINT('',(-0.0308786516916502,0.0212554533561765,-0.0141138228517298));
#10268=CARTESIAN_POINT('',(-0.0305998399195532,0.0203212648182194,-0.0154006986276191));
#10269=CARTESIAN_POINT('',(-0.0300668795546647,0.0196468884065874,-0.0162495475168004));
#10270=CARTESIAN_POINT('',(-0.029197693089717,0.0190820006244544,-0.0169059378174701));
#10271=CARTESIAN_POINT('',(-0.0279987171039935,0.0188329832690725,-0.0171841097435339));
#10272=CARTESIAN_POINT('',(-0.026807438494309,0.0190904608971548,-0.0169070270779118));
#10273=CARTESIAN_POINT('',(-0.028,0.0189173990996498,-0.0170915673115862));
#10274=CARTESIAN_POINT('',(-0.0555,0.,0.));
#10275=CARTESIAN_POINT('',(-0.0555,0.,-0.00975));
#10276=CARTESIAN_POINT('',(-0.06081835,0.,-0.00975));
#10277=CARTESIAN_POINT('',(-0.0661,0.,-0.00975));
#10278=CARTESIAN_POINT('',(-0.06081835,0.,-1.84517331969225E-19));
#10279=CARTESIAN_POINT('',(-0.06081835,0.,0.00975));
#10280=CARTESIAN_POINT('',(-0.0555,0.,0.00975));
#10281=CARTESIAN_POINT('',(-0.0661,0.,0.00975));
#10282=CARTESIAN_POINT('',(-0.0661,0.,-3.67761376907082E-19));
#10283=CARTESIAN_POINT('',(-0.068002,1.56125112837912E-17,-1.7347234759768E-18));
#10284=CARTESIAN_POINT('',(-0.0496947416800108,0.0216228213266355,-0.0135204752564363));
#10285=CARTESIAN_POINT('',(-0.0484485868840776,0.0214497076888332,-0.0137892787166239));
#10286=CARTESIAN_POINT('',(-0.0472109107836788,0.0216215964822238,-0.0135224098770682));
#10287=CARTESIAN_POINT('',(-0.0459118081702508,0.0221853168809931,-0.0126003963552847));
#10288=CARTESIAN_POINT('',(-0.0451650846705683,0.023156441225336,-0.0107917841844052));
#10289=CARTESIAN_POINT('',(-0.0459825074431267,0.0240860648356238,-0.00845014907117445));
#10290=CARTESIAN_POINT('',(-0.0484443529856774,0.0244205347720344,-0.0073275388128746));
#10291=CARTESIAN_POINT('',(-0.0509104041946816,0.0240898014772469,-0.00843972014095137));
#10292=CARTESIAN_POINT('',(-0.0517375204661294,0.0231557665582413,-0.0107939213679221));
#10293=CARTESIAN_POINT('',(-0.0509858966216222,0.0221853904835589,-0.0126000619457978));
#10294=CARTESIAN_POINT('',(-0.0496947416800108,0.0216228213266355,-0.0135204752564363));
#10295=CARTESIAN_POINT('',(-0.0484485868840776,0.0214497076888332,-0.0137892787166239));
#10296=CARTESIAN_POINT('',(-0.0472109107836788,0.0216215964822238,-0.0135224098770682));
#10297=CARTESIAN_POINT('',(-0.04845,0.0215072080940321,-0.0137));
#10298=CARTESIAN_POINT('',(-0.0496969318802159,0.0242545313929198,0.00787739476923962));
#10299=CARTESIAN_POINT('',(-0.048030538457719,0.0243648788314789,0.00751902059611183));
#10300=CARTESIAN_POINT('',(-0.04599049447945,0.0240884664265285,0.00844184078879546));
#10301=CARTESIAN_POINT('',(-0.0451627391648545,0.0231563882410953,0.01079264591872));
#10302=CARTESIAN_POINT('',(-0.0459124373793355,0.0221866613723648,0.0125977648266575));
#10303=CARTESIAN_POINT('',(-0.0472014233684527,0.0216244740255778,0.0135178509259341));
#10304=CARTESIAN_POINT('',(-0.0484380563330134,0.021450112027967,0.0137886533433491));
#10305=CARTESIAN_POINT('',(-0.0496792644889184,0.0216184060627331,0.0135274106824534));
#10306=CARTESIAN_POINT('',(-0.0509851671553007,0.0221823156705063,0.0126059660624112));
#10307=CARTESIAN_POINT('',(-0.051738043266035,0.0231556800914099,0.0107920718046207));
#10308=CARTESIAN_POINT('',(-0.0510471082216332,0.0239307278438522,0.00884619609005236));
#10309=CARTESIAN_POINT('',(-0.0496969318802159,0.0242545313929198,0.00787739476923962));
#10310=CARTESIAN_POINT('',(-0.048030538457719,0.0243648788314789,0.00751902059611183));
#10311=CARTESIAN_POINT('',(-0.04599049447945,0.0240884664265285,0.00844184078879546));
#10312=CARTESIAN_POINT('',(-0.04845,0.0243096688582959,0.0077));
#10313=CARTESIAN_POINT('',(-0.068002,0.0198557296516648,-0.016));
#10314=CARTESIAN_POINT('',(-0.063,0.0198557296516648,-0.016));
#10315=CARTESIAN_POINT('',(-0.063,1.56125112837912E-17,-1.7347234759768E-18));
#10316=CARTESIAN_POINT('',(-0.063,0.0198557296516648,0.016));
#10317=CARTESIAN_POINT('',(-0.068002,0.0198557296516648,0.016));
#10318=CARTESIAN_POINT('',(-0.022,5.20417042793042E-18,0.));
#10319=CARTESIAN_POINT('',(-0.022,0.0185472369909914,0.0175));
#10320=CARTESIAN_POINT('',(-0.022,0.0173661108344046,0.0187518072424271));
#10321=CARTESIAN_POINT('',(-0.0217544060772257,0.0160994187010906,0.0198591177991445));
#10322=CARTESIAN_POINT('',(-0.0214174965931243,0.0146855844258122,0.0207767905223479));
#10323=CARTESIAN_POINT('',(-0.022,0.0185472369909914,0.0175));
#10324=CARTESIAN_POINT('',(-0.0214174965931243,0.0146855844258122,0.0207767905223479));
#10325=CARTESIAN_POINT('',(-0.022,0.0185472369909915,0.0175));
#10326=CARTESIAN_POINT('',(-0.0224939099022556,0.0185472369909915,0.0175));
#10327=CARTESIAN_POINT('',(-0.0234628692816294,0.01818962650319,0.0175));
#10328=CARTESIAN_POINT('',(-0.0244140265228328,0.0170120865482209,0.0175));
#10329=CARTESIAN_POINT('',(-0.0249054357504702,0.0156140925259732,0.0175));
#10330=CARTESIAN_POINT('',(-0.025,0.014634971045139,0.0175));
#10331=CARTESIAN_POINT('',(-0.025,0.0141421356237309,0.0175));
#10332=CARTESIAN_POINT('',(-0.025,0.0141421356237309,0.0175));
#10333=CARTESIAN_POINT('',(-0.025,0.014141631731185,0.0176253924004114));
#10334=CARTESIAN_POINT('',(-0.025,0.0141417995578257,0.0175835949330392));
#10335=CARTESIAN_POINT('',(-0.025,0.0141419674750128,0.0175417974661117));
#10336=CARTESIAN_POINT('',(-0.025,0.0141421356237309,0.0175000000000004));
#10337=CARTESIAN_POINT('',(-0.0249992048818908,0.0141421356237309,0.0176253944236582));
#10338=CARTESIAN_POINT('',(-0.0249984097644973,0.0141421356259897,0.0176253954391798));
#10339=CARTESIAN_POINT('',(-0.024998034904937,0.0141421952936291,0.0176401024347021));
#10340=CARTESIAN_POINT('',(-0.0249975931616047,0.0141422761809436,0.0176548073031355));
#10341=CARTESIAN_POINT('',(-0.0249970838509883,0.0141423784921578,0.0176695100228121));
#10342=CARTESIAN_POINT('',(-0.0249970838530246,0.0141423784178655,0.0176695100231655));
#10343=CARTESIAN_POINT('',(-0.0249970838530246,0.0141423784178655,0.0176695100231655));
#10344=CARTESIAN_POINT('',(-0.0249963188683079,0.0142062299492012,0.017640610825873));
#10345=CARTESIAN_POINT('',(-0.0249948373746646,0.0142749122516173,0.0176262110685082));
#10346=CARTESIAN_POINT('',(-0.0249914478599753,0.0143449207391807,0.0176269899109498));
#10347=CARTESIAN_POINT('',(-0.0249914478599755,0.0143449207391801,0.017626989910949));
#10348=CARTESIAN_POINT('',(-0.0249914478599755,0.0143449207391801,0.0176269899109489));
#10349=CARTESIAN_POINT('',(-0.0249754488002692,0.0146753721681075,0.0176306661737377));
#10350=CARTESIAN_POINT('',(-0.0248986303228239,0.0153257124720478,0.0176480388308446));
#10351=CARTESIAN_POINT('',(-0.0246036885534593,0.0162785604479056,0.0177268922302918));
#10352=CARTESIAN_POINT('',(-0.0241239346169884,0.0169730270496285,0.0178967053583257));
#10353=CARTESIAN_POINT('',(-0.0235724061479488,0.0172624289123406,0.0181825817739197));
#10354=CARTESIAN_POINT('',(-0.0230017282898608,0.0172764366000592,0.0185589737486843));
#10355=CARTESIAN_POINT('',(-0.0224328390410519,0.0169033508773749,0.0190794857255741));
#10356=CARTESIAN_POINT('',(-0.0219682609641918,0.0162459214672046,0.0196724978473676));
#10357=CARTESIAN_POINT('',(-0.0216384491510587,0.0154962846365619,0.0202367192289644));
#10358=CARTESIAN_POINT('',(-0.0214827110799292,0.0149592557857485,0.0205991595605535));
#10359=CARTESIAN_POINT('',(-0.0214174965931243,0.0146855844258122,0.0207767905223479));
#10360=CARTESIAN_POINT('',(-0.025,-0.01025,0.));
#10361=CARTESIAN_POINT('',(-0.025,0.0151486184954957,0.0175));
#10362=CARTESIAN_POINT('',(-0.025,0.01175,0.));
#10363=CARTESIAN_POINT('',(-0.025,0.01175,0.0223497748024669));
#10364=CARTESIAN_POINT('',(-0.025,0.01175,0.022349774802467));
#10365=CARTESIAN_POINT('',(-0.025,0.0120294561760315,0.0220241667088511));
#10366=CARTESIAN_POINT('',(-0.025,0.0123306969808177,0.0214531790884835));
#10367=CARTESIAN_POINT('',(-0.025,0.0125310612711688,0.020619664006442));
#10368=CARTESIAN_POINT('',(-0.025,0.0127908567651505,0.019806838245449));
#10369=CARTESIAN_POINT('',(-0.025,0.0132588763050449,0.0188413406699031));
#10370=CARTESIAN_POINT('',(-0.025,0.0136927269632692,0.0181120114996259));
#10371=CARTESIAN_POINT('',(-0.025,0.0139793437856643,0.0177892249247332));
#10372=CARTESIAN_POINT('',(-0.0249999999999994,0.0139793437856644,0.0177892249247333));
#10373=CARTESIAN_POINT('',(-0.025,0.0141415158250923,0.017669125370463));
#10374=CARTESIAN_POINT('',(-0.025,0.0140794253440989,0.0176975284485732));
#10375=CARTESIAN_POINT('',(-0.025,0.0140246843016263,0.0177381626398018));
#10376=CARTESIAN_POINT('',(-0.025,0.0139793437856643,0.0177892249247332));
#10377=CARTESIAN_POINT('',(-0.025,0.0141414567204225,0.0176689961648409));
#10378=CARTESIAN_POINT('',(-0.025,0.0141414567204218,0.0176689961648409));
#10379=CARTESIAN_POINT('',(-0.025,0.0141415150391385,0.0176544615766244));
#10380=CARTESIAN_POINT('',(-0.025,0.014141573371403,0.0176399269884624));
#10381=CARTESIAN_POINT('',(-0.025,0.014141631731185,0.0176253924004114));
#10382=CARTESIAN_POINT('',(-0.025,-0.01025,0.));
#10383=CARTESIAN_POINT('',(-0.025,0.01175,0.00346410161513777));
#10384=CARTESIAN_POINT('',(-0.025,0.0114095028848478,0.00461904495904971));
#10385=CARTESIAN_POINT('',(-0.025,0.0109095887604333,0.00570028117651228));
#10386=CARTESIAN_POINT('',(-0.025,0.0102502576267565,0.00670781026752547));
#10387=CARTESIAN_POINT('',(-0.0249999469882907,0.0102502610830284,0.00670781252932381));
#10388=CARTESIAN_POINT('',(-0.025,0.0102502614491955,-0.00670780442642285));
#10389=CARTESIAN_POINT('',(-0.025,0.0109095907068888,-0.00570027694905044));
#10390=CARTESIAN_POINT('',(-0.025,0.011409503557157,-0.00461904267862208));
#10391=CARTESIAN_POINT('',(-0.025,0.01175,-0.00346410161513778));
#10392=CARTESIAN_POINT('',(-0.0249999474202653,0.0102502694071787,-0.00670780963415295));
#10393=CARTESIAN_POINT('',(-0.025,0.00611062922460967,-0.0106172108669988));
#10394=CARTESIAN_POINT('',(-0.025,0.00776865527128918,-0.00966260725123367));
#10395=CARTESIAN_POINT('',(-0.025,0.00920119717365743,-0.00831048601028255));
#10396=CARTESIAN_POINT('',(-0.025,0.0102504557151589,-0.00670768237943041));
#10397=CARTESIAN_POINT('',(-0.025,0.00611060422132157,-0.010617167423816));
#10398=CARTESIAN_POINT('',(-0.025,3.375109119723E-18,-0.0116471885363993));
#10399=CARTESIAN_POINT('',(-0.025,0.0010439745007443,-0.0116471885363993));
#10400=CARTESIAN_POINT('',(-0.025,0.0031197467859991,-0.011608270273521));
#10401=CARTESIAN_POINT('',(-0.025,0.00519465828849563,-0.0111442730834541));
#10402=CARTESIAN_POINT('',(-0.025,0.00611057920451904,-0.0106171239884125));
#10403=CARTESIAN_POINT('',(-0.025,3.375109119723E-18,-0.0116471885363993));
#10404=CARTESIAN_POINT('',(-0.025,3.36927383451926E-18,-0.011625));
#10405=CARTESIAN_POINT('',(-0.025,6.73555739531044E-19,-0.011));
#10406=CARTESIAN_POINT('',(-0.025,0.,0.));
#10407=CARTESIAN_POINT('',(-0.025,6.73555739531044E-19,0.011));
#10408=CARTESIAN_POINT('',(-0.025,-1.94562193051046E-18,0.011625));
#10409=CARTESIAN_POINT('',(-0.025,-1.94873990370689E-18,0.0116471885364037));
#10410=CARTESIAN_POINT('',(-0.025,0.00611057920451877,0.0106171239884115));
#10411=CARTESIAN_POINT('',(-0.025,0.00519484108367236,0.0111441678775228));
#10412=CARTESIAN_POINT('',(-0.025,0.00312295861406776,0.0116079048964387));
#10413=CARTESIAN_POINT('',(-0.025,0.0010443278512312,0.0116471885364037));
#10414=CARTESIAN_POINT('',(-0.025,-2.69632687924387E-18,0.0116471885364037));
#10415=CARTESIAN_POINT('',(-0.025,0.00611061263923479,0.0106171820346638));
#10416=CARTESIAN_POINT('',(-0.025,0.0102504412899094,0.00670768489095992));
#10417=CARTESIAN_POINT('',(-0.025,0.0092009726572537,0.00831087731896106));
#10418=CARTESIAN_POINT('',(-0.025,0.0077682656247247,0.00966295891078104));
#10419=CARTESIAN_POINT('',(-0.025,0.00611064605383607,0.0106172400924929));
#10420=CARTESIAN_POINT('',(0.022,5.20417042793042E-18,0.));
#10421=CARTESIAN_POINT('',(0.0249984103023142,0.0141421356237309,0.0176253742401408));
#10422=CARTESIAN_POINT('',(0.0249994716956554,0.0141421356237309,0.0175835895670471));
#10423=CARTESIAN_POINT('',(0.025,0.0141421356237309,0.0175417981334408));
#10424=CARTESIAN_POINT('',(0.025,0.0141421356237309,0.0175));
#10425=CARTESIAN_POINT('',(0.025,0.0141421356237309,0.0175));
#10426=CARTESIAN_POINT('',(0.0249992048818907,0.014142135623731,0.0176253944236533));
#10427=CARTESIAN_POINT('',(0.025,0.0141421356237309,0.0175));
#10428=CARTESIAN_POINT('',(0.025,0.0146353473652561,0.0175));
#10429=CARTESIAN_POINT('',(0.0249075337435813,0.0156031776901783,0.0175));
#10430=CARTESIAN_POINT('',(0.0244152367032935,0.0170109101713843,0.0175));
#10431=CARTESIAN_POINT('',(0.02346515808165,0.0181887600863515,0.0175));
#10432=CARTESIAN_POINT('',(0.0224916557835706,0.0185472369909914,0.0175));
#10433=CARTESIAN_POINT('',(0.022,0.0185472369909914,0.0175));
#10434=CARTESIAN_POINT('',(0.022,0.0185472369909914,0.0175));
#10435=CARTESIAN_POINT('',(0.0214174965931243,0.0146855844258122,0.0207767905223479));
#10436=CARTESIAN_POINT('',(0.0217544060772257,0.0160994187010906,0.0198591177991445));
#10437=CARTESIAN_POINT('',(0.022,0.0173661108344046,0.0187518072424271));
#10438=CARTESIAN_POINT('',(0.022,0.0185472369909914,0.0175));
#10439=CARTESIAN_POINT('',(0.0214174965931243,0.0146855844258122,0.0207767905223479));
#10440=CARTESIAN_POINT('',(0.0214174965931243,0.0146855844258122,0.0207767905223479));
#10441=CARTESIAN_POINT('',(0.0214826532079355,0.0149590129270218,0.0205993171920617));
#10442=CARTESIAN_POINT('',(0.0216373081554962,0.0154924121507465,0.0202393368186296));
#10443=CARTESIAN_POINT('',(0.0219660850871201,0.0162425623058285,0.0196754074045815));
#10444=CARTESIAN_POINT('',(0.022433119803161,0.0169037370908883,0.0190791516823005));
#10445=CARTESIAN_POINT('',(0.0229993881700505,0.0172748676195757,0.0185610778611613));
#10446=CARTESIAN_POINT('',(0.0235681097862329,0.0172636857732342,0.0181850652049214));
#10447=CARTESIAN_POINT('',(0.024122236561168,0.0169750436162182,0.0178973135463135));
#10448=CARTESIAN_POINT('',(0.0246003610815608,0.0162848761086403,0.0177279921968452));
#10449=CARTESIAN_POINT('',(0.0248981565440732,0.0153303690829352,0.01764809042843));
#10450=CARTESIAN_POINT('',(0.0249754234373046,0.0146759746295892,0.0176306719880264));
#10451=CARTESIAN_POINT('',(0.0249914517913072,0.0143448395301294,0.01762698900761));
#10452=CARTESIAN_POINT('',(0.0249914517913073,0.0143448395301294,0.01762698900761));
#10453=CARTESIAN_POINT('',(0.0249914517913071,0.0143448395301294,0.0176269890076102));
#10454=CARTESIAN_POINT('',(0.024994839047431,0.0142748610786123,0.0176262106870187));
#10455=CARTESIAN_POINT('',(0.0249963200256235,0.014206210451585,0.0176405974658221));
#10456=CARTESIAN_POINT('',(0.0249970850899686,0.0141423781695603,0.0176694743112265));
#10457=CARTESIAN_POINT('',(0.0249970850899686,0.0141423781695603,0.0176694743112266));
#10458=CARTESIAN_POINT('',(0.0249984097644998,0.0141421356259974,0.017625395439178));
#10459=CARTESIAN_POINT('',(0.0249980352084495,0.0141421952453279,0.0176400905269872));
#10460=CARTESIAN_POINT('',(0.0249975938768772,0.0141422760498701,0.0176547834914238));
#10461=CARTESIAN_POINT('',(0.0249970850879471,0.0141423782433322,0.0176694743108758));
#10462=CARTESIAN_POINT('',(0.025,-0.01025,0.));
#10463=CARTESIAN_POINT('',(0.025,0.0102502614491955,-0.00670780442642285));
#10464=CARTESIAN_POINT('',(0.025,0.0109095907068888,-0.00570027694905044));
#10465=CARTESIAN_POINT('',(0.025,0.011409503557157,-0.00461904267862208));
#10466=CARTESIAN_POINT('',(0.025,0.01175,-0.00346410161513778));
#10467=CARTESIAN_POINT('',(0.0249999474202653,0.0102502694071787,-0.00670780963415295));
#10468=CARTESIAN_POINT('',(0.025,0.01175,0.00346410161513777));
#10469=CARTESIAN_POINT('',(0.025,0.0114095028848478,0.00461904495904971));
#10470=CARTESIAN_POINT('',(0.025,0.0109095887604333,0.00570028117651228));
#10471=CARTESIAN_POINT('',(0.025,0.0102502576267565,0.00670781026752547));
#10472=CARTESIAN_POINT('',(0.0249999469882907,0.0102502610830284,0.00670781252932381));
#10473=CARTESIAN_POINT('',(0.025,0.0102504412899094,0.00670768489095992));
#10474=CARTESIAN_POINT('',(0.025,0.0092009726572537,0.00831087731896106));
#10475=CARTESIAN_POINT('',(0.025,0.0077682656247247,0.00966295891078104));
#10476=CARTESIAN_POINT('',(0.025,0.00611064605383607,0.0106172400924929));
#10477=CARTESIAN_POINT('',(0.025,0.00611061263923479,0.0106171820346638));
#10478=CARTESIAN_POINT('',(0.025,0.00611057920451877,0.0106171239884115));
#10479=CARTESIAN_POINT('',(0.025,0.00519484108367236,0.0111441678775228));
#10480=CARTESIAN_POINT('',(0.025,0.00312295861406776,0.0116079048964387));
#10481=CARTESIAN_POINT('',(0.025,0.0010443278512312,0.0116471885364037));
#10482=CARTESIAN_POINT('',(0.025,-2.69632687924387E-18,0.0116471885364037));
#10483=CARTESIAN_POINT('',(0.025,-1.94873990370689E-18,0.0116471885364037));
#10484=CARTESIAN_POINT('',(0.025,-1.94562193051046E-18,0.011625));
#10485=CARTESIAN_POINT('',(0.025,6.73555739531044E-19,0.011));
#10486=CARTESIAN_POINT('',(0.025,0.,0.));
#10487=CARTESIAN_POINT('',(0.025,6.73555739531044E-19,-0.011));
#10488=CARTESIAN_POINT('',(0.025,3.36927383451926E-18,-0.011625));
#10489=CARTESIAN_POINT('',(0.025,3.375109119723E-18,-0.0116471885363993));
#10490=CARTESIAN_POINT('',(0.025,3.375109119723E-18,-0.0116471885363993));
#10491=CARTESIAN_POINT('',(0.025,0.0010439745007443,-0.0116471885363993));
#10492=CARTESIAN_POINT('',(0.025,0.0031197467859991,-0.011608270273521));
#10493=CARTESIAN_POINT('',(0.025,0.00519465828849563,-0.0111442730834541));
#10494=CARTESIAN_POINT('',(0.025,0.00611057920451904,-0.0106171239884125));
#10495=CARTESIAN_POINT('',(0.025,0.00611060422132157,-0.010617167423816));
#10496=CARTESIAN_POINT('',(0.025,0.00611062922460967,-0.0106172108669988));
#10497=CARTESIAN_POINT('',(0.025,0.00776865527128918,-0.00966260725123367));
#10498=CARTESIAN_POINT('',(0.025,0.00920119717365743,-0.00831048601028255));
#10499=CARTESIAN_POINT('',(0.025,0.0102504557151589,-0.00670768237943041));
#10500=CARTESIAN_POINT('',(0.025,-0.01025,0.));
#10501=CARTESIAN_POINT('',(0.025,0.01175,0.));
#10502=CARTESIAN_POINT('',(0.025,0.01175,0.0223508886269878));
#10503=CARTESIAN_POINT('',(0.025,0.0151486184954957,0.0175));
#10504=CARTESIAN_POINT('',(0.025,0.0833247423083139,0.274567777178363));
#10505=CARTESIAN_POINT('',(0.0250000000000175,0.0141414562343286,0.0176691173110273));
#10506=CARTESIAN_POINT('',(0.025,0.014141456234331,0.0176691173110309));
#10507=CARTESIAN_POINT('',(0.025,0.0140794621994337,0.0176974731857943));
#10508=CARTESIAN_POINT('',(0.025,0.0140247947635103,0.017738020511911));
#10509=CARTESIAN_POINT('',(0.025,0.0139794885977262,0.0177889717639604));
#10510=CARTESIAN_POINT('',(0.0249999999999989,0.0139794885977264,0.0177889717639606));
#10511=CARTESIAN_POINT('',(0.025,0.01175,0.0223508886269879));
#10512=CARTESIAN_POINT('',(0.025,0.0120298700698199,0.0220255339291846));
#10513=CARTESIAN_POINT('',(0.025,0.0123302452914948,0.0214546391433724));
#10514=CARTESIAN_POINT('',(0.025,0.0125309393373987,0.020620891096672));
#10515=CARTESIAN_POINT('',(0.025,0.0127892502356636,0.0198073360447285));
#10516=CARTESIAN_POINT('',(0.025,0.0132591524343434,0.0188420346729626));
#10517=CARTESIAN_POINT('',(0.025,0.0136924662004574,0.0181117567592021));
#10518=CARTESIAN_POINT('',(0.025,0.0139794885977262,0.0177889717639604));
#10519=CARTESIAN_POINT('',(0.0252959375920569,0.0140475215605873,0.0176413140059084));
#10520=CARTESIAN_POINT('',(0.02869479875907,0.0129604782666143,0.0178231625362898));
#10521=CARTESIAN_POINT('',(0.032,0.0115841732558477,0.018));
#10522=CARTESIAN_POINT('',(0.032,0.,0.018));
#10523=CARTESIAN_POINT('',(0.024892101482399,0.0140475245431078,0.0177296216496637));
#10524=CARTESIAN_POINT('',(0.0282929861800343,0.0129605152839427,0.0178666995017837));
#10525=CARTESIAN_POINT('',(0.0316001551906364,0.0115842414898375,0.018));
#10526=CARTESIAN_POINT('',(0.0316001551906364,0.,0.018));
#10527=CARTESIAN_POINT('',(0.0245026580559675,0.0140475284245256,0.0178680940487922));
#10528=CARTESIAN_POINT('',(0.0278965444912742,0.0129605634578657,0.0179691833895847));
#10529=CARTESIAN_POINT('',(0.0311969080855332,0.0115843302887629,0.0180674870855034));
#10530=CARTESIAN_POINT('',(0.0311969080855332,0.,0.0180674870855034));
#10531=CARTESIAN_POINT('',(0.0237710666669599,0.0140475417620259,0.0182357746981538));
#10532=CARTESIAN_POINT('',(0.0271489063680396,0.012960728995241,0.0182852124338014));
#10533=CARTESIAN_POINT('',(0.030433665416166,0.0115846354235762,0.0183332878500018));
#10534=CARTESIAN_POINT('',(0.030433665416166,0.,0.0183332878500018));
#10535=CARTESIAN_POINT('',(0.0234289049108124,0.0140475512181083,0.0184649932958822));
#10536=CARTESIAN_POINT('',(0.0267978851744499,0.0129608463586931,0.0184987139061515));
#10537=CARTESIAN_POINT('',(0.0300740289181582,0.0115848517594642,0.0185315053022782));
#10538=CARTESIAN_POINT('',(0.0300740289181582,0.,0.0185315053022782));
#10539=CARTESIAN_POINT('',(0.0228093673570206,0.0140475794818083,0.0190033200823008));
#10540=CARTESIAN_POINT('',(0.0261723749496829,0.0129611971514661,0.0190185562394462));
#10541=CARTESIAN_POINT('',(0.0294427106069327,0.0115854983752946,0.0190333725449761));
#10542=CARTESIAN_POINT('',(0.0294427106069327,0.,0.0190333725449761));
#10543=CARTESIAN_POINT('',(0.0225319668738923,0.0140475982894257,0.0193124663791353));
#10544=CARTESIAN_POINT('',(0.025898000460536,0.012961430580787,0.019324784765641));
#10545=CARTESIAN_POINT('',(0.0291712787266689,0.0115859286552369,0.0193367637033981));
#10546=CARTESIAN_POINT('',(0.0291712787266689,0.,0.0193367637033981));
#10547=CARTESIAN_POINT('',(0.0220592521806658,0.0140476490330659,0.0199977995705086));
#10548=CARTESIAN_POINT('',(0.0254491151312582,0.0129620603816371,0.0200027882503189));
#10549=CARTESIAN_POINT('',(0.0287455661130224,0.0115870895662675,0.020007639460736));
#10550=CARTESIAN_POINT('',(0.0287455661130225,0.,0.0200076394607361));
#10551=CARTESIAN_POINT('',(0.0218639354985238,0.0140476809690886,0.0203740449067706));
#10552=CARTESIAN_POINT('',(0.0252746446883652,0.0129624567531664,0.0203744197569791));
#10553=CARTESIAN_POINT('',(0.0285913674648421,0.0115878201973558,0.0203747842777152));
#10554=CARTESIAN_POINT('',(0.0285913674648421,0.,0.0203747842777152));
#10555=CARTESIAN_POINT('',(0.0215625213645232,0.014047764652906,0.0212061601778186));
#10556=CARTESIAN_POINT('',(0.0250300656918701,0.0129634953885349,0.0211788120019555));
#10557=CARTESIAN_POINT('',(0.028402057441624,0.0115897347124849,0.0211522174397307));
#10558=CARTESIAN_POINT('',(0.028402057441624,0.,0.0211522174397307));
#10559=CARTESIAN_POINT('',(0.021370800327586,0.0140478029591625,0.0216319404152975));
#10560=CARTESIAN_POINT('',(0.024851481243166,0.0129639708237391,0.0215803745636913));
#10561=CARTESIAN_POINT('',(0.028236247585819,0.0115906110815354,0.0215302296744642));
#10562=CARTESIAN_POINT('',(0.028236247585819,0.,0.0215302296744642));
#10563=CARTESIAN_POINT('',(0.020918271850242,0.0140478622393211,0.0224561447184172));
#10564=CARTESIAN_POINT('',(0.0244052497313693,0.0129647065749419,0.0223284289191997));
#10565=CARTESIAN_POINT('',(0.0277961395187052,0.0115919672907036,0.0222042324906556));
#10566=CARTESIAN_POINT('',(0.0277961395187052,0.,0.0222042324906556));
#10567=CARTESIAN_POINT('',(0.020657475294098,0.0140478832132232,0.0228545218684101));
#10568=CARTESIAN_POINT('',(0.024137639225483,0.0129649668909404,0.022674940821441));
#10569=CARTESIAN_POINT('',(0.0275219028300956,0.0115924471308213,0.0225003083577644));
#10570=CARTESIAN_POINT('',(0.0275219028300956,0.,0.0225003083577644));
#10571=CARTESIAN_POINT('',(0.019782767361258,0.0140479091045675,0.0239840258999562));
#10572=CARTESIAN_POINT('',(0.0232302547306477,0.0129652882394009,0.0236014010427718));
#10573=CARTESIAN_POINT('',(0.0265827422173345,0.0115930394719913,0.023229319898343));
#10574=CARTESIAN_POINT('',(0.0265827422173345,0.,0.023229319898343));
#10575=CARTESIAN_POINT('',(0.0190749747372253,0.0140478519548355,0.0246472429152852));
#10576=CARTESIAN_POINT('',(0.0224847350204479,0.0129645789298274,0.0240656076087174));
#10577=CARTESIAN_POINT('',(0.0258005350386302,0.0115917320026415,0.0235));
#10578=CARTESIAN_POINT('',(0.0258005350386302,0.,0.0235));
#10579=CARTESIAN_POINT('',(0.0182974602522656,0.0140478457294638,0.0251756349369336));
#10580=CARTESIAN_POINT('',(0.0216955494529188,0.0129645016640973,0.0243261126367703));
#10581=CARTESIAN_POINT('',(0.025,0.0115915895788288,0.0235));
#10582=CARTESIAN_POINT('',(0.025,0.,0.0235));
#10583=CARTESIAN_POINT('',(0.025,0.01175,0.0223508886269878));
#10584=CARTESIAN_POINT('',(0.025,0.0115837858852086,0.0225441159453767));
#10585=CARTESIAN_POINT('',(0.0250276013460717,0.0111740365014249,0.0228614526930858));
#10586=CARTESIAN_POINT('',(0.0253396424401901,0.0101978977653712,0.023052274237603));
#10587=CARTESIAN_POINT('',(0.0258502862469908,0.00961228531475691,0.0228301184314851));
#10588=CARTESIAN_POINT('',(0.0262,0.00935,0.0225690568837765));
#10589=CARTESIAN_POINT('',(0.0262,0.00935,0.0225690568837765));
#10590=CARTESIAN_POINT('',(0.0250000000000105,0.0139794885977265,0.0177889717639567));
#10591=CARTESIAN_POINT('',(0.0242777393608491,0.0139778322579607,0.0180274775721803));
#10592=CARTESIAN_POINT('',(0.0229371515693178,0.0140092681910555,0.0187901341005072));
#10593=CARTESIAN_POINT('',(0.022054474471426,0.0140224320411266,0.0200656760938885));
#10594=CARTESIAN_POINT('',(0.0217823735254681,0.0140275175510781,0.0207754103262437));
#10595=CARTESIAN_POINT('',(0.0217823735254681,0.0140275175510781,0.0207754103262437));
#10596=CARTESIAN_POINT('',(0.0217823735254681,0.0140275175510781,0.0207754103262437));
#10597=CARTESIAN_POINT('',(0.0217666755353837,0.0140280516203241,0.0208142532646404));
#10598=CARTESIAN_POINT('',(0.0217515215201908,0.0140282885121916,0.0208533201397413));
#10599=CARTESIAN_POINT('',(0.0217369179509187,0.0140282252479496,0.0208925967670567));
#10600=CARTESIAN_POINT('',(0.0217369179509187,0.0140282252479496,0.0208925967670567));
#10601=CARTESIAN_POINT('',(0.0217369179509187,0.0140282252479496,0.0208925967670567));
#10602=CARTESIAN_POINT('',(0.0214152525103466,0.0140268317584596,0.021757723188834));
#10603=CARTESIAN_POINT('',(0.0205479362442558,0.0140222850287591,0.0233517776686517));
#10604=CARTESIAN_POINT('',(0.0191733618250599,0.0139959961008008,0.0246582020531168));
#10605=CARTESIAN_POINT('',(0.01840865151704,0.0140122685606353,0.02514783712074));
#10606=CARTESIAN_POINT('',(0.01840865151704,0.0140122685606353,0.02514783712074));
#10607=CARTESIAN_POINT('',(0.018,0.0141421356237309,0.02525));
#10608=CARTESIAN_POINT('',(0.0215,0.0130358885169857,0.024375));
#10609=CARTESIAN_POINT('',(0.025,0.0119296414102405,0.0235));
#10610=CARTESIAN_POINT('',(0.025,0.,0.0235));
#10611=CARTESIAN_POINT('',(0.025,0.,0.0235));
#10612=CARTESIAN_POINT('',(0.025,0.,0.0198977272727272));
#10613=CARTESIAN_POINT('',(0.0285,0.,0.02075));
#10614=CARTESIAN_POINT('',(0.032,0.,0.0216022727272728));
#10615=CARTESIAN_POINT('',(0.032,0.,0.018));
#10616=CARTESIAN_POINT('',(0.0249984097637818,0.0141421356237309,0.0176253954391706));
#10617=CARTESIAN_POINT('',(0.0284992048818908,0.0130320722123648,0.0178126977195853));
#10618=CARTESIAN_POINT('',(0.032,0.0119220088009987,0.018));
#10619=CARTESIAN_POINT('',(0.032,0.,0.018));
#10620=CARTESIAN_POINT('',(0.0317110525074832,0.00521671061938719,0.0179845391947604));
#10621=CARTESIAN_POINT('',(0.0262,0.00935,0.0225690568837765));
#10622=CARTESIAN_POINT('',(0.0264519735478056,0.00916101983914581,0.0223809584638381));
#10623=CARTESIAN_POINT('',(0.0269182845202732,0.00881128660979507,0.0219581611204835));
#10624=CARTESIAN_POINT('',(0.0274092146200298,0.00844308903497763,0.0212576653430107));
#10625=CARTESIAN_POINT('',(0.0276318560310478,0.00827610797671411,0.0205708430032846));
#10626=CARTESIAN_POINT('',(0.0279368684886352,0.00804734863352365,0.0199537913801213));
#10627=CARTESIAN_POINT('',(0.0284561425298549,0.00765789310260878,0.01930336412941));
#10628=CARTESIAN_POINT('',(0.0291898319222386,0.00710762605832104,0.0187163247122201));
#10629=CARTESIAN_POINT('',(0.0302613319543592,0.0063040010342307,0.0181610736357226));
#10630=CARTESIAN_POINT('',(0.0311279754932981,0.00565401838002591,0.0179865596670402));
#10631=CARTESIAN_POINT('',(0.0317110280146914,0.00521672898898097,0.0179845391947633));
#10632=CARTESIAN_POINT('',(0.0452161071718386,0.0779506939843309,0.017890410605137));
#10633=CARTESIAN_POINT('',(0.0249970851004964,0.0141423782027893,0.01766947431136));
#10634=CARTESIAN_POINT('',(0.0249980566731205,0.0141420708650643,0.0176693548553587));
#10635=CARTESIAN_POINT('',(0.0249990283106981,0.0141417635653789,0.0176692358314528));
#10636=CARTESIAN_POINT('',(0.0250000000000612,0.0141414562345024,0.0176691173109362));
#10637=CARTESIAN_POINT('',(0.0214174965931243,0.0145018520604233,0.0207767905223479));
#10638=CARTESIAN_POINT('',(0.0214178553870509,0.0141431724244895,0.0207758132408665));
#10639=CARTESIAN_POINT('',(0.0217369179509187,0.0140282252479496,0.0208925967670567));
#10640=CARTESIAN_POINT('',(0.0215628420769588,0.0145029537144974,0.0203808990670762));
#10641=CARTESIAN_POINT('',(0.0215581399543913,0.0141430952334088,0.020393961757206));
#10642=CARTESIAN_POINT('',(0.021866835718244,0.0140287880647653,0.0205431800244521));
#10643=CARTESIAN_POINT('',(0.0219481701616702,0.0144864379627836,0.0196373479270078));
#10644=CARTESIAN_POINT('',(0.0219408411133146,0.0141409233046521,0.0196463129650982));
#10645=CARTESIAN_POINT('',(0.0222130934972412,0.0140181617324812,0.0198261542084184));
#10646=CARTESIAN_POINT('',(0.0230706106939682,0.0144544798607165,0.0183765256988363));
#10647=CARTESIAN_POINT('',(0.0230471776792743,0.0141391709327457,0.0184017333251845));
#10648=CARTESIAN_POINT('',(0.0232280666653429,0.0140037160725856,0.0186294853076458));
#10649=CARTESIAN_POINT('',(0.0242190593676844,0.0144069454268419,0.0177967203461396));
#10650=CARTESIAN_POINT('',(0.0241676915123698,0.0141341573273026,0.0178113683667017));
#10651=CARTESIAN_POINT('',(0.0242703146599695,0.0139767110520202,0.0180239987622974));
#10652=CARTESIAN_POINT('',(0.0250367062443629,0.0143412390049622,0.0176168112431917));
#10653=CARTESIAN_POINT('',(0.0250184571852944,0.0141269628288144,0.0176208266341145));
#10654=CARTESIAN_POINT('',(0.0250394643499207,0.0139796078456755,0.0177760962034584));
#10655=CARTESIAN_POINT('',(0.0214174965931243,0.0145018520604233,0.0207767905223479));
#10656=CARTESIAN_POINT('',(0.0217056145027367,0.0145040358711098,0.0199920160971849));
#10657=CARTESIAN_POINT('',(0.0226728103843361,0.0144644470984296,0.0185908149219739));
#10658=CARTESIAN_POINT('',(0.0241790969361212,0.0144088289734887,0.0178136511578427));
#10659=CARTESIAN_POINT('',(0.0249914517913071,0.0143448395301294,0.0176269890076102));
#10660=CARTESIAN_POINT('',(0.0214174965931243,0.0145018520604233,0.0207767905223479));
#10661=CARTESIAN_POINT('',(0.0218868637105934,0.0145018520604233,0.0209491114701131));
#10662=CARTESIAN_POINT('',(-0.0453258140066341,0.0782969251904034,0.0178918087804102));
#10663=CARTESIAN_POINT('',(-0.0250000169542877,0.0141414507300367,0.0176691506309701));
#10664=CARTESIAN_POINT('',(-0.0249990392005663,0.0141417599787031,0.0176692699432208));
#10665=CARTESIAN_POINT('',(-0.0249980615059074,0.0141420692308183,0.0176693897286383));
#10666=CARTESIAN_POINT('',(-0.0249970838702736,0.0141423784861899,0.0176695099874141));
#10667=CARTESIAN_POINT('',(-0.0317077054456816,0.00524293266878733,0.0175));
#10668=CARTESIAN_POINT('',(-0.0318966485071442,0.00377796241313322,0.0175));
#10669=CARTESIAN_POINT('',(-0.032,0.00204860465644941,0.0175));
#10670=CARTESIAN_POINT('',(-0.032,0.,0.0175));
#10671=CARTESIAN_POINT('',(-0.0317076833115203,0.00525954975931419,0.017661452625088));
#10672=CARTESIAN_POINT('',(-0.0318966406807972,0.00379071044875921,0.017664823050448));
#10673=CARTESIAN_POINT('',(-0.032,0.00205592169429762,0.0176666666666667));
#10674=CARTESIAN_POINT('',(-0.032,0.,0.0176666666666667));
#10675=CARTESIAN_POINT('',(-0.031707661177359,0.0052431016316676,0.0178229052501758));
#10676=CARTESIAN_POINT('',(-0.0318966328544502,0.00377809203539252,0.0178296461008959));
#10677=CARTESIAN_POINT('',(-0.032,0.00204867905622401,0.0178333333333333));
#10678=CARTESIAN_POINT('',(-0.032,0.,0.0178333333333333));
#10679=CARTESIAN_POINT('',(-0.0317076390431978,0.00524310018924934,0.0179843578752638));
#10680=CARTESIAN_POINT('',(-0.0318966250281032,0.00377809092882099,0.017994469151344));
#10681=CARTESIAN_POINT('',(-0.032,0.002048678421081,0.018));
#10682=CARTESIAN_POINT('',(-0.032,0.,0.018));
#10683=CARTESIAN_POINT('',(-0.0317110280163292,0.00521672898775308,0.0179845392935876));
#10684=CARTESIAN_POINT('',(-0.0317110300184928,0.00521672748613044,0.0179712887739365));
#10685=CARTESIAN_POINT('',(-0.0317110476331658,0.00521671427512564,0.0179580382628623));
#10686=CARTESIAN_POINT('',(-0.0317110769986221,0.00521669225103345,0.0179447877582437));
#10687=CARTESIAN_POINT('',(-0.031711043755043,0.00521670344482131,0.0179845392988604));
#10688=CARTESIAN_POINT('',(-0.0317110769989211,0.00521669225143217,0.017944787758217));
#10689=CARTESIAN_POINT('',(-0.0317110769986221,0.00521669225103341,0.017944787758217));
#10690=CARTESIAN_POINT('',(-0.0317114055843524,0.00521644581173571,0.0177965208048218));
#10691=CARTESIAN_POINT('',(-0.0317132054149214,0.00521509593880897,0.017648248456421));
#10692=CARTESIAN_POINT('',(-0.0317110769990092,0.00521669225074313,0.0174999999999913));
#10693=CARTESIAN_POINT('',(-0.0317110769989211,0.00521669225143217,0.0175));
#10694=CARTESIAN_POINT('',(-0.025,0.0141421356237309,0.0175));
#10695=CARTESIAN_POINT('',(-0.0253902071436359,0.0140183532169255,0.0175));
#10696=CARTESIAN_POINT('',(-0.0257804142872717,0.01389457081012,0.0175));
#10697=CARTESIAN_POINT('',(-0.0265511283998737,0.0136170427071074,0.0175));
#10698=CARTESIAN_POINT('',(-0.0269316353688397,0.0134632970109002,0.0175));
#10699=CARTESIAN_POINT('',(-0.027673248957432,0.0130958790396825,0.0175));
#10700=CARTESIAN_POINT('',(-0.0280343555770583,0.0128822067646719,0.0175));
#10701=CARTESIAN_POINT('',(-0.0287274682923014,0.0123649723464456,0.0175));
#10702=CARTESIAN_POINT('',(-0.0290594743879181,0.0120614102032299,0.0175));
#10703=CARTESIAN_POINT('',(-0.030925604052198,0.00989152978718018,0.0175));
#10704=CARTESIAN_POINT('',(-0.032,0.00660513896734041,0.0175));
#10705=CARTESIAN_POINT('',(-0.032,0.,0.0175));
#10706=CARTESIAN_POINT('',(-0.032,0.,0.0175));
#10707=CARTESIAN_POINT('',(-0.032,0.,0.01775));
#10708=CARTESIAN_POINT('',(-0.032,0.,0.018));
#10709=CARTESIAN_POINT('',(-0.032,0.,0.018));
#10710=CARTESIAN_POINT('',(-0.032,0.00203638654576966,0.018));
#10711=CARTESIAN_POINT('',(-0.0318978617866843,0.00375732681510596,0.0179945353213696));
#10712=CARTESIAN_POINT('',(-0.031711031487369,0.00521670187486301,0.0179845393804671));
#10713=CARTESIAN_POINT('',(0.032002,0.00707106781186548,0.0175));
#10714=CARTESIAN_POINT('',(0.024,0.011,0.0175));
#10715=CARTESIAN_POINT('',(0.032,0.005,0.0175));
#10716=CARTESIAN_POINT('',(0.0317110769986221,0.00521669225103346,0.0175));
#10717=CARTESIAN_POINT('',(0.025,0.0141421356237309,0.0175));
#10718=CARTESIAN_POINT('',(0.025097551785909,0.0141111900220296,0.0175));
#10719=CARTESIAN_POINT('',(0.025195103571818,0.0140802444203282,0.0175));
#10720=CARTESIAN_POINT('',(0.0253900555784067,0.0140178850405286,0.0175));
#10721=CARTESIAN_POINT('',(0.0254874557990864,0.0139864712624303,0.0175));
#10722=CARTESIAN_POINT('',(0.0256819531099875,0.01392270735344,0.0175));
#10723=CARTESIAN_POINT('',(0.0257790502002088,0.0138903572225479,0.0175));
#10724=CARTESIAN_POINT('',(0.0259727896849638,0.0138242524315731,0.0175));
#10725=CARTESIAN_POINT('',(0.0260694320794975,0.0137904977714903,0.0175));
#10726=CARTESIAN_POINT('',(0.0263584498717232,0.0136864247328606,0.0175));
#10727=CARTESIAN_POINT('',(0.02654991587804,0.0136132972959322,0.0175));
#10728=CARTESIAN_POINT('',(0.0269292103251722,0.0134558061885498,0.0175));
#10729=CARTESIAN_POINT('',(0.0271170387659878,0.0133714425180958,0.0175));
#10730=CARTESIAN_POINT('',(0.027487845560284,0.0131877335324869,0.0175));
#10731=CARTESIAN_POINT('',(0.0276708239137645,0.0130883882173321,0.0175));
#10732=CARTESIAN_POINT('',(0.0280307180115572,0.0128709705311463,0.0175));
#10733=CARTESIAN_POINT('',(0.0282076337558691,0.0127528981601153,0.0175));
#10734=CARTESIAN_POINT('',(0.0287274682923014,0.0123649723464456,0.0175));
#10735=CARTESIAN_POINT('',(0.0290594743879181,0.0120614102032299,0.0175));
#10736=CARTESIAN_POINT('',(0.030925604052198,0.00989152978718018,0.0175));
#10737=CARTESIAN_POINT('',(0.032,0.00660513896734041,0.0175));
#10738=CARTESIAN_POINT('',(0.032,0.,0.0175));
#10739=CARTESIAN_POINT('',(0.032,1.40933617535122E-18,0.0175));
#10740=CARTESIAN_POINT('',(0.032,0.00707106781186548,0.0175));
#10741=CARTESIAN_POINT('',(0.,0.0141421356237309,0.012625));
#10742=CARTESIAN_POINT('',(0.,0.0141421356237309,0.02525));
#10743=CARTESIAN_POINT('',(0.015,0.0141421356237309,0.02525));
#10744=CARTESIAN_POINT('',(-0.015,0.0141421356237309,0.02525));
#10745=CARTESIAN_POINT('',(-0.015,0.0141421356237309,0.021375));
#10746=CARTESIAN_POINT('',(-0.015,0.0141421356237309,0.0175));
#10747=CARTESIAN_POINT('',(0.032002,0.0141421356237309,0.0175));
#10748=CARTESIAN_POINT('',(0.015,0.0141421356237309,0.0175));
#10749=CARTESIAN_POINT('',(0.015,0.0141421356237309,0.021375));
#10750=CARTESIAN_POINT('',(0.032002,0.00707106781186548,0.0175));
#10751=CARTESIAN_POINT('',(-0.024,0.011,0.0175));
#10752=CARTESIAN_POINT('',(-0.032,0.005,0.0175));
#10753=CARTESIAN_POINT('',(-0.032,0.00707106781186548,0.0175));
#10754=CARTESIAN_POINT('',(0.02,0.,0.));
#10755=CARTESIAN_POINT('',(0.025,0.00611057920451878,-0.0106171239884115));
#10756=CARTESIAN_POINT('',(0.025457349745155,0.00660976080350225,-0.0103298250267194));
#10757=CARTESIAN_POINT('',(0.0266058869330236,0.0074125514256958,-0.00976390791692975));
#10758=CARTESIAN_POINT('',(0.0281391045411298,0.00751516535996479,-0.00967583634594624));
#10759=CARTESIAN_POINT('',(0.0288514984516185,0.00736137616128611,-0.00979145755299223));
#10760=CARTESIAN_POINT('',(0.0288514984516184,0.00736137616128616,-0.0097914575529922));
#10761=CARTESIAN_POINT('',(0.0386666666666667,0.,0.));
#10762=CARTESIAN_POINT('',(0.0262,0.00935,-0.00791454357496376));
#10763=CARTESIAN_POINT('',(0.0262,0.00935,-0.00791454357496376));
#10764=CARTESIAN_POINT('',(0.0256102151318236,0.00979233865113227,-0.00739197820541172));
#10765=CARTESIAN_POINT('',(0.0250548267507678,0.0108082841800049,-0.00597620398669872));
#10766=CARTESIAN_POINT('',(0.025,0.0114973616406465,-0.00432103396072247));
#10767=CARTESIAN_POINT('',(0.025,0.01175,-0.00346410161513778));
#10768=CARTESIAN_POINT('',(0.02,0.,0.));
#10769=CARTESIAN_POINT('',(0.032,0.,0.));
#10770=CARTESIAN_POINT('',(0.032,0.005,0.0111831346231725));
#10771=CARTESIAN_POINT('',(0.032,0.00452097456677193,0.011385222394253));
#10772=CARTESIAN_POINT('',(0.032,0.00452097456677193,0.0113852223942531));
#10773=CARTESIAN_POINT('',(0.031883710226531,0.00479102716269626,0.0112779868150446));
#10774=CARTESIAN_POINT('',(0.0317518723235801,0.00505148429888866,0.0111633017396983));
#10775=CARTESIAN_POINT('',(0.0316036532324734,0.0052972600756438,0.0110454305344332));
#10776=CARTESIAN_POINT('',(0.0316036532324734,0.00529726007564381,0.0110454305344332));
#10777=CARTESIAN_POINT('',(0.0386666666666667,0.,0.));
#10778=CARTESIAN_POINT('',(0.02,0.,0.));
#10779=CARTESIAN_POINT('',(0.0386666666666667,0.,0.));
#10780=CARTESIAN_POINT('',(0.032,0.005,-0.0111831346231725));
#10781=CARTESIAN_POINT('',(0.0316036532324728,0.00529726007564469,-0.0110454305344328));
#10782=CARTESIAN_POINT('',(0.0316036532324728,0.00529726007564468,-0.0110454305344328));
#10783=CARTESIAN_POINT('',(0.0317521277483338,0.00505106075549235,-0.0111635048661873));
#10784=CARTESIAN_POINT('',(0.0318838973426056,0.0047905926345331,-0.0112781593624668));
#10785=CARTESIAN_POINT('',(0.0320000000000007,0.00452097456677045,-0.0113852223942536));
#10786=CARTESIAN_POINT('',(0.032,0.00452097456677045,-0.0113852223942536));
#10787=CARTESIAN_POINT('',(0.032,0.,0.));
#10788=CARTESIAN_POINT('',(0.02,0.,0.));
#10789=CARTESIAN_POINT('',(0.0386666666666667,0.,0.));
#10790=CARTESIAN_POINT('',(0.0262,0.00935,0.00791454357496376));
#10791=CARTESIAN_POINT('',(0.0288514984516183,0.00736137616128617,0.00979145755299219));
#10792=CARTESIAN_POINT('',(0.0288514984516183,0.00736137616128616,0.00979145755299219));
#10793=CARTESIAN_POINT('',(0.0281387914137916,0.00751523295684017,0.00967578552552197));
#10794=CARTESIAN_POINT('',(0.0266093309827883,0.00741345558364547,0.00976320469075828));
#10795=CARTESIAN_POINT('',(0.0254578374746253,0.00661029314353176,0.0103295186437557));
#10796=CARTESIAN_POINT('',(0.025,0.00611057920451878,0.0106171239884115));
#10797=CARTESIAN_POINT('',(0.025,0.01175,0.00346410161513777));
#10798=CARTESIAN_POINT('',(0.025,0.0114976080011678,0.00432019832238182));
#10799=CARTESIAN_POINT('',(0.0250490416251122,0.0108228719760979,0.0059502172176369));
#10800=CARTESIAN_POINT('',(0.0256114972897607,0.00979137703267946,0.00739311423207561));
#10801=CARTESIAN_POINT('',(0.0262,0.00935,0.00791454357496376));
#10802=CARTESIAN_POINT('',(0.028,-0.02,-0.0143415673115863));
#10803=CARTESIAN_POINT('',(0.028,0.,-0.0143415673115863));
#10804=CARTESIAN_POINT('',(0.028,-1.83697019872103E-19,-0.0128415673115863));
#10805=CARTESIAN_POINT('',(0.028,0.005,-0.0143415673115863));
#10806=CARTESIAN_POINT('',(0.028,0.005,-0.0128415673115863));
#10807=CARTESIAN_POINT('',(0.028,-0.02,0.0143415673115863));
#10808=CARTESIAN_POINT('',(0.028,0.,0.0143415673115863));
#10809=CARTESIAN_POINT('',(0.028,0.,0.0128415673115863));
#10810=CARTESIAN_POINT('',(0.028,0.005,0.0143415673115863));
#10811=CARTESIAN_POINT('',(0.028,0.005,0.0158415673115863));
#10812=CARTESIAN_POINT('',(0.032002,0.00707106781186547,-0.0175));
#10813=CARTESIAN_POINT('',(0.032002,0.0141421356237309,-0.0175));
#10814=CARTESIAN_POINT('',(0.015,0.0141421356237309,-0.0175));
#10815=CARTESIAN_POINT('',(-0.015,0.0141421356237309,-0.0175));
#10816=CARTESIAN_POINT('',(-0.018,0.00860232526704263,-0.0175));
#10817=CARTESIAN_POINT('',(-0.018,0.0091792564460473,-0.0175));
#10818=CARTESIAN_POINT('',(-0.0179375682237366,0.0103219019414352,-0.0175));
#10819=CARTESIAN_POINT('',(-0.0175410079007051,0.0120128249030518,-0.0175));
#10820=CARTESIAN_POINT('',(-0.0166767607133742,0.0135589072628302,-0.0175));
#10821=CARTESIAN_POINT('',(-0.015585829542462,0.014142135623731,-0.0175));
#10822=CARTESIAN_POINT('',(-0.015,0.014142135623731,-0.0175));
#10823=CARTESIAN_POINT('',(-0.018,0.00860232526704263,-0.0175));
#10824=CARTESIAN_POINT('',(-0.018,0.00707106781186547,-0.0175));
#10825=CARTESIAN_POINT('',(-0.018,-3.37770226097283E-19,-0.0175));
#10826=CARTESIAN_POINT('',(-0.016398,-3.37770226097283E-19,-0.0175));
#10827=CARTESIAN_POINT('',(-0.032,7.33795723156651E-19,-0.0175));
#10828=CARTESIAN_POINT('',(-0.032,0.00707106781186547,-0.0175));
#10829=CARTESIAN_POINT('',(-0.032,0.005,-0.0175));
#10830=CARTESIAN_POINT('',(-0.0310071674503046,0.00574462441227157,-0.0175));
#10831=CARTESIAN_POINT('',(-0.0262,0.00935,-0.0175));
#10832=CARTESIAN_POINT('',(-0.028,0.01175,-0.0175));
#10833=CARTESIAN_POINT('',(-0.025,0.00707106781186547,-0.0175));
#10834=CARTESIAN_POINT('',(0.032002,0.0185472369909914,-0.0175));
#10835=CARTESIAN_POINT('',(0.025,0.00707106781186547,-0.0175));
#10836=CARTESIAN_POINT('',(0.028,0.01175,-0.0175));
#10837=CARTESIAN_POINT('',(0.0262,0.00935,-0.0175));
#10838=CARTESIAN_POINT('',(0.0310071674503046,0.00574462441227157,-0.0175));
#10839=CARTESIAN_POINT('',(0.032,0.005,-0.0175));
#10840=CARTESIAN_POINT('',(0.032,0.00707106781186547,-0.0175));
#10841=CARTESIAN_POINT('',(0.032,7.33795723156651E-19,-0.0175));
#10842=CARTESIAN_POINT('',(0.016398,-3.37770226097283E-19,-0.0175));
#10843=CARTESIAN_POINT('',(0.018,-3.37770226097283E-19,-0.0175));
#10844=CARTESIAN_POINT('',(0.018,0.00707106781186547,-0.0175));
#10845=CARTESIAN_POINT('',(0.018,0.00860232526704263,-0.0175));
#10846=CARTESIAN_POINT('',(0.018,0.00860232526704263,-0.0175));
#10847=CARTESIAN_POINT('',(0.018,0.0091792564460473,-0.0175));
#10848=CARTESIAN_POINT('',(0.0179375682237366,0.0103219019414352,-0.0175));
#10849=CARTESIAN_POINT('',(0.0175410079007051,0.0120128249030518,-0.0175));
#10850=CARTESIAN_POINT('',(0.0166767607133742,0.0135589072628302,-0.0175));
#10851=CARTESIAN_POINT('',(0.015585829542462,0.014142135623731,-0.0175));
#10852=CARTESIAN_POINT('',(0.015,0.014142135623731,-0.0175));
#10853=CARTESIAN_POINT('',(0.032002,5.20417042793042E-18,0.));
#10854=CARTESIAN_POINT('',(0.032002,0.019687034205583,0.016207118318449));
#10855=CARTESIAN_POINT('',(-0.0219116861858467,0.019687034205583,0.016207118318449));
#10856=CARTESIAN_POINT('',(0.0219116861858466,0.019687034205583,0.016207118318449));
#10857=CARTESIAN_POINT('',(0.0219116861858466,0.019687034205583,0.016207118318449));
#10858=CARTESIAN_POINT('',(0.0219724313464028,0.0193226947552109,0.0166496870145604));
#10859=CARTESIAN_POINT('',(0.022,0.0189427779601461,0.0170807890231681));
#10860=CARTESIAN_POINT('',(0.022,0.0185472369909914,0.0175));
#10861=CARTESIAN_POINT('',(0.,0.0185472369909914,0.0175));
#10862=CARTESIAN_POINT('',(0.,0.0185472369909914,0.0175));
#10863=CARTESIAN_POINT('',(-0.022,0.0185472369909914,0.0175));
#10864=CARTESIAN_POINT('',(-0.022,0.0189427779601461,0.0170807890231681));
#10865=CARTESIAN_POINT('',(-0.0219724313464028,0.0193226947552109,0.0166496870145604));
#10866=CARTESIAN_POINT('',(-0.0219116861858467,0.019687034205583,0.016207118318449));
#10867=CARTESIAN_POINT('',(0.032,4.1232593838047E-19,-0.014875));
#10868=CARTESIAN_POINT('',(0.032,0.005,0.0143415673115863));
#10869=CARTESIAN_POINT('',(0.032,1.40933617535122E-18,0.014875));
#10870=CARTESIAN_POINT('',(0.032,1.40933617535122E-18,0.012140328345122));
#10871=CARTESIAN_POINT('',(0.032,1.40933617535122E-18,0.012140328345122));
#10872=CARTESIAN_POINT('',(0.032,0.000774515749504186,0.012140328345122));
#10873=CARTESIAN_POINT('',(0.032,0.0023053325755755,0.0120312733535731));
#10874=CARTESIAN_POINT('',(0.032,0.00379463226322955,0.0116736467189938));
#10875=CARTESIAN_POINT('',(0.032,0.00452097456677193,0.0113852223942531));
#10876=CARTESIAN_POINT('',(0.032,4.1232593838047E-19,-0.014875));
#10877=CARTESIAN_POINT('',(0.032,0.005,-0.0143415673115863));
#10878=CARTESIAN_POINT('',(0.0320000000000007,0.00452097456677046,-0.0113852223942536));
#10879=CARTESIAN_POINT('',(0.0320000000000007,0.00307989437665431,-0.0119574630288749));
#10880=CARTESIAN_POINT('',(0.032,0.00154272019804559,-0.012140328345122));
#10881=CARTESIAN_POINT('',(0.032,4.47027522058147E-19,-0.012140328345122));
#10882=CARTESIAN_POINT('',(0.032,7.74252494939338E-20,-0.012140328345122));
#10883=CARTESIAN_POINT('',(0.032,4.1232593838047E-19,-0.014875));
#10884=CARTESIAN_POINT('',(0.02,0.,0.));
#10885=CARTESIAN_POINT('',(0.0272,9.08561536042908E-20,-0.01225));
#10886=CARTESIAN_POINT('',(0.0281880058007186,1.40933617535122E-18,-0.01225));
#10887=CARTESIAN_POINT('',(0.0278119941992814,1.40933617535122E-18,-0.01225));
#10888=CARTESIAN_POINT('',(0.0281880058007186,9.08561536042895E-20,-0.01225));
#10889=CARTESIAN_POINT('',(0.0281880058007186,8.78655402490771E-5,-0.01225));
#10890=CARTESIAN_POINT('',(0.0281712031606654,0.000219631580897272,-0.0122485202851009));
#10891=CARTESIAN_POINT('',(0.0281154829158772,0.000382158171570906,-0.0122442407105346));
#10892=CARTESIAN_POINT('',(0.0280003760687608,0.000490517088529669,-0.0122402332050809));
#10893=CARTESIAN_POINT('',(0.0278845232476711,0.00038250373477821,-0.0122442304291922));
#10894=CARTESIAN_POINT('',(0.027828743813554,0.000219234607887624,-0.0122485300931207));
#10895=CARTESIAN_POINT('',(0.0278119941992814,8.79536772382355E-5,-0.01225));
#10896=CARTESIAN_POINT('',(0.0278119941992814,2.37296168940118E-18,-0.01225));
#10897=CARTESIAN_POINT('',(0.018,4.1232593838047E-19,-0.014875));
#10898=CARTESIAN_POINT('',(0.018,0.00707106781186548,0.0175));
#10899=CARTESIAN_POINT('',(0.018,2.48090212460515E-18,0.0175));
#10900=CARTESIAN_POINT('',(0.018,0.00860232526704263,0.0175));
#10901=CARTESIAN_POINT('',(0.018,5.20417042793042E-18,1.7347234759768E-18));
#10902=CARTESIAN_POINT('',(0.018,4.1232593838047E-19,-0.014875));
#10903=CARTESIAN_POINT('',(0.018,-6.59240010873463E-19,-0.01225));
#10904=CARTESIAN_POINT('',(0.018,0.,0.));
#10905=CARTESIAN_POINT('',(0.018,2.15943233982897E-18,0.01225));
#10906=CARTESIAN_POINT('',(0.018,1.40933617535122E-18,0.014875));
#10907=CARTESIAN_POINT('',(0.02,0.,0.));
#10908=CARTESIAN_POINT('',(0.0224,0.,0.));
#10909=CARTESIAN_POINT('',(0.0224,6.73555739531044E-19,-0.011));
#10910=CARTESIAN_POINT('',(0.0224,6.73555739531044E-19,0.011));
#10911=CARTESIAN_POINT('',(0.024,6.73555739531044E-19,-0.011));
#10912=CARTESIAN_POINT('',(0.024,6.73555739531044E-19,0.011));
#10913=CARTESIAN_POINT('',(0.0224,3.36927383451926E-18,-0.011625));
#10914=CARTESIAN_POINT('',(0.0224,0.,0.));
#10915=CARTESIAN_POINT('',(0.0224,-2.84191928634586E-19,-0.01225));
#10916=CARTESIAN_POINT('',(0.0224,1.78438425759009E-18,0.01225));
#10917=CARTESIAN_POINT('',(0.0224,3.36927383451926E-18,-0.011625));
#10918=CARTESIAN_POINT('',(0.0224,-1.94562193051046E-18,0.011625));
#10919=CARTESIAN_POINT('',(0.02,0.,0.));
#10920=CARTESIAN_POINT('',(0.016398,-6.59240010873463E-19,-0.01225));
#10921=CARTESIAN_POINT('',(0.016398,2.15943233982897E-18,0.01225));
#10922=CARTESIAN_POINT('',(0.016398,4.1232593838047E-19,-0.014875));
#10923=CARTESIAN_POINT('',(0.028,1.40933617535122E-18,-0.0143415673115863));
#10924=CARTESIAN_POINT('',(0.025255004267557,1.40933617535122E-18,-0.0114321002763941));
#10925=CARTESIAN_POINT('',(0.030744995732443,1.40933617535122E-18,-0.0114321002763941));
#10926=CARTESIAN_POINT('',(0.0231962574682247,3.35545424264556E-18,-0.00925));
#10927=CARTESIAN_POINT('',(0.0328037425317753,3.56619543901615E-19,-0.00925));
#10928=CARTESIAN_POINT('',(0.028,1.40933617535122E-18,-0.0143415673115862));
#10929=CARTESIAN_POINT('',(0.016398,1.40933617535122E-18,0.014875));
#10930=CARTESIAN_POINT('',(0.018,1.7347234759768E-18,0.02));
#10931=CARTESIAN_POINT('',(0.018,6.50521303491303E-19,0.0184));
#10932=CARTESIAN_POINT('',(0.018,0.,0.0216));
#10933=CARTESIAN_POINT('',(0.018,0.,0.0205));
#10934=CARTESIAN_POINT('',(0.0231962574682247,-1.85158255752707E-18,0.00925));
#10935=CARTESIAN_POINT('',(0.025255004267557,1.40933617535122E-18,0.0114321002763941));
#10936=CARTESIAN_POINT('',(0.028,1.40933617535122E-18,0.0143415673115863));
#10937=CARTESIAN_POINT('',(0.030744995732443,1.40933617535122E-18,0.0114321002763941));
#10938=CARTESIAN_POINT('',(0.0328037425317752,1.14376754623944E-18,0.00925));
#10939=CARTESIAN_POINT('',(0.032,0.,0.01775));
#10940=CARTESIAN_POINT('',(0.0215,0.,0.0235));
#10941=CARTESIAN_POINT('',(0.018,0.,0.0235));
#10942=CARTESIAN_POINT('',(0.018,0.,0.0205));
#10943=CARTESIAN_POINT('',(0.032002,5.20417042793042E-18,1.7347234759768E-18));
#10944=CARTESIAN_POINT('',(-0.015,5.20417042793042E-18,1.7347234759768E-18));
#10945=CARTESIAN_POINT('',(0.015,5.20417042793042E-18,1.7347234759768E-18));
#10946=CARTESIAN_POINT('',(0.015,5.20417042793042E-18,1.7347234759768E-18));
#10947=CARTESIAN_POINT('',(0.015,0.0141421356237309,0.0175));
#10948=CARTESIAN_POINT('',(0.0155865056110214,0.0141421356237309,0.0175));
#10949=CARTESIAN_POINT('',(0.0166747743733164,0.0135595592573162,0.0175));
#10950=CARTESIAN_POINT('',(0.0175387914204017,0.0120186004487252,0.0175));
#10951=CARTESIAN_POINT('',(0.0179372798491461,0.0103264596378835,0.0175));
#10952=CARTESIAN_POINT('',(0.018,0.00917974397247131,0.0175));
#10953=CARTESIAN_POINT('',(0.018,0.00860232526704263,0.0175));
#10954=CARTESIAN_POINT('',(0.024,0.011,-0.011625));
#10955=CARTESIAN_POINT('',(0.0262,0.00935,-0.011625));
#10956=CARTESIAN_POINT('',(0.0262,0.00935,-0.0164206296002154));
#10957=CARTESIAN_POINT('',(0.028,0.008,-0.0143415673115863));
#10958=CARTESIAN_POINT('',(0.0262,0.00935,-0.0122625050229571));
#10959=CARTESIAN_POINT('',(0.0262,0.00935,-0.011625));
#10960=CARTESIAN_POINT('',(0.0288514984516184,0.00736137616128616,-0.0097914575529922));
#10961=CARTESIAN_POINT('',(0.0292977586902773,0.00702668098229197,-0.010043086802122));
#10962=CARTESIAN_POINT('',(0.0302167393791892,0.00633744546560816,-0.0104556054592442));
#10963=CARTESIAN_POINT('',(0.0311333460976375,0.00564999042677193,-0.0108762651586995));
#10964=CARTESIAN_POINT('',(0.0316036532324733,0.00529726007564508,-0.0110454305344326));
#10965=CARTESIAN_POINT('',(0.024,0.011,-0.011625));
#10966=CARTESIAN_POINT('',(0.0262,0.00935,-0.011625));
#10967=CARTESIAN_POINT('',(0.0262,0.00935,0.0122625050229571));
#10968=CARTESIAN_POINT('',(0.028,0.008,0.0143415673115863));
#10969=CARTESIAN_POINT('',(0.0262,0.00935,0.0164206296002154));
#10970=CARTESIAN_POINT('',(0.0262,0.00935,-0.011625));
#10971=CARTESIAN_POINT('',(0.031711028016345,0.00521672898774123,0.0179845391889782));
#10972=CARTESIAN_POINT('',(0.0317110300185078,0.00521672748611913,0.0179712887041933));
#10973=CARTESIAN_POINT('',(0.0317110476332431,0.00521671427506768,0.0179580382279886));
#10974=CARTESIAN_POINT('',(0.0317110769986221,0.00521669225103345,0.0179447877582417));
#10975=CARTESIAN_POINT('',(0.0317110769986221,0.00521669225103346,0.0179447877582138));
#10976=CARTESIAN_POINT('',(0.0317110769986222,0.00521669225103341,0.0179447877582138));
#10977=CARTESIAN_POINT('',(0.0317114055843524,0.0052164458117357,0.0177965208048197));
#10978=CARTESIAN_POINT('',(0.0317132054149214,0.00521509593880898,0.0176482484564199));
#10979=CARTESIAN_POINT('',(0.0317110769990092,0.00521669225074313,0.0174999999999913));
#10980=CARTESIAN_POINT('',(0.0316036532324734,0.00529726007564381,0.0110454305344332));
#10981=CARTESIAN_POINT('',(0.0311333460976375,0.00564999042677077,0.0108762651587));
#10982=CARTESIAN_POINT('',(0.0302167393791898,0.0063374454656082,0.0104556054592442));
#10983=CARTESIAN_POINT('',(0.0292977586902774,0.00702668098229196,0.010043086802122));
#10984=CARTESIAN_POINT('',(0.0288514984516184,0.00736137616128625,0.00979145755299213));
#10985=CARTESIAN_POINT('',(-0.0006250125,0.005,0.000204228844206876));
#10986=CARTESIAN_POINT('',(0.028,0.005,0.0143415673115863));
#10987=CARTESIAN_POINT('',(0.028,0.005,0.0170915673115863));
#10988=CARTESIAN_POINT('',(0.028,0.03,0.0143415673115863));
#10989=CARTESIAN_POINT('',(0.0262,0.00935,0.0122625050229571));
#10990=CARTESIAN_POINT('',(0.0259041043285862,0.00957192175356035,0.012518684076109));
#10991=CARTESIAN_POINT('',(0.025573061183904,0.00994519953416442,0.0129598950598322));
#10992=CARTESIAN_POINT('',(0.0253065245645143,0.0104154026484928,0.0136807846711912));
#10993=CARTESIAN_POINT('',(0.025221649284551,0.0106189555562427,0.01434147786325));
#10994=CARTESIAN_POINT('',(0.025306878297656,0.0104150278407091,0.015002596623238));
#10995=CARTESIAN_POINT('',(0.0255698640161184,0.00994967000319052,0.0157171000508832));
#10996=CARTESIAN_POINT('',(0.0259050672769086,0.00957119954231855,0.0161652842435765));
#10997=CARTESIAN_POINT('',(0.0262,0.00935,0.0164206296002154));
#10998=CARTESIAN_POINT('',(-0.0006250125,0.005,0.000204228844206876));
#10999=CARTESIAN_POINT('',(0.028,0.005,-0.0143415673115863));
#11000=CARTESIAN_POINT('',(0.028,0.005,-0.0115915673115863));
#11001=CARTESIAN_POINT('',(0.028,0.03,-0.0143415673115863));
#11002=CARTESIAN_POINT('',(0.0262,0.00935,-0.0164206296002155));
#11003=CARTESIAN_POINT('',(0.0259041043285862,0.00957192175356035,-0.0161644505470636));
#11004=CARTESIAN_POINT('',(0.025573061183904,0.00994519953416444,-0.0157232395633403));
#11005=CARTESIAN_POINT('',(0.0253065245645143,0.0104154026484928,-0.0150023499519813));
#11006=CARTESIAN_POINT('',(0.025221649284551,0.0106189555562427,-0.0143416567599225));
#11007=CARTESIAN_POINT('',(0.025306878297656,0.0104150278407091,-0.0136805379999346));
#11008=CARTESIAN_POINT('',(0.0255698640161184,0.00994967000319052,-0.0129660345722893));
#11009=CARTESIAN_POINT('',(0.0259050672769086,0.00957119954231855,-0.012517850379596));
#11010=CARTESIAN_POINT('',(0.0262,0.00935,-0.0122625050229571));
#11011=CARTESIAN_POINT('',(0.028,0.005,0.0143415673115863));
#11012=CARTESIAN_POINT('',(0.025255004267557,1.40933617535122E-18,0.0114321002763941));
#11013=CARTESIAN_POINT('',(0.025255004267557,0.000582013466842744,0.0114321002763941));
#11014=CARTESIAN_POINT('',(0.0253191179685096,0.00173980596480721,0.0113700980476367));
#11015=CARTESIAN_POINT('',(0.0255928761694524,0.00315774553860205,0.0111341192694728));
#11016=CARTESIAN_POINT('',(0.0260114483707392,0.00420823581554583,0.0108617301188003));
#11017=CARTESIAN_POINT('',(0.0264698752619771,0.00491839009725912,0.0106302168419367));
#11018=CARTESIAN_POINT('',(0.0271264308691761,0.0054719909028869,0.0104111881460752));
#11019=CARTESIAN_POINT('',(0.027997894708349,0.00570472686789886,0.0103067069889024));
#11020=CARTESIAN_POINT('',(0.0288756615822921,0.00547150512547064,0.0104113886022628));
#11021=CARTESIAN_POINT('',(0.0295299129236665,0.0049182851547989,0.0106302608520473));
#11022=CARTESIAN_POINT('',(0.0299899663368599,0.00420612593738483,0.0108624273734664));
#11023=CARTESIAN_POINT('',(0.0304085113537,0.0031521435961311,0.0111352542504842));
#11024=CARTESIAN_POINT('',(0.0306803099059047,0.00174242559493853,0.0113696258789871));
#11025=CARTESIAN_POINT('',(0.030744995732443,0.000581931057011373,0.0114321002763941));
#11026=CARTESIAN_POINT('',(0.030744995732443,-1.78634667417055E-18,0.0114321002763941));
#11027=CARTESIAN_POINT('',(0.028,0.005,-0.0143415673115863));
#11028=CARTESIAN_POINT('',(0.030744995732443,1.40933617535132E-18,-0.0114321002763941));
#11029=CARTESIAN_POINT('',(0.030744995732443,0.000583131888822773,-0.0114321002763941));
#11030=CARTESIAN_POINT('',(0.0306800465826202,0.00174665247268219,-0.0113694250543037));
#11031=CARTESIAN_POINT('',(0.0304062612054276,0.00316297069540314,-0.0111331903531899));
#11032=CARTESIAN_POINT('',(0.0299834062183819,0.00421849254052477,-0.0108587595664397));
#11033=CARTESIAN_POINT('',(0.029524063457504,0.00492611865567275,-0.0106274529834625));
#11034=CARTESIAN_POINT('',(0.0288579979134461,0.0054815697550555,-0.0104071198327628));
#11035=CARTESIAN_POINT('',(0.0279830824729746,0.00570353352123256,-0.0103072006734074));
#11036=CARTESIAN_POINT('',(0.0271159420699429,0.00546628366956041,-0.0104136643716622));
#11037=CARTESIAN_POINT('',(0.0264608669078693,0.00490804005417861,-0.0106340031076285));
#11038=CARTESIAN_POINT('',(0.0260050829954995,0.00419511010871303,-0.0108655280087743));
#11039=CARTESIAN_POINT('',(0.0255910383463175,0.00314876169112375,-0.0111357527677279));
#11040=CARTESIAN_POINT('',(0.0253189425641002,0.00173688430832764,-0.0113702464473648));
#11041=CARTESIAN_POINT('',(0.025255004267557,0.000580633979681857,-0.0114321002763941));
#11042=CARTESIAN_POINT('',(0.025255004267557,1.2102457356854E-18,-0.0114321002763941));
#11043=CARTESIAN_POINT('',(0.028,0.005,-0.0143415673115862));
#11044=CARTESIAN_POINT('',(0.028,0.01175,-0.011625));
#11045=CARTESIAN_POINT('',(0.028,0.01175,-0.011625));
#11046=CARTESIAN_POINT('',(0.0328037425317752,-9.2841200643904E-17,0.01225));
#11047=CARTESIAN_POINT('',(0.0316119013730599,-8.32671701591946E-17,0.01225));
#11048=CARTESIAN_POINT('',(0.030744995732443,-7.010458007805E-17,0.0114321002763941));
#11049=CARTESIAN_POINT('',(0.032803742530173,0.000951174370503724,0.01225));
#11050=CARTESIAN_POINT('',(0.0316119013719115,0.000853086749195727,0.0122499999984108));
#11051=CARTESIAN_POINT('',(0.0307449957315262,0.000718233708339547,0.0114321002755291));
#11052=CARTESIAN_POINT('',(0.032632201373348,0.00284602501857634,0.0120244329537079));
#11053=CARTESIAN_POINT('',(0.0314925807389709,0.00254469164995677,0.0120712059356374));
#11054=CARTESIAN_POINT('',(0.0306469722133423,0.00214903929974132,0.0113347710556549));
#11055=CARTESIAN_POINT('',(0.0317757492395653,0.00534938096610324,0.0111084383292303));
#11056=CARTESIAN_POINT('',(0.0308686626484496,0.00477358639827882,0.0113608391434289));
#11057=CARTESIAN_POINT('',(0.0301575709940372,0.00403932848460857,0.0109395313921063));
#11058=CARTESIAN_POINT('',(0.0301706069565948,0.00706061780063489,0.0100421832640124));
#11059=CARTESIAN_POINT('',(0.0296535786143269,0.00629522551957295,0.0105694413971506));
#11060=CARTESIAN_POINT('',(0.0292403468323399,0.00533148691068349,0.0104794563203689));
#11061=CARTESIAN_POINT('',(0.0280085733139594,0.00764454252719282,0.00956532817291759));
#11062=CARTESIAN_POINT('',(0.0280065272035545,0.0068162805495965,0.0102294383887745));
#11063=CARTESIAN_POINT('',(0.0280048990365483,0.00577240966339048,0.0102736996046463));
#11064=CARTESIAN_POINT('',(0.0258527948792364,0.00707351834632347,0.0100322535406067));
#11065=CARTESIAN_POINT('',(0.0263642510667927,0.00630672209799033,0.0105622566134694));
#11066=CARTESIAN_POINT('',(0.0267730256452779,0.00534122813906064,0.0104751717749523));
#11067=CARTESIAN_POINT('',(0.0242329814282596,0.00536987697458249,0.0110992298199352));
#11068=CARTESIAN_POINT('',(0.0251377657546778,0.00479175463722325,0.0113538033762313));
#11069=CARTESIAN_POINT('',(0.0258474179590058,0.00405480506243982,0.0109355580413183));
#11070=CARTESIAN_POINT('',(0.023368403088824,0.00285209855390607,0.0120235783370494));
#11071=CARTESIAN_POINT('',(0.0245077946870909,0.00255005920913065,0.0120705180867935));
#11072=CARTESIAN_POINT('',(0.0253533731936126,0.00215362543866377,0.0113344022991733));
#11073=CARTESIAN_POINT('',(0.023196257467404,0.000958059255856831,0.01225));
#11074=CARTESIAN_POINT('',(0.0243880986263505,0.000859261646965324,0.0122500000008065));
#11075=CARTESIAN_POINT('',(0.0252550042670904,0.000723432499320464,0.0114321002768344));
#11076=CARTESIAN_POINT('',(0.0231962574682248,2.6433140967331E-18,0.01225));
#11077=CARTESIAN_POINT('',(0.0243880986269401,2.37072854670504E-18,0.01225));
#11078=CARTESIAN_POINT('',(0.025255004267557,1.99597186896173E-18,0.0114321002763941));
#11079=CARTESIAN_POINT('',(0.0231962574682248,1.6038582876882E-18,-0.01225));
#11080=CARTESIAN_POINT('',(0.0243880986269401,1.43846417351279E-18,-0.01225));
#11081=CARTESIAN_POINT('',(0.025255004267557,1.21107666621354E-18,-0.0114321002763941));
#11082=CARTESIAN_POINT('',(0.0231962574673594,0.000947803823023216,-0.01225));
#11083=CARTESIAN_POINT('',(0.0243880986263353,0.000850063781538533,-0.0122500000008533));
#11084=CARTESIAN_POINT('',(0.0252550042670635,0.000715688601058347,-0.0114321002768597));
#11085=CARTESIAN_POINT('',(0.0233677184373572,0.0028461737366109,-0.0120246455024705));
#11086=CARTESIAN_POINT('',(0.0245073707160151,0.00254483019011255,-0.0120713736985787));
#11087=CARTESIAN_POINT('',(0.0253529819642036,0.00214915159703272,-0.0113348627670399));
#11088=CARTESIAN_POINT('',(0.0242231378730396,0.00534720983600388,-0.0111092624555413));
#11089=CARTESIAN_POINT('',(0.0251305106525361,0.00477166221164723,-0.011361470754041));
#11090=CARTESIAN_POINT('',(0.0258417930703085,0.00403768905983967,-0.0109398869919627));
#11091=CARTESIAN_POINT('',(0.0258279875142487,0.00705893893878562,-0.0100434816693903));
#11092=CARTESIAN_POINT('',(0.0263453490773867,0.00629373191486888,-0.010570383734698));
#11093=CARTESIAN_POINT('',(0.0267588500081421,0.00533021919867486,-0.0104800165652111));
#11094=CARTESIAN_POINT('',(0.0279840636659177,0.00764485979251518,-0.00956511745084703));
#11095=CARTESIAN_POINT('',(0.0279878752839672,0.00681655771932097,-0.0102292819947551));
#11096=CARTESIAN_POINT('',(0.0279908935233815,0.00577264923108289,-0.0102736086808479));
#11097=CARTESIAN_POINT('',(0.0301470268772048,0.00707383466957746,-0.0100318696704691));
#11098=CARTESIAN_POINT('',(0.0296355913785023,0.0063070206192936,-0.0105619933847694));
#11099=CARTESIAN_POINT('',(0.02922687250126,0.00534146699539522,-0.0104750061400264));
#11100=CARTESIAN_POINT('',(0.0317630189792315,0.00537552848114754,-0.0110960599342605));
#11101=CARTESIAN_POINT('',(0.0308592532762819,0.00479676345373625,-0.011351396232184));
#11102=CARTESIAN_POINT('',(0.0301502965595606,0.0040590725265808,-0.0109341902772177));
#11103=CARTESIAN_POINT('',(0.0326328575490358,0.00285460866882345,-0.0120246165829371));
#11104=CARTESIAN_POINT('',(0.0314931561327525,0.00255228293426839,-0.0120713225233283));
#11105=CARTESIAN_POINT('',(0.0306473471708787,0.00215552083156057,-0.011334850288728));
#11106=CARTESIAN_POINT('',(0.0328037425322938,0.000947116247538049,-0.01225));
#11107=CARTESIAN_POINT('',(0.0316119013734235,0.000849447110653914,-0.0122500000005065));
#11108=CARTESIAN_POINT('',(0.030744995732737,0.000715169411406282,-0.0114321002766715));
#11109=CARTESIAN_POINT('',(0.0328037425317752,1.27482244017923E-17,-0.01225));
#11110=CARTESIAN_POINT('',(0.0316119013730599,1.14335937399506E-17,-0.01225));
#11111=CARTESIAN_POINT('',(0.030744995732443,9.62621026257789E-18,-0.0114321002763941));
#11112=CARTESIAN_POINT('',(-0.02,0.,0.));
#11113=CARTESIAN_POINT('',(-0.0262,0.00935,-0.00791454357496376));
#11114=CARTESIAN_POINT('',(-0.0256102151318236,0.00979233865113227,-0.00739197820541172));
#11115=CARTESIAN_POINT('',(-0.0250548267507678,0.0108082841800049,-0.00597620398669872));
#11116=CARTESIAN_POINT('',(-0.025,0.0114973616406465,-0.00432103396072247));
#11117=CARTESIAN_POINT('',(-0.025,0.01175,-0.00346410161513778));
#11118=CARTESIAN_POINT('',(-0.0262,0.00935,-0.00791454357496376));
#11119=CARTESIAN_POINT('',(-0.0386666666666667,0.,0.));
#11120=CARTESIAN_POINT('',(-0.0288514984516184,0.00736137616128616,-0.0097914575529922));
#11121=CARTESIAN_POINT('',(-0.025,0.00611057920451878,-0.0106171239884115));
#11122=CARTESIAN_POINT('',(-0.025457349745155,0.00660976080350225,-0.0103298250267194));
#11123=CARTESIAN_POINT('',(-0.0266058869330236,0.0074125514256958,-0.00976390791692975));
#11124=CARTESIAN_POINT('',(-0.0281391045411298,0.00751516535996479,-0.00967583634594624));
#11125=CARTESIAN_POINT('',(-0.0288514984516185,0.00736137616128611,-0.00979145755299223));
#11126=CARTESIAN_POINT('',(-0.02,0.,0.));
#11127=CARTESIAN_POINT('',(-0.032,0.,0.));
#11128=CARTESIAN_POINT('',(-0.032,0.005,0.0111831346231725));
#11129=CARTESIAN_POINT('',(-0.032,0.00452097456677193,0.011385222394253));
#11130=CARTESIAN_POINT('',(-0.0386666666666667,0.,0.));
#11131=CARTESIAN_POINT('',(-0.0316036532324734,0.00529726007564381,0.0110454305344332));
#11132=CARTESIAN_POINT('',(-0.032,0.00452097456677193,0.0113852223942531));
#11133=CARTESIAN_POINT('',(-0.031883710226531,0.00479102716269626,0.0112779868150446));
#11134=CARTESIAN_POINT('',(-0.0317518723235801,0.00505148429888866,0.0111633017396983));
#11135=CARTESIAN_POINT('',(-0.0316036532324734,0.0052972600756438,0.0110454305344332));
#11136=CARTESIAN_POINT('',(-0.02,0.,0.));
#11137=CARTESIAN_POINT('',(-0.0386666666666667,0.,0.));
#11138=CARTESIAN_POINT('',(-0.032,0.005,-0.0111831346231725));
#11139=CARTESIAN_POINT('',(-0.0316036532324728,0.00529726007564469,-0.0110454305344328));
#11140=CARTESIAN_POINT('',(-0.032,0.,0.));
#11141=CARTESIAN_POINT('',(-0.032,0.00452097456677045,-0.0113852223942536));
#11142=CARTESIAN_POINT('',(-0.0316036532324728,0.00529726007564468,-0.0110454305344328));
#11143=CARTESIAN_POINT('',(-0.0317521277483338,0.00505106075549235,-0.0111635048661873));
#11144=CARTESIAN_POINT('',(-0.0318838973426056,0.0047905926345331,-0.0112781593624668));
#11145=CARTESIAN_POINT('',(-0.0320000000000007,0.00452097456677045,-0.0113852223942536));
#11146=CARTESIAN_POINT('',(-0.02,0.,0.));
#11147=CARTESIAN_POINT('',(-0.0386666666666667,0.,0.));
#11148=CARTESIAN_POINT('',(-0.0262,0.00935,0.00791454357496376));
#11149=CARTESIAN_POINT('',(-0.0288514984516183,0.00736137616128617,0.00979145755299219));
#11150=CARTESIAN_POINT('',(-0.025,0.01175,0.00346410161513777));
#11151=CARTESIAN_POINT('',(-0.025,0.0114976080011678,0.00432019832238182));
#11152=CARTESIAN_POINT('',(-0.0250490416251122,0.0108228719760979,0.0059502172176369));
#11153=CARTESIAN_POINT('',(-0.0256114972897607,0.00979137703267946,0.00739311423207561));
#11154=CARTESIAN_POINT('',(-0.0262,0.00935,0.00791454357496376));
#11155=CARTESIAN_POINT('',(-0.0288514984516183,0.00736137616128616,0.00979145755299219));
#11156=CARTESIAN_POINT('',(-0.0281387914137916,0.00751523295684017,0.00967578552552197));
#11157=CARTESIAN_POINT('',(-0.0266093309827883,0.00741345558364547,0.00976320469075828));
#11158=CARTESIAN_POINT('',(-0.0254578374746253,0.00661029314353176,0.0103295186437557));
#11159=CARTESIAN_POINT('',(-0.025,0.00611057920451878,0.0106171239884115));
#11160=CARTESIAN_POINT('',(-0.028,-0.02,-0.0143415673115863));
#11161=CARTESIAN_POINT('',(-0.028,0.,-0.0143415673115863));
#11162=CARTESIAN_POINT('',(-0.028,-1.83697019872103E-19,-0.0128415673115863));
#11163=CARTESIAN_POINT('',(-0.028,0.005,-0.0143415673115863));
#11164=CARTESIAN_POINT('',(-0.028,0.005,-0.0128415673115863));
#11165=CARTESIAN_POINT('',(-0.028,-0.02,0.0143415673115863));
#11166=CARTESIAN_POINT('',(-0.028,0.,0.0143415673115863));
#11167=CARTESIAN_POINT('',(-0.028,0.,0.0128415673115863));
#11168=CARTESIAN_POINT('',(-0.028,0.005,0.0143415673115863));
#11169=CARTESIAN_POINT('',(-0.028,0.005,0.0158415673115863));
#11170=CARTESIAN_POINT('',(-0.032,4.1232593838047E-19,-0.014875));
#11171=CARTESIAN_POINT('',(-0.032,0.005,0.0143415673115863));
#11172=CARTESIAN_POINT('',(-0.032,1.40933617535122E-18,0.012140328345122));
#11173=CARTESIAN_POINT('',(-0.032,0.000774515749504186,0.012140328345122));
#11174=CARTESIAN_POINT('',(-0.032,0.0023053325755755,0.0120312733535731));
#11175=CARTESIAN_POINT('',(-0.032,0.00379463226322955,0.0116736467189938));
#11176=CARTESIAN_POINT('',(-0.032,0.00452097456677193,0.0113852223942531));
#11177=CARTESIAN_POINT('',(-0.032,1.40933617535122E-18,0.012140328345122));
#11178=CARTESIAN_POINT('',(-0.032,1.40933617535122E-18,0.014875));
#11179=CARTESIAN_POINT('',(-0.032,4.1232593838047E-19,-0.014875));
#11180=CARTESIAN_POINT('',(-0.032,0.005,-0.0143415673115863));
#11181=CARTESIAN_POINT('',(-0.032,4.1232593838047E-19,-0.014875));
#11182=CARTESIAN_POINT('',(-0.032,7.74252494939338E-20,-0.012140328345122));
#11183=CARTESIAN_POINT('',(-0.0320000000000007,0.00452097456677046,-0.0113852223942536));
#11184=CARTESIAN_POINT('',(-0.0320000000000007,0.00307989437665431,-0.0119574630288749));
#11185=CARTESIAN_POINT('',(-0.032,0.00154272019804559,-0.012140328345122));
#11186=CARTESIAN_POINT('',(-0.032,4.47027522058147E-19,-0.012140328345122));
#11187=CARTESIAN_POINT('',(-0.02,0.,0.));
#11188=CARTESIAN_POINT('',(-0.0272,9.08561536042908E-20,-0.01225));
#11189=CARTESIAN_POINT('',(-0.0281880058007186,1.40933617535122E-18,-0.01225));
#11190=CARTESIAN_POINT('',(-0.0278119941992814,1.40933617535122E-18,-0.01225));
#11191=CARTESIAN_POINT('',(-0.0281880058007186,9.08561536042895E-20,-0.01225));
#11192=CARTESIAN_POINT('',(-0.0281880058007186,8.78655402490771E-5,-0.01225));
#11193=CARTESIAN_POINT('',(-0.0281712031606654,0.000219631580897272,-0.0122485202851009));
#11194=CARTESIAN_POINT('',(-0.0281154829158772,0.000382158171570906,-0.0122442407105346));
#11195=CARTESIAN_POINT('',(-0.0280003760687608,0.000490517088529669,-0.0122402332050809));
#11196=CARTESIAN_POINT('',(-0.0278845232476711,0.00038250373477821,-0.0122442304291922));
#11197=CARTESIAN_POINT('',(-0.027828743813554,0.000219234607887624,-0.0122485300931207));
#11198=CARTESIAN_POINT('',(-0.0278119941992814,8.79536772382355E-5,-0.01225));
#11199=CARTESIAN_POINT('',(-0.0278119941992814,2.37296168940118E-18,-0.01225));
#11200=CARTESIAN_POINT('',(-0.018,4.1232593838047E-19,-0.014875));
#11201=CARTESIAN_POINT('',(-0.018,0.00707106781186548,0.0175));
#11202=CARTESIAN_POINT('',(-0.018,1.3010426069826E-18,0.0175));
#11203=CARTESIAN_POINT('',(-0.018,0.00860232526704263,0.0175));
#11204=CARTESIAN_POINT('',(-0.018,1.40933617535122E-18,0.014875));
#11205=CARTESIAN_POINT('',(-0.018,2.15943233982897E-18,0.01225));
#11206=CARTESIAN_POINT('',(-0.018,0.,0.));
#11207=CARTESIAN_POINT('',(-0.018,-6.59240010873463E-19,-0.01225));
#11208=CARTESIAN_POINT('',(-0.018,4.1232593838047E-19,-0.014875));
#11209=CARTESIAN_POINT('',(-0.018,5.20417042793042E-18,1.7347234759768E-18));
#11210=CARTESIAN_POINT('',(-0.02,0.,0.));
#11211=CARTESIAN_POINT('',(-0.0224,0.,0.));
#11212=CARTESIAN_POINT('',(-0.0224,6.73555739531044E-19,-0.011));
#11213=CARTESIAN_POINT('',(-0.0224,6.73555739531044E-19,0.011));
#11214=CARTESIAN_POINT('',(-0.024,6.73555739531044E-19,0.011));
#11215=CARTESIAN_POINT('',(-0.024,6.73555739531044E-19,-0.011));
#11216=CARTESIAN_POINT('',(-0.0224,3.36927383451926E-18,-0.011625));
#11217=CARTESIAN_POINT('',(-0.0224,0.,0.));
#11218=CARTESIAN_POINT('',(-0.0224,-2.84191928634586E-19,-0.01225));
#11219=CARTESIAN_POINT('',(-0.0224,1.78438425759009E-18,0.01225));
#11220=CARTESIAN_POINT('',(-0.0224,-1.94562193051046E-18,0.011625));
#11221=CARTESIAN_POINT('',(-0.0224,3.36927383451926E-18,-0.011625));
#11222=CARTESIAN_POINT('',(-0.02,0.,0.));
#11223=CARTESIAN_POINT('',(-0.016398,-6.59240010873463E-19,-0.01225));
#11224=CARTESIAN_POINT('',(-0.016398,2.15943233982897E-18,0.01225));
#11225=CARTESIAN_POINT('',(-0.016398,4.1232593838047E-19,-0.014875));
#11226=CARTESIAN_POINT('',(-0.028,1.40933617535122E-18,-0.0143415673115863));
#11227=CARTESIAN_POINT('',(-0.025255004267557,1.40933617535122E-18,-0.0114321002763941));
#11228=CARTESIAN_POINT('',(-0.030744995732443,1.40933617535122E-18,-0.0114321002763941));
#11229=CARTESIAN_POINT('',(-0.0328037425317753,3.56619543901615E-19,-0.00925));
#11230=CARTESIAN_POINT('',(-0.0231962574682247,3.35545424264556E-18,-0.00925));
#11231=CARTESIAN_POINT('',(-0.028,1.40933617535122E-18,-0.0143415673115862));
#11232=CARTESIAN_POINT('',(-0.016398,1.40933617535122E-18,0.014875));
#11233=CARTESIAN_POINT('',(-0.018,1.7347234759768E-18,0.02));
#11234=CARTESIAN_POINT('',(-0.018,6.50521303491303E-19,0.0216));
#11235=CARTESIAN_POINT('',(-0.018,0.,0.0184));
#11236=CARTESIAN_POINT('',(-0.018,0.,0.0205));
#11237=CARTESIAN_POINT('',(-0.018,0.,0.0235));
#11238=CARTESIAN_POINT('',(-0.0215,0.,0.0235));
#11239=CARTESIAN_POINT('',(-0.025,0.,0.0235));
#11240=CARTESIAN_POINT('',(-0.0285,1.40933617535122E-18,0.02075));
#11241=CARTESIAN_POINT('',(-0.0283091198800877,1.40933617535122E-18,0.0215338810257735));
#11242=CARTESIAN_POINT('',(-0.0273928176701735,1.40933617535122E-18,0.0229435802463566));
#11243=CARTESIAN_POINT('',(-0.0258074916869478,1.40933617535122E-18,0.0235));
#11244=CARTESIAN_POINT('',(-0.025,1.40933617535122E-18,0.0235));
#11245=CARTESIAN_POINT('',(-0.0285,0.,0.02075));
#11246=CARTESIAN_POINT('',(-0.032,1.40933617535122E-18,0.018));
#11247=CARTESIAN_POINT('',(-0.0311932133598367,1.40933617535122E-18,0.018));
#11248=CARTESIAN_POINT('',(-0.0296067464018461,1.40933617535122E-18,0.0185567622684855));
#11249=CARTESIAN_POINT('',(-0.0286910469290887,1.40933617535122E-18,0.0199654339445422));
#11250=CARTESIAN_POINT('',(-0.0285,1.40933617535122E-18,0.02075));
#11251=CARTESIAN_POINT('',(-0.0328037425317752,1.14376754623944E-18,0.00925));
#11252=CARTESIAN_POINT('',(-0.030744995732443,1.40933617535122E-18,0.0114321002763941));
#11253=CARTESIAN_POINT('',(-0.028,1.40933617535122E-18,0.0143415673115863));
#11254=CARTESIAN_POINT('',(-0.025255004267557,1.40933617535122E-18,0.0114321002763941));
#11255=CARTESIAN_POINT('',(-0.0231962574682247,-1.85158255752707E-18,0.00925));
#11256=CARTESIAN_POINT('',(-0.018,0.,0.0205));
#11257=CARTESIAN_POINT('',(-0.015,5.20417042793042E-18,1.7347234759768E-18));
#11258=CARTESIAN_POINT('',(-0.015,0.0141421356237309,0.0175));
#11259=CARTESIAN_POINT('',(-0.0155865056110214,0.0141421356237309,0.0175));
#11260=CARTESIAN_POINT('',(-0.0166747743733164,0.0135595592573162,0.0175));
#11261=CARTESIAN_POINT('',(-0.0175387914204017,0.0120186004487252,0.0175));
#11262=CARTESIAN_POINT('',(-0.0179372798491461,0.0103264596378835,0.0175));
#11263=CARTESIAN_POINT('',(-0.018,0.00917974397247131,0.0175));
#11264=CARTESIAN_POINT('',(-0.018,0.00860232526704263,0.0175));
#11265=CARTESIAN_POINT('',(-0.024,0.011,-0.011625));
#11266=CARTESIAN_POINT('',(-0.0288514984516184,0.00736137616128616,-0.0097914575529922));
#11267=CARTESIAN_POINT('',(-0.0292977586902773,0.00702668098229197,-0.010043086802122));
#11268=CARTESIAN_POINT('',(-0.0302167393791892,0.00633744546560816,-0.0104556054592442));
#11269=CARTESIAN_POINT('',(-0.0311333460976375,0.00564999042677193,-0.0108762651586995));
#11270=CARTESIAN_POINT('',(-0.0316036532324733,0.00529726007564508,-0.0110454305344326));
#11271=CARTESIAN_POINT('',(-0.0262,0.00935,-0.011625));
#11272=CARTESIAN_POINT('',(-0.0262,0.00935,-0.0122625050229571));
#11273=CARTESIAN_POINT('',(-0.028,0.008,-0.0143415673115863));
#11274=CARTESIAN_POINT('',(-0.0262,0.00935,-0.0164206296002154));
#11275=CARTESIAN_POINT('',(-0.0262,0.00935,-0.011625));
#11276=CARTESIAN_POINT('',(-0.024,0.011,-0.011625));
#11277=CARTESIAN_POINT('',(-0.0316036532324734,0.00529726007564381,0.0110454305344332));
#11278=CARTESIAN_POINT('',(-0.0311333460976375,0.00564999042677077,0.0108762651587));
#11279=CARTESIAN_POINT('',(-0.0302167393791898,0.0063374454656082,0.0104556054592442));
#11280=CARTESIAN_POINT('',(-0.0292977586902774,0.00702668098229196,0.010043086802122));
#11281=CARTESIAN_POINT('',(-0.0288514984516184,0.00736137616128625,0.00979145755299213));
#11282=CARTESIAN_POINT('',(-0.0262,0.00935,0.0225686476996006));
#11283=CARTESIAN_POINT('',(-0.026451949509863,0.00916103786760276,0.0223801664759297));
#11284=CARTESIAN_POINT('',(-0.0269174446705873,0.0088119164970595,0.0219563249286228));
#11285=CARTESIAN_POINT('',(-0.0274094544082452,0.00844290919381608,0.0212572877307369));
#11286=CARTESIAN_POINT('',(-0.0276320761336521,0.0082759428997609,0.0205695906598502));
#11287=CARTESIAN_POINT('',(-0.0279399938566322,0.00804500460752588,0.0199539054677907));
#11288=CARTESIAN_POINT('',(-0.0284590417397952,0.00765571869515362,0.0193040124372543));
#11289=CARTESIAN_POINT('',(-0.0291888063436238,0.00710839524228215,0.018715447355214));
#11290=CARTESIAN_POINT('',(-0.0302653565691298,0.00630098257315274,0.018163903439102));
#11291=CARTESIAN_POINT('',(-0.0311282078358757,0.00565384412309304,0.0179865510675448));
#11292=CARTESIAN_POINT('',(-0.031711028014691,0.00521672898898155,0.0179845391947633));
#11293=CARTESIAN_POINT('',(-0.0262,0.00935,0.0225686476996006));
#11294=CARTESIAN_POINT('',(-0.0262,0.00935,-0.011625));
#11295=CARTESIAN_POINT('',(-0.0262,0.00935,0.0164206296002154));
#11296=CARTESIAN_POINT('',(-0.028,0.008,0.0143415673115863));
#11297=CARTESIAN_POINT('',(-0.0262,0.00935,0.0122625050229571));
#11298=CARTESIAN_POINT('',(-0.0262,0.00935,-0.011625));
#11299=CARTESIAN_POINT('',(0.0006250125,0.005,0.000204228844206876));
#11300=CARTESIAN_POINT('',(-0.028,0.005,0.0143415673115863));
#11301=CARTESIAN_POINT('',(-0.028,0.005,0.0170915673115863));
#11302=CARTESIAN_POINT('',(-0.028,0.03,0.0143415673115863));
#11303=CARTESIAN_POINT('',(-0.0262,0.00935,0.0122625050229571));
#11304=CARTESIAN_POINT('',(-0.0259041043285862,0.00957192175356035,0.012518684076109));
#11305=CARTESIAN_POINT('',(-0.025573061183904,0.00994519953416442,0.0129598950598322));
#11306=CARTESIAN_POINT('',(-0.0253065245645143,0.0104154026484928,0.0136807846711912));
#11307=CARTESIAN_POINT('',(-0.025221649284551,0.0106189555562427,0.01434147786325));
#11308=CARTESIAN_POINT('',(-0.025306878297656,0.0104150278407091,0.015002596623238));
#11309=CARTESIAN_POINT('',(-0.0255698640161184,0.00994967000319052,0.0157171000508832));
#11310=CARTESIAN_POINT('',(-0.0259050672769086,0.00957119954231855,0.0161652842435765));
#11311=CARTESIAN_POINT('',(-0.0262,0.00935,0.0164206296002154));
#11312=CARTESIAN_POINT('',(0.0006250125,0.005,0.000204228844206876));
#11313=CARTESIAN_POINT('',(-0.028,0.005,-0.0143415673115863));
#11314=CARTESIAN_POINT('',(-0.028,0.005,-0.0115915673115863));
#11315=CARTESIAN_POINT('',(-0.028,0.03,-0.0143415673115863));
#11316=CARTESIAN_POINT('',(-0.0262,0.00935,-0.0164206296002155));
#11317=CARTESIAN_POINT('',(-0.0259041043285862,0.00957192175356035,-0.0161644505470636));
#11318=CARTESIAN_POINT('',(-0.025573061183904,0.00994519953416444,-0.0157232395633403));
#11319=CARTESIAN_POINT('',(-0.0253065245645143,0.0104154026484928,-0.0150023499519813));
#11320=CARTESIAN_POINT('',(-0.025221649284551,0.0106189555562427,-0.0143416567599225));
#11321=CARTESIAN_POINT('',(-0.025306878297656,0.0104150278407091,-0.0136805379999346));
#11322=CARTESIAN_POINT('',(-0.0255698640161184,0.00994967000319052,-0.0129660345722893));
#11323=CARTESIAN_POINT('',(-0.0259050672769086,0.00957119954231855,-0.012517850379596));
#11324=CARTESIAN_POINT('',(-0.0262,0.00935,-0.0122625050229571));
#11325=CARTESIAN_POINT('',(-0.028,0.005,0.0143415673115863));
#11326=CARTESIAN_POINT('',(-0.025255004267557,1.40933617535122E-18,0.0114321002763941));
#11327=CARTESIAN_POINT('',(-0.025255004267557,0.000582013466842744,0.0114321002763941));
#11328=CARTESIAN_POINT('',(-0.0253191179685096,0.00173980596480721,0.0113700980476367));
#11329=CARTESIAN_POINT('',(-0.0255928761694524,0.00315774553860205,0.0111341192694728));
#11330=CARTESIAN_POINT('',(-0.0260114483707392,0.00420823581554583,0.0108617301188003));
#11331=CARTESIAN_POINT('',(-0.0264698752619771,0.00491839009725912,0.0106302168419367));
#11332=CARTESIAN_POINT('',(-0.0271264308691761,0.0054719909028869,0.0104111881460752));
#11333=CARTESIAN_POINT('',(-0.027997894708349,0.00570472686789886,0.0103067069889024));
#11334=CARTESIAN_POINT('',(-0.0288756615822921,0.00547150512547064,0.0104113886022628));
#11335=CARTESIAN_POINT('',(-0.0295299129236665,0.0049182851547989,0.0106302608520473));
#11336=CARTESIAN_POINT('',(-0.0299899663368599,0.00420612593738483,0.0108624273734664));
#11337=CARTESIAN_POINT('',(-0.0304085113537,0.0031521435961311,0.0111352542504842));
#11338=CARTESIAN_POINT('',(-0.0306803099059047,0.00174242559493853,0.0113696258789871));
#11339=CARTESIAN_POINT('',(-0.030744995732443,0.000581931057011373,0.0114321002763941));
#11340=CARTESIAN_POINT('',(-0.030744995732443,-1.78634667417055E-18,0.0114321002763941));
#11341=CARTESIAN_POINT('',(-0.028,0.005,-0.0143415673115863));
#11342=CARTESIAN_POINT('',(-0.030744995732443,1.40933617535132E-18,-0.0114321002763941));
#11343=CARTESIAN_POINT('',(-0.030744995732443,0.000583131888822773,-0.0114321002763941));
#11344=CARTESIAN_POINT('',(-0.0306800465826202,0.00174665247268219,-0.0113694250543037));
#11345=CARTESIAN_POINT('',(-0.0304062612054276,0.00316297069540314,-0.0111331903531899));
#11346=CARTESIAN_POINT('',(-0.0299834062183819,0.00421849254052477,-0.0108587595664397));
#11347=CARTESIAN_POINT('',(-0.029524063457504,0.00492611865567275,-0.0106274529834625));
#11348=CARTESIAN_POINT('',(-0.0288579979134461,0.0054815697550555,-0.0104071198327628));
#11349=CARTESIAN_POINT('',(-0.0279830824729746,0.00570353352123256,-0.0103072006734074));
#11350=CARTESIAN_POINT('',(-0.0271159420699429,0.00546628366956041,-0.0104136643716622));
#11351=CARTESIAN_POINT('',(-0.0264608669078693,0.00490804005417861,-0.0106340031076285));
#11352=CARTESIAN_POINT('',(-0.0260050829954995,0.00419511010871303,-0.0108655280087743));
#11353=CARTESIAN_POINT('',(-0.0255910383463175,0.00314876169112375,-0.0111357527677279));
#11354=CARTESIAN_POINT('',(-0.0253189425641002,0.00173688430832764,-0.0113702464473648));
#11355=CARTESIAN_POINT('',(-0.025255004267557,0.000580633979681857,-0.0114321002763941));
#11356=CARTESIAN_POINT('',(-0.025255004267557,1.2102457356854E-18,-0.0114321002763941));
#11357=CARTESIAN_POINT('',(-0.028,0.005,-0.0143415673115862));
#11358=CARTESIAN_POINT('',(-0.028,0.01175,-0.011625));
#11359=CARTESIAN_POINT('',(-0.025,0.01175,0.022349774802467));
#11360=CARTESIAN_POINT('',(-0.025,0.0115839620733251,0.0225432337323796));
#11361=CARTESIAN_POINT('',(-0.0250275062112972,0.0111744964501255,0.0228613160129105));
#11362=CARTESIAN_POINT('',(-0.025339609047621,0.0101977596788861,0.023052204561923));
#11363=CARTESIAN_POINT('',(-0.0258504784993156,0.00961214112551328,0.0228301216758117));
#11364=CARTESIAN_POINT('',(-0.0262,0.00935,0.0225686476996007));
#11365=CARTESIAN_POINT('',(-0.028,0.01175,-0.011625));
#11366=CARTESIAN_POINT('',(-0.030744995732443,-7.010458007805E-17,0.0114321002763941));
#11367=CARTESIAN_POINT('',(-0.0316119013730599,-8.32671701591946E-17,0.01225));
#11368=CARTESIAN_POINT('',(-0.0328037425317752,-9.2841200643904E-17,0.01225));
#11369=CARTESIAN_POINT('',(-0.0307449957315262,0.000718233708339547,0.0114321002755291));
#11370=CARTESIAN_POINT('',(-0.0316119013719115,0.000853086749195727,0.0122499999984108));
#11371=CARTESIAN_POINT('',(-0.032803742530173,0.000951174370503724,0.01225));
#11372=CARTESIAN_POINT('',(-0.0306469722133423,0.00214903929974132,0.0113347710556549));
#11373=CARTESIAN_POINT('',(-0.0314925807389709,0.00254469164995677,0.0120712059356374));
#11374=CARTESIAN_POINT('',(-0.032632201373348,0.00284602501857634,0.0120244329537079));
#11375=CARTESIAN_POINT('',(-0.0301575709940372,0.00403932848460857,0.0109395313921063));
#11376=CARTESIAN_POINT('',(-0.0308686626484496,0.00477358639827882,0.0113608391434289));
#11377=CARTESIAN_POINT('',(-0.0317757492395653,0.00534938096610324,0.0111084383292303));
#11378=CARTESIAN_POINT('',(-0.0292403468323399,0.00533148691068349,0.0104794563203689));
#11379=CARTESIAN_POINT('',(-0.0296535786143269,0.00629522551957295,0.0105694413971506));
#11380=CARTESIAN_POINT('',(-0.0301706069565948,0.00706061780063489,0.0100421832640124));
#11381=CARTESIAN_POINT('',(-0.0280048990365483,0.00577240966339048,0.0102736996046463));
#11382=CARTESIAN_POINT('',(-0.0280065272035545,0.0068162805495965,0.0102294383887746));
#11383=CARTESIAN_POINT('',(-0.0280085733139594,0.00764454252719282,0.00956532817291759));
#11384=CARTESIAN_POINT('',(-0.0267730256452779,0.00534122813906064,0.0104751717749523));
#11385=CARTESIAN_POINT('',(-0.0263642510667927,0.00630672209799033,0.0105622566134693));
#11386=CARTESIAN_POINT('',(-0.0258527948792364,0.00707351834632347,0.0100322535406067));
#11387=CARTESIAN_POINT('',(-0.0258474179590058,0.00405480506243982,0.0109355580413183));
#11388=CARTESIAN_POINT('',(-0.0251377657546778,0.00479175463722325,0.0113538033762315));
#11389=CARTESIAN_POINT('',(-0.0242329814282596,0.00536987697458249,0.0110992298199352));
#11390=CARTESIAN_POINT('',(-0.0253533731936126,0.00215362543866377,0.0113344022991733));
#11391=CARTESIAN_POINT('',(-0.0245077946870909,0.00255005920913065,0.0120705180867926));
#11392=CARTESIAN_POINT('',(-0.023368403088824,0.00285209855390607,0.0120235783370494));
#11393=CARTESIAN_POINT('',(-0.0252550042670904,0.000723432499320464,0.0114321002768344));
#11394=CARTESIAN_POINT('',(-0.0243880986263505,0.000859261646965324,0.0122500000008085));
#11395=CARTESIAN_POINT('',(-0.023196257467404,0.000958059255856831,0.01225));
#11396=CARTESIAN_POINT('',(-0.025255004267557,1.99597186896173E-18,0.0114321002763941));
#11397=CARTESIAN_POINT('',(-0.0243880986269401,2.37072854670504E-18,0.01225));
#11398=CARTESIAN_POINT('',(-0.0231962574682248,2.6433140967331E-18,0.01225));
#11399=CARTESIAN_POINT('',(-0.025255004267557,1.21107666621354E-18,-0.0114321002763941));
#11400=CARTESIAN_POINT('',(-0.0243880986269401,1.43846417351279E-18,-0.01225));
#11401=CARTESIAN_POINT('',(-0.0231962574682248,1.6038582876882E-18,-0.01225));
#11402=CARTESIAN_POINT('',(-0.0252550042670635,0.000715688601058348,-0.0114321002768597));
#11403=CARTESIAN_POINT('',(-0.0243880986263353,0.000850063781538534,-0.0122500000008533));
#11404=CARTESIAN_POINT('',(-0.0231962574673594,0.000947803823023217,-0.01225));
#11405=CARTESIAN_POINT('',(-0.0253529819642037,0.00214915159703272,-0.0113348627670399));
#11406=CARTESIAN_POINT('',(-0.0245073707160151,0.00254483019011255,-0.0120713736985787));
#11407=CARTESIAN_POINT('',(-0.0233677184373572,0.0028461737366109,-0.0120246455024705));
#11408=CARTESIAN_POINT('',(-0.0258417930703085,0.00403768905983966,-0.0109398869919627));
#11409=CARTESIAN_POINT('',(-0.0251305106525361,0.00477166221164723,-0.011361470754041));
#11410=CARTESIAN_POINT('',(-0.0242231378730396,0.00534720983600388,-0.0111092624555413));
#11411=CARTESIAN_POINT('',(-0.0267588500081421,0.00533021919867486,-0.0104800165652111));
#11412=CARTESIAN_POINT('',(-0.0263453490773867,0.00629373191486888,-0.010570383734698));
#11413=CARTESIAN_POINT('',(-0.0258279875142487,0.00705893893878563,-0.0100434816693903));
#11414=CARTESIAN_POINT('',(-0.0279908935233815,0.00577264923108289,-0.0102736086808479));
#11415=CARTESIAN_POINT('',(-0.0279878752839672,0.00681655771932098,-0.0102292819947552));
#11416=CARTESIAN_POINT('',(-0.0279840636659177,0.00764485979251518,-0.00956511745084703));
#11417=CARTESIAN_POINT('',(-0.02922687250126,0.00534146699539522,-0.0104750061400264));
#11418=CARTESIAN_POINT('',(-0.0296355913785023,0.00630702061929358,-0.0105619933847693));
#11419=CARTESIAN_POINT('',(-0.0301470268772048,0.00707383466957746,-0.0100318696704691));
#11420=CARTESIAN_POINT('',(-0.0301502965595604,0.00405907252658079,-0.0109341902772176));
#11421=CARTESIAN_POINT('',(-0.0308592532762819,0.00479676345373631,-0.0113513962321843));
#11422=CARTESIAN_POINT('',(-0.0317630189792315,0.00537552848114754,-0.0110960599342605));
#11423=CARTESIAN_POINT('',(-0.0306473471708791,0.00215552083156057,-0.0113348502887284));
#11424=CARTESIAN_POINT('',(-0.0314931561327524,0.00255228293426824,-0.0120713225233273));
#11425=CARTESIAN_POINT('',(-0.0326328575490358,0.00285460866882346,-0.0120246165829371));
#11426=CARTESIAN_POINT('',(-0.0307449957327361,0.000715169411406267,-0.0114321002766706));
#11427=CARTESIAN_POINT('',(-0.0316119013734236,0.000849447110654004,-0.0122500000005088));
#11428=CARTESIAN_POINT('',(-0.0328037425322938,0.000947116247538029,-0.01225));
#11429=CARTESIAN_POINT('',(-0.030744995732443,-4.27910280729988E-18,-0.0114321002763941));
#11430=CARTESIAN_POINT('',(-0.0316119013730599,-5.08253214251388E-18,-0.01225));
#11431=CARTESIAN_POINT('',(-0.0328037425317752,-5.66691993399174E-18,-0.01225));
#11432=CARTESIAN_POINT('',(0.,0.0185492369909914,0.02525));
#11433=CARTESIAN_POINT('',(0.018,0.0185492369909914,0.02525));
#11434=CARTESIAN_POINT('',(0.018,0.0185472369909914,0.02525));
#11435=CARTESIAN_POINT('',(0.018,0.0143615957714043,0.02525));
#11436=CARTESIAN_POINT('',(0.,0.0185472369909914,0.02525));
#11437=CARTESIAN_POINT('',(-0.018,0.0185472369909914,0.02525));
#11438=CARTESIAN_POINT('',(-0.018,0.0185492369909914,0.02525));
#11439=CARTESIAN_POINT('',(-0.018,0.0143615794149978,0.02525));
#11440=CARTESIAN_POINT('',(-0.018,0.0143615794149978,0.02525));
#11441=CARTESIAN_POINT('',(-0.018,0.0142799976134838,0.02525));
#11442=CARTESIAN_POINT('',(-0.0180358585091223,0.0142035321727434,0.02525));
#11443=CARTESIAN_POINT('',(-0.0180891214317335,0.0141421356237309,0.02525));
#11444=CARTESIAN_POINT('',(-0.0180891214317335,0.0141421356237309,0.02525));
#11445=CARTESIAN_POINT('',(-0.0165,0.0141421356237309,0.02525));
#11446=CARTESIAN_POINT('',(0.,0.0141421356237309,0.02525));
#11447=CARTESIAN_POINT('',(0.0180891332317877,0.0141421356237309,0.02525));
#11448=CARTESIAN_POINT('',(0.0180891332317877,0.0141421356237309,0.02525));
#11449=CARTESIAN_POINT('',(0.0180359676344562,0.0142034168464012,0.02525));
#11450=CARTESIAN_POINT('',(0.018,0.0142801691956688,0.02525));
#11451=CARTESIAN_POINT('',(0.018,0.0143615957714043,0.02525));
#11452=CARTESIAN_POINT('',(0.0124921875,0.0185492369909914,0.0175));
#11453=CARTESIAN_POINT('',(0.018,0.0143615957714043,0.02525));
#11454=CARTESIAN_POINT('',(0.0183904660535544,0.0143766280577591,0.0249725014437945));
#11455=CARTESIAN_POINT('',(0.0191197369064555,0.0144453129526891,0.0243669813468332));
#11456=CARTESIAN_POINT('',(0.0203963321142924,0.0144844211220992,0.0229339116627698));
#11457=CARTESIAN_POINT('',(0.0210871169183193,0.0144989233657646,0.0216766773767592));
#11458=CARTESIAN_POINT('',(0.0214174965931243,0.0145018520604233,0.0207767905223479));
#11459=CARTESIAN_POINT('',(0.0214174965931243,0.0185492369909914,0.0207767905223479));
#11460=CARTESIAN_POINT('',(0.0219116861858466,0.019687034205583,0.016207118318449));
#11461=CARTESIAN_POINT('',(0.0220342061111578,0.0189521799087337,0.0170997570586575));
#11462=CARTESIAN_POINT('',(0.0220419790009769,0.0185472369909914,0.0182444022949012));
#11463=CARTESIAN_POINT('',(0.0218112717567316,0.0185472369909914,0.0193849846553998));
#11464=CARTESIAN_POINT('',(0.0218112717567316,0.0185472369909914,0.0193849846553998));
#11465=CARTESIAN_POINT('',(0.0124921875,0.0185472369909914,0.0175));
#11466=CARTESIAN_POINT('',(-0.0124921875,0.0185492369909914,0.0175));
#11467=CARTESIAN_POINT('',(-0.0214174965931243,0.0185492369909914,0.0207767905223479));
#11468=CARTESIAN_POINT('',(-0.0214174965931243,0.0145018474088182,0.0207767905223479));
#11469=CARTESIAN_POINT('',(-0.0214174965931243,0.0145018474088182,0.0207767905223479));
#11470=CARTESIAN_POINT('',(-0.0210864630308833,0.0144988358178505,0.021678458432777));
#11471=CARTESIAN_POINT('',(-0.0204013286393454,0.0144845050313936,0.0229265209406395));
#11472=CARTESIAN_POINT('',(-0.0191216823579085,0.0144454730006604,0.0243655356766813));
#11473=CARTESIAN_POINT('',(-0.0183912410047392,0.0143766617012965,0.0249719506972367));
#11474=CARTESIAN_POINT('',(-0.018,0.0143615794149978,0.02525));
#11475=CARTESIAN_POINT('',(-0.0124921875,0.0185472369909914,0.0175));
#11476=CARTESIAN_POINT('',(-0.0218112717567316,0.0185472369909914,0.0193849846553998));
#11477=CARTESIAN_POINT('',(-0.0218112717567316,0.0185472369909914,0.0193849846553998));
#11478=CARTESIAN_POINT('',(-0.0220418452404934,0.0185472369909914,0.018245063586871));
#11479=CARTESIAN_POINT('',(-0.022034175529752,0.0189523633309599,0.0170995342528774));
#11480=CARTESIAN_POINT('',(-0.0219116861858467,0.019687034205583,0.016207118318449));
#11481=CARTESIAN_POINT('',(0.022,0.0185472369909914,0.0175));
#11482=CARTESIAN_POINT('',(-0.022,0.0185472369909914,0.0193849846553998));
#11483=CARTESIAN_POINT('',(-0.0261111677678158,0.0185492369909914,0.0225));
#11484=CARTESIAN_POINT('',(-0.0249914478599788,0.0143449207391807,0.017626989910949));
#11485=CARTESIAN_POINT('',(-0.0241795405328451,0.0144090613973263,0.0178135499181923));
#11486=CARTESIAN_POINT('',(-0.02267051696908,0.0144644299412329,0.0185925515549089));
#11487=CARTESIAN_POINT('',(-0.021705464804605,0.0145040874317556,0.0199924238443652));
#11488=CARTESIAN_POINT('',(-0.0214174965931243,0.0145018474088182,0.0207767905223479));
#11489=CARTESIAN_POINT('',(0.0261111677678158,0.0185492369909914,0.0225));
#11490=CARTESIAN_POINT('',(0.032002,0.0235472369909914,0.0193849846553998));
#11491=CARTESIAN_POINT('',(0.015,0.0141421356237309,0.02525));
#11492=CARTESIAN_POINT('',(0.0150418079082467,0.0141097762551427,0.0252256120535228));
#11493=CARTESIAN_POINT('',(0.0150836158164934,0.0140774168865545,0.0252012241070456));
#11494=CARTESIAN_POINT('',(0.01516716667646,0.0140122365626475,0.0251524861053983));
#11495=CARTESIAN_POINT('',(0.0152089096281799,0.0139794156073286,0.0251281360502284));
#11496=CARTESIAN_POINT('',(0.0152922656185661,0.0139128505232294,0.0250795117225031));
#11497=CARTESIAN_POINT('',(0.0153338786572324,0.0138791063944491,0.0250552374499478));
#11498=CARTESIAN_POINT('',(0.0154169098649845,0.0138102333766964,0.0250068025787591));
#11499=CARTESIAN_POINT('',(0.0154583280340703,0.013775104487724,0.0249826419801257));
#11500=CARTESIAN_POINT('',(0.0155821928021671,0.0136669483004227,0.0249103875320692));
#11501=CARTESIAN_POINT('',(0.0156642496620171,0.0135911514817096,0.02486252103049));
#11502=CARTESIAN_POINT('',(0.0158268044250738,0.0134284797627466,0.0247676974187069));
#11503=CARTESIAN_POINT('',(0.0159073023282805,0.0133416048624967,0.024720740308503));
#11504=CARTESIAN_POINT('',(0.016066219525836,0.0131530842866147,0.024628038609929));
#11505=CARTESIAN_POINT('',(0.0161446388201848,0.0130514386109825,0.0245822940215588));
#11506=CARTESIAN_POINT('',(0.0162988791478102,0.0128296837904902,0.0244923204971107));
#11507=CARTESIAN_POINT('',(0.0163747001810867,0.0127095746456301,0.0244480915610327));
#11508=CARTESIAN_POINT('',(0.0165974864109863,0.0123160129664397,0.0243181329269247));
#11509=CARTESIAN_POINT('',(0.0167397747376792,0.0120093261874991,0.0242351314030205));
#11510=CARTESIAN_POINT('',(0.0175395445937991,0.00982582817962839,0.0237685989869505));
#11511=CARTESIAN_POINT('',(0.018,0.00654893217781503,0.0235));
#11512=CARTESIAN_POINT('',(0.018,0.,0.0235));
#11513=CARTESIAN_POINT('',(0.015,0.0141421356237309,0.0246041666666667));
#11514=CARTESIAN_POINT('',(0.0150418079082467,0.014105655539385,0.0245818110490625));
#11515=CARTESIAN_POINT('',(0.0150836158164934,0.014069175455039,0.0245594554314584));
#11516=CARTESIAN_POINT('',(0.01516716667646,0.0139957729065603,0.0245147789299485));
#11517=CARTESIAN_POINT('',(0.0152089096281799,0.0139588504424276,0.0244924580460427));
#11518=CARTESIAN_POINT('',(0.0152922656185661,0.0138841207545887,0.0244478857456279));
#11519=CARTESIAN_POINT('',(0.0153338786572324,0.0138463135308825,0.0244256343291188));
#11520=CARTESIAN_POINT('',(0.0154169098649845,0.0137693719441099,0.0243812356971958));
#11521=CARTESIAN_POINT('',(0.0154583280340703,0.0137302375810435,0.0243590884817818));
#11522=CARTESIAN_POINT('',(0.0155821928021671,0.0136101802131238,0.0242928552377301));
#11523=CARTESIAN_POINT('',(0.0156642496620171,0.0135266029295501,0.0242489776112825));
#11524=CARTESIAN_POINT('',(0.0158268044250738,0.0133488312475211,0.0241620559671481));
#11525=CARTESIAN_POINT('',(0.0159073023282805,0.0132546368490657,0.0241190119494612));
#11526=CARTESIAN_POINT('',(0.016066219525836,0.0130520918989793,0.0240340353924349));
#11527=CARTESIAN_POINT('',(0.0161446388201848,0.0129437413473484,0.0239921028530957));
#11528=CARTESIAN_POINT('',(0.0162988791478102,0.0127093450526169,0.0239096271223515));
#11529=CARTESIAN_POINT('',(0.0163747001810867,0.0125832993095163,0.0238690839309467));
#11530=CARTESIAN_POINT('',(0.0165974864109863,0.0121733107355697,0.0237499551830143));
#11531=CARTESIAN_POINT('',(0.0167397747376792,0.0118575165600784,0.0236738704527688));
#11532=CARTESIAN_POINT('',(0.0175395445937991,0.0096343272666621,0.023246215738038));
#11533=CARTESIAN_POINT('',(0.018,0.00638510587416591,0.023));
#11534=CARTESIAN_POINT('',(0.018,0.,0.023));
#11535=CARTESIAN_POINT('',(0.015,0.0141421356237309,0.0239583333333333));
#11536=CARTESIAN_POINT('',(0.0150483585083318,0.0141062192405366,0.0239380100446023));
#11537=CARTESIAN_POINT('',(0.0150965113535634,0.014069241861978,0.0239176867558712));
#11538=CARTESIAN_POINT('',(0.0151923788113475,0.0139929501131476,0.0238770717544986));
#11539=CARTESIAN_POINT('',(0.0152401893088727,0.0139535829198383,0.023856780041857));
#11540=CARTESIAN_POINT('',(0.0153347805277875,0.0138724189737513,0.0238162597687526));
#11541=CARTESIAN_POINT('',(0.015381553137248,0.013830658164372,0.0237960312082899));
#11542=CARTESIAN_POINT('',(0.0154741266413317,0.0137445980874699,0.0237556688156326));
#11543=CARTESIAN_POINT('',(0.0155199333020661,0.0137002726639256,0.023735534983438));
#11544=CARTESIAN_POINT('',(0.0156553281735133,0.0135637301507266,0.023675322943391));
#11545=CARTESIAN_POINT('',(0.0157432261694229,0.0134677340492271,0.023635434192075));
#11546=CARTESIAN_POINT('',(0.0159145976381309,0.0132638144210169,0.0235564145155891));
#11547=CARTESIAN_POINT('',(0.0159978509172386,0.0131562652093489,0.0235172835904192));
#11548=CARTESIAN_POINT('',(0.0161599906461659,0.0129271451522826,0.0234400321749408));
#11549=CARTESIAN_POINT('',(0.0162388730245875,0.0128055201981441,0.0234019116846324));
#11550=CARTESIAN_POINT('',(0.0163922180256102,0.0125454035397328,0.0233269337475922));
#11551=CARTESIAN_POINT('',(0.0164666404900348,0.0124070950720691,0.0232900763008606));
#11552=CARTESIAN_POINT('',(0.0166831620265922,0.0119626221819563,0.0231817774391038));
#11553=CARTESIAN_POINT('',(0.0168185388165743,0.011626912927334,0.023112609502517));
#11554=CARTESIAN_POINT('',(0.0175683230566867,0.00931078522724402,0.0227238324891254));
#11555=CARTESIAN_POINT('',(0.018,0.0060970171773414,0.0225));
#11556=CARTESIAN_POINT('',(0.018,8.13151629364128E-20,0.0225));
#11557=CARTESIAN_POINT('',(0.015,0.0141421356237309,0.0229895833333334));
#11558=CARTESIAN_POINT('',(0.0150630973585232,0.0141104116625315,0.022972308537912));
#11559=CARTESIAN_POINT('',(0.0151255263119709,0.0140752394663983,0.0229550337424906));
#11560=CARTESIAN_POINT('',(0.0152491061148443,0.0139982815761758,0.0229205109913238));
#11561=CARTESIAN_POINT('',(0.0153105685904316,0.0139563242072149,0.0229032630355785));
#11562=CARTESIAN_POINT('',(0.0154304390735357,0.0138664768512441,0.0228688208034397));
#11563=CARTESIAN_POINT('',(0.015488820717283,0.0138187036802794,0.0228516265270464));
#11564=CARTESIAN_POINT('',(0.0156028643881127,0.0137178525247192,0.0228173184932876));
#11565=CARTESIAN_POINT('',(0.0156585451550565,0.0136646895330536,0.0228002047359223));
#11566=CARTESIAN_POINT('',(0.0158198827590424,0.0134995006203895,0.0227490245018823));
#11567=CARTESIAN_POINT('',(0.0159209233110859,0.0133810832615664,0.0227151190632637));
#11568=CARTESIAN_POINT('',(0.0161121323675094,0.0131290458146696,0.0226479523382507));
#11569=CARTESIAN_POINT('',(0.0162015852423944,0.0129966422504847,0.0226146910518563));
#11570=CARTESIAN_POINT('',(0.0163709756669082,0.0127176800160727,0.0225490273486997));
#11571=CARTESIAN_POINT('',(0.0164508999844936,0.0125709454924398,0.0225166249319376));
#11572=CARTESIAN_POINT('',(0.0166022305006601,0.0122619285117138,0.0224528936854534));
#11573=CARTESIAN_POINT('',(0.0166735061851677,0.0121002415736005,0.0224215648557315));
#11574=CARTESIAN_POINT('',(0.0168759321617055,0.0115898356341725,0.0223295108232383));
#11575=CARTESIAN_POINT('',(0.0169957579940881,0.0112157801363524,0.0222707180771395));
#11576=CARTESIAN_POINT('',(0.0176330745981837,0.00871870628979813,0.0219402576157566));
#11577=CARTESIAN_POINT('',(0.018,0.00556507012624487,0.02175));
#11578=CARTESIAN_POINT('',(0.018,2.64274279543341E-19,0.02175));
#11579=CARTESIAN_POINT('',(0.015,0.0141421356237309,0.0226666666666667));
#11580=CARTESIAN_POINT('',(0.0150688291335976,0.014112359747801,0.0226504080356819));
#11581=CARTESIAN_POINT('',(0.015136809906907,0.0140782072659936,0.022634149404697));
#11582=CARTESIAN_POINT('',(0.0152711667328708,0.0140016242378447,0.0226016574035989));
#11583=CARTESIAN_POINT('',(0.0153379383110377,0.0139589757964739,0.0225854240334856));
#11584=CARTESIAN_POINT('',(0.0154676396191045,0.0138663810334902,0.0225530078150021));
#11585=CARTESIAN_POINT('',(0.0155305358872966,0.0138165829783963,0.0225368249666318));
#11586=CARTESIAN_POINT('',(0.0156529290674165,0.0137106018072152,0.0225045350525061));
#11587=CARTESIAN_POINT('',(0.0157124497645528,0.013654310797539,0.0224884279867505));
#11588=CARTESIAN_POINT('',(0.0158838762089704,0.0134788991756241,0.0224402583547128));
#11589=CARTESIAN_POINT('',(0.015990027755066,0.0133523622972227,0.02240834735366));
#11590=CARTESIAN_POINT('',(0.0161889514289343,0.0130827765422142,0.0223451316124713));
#11591=CARTESIAN_POINT('',(0.0162808152577328,0.0129412717151582,0.0223138268723354));
#11592=CARTESIAN_POINT('',(0.0164530253971969,0.0126440076629626,0.0222520257399527));
#11593=CARTESIAN_POINT('',(0.0165333549133459,0.0124880252392697,0.0222215293477059));
#11594=CARTESIAN_POINT('',(0.0166839020187351,0.0121609660988971,0.0221615469980738));
#11595=CARTESIAN_POINT('',(0.0167539539554972,0.0119906452332301,0.0221320610406885));
#11596=CARTESIAN_POINT('',(0.0169508983253607,0.0114558651442236,0.0220454219512831));
#11597=CARTESIAN_POINT('',(0.0170646765631213,0.0110675993805408,0.0219900876020136));
#11598=CARTESIAN_POINT('',(0.0176582557532103,0.00850321770682099,0.0216790659913003));
#11599=CARTESIAN_POINT('',(0.018,0.00537083250874351,0.0215));
#11600=CARTESIAN_POINT('',(0.018,3.35425047112703E-19,0.0215));
#11601=CARTESIAN_POINT('',(0.015,0.0141421356237309,0.0220208333333334));
#11602=CARTESIAN_POINT('',(0.0150811115087572,0.0141168051129397,0.0220066070312216));
#11603=CARTESIAN_POINT('',(0.0151609890389133,0.014085108629963,0.0219923807291099));
#11604=CARTESIAN_POINT('',(0.0153184394857848,0.0140098694084255,0.021963950228149));
#11605=CARTESIAN_POINT('',(0.0153965877123368,0.0139660097316402,0.0219497460292999));
#11606=CARTESIAN_POINT('',(0.0155473550738946,0.0138680644106487,0.0219213818381268));
#11607=CARTESIAN_POINT('',(0.0156199255373259,0.0138141944268337,0.0219072218458029));
#11608=CARTESIAN_POINT('',(0.0157602105230673,0.0136977507944281,0.0218789681709428));
#11609=CARTESIAN_POINT('',(0.0158279596420447,0.0136350202097081,0.0218648744884066));
#11610=CARTESIAN_POINT('',(0.0160210050302446,0.0134384851683248,0.0218227260603737));
#11611=CARTESIAN_POINT('',(0.0161381087064519,0.0132950608087635,0.0217948039344525));
#11612=CARTESIAN_POINT('',(0.0163535637034164,0.0129888642110593,0.0217394901609124));
#11613=CARTESIAN_POINT('',(0.0164505938620294,0.0128283378631728,0.0217120985132934));
#11614=CARTESIAN_POINT('',(0.0166288462478155,0.0124927775952658,0.0216580225224586));
#11615=CARTESIAN_POINT('',(0.0167100440466009,0.0123174190228041,0.0216313381792427));
#11616=CARTESIAN_POINT('',(0.01685891241461,0.0119525291648842,0.0215788536233146));
#11617=CARTESIAN_POINT('',(0.0169263420347747,0.011764097299081,0.0215530534106025));
#11618=CARTESIAN_POINT('',(0.0171115401046217,0.0111781667969989,0.0214772442073727));
#11619=CARTESIAN_POINT('',(0.0172123592110495,0.0107600491857382,0.021428826651762));
#11620=CARTESIAN_POINT('',(0.0177122153711245,0.00805404576710612,0.0211566827423878));
#11621=CARTESIAN_POINT('',(0.018,0.0049653790176657,0.021));
#11622=CARTESIAN_POINT('',(0.018,4.87890977618477E-19,0.021));
#11623=CARTESIAN_POINT('',(0.015,0.0141421356237309,0.0216979166666667));
#11624=CARTESIAN_POINT('',(0.0150876621088423,0.0141192994628391,0.0216847065289915));
#11625=CARTESIAN_POINT('',(0.0151738845759833,0.0140890363343975,0.0216714963913163));
#11626=CARTESIAN_POINT('',(0.0153436516206723,0.0140147602111153,0.0216450966404241));
#11627=CARTESIAN_POINT('',(0.0154278673930296,0.0139703774550125,0.021631907027207));
#11628=CARTESIAN_POINT('',(0.0155898699831161,0.0138698231777138,0.0216055688496892));
#11629=CARTESIAN_POINT('',(0.0156676000173415,0.0138139032603075,0.0215924202853884));
#11630=CARTESIAN_POINT('',(0.0158174272994145,0.01369212144527,0.0215661847301612));
#11631=CARTESIAN_POINT('',(0.0158895649100405,0.0136260764554879,0.0215530977392347));
#11632=CARTESIAN_POINT('',(0.0160941404015909,0.0134186322417407,0.0215139599132042));
#11633=CARTESIAN_POINT('',(0.0162170852138576,0.0132664343884212,0.0214880322248488));
#11634=CARTESIAN_POINT('',(0.0164413569164734,0.0129411645195435,0.0214366694351329));
#11635=CARTESIAN_POINT('',(0.0165411424509875,0.0127707127092842,0.0214112343337725));
#11636=CARTESIAN_POINT('',(0.0167226173681454,0.0124151480716399,0.0213610209137115));
#11637=CARTESIAN_POINT('',(0.0168042782510036,0.0122296564830735,0.021336242595011));
#11638=CARTESIAN_POINT('',(0.0169522512924101,0.0118449690787328,0.021287506935935));
#11639=CARTESIAN_POINT('',(0.0170182823437227,0.0116470559192227,0.0212635495955594));
#11640=CARTESIAN_POINT('',(0.0171972157202276,0.0110343374735601,0.0211931553354175));
#11641=CARTESIAN_POINT('',(0.0172911232899445,0.010600571804914,0.0211481961766361));
#11642=CARTESIAN_POINT('',(0.0177409938340121,0.0078202262466745,0.0208954911179316));
#11643=CARTESIAN_POINT('',(0.018,0.00475404665798839,0.02075));
#11644=CARTESIAN_POINT('',(0.018,5.6920614055489E-19,0.02075));
#11645=CARTESIAN_POINT('',(0.015,0.0141421356237309,0.0210520833333333));
#11646=CARTESIAN_POINT('',(0.0151007633090125,0.0141243495202305,0.0210409055245313));
#11647=CARTESIAN_POINT('',(0.0151996756501232,0.0140970144584518,0.0210297277157292));
#11648=CARTESIAN_POINT('',(0.0153940758904472,0.014024786960873,0.0210073894649743));
#11649=CARTESIAN_POINT('',(0.0154904267544152,0.0139794191177361,0.0209962290230214));
#11650=CARTESIAN_POINT('',(0.0156748998015589,0.01387376849904,0.020973942872814));
#11651=CARTESIAN_POINT('',(0.0157629489773726,0.0138138092140676,0.0209628171645594));
#11652=CARTESIAN_POINT('',(0.0159318608521088,0.0136814711750233,0.0209406178485979));
#11653=CARTESIAN_POINT('',(0.016012775446032,0.0136088570167572,0.0209295442408909));
#11654=CARTESIAN_POINT('',(0.0162404111442834,0.0133797716672516,0.0208964276188651));
#11655=CARTESIAN_POINT('',(0.0163750382286692,0.0132101426777924,0.0208744888056413));
#11656=CARTESIAN_POINT('',(0.0166169433425876,0.0128469511055121,0.020831027983574));
#11657=CARTESIAN_POINT('',(0.0167222396289038,0.0126567573580753,0.0208095059747306));
#11658=CARTESIAN_POINT('',(0.0169101596088052,0.0122613928043476,0.0207670176962175));
#11659=CARTESIAN_POINT('',(0.016992746659809,0.0120557350193948,0.0207460514265478));
#11660=CARTESIAN_POINT('',(0.01713892904801,0.0116316407541781,0.0207048135611758));
#11661=CARTESIAN_POINT('',(0.0172021629616186,0.0114148534033965,0.0206845419654734));
#11662=CARTESIAN_POINT('',(0.0173685669514394,0.0107488036675735,0.0206249775915071));
#11663=CARTESIAN_POINT('',(0.0174486514477347,0.0102838774935896,0.0205869352263844));
#11664=CARTESIAN_POINT('',(0.0177985507597871,0.00735543866067707,0.020373107869019));
#11665=CARTESIAN_POINT('',(0.018,0.00433382131766051,0.02025));
#11666=CARTESIAN_POINT('',(0.018,7.31836466427716E-19,0.02025));
#11667=CARTESIAN_POINT('',(0.015,0.0141421356237309,0.0207291666666666));
#11668=CARTESIAN_POINT('',(0.0151073139090976,0.0141269055332308,0.0207190050223011));
#11669=CARTESIAN_POINT('',(0.0152125711871932,0.0141010654890881,0.0207088433779356));
#11670=CARTESIAN_POINT('',(0.0154192880253347,0.0140299241285502,0.0206885358772493));
#11671=CARTESIAN_POINT('',(0.0155217064351081,0.0139840945817807,0.0206783900209285));
#11672=CARTESIAN_POINT('',(0.0157174147107803,0.013875957183315,0.0206581298843763));
#11673=CARTESIAN_POINT('',(0.0158106234573882,0.0138140087656042,0.0206480156041449));
#11674=CARTESIAN_POINT('',(0.0159890776284559,0.0136764532833856,0.0206278344078163));
#11675=CARTESIAN_POINT('',(0.0160743807140277,0.0136005846586621,0.020617767491719));
#11676=CARTESIAN_POINT('',(0.0163135465156296,0.0133607682281107,0.0205876614716955));
#11677=CARTESIAN_POINT('',(0.016454014736075,0.0131824821731107,0.0205677170960375));
#11678=CARTESIAN_POINT('',(0.0167047365556447,0.0128004432881068,0.0205282072577945));
#11679=CARTESIAN_POINT('',(0.0168127882178619,0.0126004336085301,0.0205086417952096));
#11680=CARTESIAN_POINT('',(0.0170039307291352,0.012185274548218,0.0204700160874705));
#11681=CARTESIAN_POINT('',(0.0170869808642117,0.0119695840800806,0.0204509558423162));
#11682=CARTESIAN_POINT('',(0.01723226792581,0.0115258814376426,0.0204134668737962));
#11683=CARTESIAN_POINT('',(0.0172941032705667,0.0112997016294336,0.0203950381504303));
#11684=CARTESIAN_POINT('',(0.0174542425670453,0.0106071097649146,0.020340888719552));
#11685=CARTESIAN_POINT('',(0.0175274155266297,0.010126671818197,0.0203063047512585));
#11686=CARTESIAN_POINT('',(0.0178273292226747,0.00712448479291551,0.0201119162445627));
#11687=CARTESIAN_POINT('',(0.018,0.00412494048302927,0.02));
#11688=CARTESIAN_POINT('',(0.018,8.13151629364128E-19,0.02));
#11689=CARTESIAN_POINT('',(0.015,0.0141421356237309,0.0200833333333334));
#11690=CARTESIAN_POINT('',(0.015119596284257,0.0141316857377873,0.020075204017841));
#11691=CARTESIAN_POINT('',(0.0152367503191994,0.0141086365318933,0.0200670747023485));
#11692=CARTESIAN_POINT('',(0.0154665607782488,0.0140395070960928,0.0200508287017994));
#11693=CARTESIAN_POINT('',(0.0155803558364071,0.0139927995926169,0.0200427120167428));
#11694=CARTESIAN_POINT('',(0.0157971301655705,0.0138799750721396,0.020026503907501));
#11695=CARTESIAN_POINT('',(0.0159000131074174,0.0138142848829958,0.020018412483316));
#11696=CARTESIAN_POINT('',(0.0160963590841068,0.0136669225719993,0.020002267526253));
#11697=CARTESIAN_POINT('',(0.0161898905915197,0.0135849398473905,0.0199942139933753));
#11698=CARTESIAN_POINT('',(0.0164506753369039,0.0133249670585865,0.0199701291773564));
#11699=CARTESIAN_POINT('',(0.0166020956874609,0.0131304257442244,0.01995417367683));
#11700=CARTESIAN_POINT('',(0.0168693488301267,0.0127130030030828,0.0199225658062357));
#11701=CARTESIAN_POINT('',(0.0169825668221584,0.0124945665674355,0.0199069134361677));
#11702=CARTESIAN_POINT('',(0.0171797515797537,0.0120422508782147,0.0198760128699763));
#11703=CARTESIAN_POINT('',(0.0172636699974668,0.0118077290833512,0.0198607646738529));
#11704=CARTESIAN_POINT('',(0.017407278321685,0.0113272229390549,0.0198307734990369));
#11705=CARTESIAN_POINT('',(0.0174664913498442,0.0110834145243558,0.0198160305203442));
#11706=CARTESIAN_POINT('',(0.0176148843463064,0.010341007056586,0.0197727109756415));
#11707=CARTESIAN_POINT('',(0.0176750981745579,0.00983145730735533,0.0197450438010069));
#11708=CARTESIAN_POINT('',(0.0178812888405888,0.0066908737552376,0.0195895329956502));
#11709=CARTESIAN_POINT('',(0.018,0.00373279912202266,0.0195));
#11710=CARTESIAN_POINT('',(0.018,9.65617559869902E-19,0.0195));
#11711=CARTESIAN_POINT('',(0.015,0.0141421356237309,0.0197604166666667));
#11712=CARTESIAN_POINT('',(0.0151253280593315,0.0141339138898475,0.0197533035156108));
#11713=CARTESIAN_POINT('',(0.0152480339141356,0.0141121644650698,0.0197461903645549));
#11714=CARTESIAN_POINT('',(0.0154886213962752,0.0140439687195133,0.0197319751140745));
#11715=CARTESIAN_POINT('',(0.0156077255570133,0.0139968489050071,0.01972487301465));
#11716=CARTESIAN_POINT('',(0.0158343307111392,0.0138818318894546,0.0197106909190634));
#11717=CARTESIAN_POINT('',(0.0159417282774311,0.0138143929667396,0.0197036109229014));
#11718=CARTESIAN_POINT('',(0.0161464237634106,0.0136624490250055,0.0196894840854714));
#11719=CARTESIAN_POINT('',(0.016243795201016,0.0135776105167115,0.0196824372442033));
#11720=CARTESIAN_POINT('',(0.0165146687868318,0.0133082238891677,0.0196613630301869));
#11721=CARTESIAN_POINT('',(0.0166712001314409,0.0131060918589475,0.0196474019672263));
#11722=CARTESIAN_POINT('',(0.0169461678915517,0.0126721470872737,0.0196197450804562));
#11723=CARTESIAN_POINT('',(0.0170617968374969,0.0124451068626146,0.0196060492566467));
#11724=CARTESIAN_POINT('',(0.0172618013100424,0.0119754425301811,0.0195790112612293));
#11725=CARTESIAN_POINT('',(0.0173461249263191,0.011732128535969,0.0195656690896213));
#11726=CARTESIAN_POINT('',(0.0174889498397599,0.011234439417014,0.0195394268116573));
#11727=CARTESIAN_POINT('',(0.0175469391201736,0.0109824005590378,0.0195265267053013));
#11728=CARTESIAN_POINT('',(0.0176898505099615,0.0102167354049362,0.0194886221036864));
#11729=CARTESIAN_POINT('',(0.0177440167435911,0.00969359437923021,0.019464413325881));
#11730=CARTESIAN_POINT('',(0.0179064699956154,0.00648840064074799,0.0193283413711939));
#11731=CARTESIAN_POINT('',(0.018,0.00354969605244352,0.01925));
#11732=CARTESIAN_POINT('',(0.018,1.03676832743926E-18,0.01925));
#11733=CARTESIAN_POINT('',(0.015,0.0141421356237309,0.0187916666666667));
#11734=CARTESIAN_POINT('',(0.015140066909523,0.0141396067246848,0.0187876020089205));
#11735=CARTESIAN_POINT('',(0.0152770488725431,0.014121162895175,0.0187835373511743));
#11736=CARTESIAN_POINT('',(0.0155453486997721,0.0140552948403821,0.0187754143508997));
#11737=CARTESIAN_POINT('',(0.0156781048385722,0.0140070782695377,0.0187713560083714));
#11738=CARTESIAN_POINT('',(0.0159299892568874,0.0138863506956701,0.0187632519537505));
#11739=CARTESIAN_POINT('',(0.0160489958574662,0.0138143788436249,0.018759206241658));
#11740=CARTESIAN_POINT('',(0.0162751615101916,0.0136505817071561,0.0187511337631265));
#11741=CARTESIAN_POINT('',(0.0163824070540063,0.013558364082409,0.0187471069966876));
#11742=CARTESIAN_POINT('',(0.016679223372361,0.0132646644492299,0.0187350645886782));
#11743=CARTESIAN_POINT('',(0.016848897273104,0.0130429441426737,0.018727086838415));
#11744=CARTESIAN_POINT('',(0.0171437026209301,0.0125663796695911,0.0187112829031179));
#11745=CARTESIAN_POINT('',(0.0172655311626526,0.0123171502287053,0.0187034567180838));
#11746=CARTESIAN_POINT('',(0.0174727863307847,0.0118027501985766,0.0186880064349882));
#11747=CARTESIAN_POINT('',(0.0175581518862251,0.0115367679782307,0.0186803823369265));
#11748=CARTESIAN_POINT('',(0.0176989623148099,0.0109947814825197,0.0186653867495184));
#11749=CARTESIAN_POINT('',(0.0177538048153066,0.010721525756292,0.0186580152601722));
#11750=CARTESIAN_POINT('',(0.0178826206450748,0.00989590882537794,0.0186363554878208));
#11751=CARTESIAN_POINT('',(0.0179212359211049,0.00933773769268671,0.0186225219005034));
#11752=CARTESIAN_POINT('',(0.0179712215371125,0.00596604998499908,0.0185447664978251));
#11753=CARTESIAN_POINT('',(0.018,0.0030774005532549,0.0185));
#11754=CARTESIAN_POINT('',(0.018,1.21972744404619E-18,0.0185));
#11755=CARTESIAN_POINT('',(0.015,0.0141421356237309,0.0181458333333334));
#11756=CARTESIAN_POINT('',(0.015146617509608,0.0141421276724891,0.0181438010044603));
#11757=CARTESIAN_POINT('',(0.015289944409613,0.0141251437954193,0.0181417686755871));
#11758=CARTESIAN_POINT('',(0.0155705608346596,0.0140602919107167,0.0181377071754498));
#11759=CARTESIAN_POINT('',(0.015709384519265,0.0140115787344851,0.0181356780041857));
#11760=CARTESIAN_POINT('',(0.0159725041661089,0.0138882949042213,0.0181316259768752));
#11761=CARTESIAN_POINT('',(0.0160966703374818,0.0138142993445656,0.018129603120829));
#11762=CARTESIAN_POINT('',(0.0163323782865387,0.0136452161055025,0.0181255668815632));
#11763=CARTESIAN_POINT('',(0.0164440123220021,0.0135497099297499,0.0181235534983438));
#11764=CARTESIAN_POINT('',(0.0167523587437072,0.0132451779425291,0.0181175322943391));
#11765=CARTESIAN_POINT('',(0.0169278737805098,0.0130147343626319,0.0181135434192075));
#11766=CARTESIAN_POINT('',(0.0172314958339873,0.0125191940838175,0.0181056414515589));
#11767=CARTESIAN_POINT('',(0.0173560797516108,0.0122600864255835,0.0181017283590419));
#11768=CARTESIAN_POINT('',(0.0175665574511146,0.0117257725485764,0.0180940032174941));
#11769=CARTESIAN_POINT('',(0.0176523860906278,0.0114497005899601,0.0180901911684633));
#11770=CARTESIAN_POINT('',(0.0177923011926098,0.0108879981445094,0.0180826933747592));
#11771=CARTESIAN_POINT('',(0.0178457451242546,0.0106052994434216,0.0180790076300861));
#11772=CARTESIAN_POINT('',(0.0179682962606807,0.00975300059928912,0.0180681777439104));
#11773=CARTESIAN_POINT('',(0.018,0.00917924019455018,0.0180612609502517));
#11774=CARTESIAN_POINT('',(0.018,0.00573346654183402,0.0180223832489125));
#11775=CARTESIAN_POINT('',(0.018,0.00286712564007468,0.018));
#11776=CARTESIAN_POINT('',(0.018,1.3010426069826E-18,0.018));
#11777=CARTESIAN_POINT('',(0.015,0.0141421356237309,0.0175));
#11778=CARTESIAN_POINT('',(0.015146617509608,0.0141421356237309,0.0175));
#11779=CARTESIAN_POINT('',(0.015289944409613,0.014125159697903,0.0175));
#11780=CARTESIAN_POINT('',(0.0155705608346596,0.0140603236786228,0.0175));
#11781=CARTESIAN_POINT('',(0.015709384519265,0.0140116184165717,0.0175));
#11782=CARTESIAN_POINT('',(0.0159725041661089,0.0138883503405464,0.0175));
#11783=CARTESIAN_POINT('',(0.0160966703374818,0.0138143626209487,0.0175));
#11784=CARTESIAN_POINT('',(0.0163323782865387,0.0136452949508176,0.0175));
#11785=CARTESIAN_POINT('',(0.0164440123220021,0.0135497965039391,0.0175));
#11786=CARTESIAN_POINT('',(0.0167523587437072,0.0132452874809727,0.0175));
#11787=CARTESIAN_POINT('',(0.0169278737805098,0.0130148589140882,0.0175));
#11788=CARTESIAN_POINT('',(0.0172314958339873,0.0125193477718279,0.0175));
#11789=CARTESIAN_POINT('',(0.0173560797516108,0.0122602542371355,0.0175));
#11790=CARTESIAN_POINT('',(0.0175665574511146,0.0117259674212503,0.0175));
#11791=CARTESIAN_POINT('',(0.0176523860906278,0.0114499084002141,0.0175));
#11792=CARTESIAN_POINT('',(0.0177923011926098,0.0108882303474721,0.0175));
#11793=CARTESIAN_POINT('',(0.0178457451242546,0.0106055431015127,0.0175));
#11794=CARTESIAN_POINT('',(0.0179682962606807,0.00975327595435246,0.0175));
#11795=CARTESIAN_POINT('',(0.018,0.00917953312304414,0.0175));
#11796=CARTESIAN_POINT('',(0.018,0.00573383605775327,0.0175));
#11797=CARTESIAN_POINT('',(0.018,0.00286744175568088,0.0175));
#11798=CARTESIAN_POINT('',(0.018,1.3010426069826E-18,0.0175));
#11799=CARTESIAN_POINT('',(0.018,6.50521303491303E-19,0.0216));
#11800=CARTESIAN_POINT('',(0.018,0.00119150949414584,0.0216));
#11801=CARTESIAN_POINT('',(0.0179759356641932,0.00297899791363297,0.0216009301365675));
#11802=CARTESIAN_POINT('',(0.0178625990103445,0.00535873003124084,0.0215951664445761));
#11803=CARTESIAN_POINT('',(0.0177257264077923,0.0071414461066431,0.0215797686628431));
#11804=CARTESIAN_POINT('',(0.0175110207169954,0.00891364955547815,0.0215297853313833));
#11805=CARTESIAN_POINT('',(0.017292211073964,0.0103854019493224,0.0214435365885748));
#11806=CARTESIAN_POINT('',(0.0170534056848836,0.0115440247851141,0.0212986491138862));
#11807=CARTESIAN_POINT('',(0.0168149221067604,0.0123804397775811,0.0210938347523875));
#11808=CARTESIAN_POINT('',(0.0164896382522845,0.0131420636399626,0.0206789118898495));
#11809=CARTESIAN_POINT('',(0.0163172497383353,0.0134959265576535,0.0197661038467515));
#11810=CARTESIAN_POINT('',(0.0167345933291477,0.0131745683922037,0.0189220063472139));
#11811=CARTESIAN_POINT('',(0.0172237340362483,0.0124575890409779,0.0185793030544));
#11812=CARTESIAN_POINT('',(0.0175589717778017,0.0116277977604978,0.0184535869751145));
#11813=CARTESIAN_POINT('',(0.0177754930957686,0.0107563642612092,0.0184131229110814));
#11814=CARTESIAN_POINT('',(0.017898645224625,0.00987549296031529,0.0184025981186728));
#11815=CARTESIAN_POINT('',(0.0179605885808101,0.00868210572766007,0.0184003899089054));
#11816=CARTESIAN_POINT('',(0.0179532778041339,0.00718357356839419,0.0184006902398092));
#11817=CARTESIAN_POINT('',(0.0179766985212527,0.00538820336407064,0.018400116672637));
#11818=CARTESIAN_POINT('',(0.0179924853063204,0.00299333513928161,0.0184000102162849));
#11819=CARTESIAN_POINT('',(0.018,0.00119736936099533,0.0184));
#11820=CARTESIAN_POINT('',(0.018,1.22200426860841E-18,0.0184));
#11821=CARTESIAN_POINT('',(0.015,0.0141421356237309,0.02525));
#11822=CARTESIAN_POINT('',(0.0165,0.0129811339157317,0.024375));
#11823=CARTESIAN_POINT('',(0.018,0.0118201322077324,0.0235));
#11824=CARTESIAN_POINT('',(0.018,0.,0.0235));
#11825=CARTESIAN_POINT('',(0.0181076680311784,0.0141421356237309,0.02525));
#11826=CARTESIAN_POINT('',(0.0216794467186307,0.0130357976829462,0.024375));
#11827=CARTESIAN_POINT('',(0.025251225406083,0.0119294597421616,0.0235));
#11828=CARTESIAN_POINT('',(0.025251225406083,0.,0.0235));
#11829=CARTESIAN_POINT('',(0.0180717786874523,0.0141421356237309,0.02525));
#11830=CARTESIAN_POINT('',(0.0216196311457538,0.0130358279609594,0.024375));
#11831=CARTESIAN_POINT('',(0.0251674836040553,0.0119295202981879,0.0235));
#11832=CARTESIAN_POINT('',(0.0251674836040553,0.,0.0235));
#11833=CARTESIAN_POINT('',(0.0180358893437262,0.0141421356237309,0.02525));
#11834=CARTESIAN_POINT('',(0.0215598155728769,0.0130358582389726,0.024375));
#11835=CARTESIAN_POINT('',(0.0250837418020276,0.0119295808542142,0.0235));
#11836=CARTESIAN_POINT('',(0.0250837418020276,0.,0.0235));
#11837=CARTESIAN_POINT('',(0.018,0.0141421356237309,0.02525));
#11838=CARTESIAN_POINT('',(0.0215,0.0130358885169857,0.024375));
#11839=CARTESIAN_POINT('',(0.025,0.0119296414102405,0.0235));
#11840=CARTESIAN_POINT('',(0.025,0.,0.0235));
#11841=CARTESIAN_POINT('',(0.0175,0.0141421356237309,0.02525));
#11842=CARTESIAN_POINT('',(0.0206666666666666,0.0130363103415444,0.024375));
#11843=CARTESIAN_POINT('',(0.0238333333333333,0.0119304850593578,0.0235));
#11844=CARTESIAN_POINT('',(0.0238333333333333,0.,0.0235));
#11845=CARTESIAN_POINT('',(0.017,0.0141421356237309,0.02525));
#11846=CARTESIAN_POINT('',(0.0198333333333334,0.0131960631470408,0.024375));
#11847=CARTESIAN_POINT('',(0.0226666666666667,0.0122499906703507,0.0235));
#11848=CARTESIAN_POINT('',(0.0226666666666667,0.,0.0235));
#11849=CARTESIAN_POINT('',(0.016,0.0141421356237309,0.02525));
#11850=CARTESIAN_POINT('',(0.0181666666666667,0.0133404855835697,0.024375));
#11851=CARTESIAN_POINT('',(0.0203333333333334,0.0125388355434085,0.0235));
#11852=CARTESIAN_POINT('',(0.0203333333333334,0.,0.0235));
#11853=CARTESIAN_POINT('',(0.0155,0.0141421356237309,0.02525));
#11854=CARTESIAN_POINT('',(0.0173333333333333,0.0133260767336507,0.024375));
#11855=CARTESIAN_POINT('',(0.0191666666666667,0.0125100178435705,0.0235));
#11856=CARTESIAN_POINT('',(0.0191666666666667,0.,0.0235));
#11857=CARTESIAN_POINT('',(0.015,0.0141421356237309,0.02525));
#11858=CARTESIAN_POINT('',(0.0165,0.0129811339157317,0.024375));
#11859=CARTESIAN_POINT('',(0.018,0.0118201322077324,0.0235));
#11860=CARTESIAN_POINT('',(0.018,0.,0.0235));
#11861=CARTESIAN_POINT('',(0.0184086515170399,0.0140122685606353,0.02514783712074));
#11862=CARTESIAN_POINT('',(0.018297136619046,0.0140480923304651,0.0251757158452385));
#11863=CARTESIAN_POINT('',(0.0181907436692143,0.0140915103485059,0.0252099600264181));
#11864=CARTESIAN_POINT('',(0.0180891332317877,0.0141421356237309,0.02525));
#11865=CARTESIAN_POINT('',(0.0317077054457275,0.00524293266843134,0.0175));
#11866=CARTESIAN_POINT('',(0.031896648507161,0.00377796241285307,0.0175));
#11867=CARTESIAN_POINT('',(0.032,0.00204860465628347,0.0175));
#11868=CARTESIAN_POINT('',(0.032,0.,0.0175));
#11869=CARTESIAN_POINT('',(0.0317076833115662,0.00525954975895726,0.0176614526250888));
#11870=CARTESIAN_POINT('',(0.031896640680814,0.00379071044847818,0.0176648230504483));
#11871=CARTESIAN_POINT('',(0.032,0.0020559216941311,0.0176666666666667));
#11872=CARTESIAN_POINT('',(0.032,0.,0.0176666666666667));
#11873=CARTESIAN_POINT('',(0.031707661177405,0.0052431016313116,0.0178229052501775));
#11874=CARTESIAN_POINT('',(0.031896632854467,0.00377809203511236,0.0178296461008965));
#11875=CARTESIAN_POINT('',(0.032,0.00204867905605807,0.0178333333333333));
#11876=CARTESIAN_POINT('',(0.032,0.,0.0178333333333333));
#11877=CARTESIAN_POINT('',(0.0317076390432437,0.00524310018889335,0.0179843578752663));
#11878=CARTESIAN_POINT('',(0.03189662502812,0.00377809092854083,0.0179944691513448));
#11879=CARTESIAN_POINT('',(0.032,0.00204867842091506,0.018));
#11880=CARTESIAN_POINT('',(0.032,0.,0.018));
#11881=CARTESIAN_POINT('',(0.0217369179509187,0.0140282252479496,0.0208925967670566));
#11882=CARTESIAN_POINT('',(0.0214178553870509,0.0141431724244895,0.0207758132408665));
#11883=CARTESIAN_POINT('',(0.0214174965931243,0.0145018520604233,0.0207767905223479));
#11884=CARTESIAN_POINT('',(0.0213880684369902,0.0140267139945874,0.0218308353602592));
#11885=CARTESIAN_POINT('',(0.0210858114951121,0.0141436232041977,0.0216805397106788));
#11886=CARTESIAN_POINT('',(0.0210837974573612,0.0144988939396584,0.0216857189114168));
#11887=CARTESIAN_POINT('',(0.0206574374942248,0.014019535287338,0.0231232682188473));
#11888=CARTESIAN_POINT('',(0.0204086160923576,0.0141429616087144,0.0229181776784987));
#11889=CARTESIAN_POINT('',(0.0203910441679708,0.0144841939585869,0.0229439008467477));
#11890=CARTESIAN_POINT('',(0.0192774816537076,0.0140044978679932,0.0245655518668543));
#11891=CARTESIAN_POINT('',(0.0191272860691048,0.0141541448068212,0.0243603851588767));
#11892=CARTESIAN_POINT('',(0.0190976197447137,0.0144446629265931,0.0243891745868102));
#11893=CARTESIAN_POINT('',(0.0184853071765839,0.0140042515123985,0.0251064537320074));
#11894=CARTESIAN_POINT('',(0.0183810434003874,0.01415344030388,0.0249810181584199));
#11895=CARTESIAN_POINT('',(0.0183636440003644,0.0143738349963536,0.0249936244800972));
#11896=CARTESIAN_POINT('',(0.0180621694617145,0.0140098651303094,0.0253821288630167));
#11897=CARTESIAN_POINT('',(0.0179761923257586,0.0141557822224282,0.0252668667140348));
#11898=CARTESIAN_POINT('',(0.017971795460615,0.0143605754872055,0.0252699675117159));
#11899=CARTESIAN_POINT('',(-0.015,0.0141421356237309,0.02525));
#11900=CARTESIAN_POINT('',(-0.0151672316329868,0.0140126981493782,0.0251524482140911));
#11901=CARTESIAN_POINT('',(-0.0153344632659736,0.0138832606750254,0.025054896428182));
#11902=CARTESIAN_POINT('',(-0.0156647693142315,0.0135948441755552,0.0248622179000316));
#11903=CARTESIAN_POINT('',(-0.0158278437295027,0.0134358651504377,0.0247670911577901));
#11904=CARTESIAN_POINT('',(-0.0161456781246137,0.0130588239986736,0.024581687760642));
#11905=CARTESIAN_POINT('',(-0.0163004381044535,0.012840761872027,0.0244914111057354));
#11906=CARTESIAN_POINT('',(-0.0165974864109863,0.0123160129664397,0.0243181329269247));
#11907=CARTESIAN_POINT('',(-0.0167397747376792,0.0120093261874991,0.0242351314030205));
#11908=CARTESIAN_POINT('',(-0.0175395445937991,0.00982582817962839,0.0237685989869505));
#11909=CARTESIAN_POINT('',(-0.018,0.00654893217781503,0.0235));
#11910=CARTESIAN_POINT('',(-0.018,0.,0.0235));
#11911=CARTESIAN_POINT('',(-0.015,0.0141421356237309,0.0246041666666667));
#11912=CARTESIAN_POINT('',(-0.0151672316329868,0.013996215286347,0.0245147441962501));
#11913=CARTESIAN_POINT('',(-0.0153344632659736,0.0138502949489631,0.0244253217258335));
#11914=CARTESIAN_POINT('',(-0.0156647693142315,0.013530141967844,0.0242486997416956));
#11915=CARTESIAN_POINT('',(-0.0158278437295027,0.0133559093241089,0.0241615002279743));
#11916=CARTESIAN_POINT('',(-0.0161456781246137,0.0129508194239362,0.0239915471139218));
#11917=CARTESIAN_POINT('',(-0.0163004381044535,0.0127199621674986,0.0239087935135908));
#11918=CARTESIAN_POINT('',(-0.0165974864109863,0.0121733107355697,0.0237499551830143));
#11919=CARTESIAN_POINT('',(-0.0167397747376792,0.0118575165600784,0.0236738704527688));
#11920=CARTESIAN_POINT('',(-0.0175395445937991,0.0096343272666621,0.023246215738038));
#11921=CARTESIAN_POINT('',(-0.018,0.00638510587416591,0.023));
#11922=CARTESIAN_POINT('',(-0.018,0.,0.023));
#11923=CARTESIAN_POINT('',(-0.015,0.0141421356237309,0.0239583333333333));
#11924=CARTESIAN_POINT('',(-0.0151934736717161,0.0139984645397326,0.0238770401784092));
#11925=CARTESIAN_POINT('',(-0.0153845384306188,0.0138368040746827,0.023795747023485));
#11926=CARTESIAN_POINT('',(-0.0157455914211449,0.0134726800177043,0.0236351815833597));
#11927=CARTESIAN_POINT('',(-0.015916781052775,0.0132707983097655,0.0235559092981584));
#11928=CARTESIAN_POINT('',(-0.0162410605106295,0.0128125487491673,0.0234014064672017));
#11929=CARTESIAN_POINT('',(-0.0163944666445156,0.0125552120182857,0.0233261759214462));
#11930=CARTESIAN_POINT('',(-0.0166831620265922,0.01196257412164,0.0231817774391038));
#11931=CARTESIAN_POINT('',(-0.0168185388165743,0.0116268617997611,0.023112609502517));
#11932=CARTESIAN_POINT('',(-0.0175683230566867,0.00931072073214544,0.0227238324891254));
#11933=CARTESIAN_POINT('',(-0.018,0.00609696200270312,0.0225));
#11934=CARTESIAN_POINT('',(-0.018,8.13151629364128E-20,0.0225));
#11935=CARTESIAN_POINT('',(-0.015,0.0141421356237309,0.0226666666666667));
#11936=CARTESIAN_POINT('',(-0.015272199787904,0.0140208352261474,0.0226016321427274));
#11937=CARTESIAN_POINT('',(-0.0155347639245545,0.0138275773043574,0.0225365976187881));
#11938=CARTESIAN_POINT('',(-0.0159880577418846,0.0133616207595095,0.0224081452666877));
#11939=CARTESIAN_POINT('',(-0.0161835930225918,0.0130912496724102,0.0223447274385267));
#11940=CARTESIAN_POINT('',(-0.016527207668677,0.0125001065318212,0.0222211251737614));
#11941=CARTESIAN_POINT('',(-0.0166765522647017,0.0121754589654429,0.022160940737157));
#11942=CARTESIAN_POINT('',(-0.0169401888734099,0.0114656215118942,0.0220454219512831));
#11943=CARTESIAN_POINT('',(-0.0170548310532594,0.0110787870002648,0.0219900876020136));
#11944=CARTESIAN_POINT('',(-0.0176546584453493,0.00852141113908141,0.0216790659913003));
#11945=CARTESIAN_POINT('',(-0.018,0.00538780961718431,0.0215));
#11946=CARTESIAN_POINT('',(-0.018,3.25260651745652E-19,0.0215));
#11947=CARTESIAN_POINT('',(-0.015,0.0141421356237309,0.0220208333333334));
#11948=CARTESIAN_POINT('',(-0.0153246838653626,0.0140406933512573,0.0219639281248864));
#11949=CARTESIAN_POINT('',(-0.0156349142538449,0.0138313147924741,0.0219070229164396));
#11950=CARTESIAN_POINT('',(-0.0161497019557112,0.0133069898565232,0.0217946271083517));
#11951=CARTESIAN_POINT('',(-0.0163614676691363,0.0129955347832935,0.0217391365087109));
#11952=CARTESIAN_POINT('',(-0.0167179724407085,0.0123242096542833,0.0216309845270412));
#11953=CARTESIAN_POINT('',(-0.0168646093448257,0.0119585263291699,0.0215783231450124));
#11954=CARTESIAN_POINT('',(-0.0171115401046217,0.0111771258983073,0.0214772442073727));
#11955=CARTESIAN_POINT('',(-0.0172123592110495,0.0107589418558697,0.021428826651762));
#11956=CARTESIAN_POINT('',(-0.0177122153711245,0.0080526489210405,0.0211566827423878));
#11957=CARTESIAN_POINT('',(-0.018,0.00496418403575072,0.021));
#11958=CARTESIAN_POINT('',(-0.018,4.87890977618477E-19,0.021));
#11959=CARTESIAN_POINT('',(-0.015,0.0141421356237309,0.0207291666666666));
#11960=CARTESIAN_POINT('',(-0.0154296520202799,0.0140810888386353,0.0206885200892046));
#11961=CARTESIAN_POINT('',(-0.0158352149124257,0.0138401482430238,0.0206478735117426));
#11962=CARTESIAN_POINT('',(-0.0164729903833643,0.0132003943436338,0.0205675907916799));
#11963=CARTESIAN_POINT('',(-0.0167172169622253,0.012807399879752,0.0205279546490792));
#11964=CARTESIAN_POINT('',(-0.0170995019847717,0.0119768666260181,0.0204507032336008));
#11965=CARTESIAN_POINT('',(-0.0172407235050737,0.0115296390539446,0.0204130879607231));
#11966=CARTESIAN_POINT('',(-0.0174542425670453,0.0106060152428263,0.020340888719552));
#11967=CARTESIAN_POINT('',(-0.0175274155266297,0.0101255074426339,0.0203063047512585));
#11968=CARTESIAN_POINT('',(-0.0178273292226747,0.00712301598631107,0.0201119162445627));
#11969=CARTESIAN_POINT('',(-0.018,0.00412368393989819,0.02));
#11970=CARTESIAN_POINT('',(-0.018,8.13151629364128E-19,0.02));
#11971=CARTESIAN_POINT('',(-0.015,0.0141421356237309,0.0200833333333334));
#11972=CARTESIAN_POINT('',(-0.0154821360977384,0.0141016661887175,0.0200508160713637));
#11973=CARTESIAN_POINT('',(-0.0159353652417162,0.0138453241810849,0.0200182988093941));
#11974=CARTESIAN_POINT('',(-0.0166346345971908,0.013148586702811,0.0199540726333438));
#11975=CARTESIAN_POINT('',(-0.0168950916087698,0.0127151738400456,0.0199223637192634));
#11976=CARTESIAN_POINT('',(-0.0172902667568033,0.0118056824969338,0.0198605625868807));
#11977=CARTESIAN_POINT('',(-0.0174287805851978,0.0113179774779215,0.0198304703685785));
#11978=CARTESIAN_POINT('',(-0.0176255937982571,0.0103237463999062,0.0197727109756415));
#11979=CARTESIAN_POINT('',(-0.0176849436844198,0.00981228646752607,0.0197450438010069));
#11980=CARTESIAN_POINT('',(-0.0178848861484498,0.00666260985534915,0.0195895329956502));
#11981=CARTESIAN_POINT('',(-0.018,0.00370720687195166,0.0195));
#11982=CARTESIAN_POINT('',(-0.018,9.75781955236954E-19,0.0195));
#11983=CARTESIAN_POINT('',(-0.015,0.0141421356237309,0.0187916666666667));
#11984=CARTESIAN_POINT('',(-0.0155608622139264,0.0141320120805762,0.0187754080356819));
#11985=CARTESIAN_POINT('',(-0.0160855907356518,0.0138520478216476,0.018759149404697));
#11986=CARTESIAN_POINT('',(-0.0168771009179307,0.0130688334985584,0.018727036316672));
#11987=CARTESIAN_POINT('',(-0.0171619035785866,0.0125743116942428,0.0187111818596317));
#11988=CARTESIAN_POINT('',(-0.0175764139148507,0.0115454981106935,0.0186802812934403));
#11989=CARTESIAN_POINT('',(-0.0177108662053839,0.0109966731581274,0.0186652351842892));
#11990=CARTESIAN_POINT('',(-0.0178826206450748,0.00989584002359402,0.0186363554878208));
#11991=CARTESIAN_POINT('',(-0.0179212359211049,0.00933766449990534,0.0186225219005034));
#11992=CARTESIAN_POINT('',(-0.0179712215371125,0.00596595765564756,0.0185447664978251));
#11993=CARTESIAN_POINT('',(-0.018,0.00307732156680964,0.0185));
#11994=CARTESIAN_POINT('',(-0.018,1.21972744404619E-18,0.0185));
#11995=CARTESIAN_POINT('',(-0.015,0.0141421356237309,0.0181458333333334));
#11996=CARTESIAN_POINT('',(-0.0155871042526557,0.0141421038187636,0.0181377040178409));
#11997=CARTESIAN_POINT('',(-0.016135665900297,0.0138542419169708,0.0181295747023485));
#11998=CARTESIAN_POINT('',(-0.0169579230248439,0.0130421566177152,0.018113518158336));
#11999=CARTESIAN_POINT('',(-0.0172508409018589,0.012527243364087,0.0181055909298159));
#12000=CARTESIAN_POINT('',(-0.0176717963008665,0.0114586156100729,0.0180901406467201));
#12001=CARTESIAN_POINT('',(-0.0178048947454459,0.0108893990581324,0.0180826175921446));
#12002=CARTESIAN_POINT('',(-0.0179682962606807,0.00975300059928912,0.0180681777439104));
#12003=CARTESIAN_POINT('',(-0.018,0.00917924019455018,0.0180612609502517));
#12004=CARTESIAN_POINT('',(-0.018,0.00573346654183402,0.0180223832489125));
#12005=CARTESIAN_POINT('',(-0.018,0.00286712564007468,0.018));
#12006=CARTESIAN_POINT('',(-0.018,1.3010426069826E-18,0.018));
#12007=CARTESIAN_POINT('',(-0.015,0.0141421356237309,0.0175));
#12008=CARTESIAN_POINT('',(-0.0155871042526557,0.0141421356237309,0.0175));
#12009=CARTESIAN_POINT('',(-0.016135665900297,0.0138543055269055,0.0175));
#12010=CARTESIAN_POINT('',(-0.0169579230248439,0.0130422814656618,0.0175));
#12011=CARTESIAN_POINT('',(-0.0172508409018589,0.0125273976450782,0.0175));
#12012=CARTESIAN_POINT('',(-0.0176717963008665,0.0114588240133076,0.0175));
#12013=CARTESIAN_POINT('',(-0.0178048947454459,0.0108896321505661,0.0175));
#12014=CARTESIAN_POINT('',(-0.0179682962606807,0.00975327595435246,0.0175));
#12015=CARTESIAN_POINT('',(-0.018,0.00917953312304414,0.0175));
#12016=CARTESIAN_POINT('',(-0.018,0.00573383605775327,0.0175));
#12017=CARTESIAN_POINT('',(-0.018,0.00286744175568088,0.0175));
#12018=CARTESIAN_POINT('',(-0.018,1.3010426069826E-18,0.0175));
#12019=CARTESIAN_POINT('',(-0.018,6.50521303491303E-19,0.0184));
#12020=CARTESIAN_POINT('',(-0.018,0.00119754890973698,0.0184));
#12021=CARTESIAN_POINT('',(-0.0179924766942603,0.00299388355071641,0.0184000102888412));
#12022=CARTESIAN_POINT('',(-0.0179767021900271,0.0053888423993545,0.0184001166314715));
#12023=CARTESIAN_POINT('',(-0.0179532265799583,0.00718528707221044,0.0184006910242831));
#12024=CARTESIAN_POINT('',(-0.0179606953613122,0.00868151973389929,0.018400388813373));
#12025=CARTESIAN_POINT('',(-0.0178983590807636,0.00988016481075663,0.0184026038801786));
#12026=CARTESIAN_POINT('',(-0.0177736235238715,0.010767427697339,0.0184133146746858));
#12027=CARTESIAN_POINT('',(-0.0175547326565372,0.0116415272294147,0.0184546435943835));
#12028=CARTESIAN_POINT('',(-0.0172179301828623,0.0124682204676603,0.0185823283277213));
#12029=CARTESIAN_POINT('',(-0.0167315238550619,0.0131779848109296,0.0189266030882415));
#12030=CARTESIAN_POINT('',(-0.0163182429409233,0.0134941972271435,0.0197662946854516));
#12031=CARTESIAN_POINT('',(-0.0164883354781629,0.0131457590591621,0.0206764000711584));
#12032=CARTESIAN_POINT('',(-0.0168155570905758,0.0123784480226785,0.0210947506916378));
#12033=CARTESIAN_POINT('',(-0.017052462741968,0.0115476574823007,0.0212978304829589));
#12034=CARTESIAN_POINT('',(-0.0172927793341836,0.0103828337517523,0.0214440235219352));
#12035=CARTESIAN_POINT('',(-0.0175109534479268,0.00891348475437262,0.0215296794152264));
#12036=CARTESIAN_POINT('',(-0.0177262400602045,0.00713642526989466,0.0215798939053517));
#12037=CARTESIAN_POINT('',(-0.017862743964049,0.00535558555413884,0.0215951602720939));
#12038=CARTESIAN_POINT('',(-0.0179759531802682,0.00297779825702472,0.0216009377048715));
#12039=CARTESIAN_POINT('',(-0.018,0.00119152912528243,0.0216));
#12040=CARTESIAN_POINT('',(-0.018,3.08768732033068E-19,0.0216));
#12041=CARTESIAN_POINT('',(-0.018,0.,0.0235));
#12042=CARTESIAN_POINT('',(-0.018,0.0118201322077324,0.0235));
#12043=CARTESIAN_POINT('',(-0.0165,0.0129811339157318,0.0243750000000002));
#12044=CARTESIAN_POINT('',(-0.015,0.0141421356237309,0.02525));
#12045=CARTESIAN_POINT('',(-0.0181076561603238,0.0141421356237309,0.02525));
#12046=CARTESIAN_POINT('',(-0.0216794269338729,0.0130356719691754,0.024375));
#12047=CARTESIAN_POINT('',(-0.0252511977074221,0.0119292083146199,0.0235));
#12048=CARTESIAN_POINT('',(-0.0252511977074221,0.,0.0235));
#12049=CARTESIAN_POINT('',(-0.0180717707735491,0.0141421356237309,0.02525));
#12050=CARTESIAN_POINT('',(-0.0216196179559153,0.0130357441517789,0.024375));
#12051=CARTESIAN_POINT('',(-0.0251674651382814,0.0119293526798268,0.0235));
#12052=CARTESIAN_POINT('',(-0.0251674651382814,0.,0.0235));
#12053=CARTESIAN_POINT('',(-0.0180358853867746,0.0141421356237309,0.02525));
#12054=CARTESIAN_POINT('',(-0.0215598089779577,0.0130358163343823,0.024375));
#12055=CARTESIAN_POINT('',(-0.0250837325691407,0.0119294970450336,0.0235));
#12056=CARTESIAN_POINT('',(-0.0250837325691407,0.,0.0235));
#12057=CARTESIAN_POINT('',(-0.018,0.0141421356237309,0.02525));
#12058=CARTESIAN_POINT('',(-0.0215,0.0130358885169857,0.024375));
#12059=CARTESIAN_POINT('',(-0.025,0.0119296414102405,0.0235));
#12060=CARTESIAN_POINT('',(-0.025,0.,0.0235));
#12061=CARTESIAN_POINT('',(-0.017,0.0141421356237309,0.02525));
#12062=CARTESIAN_POINT('',(-0.0198333333333333,0.0130378999932416,0.024375));
#12063=CARTESIAN_POINT('',(-0.0226666666666667,0.0119336643627523,0.0235));
#12064=CARTESIAN_POINT('',(-0.0226666666666667,0.,0.0235));
#12065=CARTESIAN_POINT('',(-0.016,0.0141421356237309,0.02525));
#12066=CARTESIAN_POINT('',(-0.0181666666666667,0.0136716021054287,0.024375));
#12067=CARTESIAN_POINT('',(-0.0203333333333334,0.0132010685871264,0.0235));
#12068=CARTESIAN_POINT('',(-0.0203333333333334,0.,0.0235));
#12069=CARTESIAN_POINT('',(-0.015,0.0141421356237309,0.02525));
#12070=CARTESIAN_POINT('',(-0.0165,0.0129811339157317,0.024375));
#12071=CARTESIAN_POINT('',(-0.018,0.0118201322077324,0.0235));
#12072=CARTESIAN_POINT('',(-0.018,0.,0.0235));
#12073=CARTESIAN_POINT('',(-0.0180891214317335,0.0141421356237309,0.02525));
#12074=CARTESIAN_POINT('',(-0.0181907202337132,0.0140915135543625,0.0252099663278075));
#12075=CARTESIAN_POINT('',(-0.0182971020980824,0.0140481032874456,0.0251757244754794));
#12076=CARTESIAN_POINT('',(-0.0184086046411796,0.0140122836193131,0.0251478488397051));
#12077=CARTESIAN_POINT('',(-0.0184086046411796,0.0140122836193131,0.0251478488397051));
#12078=CARTESIAN_POINT('',(-0.025,0.,0.0235));
#12079=CARTESIAN_POINT('',(-0.025,0.0114651679663179,0.0235));
#12080=CARTESIAN_POINT('',(-0.0217672352012947,0.0129333393306796,0.0243081911996763));
#12081=CARTESIAN_POINT('',(-0.0184086046411796,0.0140122836193131,0.0251478488397051));
#12082=CARTESIAN_POINT('',(-0.0252959351439738,0.0140475223435472,0.0176413138749291));
#12083=CARTESIAN_POINT('',(-0.0286947971719878,0.0129604789274839,0.0178231624513765));
#12084=CARTESIAN_POINT('',(-0.032,0.0115841760370752,0.018));
#12085=CARTESIAN_POINT('',(-0.032,0.,0.018));
#12086=CARTESIAN_POINT('',(-0.0244880502084846,0.0140475282320052,0.017817963671522));
#12087=CARTESIAN_POINT('',(-0.0278903295396956,0.0129605520122066,0.0179102534058653));
#12088=CARTESIAN_POINT('',(-0.0311988555035392,0.0115843107541296,0.018));
#12089=CARTESIAN_POINT('',(-0.0311988555035392,0.,0.018));
#12090=CARTESIAN_POINT('',(-0.0237386712589965,0.0140475357556423,0.0181958298717283));
#12091=CARTESIAN_POINT('',(-0.0271106387123094,0.0129606453919883,0.0182387927194429));
#12092=CARTESIAN_POINT('',(-0.030389688073771,0.0115844828810623,0.0182805716809292));
#12093=CARTESIAN_POINT('',(-0.030389688073771,0.,0.0182805716809292));
#12094=CARTESIAN_POINT('',(-0.0224995961600167,0.0140475902839302,0.0192724834711929));
#12095=CARTESIAN_POINT('',(-0.0258596182683534,0.0129613221709964,0.0192784774032947));
#12096=CARTESIAN_POINT('',(-0.0291270514513199,0.0115857303876709,0.019284306166325));
#12097=CARTESIAN_POINT('',(-0.0291270514513199,0.,0.019284306166325));
#12098=CARTESIAN_POINT('',(-0.0220094057884807,0.0140476372885811,0.0199724377263626));
#12099=CARTESIAN_POINT('',(-0.0253926852622894,0.0129619055702229,0.0199861926566455));
#12100=CARTESIAN_POINT('',(-0.0286827349296842,0.0115868057673468,0.0199995685554303));
#12101=CARTESIAN_POINT('',(-0.0286827349296842,0.,0.0199995685554303));
#12102=CARTESIAN_POINT('',(-0.0214065774386066,0.0140478130956634,0.0216366683083945));
#12103=CARTESIAN_POINT('',(-0.0249035272162214,0.012964087603574,0.0215949771724887));
#12104=CARTESIAN_POINT('',(-0.028304114883248,0.0115908279089805,0.0215544348794614));
#12105=CARTESIAN_POINT('',(-0.028304114883248,0.,0.0215544348794614));
#12106=CARTESIAN_POINT('',(-0.0209490420905567,0.014047861287438,0.022478020605159));
#12107=CARTESIAN_POINT('',(-0.0244400990936292,0.0129646857368116,0.0223661207999151));
#12108=CARTESIAN_POINT('',(-0.0278349563676827,0.0115919304478561,0.0222573045109049));
#12109=CARTESIAN_POINT('',(-0.0278349563676827,0.,0.0222573045109049));
#12110=CARTESIAN_POINT('',(-0.0197827648781511,0.0140478950935874,0.0239840261755477));
#12111=CARTESIAN_POINT('',(-0.0232302531208597,0.0129651053225554,0.0236014012214366));
#12112=CARTESIAN_POINT('',(-0.0265827422173345,0.0115927038701726,0.023229319898343));
#12113=CARTESIAN_POINT('',(-0.0265827422173345,0.,0.023229319898343));
#12114=CARTESIAN_POINT('',(-0.0190749722812919,0.0140478807079622,0.0246472433342172));
#12115=CARTESIAN_POINT('',(-0.0224847334282764,0.0129649267750616,0.0240656078803093));
#12116=CARTESIAN_POINT('',(-0.0258005350386302,0.0115923747536135,0.0235));
#12117=CARTESIAN_POINT('',(-0.0258005350386302,0.,0.0235));
#12118=CARTESIAN_POINT('',(-0.0182974578047386,0.0140478465097593,0.0251756355488154));
#12119=CARTESIAN_POINT('',(-0.021695547866197,0.0129645023233377,0.0243261130334507));
#12120=CARTESIAN_POINT('',(-0.025,0.0115915923618368,0.0235));
#12121=CARTESIAN_POINT('',(-0.025,0.,0.0235));
#12122=CARTESIAN_POINT('',(-0.0184086046411796,0.0140122836193131,0.0251478488397051));
#12123=CARTESIAN_POINT('',(-0.0191765325460816,0.0139959231267308,0.0246562216620758));
#12124=CARTESIAN_POINT('',(-0.0205296907155424,0.0140221507883376,0.0233751167457381));
#12125=CARTESIAN_POINT('',(-0.0214161529810704,0.0140267947756155,0.0217550178227525));
#12126=CARTESIAN_POINT('',(-0.021736919538368,0.0140282246152692,0.0208925588870904));
#12127=CARTESIAN_POINT('',(-0.0217369195383681,0.0140282246152692,0.0208925588870904));
#12128=CARTESIAN_POINT('',(-0.0217369195383681,0.0140282246152692,0.0208925588870904));
#12129=CARTESIAN_POINT('',(-0.021751522704941,0.0140282897099188,0.020853294720633));
#12130=CARTESIAN_POINT('',(-0.0217666765276624,0.0140280530119697,0.0208142404439468));
#12131=CARTESIAN_POINT('',(-0.0217823745844692,0.0140275172156047,0.0207754103222378));
#12132=CARTESIAN_POINT('',(-0.0217823745844692,0.0140275172156047,0.0207754103222378));
#12133=CARTESIAN_POINT('',(-0.0217823745844692,0.0140275172156047,0.0207754103222378));
#12134=CARTESIAN_POINT('',(-0.0220527804713012,0.0140224681856516,0.0200700175103936));
#12135=CARTESIAN_POINT('',(-0.022938053969821,0.0140092491111616,0.0187878381599268));
#12136=CARTESIAN_POINT('',(-0.0242777370132657,0.0139777901785493,0.0180279205818612));
#12137=CARTESIAN_POINT('',(-0.0249999999999994,0.0139793437856644,0.0177892249247333));
#12138=CARTESIAN_POINT('',(-0.0214174965931243,0.0145018474088182,0.0207767905223479));
#12139=CARTESIAN_POINT('',(-0.0214178648043081,0.0141431770989715,0.0207757875901785));
#12140=CARTESIAN_POINT('',(-0.0217369195383681,0.0140282246152692,0.0208925588870904));
#12141=CARTESIAN_POINT('',(-0.0210837465270523,0.0144988111037337,0.0216858576351912));
#12142=CARTESIAN_POINT('',(-0.021085870332028,0.014143628637743,0.0216803875241361));
#12143=CARTESIAN_POINT('',(-0.0213880261860679,0.0140266693988658,0.02183064355109));
#12144=CARTESIAN_POINT('',(-0.0203908512295,0.0144841560596732,0.0229442266081872));
#12145=CARTESIAN_POINT('',(-0.0204083672634296,0.0141429494356173,0.022918610458434));
#12146=CARTESIAN_POINT('',(-0.0206571853129579,0.0140195180801356,0.0231236501104042));
#12147=CARTESIAN_POINT('',(-0.0190971489729554,0.0144446742167966,0.0243896406921206));
#12148=CARTESIAN_POINT('',(-0.0191268362717849,0.0141541566158214,0.0243608262864456));
#12149=CARTESIAN_POINT('',(-0.0192770024782849,0.0140045033560241,0.0245660177472594));
#12150=CARTESIAN_POINT('',(-0.0183630137423995,0.0143737685311803,0.0249941232682328));
#12151=CARTESIAN_POINT('',(-0.0183804134426646,0.0141534207990212,0.024981519878772));
#12152=CARTESIAN_POINT('',(-0.0184846259006297,0.014004237225553,0.0251069201649961));
#12153=CARTESIAN_POINT('',(-0.0179710756557176,0.0143605333466705,0.0252704750892268));
#12154=CARTESIAN_POINT('',(-0.0179754627885847,0.0141557977979596,0.0252673817635257));
#12155=CARTESIAN_POINT('',(-0.0180613825487451,0.014009893284727,0.0253825995066776));
#12156=CARTESIAN_POINT('',(-0.0218868637105934,0.0145018474088182,0.0209491114701131));
#12157=CARTESIAN_POINT('',(-0.0217369195383681,0.0140282246152692,0.0208925588870904));
#12158=CARTESIAN_POINT('',(-0.0214178648043081,0.0141431770989715,0.0207757875901784));
#12159=CARTESIAN_POINT('',(-0.0214174965931243,0.0145018474088182,0.0207767905223478));
#12160=CARTESIAN_POINT('',(-0.0218668440907267,0.0140288037621498,0.0205432251243738));
#12161=CARTESIAN_POINT('',(-0.0215581384591506,0.0141431020263847,0.020393972551717));
#12162=CARTESIAN_POINT('',(-0.0215628535855666,0.0145029780970484,0.0203808677199756));
#12163=CARTESIAN_POINT('',(-0.0222130211492072,0.0140182767212355,0.0198262980346693));
#12164=CARTESIAN_POINT('',(-0.0219406802790848,0.0141410287320322,0.0196464950422373));
#12165=CARTESIAN_POINT('',(-0.021947986690648,0.0144865767310342,0.0196375967051248));
#12166=CARTESIAN_POINT('',(-0.0232282137793906,0.0140036507834438,0.0186293894596557));
#12167=CARTESIAN_POINT('',(-0.0230474572708791,0.0141390775116614,0.0184015533999872));
#12168=CARTESIAN_POINT('',(-0.0230708414280884,0.0144543761423536,0.0183763089103215));
#12169=CARTESIAN_POINT('',(-0.0242700733958358,0.0139766292618035,0.018024556123548));
#12170=CARTESIAN_POINT('',(-0.0241671762636702,0.0141340712746199,0.0178114816933806));
#12171=CARTESIAN_POINT('',(-0.0242187912462508,0.0144072282708485,0.0177967655646046));
#12172=CARTESIAN_POINT('',(-0.0250394829379025,0.0139794585021694,0.0177763320309366));
#12173=CARTESIAN_POINT('',(-0.0250184666228965,0.0141268407981803,0.017620824249657));
#12174=CARTESIAN_POINT('',(-0.0250367846955647,0.0143413031535458,0.0176167939820175));
#12175=CARTESIAN_POINT('',(0.,0.0165472369909914,0.012625));
#12176=CARTESIAN_POINT('',(-0.018,0.0165472369909914,0.02));
#12177=CARTESIAN_POINT('',(-0.018,0.0165472369909914,0.0216));
#12178=CARTESIAN_POINT('',(-0.018,0.0185492369909914,0.02));
#12179=CARTESIAN_POINT('',(0.,0.0165472369909914,0.012625));
#12180=CARTESIAN_POINT('',(0.018,0.0165472369909914,0.02));
#12181=CARTESIAN_POINT('',(0.018,0.0165472369909914,0.0216));
#12182=CARTESIAN_POINT('',(0.018,0.0185492369909914,0.02));
#12183=CARTESIAN_POINT('',(0.0555,0.,0.));
#12184=CARTESIAN_POINT('',(0.04845,0.,-0.0107));
#12185=CARTESIAN_POINT('',(0.04845,0.,-0.0122));
#12186=CARTESIAN_POINT('',(0.068,0.,0.0115));
#12187=CARTESIAN_POINT('',(0.068,0.,-0.007));
#12188=CARTESIAN_POINT('',(0.068,0.,-0.016));
#12189=CARTESIAN_POINT('',(0.0555,0.,-0.007));
#12190=CARTESIAN_POINT('',(0.0661,0.,-0.007));
#12191=CARTESIAN_POINT('',(0.0661,0.,-3.67761376907083E-19));
#12192=CARTESIAN_POINT('',(0.0661,0.,-0.00975));
#12193=CARTESIAN_POINT('',(0.0555,0.,-0.00975));
#12194=CARTESIAN_POINT('',(0.06081835,0.,-0.00975));
#12195=CARTESIAN_POINT('',(0.06081835,0.,0.));
#12196=CARTESIAN_POINT('',(0.06081835,0.,-0.00968908417821103));
#12197=CARTESIAN_POINT('',(0.06,0.,-0.0108249993499998));
#12198=CARTESIAN_POINT('',(0.05918165,0.,-0.00968908417821103));
#12199=CARTESIAN_POINT('',(0.05918165,0.,0.));
#12200=CARTESIAN_POINT('',(0.0539,0.,5.55111512312577E-20));
#12201=CARTESIAN_POINT('',(0.0539,0.,-0.007));
#12202=CARTESIAN_POINT('',(0.0555,0.,-0.007));
#12203=CARTESIAN_POINT('',(0.043,0.,-0.0160000000000012));
#12204=CARTESIAN_POINT('',(0.0429866635338378,0.,-0.0160000000048855));
#12205=CARTESIAN_POINT('',(0.0429733270717534,0.,-0.0160000073870749));
#12206=CARTESIAN_POINT('',(0.0429599906137294,0.,-0.0160000221151229));
#12207=CARTESIAN_POINT('',(0.043,0.,-0.016));
#12208=CARTESIAN_POINT('',(0.0555,0.,-0.016));
#12209=CARTESIAN_POINT('',(0.0555,0.,0.));
#12210=CARTESIAN_POINT('',(0.04845,0.,0.0107));
#12211=CARTESIAN_POINT('',(0.04845,0.,0.0092));
#12212=CARTESIAN_POINT('',(0.0661,0.,-3.67761376907083E-19));
#12213=CARTESIAN_POINT('',(0.0661,0.,0.00975));
#12214=CARTESIAN_POINT('',(0.0661,0.,0.007));
#12215=CARTESIAN_POINT('',(0.0555,0.,0.007));
#12216=CARTESIAN_POINT('',(0.068,0.,0.007));
#12217=CARTESIAN_POINT('',(0.068,0.,0.0115));
#12218=CARTESIAN_POINT('',(0.068,0.,0.016));
#12219=CARTESIAN_POINT('',(0.0555,0.,0.016));
#12220=CARTESIAN_POINT('',(0.043,0.,0.016));
#12221=CARTESIAN_POINT('',(0.043,-8.67361737988404E-19,0.0160000000000012));
#12222=CARTESIAN_POINT('',(0.0429866635379419,-8.67361737988404E-19,0.0160000000048855));
#12223=CARTESIAN_POINT('',(0.0429733270799616,0.,0.0160000073870704));
#12224=CARTESIAN_POINT('',(0.0429599906260418,0.,0.0160000221151093));
#12225=CARTESIAN_POINT('',(0.0555,0.,0.007));
#12226=CARTESIAN_POINT('',(0.0539,0.,0.007));
#12227=CARTESIAN_POINT('',(0.0539,0.,5.55111512312577E-20));
#12228=CARTESIAN_POINT('',(0.05918165,0.,-0.009625));
#12229=CARTESIAN_POINT('',(0.05918165,0.,0.00968908417821103));
#12230=CARTESIAN_POINT('',(0.06,0.,0.0108249993499998));
#12231=CARTESIAN_POINT('',(0.06081835,0.,0.00968908417821103));
#12232=CARTESIAN_POINT('',(0.06081835,0.,-0.009625));
#12233=CARTESIAN_POINT('',(0.06081835,0.,0.00975));
#12234=CARTESIAN_POINT('',(0.0555,0.,0.00975));
#12235=CARTESIAN_POINT('',(0.0555,0.01,-0.016));
#12236=CARTESIAN_POINT('',(0.063,0.0198557296516648,-0.016));
#12237=CARTESIAN_POINT('',(0.0638092979245356,0.0198557296516648,-0.016));
#12238=CARTESIAN_POINT('',(0.0653816169879505,0.0193354765476902,-0.016));
#12239=CARTESIAN_POINT('',(0.0670226146040548,0.0174785806950636,-0.016));
#12240=CARTESIAN_POINT('',(0.0678515829375466,0.015203879691133,-0.016));
#12241=CARTESIAN_POINT('',(0.068,0.0136176729296562,-0.016));
#12242=CARTESIAN_POINT('',(0.068,0.0128160056179763,-0.016));
#12243=CARTESIAN_POINT('',(0.068,0.0128160056179763,-0.016));
#12244=CARTESIAN_POINT('',(0.068,0.01,-0.016));
#12245=CARTESIAN_POINT('',(0.043,0.01,-0.016));
#12246=CARTESIAN_POINT('',(0.068,0.01,0.0115));
#12247=CARTESIAN_POINT('',(0.068,1.56125112837912E-17,-1.7347234759768E-18));
#12248=CARTESIAN_POINT('',(0.068,0.0128160056179763,0.016));
#12249=CARTESIAN_POINT('',(0.068,0.01,0.016));
#12250=CARTESIAN_POINT('',(0.068,0.,-4.33680868994202E-19));
#12251=CARTESIAN_POINT('',(0.04845,0.01,0.0107));
#12252=CARTESIAN_POINT('',(0.04845,0.004,0.0107));
#12253=CARTESIAN_POINT('',(0.04845,0.004,0.0092));
#12254=CARTESIAN_POINT('',(0.0555,0.01,0.016));
#12255=CARTESIAN_POINT('',(0.068,0.0128160056179763,0.016));
#12256=CARTESIAN_POINT('',(0.068,0.0136172621772051,0.016));
#12257=CARTESIAN_POINT('',(0.0678544551776148,0.0151905367092087,0.016));
#12258=CARTESIAN_POINT('',(0.0670241935342437,0.0174743172902978,0.016));
#12259=CARTESIAN_POINT('',(0.0653957344151608,0.0193266925341101,0.016));
#12260=CARTESIAN_POINT('',(0.0638105255698716,0.0198557296516648,0.016));
#12261=CARTESIAN_POINT('',(0.063,0.0198557296516648,0.016));
#12262=CARTESIAN_POINT('',(0.043,0.01,0.016));
#12263=CARTESIAN_POINT('',(0.04845,0.01,-0.0107));
#12264=CARTESIAN_POINT('',(0.04845,0.004,-0.0107));
#12265=CARTESIAN_POINT('',(0.04845,0.004,-0.0122));
#12266=CARTESIAN_POINT('',(0.0555,0.,0.));
#12267=CARTESIAN_POINT('',(0.0661,0.,-3.67761376907082E-19));
#12268=CARTESIAN_POINT('',(0.0661,0.,0.008375));
#12269=CARTESIAN_POINT('',(0.0661,0.,-3.67761376907082E-19));
#12270=CARTESIAN_POINT('',(0.0555,0.,0.));
#12271=CARTESIAN_POINT('',(0.06081835,0.,-1.84517331969225E-19));
#12272=CARTESIAN_POINT('',(0.0539,0.,0.008375));
#12273=CARTESIAN_POINT('',(0.0539,0.,5.5511151231258E-20));
#12274=CARTESIAN_POINT('',(0.0555,0.,0.));
#12275=CARTESIAN_POINT('',(0.0248914195237658,0.0199748425116675,-0.0174998384544003));
#12276=CARTESIAN_POINT('',(0.024891443987856,-2.21783404072418E-8,-0.0174998384544003));
#12277=CARTESIAN_POINT('',(0.0309959947551052,0.0199748499882077,-0.0175179161841877));
#12278=CARTESIAN_POINT('',(0.0309960192191954,-1.47018001973864E-8,-0.0175179161841877));
#12279=CARTESIAN_POINT('',(0.0369957086421065,0.0199748573363197,-0.0159820517109928));
#12280=CARTESIAN_POINT('',(0.0369957331061967,-7.35368822779581E-9,-0.0159820517109928));
#12281=CARTESIAN_POINT('',(0.0431087166201301,0.0199748648231879,-0.0160001618528682));
#12282=CARTESIAN_POINT('',(0.0431087410842203,1.33179949707296E-10,-0.0160001618528682));
#12283=CARTESIAN_POINT('',(0.0250000143907658,-2.20453694814667E-8,0.0175));
#12284=CARTESIAN_POINT('',(0.0249999899266756,0.0199748426446121,0.0175));
#12285=CARTESIAN_POINT('',(0.0310673857782278,-1.46143944246034E-8,0.0174999998074889));
#12286=CARTESIAN_POINT('',(0.0310673613141375,0.0199748500755872,0.0174999998074889));
#12287=CARTESIAN_POINT('',(0.0370319762365014,-7.30929968252575E-9,0.0159821590833755));
#12288=CARTESIAN_POINT('',(0.0370319517724112,0.0199748573806819,0.0159821590833755));
#12289=CARTESIAN_POINT('',(0.0431087410842203,1.33179959678869E-10,0.0160001618528682));
#12290=CARTESIAN_POINT('',(0.0431087166201301,0.0199748648231616,0.0160001618528682));
#12291=CARTESIAN_POINT('',(0.025,0.0151486184954957,0.0175));
#12292=CARTESIAN_POINT('',(0.,0.0151486184954957,0.0175));
#12293=CARTESIAN_POINT('',(-0.068,0.01,0.0115));
#12294=CARTESIAN_POINT('',(-0.068,0.01,0.016));
#12295=CARTESIAN_POINT('',(-0.068,0.0128160056179763,0.016));
#12296=CARTESIAN_POINT('',(-0.068,0.,0.016));
#12297=CARTESIAN_POINT('',(-0.068,1.56125112837912E-17,-1.7347234759768E-18));
#12298=CARTESIAN_POINT('',(-0.068,0.0128160056179763,-0.016));
#12299=CARTESIAN_POINT('',(-0.068,0.01,-0.016));
#12300=CARTESIAN_POINT('',(-0.068,0.,-0.016));
#12301=CARTESIAN_POINT('',(-0.068,0.,0.0115));
#12302=CARTESIAN_POINT('',(-0.068,0.,-0.007));
#12303=CARTESIAN_POINT('',(-0.068,0.,-4.33680868994202E-19));
#12304=CARTESIAN_POINT('',(-0.068,0.,0.007));
#12305=CARTESIAN_POINT('',(-0.068,0.,0.0115));
#12306=CARTESIAN_POINT('',(-0.0555,0.,0.));
#12307=CARTESIAN_POINT('',(-0.04845,0.,0.0107));
#12308=CARTESIAN_POINT('',(-0.04845,0.,0.0092));
#12309=CARTESIAN_POINT('',(-0.0539,0.,5.55111512312577E-20));
#12310=CARTESIAN_POINT('',(-0.0539,0.,0.007));
#12311=CARTESIAN_POINT('',(-0.0539,0.,0.00975));
#12312=CARTESIAN_POINT('',(-0.0555,0.,0.007));
#12313=CARTESIAN_POINT('',(-0.043,8.67361737988404E-19,0.0160000000000012));
#12314=CARTESIAN_POINT('',(-0.0429866635338563,8.67361737988404E-19,0.0160000000048855));
#12315=CARTESIAN_POINT('',(-0.0429733270717904,-1.73472347597681E-18,0.0160000073870749));
#12316=CARTESIAN_POINT('',(-0.0429599906137849,-1.73472347597681E-18,0.0160000221151228));
#12317=CARTESIAN_POINT('',(-0.043,0.,0.016));
#12318=CARTESIAN_POINT('',(-0.0555,0.,0.016));
#12319=CARTESIAN_POINT('',(-0.0555,0.,0.007));
#12320=CARTESIAN_POINT('',(-0.0661,0.,0.007));
#12321=CARTESIAN_POINT('',(-0.0661,0.,-3.67761376907083E-19));
#12322=CARTESIAN_POINT('',(-0.06081835,0.,0.));
#12323=CARTESIAN_POINT('',(-0.06081835,0.,0.00968908417821103));
#12324=CARTESIAN_POINT('',(-0.06,0.,0.0108249993499998));
#12325=CARTESIAN_POINT('',(-0.05918165,0.,0.00968908417821103));
#12326=CARTESIAN_POINT('',(-0.05918165,0.,0.));
#12327=CARTESIAN_POINT('',(-0.05918165,0.,0.00975));
#12328=CARTESIAN_POINT('',(-0.0555,0.,0.00975));
#12329=CARTESIAN_POINT('',(-0.0555,0.,0.));
#12330=CARTESIAN_POINT('',(-0.04845,0.,-0.0107));
#12331=CARTESIAN_POINT('',(-0.04845,0.,-0.0122));
#12332=CARTESIAN_POINT('',(-0.0555,0.,-0.016));
#12333=CARTESIAN_POINT('',(-0.043,0.,-0.016));
#12334=CARTESIAN_POINT('',(-0.043,-8.67361737988404E-19,-0.0160000000000012));
#12335=CARTESIAN_POINT('',(-0.0429866635379374,-8.67361737988404E-19,-0.0160000000048855));
#12336=CARTESIAN_POINT('',(-0.0429733270799526,0.,-0.0160000073870704));
#12337=CARTESIAN_POINT('',(-0.0429599906260282,0.,-0.0160000221151093));
#12338=CARTESIAN_POINT('',(-0.0555,0.,-0.007));
#12339=CARTESIAN_POINT('',(-0.0539,0.,-0.007));
#12340=CARTESIAN_POINT('',(-0.0539,0.,5.55111512312577E-20));
#12341=CARTESIAN_POINT('',(-0.0539,0.,-0.00975));
#12342=CARTESIAN_POINT('',(-0.0555,0.,-0.00975));
#12343=CARTESIAN_POINT('',(-0.05918165,0.,-0.00975));
#12344=CARTESIAN_POINT('',(-0.05918165,0.,-0.009625));
#12345=CARTESIAN_POINT('',(-0.05918165,0.,-0.00968908417821103));
#12346=CARTESIAN_POINT('',(-0.06,0.,-0.0108249993499998));
#12347=CARTESIAN_POINT('',(-0.06081835,0.,-0.00968908417821103));
#12348=CARTESIAN_POINT('',(-0.06081835,0.,-0.009625));
#12349=CARTESIAN_POINT('',(-0.0661,0.,-3.67761376907083E-19));
#12350=CARTESIAN_POINT('',(-0.0661,0.,-0.007));
#12351=CARTESIAN_POINT('',(-0.0555,0.,-0.007));
#12352=CARTESIAN_POINT('',(-0.0555,0.01,-0.016));
#12353=CARTESIAN_POINT('',(-0.068,0.0128160056179763,-0.016));
#12354=CARTESIAN_POINT('',(-0.068,0.0136172621772051,-0.016));
#12355=CARTESIAN_POINT('',(-0.0678544551776148,0.0151905367092087,-0.016));
#12356=CARTESIAN_POINT('',(-0.0670241935342437,0.0174743172902978,-0.016));
#12357=CARTESIAN_POINT('',(-0.0653957344151608,0.0193266925341101,-0.016));
#12358=CARTESIAN_POINT('',(-0.0638105255698716,0.0198557296516648,-0.016));
#12359=CARTESIAN_POINT('',(-0.063,0.0198557296516648,-0.016));
#12360=CARTESIAN_POINT('',(-0.043,0.01,-0.016));
#12361=CARTESIAN_POINT('',(-0.04845,0.01,0.0107));
#12362=CARTESIAN_POINT('',(-0.04845,0.004,0.0107));
#12363=CARTESIAN_POINT('',(-0.04845,0.004,0.0092));
#12364=CARTESIAN_POINT('',(-0.0555,0.01,0.016));
#12365=CARTESIAN_POINT('',(-0.063,0.0198557296516648,0.016));
#12366=CARTESIAN_POINT('',(-0.0638092979245355,0.0198557296516648,0.016));
#12367=CARTESIAN_POINT('',(-0.0653816169879505,0.0193354765476902,0.016));
#12368=CARTESIAN_POINT('',(-0.0670226146040548,0.0174785806950636,0.016));
#12369=CARTESIAN_POINT('',(-0.0678515829375465,0.015203879691133,0.016));
#12370=CARTESIAN_POINT('',(-0.068,0.0136176729296562,0.016));
#12371=CARTESIAN_POINT('',(-0.068,0.0128160056179763,0.016));
#12372=CARTESIAN_POINT('',(-0.043,0.01,0.016));
#12373=CARTESIAN_POINT('',(-0.04845,0.01,-0.0107));
#12374=CARTESIAN_POINT('',(-0.04845,0.004,-0.0107));
#12375=CARTESIAN_POINT('',(-0.04845,0.004,-0.0122));
#12376=CARTESIAN_POINT('',(-0.0555,0.,0.));
#12377=CARTESIAN_POINT('',(-0.0539,0.,5.5511151231258E-20));
#12378=CARTESIAN_POINT('',(-0.0539,0.,0.008375));
#12379=CARTESIAN_POINT('',(-0.0539,0.,5.5511151231258E-20));
#12380=CARTESIAN_POINT('',(-0.0555,0.,0.));
#12381=CARTESIAN_POINT('',(-0.05918165,0.,-1.277328937066E-19));
#12382=CARTESIAN_POINT('',(-0.0661,0.,0.008375));
#12383=CARTESIAN_POINT('',(-0.0661,0.,-3.67761376907082E-19));
#12384=CARTESIAN_POINT('',(-0.0555,0.,0.));
#12385=CARTESIAN_POINT('',(-0.0248914195237658,0.0199748425116675,0.0174998384544003));
#12386=CARTESIAN_POINT('',(-0.024891443987856,-2.21783404003029E-8,0.0174998384544003));
#12387=CARTESIAN_POINT('',(-0.0309959947551051,0.0199748499882077,0.0175179161841878));
#12388=CARTESIAN_POINT('',(-0.0309960192191954,-1.47018001557531E-8,0.0175179161841878));
#12389=CARTESIAN_POINT('',(-0.0369957086421065,0.0199748573363197,0.0159820517109928));
#12390=CARTESIAN_POINT('',(-0.0369957331061967,-7.35368821738747E-9,0.0159820517109928));
#12391=CARTESIAN_POINT('',(-0.0431087166201301,0.0199748648231878,0.0160001618528682));
#12392=CARTESIAN_POINT('',(-0.0431087410842203,1.33179960115637E-10,0.0160001618528682));
#12393=CARTESIAN_POINT('',(-0.025,0.0151486184954957,0.0175));
#12394=CARTESIAN_POINT('',(-0.024891443987856,-2.21783404071192E-8,-0.0174998384544003));
#12395=CARTESIAN_POINT('',(-0.0248914195237658,0.0199748425116412,-0.0174998384544003));
#12396=CARTESIAN_POINT('',(-0.0309960192191953,-1.47018001792987E-8,-0.0175179161841877));
#12397=CARTESIAN_POINT('',(-0.0309959947551051,0.0199748499881815,-0.0175179161841877));
#12398=CARTESIAN_POINT('',(-0.0369957331061968,-7.35368823449585E-9,-0.0159820517109928));
#12399=CARTESIAN_POINT('',(-0.0369957086421066,0.0199748573362934,-0.0159820517109928));
#12400=CARTESIAN_POINT('',(-0.0431087410842203,1.33179958022226E-10,-0.0160001618528682));
#12401=CARTESIAN_POINT('',(-0.0431087166201301,0.0199748648231616,-0.0160001618528682));
#12402=CARTESIAN_POINT('',(0.,0.0151486184954957,0.0175));
#12403=CARTESIAN_POINT('',(-0.04845,0.188466868256865,-0.0107));
#12404=CARTESIAN_POINT('',(-0.04845,0.004,-0.0107));
#12405=CARTESIAN_POINT('',(-0.04845,0.004,-0.0137));
#12406=CARTESIAN_POINT('',(-0.0555,0.004,0.00115));
#12407=CARTESIAN_POINT('',(-0.04845,0.188466868256865,0.0107));
#12408=CARTESIAN_POINT('',(-0.04845,0.004,0.0107));
#12409=CARTESIAN_POINT('',(-0.04845,0.004,0.0077));
#12410=CARTESIAN_POINT('',(-0.0555,0.004,0.00115));
#12411=CARTESIAN_POINT('',(-0.05918165,1.17872254417933E-18,-0.009625));
#12412=CARTESIAN_POINT('',(-0.05918165,0.,0.));
#12413=CARTESIAN_POINT('',(-0.06081835,1.17872254417933E-18,-0.009625));
#12414=CARTESIAN_POINT('',(-0.06081835,0.,0.));
#12415=CARTESIAN_POINT('',(-0.06,0.,0.));
#12416=CARTESIAN_POINT('',(-0.028,0.03,0.0143415673115863));
#12417=CARTESIAN_POINT('',(-0.028,0.03,-0.0143415673115863));
#12418=CARTESIAN_POINT('',(0.04845,0.188466868256865,0.0107));
#12419=CARTESIAN_POINT('',(0.04845,0.004,0.0107));
#12420=CARTESIAN_POINT('',(0.04845,0.004,0.0077));
#12421=CARTESIAN_POINT('',(0.0555,0.004,0.00115));
#12422=CARTESIAN_POINT('',(0.0555,0.004,0.00115));
#12423=CARTESIAN_POINT('',(0.04845,0.004,-0.0107));
#12424=CARTESIAN_POINT('',(0.04845,0.004,-0.0137));
#12425=CARTESIAN_POINT('',(0.04845,0.188466868256865,-0.0107));
#12426=CARTESIAN_POINT('',(0.05918165,1.17872254417933E-18,-0.009625));
#12427=CARTESIAN_POINT('',(0.05918165,0.,0.));
#12428=CARTESIAN_POINT('',(0.06081835,1.17872254417933E-18,-0.009625));
#12429=CARTESIAN_POINT('',(0.06081835,0.,0.));
#12430=CARTESIAN_POINT('',(0.06,0.,0.));
#12431=CARTESIAN_POINT('',(0.028,0.03,0.0143415673115863));
#12432=CARTESIAN_POINT('',(0.028,0.03,-0.0143415673115863));
#12433=CARTESIAN_POINT('',(-0.063,1.56125112837912E-17,-1.7347234759768E-18));
#12434=CARTESIAN_POINT('',(0.063,1.56125112837912E-17,-1.7347234759768E-18));
#12435=CARTESIAN_POINT('',(-0.04,1.40933617535122E-18,0.0096));
#12436=CARTESIAN_POINT('',(-0.04,1.40933617535122E-18,0.));
#12437=CARTESIAN_POINT('',(-0.0200624782592058,1.40933617535122E-18,0.));
#12438=CARTESIAN_POINT('',(-0.03675,1.40933617535122E-18,0.01195));
#12439=CARTESIAN_POINT('',(-0.03675,1.40933617535122E-18,0.));
#12440=CARTESIAN_POINT('',(-0.03675,0.0125276248873805,-0.00554514334179782));
#12441=CARTESIAN_POINT('',(-0.03675,0.0125276248526469,0.0055451434202683));
#12442=CARTESIAN_POINT('',(-0.03675,0.0125276248526469,0.0055451434202683));
#12443=CARTESIAN_POINT('',(-0.03675,0.012527626136264,0.00184838116624633));
#12444=CARTESIAN_POINT('',(-0.03675,0.0125276262482456,-0.00184838108777591));
#12445=CARTESIAN_POINT('',(-0.03675,0.0125276248873805,-0.00554514334179782));
#12446=CARTESIAN_POINT('',(-0.0200624782592058,1.40933617535122E-18,0.));
#12447=CARTESIAN_POINT('',(-0.0296930323446124,0.011455306418003,-0.00751438319954652));
#12448=CARTESIAN_POINT('',(-0.0300768160273718,0.0114121580349701,-0.00758016078048127));
#12449=CARTESIAN_POINT('',(-0.0308731347452296,0.0115499329210174,-0.00737935047281667));
#12450=CARTESIAN_POINT('',(-0.0315615818279219,0.0120528777639126,-0.00654278527113593));
#12451=CARTESIAN_POINT('',(-0.0319333083030227,0.0125367919772216,-0.0055622311547669));
#12452=CARTESIAN_POINT('',(-0.0321871490822193,0.0130974306764796,-0.00414351593520347));
#12453=CARTESIAN_POINT('',(-0.032251574875132,0.0135707399402604,-0.0023003256099022));
#12454=CARTESIAN_POINT('',(-0.0322487607422098,0.0137648315151015,1.5036549318844E-5));
#12455=CARTESIAN_POINT('',(-0.032251199256736,0.0135699159981546,0.00229457972047263));
#12456=CARTESIAN_POINT('',(-0.0321883118694676,0.0130997777214242,0.00413820104626796));
#12457=CARTESIAN_POINT('',(-0.0319324132094539,0.0125357661131032,0.00556420547923992));
#12458=CARTESIAN_POINT('',(-0.0315652941040121,0.0120567323197818,0.00653554723736567));
#12459=CARTESIAN_POINT('',(-0.0308749584436088,0.0115501058786619,0.0073793929160142));
#12460=CARTESIAN_POINT('',(-0.0300774777344415,0.0114120836467083,0.00758027418186558));
#12461=CARTESIAN_POINT('',(-0.0296930323441767,0.0114553064257155,0.00751438318779142));
#12462=CARTESIAN_POINT('',(-0.038811790691017,0.0102399927749999,0.00910123881501212));
#12463=CARTESIAN_POINT('',(-0.0383850986786506,0.0102844238946271,0.00905124843972199));
#12464=CARTESIAN_POINT('',(-0.0376370780378989,0.0106124947679223,0.00868319285433321));
#12465=CARTESIAN_POINT('',(-0.0370445861551737,0.0113140017556509,0.00775841908650619));
#12466=CARTESIAN_POINT('',(-0.0367881865035208,0.0119736893095209,0.00669732159022598));
#12467=CARTESIAN_POINT('',(-0.03675,0.0123551156739625,0.00593487730276754));
#12468=CARTESIAN_POINT('',(-0.03675,0.0125276248526469,0.0055451434202683));
#12469=CARTESIAN_POINT('',(-0.03675,0.0125276248873805,-0.00554514334179782));
#12470=CARTESIAN_POINT('',(-0.03675,0.0123553024711259,-0.00593445529596365));
#12471=CARTESIAN_POINT('',(-0.03678719751691,0.0119788977219991,-0.00668759098963771));
#12472=CARTESIAN_POINT('',(-0.0370424176925796,0.0113176380392634,-0.00775345710415705));
#12473=CARTESIAN_POINT('',(-0.0376328634481709,0.0106149515929902,-0.00868029048935408));
#12474=CARTESIAN_POINT('',(-0.0383847712924912,0.0102844579851026,-0.00905121008382377));
#12475=CARTESIAN_POINT('',(-0.0388117906910171,0.0102399927749999,-0.00910123881501579));
#12476=CARTESIAN_POINT('',(0.04,1.40933617535122E-18,0.0096));
#12477=CARTESIAN_POINT('',(0.04,1.40933617535122E-18,0.));
#12478=CARTESIAN_POINT('',(0.0200624782592058,1.40933617535122E-18,0.));
#12479=CARTESIAN_POINT('',(0.03675,1.40933617535122E-18,0.01195));
#12480=CARTESIAN_POINT('',(0.03675,1.40933617535122E-18,0.));
#12481=CARTESIAN_POINT('',(0.03675,0.0125276248526469,-0.00554514342026831));
#12482=CARTESIAN_POINT('',(0.03675,0.0125276248873806,0.0055451433417975));
#12483=CARTESIAN_POINT('',(0.03675,0.0125276248526469,-0.00554514342026831));
#12484=CARTESIAN_POINT('',(0.03675,0.012527626136264,-0.00184838116624644));
#12485=CARTESIAN_POINT('',(0.03675,0.0125276262482456,0.00184838108777564));
#12486=CARTESIAN_POINT('',(0.03675,0.0125276248873805,0.00554514334179744));
#12487=CARTESIAN_POINT('',(0.0200624782592058,1.40933617535122E-18,0.));
#12488=CARTESIAN_POINT('',(0.0296930323446124,0.011455306418003,0.00751438319954652));
#12489=CARTESIAN_POINT('',(0.0300768160273718,0.0114121580349701,0.00758016078048128));
#12490=CARTESIAN_POINT('',(0.0308731347452296,0.0115499329210174,0.00737935047281669));
#12491=CARTESIAN_POINT('',(0.0315615818279219,0.0120528777639126,0.00654278527113593));
#12492=CARTESIAN_POINT('',(0.0319333083030227,0.0125367919772216,0.0055622311547669));
#12493=CARTESIAN_POINT('',(0.0321871490822193,0.0130974306764796,0.00414351593520348));
#12494=CARTESIAN_POINT('',(0.032251574875132,0.0135707399402604,0.0023003256099022));
#12495=CARTESIAN_POINT('',(0.0322487607422098,0.0137648315151015,-1.50365493188348E-5));
#12496=CARTESIAN_POINT('',(0.032251199256736,0.0135699159981546,-0.00229457972047262));
#12497=CARTESIAN_POINT('',(0.0321883118694676,0.0130997777214242,-0.00413820104626796));
#12498=CARTESIAN_POINT('',(0.0319324132094539,0.0125357661131032,-0.00556420547923992));
#12499=CARTESIAN_POINT('',(0.0315652941040122,0.0120567323197818,-0.00653554723736568));
#12500=CARTESIAN_POINT('',(0.0308749584436088,0.0115501058786619,-0.0073793929160142));
#12501=CARTESIAN_POINT('',(0.0300774777344415,0.0114120836467083,-0.00758027418186558));
#12502=CARTESIAN_POINT('',(0.0296930323441767,0.0114553064257155,-0.00751438318779142));
#12503=CARTESIAN_POINT('',(0.038811790691017,0.0102399927749999,-0.00910123881501579));
#12504=CARTESIAN_POINT('',(0.0383850986786498,0.0102844238946272,-0.00905124843972559));
#12505=CARTESIAN_POINT('',(0.0376370780379001,0.0106124947679217,-0.0086831928543322));
#12506=CARTESIAN_POINT('',(0.0370445861551736,0.0113140017556507,-0.00775841908650701));
#12507=CARTESIAN_POINT('',(0.0367881865035209,0.0119736893095208,-0.00669732159022616));
#12508=CARTESIAN_POINT('',(0.03675,0.0123551156739624,-0.00593487730276762));
#12509=CARTESIAN_POINT('',(0.03675,0.0125276248526469,-0.00554514342026831));
#12510=CARTESIAN_POINT('',(0.03675,0.0125276248873805,0.00554514334179744));
#12511=CARTESIAN_POINT('',(0.03675,0.0123553024711259,0.00593445529596329));
#12512=CARTESIAN_POINT('',(0.03678719751691,0.0119788977219993,0.00668759098963752));
#12513=CARTESIAN_POINT('',(0.0370424176925795,0.0113176380392634,0.00775345710415693));
#12514=CARTESIAN_POINT('',(0.0376328634481708,0.0106149515929903,0.00868029048935402));
#12515=CARTESIAN_POINT('',(0.0383847712924912,0.0102844579851026,0.00905121008382376));
#12516=CARTESIAN_POINT('',(0.038811790691017,0.0102399927749999,0.00910123881501579));
#12517=CARTESIAN_POINT('',(0.0322499301118655,0.0137229766384381,-0.00762781982891609));
#12518=CARTESIAN_POINT('',(0.032230028106298,0.0111700746470315,-0.0076278205704864));
#12519=CARTESIAN_POINT('',(0.029693032347292,0.0114553064586161,-0.00762782048763189));
#12520=CARTESIAN_POINT('',(0.0322499301118582,0.0137229751602315,-0.00254066034133437));
#12521=CARTESIAN_POINT('',(0.0322300281040534,0.0111700730145083,-0.00254066152888949));
#12522=CARTESIAN_POINT('',(0.0296930322098431,0.0114553049963447,-0.00254066154744929));
#12523=CARTESIAN_POINT('',(0.0322499301118646,0.0137229750975311,0.00254649916696363));
#12524=CARTESIAN_POINT('',(0.0322300281049551,0.011170072951198,0.00254650050515728));
#12525=CARTESIAN_POINT('',(0.0296930322085142,0.0114553049338035,0.00254650050855865));
#12526=CARTESIAN_POINT('',(0.0322499301118656,0.0137229766339347,0.00763365865383368));
#12527=CARTESIAN_POINT('',(0.0322300281063063,0.0111700746432574,0.00763365942460309));
#12528=CARTESIAN_POINT('',(0.0296930323479438,0.011455306454037,0.00763365933848621));
#12529=CARTESIAN_POINT('',(0.03675,0.012527623932182,0.00921045376839806));
#12530=CARTESIAN_POINT('',(0.03675,0.0104546854800992,0.00921045373221101));
#12531=CARTESIAN_POINT('',(0.0388117906942895,0.0102399927716421,0.00921045372846314));
#12532=CARTESIAN_POINT('',(0.03675,0.0125276240393703,0.00307015125608932));
#12533=CARTESIAN_POINT('',(0.0367499999971574,0.0104546857378501,0.00307014906176508));
#12534=CARTESIAN_POINT('',(0.0388117905281232,0.0102399928961355,0.00307014861296289));
#12535=CARTESIAN_POINT('',(0.03675,0.0125276240393916,-0.00307015125609471));
#12536=CARTESIAN_POINT('',(0.0367499999980347,0.0104546857381811,-0.00307014906184902));
#12537=CARTESIAN_POINT('',(0.0388117905282874,0.0102399928961184,-0.0030701486128671));
#12538=CARTESIAN_POINT('',(0.03675,0.012527623932182,-0.00921045376839812));
#12539=CARTESIAN_POINT('',(0.03675,0.0104546854800992,-0.00921045373221108));
#12540=CARTESIAN_POINT('',(0.0388117906942895,0.0102399927716421,-0.00921045372846322));
#12541=CARTESIAN_POINT('',(-0.03675,0.012527623932182,-0.00921045376839803));
#12542=CARTESIAN_POINT('',(-0.03675,0.0104546854800992,-0.00921045373221098));
#12543=CARTESIAN_POINT('',(-0.0388117906942895,0.0102399927716421,-0.00921045372846312));
#12544=CARTESIAN_POINT('',(-0.03675,0.0125276240394129,-0.00307015125613849));
#12545=CARTESIAN_POINT('',(-0.0367499999989305,0.0104546857384607,-0.00307014906217218));
#12546=CARTESIAN_POINT('',(-0.0388117905283679,0.01023999289611,-0.00307014861300674));
#12547=CARTESIAN_POINT('',(-0.03675,0.0125276240394129,0.00307015125633188));
#12548=CARTESIAN_POINT('',(-0.0367499999985113,0.0104546857383734,0.00307014906215865));
#12549=CARTESIAN_POINT('',(-0.0388117905281799,0.0102399928961296,0.0030701486130297));
#12550=CARTESIAN_POINT('',(-0.03675,0.012527623932182,0.00921045376839436));
#12551=CARTESIAN_POINT('',(-0.03675,0.0104546854800992,0.00921045373220732));
#12552=CARTESIAN_POINT('',(-0.0388117906942895,0.0102399927716421,0.00921045372845945));
#12553=CARTESIAN_POINT('',(-0.0322499301118656,0.0137229766384381,0.00762781982891611));
#12554=CARTESIAN_POINT('',(-0.032230028106298,0.0111700746470315,0.00762782057048641));
#12555=CARTESIAN_POINT('',(-0.029693032347292,0.0114553064586161,0.00762782048763191));
#12556=CARTESIAN_POINT('',(-0.0322499301118592,0.0137229751602236,0.00254066034132403));
#12557=CARTESIAN_POINT('',(-0.0322300281041937,0.0111700730146453,0.00254066152897399));
#12558=CARTESIAN_POINT('',(-0.0296930322098194,0.0114553049963474,0.00254066154743828));
#12559=CARTESIAN_POINT('',(-0.0322499301118647,0.0137229750974955,-0.00254649916699866));
#12560=CARTESIAN_POINT('',(-0.0322300281049568,0.0111700729511121,-0.00254650050515643));
#12561=CARTESIAN_POINT('',(-0.0296930322086294,0.0114553049337905,-0.00254650050859835));
#12562=CARTESIAN_POINT('',(-0.0322499301118656,0.0137229766339347,-0.00763365865383367));
#12563=CARTESIAN_POINT('',(-0.0322300281063063,0.0111700746432574,-0.00763365942460308));
#12564=CARTESIAN_POINT('',(-0.0296930323479438,0.011455306454037,-0.0076336593384862));
#12565=MECHANICAL_DESIGN_GEOMETRIC_PRESENTATION_REPRESENTATION('',(#5361),
#12567);
#12566=MECHANICAL_DESIGN_GEOMETRIC_PRESENTATION_REPRESENTATION('',(#5362),
#12568);
#12567=(
GEOMETRIC_REPRESENTATION_CONTEXT(3)
GLOBAL_UNCERTAINTY_ASSIGNED_CONTEXT((#12569))
GLOBAL_UNIT_ASSIGNED_CONTEXT((#12575,#12573,#12571))
REPRESENTATION_CONTEXT('Mount Front','TOP_LEVEL_ASSEMBLY_PART')
);
#12568=(
GEOMETRIC_REPRESENTATION_CONTEXT(3)
GLOBAL_UNCERTAINTY_ASSIGNED_CONTEXT((#12570))
GLOBAL_UNIT_ASSIGNED_CONTEXT((#12576,#12574,#12572))
REPRESENTATION_CONTEXT('Mount Back','TOP_LEVEL_ASSEMBLY_PART')
);
#12569=UNCERTAINTY_MEASURE_WITH_UNIT(LENGTH_MEASURE(2.10692168762488E-5),
#12575,'DISTANCE_ACCURACY_VALUE','Maximum Tolerance applied to model');
#12570=UNCERTAINTY_MEASURE_WITH_UNIT(LENGTH_MEASURE(2.2380764098741E-5),
#12576,'DISTANCE_ACCURACY_VALUE','Maximum Tolerance applied to model');
#12571=(
NAMED_UNIT(*)
SI_UNIT($,.STERADIAN.)
SOLID_ANGLE_UNIT()
);
#12572=(
NAMED_UNIT(*)
SI_UNIT($,.STERADIAN.)
SOLID_ANGLE_UNIT()
);
#12573=(
NAMED_UNIT(*)
PLANE_ANGLE_UNIT()
SI_UNIT($,.RADIAN.)
);
#12574=(
NAMED_UNIT(*)
PLANE_ANGLE_UNIT()
SI_UNIT($,.RADIAN.)
);
#12575=(
LENGTH_UNIT()
NAMED_UNIT(*)
SI_UNIT($,.METRE.)
);
#12576=(
LENGTH_UNIT()
NAMED_UNIT(*)
SI_UNIT($,.METRE.)
);
#12577=PRODUCT_DEFINITION_SHAPE('','',#12579);
#12578=PRODUCT_DEFINITION_SHAPE('','',#12580);
#12579=PRODUCT_DEFINITION('','',#12583,#12581);
#12580=PRODUCT_DEFINITION('','',#12584,#12582);
#12581=PRODUCT_DEFINITION_CONTEXT('',#12595,'design');
#12582=PRODUCT_DEFINITION_CONTEXT('',#12596,'design');
#12583=PRODUCT_DEFINITION_FORMATION_WITH_SPECIFIED_SOURCE('','',#12587,
 .NOT_KNOWN.);
#12584=PRODUCT_DEFINITION_FORMATION_WITH_SPECIFIED_SOURCE('','',#12588,
 .NOT_KNOWN.);
#12585=PRODUCT_RELATED_PRODUCT_CATEGORY('','',(#12587));
#12586=PRODUCT_RELATED_PRODUCT_CATEGORY('','',(#12588));
#12587=PRODUCT('Mount Front','Mount Front','Mount Front',(#12591));
#12588=PRODUCT('Mount Back','Mount Back','Mount Back',(#12592));
#12589=PRODUCT_CATEGORY('','');
#12590=PRODUCT_CATEGORY('','');
#12591=PRODUCT_CONTEXT('',#12595,'mechanical');
#12592=PRODUCT_CONTEXT('',#12596,'mechanical');
#12593=APPLICATION_PROTOCOL_DEFINITION('international standard',
'automotive_design',2010,#12595);
#12594=APPLICATION_PROTOCOL_DEFINITION('international standard',
'automotive_design',2010,#12596);
#12595=APPLICATION_CONTEXT(
'core data for automotive mechanical design processes');
#12596=APPLICATION_CONTEXT(
'core data for automotive mechanical design processes');
ENDSEC;
END-ISO-10303-21;
