ISO-10303-21;
HEADER;
/* Generated by software containing ST-Developer
 * from STEP Tools, Inc. (www.steptools.com) 
 */
/* OPTION: using custom renumber hook */

FILE_DESCRIPTION(
/* description */ ('STEP AP214',
'CAx-IF Rec.Pracs.---User Defined Attributes---1.5---2016-08-15'),
/* implementation_level */ '2;1');

FILE_NAME(
/* name */ '6a7bfb1de5d6ddc0b13a3a3f',
/* time_stamp */ '2026-08-12T04:48:30Z',
/* author */ (''),
/* organization */ (''),
/* preprocessor_version */ 'ST-DEVELOPER v20',
/* originating_system */ 'ONSHAPE BY PTC INC, 1.219',
/* authorisation */ '  ');

FILE_SCHEMA (('AUTOMOTIVE_DESIGN {1 0 10303 214 3 1 1}'));
ENDSEC;

DATA;
#10=PROPERTY_DEFINITION_REPRESENTATION(#14,#12);
#11=PROPERTY_DEFINITION_REPRESENTATION(#15,#13);
#12=REPRESENTATION('',(#16),#7384);
#13=REPRESENTATION('',(#17),#7384);
#14=PROPERTY_DEFINITION('pmi validation property','',#7404);
#15=PROPERTY_DEFINITION('pmi validation property','',#7404);
#16=VALUE_REPRESENTATION_ITEM('number of annotations',COUNT_MEASURE(0.));
#17=VALUE_REPRESENTATION_ITEM('number of views',COUNT_MEASURE(0.));
#18=CONICAL_SURFACE('',#3584,0.0031,0.643501108793284);
#19=CONICAL_SURFACE('',#3585,0.00305,0.643501108793284);
#20=CONICAL_SURFACE('',#3586,0.0016,0.643501108793284);
#21=CONICAL_SURFACE('',#3587,0.00155,0.927295218001612);
#22=SHAPE_REPRESENTATION_RELATIONSHIP('','',#3288,#26);
#23=SHAPE_REPRESENTATION_RELATIONSHIP('','',#3289,#27);
#24=SHAPE_REPRESENTATION_RELATIONSHIP('','',#3290,#28);
#25=SHAPE_REPRESENTATION_RELATIONSHIP('','',#3291,#29);
#26=ADVANCED_BREP_SHAPE_REPRESENTATION('',(#3280),#7381);
#27=ADVANCED_BREP_SHAPE_REPRESENTATION('',(#3281),#7382);
#28=ADVANCED_BREP_SHAPE_REPRESENTATION('',(#3282),#7383);
#29=ADVANCED_BREP_SHAPE_REPRESENTATION('',(#3283),#7384);
#30=B_SPLINE_SURFACE_WITH_KNOTS('',3,1,((#5039,#5040),(#5041,#5042),(#5043,
#5044),(#5045,#5046),(#5047,#5048)),.SURF_OF_LINEAR_EXTRUSION.,.F.,.F.,
 .F.,(4,1,4),(2,2),(5.93379437029585,6.28318530717959,6.63257624406332),
(0.,1.),.UNSPECIFIED.);
#31=B_SPLINE_SURFACE_WITH_KNOTS('',3,3,((#5641,#5642,#5643,#5644),(#5645,
#5646,#5647,#5648),(#5649,#5650,#5651,#5652),(#5653,#5654,#5655,#5656),
(#5657,#5658,#5659,#5660),(#5661,#5662,#5663,#5664),(#5665,#5666,#5667,
#5668),(#5669,#5670,#5671,#5672),(#5673,#5674,#5675,#5676),(#5677,#5678,
#5679,#5680),(#5681,#5682,#5683,#5684),(#5685,#5686,#5687,#5688),(#5689,
#5690,#5691,#5692),(#5693,#5694,#5695,#5696),(#5697,#5698,#5699,#5700),
(#5701,#5702,#5703,#5704),(#5705,#5706,#5707,#5708),(#5709,#5710,#5711,
#5712),(#5713,#5714,#5715,#5716),(#5717,#5718,#5719,#5720),(#5721,#5722,
#5723,#5724),(#5725,#5726,#5727,#5728),(#5729,#5730,#5731,#5732),(#5733,
#5734,#5735,#5736),(#5737,#5738,#5739,#5740),(#5741,#5742,#5743,#5744),
(#5745,#5746,#5747,#5748),(#5749,#5750,#5751,#5752),(#5753,#5754,#5755,
#5756),(#5757,#5758,#5759,#5760),(#5761,#5762,#5763,#5764),(#5765,#5766,
#5767,#5768),(#5769,#5770,#5771,#5772),(#5773,#5774,#5775,#5776),(#5777,
#5778,#5779,#5780),(#5781,#5782,#5783,#5784),(#5785,#5786,#5787,#5788),
(#5789,#5790,#5791,#5792),(#5793,#5794,#5795,#5796),(#5797,#5798,#5799,
#5800),(#5801,#5802,#5803,#5804),(#5805,#5806,#5807,#5808),(#5809,#5810,
#5811,#5812),(#5813,#5814,#5815,#5816),(#5817,#5818,#5819,#5820),(#5821,
#5822,#5823,#5824),(#5825,#5826,#5827,#5828),(#5829,#5830,#5831,#5832),
(#5833,#5834,#5835,#5836),(#5837,#5838,#5839,#5840),(#5841,#5842,#5843,
#5844),(#5845,#5846,#5847,#5848),(#5849,#5850,#5851,#5852),(#5853,#5854,
#5855,#5856),(#5857,#5858,#5859,#5860),(#5861,#5862,#5863,#5864),(#5865,
#5866,#5867,#5868),(#5869,#5870,#5871,#5872),(#5873,#5874,#5875,#5876),
(#5877,#5878,#5879,#5880),(#5881,#5882,#5883,#5884),(#5885,#5886,#5887,
#5888),(#5889,#5890,#5891,#5892),(#5893,#5894,#5895,#5896),(#5897,#5898,
#5899,#5900),(#5901,#5902,#5903,#5904),(#5905,#5906,#5907,#5908),(#5909,
#5910,#5911,#5912),(#5913,#5914,#5915,#5916),(#5917,#5918,#5919,#5920),
(#5921,#5922,#5923,#5924),(#5925,#5926,#5927,#5928),(#5929,#5930,#5931,
#5932),(#5933,#5934,#5935,#5936),(#5937,#5938,#5939,#5940),(#5941,#5942,
#5943,#5944),(#5945,#5946,#5947,#5948),(#5949,#5950,#5951,#5952),(#5953,
#5954,#5955,#5956),(#5957,#5958,#5959,#5960),(#5961,#5962,#5963,#5964),
(#5965,#5966,#5967,#5968),(#5969,#5970,#5971,#5972),(#5973,#5974,#5975,
#5976),(#5977,#5978,#5979,#5980),(#5981,#5982,#5983,#5984),(#5985,#5986,
#5987,#5988),(#5989,#5990,#5991,#5992),(#5993,#5994,#5995,#5996),(#5997,
#5998,#5999,#6000),(#6001,#6002,#6003,#6004),(#6005,#6006,#6007,#6008),
(#6009,#6010,#6011,#6012),(#6013,#6014,#6015,#6016),(#6017,#6018,#6019,
#6020),(#6021,#6022,#6023,#6024),(#6025,#6026,#6027,#6028),(#6029,#6030,
#6031,#6032),(#6033,#6034,#6035,#6036),(#6037,#6038,#6039,#6040),(#6041,
#6042,#6043,#6044),(#6045,#6046,#6047,#6048),(#6049,#6050,#6051,#6052),
(#6053,#6054,#6055,#6056),(#6057,#6058,#6059,#6060),(#6061,#6062,#6063,
#6064),(#6065,#6066,#6067,#6068),(#6069,#6070,#6071,#6072),(#6073,#6074,
#6075,#6076),(#6077,#6078,#6079,#6080),(#6081,#6082,#6083,#6084),(#6085,
#6086,#6087,#6088),(#6089,#6090,#6091,#6092),(#6093,#6094,#6095,#6096),
(#6097,#6098,#6099,#6100),(#6101,#6102,#6103,#6104),(#6105,#6106,#6107,
#6108),(#6109,#6110,#6111,#6112),(#6113,#6114,#6115,#6116),(#6117,#6118,
#6119,#6120),(#6121,#6122,#6123,#6124),(#6125,#6126,#6127,#6128),(#6129,
#6130,#6131,#6132),(#6133,#6134,#6135,#6136),(#6137,#6138,#6139,#6140),
(#6141,#6142,#6143,#6144),(#6145,#6146,#6147,#6148),(#6149,#6150,#6151,
#6152),(#6153,#6154,#6155,#6156),(#6157,#6158,#6159,#6160),(#6161,#6162,
#6163,#6164),(#6165,#6166,#6167,#6168),(#6169,#6170,#6171,#6172),(#6173,
#6174,#6175,#6176),(#6177,#6178,#6179,#6180),(#6181,#6182,#6183,#6184),
(#6185,#6186,#6187,#6188),(#6189,#6190,#6191,#6192),(#6193,#6194,#6195,
#6196),(#6197,#6198,#6199,#6200),(#6201,#6202,#6203,#6204),(#6205,#6206,
#6207,#6208),(#6209,#6210,#6211,#6212),(#6213,#6214,#6215,#6216),(#6217,
#6218,#6219,#6220),(#6221,#6222,#6223,#6224),(#6225,#6226,#6227,#6228),
(#6229,#6230,#6231,#6232),(#6233,#6234,#6235,#6236),(#6237,#6238,#6239,
#6240),(#6241,#6242,#6243,#6244),(#6245,#6246,#6247,#6248),(#6249,#6250,
#6251,#6252),(#6253,#6254,#6255,#6256),(#6257,#6258,#6259,#6260),(#6261,
#6262,#6263,#6264),(#6265,#6266,#6267,#6268),(#6269,#6270,#6271,#6272),
(#6273,#6274,#6275,#6276),(#6277,#6278,#6279,#6280),(#6281,#6282,#6283,
#6284),(#6285,#6286,#6287,#6288),(#6289,#6290,#6291,#6292),(#6293,#6294,
#6295,#6296),(#6297,#6298,#6299,#6300),(#6301,#6302,#6303,#6304),(#6305,
#6306,#6307,#6308),(#6309,#6310,#6311,#6312),(#6313,#6314,#6315,#6316),
(#6317,#6318,#6319,#6320),(#6321,#6322,#6323,#6324),(#6325,#6326,#6327,
#6328),(#6329,#6330,#6331,#6332),(#6333,#6334,#6335,#6336),(#6337,#6338,
#6339,#6340),(#6341,#6342,#6343,#6344),(#6345,#6346,#6347,#6348),(#6349,
#6350,#6351,#6352),(#6353,#6354,#6355,#6356),(#6357,#6358,#6359,#6360),
(#6361,#6362,#6363,#6364),(#6365,#6366,#6367,#6368),(#6369,#6370,#6371,
#6372),(#6373,#6374,#6375,#6376),(#6377,#6378,#6379,#6380),(#6381,#6382,
#6383,#6384),(#6385,#6386,#6387,#6388),(#6389,#6390,#6391,#6392),(#6393,
#6394,#6395,#6396),(#6397,#6398,#6399,#6400),(#6401,#6402,#6403,#6404),
(#6405,#6406,#6407,#6408),(#6409,#6410,#6411,#6412),(#6413,#6414,#6415,
#6416)),.UNSPECIFIED.,.T.,.F.,.F.,(2,2,2,2,2,2,2,2,2,2,2,2,2,2,2,2,2,2,
2,2,2,2,2,2,2,2,2,2,2,2,2,2,2,2,2,2,2,2,2,2,2,2,2,2,2,2,2,2,2,2,2,2,2,2,
2,2,2,2,2,2,2,2,2,2,2,2,2,2,2,2,2,2,2,2,2,2,2,2,2,2,2,2,2,2,2,2,2,2,2,2,
2,2,2,2,2,2,2,2,2),(4,4),(-0.0138586487182164,0.,0.00943007737568491,0.0188601547513698,
0.0282902321270547,0.0377203095027396,0.0471503868784245,0.0565804642541094,
0.0660105416297943,0.0754406190054792,0.0848706963811642,0.0943007737568491,
0.103730851132534,0.113160928508219,0.122591005883904,0.132021083259589,
0.141451160635274,0.150881238010959,0.160311315386644,0.169741392762328,
0.179171470138013,0.188601547513698,0.198031624889383,0.207461702265068,
0.216891779640753,0.226321857016438,0.235751934392122,0.245182011767808,
0.254612089143492,0.264042166519178,0.273472243894863,0.282902321270547,
0.292332398646232,0.301762476021917,0.312683517800961,0.323604559580005,
0.334525601359049,0.345446643138093,0.356367684917137,0.367288726696181,
0.378209768475225,0.389130810254269,0.400051852033313,0.410972893812357,
0.421893935591401,0.432814977370445,0.443736019149489,0.454657060928533,
0.465578102707577,0.476499144486621,0.485929221862306,0.495359299237991,
0.504789376613676,0.514219453989361,0.523649531365045,0.53307960874073,
0.542509686116415,0.5519397634921,0.561369840867785,0.57079991824347,0.580229995619155,
0.58966007299484,0.599090150370525,0.60852022774621,0.617950305121895,0.627380382497579,
0.636810459873264,0.646240537248949,0.655670614624634,0.665100692000319,
0.674530769376004,0.683960846751689,0.693390924127374,0.702821001503059,
0.712251078878744,0.721681156254429,0.731111233630113,0.740541311005798,
0.749971388381483,0.759401465757168,0.768831543132853,0.778261620508538,
0.792120269226754,0.805978917944971,0.819837566663187,0.833696215381404,
0.84755486409962,0.861413512817836,0.875272161536053,0.889130810254269,
0.902989458972485,0.916848107690702,0.930706756408918,0.944565405127134,
0.958424053845351,0.972282702563567,0.986141351281784,1.,1.00943007737568),
(0.,1.),.UNSPECIFIED.);
#32=B_SPLINE_SURFACE_WITH_KNOTS('',3,3,((#6510,#6511,#6512,#6513),(#6514,
#6515,#6516,#6517),(#6518,#6519,#6520,#6521),(#6522,#6523,#6524,#6525),
(#6526,#6527,#6528,#6529),(#6530,#6531,#6532,#6533),(#6534,#6535,#6536,
#6537),(#6538,#6539,#6540,#6541),(#6542,#6543,#6544,#6545),(#6546,#6547,
#6548,#6549),(#6550,#6551,#6552,#6553),(#6554,#6555,#6556,#6557),(#6558,
#6559,#6560,#6561),(#6562,#6563,#6564,#6565),(#6566,#6567,#6568,#6569),
(#6570,#6571,#6572,#6573),(#6574,#6575,#6576,#6577),(#6578,#6579,#6580,
#6581),(#6582,#6583,#6584,#6585),(#6586,#6587,#6588,#6589),(#6590,#6591,
#6592,#6593),(#6594,#6595,#6596,#6597),(#6598,#6599,#6600,#6601),(#6602,
#6603,#6604,#6605),(#6606,#6607,#6608,#6609),(#6610,#6611,#6612,#6613),
(#6614,#6615,#6616,#6617),(#6618,#6619,#6620,#6621),(#6622,#6623,#6624,
#6625),(#6626,#6627,#6628,#6629),(#6630,#6631,#6632,#6633),(#6634,#6635,
#6636,#6637),(#6638,#6639,#6640,#6641),(#6642,#6643,#6644,#6645),(#6646,
#6647,#6648,#6649),(#6650,#6651,#6652,#6653),(#6654,#6655,#6656,#6657),
(#6658,#6659,#6660,#6661),(#6662,#6663,#6664,#6665),(#6666,#6667,#6668,
#6669),(#6670,#6671,#6672,#6673),(#6674,#6675,#6676,#6677),(#6678,#6679,
#6680,#6681),(#6682,#6683,#6684,#6685),(#6686,#6687,#6688,#6689),(#6690,
#6691,#6692,#6693),(#6694,#6695,#6696,#6697),(#6698,#6699,#6700,#6701),
(#6702,#6703,#6704,#6705),(#6706,#6707,#6708,#6709),(#6710,#6711,#6712,
#6713),(#6714,#6715,#6716,#6717),(#6718,#6719,#6720,#6721),(#6722,#6723,
#6724,#6725),(#6726,#6727,#6728,#6729),(#6730,#6731,#6732,#6733),(#6734,
#6735,#6736,#6737),(#6738,#6739,#6740,#6741),(#6742,#6743,#6744,#6745),
(#6746,#6747,#6748,#6749),(#6750,#6751,#6752,#6753),(#6754,#6755,#6756,
#6757),(#6758,#6759,#6760,#6761),(#6762,#6763,#6764,#6765),(#6766,#6767,
#6768,#6769),(#6770,#6771,#6772,#6773),(#6774,#6775,#6776,#6777),(#6778,
#6779,#6780,#6781),(#6782,#6783,#6784,#6785),(#6786,#6787,#6788,#6789),
(#6790,#6791,#6792,#6793),(#6794,#6795,#6796,#6797),(#6798,#6799,#6800,
#6801),(#6802,#6803,#6804,#6805),(#6806,#6807,#6808,#6809),(#6810,#6811,
#6812,#6813),(#6814,#6815,#6816,#6817),(#6818,#6819,#6820,#6821),(#6822,
#6823,#6824,#6825),(#6826,#6827,#6828,#6829),(#6830,#6831,#6832,#6833),
(#6834,#6835,#6836,#6837),(#6838,#6839,#6840,#6841),(#6842,#6843,#6844,
#6845),(#6846,#6847,#6848,#6849),(#6850,#6851,#6852,#6853),(#6854,#6855,
#6856,#6857),(#6858,#6859,#6860,#6861),(#6862,#6863,#6864,#6865),(#6866,
#6867,#6868,#6869),(#6870,#6871,#6872,#6873),(#6874,#6875,#6876,#6877),
(#6878,#6879,#6880,#6881),(#6882,#6883,#6884,#6885),(#6886,#6887,#6888,
#6889),(#6890,#6891,#6892,#6893),(#6894,#6895,#6896,#6897),(#6898,#6899,
#6900,#6901),(#6902,#6903,#6904,#6905),(#6906,#6907,#6908,#6909),(#6910,
#6911,#6912,#6913),(#6914,#6915,#6916,#6917),(#6918,#6919,#6920,#6921),
(#6922,#6923,#6924,#6925),(#6926,#6927,#6928,#6929),(#6930,#6931,#6932,
#6933),(#6934,#6935,#6936,#6937),(#6938,#6939,#6940,#6941),(#6942,#6943,
#6944,#6945),(#6946,#6947,#6948,#6949),(#6950,#6951,#6952,#6953),(#6954,
#6955,#6956,#6957),(#6958,#6959,#6960,#6961),(#6962,#6963,#6964,#6965),
(#6966,#6967,#6968,#6969),(#6970,#6971,#6972,#6973),(#6974,#6975,#6976,
#6977),(#6978,#6979,#6980,#6981),(#6982,#6983,#6984,#6985),(#6986,#6987,
#6988,#6989),(#6990,#6991,#6992,#6993),(#6994,#6995,#6996,#6997),(#6998,
#6999,#7000,#7001),(#7002,#7003,#7004,#7005),(#7006,#7007,#7008,#7009),
(#7010,#7011,#7012,#7013),(#7014,#7015,#7016,#7017),(#7018,#7019,#7020,
#7021),(#7022,#7023,#7024,#7025),(#7026,#7027,#7028,#7029),(#7030,#7031,
#7032,#7033),(#7034,#7035,#7036,#7037),(#7038,#7039,#7040,#7041),(#7042,
#7043,#7044,#7045),(#7046,#7047,#7048,#7049),(#7050,#7051,#7052,#7053),
(#7054,#7055,#7056,#7057),(#7058,#7059,#7060,#7061),(#7062,#7063,#7064,
#7065),(#7066,#7067,#7068,#7069),(#7070,#7071,#7072,#7073),(#7074,#7075,
#7076,#7077),(#7078,#7079,#7080,#7081),(#7082,#7083,#7084,#7085),(#7086,
#7087,#7088,#7089),(#7090,#7091,#7092,#7093),(#7094,#7095,#7096,#7097),
(#7098,#7099,#7100,#7101),(#7102,#7103,#7104,#7105),(#7106,#7107,#7108,
#7109),(#7110,#7111,#7112,#7113),(#7114,#7115,#7116,#7117),(#7118,#7119,
#7120,#7121),(#7122,#7123,#7124,#7125),(#7126,#7127,#7128,#7129),(#7130,
#7131,#7132,#7133),(#7134,#7135,#7136,#7137),(#7138,#7139,#7140,#7141),
(#7142,#7143,#7144,#7145),(#7146,#7147,#7148,#7149),(#7150,#7151,#7152,
#7153),(#7154,#7155,#7156,#7157),(#7158,#7159,#7160,#7161),(#7162,#7163,
#7164,#7165),(#7166,#7167,#7168,#7169),(#7170,#7171,#7172,#7173),(#7174,
#7175,#7176,#7177),(#7178,#7179,#7180,#7181),(#7182,#7183,#7184,#7185),
(#7186,#7187,#7188,#7189),(#7190,#7191,#7192,#7193),(#7194,#7195,#7196,
#7197),(#7198,#7199,#7200,#7201),(#7202,#7203,#7204,#7205),(#7206,#7207,
#7208,#7209),(#7210,#7211,#7212,#7213),(#7214,#7215,#7216,#7217),(#7218,
#7219,#7220,#7221),(#7222,#7223,#7224,#7225),(#7226,#7227,#7228,#7229),
(#7230,#7231,#7232,#7233),(#7234,#7235,#7236,#7237),(#7238,#7239,#7240,
#7241),(#7242,#7243,#7244,#7245),(#7246,#7247,#7248,#7249),(#7250,#7251,
#7252,#7253),(#7254,#7255,#7256,#7257),(#7258,#7259,#7260,#7261),(#7262,
#7263,#7264,#7265),(#7266,#7267,#7268,#7269),(#7270,#7271,#7272,#7273),
(#7274,#7275,#7276,#7277),(#7278,#7279,#7280,#7281),(#7282,#7283,#7284,
#7285)),.UNSPECIFIED.,.T.,.F.,.F.,(2,2,2,2,2,2,2,2,2,2,2,2,2,2,2,2,2,2,
2,2,2,2,2,2,2,2,2,2,2,2,2,2,2,2,2,2,2,2,2,2,2,2,2,2,2,2,2,2,2,2,2,2,2,2,
2,2,2,2,2,2,2,2,2,2,2,2,2,2,2,2,2,2,2,2,2,2,2,2,2,2,2,2,2,2,2,2,2,2,2,2,
2,2,2,2,2,2,2,2,2),(4,4),(-0.0138586487182164,0.,0.00943007737568491,0.0188601547513698,
0.0282902321270547,0.0377203095027396,0.0471503868784245,0.0565804642541094,
0.0660105416297943,0.0754406190054792,0.0848706963811642,0.0943007737568491,
0.103730851132534,0.113160928508219,0.122591005883904,0.132021083259589,
0.141451160635274,0.150881238010959,0.160311315386644,0.169741392762328,
0.179171470138013,0.188601547513698,0.198031624889383,0.207461702265068,
0.216891779640753,0.226321857016438,0.235751934392122,0.245182011767808,
0.254612089143492,0.264042166519178,0.273472243894863,0.282902321270547,
0.292332398646232,0.301762476021917,0.312683517800961,0.323604559580005,
0.334525601359049,0.345446643138093,0.356367684917137,0.367288726696181,
0.378209768475225,0.389130810254269,0.400051852033313,0.410972893812357,
0.421893935591401,0.432814977370445,0.443736019149489,0.454657060928533,
0.465578102707577,0.476499144486621,0.485929221862306,0.495359299237991,
0.504789376613676,0.514219453989361,0.523649531365045,0.53307960874073,
0.542509686116415,0.5519397634921,0.561369840867785,0.57079991824347,0.580229995619155,
0.58966007299484,0.599090150370525,0.60852022774621,0.617950305121895,0.627380382497579,
0.636810459873264,0.646240537248949,0.655670614624634,0.665100692000319,
0.674530769376004,0.683960846751689,0.693390924127374,0.702821001503059,
0.712251078878744,0.721681156254429,0.731111233630113,0.740541311005798,
0.749971388381483,0.759401465757168,0.768831543132853,0.778261620508538,
0.792120269226754,0.805978917944971,0.819837566663187,0.833696215381404,
0.84755486409962,0.861413512817836,0.875272161536053,0.889130810254269,
0.902989458972485,0.916848107690702,0.930706756408918,0.944565405127134,
0.958424053845351,0.972282702563567,0.986141351281784,1.,1.00943007737568),
(0.,1.),.UNSPECIFIED.);
#33=(
BOUNDED_SURFACE()
B_SPLINE_SURFACE(3,2,((#4834,#4835,#4836),(#4837,#4838,#4839),(#4840,#4841,
#4842),(#4843,#4844,#4845),(#4846,#4847,#4848),(#4849,#4850,#4851),(#4852,
#4853,#4854),(#4855,#4856,#4857),(#4858,#4859,#4860),(#4861,#4862,#4863),
(#4864,#4865,#4866),(#4867,#4868,#4869),(#4870,#4871,#4872),(#4873,#4874,
#4875),(#4876,#4877,#4878),(#4879,#4880,#4881)),.UNSPECIFIED.,.F.,.F.,.F.)
B_SPLINE_SURFACE_WITH_KNOTS((4,1,1,1,1,1,1,1,1,1,1,1,1,4),(3,3),(0.0659375747831329,
0.0704999945951688,0.0750624144072047,0.0796248342192405,0.0841872540312764,
0.0933120936553481,0.10243693327942,0.111561772903492,0.116124192715528,
0.120686612527563,0.125249032339599,0.129811452151635,0.134373871963671,
0.138936291775707),(0.,0.829349588531087),.UNSPECIFIED.)
GEOMETRIC_REPRESENTATION_ITEM()
RATIONAL_B_SPLINE_SURFACE(((1.,0.757089129493517,0.917094319995594),(1.,
0.757089129493517,0.917094319995594),(1.,0.757089129493517,0.917094319995594),
(1.,0.757089129493517,0.917094319995594),(1.,0.757089129493517,0.917094319995594),
(1.,0.757089129493517,0.917094319995594),(1.,0.757089129493515,0.917094319995593),
(1.,0.757089129493517,0.917094319995594),(1.,0.757089129493518,0.917094319995594),
(1.,0.757089129493515,0.917094319995593),(1.,0.757089129493518,0.917094319995594),
(1.,0.757089129493517,0.917094319995594),(1.,0.757089129493518,0.917094319995594),
(1.,0.757089129493517,0.917094319995593),(1.,0.757089129493518,0.917094319995594),
(1.,0.757089129493518,0.917094319995594)))
REPRESENTATION_ITEM('')
SURFACE()
);
#34=(
BOUNDED_SURFACE()
B_SPLINE_SURFACE(3,2,((#4937,#4938,#4939),(#4940,#4941,#4942),(#4943,#4944,
#4945),(#4946,#4947,#4948),(#4949,#4950,#4951),(#4952,#4953,#4954),(#4955,
#4956,#4957),(#4958,#4959,#4960),(#4961,#4962,#4963),(#4964,#4965,#4966),
(#4967,#4968,#4969),(#4970,#4971,#4972),(#4973,#4974,#4975),(#4976,#4977,
#4978),(#4979,#4980,#4981),(#4982,#4983,#4984)),.UNSPECIFIED.,.F.,.F.,.F.)
B_SPLINE_SURFACE_WITH_KNOTS((4,1,1,1,1,1,1,1,1,1,1,1,1,4),(3,3),(0.0659455649040189,
0.0705074823550746,0.0750693998061303,0.0796313172571861,0.0841932347082418,
0.0933170696103533,0.102440904512465,0.111564739414576,0.116126656865632,
0.120688574316688,0.125250491767744,0.129812409218799,0.134374326669855,
0.138936244120911),(0.170650411468909,1.),.UNSPECIFIED.)
GEOMETRIC_REPRESENTATION_ITEM()
RATIONAL_B_SPLINE_SURFACE(((0.917094319995595,0.757089129493516,1.),(0.917094319995595,
0.757089129493516,1.),(0.917094319995595,0.757089129493516,1.),(0.917094319995595,
0.757089129493516,1.),(0.917094319995595,0.757089129493516,1.),(0.917094319995595,
0.757089129493516,1.),(0.917094319995595,0.757089129493514,1.),(0.917094319995595,
0.757089129493516,1.),(0.917094319995595,0.757089129493516,1.),(0.917094319995595,
0.757089129493516,1.),(0.917094319995595,0.757089129493514,1.),(0.917094319995595,
0.757089129493516,1.),(0.917094319995595,0.757089129493516,1.),(0.917094319995595,
0.757089129493516,1.),(0.917094319995595,0.757089129493516,1.),(0.917094319995595,
0.757089129493516,1.)))
REPRESENTATION_ITEM('')
SURFACE()
);
#35=B_SPLINE_CURVE_WITH_KNOTS('',3,(#4804,#4805,#4806,#4807),
 .UNSPECIFIED.,.F.,.F.,(4,4),(0.,0.00356235294230874),.UNSPECIFIED.);
#36=B_SPLINE_CURVE_WITH_KNOTS('',3,(#4824,#4825,#4826,#4827),
 .UNSPECIFIED.,.F.,.F.,(4,4),(0.,0.00357365493594044),.UNSPECIFIED.);
#37=B_SPLINE_CURVE_WITH_KNOTS('',3,(#4882,#4883,#4884,#4885),
 .UNSPECIFIED.,.F.,.F.,(4,4),(1.39857877853494E-17,0.00166687359434151),
 .UNSPECIFIED.);
#38=B_SPLINE_CURVE_WITH_KNOTS('',3,(#4888,#4889,#4890,#4891,#4892),
 .UNSPECIFIED.,.F.,.F.,(4,1,4),(1.57144366707296E-14,0.00157840588778731,
0.00315681177555891),.UNSPECIFIED.);
#39=B_SPLINE_CURVE_WITH_KNOTS('',3,(#4894,#4895,#4896,#4897),
 .UNSPECIFIED.,.F.,.F.,(4,4),(0.,0.0112853858252155),.UNSPECIFIED.);
#40=B_SPLINE_CURVE_WITH_KNOTS('',3,(#4898,#4899,#4900,#4901,#4902),
 .UNSPECIFIED.,.F.,.F.,(4,1,4),(0.,0.000906873816246792,0.00181374763249358),
 .UNSPECIFIED.);
#41=B_SPLINE_CURVE_WITH_KNOTS('',3,(#4904,#4905,#4906,#4907,#4908,#4909,
#4910,#4911,#4912,#4913,#4914,#4915,#4916,#4917,#4918,#4919),
 .UNSPECIFIED.,.F.,.F.,(4,1,1,1,1,1,1,1,1,1,1,1,1,4),(-0.0327372771768189,
-0.0284265668575808,-0.0241158565383428,-0.0154944358998667,-0.0111837255806287,
-0.0068730152613907,-0.00256230494215267,0.00174840537708536,0.0103698260155614,
0.0189912466540375,0.0233019569732755,0.0276126672925135,0.0319233776117515,
0.0362340879309896),.UNSPECIFIED.);
#42=B_SPLINE_CURVE_WITH_KNOTS('',3,(#4921,#4922,#4923,#4924),
 .UNSPECIFIED.,.F.,.F.,(4,4),(4.10510499419787E-17,0.00765430165920378),
 .UNSPECIFIED.);
#43=B_SPLINE_CURVE_WITH_KNOTS('',3,(#4926,#4927,#4928,#4929,#4930,#4931,
#4932,#4933,#4934,#4935,#4936),.UNSPECIFIED.,.F.,.F.,(4,1,1,1,1,1,1,1,4),
(0.0160941291069237,0.0217104766037068,0.0273268241004899,0.0329431715972729,
0.038559519094056,0.0441758665908391,0.0497922140876222,0.0554085615844053,
0.0610249090811884),.UNSPECIFIED.);
#44=B_SPLINE_CURVE_WITH_KNOTS('',3,(#4985,#4986,#4987,#4988),
 .UNSPECIFIED.,.F.,.F.,(4,4),(2.10407359281383E-14,0.00166687359434116),
 .UNSPECIFIED.);
#45=B_SPLINE_CURVE_WITH_KNOTS('',3,(#4991,#4992,#4993,#4994,#4995,#4996,
#4997,#4998,#4999,#5000,#5001),.UNSPECIFIED.,.F.,.F.,(4,1,1,1,1,1,1,1,4),
(0.,0.00560146179128903,0.0112029235825781,0.0168043853738671,0.0224058471651561,
0.0280073089564452,0.0336087707477342,0.0392102325390232,0.0448116943303123),
 .UNSPECIFIED.);
#46=B_SPLINE_CURVE_WITH_KNOTS('',3,(#5003,#5004,#5005,#5006),
 .UNSPECIFIED.,.F.,.F.,(4,4),(0.,0.00765430165920369),.UNSPECIFIED.);
#47=B_SPLINE_CURVE_WITH_KNOTS('',3,(#5008,#5009,#5010,#5011,#5012,#5013,
#5014,#5015,#5016,#5017,#5018,#5019,#5020,#5021,#5022),.UNSPECIFIED.,.F.,
 .F.,(4,1,1,1,1,1,1,1,1,1,1,1,4),(-0.0419818211198323,-0.0376690729695958,
-0.0333563248193594,-0.0290435766691229,-0.0247308285188865,-0.0161053322184136,
-0.00747983591794071,0.00114566038253218,0.00977115668300508,0.0140839048332415,
0.018396652983478,0.0227094011337144,0.0270221492839509),.UNSPECIFIED.);
#48=B_SPLINE_CURVE_WITH_KNOTS('',3,(#5024,#5025,#5026,#5027,#5028),
 .UNSPECIFIED.,.F.,.F.,(4,1,4),(0.,0.000908612477102459,0.00181722495420492),
 .UNSPECIFIED.);
#49=B_SPLINE_CURVE_WITH_KNOTS('',3,(#5029,#5030,#5031,#5032),
 .UNSPECIFIED.,.F.,.F.,(4,4),(0.0496076924005544,0.0608631671617176),
 .UNSPECIFIED.);
#50=B_SPLINE_CURVE_WITH_KNOTS('',3,(#5034,#5035,#5036,#5037,#5038),
 .UNSPECIFIED.,.F.,.F.,(4,1,4),(0.,0.00157679331672939,0.00315358663345879),
 .UNSPECIFIED.);
#51=B_SPLINE_CURVE_WITH_KNOTS('',3,(#5276,#5277,#5278,#5279,#5280,#5281,
#5282,#5283,#5284,#5285,#5286),.UNSPECIFIED.,.F.,.F.,(4,1,1,1,1,1,1,1,4),
(0.201536772795511,0.203125,0.2109375,0.21875,0.2265625,0.234375,0.23828125,
0.2421875,0.246070515758342),.UNSPECIFIED.);
#52=B_SPLINE_CURVE_WITH_KNOTS('',3,(#5312,#5313,#5314,#5315,#5316,#5317,
#5318,#5319),.UNSPECIFIED.,.F.,.F.,(4,1,1,1,1,4),(0.294842785867563,0.296875,
0.3125,0.328125,0.3359375,0.336774416255644),.UNSPECIFIED.);
#53=B_SPLINE_CURVE_WITH_KNOTS('',3,(#6417,#6418,#6419,#6420,#6421),
 .UNSPECIFIED.,.F.,.F.,(4,1,4),(0.,0.00240011095970504,0.00480022191941009),
 .UNSPECIFIED.);
#54=B_SPLINE_CURVE_WITH_KNOTS('',3,(#6434,#6435,#6436,#6437,#6438),
 .UNSPECIFIED.,.F.,.F.,(4,1,4),(0.007477298404459,0.0094723458235745,0.01146739324269),
 .UNSPECIFIED.);
#55=B_SPLINE_CURVE_WITH_KNOTS('',3,(#6440,#6441,#6442,#6443,#6444,#6445,
#6446,#6447,#6448,#6449,#6450),.UNSPECIFIED.,.F.,.F.,(4,1,1,1,1,1,1,1,4),
(0.00616286744367779,0.00697280527067979,0.00778274309768179,0.00859268092468379,
0.00940261875168579,0.0102125565786878,0.0110224944056898,0.0118324322326918,
0.0126423700596938),.UNSPECIFIED.);
#56=B_SPLINE_CURVE_WITH_KNOTS('',3,(#7286,#7287,#7288,#7289,#7290),
 .UNSPECIFIED.,.F.,.F.,(4,1,4),(3.99226400292746E-15,0.00200977578677789,
0.00401955157355179),.UNSPECIFIED.);
#57=B_SPLINE_CURVE_WITH_KNOTS('',3,(#7303,#7304,#7305,#7306,#7307),
 .UNSPECIFIED.,.F.,.F.,(4,1,4),(0.00670403819061414,0.00910566953811947,
0.0115073008856248),.UNSPECIFIED.);
#58=B_SPLINE_CURVE_WITH_KNOTS('',3,(#7309,#7310,#7311,#7312,#7313,#7314,
#7315,#7316,#7317,#7318),.UNSPECIFIED.,.F.,.F.,(4,1,1,1,1,1,1,4),(0.00650561925162254,
0.00812536758522098,0.00893524175202019,0.00974511591881941,0.0105549900856186,
0.0113648642524178,0.0121747384192171,0.0129846125860163),.UNSPECIFIED.);
#59=ELLIPSE('',#3346,0.00165783059190552,0.0016);
#60=ELLIPSE('',#3348,0.00165783059190552,0.0016);
#61=ELLIPSE('',#3353,0.0325,0.02);
#62=ELLIPSE('',#3354,0.0325,0.02);
#63=ELLIPSE('',#3626,0.001875,0.0015);
#64=ELLIPSE('',#3668,0.001875,0.0015);
#65=CYLINDRICAL_SURFACE('',#3329,0.003);
#66=CYLINDRICAL_SURFACE('',#3333,0.003);
#67=CYLINDRICAL_SURFACE('',#3337,0.003);
#68=CYLINDRICAL_SURFACE('',#3341,0.003);
#69=CYLINDRICAL_SURFACE('',#3349,0.0016);
#70=CYLINDRICAL_SURFACE('',#3351,0.0016);
#71=CYLINDRICAL_SURFACE('',#3368,0.0015);
#72=CYLINDRICAL_SURFACE('',#3370,0.0015);
#73=CYLINDRICAL_SURFACE('',#3372,0.0015);
#74=CYLINDRICAL_SURFACE('',#3376,0.0015);
#75=CYLINDRICAL_SURFACE('',#3415,0.0587017278397548);
#76=CYLINDRICAL_SURFACE('',#3418,0.005);
#77=CYLINDRICAL_SURFACE('',#3422,0.0536476368054032);
#78=CYLINDRICAL_SURFACE('',#3427,0.00155);
#79=CYLINDRICAL_SURFACE('',#3440,0.002);
#80=CYLINDRICAL_SURFACE('',#3441,0.002);
#81=CYLINDRICAL_SURFACE('',#3442,0.002);
#82=CYLINDRICAL_SURFACE('',#3443,0.002);
#83=CYLINDRICAL_SURFACE('',#3444,0.002);
#84=CYLINDRICAL_SURFACE('',#3445,0.002);
#85=CYLINDRICAL_SURFACE('',#3446,0.0587017278397285);
#86=CYLINDRICAL_SURFACE('',#3449,0.005);
#87=CYLINDRICAL_SURFACE('',#3456,0.0536476368053939);
#88=CYLINDRICAL_SURFACE('',#3458,0.00155);
#89=CYLINDRICAL_SURFACE('',#3471,0.002);
#90=CYLINDRICAL_SURFACE('',#3472,0.002);
#91=CYLINDRICAL_SURFACE('',#3473,0.002);
#92=CYLINDRICAL_SURFACE('',#3474,0.002);
#93=CYLINDRICAL_SURFACE('',#3475,0.002);
#94=CYLINDRICAL_SURFACE('',#3476,0.002);
#95=CYLINDRICAL_SURFACE('',#3477,0.003);
#96=CYLINDRICAL_SURFACE('',#3480,0.0530438264461091);
#97=CYLINDRICAL_SURFACE('',#3481,0.0589565746244596);
#98=CYLINDRICAL_SURFACE('',#3482,0.003);
#99=CYLINDRICAL_SURFACE('',#3485,0.004);
#100=CYLINDRICAL_SURFACE('',#3486,0.004);
#101=CYLINDRICAL_SURFACE('',#3487,0.0016);
#102=CYLINDRICAL_SURFACE('',#3488,0.0016);
#103=CYLINDRICAL_SURFACE('',#3489,0.0224752672910668);
#104=CYLINDRICAL_SURFACE('',#3490,0.005);
#105=CYLINDRICAL_SURFACE('',#3491,0.0224752672910667);
#106=CYLINDRICAL_SURFACE('',#3492,0.005);
#107=CYLINDRICAL_SURFACE('',#3499,0.007);
#108=CYLINDRICAL_SURFACE('',#3500,0.007);
#109=CYLINDRICAL_SURFACE('',#3501,0.0021);
#110=CYLINDRICAL_SURFACE('',#3505,0.0021);
#111=CYLINDRICAL_SURFACE('',#3511,0.0019);
#112=CYLINDRICAL_SURFACE('',#3514,0.0019);
#113=CYLINDRICAL_SURFACE('',#3515,0.0016);
#114=CYLINDRICAL_SURFACE('',#3518,0.0016);
#115=CYLINDRICAL_SURFACE('',#3546,0.00499999999999994);
#116=CYLINDRICAL_SURFACE('',#3549,0.0016);
#117=CYLINDRICAL_SURFACE('',#3552,0.00155);
#118=CYLINDRICAL_SURFACE('',#3573,0.0016);
#119=CYLINDRICAL_SURFACE('',#3575,0.00499999999999994);
#120=CYLINDRICAL_SURFACE('',#3576,0.00155);
#121=CYLINDRICAL_SURFACE('',#3579,0.113024449655773);
#122=CYLINDRICAL_SURFACE('',#3580,0.113024449655731);
#123=CYLINDRICAL_SURFACE('',#3582,0.249444383283901);
#124=CYLINDRICAL_SURFACE('',#3583,0.249444383283824);
#125=CYLINDRICAL_SURFACE('',#3596,0.0016);
#126=CYLINDRICAL_SURFACE('',#3599,0.0019);
#127=CYLINDRICAL_SURFACE('',#3608,0.0021);
#128=CYLINDRICAL_SURFACE('',#3612,0.0021);
#129=CYLINDRICAL_SURFACE('',#3617,0.0019);
#130=CYLINDRICAL_SURFACE('',#3618,0.0021);
#131=CYLINDRICAL_SURFACE('',#3622,0.0019);
#132=CYLINDRICAL_SURFACE('',#3625,0.0015);
#133=CYLINDRICAL_SURFACE('',#3638,0.0016);
#134=CYLINDRICAL_SURFACE('',#3641,0.0019);
#135=CYLINDRICAL_SURFACE('',#3650,0.0021);
#136=CYLINDRICAL_SURFACE('',#3654,0.0021);
#137=CYLINDRICAL_SURFACE('',#3659,0.0019);
#138=CYLINDRICAL_SURFACE('',#3660,0.0021);
#139=CYLINDRICAL_SURFACE('',#3664,0.0019);
#140=CYLINDRICAL_SURFACE('',#3667,0.0015);
#141=LINE('',#4652,#356);
#142=LINE('',#4656,#357);
#143=LINE('',#4659,#358);
#144=LINE('',#4663,#359);
#145=LINE('',#4665,#360);
#146=LINE('',#4670,#361);
#147=LINE('',#4674,#362);
#148=LINE('',#4677,#363);
#149=LINE('',#4681,#364);
#150=LINE('',#4686,#365);
#151=LINE('',#4690,#366);
#152=LINE('',#4693,#367);
#153=LINE('',#4697,#368);
#154=LINE('',#4702,#369);
#155=LINE('',#4706,#370);
#156=LINE('',#4709,#371);
#157=LINE('',#4716,#372);
#158=LINE('',#4720,#373);
#159=LINE('',#4723,#374);
#160=LINE('',#4727,#375);
#161=LINE('',#4729,#376);
#162=LINE('',#4734,#377);
#163=LINE('',#4738,#378);
#164=LINE('',#4741,#379);
#165=LINE('',#4747,#380);
#166=LINE('',#4751,#381);
#167=LINE('',#4752,#382);
#168=LINE('',#4756,#383);
#169=LINE('',#4760,#384);
#170=LINE('',#4764,#385);
#171=LINE('',#4765,#386);
#172=LINE('',#4769,#387);
#173=LINE('',#4773,#388);
#174=LINE('',#4777,#389);
#175=LINE('',#4778,#390);
#176=LINE('',#4782,#391);
#177=LINE('',#4786,#392);
#178=LINE('',#4790,#393);
#179=LINE('',#4791,#394);
#180=LINE('',#4795,#395);
#181=LINE('',#4799,#396);
#182=LINE('',#4802,#397);
#183=LINE('',#4809,#398);
#184=LINE('',#4811,#399);
#185=LINE('',#4815,#400);
#186=LINE('',#4818,#401);
#187=LINE('',#4820,#402);
#188=LINE('',#4822,#403);
#189=LINE('',#5049,#404);
#190=LINE('',#5054,#405);
#191=LINE('',#5060,#406);
#192=LINE('',#5065,#407);
#193=LINE('',#5067,#408);
#194=LINE('',#5069,#409);
#195=LINE('',#5071,#410);
#196=LINE('',#5077,#411);
#197=LINE('',#5080,#412);
#198=LINE('',#5082,#413);
#199=LINE('',#5084,#414);
#200=LINE('',#5086,#415);
#201=LINE('',#5089,#416);
#202=LINE('',#5091,#417);
#203=LINE('',#5093,#418);
#204=LINE('',#5095,#419);
#205=LINE('',#5097,#420);
#206=LINE('',#5099,#421);
#207=LINE('',#5101,#422);
#208=LINE('',#5103,#423);
#209=LINE('',#5105,#424);
#210=LINE('',#5107,#425);
#211=LINE('',#5108,#426);
#212=LINE('',#5110,#427);
#213=LINE('',#5112,#428);
#214=LINE('',#5114,#429);
#215=LINE('',#5116,#430);
#216=LINE('',#5118,#431);
#217=LINE('',#5120,#432);
#218=LINE('',#5122,#433);
#219=LINE('',#5124,#434);
#220=LINE('',#5125,#435);
#221=LINE('',#5127,#436);
#222=LINE('',#5129,#437);
#223=LINE('',#5131,#438);
#224=LINE('',#5133,#439);
#225=LINE('',#5135,#440);
#226=LINE('',#5148,#441);
#227=LINE('',#5150,#442);
#228=LINE('',#5152,#443);
#229=LINE('',#5158,#444);
#230=LINE('',#5160,#445);
#231=LINE('',#5164,#446);
#232=LINE('',#5168,#447);
#233=LINE('',#5169,#448);
#234=LINE('',#5173,#449);
#235=LINE('',#5177,#450);
#236=LINE('',#5179,#451);
#237=LINE('',#5181,#452);
#238=LINE('',#5186,#453);
#239=LINE('',#5200,#454);
#240=LINE('',#5204,#455);
#241=LINE('',#5210,#456);
#242=LINE('',#5218,#457);
#243=LINE('',#5228,#458);
#244=LINE('',#5232,#459);
#245=LINE('',#5236,#460);
#246=LINE('',#5238,#461);
#247=LINE('',#5242,#462);
#248=LINE('',#5244,#463);
#249=LINE('',#5245,#464);
#250=LINE('',#5247,#465);
#251=LINE('',#5249,#466);
#252=LINE('',#5250,#467);
#253=LINE('',#5252,#468);
#254=LINE('',#5255,#469);
#255=LINE('',#5256,#470);
#256=LINE('',#5258,#471);
#257=LINE('',#5260,#472);
#258=LINE('',#5262,#473);
#259=LINE('',#5265,#474);
#260=LINE('',#5267,#475);
#261=LINE('',#5269,#476);
#262=LINE('',#5274,#477);
#263=LINE('',#5288,#478);
#264=LINE('',#5290,#479);
#265=LINE('',#5292,#480);
#266=LINE('',#5294,#481);
#267=LINE('',#5299,#482);
#268=LINE('',#5300,#483);
#269=LINE('',#5302,#484);
#270=LINE('',#5304,#485);
#271=LINE('',#5306,#486);
#272=LINE('',#5309,#487);
#273=LINE('',#5310,#488);
#274=LINE('',#5322,#489);
#275=LINE('',#5326,#490);
#276=LINE('',#5328,#491);
#277=LINE('',#5331,#492);
#278=LINE('',#5332,#493);
#279=LINE('',#5334,#494);
#280=LINE('',#5336,#495);
#281=LINE('',#5338,#496);
#282=LINE('',#5340,#497);
#283=LINE('',#5348,#498);
#284=LINE('',#5350,#499);
#285=LINE('',#5362,#500);
#286=LINE('',#5364,#501);
#287=LINE('',#5366,#502);
#288=LINE('',#5368,#503);
#289=LINE('',#5372,#504);
#290=LINE('',#5374,#505);
#291=LINE('',#5378,#506);
#292=LINE('',#5380,#507);
#293=LINE('',#5382,#508);
#294=LINE('',#5387,#509);
#295=LINE('',#5388,#510);
#296=LINE('',#5390,#511);
#297=LINE('',#5392,#512);
#298=LINE('',#5394,#513);
#299=LINE('',#5396,#514);
#300=LINE('',#5398,#515);
#301=LINE('',#5401,#516);
#302=LINE('',#5402,#517);
#303=LINE('',#5404,#518);
#304=LINE('',#5407,#519);
#305=LINE('',#5408,#520);
#306=LINE('',#5410,#521);
#307=LINE('',#5412,#522);
#308=LINE('',#5417,#523);
#309=LINE('',#5418,#524);
#310=LINE('',#5428,#525);
#311=LINE('',#5430,#526);
#312=LINE('',#5446,#527);
#313=LINE('',#5450,#528);
#314=LINE('',#5451,#529);
#315=LINE('',#5455,#530);
#316=LINE('',#5459,#531);
#317=LINE('',#5463,#532);
#318=LINE('',#5464,#533);
#319=LINE('',#5468,#534);
#320=LINE('',#5474,#535);
#321=LINE('',#5477,#536);
#322=LINE('',#5480,#537);
#323=LINE('',#5481,#538);
#324=LINE('',#5486,#539);
#325=LINE('',#5487,#540);
#326=LINE('',#5522,#541);
#327=LINE('',#5525,#542);
#328=LINE('',#5528,#543);
#329=LINE('',#5531,#544);
#330=LINE('',#5534,#545);
#331=LINE('',#5537,#546);
#332=LINE('',#5540,#547);
#333=LINE('',#5543,#548);
#334=LINE('',#5546,#549);
#335=LINE('',#5549,#550);
#336=LINE('',#5552,#551);
#337=LINE('',#5555,#552);
#338=LINE('',#5562,#553);
#339=LINE('',#5566,#554);
#340=LINE('',#5588,#555);
#341=LINE('',#5596,#556);
#342=LINE('',#5604,#557);
#343=LINE('',#5612,#558);
#344=LINE('',#5621,#559);
#345=LINE('',#5622,#560);
#346=LINE('',#5627,#561);
#347=LINE('',#5628,#562);
#348=LINE('',#5632,#563);
#349=LINE('',#5633,#564);
#350=LINE('',#6426,#565);
#351=LINE('',#6430,#566);
#352=LINE('',#6470,#567);
#353=LINE('',#7295,#568);
#354=LINE('',#7299,#569);
#355=LINE('',#7343,#570);
#356=VECTOR('',#3678,1.);
#357=VECTOR('',#3681,1.);
#358=VECTOR('',#3686,1.);
#359=VECTOR('',#3689,1.);
#360=VECTOR('',#3692,1.);
#361=VECTOR('',#3695,1.);
#362=VECTOR('',#3700,1.);
#363=VECTOR('',#3703,1.);
#364=VECTOR('',#3708,1.);
#365=VECTOR('',#3711,1.);
#366=VECTOR('',#3716,1.);
#367=VECTOR('',#3719,1.);
#368=VECTOR('',#3724,1.);
#369=VECTOR('',#3727,1.);
#370=VECTOR('',#3732,1.);
#371=VECTOR('',#3735,1.);
#372=VECTOR('',#3742,1.);
#373=VECTOR('',#3745,1.);
#374=VECTOR('',#3750,1.);
#375=VECTOR('',#3753,1.);
#376=VECTOR('',#3756,1.);
#377=VECTOR('',#3759,1.);
#378=VECTOR('',#3764,1.);
#379=VECTOR('',#3767,1.);
#380=VECTOR('',#3774,1.);
#381=VECTOR('',#3777,1.);
#382=VECTOR('',#3778,1.);
#383=VECTOR('',#3781,1.);
#384=VECTOR('',#3786,1.);
#385=VECTOR('',#3789,1.);
#386=VECTOR('',#3790,1.);
#387=VECTOR('',#3793,1.);
#388=VECTOR('',#3798,1.);
#389=VECTOR('',#3801,1.);
#390=VECTOR('',#3802,1.);
#391=VECTOR('',#3805,1.);
#392=VECTOR('',#3810,1.);
#393=VECTOR('',#3813,1.);
#394=VECTOR('',#3814,1.);
#395=VECTOR('',#3817,1.);
#396=VECTOR('',#3822,1.);
#397=VECTOR('',#3823,1.);
#398=VECTOR('',#3824,1.);
#399=VECTOR('',#3825,1.);
#400=VECTOR('',#3830,1.);
#401=VECTOR('',#3831,1.);
#402=VECTOR('',#3832,1.);
#403=VECTOR('',#3833,1.);
#404=VECTOR('',#3842,1.);
#405=VECTOR('',#3845,1.);
#406=VECTOR('',#3852,1.);
#407=VECTOR('',#3855,1.);
#408=VECTOR('',#3856,1.);
#409=VECTOR('',#3857,1.);
#410=VECTOR('',#3858,1.);
#411=VECTOR('',#3865,1.);
#412=VECTOR('',#3866,1.);
#413=VECTOR('',#3867,1.);
#414=VECTOR('',#3868,1.);
#415=VECTOR('',#3871,1.);
#416=VECTOR('',#3872,1.);
#417=VECTOR('',#3873,1.);
#418=VECTOR('',#3874,1.);
#419=VECTOR('',#3875,1.);
#420=VECTOR('',#3876,1.);
#421=VECTOR('',#3879,1.);
#422=VECTOR('',#3880,1.);
#423=VECTOR('',#3881,1.);
#424=VECTOR('',#3884,1.);
#425=VECTOR('',#3885,1.);
#426=VECTOR('',#3886,1.);
#427=VECTOR('',#3887,1.);
#428=VECTOR('',#3888,1.);
#429=VECTOR('',#3889,1.);
#430=VECTOR('',#3892,1.);
#431=VECTOR('',#3893,1.);
#432=VECTOR('',#3894,1.);
#433=VECTOR('',#3897,1.);
#434=VECTOR('',#3898,1.);
#435=VECTOR('',#3899,1.);
#436=VECTOR('',#3900,1.);
#437=VECTOR('',#3903,1.);
#438=VECTOR('',#3904,1.);
#439=VECTOR('',#3907,1.);
#440=VECTOR('',#3908,1.);
#441=VECTOR('',#3925,1.);
#442=VECTOR('',#3926,1.);
#443=VECTOR('',#3927,1.);
#444=VECTOR('',#3936,1.);
#445=VECTOR('',#3937,1.);
#446=VECTOR('',#3940,1.);
#447=VECTOR('',#3943,1.);
#448=VECTOR('',#3944,1.);
#449=VECTOR('',#3947,1.);
#450=VECTOR('',#3950,1.);
#451=VECTOR('',#3951,1.);
#452=VECTOR('',#3954,1.);
#453=VECTOR('',#3957,1.);
#454=VECTOR('',#3970,1.);
#455=VECTOR('',#3973,1.);
#456=VECTOR('',#3978,1.);
#457=VECTOR('',#3985,1.);
#458=VECTOR('',#3994,1.);
#459=VECTOR('',#3997,1.);
#460=VECTOR('',#4002,1.);
#461=VECTOR('',#4003,1.);
#462=VECTOR('',#4008,1.);
#463=VECTOR('',#4009,1.);
#464=VECTOR('',#4010,1.);
#465=VECTOR('',#4011,1.);
#466=VECTOR('',#4012,1.);
#467=VECTOR('',#4013,1.);
#468=VECTOR('',#4014,1.);
#469=VECTOR('',#4017,1.);
#470=VECTOR('',#4018,1.);
#471=VECTOR('',#4021,1.);
#472=VECTOR('',#4024,1.);
#473=VECTOR('',#4027,1.);
#474=VECTOR('',#4032,1.);
#475=VECTOR('',#4035,1.);
#476=VECTOR('',#4038,1.);
#477=VECTOR('',#4043,1.);
#478=VECTOR('',#4044,1.);
#479=VECTOR('',#4047,1.);
#480=VECTOR('',#4048,1.);
#481=VECTOR('',#4049,1.);
#482=VECTOR('',#4054,1.);
#483=VECTOR('',#4055,1.);
#484=VECTOR('',#4058,1.);
#485=VECTOR('',#4059,1.);
#486=VECTOR('',#4062,1.);
#487=VECTOR('',#4063,1.);
#488=VECTOR('',#4064,1.);
#489=VECTOR('',#4067,1.);
#490=VECTOR('',#4070,1.);
#491=VECTOR('',#4073,1.);
#492=VECTOR('',#4074,1.);
#493=VECTOR('',#4075,1.);
#494=VECTOR('',#4078,1.);
#495=VECTOR('',#4081,1.);
#496=VECTOR('',#4082,1.);
#497=VECTOR('',#4083,1.);
#498=VECTOR('',#4094,1.);
#499=VECTOR('',#4095,1.);
#500=VECTOR('',#4114,1.);
#501=VECTOR('',#4117,1.);
#502=VECTOR('',#4120,1.);
#503=VECTOR('',#4123,1.);
#504=VECTOR('',#4130,1.);
#505=VECTOR('',#4131,1.);
#506=VECTOR('',#4136,1.);
#507=VECTOR('',#4137,1.);
#508=VECTOR('',#4138,1.);
#509=VECTOR('',#4143,1.);
#510=VECTOR('',#4144,1.);
#511=VECTOR('',#4147,1.);
#512=VECTOR('',#4150,1.);
#513=VECTOR('',#4151,1.);
#514=VECTOR('',#4152,1.);
#515=VECTOR('',#4155,1.);
#516=VECTOR('',#4156,1.);
#517=VECTOR('',#4157,1.);
#518=VECTOR('',#4160,1.);
#519=VECTOR('',#4161,1.);
#520=VECTOR('',#4162,1.);
#521=VECTOR('',#4165,1.);
#522=VECTOR('',#4166,1.);
#523=VECTOR('',#4171,1.);
#524=VECTOR('',#4172,1.);
#525=VECTOR('',#4185,1.);
#526=VECTOR('',#4186,1.);
#527=VECTOR('',#4215,1.);
#528=VECTOR('',#4218,1.);
#529=VECTOR('',#4219,1.);
#530=VECTOR('',#4222,1.);
#531=VECTOR('',#4229,1.);
#532=VECTOR('',#4232,1.);
#533=VECTOR('',#4233,1.);
#534=VECTOR('',#4236,1.);
#535=VECTOR('',#4247,1.);
#536=VECTOR('',#4252,1.);
#537=VECTOR('',#4257,1.);
#538=VECTOR('',#4258,1.);
#539=VECTOR('',#4265,1.);
#540=VECTOR('',#4266,1.);
#541=VECTOR('',#4317,1.);
#542=VECTOR('',#4322,1.);
#543=VECTOR('',#4327,1.);
#544=VECTOR('',#4332,1.);
#545=VECTOR('',#4337,1.);
#546=VECTOR('',#4342,1.);
#547=VECTOR('',#4347,1.);
#548=VECTOR('',#4352,1.);
#549=VECTOR('',#4357,1.);
#550=VECTOR('',#4362,1.);
#551=VECTOR('',#4367,1.);
#552=VECTOR('',#4372,1.);
#553=VECTOR('',#4381,1.);
#554=VECTOR('',#4384,1.);
#555=VECTOR('',#4409,1.);
#556=VECTOR('',#4416,1.);
#557=VECTOR('',#4425,1.);
#558=VECTOR('',#4432,1.);
#559=VECTOR('',#4443,1.);
#560=VECTOR('',#4444,1.);
#561=VECTOR('',#4451,1.);
#562=VECTOR('',#4452,1.);
#563=VECTOR('',#4459,1.);
#564=VECTOR('',#4460,1.);
#565=VECTOR('',#4477,1.);
#566=VECTOR('',#4480,1.);
#567=VECTOR('',#4505,1.);
#568=VECTOR('',#4564,1.);
#569=VECTOR('',#4567,1.);
#570=VECTOR('',#4598,1.);
#571=ORIENTED_EDGE('',*,*,#1429,.F.);
#572=ORIENTED_EDGE('',*,*,#1430,.T.);
#573=ORIENTED_EDGE('',*,*,#1431,.F.);
#574=ORIENTED_EDGE('',*,*,#1432,.F.);
#575=ORIENTED_EDGE('',*,*,#1433,.F.);
#576=ORIENTED_EDGE('',*,*,#1434,.T.);
#577=ORIENTED_EDGE('',*,*,#1435,.F.);
#578=ORIENTED_EDGE('',*,*,#1436,.F.);
#579=ORIENTED_EDGE('',*,*,#1437,.F.);
#580=ORIENTED_EDGE('',*,*,#1438,.F.);
#581=ORIENTED_EDGE('',*,*,#1439,.T.);
#582=ORIENTED_EDGE('',*,*,#1440,.T.);
#583=ORIENTED_EDGE('',*,*,#1441,.F.);
#584=ORIENTED_EDGE('',*,*,#1442,.T.);
#585=ORIENTED_EDGE('',*,*,#1443,.T.);
#586=ORIENTED_EDGE('',*,*,#1444,.F.);
#587=ORIENTED_EDGE('',*,*,#1445,.F.);
#588=ORIENTED_EDGE('',*,*,#1446,.T.);
#589=ORIENTED_EDGE('',*,*,#1447,.T.);
#590=ORIENTED_EDGE('',*,*,#1448,.F.);
#591=ORIENTED_EDGE('',*,*,#1449,.F.);
#592=ORIENTED_EDGE('',*,*,#1450,.F.);
#593=ORIENTED_EDGE('',*,*,#1451,.T.);
#594=ORIENTED_EDGE('',*,*,#1452,.T.);
#595=ORIENTED_EDGE('',*,*,#1453,.F.);
#596=ORIENTED_EDGE('',*,*,#1454,.T.);
#597=ORIENTED_EDGE('',*,*,#1455,.T.);
#598=ORIENTED_EDGE('',*,*,#1456,.F.);
#599=ORIENTED_EDGE('',*,*,#1457,.F.);
#600=ORIENTED_EDGE('',*,*,#1458,.F.);
#601=ORIENTED_EDGE('',*,*,#1459,.T.);
#602=ORIENTED_EDGE('',*,*,#1460,.T.);
#603=ORIENTED_EDGE('',*,*,#1461,.T.);
#604=ORIENTED_EDGE('',*,*,#1462,.T.);
#605=ORIENTED_EDGE('',*,*,#1463,.F.);
#606=ORIENTED_EDGE('',*,*,#1464,.F.);
#607=ORIENTED_EDGE('',*,*,#1465,.F.);
#608=ORIENTED_EDGE('',*,*,#1466,.T.);
#609=ORIENTED_EDGE('',*,*,#1467,.T.);
#610=ORIENTED_EDGE('',*,*,#1468,.F.);
#611=ORIENTED_EDGE('',*,*,#1469,.F.);
#612=ORIENTED_EDGE('',*,*,#1470,.T.);
#613=ORIENTED_EDGE('',*,*,#1471,.T.);
#614=ORIENTED_EDGE('',*,*,#1472,.F.);
#615=ORIENTED_EDGE('',*,*,#1473,.F.);
#616=ORIENTED_EDGE('',*,*,#1474,.F.);
#617=ORIENTED_EDGE('',*,*,#1475,.T.);
#618=ORIENTED_EDGE('',*,*,#1476,.T.);
#619=ORIENTED_EDGE('',*,*,#1477,.T.);
#620=ORIENTED_EDGE('',*,*,#1478,.F.);
#621=ORIENTED_EDGE('',*,*,#1479,.F.);
#622=ORIENTED_EDGE('',*,*,#1480,.T.);
#623=ORIENTED_EDGE('',*,*,#1452,.F.);
#624=ORIENTED_EDGE('',*,*,#1481,.F.);
#625=ORIENTED_EDGE('',*,*,#1482,.F.);
#626=ORIENTED_EDGE('',*,*,#1483,.T.);
#627=ORIENTED_EDGE('',*,*,#1446,.F.);
#628=ORIENTED_EDGE('',*,*,#1484,.T.);
#629=ORIENTED_EDGE('',*,*,#1485,.F.);
#630=ORIENTED_EDGE('',*,*,#1486,.F.);
#631=ORIENTED_EDGE('',*,*,#1487,.T.);
#632=ORIENTED_EDGE('',*,*,#1460,.F.);
#633=ORIENTED_EDGE('',*,*,#1488,.F.);
#634=ORIENTED_EDGE('',*,*,#1489,.F.);
#635=ORIENTED_EDGE('',*,*,#1490,.T.);
#636=ORIENTED_EDGE('',*,*,#1454,.F.);
#637=ORIENTED_EDGE('',*,*,#1491,.T.);
#638=ORIENTED_EDGE('',*,*,#1492,.F.);
#639=ORIENTED_EDGE('',*,*,#1493,.F.);
#640=ORIENTED_EDGE('',*,*,#1494,.T.);
#641=ORIENTED_EDGE('',*,*,#1461,.F.);
#642=ORIENTED_EDGE('',*,*,#1495,.F.);
#643=ORIENTED_EDGE('',*,*,#1496,.F.);
#644=ORIENTED_EDGE('',*,*,#1497,.T.);
#645=ORIENTED_EDGE('',*,*,#1467,.F.);
#646=ORIENTED_EDGE('',*,*,#1498,.T.);
#647=ORIENTED_EDGE('',*,*,#1499,.F.);
#648=ORIENTED_EDGE('',*,*,#1500,.F.);
#649=ORIENTED_EDGE('',*,*,#1501,.T.);
#650=ORIENTED_EDGE('',*,*,#1476,.F.);
#651=ORIENTED_EDGE('',*,*,#1502,.F.);
#652=ORIENTED_EDGE('',*,*,#1503,.F.);
#653=ORIENTED_EDGE('',*,*,#1504,.T.);
#654=ORIENTED_EDGE('',*,*,#1470,.F.);
#655=ORIENTED_EDGE('',*,*,#1505,.F.);
#656=ORIENTED_EDGE('',*,*,#1506,.F.);
#657=ORIENTED_EDGE('',*,*,#1507,.T.);
#658=ORIENTED_EDGE('',*,*,#1508,.T.);
#659=ORIENTED_EDGE('',*,*,#1509,.T.);
#660=ORIENTED_EDGE('',*,*,#1510,.F.);
#661=ORIENTED_EDGE('',*,*,#1511,.T.);
#662=ORIENTED_EDGE('',*,*,#1512,.F.);
#663=ORIENTED_EDGE('',*,*,#1513,.T.);
#664=ORIENTED_EDGE('',*,*,#1514,.T.);
#665=ORIENTED_EDGE('',*,*,#1515,.T.);
#666=ORIENTED_EDGE('',*,*,#1516,.T.);
#667=ORIENTED_EDGE('',*,*,#1517,.T.);
#668=ORIENTED_EDGE('',*,*,#1474,.T.);
#669=ORIENTED_EDGE('',*,*,#1472,.T.);
#670=ORIENTED_EDGE('',*,*,#1518,.T.);
#671=ORIENTED_EDGE('',*,*,#1465,.T.);
#672=ORIENTED_EDGE('',*,*,#1463,.T.);
#673=ORIENTED_EDGE('',*,*,#1519,.F.);
#674=ORIENTED_EDGE('',*,*,#1520,.F.);
#675=ORIENTED_EDGE('',*,*,#1521,.F.);
#676=ORIENTED_EDGE('',*,*,#1516,.F.);
#677=ORIENTED_EDGE('',*,*,#1522,.T.);
#678=ORIENTED_EDGE('',*,*,#1523,.F.);
#679=ORIENTED_EDGE('',*,*,#1524,.F.);
#680=ORIENTED_EDGE('',*,*,#1525,.F.);
#681=ORIENTED_EDGE('',*,*,#1526,.F.);
#682=ORIENTED_EDGE('',*,*,#1527,.F.);
#683=ORIENTED_EDGE('',*,*,#1528,.F.);
#684=ORIENTED_EDGE('',*,*,#1529,.F.);
#685=ORIENTED_EDGE('',*,*,#1530,.T.);
#686=ORIENTED_EDGE('',*,*,#1508,.F.);
#687=ORIENTED_EDGE('',*,*,#1531,.F.);
#688=ORIENTED_EDGE('',*,*,#1532,.F.);
#689=ORIENTED_EDGE('',*,*,#1533,.T.);
#690=ORIENTED_EDGE('',*,*,#1534,.F.);
#691=ORIENTED_EDGE('',*,*,#1535,.F.);
#692=ORIENTED_EDGE('',*,*,#1536,.F.);
#693=ORIENTED_EDGE('',*,*,#1537,.T.);
#694=ORIENTED_EDGE('',*,*,#1538,.F.);
#695=ORIENTED_EDGE('',*,*,#1539,.T.);
#696=ORIENTED_EDGE('',*,*,#1540,.F.);
#697=ORIENTED_EDGE('',*,*,#1541,.T.);
#698=ORIENTED_EDGE('',*,*,#1542,.T.);
#699=ORIENTED_EDGE('',*,*,#1543,.F.);
#700=ORIENTED_EDGE('',*,*,#1544,.F.);
#701=ORIENTED_EDGE('',*,*,#1545,.F.);
#702=ORIENTED_EDGE('',*,*,#1546,.F.);
#703=ORIENTED_EDGE('',*,*,#1547,.T.);
#704=ORIENTED_EDGE('',*,*,#1548,.T.);
#705=ORIENTED_EDGE('',*,*,#1549,.F.);
#706=ORIENTED_EDGE('',*,*,#1550,.F.);
#707=ORIENTED_EDGE('',*,*,#1551,.F.);
#708=ORIENTED_EDGE('',*,*,#1552,.T.);
#709=ORIENTED_EDGE('',*,*,#1553,.F.);
#710=ORIENTED_EDGE('',*,*,#1554,.T.);
#711=ORIENTED_EDGE('',*,*,#1555,.T.);
#712=ORIENTED_EDGE('',*,*,#1553,.T.);
#713=ORIENTED_EDGE('',*,*,#1556,.T.);
#714=ORIENTED_EDGE('',*,*,#1557,.F.);
#715=ORIENTED_EDGE('',*,*,#1558,.T.);
#716=ORIENTED_EDGE('',*,*,#1557,.T.);
#717=ORIENTED_EDGE('',*,*,#1559,.F.);
#718=ORIENTED_EDGE('',*,*,#1560,.T.);
#719=ORIENTED_EDGE('',*,*,#1546,.T.);
#720=ORIENTED_EDGE('',*,*,#1561,.F.);
#721=ORIENTED_EDGE('',*,*,#1562,.F.);
#722=ORIENTED_EDGE('',*,*,#1563,.F.);
#723=ORIENTED_EDGE('',*,*,#1564,.F.);
#724=ORIENTED_EDGE('',*,*,#1563,.T.);
#725=ORIENTED_EDGE('',*,*,#1565,.F.);
#726=ORIENTED_EDGE('',*,*,#1566,.F.);
#727=ORIENTED_EDGE('',*,*,#1567,.F.);
#728=ORIENTED_EDGE('',*,*,#1542,.F.);
#729=ORIENTED_EDGE('',*,*,#1568,.F.);
#730=ORIENTED_EDGE('',*,*,#1569,.T.);
#731=ORIENTED_EDGE('',*,*,#1566,.T.);
#732=ORIENTED_EDGE('',*,*,#1570,.T.);
#733=ORIENTED_EDGE('',*,*,#1571,.T.);
#734=ORIENTED_EDGE('',*,*,#1541,.F.);
#735=ORIENTED_EDGE('',*,*,#1572,.F.);
#736=ORIENTED_EDGE('',*,*,#1573,.T.);
#737=ORIENTED_EDGE('',*,*,#1568,.T.);
#738=ORIENTED_EDGE('',*,*,#1540,.T.);
#739=ORIENTED_EDGE('',*,*,#1574,.T.);
#740=ORIENTED_EDGE('',*,*,#1575,.F.);
#741=ORIENTED_EDGE('',*,*,#1572,.T.);
#742=ORIENTED_EDGE('',*,*,#1576,.F.);
#743=ORIENTED_EDGE('',*,*,#1545,.T.);
#744=ORIENTED_EDGE('',*,*,#1577,.T.);
#745=ORIENTED_EDGE('',*,*,#1537,.F.);
#746=ORIENTED_EDGE('',*,*,#1578,.T.);
#747=ORIENTED_EDGE('',*,*,#1579,.F.);
#748=ORIENTED_EDGE('',*,*,#1580,.F.);
#749=ORIENTED_EDGE('',*,*,#1581,.T.);
#750=ORIENTED_EDGE('',*,*,#1582,.T.);
#751=ORIENTED_EDGE('',*,*,#1555,.F.);
#752=ORIENTED_EDGE('',*,*,#1583,.F.);
#753=ORIENTED_EDGE('',*,*,#1544,.T.);
#754=ORIENTED_EDGE('',*,*,#1491,.F.);
#755=ORIENTED_EDGE('',*,*,#1498,.F.);
#756=ORIENTED_EDGE('',*,*,#1484,.F.);
#757=ORIENTED_EDGE('',*,*,#1477,.F.);
#758=ORIENTED_EDGE('',*,*,#1575,.T.);
#759=ORIENTED_EDGE('',*,*,#1584,.T.);
#760=ORIENTED_EDGE('',*,*,#1514,.F.);
#761=ORIENTED_EDGE('',*,*,#1585,.T.);
#762=ORIENTED_EDGE('',*,*,#1586,.T.);
#763=ORIENTED_EDGE('',*,*,#1587,.T.);
#764=ORIENTED_EDGE('',*,*,#1588,.F.);
#765=ORIENTED_EDGE('',*,*,#1589,.F.);
#766=ORIENTED_EDGE('',*,*,#1590,.T.);
#767=ORIENTED_EDGE('',*,*,#1536,.T.);
#768=ORIENTED_EDGE('',*,*,#1591,.T.);
#769=ORIENTED_EDGE('',*,*,#1592,.T.);
#770=ORIENTED_EDGE('',*,*,#1593,.T.);
#771=ORIENTED_EDGE('',*,*,#1594,.T.);
#772=ORIENTED_EDGE('',*,*,#1595,.F.);
#773=ORIENTED_EDGE('',*,*,#1596,.F.);
#774=ORIENTED_EDGE('',*,*,#1510,.T.);
#775=ORIENTED_EDGE('',*,*,#1597,.T.);
#776=ORIENTED_EDGE('',*,*,#1580,.T.);
#777=ORIENTED_EDGE('',*,*,#1554,.F.);
#778=ORIENTED_EDGE('',*,*,#1558,.F.);
#779=ORIENTED_EDGE('',*,*,#1564,.T.);
#780=ORIENTED_EDGE('',*,*,#1567,.T.);
#781=ORIENTED_EDGE('',*,*,#1569,.F.);
#782=ORIENTED_EDGE('',*,*,#1573,.F.);
#783=ORIENTED_EDGE('',*,*,#1578,.F.);
#784=ORIENTED_EDGE('',*,*,#1577,.F.);
#785=ORIENTED_EDGE('',*,*,#1576,.T.);
#786=ORIENTED_EDGE('',*,*,#1583,.T.);
#787=ORIENTED_EDGE('',*,*,#1598,.F.);
#788=ORIENTED_EDGE('',*,*,#1599,.T.);
#789=ORIENTED_EDGE('',*,*,#1600,.T.);
#790=ORIENTED_EDGE('',*,*,#1601,.T.);
#791=ORIENTED_EDGE('',*,*,#1602,.F.);
#792=ORIENTED_EDGE('',*,*,#1603,.T.);
#793=ORIENTED_EDGE('',*,*,#1604,.F.);
#794=ORIENTED_EDGE('',*,*,#1605,.F.);
#795=ORIENTED_EDGE('',*,*,#1606,.T.);
#796=ORIENTED_EDGE('',*,*,#1607,.F.);
#797=ORIENTED_EDGE('',*,*,#1608,.T.);
#798=ORIENTED_EDGE('',*,*,#1609,.T.);
#799=ORIENTED_EDGE('',*,*,#1610,.T.);
#800=ORIENTED_EDGE('',*,*,#1611,.F.);
#801=ORIENTED_EDGE('',*,*,#1612,.T.);
#802=ORIENTED_EDGE('',*,*,#1613,.F.);
#803=ORIENTED_EDGE('',*,*,#1614,.T.);
#804=ORIENTED_EDGE('',*,*,#1615,.F.);
#805=ORIENTED_EDGE('',*,*,#1616,.F.);
#806=ORIENTED_EDGE('',*,*,#1617,.F.);
#807=ORIENTED_EDGE('',*,*,#1618,.F.);
#808=ORIENTED_EDGE('',*,*,#1619,.T.);
#809=ORIENTED_EDGE('',*,*,#1620,.F.);
#810=ORIENTED_EDGE('',*,*,#1621,.F.);
#811=ORIENTED_EDGE('',*,*,#1622,.F.);
#812=ORIENTED_EDGE('',*,*,#1623,.T.);
#813=ORIENTED_EDGE('',*,*,#1582,.F.);
#814=ORIENTED_EDGE('',*,*,#1624,.T.);
#815=ORIENTED_EDGE('',*,*,#1625,.F.);
#816=ORIENTED_EDGE('',*,*,#1626,.T.);
#817=ORIENTED_EDGE('',*,*,#1550,.T.);
#818=ORIENTED_EDGE('',*,*,#1579,.T.);
#819=ORIENTED_EDGE('',*,*,#1523,.T.);
#820=ORIENTED_EDGE('',*,*,#1627,.T.);
#821=ORIENTED_EDGE('',*,*,#1628,.F.);
#822=ORIENTED_EDGE('',*,*,#1629,.F.);
#823=ORIENTED_EDGE('',*,*,#1570,.F.);
#824=ORIENTED_EDGE('',*,*,#1565,.T.);
#825=ORIENTED_EDGE('',*,*,#1562,.T.);
#826=ORIENTED_EDGE('',*,*,#1630,.F.);
#827=ORIENTED_EDGE('',*,*,#1631,.T.);
#828=ORIENTED_EDGE('',*,*,#1632,.T.);
#829=ORIENTED_EDGE('',*,*,#1559,.T.);
#830=ORIENTED_EDGE('',*,*,#1556,.F.);
#831=ORIENTED_EDGE('',*,*,#1552,.F.);
#832=ORIENTED_EDGE('',*,*,#1633,.T.);
#833=ORIENTED_EDGE('',*,*,#1634,.F.);
#834=ORIENTED_EDGE('',*,*,#1635,.T.);
#835=ORIENTED_EDGE('',*,*,#1529,.T.);
#836=ORIENTED_EDGE('',*,*,#1636,.F.);
#837=ORIENTED_EDGE('',*,*,#1534,.T.);
#838=ORIENTED_EDGE('',*,*,#1637,.T.);
#839=ORIENTED_EDGE('',*,*,#1633,.F.);
#840=ORIENTED_EDGE('',*,*,#1551,.T.);
#841=ORIENTED_EDGE('',*,*,#1626,.F.);
#842=ORIENTED_EDGE('',*,*,#1638,.F.);
#843=ORIENTED_EDGE('',*,*,#1632,.F.);
#844=ORIENTED_EDGE('',*,*,#1639,.T.);
#845=ORIENTED_EDGE('',*,*,#1547,.F.);
#846=ORIENTED_EDGE('',*,*,#1560,.F.);
#847=ORIENTED_EDGE('',*,*,#1631,.F.);
#848=ORIENTED_EDGE('',*,*,#1640,.T.);
#849=ORIENTED_EDGE('',*,*,#1548,.F.);
#850=ORIENTED_EDGE('',*,*,#1639,.F.);
#851=ORIENTED_EDGE('',*,*,#1640,.F.);
#852=ORIENTED_EDGE('',*,*,#1630,.T.);
#853=ORIENTED_EDGE('',*,*,#1561,.T.);
#854=ORIENTED_EDGE('',*,*,#1549,.T.);
#855=ORIENTED_EDGE('',*,*,#1571,.F.);
#856=ORIENTED_EDGE('',*,*,#1629,.T.);
#857=ORIENTED_EDGE('',*,*,#1641,.T.);
#858=ORIENTED_EDGE('',*,*,#1543,.T.);
#859=ORIENTED_EDGE('',*,*,#1628,.T.);
#860=ORIENTED_EDGE('',*,*,#1642,.T.);
#861=ORIENTED_EDGE('',*,*,#1538,.T.);
#862=ORIENTED_EDGE('',*,*,#1641,.F.);
#863=ORIENTED_EDGE('',*,*,#1625,.T.);
#864=ORIENTED_EDGE('',*,*,#1643,.T.);
#865=ORIENTED_EDGE('',*,*,#1634,.T.);
#866=ORIENTED_EDGE('',*,*,#1638,.T.);
#867=ORIENTED_EDGE('',*,*,#1644,.T.);
#868=ORIENTED_EDGE('',*,*,#1645,.T.);
#869=ORIENTED_EDGE('',*,*,#1646,.F.);
#870=ORIENTED_EDGE('',*,*,#1647,.T.);
#871=ORIENTED_EDGE('',*,*,#1648,.T.);
#872=ORIENTED_EDGE('',*,*,#1616,.T.);
#873=ORIENTED_EDGE('',*,*,#1649,.T.);
#874=ORIENTED_EDGE('',*,*,#1650,.F.);
#875=ORIENTED_EDGE('',*,*,#1651,.T.);
#876=ORIENTED_EDGE('',*,*,#1652,.F.);
#877=ORIENTED_EDGE('',*,*,#1592,.F.);
#878=ORIENTED_EDGE('',*,*,#1653,.T.);
#879=ORIENTED_EDGE('',*,*,#1654,.T.);
#880=ORIENTED_EDGE('',*,*,#1655,.T.);
#881=ORIENTED_EDGE('',*,*,#1593,.F.);
#882=ORIENTED_EDGE('',*,*,#1652,.T.);
#883=ORIENTED_EDGE('',*,*,#1656,.T.);
#884=ORIENTED_EDGE('',*,*,#1657,.T.);
#885=ORIENTED_EDGE('',*,*,#1623,.F.);
#886=ORIENTED_EDGE('',*,*,#1658,.T.);
#887=ORIENTED_EDGE('',*,*,#1659,.F.);
#888=ORIENTED_EDGE('',*,*,#1660,.T.);
#889=ORIENTED_EDGE('',*,*,#1661,.T.);
#890=ORIENTED_EDGE('',*,*,#1662,.T.);
#891=ORIENTED_EDGE('',*,*,#1663,.T.);
#892=ORIENTED_EDGE('',*,*,#1664,.T.);
#893=ORIENTED_EDGE('',*,*,#1612,.F.);
#894=ORIENTED_EDGE('',*,*,#1665,.T.);
#895=ORIENTED_EDGE('',*,*,#1666,.F.);
#896=ORIENTED_EDGE('',*,*,#1653,.F.);
#897=ORIENTED_EDGE('',*,*,#1591,.F.);
#898=ORIENTED_EDGE('',*,*,#1535,.T.);
#899=ORIENTED_EDGE('',*,*,#1636,.T.);
#900=ORIENTED_EDGE('',*,*,#1528,.T.);
#901=ORIENTED_EDGE('',*,*,#1667,.T.);
#902=ORIENTED_EDGE('',*,*,#1621,.T.);
#903=ORIENTED_EDGE('',*,*,#1668,.T.);
#904=ORIENTED_EDGE('',*,*,#1669,.F.);
#905=ORIENTED_EDGE('',*,*,#1431,.T.);
#906=ORIENTED_EDGE('',*,*,#1433,.T.);
#907=ORIENTED_EDGE('',*,*,#1670,.F.);
#908=ORIENTED_EDGE('',*,*,#1527,.T.);
#909=ORIENTED_EDGE('',*,*,#1671,.T.);
#910=ORIENTED_EDGE('',*,*,#1672,.T.);
#911=ORIENTED_EDGE('',*,*,#1531,.T.);
#912=ORIENTED_EDGE('',*,*,#1507,.F.);
#913=ORIENTED_EDGE('',*,*,#1673,.F.);
#914=ORIENTED_EDGE('',*,*,#1674,.F.);
#915=ORIENTED_EDGE('',*,*,#1675,.T.);
#916=ORIENTED_EDGE('',*,*,#1654,.F.);
#917=ORIENTED_EDGE('',*,*,#1651,.F.);
#918=ORIENTED_EDGE('',*,*,#1666,.T.);
#919=ORIENTED_EDGE('',*,*,#1676,.T.);
#920=ORIENTED_EDGE('',*,*,#1656,.F.);
#921=ORIENTED_EDGE('',*,*,#1677,.T.);
#922=ORIENTED_EDGE('',*,*,#1669,.T.);
#923=ORIENTED_EDGE('',*,*,#1678,.T.);
#924=ORIENTED_EDGE('',*,*,#1661,.F.);
#925=ORIENTED_EDGE('',*,*,#1518,.F.);
#926=ORIENTED_EDGE('',*,*,#1679,.T.);
#927=ORIENTED_EDGE('',*,*,#1670,.T.);
#928=ORIENTED_EDGE('',*,*,#1644,.F.);
#929=ORIENTED_EDGE('',*,*,#1680,.T.);
#930=ORIENTED_EDGE('',*,*,#1663,.F.);
#931=ORIENTED_EDGE('',*,*,#1681,.T.);
#932=ORIENTED_EDGE('',*,*,#1650,.T.);
#933=ORIENTED_EDGE('',*,*,#1682,.T.);
#934=ORIENTED_EDGE('',*,*,#1649,.F.);
#935=ORIENTED_EDGE('',*,*,#1615,.T.);
#936=ORIENTED_EDGE('',*,*,#1683,.T.);
#937=ORIENTED_EDGE('',*,*,#1645,.F.);
#938=ORIENTED_EDGE('',*,*,#1682,.F.);
#939=ORIENTED_EDGE('',*,*,#1647,.F.);
#940=ORIENTED_EDGE('',*,*,#1684,.F.);
#941=ORIENTED_EDGE('',*,*,#1613,.T.);
#942=ORIENTED_EDGE('',*,*,#1664,.F.);
#943=ORIENTED_EDGE('',*,*,#1680,.F.);
#944=ORIENTED_EDGE('',*,*,#1660,.F.);
#945=ORIENTED_EDGE('',*,*,#1685,.F.);
#946=ORIENTED_EDGE('',*,*,#1618,.T.);
#947=ORIENTED_EDGE('',*,*,#1657,.F.);
#948=ORIENTED_EDGE('',*,*,#1676,.F.);
#949=ORIENTED_EDGE('',*,*,#1668,.F.);
#950=ORIENTED_EDGE('',*,*,#1620,.T.);
#951=ORIENTED_EDGE('',*,*,#1686,.T.);
#952=ORIENTED_EDGE('',*,*,#1662,.F.);
#953=ORIENTED_EDGE('',*,*,#1678,.F.);
#954=ORIENTED_EDGE('',*,*,#1658,.F.);
#955=ORIENTED_EDGE('',*,*,#1622,.T.);
#956=ORIENTED_EDGE('',*,*,#1667,.F.);
#957=ORIENTED_EDGE('',*,*,#1677,.F.);
#958=ORIENTED_EDGE('',*,*,#1665,.F.);
#959=ORIENTED_EDGE('',*,*,#1611,.T.);
#960=ORIENTED_EDGE('',*,*,#1648,.F.);
#961=ORIENTED_EDGE('',*,*,#1681,.F.);
#962=ORIENTED_EDGE('',*,*,#1687,.T.);
#963=ORIENTED_EDGE('',*,*,#1605,.T.);
#964=ORIENTED_EDGE('',*,*,#1688,.T.);
#965=ORIENTED_EDGE('',*,*,#1689,.F.);
#966=ORIENTED_EDGE('',*,*,#1690,.T.);
#967=ORIENTED_EDGE('',*,*,#1607,.T.);
#968=ORIENTED_EDGE('',*,*,#1691,.T.);
#969=ORIENTED_EDGE('',*,*,#1692,.F.);
#970=ORIENTED_EDGE('',*,*,#1693,.F.);
#971=ORIENTED_EDGE('',*,*,#1694,.F.);
#972=ORIENTED_EDGE('',*,*,#1589,.T.);
#973=ORIENTED_EDGE('',*,*,#1695,.T.);
#974=ORIENTED_EDGE('',*,*,#1696,.T.);
#975=ORIENTED_EDGE('',*,*,#1524,.T.);
#976=ORIENTED_EDGE('',*,*,#1637,.F.);
#977=ORIENTED_EDGE('',*,*,#1533,.F.);
#978=ORIENTED_EDGE('',*,*,#1590,.F.);
#979=ORIENTED_EDGE('',*,*,#1694,.T.);
#980=ORIENTED_EDGE('',*,*,#1697,.T.);
#981=ORIENTED_EDGE('',*,*,#1598,.T.);
#982=ORIENTED_EDGE('',*,*,#1698,.T.);
#983=ORIENTED_EDGE('',*,*,#1699,.F.);
#984=ORIENTED_EDGE('',*,*,#1700,.T.);
#985=ORIENTED_EDGE('',*,*,#1701,.T.);
#986=ORIENTED_EDGE('',*,*,#1600,.F.);
#987=ORIENTED_EDGE('',*,*,#1702,.T.);
#988=ORIENTED_EDGE('',*,*,#1703,.T.);
#989=ORIENTED_EDGE('',*,*,#1704,.T.);
#990=ORIENTED_EDGE('',*,*,#1609,.F.);
#991=ORIENTED_EDGE('',*,*,#1705,.T.);
#992=ORIENTED_EDGE('',*,*,#1588,.T.);
#993=ORIENTED_EDGE('',*,*,#1706,.T.);
#994=ORIENTED_EDGE('',*,*,#1707,.F.);
#995=ORIENTED_EDGE('',*,*,#1695,.F.);
#996=ORIENTED_EDGE('',*,*,#1708,.F.);
#997=ORIENTED_EDGE('',*,*,#1709,.T.);
#998=ORIENTED_EDGE('',*,*,#1602,.T.);
#999=ORIENTED_EDGE('',*,*,#1710,.T.);
#1000=ORIENTED_EDGE('',*,*,#1442,.F.);
#1001=ORIENTED_EDGE('',*,*,#1440,.F.);
#1002=ORIENTED_EDGE('',*,*,#1711,.T.);
#1003=ORIENTED_EDGE('',*,*,#1521,.T.);
#1004=ORIENTED_EDGE('',*,*,#1712,.T.);
#1005=ORIENTED_EDGE('',*,*,#1713,.T.);
#1006=ORIENTED_EDGE('',*,*,#1525,.T.);
#1007=ORIENTED_EDGE('',*,*,#1696,.F.);
#1008=ORIENTED_EDGE('',*,*,#1693,.T.);
#1009=ORIENTED_EDGE('',*,*,#1707,.T.);
#1010=ORIENTED_EDGE('',*,*,#1714,.T.);
#1011=ORIENTED_EDGE('',*,*,#1715,.T.);
#1012=ORIENTED_EDGE('',*,*,#1716,.T.);
#1013=ORIENTED_EDGE('',*,*,#1512,.T.);
#1014=ORIENTED_EDGE('',*,*,#1717,.T.);
#1015=ORIENTED_EDGE('',*,*,#1700,.F.);
#1016=ORIENTED_EDGE('',*,*,#1718,.T.);
#1017=ORIENTED_EDGE('',*,*,#1699,.T.);
#1018=ORIENTED_EDGE('',*,*,#1719,.T.);
#1019=ORIENTED_EDGE('',*,*,#1708,.T.);
#1020=ORIENTED_EDGE('',*,*,#1692,.T.);
#1021=ORIENTED_EDGE('',*,*,#1720,.T.);
#1022=ORIENTED_EDGE('',*,*,#1689,.T.);
#1023=ORIENTED_EDGE('',*,*,#1721,.T.);
#1024=ORIENTED_EDGE('',*,*,#1703,.F.);
#1025=ORIENTED_EDGE('',*,*,#1722,.T.);
#1026=ORIENTED_EDGE('',*,*,#1711,.F.);
#1027=ORIENTED_EDGE('',*,*,#1723,.T.);
#1028=ORIENTED_EDGE('',*,*,#1517,.F.);
#1029=ORIENTED_EDGE('',*,*,#1688,.F.);
#1030=ORIENTED_EDGE('',*,*,#1610,.F.);
#1031=ORIENTED_EDGE('',*,*,#1704,.F.);
#1032=ORIENTED_EDGE('',*,*,#1721,.F.);
#1033=ORIENTED_EDGE('',*,*,#1691,.F.);
#1034=ORIENTED_EDGE('',*,*,#1606,.F.);
#1035=ORIENTED_EDGE('',*,*,#1687,.F.);
#1036=ORIENTED_EDGE('',*,*,#1720,.F.);
#1037=ORIENTED_EDGE('',*,*,#1698,.F.);
#1038=ORIENTED_EDGE('',*,*,#1603,.F.);
#1039=ORIENTED_EDGE('',*,*,#1709,.F.);
#1040=ORIENTED_EDGE('',*,*,#1719,.F.);
#1041=ORIENTED_EDGE('',*,*,#1710,.F.);
#1042=ORIENTED_EDGE('',*,*,#1601,.F.);
#1043=ORIENTED_EDGE('',*,*,#1701,.F.);
#1044=ORIENTED_EDGE('',*,*,#1717,.F.);
#1045=ORIENTED_EDGE('',*,*,#1702,.F.);
#1046=ORIENTED_EDGE('',*,*,#1599,.F.);
#1047=ORIENTED_EDGE('',*,*,#1697,.F.);
#1048=ORIENTED_EDGE('',*,*,#1718,.F.);
#1049=ORIENTED_EDGE('',*,*,#1705,.F.);
#1050=ORIENTED_EDGE('',*,*,#1608,.F.);
#1051=ORIENTED_EDGE('',*,*,#1690,.F.);
#1052=ORIENTED_EDGE('',*,*,#1722,.F.);
#1053=ORIENTED_EDGE('',*,*,#1724,.F.);
#1054=ORIENTED_EDGE('',*,*,#1725,.F.);
#1055=ORIENTED_EDGE('',*,*,#1726,.T.);
#1056=ORIENTED_EDGE('',*,*,#1444,.T.);
#1057=ORIENTED_EDGE('',*,*,#1727,.F.);
#1058=ORIENTED_EDGE('',*,*,#1728,.F.);
#1059=ORIENTED_EDGE('',*,*,#1729,.T.);
#1060=ORIENTED_EDGE('',*,*,#1438,.T.);
#1061=ORIENTED_EDGE('',*,*,#1604,.T.);
#1062=ORIENTED_EDGE('',*,*,#1619,.F.);
#1063=ORIENTED_EDGE('',*,*,#1685,.T.);
#1064=ORIENTED_EDGE('',*,*,#1659,.T.);
#1065=ORIENTED_EDGE('',*,*,#1686,.F.);
#1066=ORIENTED_EDGE('',*,*,#1614,.F.);
#1067=ORIENTED_EDGE('',*,*,#1684,.T.);
#1068=ORIENTED_EDGE('',*,*,#1646,.T.);
#1069=ORIENTED_EDGE('',*,*,#1683,.F.);
#1070=ORIENTED_EDGE('',*,*,#1730,.F.);
#1071=ORIENTED_EDGE('',*,*,#1731,.F.);
#1072=ORIENTED_EDGE('',*,*,#1732,.T.);
#1073=ORIENTED_EDGE('',*,*,#1429,.T.);
#1074=ORIENTED_EDGE('',*,*,#1733,.F.);
#1075=ORIENTED_EDGE('',*,*,#1734,.F.);
#1076=ORIENTED_EDGE('',*,*,#1735,.T.);
#1077=ORIENTED_EDGE('',*,*,#1435,.T.);
#1078=ORIENTED_EDGE('',*,*,#1617,.T.);
#1079=ORIENTED_EDGE('',*,*,#1584,.F.);
#1080=ORIENTED_EDGE('',*,*,#1574,.F.);
#1081=ORIENTED_EDGE('',*,*,#1539,.F.);
#1082=ORIENTED_EDGE('',*,*,#1642,.F.);
#1083=ORIENTED_EDGE('',*,*,#1627,.F.);
#1084=ORIENTED_EDGE('',*,*,#1522,.F.);
#1085=ORIENTED_EDGE('',*,*,#1515,.F.);
#1086=ORIENTED_EDGE('',*,*,#1597,.F.);
#1087=ORIENTED_EDGE('',*,*,#1509,.F.);
#1088=ORIENTED_EDGE('',*,*,#1530,.F.);
#1089=ORIENTED_EDGE('',*,*,#1635,.F.);
#1090=ORIENTED_EDGE('',*,*,#1643,.F.);
#1091=ORIENTED_EDGE('',*,*,#1624,.F.);
#1092=ORIENTED_EDGE('',*,*,#1581,.F.);
#1093=ORIENTED_EDGE('',*,*,#1458,.T.);
#1094=ORIENTED_EDGE('',*,*,#1456,.T.);
#1095=ORIENTED_EDGE('',*,*,#1679,.F.);
#1096=ORIENTED_EDGE('',*,*,#1450,.T.);
#1097=ORIENTED_EDGE('',*,*,#1448,.T.);
#1098=ORIENTED_EDGE('',*,*,#1723,.F.);
#1099=ORIENTED_EDGE('',*,*,#1526,.T.);
#1100=ORIENTED_EDGE('',*,*,#1736,.T.);
#1101=ORIENTED_EDGE('',*,*,#1671,.F.);
#1102=ORIENTED_EDGE('',*,*,#1532,.T.);
#1103=ORIENTED_EDGE('',*,*,#1672,.F.);
#1104=ORIENTED_EDGE('',*,*,#1736,.F.);
#1105=ORIENTED_EDGE('',*,*,#1519,.T.);
#1106=ORIENTED_EDGE('',*,*,#1713,.F.);
#1107=ORIENTED_EDGE('',*,*,#1737,.F.);
#1108=ORIENTED_EDGE('',*,*,#1520,.T.);
#1109=ORIENTED_EDGE('',*,*,#1737,.T.);
#1110=ORIENTED_EDGE('',*,*,#1712,.F.);
#1111=ORIENTED_EDGE('',*,*,#1715,.F.);
#1112=ORIENTED_EDGE('',*,*,#1738,.T.);
#1113=ORIENTED_EDGE('',*,*,#1586,.F.);
#1114=ORIENTED_EDGE('',*,*,#1739,.F.);
#1115=ORIENTED_EDGE('',*,*,#1740,.F.);
#1116=ORIENTED_EDGE('',*,*,#1716,.F.);
#1117=ORIENTED_EDGE('',*,*,#1739,.T.);
#1118=ORIENTED_EDGE('',*,*,#1585,.F.);
#1119=ORIENTED_EDGE('',*,*,#1513,.F.);
#1120=ORIENTED_EDGE('',*,*,#1595,.T.);
#1121=ORIENTED_EDGE('',*,*,#1741,.T.);
#1122=ORIENTED_EDGE('',*,*,#1674,.T.);
#1123=ORIENTED_EDGE('',*,*,#1742,.T.);
#1124=ORIENTED_EDGE('',*,*,#1743,.F.);
#1125=ORIENTED_EDGE('',*,*,#1742,.F.);
#1126=ORIENTED_EDGE('',*,*,#1673,.T.);
#1127=ORIENTED_EDGE('',*,*,#1506,.T.);
#1128=ORIENTED_EDGE('',*,*,#1596,.T.);
#1129=ORIENTED_EDGE('',*,*,#1714,.F.);
#1130=ORIENTED_EDGE('',*,*,#1706,.F.);
#1131=ORIENTED_EDGE('',*,*,#1587,.F.);
#1132=ORIENTED_EDGE('',*,*,#1738,.F.);
#1133=ORIENTED_EDGE('',*,*,#1675,.F.);
#1134=ORIENTED_EDGE('',*,*,#1741,.F.);
#1135=ORIENTED_EDGE('',*,*,#1594,.F.);
#1136=ORIENTED_EDGE('',*,*,#1655,.F.);
#1137=ORIENTED_EDGE('',*,*,#1744,.F.);
#1138=ORIENTED_EDGE('',*,*,#1740,.T.);
#1139=ORIENTED_EDGE('',*,*,#1745,.F.);
#1140=ORIENTED_EDGE('',*,*,#1744,.T.);
#1141=ORIENTED_EDGE('',*,*,#1746,.F.);
#1142=ORIENTED_EDGE('',*,*,#1743,.T.);
#1143=ORIENTED_EDGE('',*,*,#1747,.F.);
#1144=ORIENTED_EDGE('',*,*,#1746,.T.);
#1145=ORIENTED_EDGE('',*,*,#1748,.T.);
#1146=ORIENTED_EDGE('',*,*,#1748,.F.);
#1147=ORIENTED_EDGE('',*,*,#1745,.T.);
#1148=ORIENTED_EDGE('',*,*,#1749,.T.);
#1149=ORIENTED_EDGE('',*,*,#1749,.F.);
#1150=ORIENTED_EDGE('',*,*,#1747,.T.);
#1151=ORIENTED_EDGE('',*,*,#1511,.F.);
#1152=ORIENTED_EDGE('',*,*,#1750,.F.);
#1153=ORIENTED_EDGE('',*,*,#1750,.T.);
#1154=ORIENTED_EDGE('',*,*,#1751,.F.);
#1155=ORIENTED_EDGE('',*,*,#1505,.T.);
#1156=ORIENTED_EDGE('',*,*,#1751,.T.);
#1157=ORIENTED_EDGE('',*,*,#1471,.F.);
#1158=ORIENTED_EDGE('',*,*,#1504,.F.);
#1159=ORIENTED_EDGE('',*,*,#1752,.T.);
#1160=ORIENTED_EDGE('',*,*,#1502,.T.);
#1161=ORIENTED_EDGE('',*,*,#1475,.F.);
#1162=ORIENTED_EDGE('',*,*,#1752,.F.);
#1163=ORIENTED_EDGE('',*,*,#1503,.T.);
#1164=ORIENTED_EDGE('',*,*,#1469,.T.);
#1165=ORIENTED_EDGE('',*,*,#1473,.T.);
#1166=ORIENTED_EDGE('',*,*,#1501,.F.);
#1167=ORIENTED_EDGE('',*,*,#1753,.F.);
#1168=ORIENTED_EDGE('',*,*,#1499,.T.);
#1169=ORIENTED_EDGE('',*,*,#1753,.T.);
#1170=ORIENTED_EDGE('',*,*,#1500,.T.);
#1171=ORIENTED_EDGE('',*,*,#1464,.T.);
#1172=ORIENTED_EDGE('',*,*,#1468,.T.);
#1173=ORIENTED_EDGE('',*,*,#1497,.F.);
#1174=ORIENTED_EDGE('',*,*,#1754,.F.);
#1175=ORIENTED_EDGE('',*,*,#1495,.T.);
#1176=ORIENTED_EDGE('',*,*,#1754,.T.);
#1177=ORIENTED_EDGE('',*,*,#1496,.T.);
#1178=ORIENTED_EDGE('',*,*,#1462,.F.);
#1179=ORIENTED_EDGE('',*,*,#1494,.F.);
#1180=ORIENTED_EDGE('',*,*,#1755,.T.);
#1181=ORIENTED_EDGE('',*,*,#1492,.T.);
#1182=ORIENTED_EDGE('',*,*,#1466,.F.);
#1183=ORIENTED_EDGE('',*,*,#1755,.F.);
#1184=ORIENTED_EDGE('',*,*,#1493,.T.);
#1185=ORIENTED_EDGE('',*,*,#1455,.F.);
#1186=ORIENTED_EDGE('',*,*,#1490,.F.);
#1187=ORIENTED_EDGE('',*,*,#1756,.T.);
#1188=ORIENTED_EDGE('',*,*,#1488,.T.);
#1189=ORIENTED_EDGE('',*,*,#1459,.F.);
#1190=ORIENTED_EDGE('',*,*,#1756,.F.);
#1191=ORIENTED_EDGE('',*,*,#1489,.T.);
#1192=ORIENTED_EDGE('',*,*,#1453,.T.);
#1193=ORIENTED_EDGE('',*,*,#1457,.T.);
#1194=ORIENTED_EDGE('',*,*,#1487,.F.);
#1195=ORIENTED_EDGE('',*,*,#1757,.F.);
#1196=ORIENTED_EDGE('',*,*,#1485,.T.);
#1197=ORIENTED_EDGE('',*,*,#1757,.T.);
#1198=ORIENTED_EDGE('',*,*,#1486,.T.);
#1199=ORIENTED_EDGE('',*,*,#1447,.F.);
#1200=ORIENTED_EDGE('',*,*,#1483,.F.);
#1201=ORIENTED_EDGE('',*,*,#1758,.T.);
#1202=ORIENTED_EDGE('',*,*,#1481,.T.);
#1203=ORIENTED_EDGE('',*,*,#1451,.F.);
#1204=ORIENTED_EDGE('',*,*,#1758,.F.);
#1205=ORIENTED_EDGE('',*,*,#1482,.T.);
#1206=ORIENTED_EDGE('',*,*,#1445,.T.);
#1207=ORIENTED_EDGE('',*,*,#1449,.T.);
#1208=ORIENTED_EDGE('',*,*,#1480,.F.);
#1209=ORIENTED_EDGE('',*,*,#1759,.F.);
#1210=ORIENTED_EDGE('',*,*,#1478,.T.);
#1211=ORIENTED_EDGE('',*,*,#1759,.T.);
#1212=ORIENTED_EDGE('',*,*,#1479,.T.);
#1213=ORIENTED_EDGE('',*,*,#1733,.T.);
#1214=ORIENTED_EDGE('',*,*,#1432,.T.);
#1215=ORIENTED_EDGE('',*,*,#1436,.T.);
#1216=ORIENTED_EDGE('',*,*,#1735,.F.);
#1217=ORIENTED_EDGE('',*,*,#1760,.T.);
#1218=ORIENTED_EDGE('',*,*,#1760,.F.);
#1219=ORIENTED_EDGE('',*,*,#1734,.T.);
#1220=ORIENTED_EDGE('',*,*,#1430,.F.);
#1221=ORIENTED_EDGE('',*,*,#1732,.F.);
#1222=ORIENTED_EDGE('',*,*,#1761,.F.);
#1223=ORIENTED_EDGE('',*,*,#1730,.T.);
#1224=ORIENTED_EDGE('',*,*,#1434,.F.);
#1225=ORIENTED_EDGE('',*,*,#1761,.T.);
#1226=ORIENTED_EDGE('',*,*,#1731,.T.);
#1227=ORIENTED_EDGE('',*,*,#1439,.F.);
#1228=ORIENTED_EDGE('',*,*,#1729,.F.);
#1229=ORIENTED_EDGE('',*,*,#1762,.F.);
#1230=ORIENTED_EDGE('',*,*,#1727,.T.);
#1231=ORIENTED_EDGE('',*,*,#1443,.F.);
#1232=ORIENTED_EDGE('',*,*,#1762,.T.);
#1233=ORIENTED_EDGE('',*,*,#1728,.T.);
#1234=ORIENTED_EDGE('',*,*,#1724,.T.);
#1235=ORIENTED_EDGE('',*,*,#1437,.T.);
#1236=ORIENTED_EDGE('',*,*,#1441,.T.);
#1237=ORIENTED_EDGE('',*,*,#1726,.F.);
#1238=ORIENTED_EDGE('',*,*,#1763,.T.);
#1239=ORIENTED_EDGE('',*,*,#1763,.F.);
#1240=ORIENTED_EDGE('',*,*,#1725,.T.);
#1241=ORIENTED_EDGE('',*,*,#1764,.T.);
#1242=ORIENTED_EDGE('',*,*,#1765,.F.);
#1243=ORIENTED_EDGE('',*,*,#1766,.F.);
#1244=ORIENTED_EDGE('',*,*,#1767,.T.);
#1245=ORIENTED_EDGE('',*,*,#1768,.T.);
#1246=ORIENTED_EDGE('',*,*,#1769,.F.);
#1247=ORIENTED_EDGE('',*,*,#1770,.T.);
#1248=ORIENTED_EDGE('',*,*,#1771,.F.);
#1249=ORIENTED_EDGE('',*,*,#1772,.T.);
#1250=ORIENTED_EDGE('',*,*,#1773,.T.);
#1251=ORIENTED_EDGE('',*,*,#1774,.T.);
#1252=ORIENTED_EDGE('',*,*,#1775,.T.);
#1253=ORIENTED_EDGE('',*,*,#1766,.T.);
#1254=ORIENTED_EDGE('',*,*,#1776,.T.);
#1255=ORIENTED_EDGE('',*,*,#1777,.F.);
#1256=ORIENTED_EDGE('',*,*,#1778,.T.);
#1257=ORIENTED_EDGE('',*,*,#1779,.F.);
#1258=ORIENTED_EDGE('',*,*,#1780,.F.);
#1259=ORIENTED_EDGE('',*,*,#1781,.F.);
#1260=ORIENTED_EDGE('',*,*,#1782,.F.);
#1261=ORIENTED_EDGE('',*,*,#1783,.T.);
#1262=ORIENTED_EDGE('',*,*,#1764,.F.);
#1263=ORIENTED_EDGE('',*,*,#1784,.F.);
#1264=ORIENTED_EDGE('',*,*,#1785,.F.);
#1265=ORIENTED_EDGE('',*,*,#1786,.F.);
#1266=ORIENTED_EDGE('',*,*,#1787,.T.);
#1267=ORIENTED_EDGE('',*,*,#1788,.T.);
#1268=ORIENTED_EDGE('',*,*,#1789,.F.);
#1269=ORIENTED_EDGE('',*,*,#1769,.T.);
#1270=ORIENTED_EDGE('',*,*,#1771,.T.);
#1271=ORIENTED_EDGE('',*,*,#1790,.F.);
#1272=ORIENTED_EDGE('',*,*,#1791,.F.);
#1273=ORIENTED_EDGE('',*,*,#1792,.T.);
#1274=ORIENTED_EDGE('',*,*,#1790,.T.);
#1275=ORIENTED_EDGE('',*,*,#1787,.F.);
#1276=ORIENTED_EDGE('',*,*,#1793,.F.);
#1277=ORIENTED_EDGE('',*,*,#1779,.T.);
#1278=ORIENTED_EDGE('',*,*,#1794,.T.);
#1279=ORIENTED_EDGE('',*,*,#1795,.T.);
#1280=ORIENTED_EDGE('',*,*,#1791,.T.);
#1281=ORIENTED_EDGE('',*,*,#1796,.F.);
#1282=ORIENTED_EDGE('',*,*,#1789,.T.);
#1283=ORIENTED_EDGE('',*,*,#1797,.T.);
#1284=ORIENTED_EDGE('',*,*,#1777,.T.);
#1285=ORIENTED_EDGE('',*,*,#1783,.F.);
#1286=ORIENTED_EDGE('',*,*,#1796,.T.);
#1287=ORIENTED_EDGE('',*,*,#1776,.F.);
#1288=ORIENTED_EDGE('',*,*,#1765,.T.);
#1289=ORIENTED_EDGE('',*,*,#1788,.F.);
#1290=ORIENTED_EDGE('',*,*,#1794,.F.);
#1291=ORIENTED_EDGE('',*,*,#1778,.F.);
#1292=ORIENTED_EDGE('',*,*,#1797,.F.);
#1293=ORIENTED_EDGE('',*,*,#1798,.F.);
#1294=ORIENTED_EDGE('',*,*,#1785,.T.);
#1295=ORIENTED_EDGE('',*,*,#1799,.T.);
#1296=ORIENTED_EDGE('',*,*,#1781,.T.);
#1297=ORIENTED_EDGE('',*,*,#1793,.T.);
#1298=ORIENTED_EDGE('',*,*,#1786,.T.);
#1299=ORIENTED_EDGE('',*,*,#1798,.T.);
#1300=ORIENTED_EDGE('',*,*,#1780,.T.);
#1301=ORIENTED_EDGE('',*,*,#1799,.F.);
#1302=ORIENTED_EDGE('',*,*,#1784,.T.);
#1303=ORIENTED_EDGE('',*,*,#1767,.F.);
#1304=ORIENTED_EDGE('',*,*,#1782,.T.);
#1305=ORIENTED_EDGE('',*,*,#1792,.F.);
#1306=ORIENTED_EDGE('',*,*,#1772,.F.);
#1307=ORIENTED_EDGE('',*,*,#1795,.F.);
#1308=ORIENTED_EDGE('',*,*,#1773,.F.);
#1309=ORIENTED_EDGE('',*,*,#1774,.F.);
#1310=ORIENTED_EDGE('',*,*,#1768,.F.);
#1311=ORIENTED_EDGE('',*,*,#1775,.F.);
#1312=ORIENTED_EDGE('',*,*,#1770,.F.);
#1313=ORIENTED_EDGE('',*,*,#1800,.F.);
#1314=ORIENTED_EDGE('',*,*,#1801,.F.);
#1315=ORIENTED_EDGE('',*,*,#1802,.F.);
#1316=ORIENTED_EDGE('',*,*,#1803,.F.);
#1317=ORIENTED_EDGE('',*,*,#1804,.F.);
#1318=ORIENTED_EDGE('',*,*,#1805,.F.);
#1319=ORIENTED_EDGE('',*,*,#1806,.F.);
#1320=ORIENTED_EDGE('',*,*,#1807,.T.);
#1321=ORIENTED_EDGE('',*,*,#1808,.T.);
#1322=ORIENTED_EDGE('',*,*,#1809,.T.);
#1323=ORIENTED_EDGE('',*,*,#1810,.T.);
#1324=ORIENTED_EDGE('',*,*,#1811,.T.);
#1325=ORIENTED_EDGE('',*,*,#1812,.F.);
#1326=ORIENTED_EDGE('',*,*,#1813,.F.);
#1327=ORIENTED_EDGE('',*,*,#1814,.T.);
#1328=ORIENTED_EDGE('',*,*,#1815,.F.);
#1329=ORIENTED_EDGE('',*,*,#1816,.F.);
#1330=ORIENTED_EDGE('',*,*,#1805,.T.);
#1331=ORIENTED_EDGE('',*,*,#1804,.T.);
#1332=ORIENTED_EDGE('',*,*,#1803,.T.);
#1333=ORIENTED_EDGE('',*,*,#1802,.T.);
#1334=ORIENTED_EDGE('',*,*,#1801,.T.);
#1335=ORIENTED_EDGE('',*,*,#1817,.F.);
#1336=ORIENTED_EDGE('',*,*,#1818,.T.);
#1337=ORIENTED_EDGE('',*,*,#1819,.T.);
#1338=ORIENTED_EDGE('',*,*,#1809,.F.);
#1339=ORIENTED_EDGE('',*,*,#1808,.F.);
#1340=ORIENTED_EDGE('',*,*,#1811,.F.);
#1341=ORIENTED_EDGE('',*,*,#1810,.F.);
#1342=ORIENTED_EDGE('',*,*,#1812,.T.);
#1343=ORIENTED_EDGE('',*,*,#1814,.F.);
#1344=ORIENTED_EDGE('',*,*,#1820,.T.);
#1345=ORIENTED_EDGE('',*,*,#1818,.F.);
#1346=ORIENTED_EDGE('',*,*,#1821,.T.);
#1347=ORIENTED_EDGE('',*,*,#1820,.F.);
#1348=ORIENTED_EDGE('',*,*,#1822,.T.);
#1349=ORIENTED_EDGE('',*,*,#1819,.F.);
#1350=ORIENTED_EDGE('',*,*,#1815,.T.);
#1351=ORIENTED_EDGE('',*,*,#1822,.F.);
#1352=ORIENTED_EDGE('',*,*,#1823,.F.);
#1353=ORIENTED_EDGE('',*,*,#1823,.T.);
#1354=ORIENTED_EDGE('',*,*,#1821,.F.);
#1355=ORIENTED_EDGE('',*,*,#1824,.F.);
#1356=ORIENTED_EDGE('',*,*,#1817,.T.);
#1357=ORIENTED_EDGE('',*,*,#1825,.T.);
#1358=ORIENTED_EDGE('',*,*,#1824,.T.);
#1359=ORIENTED_EDGE('',*,*,#1826,.F.);
#1360=ORIENTED_EDGE('',*,*,#1825,.F.);
#1361=ORIENTED_EDGE('',*,*,#1813,.T.);
#1362=ORIENTED_EDGE('',*,*,#1826,.T.);
#1363=ORIENTED_EDGE('',*,*,#1827,.F.);
#1364=ORIENTED_EDGE('',*,*,#1807,.F.);
#1365=ORIENTED_EDGE('',*,*,#1828,.F.);
#1366=ORIENTED_EDGE('',*,*,#1828,.T.);
#1367=ORIENTED_EDGE('',*,*,#1800,.T.);
#1368=ORIENTED_EDGE('',*,*,#1827,.T.);
#1369=ORIENTED_EDGE('',*,*,#1806,.T.);
#1370=ORIENTED_EDGE('',*,*,#1816,.T.);
#1371=ORIENTED_EDGE('',*,*,#1829,.F.);
#1372=ORIENTED_EDGE('',*,*,#1830,.T.);
#1373=ORIENTED_EDGE('',*,*,#1831,.T.);
#1374=ORIENTED_EDGE('',*,*,#1832,.T.);
#1375=ORIENTED_EDGE('',*,*,#1833,.T.);
#1376=ORIENTED_EDGE('',*,*,#1834,.T.);
#1377=ORIENTED_EDGE('',*,*,#1835,.F.);
#1378=ORIENTED_EDGE('',*,*,#1836,.T.);
#1379=ORIENTED_EDGE('',*,*,#1837,.F.);
#1380=ORIENTED_EDGE('',*,*,#1838,.F.);
#1381=ORIENTED_EDGE('',*,*,#1839,.F.);
#1382=ORIENTED_EDGE('',*,*,#1840,.F.);
#1383=ORIENTED_EDGE('',*,*,#1841,.T.);
#1384=ORIENTED_EDGE('',*,*,#1842,.T.);
#1385=ORIENTED_EDGE('',*,*,#1843,.F.);
#1386=ORIENTED_EDGE('',*,*,#1844,.T.);
#1387=ORIENTED_EDGE('',*,*,#1845,.F.);
#1388=ORIENTED_EDGE('',*,*,#1846,.F.);
#1389=ORIENTED_EDGE('',*,*,#1840,.T.);
#1390=ORIENTED_EDGE('',*,*,#1839,.T.);
#1391=ORIENTED_EDGE('',*,*,#1838,.T.);
#1392=ORIENTED_EDGE('',*,*,#1837,.T.);
#1393=ORIENTED_EDGE('',*,*,#1847,.F.);
#1394=ORIENTED_EDGE('',*,*,#1834,.F.);
#1395=ORIENTED_EDGE('',*,*,#1833,.F.);
#1396=ORIENTED_EDGE('',*,*,#1832,.F.);
#1397=ORIENTED_EDGE('',*,*,#1831,.F.);
#1398=ORIENTED_EDGE('',*,*,#1830,.F.);
#1399=ORIENTED_EDGE('',*,*,#1848,.T.);
#1400=ORIENTED_EDGE('',*,*,#1841,.F.);
#1401=ORIENTED_EDGE('',*,*,#1843,.T.);
#1402=ORIENTED_EDGE('',*,*,#1849,.F.);
#1403=ORIENTED_EDGE('',*,*,#1845,.T.);
#1404=ORIENTED_EDGE('',*,*,#1850,.F.);
#1405=ORIENTED_EDGE('',*,*,#1849,.T.);
#1406=ORIENTED_EDGE('',*,*,#1851,.F.);
#1407=ORIENTED_EDGE('',*,*,#1846,.T.);
#1408=ORIENTED_EDGE('',*,*,#1844,.F.);
#1409=ORIENTED_EDGE('',*,*,#1851,.T.);
#1410=ORIENTED_EDGE('',*,*,#1852,.T.);
#1411=ORIENTED_EDGE('',*,*,#1852,.F.);
#1412=ORIENTED_EDGE('',*,*,#1850,.T.);
#1413=ORIENTED_EDGE('',*,*,#1853,.T.);
#1414=ORIENTED_EDGE('',*,*,#1848,.F.);
#1415=ORIENTED_EDGE('',*,*,#1854,.F.);
#1416=ORIENTED_EDGE('',*,*,#1853,.F.);
#1417=ORIENTED_EDGE('',*,*,#1855,.T.);
#1418=ORIENTED_EDGE('',*,*,#1854,.T.);
#1419=ORIENTED_EDGE('',*,*,#1842,.F.);
#1420=ORIENTED_EDGE('',*,*,#1855,.F.);
#1421=ORIENTED_EDGE('',*,*,#1856,.F.);
#1422=ORIENTED_EDGE('',*,*,#1836,.F.);
#1423=ORIENTED_EDGE('',*,*,#1857,.F.);
#1424=ORIENTED_EDGE('',*,*,#1857,.T.);
#1425=ORIENTED_EDGE('',*,*,#1829,.T.);
#1426=ORIENTED_EDGE('',*,*,#1856,.T.);
#1427=ORIENTED_EDGE('',*,*,#1835,.T.);
#1428=ORIENTED_EDGE('',*,*,#1847,.T.);
#1429=EDGE_CURVE('',#1858,#1859,#2170,.F.);
#1430=EDGE_CURVE('',#1858,#1860,#141,.T.);
#1431=EDGE_CURVE('',#1861,#1860,#2171,.T.);
#1432=EDGE_CURVE('',#1859,#1861,#142,.T.);
#1433=EDGE_CURVE('',#1860,#1861,#2172,.T.);
#1434=EDGE_CURVE('',#1860,#1862,#143,.T.);
#1435=EDGE_CURVE('',#1863,#1862,#2173,.F.);
#1436=EDGE_CURVE('',#1861,#1863,#144,.T.);
#1437=EDGE_CURVE('',#1864,#1865,#145,.T.);
#1438=EDGE_CURVE('',#1866,#1864,#2174,.F.);
#1439=EDGE_CURVE('',#1866,#1867,#146,.T.);
#1440=EDGE_CURVE('',#1867,#1865,#2175,.T.);
#1441=EDGE_CURVE('',#1865,#1868,#147,.T.);
#1442=EDGE_CURVE('',#1865,#1867,#2176,.T.);
#1443=EDGE_CURVE('',#1867,#1869,#148,.T.);
#1444=EDGE_CURVE('',#1868,#1869,#2177,.F.);
#1445=EDGE_CURVE('',#1870,#1871,#149,.T.);
#1446=EDGE_CURVE('',#1870,#1872,#2178,.T.);
#1447=EDGE_CURVE('',#1872,#1873,#150,.T.);
#1448=EDGE_CURVE('',#1871,#1873,#2179,.T.);
#1449=EDGE_CURVE('',#1871,#1874,#151,.T.);
#1450=EDGE_CURVE('',#1873,#1871,#2180,.T.);
#1451=EDGE_CURVE('',#1873,#1875,#152,.T.);
#1452=EDGE_CURVE('',#1875,#1874,#2181,.T.);
#1453=EDGE_CURVE('',#1876,#1877,#153,.T.);
#1454=EDGE_CURVE('',#1876,#1878,#2182,.T.);
#1455=EDGE_CURVE('',#1878,#1879,#154,.T.);
#1456=EDGE_CURVE('',#1877,#1879,#2183,.T.);
#1457=EDGE_CURVE('',#1877,#1880,#155,.T.);
#1458=EDGE_CURVE('',#1879,#1877,#2184,.T.);
#1459=EDGE_CURVE('',#1879,#1881,#156,.T.);
#1460=EDGE_CURVE('',#1881,#1880,#2185,.T.);
#1461=EDGE_CURVE('',#1882,#1883,#2186,.T.);
#1462=EDGE_CURVE('',#1883,#1884,#157,.T.);
#1463=EDGE_CURVE('',#1885,#1884,#2187,.T.);
#1464=EDGE_CURVE('',#1882,#1885,#158,.T.);
#1465=EDGE_CURVE('',#1884,#1885,#2188,.T.);
#1466=EDGE_CURVE('',#1884,#1886,#159,.T.);
#1467=EDGE_CURVE('',#1886,#1887,#2189,.T.);
#1468=EDGE_CURVE('',#1885,#1887,#160,.T.);
#1469=EDGE_CURVE('',#1888,#1889,#161,.T.);
#1470=EDGE_CURVE('',#1888,#1890,#2190,.T.);
#1471=EDGE_CURVE('',#1890,#1891,#162,.T.);
#1472=EDGE_CURVE('',#1889,#1891,#2191,.T.);
#1473=EDGE_CURVE('',#1889,#1892,#163,.T.);
#1474=EDGE_CURVE('',#1891,#1889,#2192,.T.);
#1475=EDGE_CURVE('',#1891,#1893,#164,.T.);
#1476=EDGE_CURVE('',#1893,#1892,#2193,.T.);
#1477=EDGE_CURVE('',#1894,#1894,#2194,.T.);
#1478=EDGE_CURVE('',#1895,#1870,#165,.T.);
#1479=EDGE_CURVE('',#1896,#1895,#2195,.T.);
#1480=EDGE_CURVE('',#1896,#1874,#166,.T.);
#1481=EDGE_CURVE('',#1897,#1875,#167,.T.);
#1482=EDGE_CURVE('',#1898,#1897,#2196,.T.);
#1483=EDGE_CURVE('',#1898,#1872,#168,.T.);
#1484=EDGE_CURVE('',#1899,#1899,#2197,.T.);
#1485=EDGE_CURVE('',#1900,#1876,#169,.T.);
#1486=EDGE_CURVE('',#1901,#1900,#2198,.T.);
#1487=EDGE_CURVE('',#1901,#1880,#170,.T.);
#1488=EDGE_CURVE('',#1902,#1881,#171,.T.);
#1489=EDGE_CURVE('',#1903,#1902,#2199,.T.);
#1490=EDGE_CURVE('',#1903,#1878,#172,.T.);
#1491=EDGE_CURVE('',#1904,#1904,#2200,.T.);
#1492=EDGE_CURVE('',#1905,#1886,#173,.T.);
#1493=EDGE_CURVE('',#1906,#1905,#2201,.T.);
#1494=EDGE_CURVE('',#1906,#1883,#174,.T.);
#1495=EDGE_CURVE('',#1907,#1882,#175,.T.);
#1496=EDGE_CURVE('',#1908,#1907,#2202,.T.);
#1497=EDGE_CURVE('',#1908,#1887,#176,.T.);
#1498=EDGE_CURVE('',#1909,#1909,#2203,.T.);
#1499=EDGE_CURVE('',#1910,#1888,#177,.T.);
#1500=EDGE_CURVE('',#1911,#1910,#2204,.T.);
#1501=EDGE_CURVE('',#1911,#1892,#178,.T.);
#1502=EDGE_CURVE('',#1912,#1893,#179,.T.);
#1503=EDGE_CURVE('',#1913,#1912,#2205,.T.);
#1504=EDGE_CURVE('',#1913,#1890,#180,.T.);
#1505=EDGE_CURVE('',#1914,#1914,#59,.F.);
#1506=EDGE_CURVE('',#1915,#1916,#181,.T.);
#1507=EDGE_CURVE('',#1915,#1917,#182,.T.);
#1508=EDGE_CURVE('',#1917,#1918,#35,.T.);
#1509=EDGE_CURVE('',#1918,#1919,#183,.F.);
#1510=EDGE_CURVE('',#1916,#1919,#184,.T.);
#1511=EDGE_CURVE('',#1920,#1920,#60,.F.);
#1512=EDGE_CURVE('',#1921,#1922,#185,.T.);
#1513=EDGE_CURVE('',#1921,#1923,#186,.T.);
#1514=EDGE_CURVE('',#1923,#1924,#187,.T.);
#1515=EDGE_CURVE('',#1924,#1925,#188,.T.);
#1516=EDGE_CURVE('',#1925,#1922,#36,.F.);
#1517=EDGE_CURVE('',#1926,#1926,#2206,.T.);
#1518=EDGE_CURVE('',#1927,#1927,#2207,.T.);
#1519=EDGE_CURVE('',#1928,#1929,#37,.T.);
#1520=EDGE_CURVE('',#1930,#1928,#38,.T.);
#1521=EDGE_CURVE('',#1922,#1930,#39,.T.);
#1522=EDGE_CURVE('',#1925,#1931,#40,.T.);
#1523=EDGE_CURVE('',#1932,#1931,#41,.T.);
#1524=EDGE_CURVE('',#1933,#1932,#42,.T.);
#1525=EDGE_CURVE('',#1929,#1933,#43,.T.);
#1526=EDGE_CURVE('',#1934,#1935,#44,.T.);
#1527=EDGE_CURVE('',#1936,#1934,#45,.T.);
#1528=EDGE_CURVE('',#1937,#1936,#46,.F.);
#1529=EDGE_CURVE('',#1938,#1937,#47,.T.);
#1530=EDGE_CURVE('',#1938,#1918,#48,.T.);
#1531=EDGE_CURVE('',#1939,#1917,#49,.T.);
#1532=EDGE_CURVE('',#1935,#1939,#50,.T.);
#1533=EDGE_CURVE('',#1940,#1941,#189,.T.);
#1534=EDGE_CURVE('',#1942,#1941,#61,.F.);
#1535=EDGE_CURVE('',#1943,#1942,#190,.T.);
#1536=EDGE_CURVE('',#1940,#1943,#62,.T.);
#1537=EDGE_CURVE('',#1944,#1944,#2208,.T.);
#1538=EDGE_CURVE('',#1945,#1946,#191,.T.);
#1539=EDGE_CURVE('',#1945,#1947,#2209,.F.);
#1540=EDGE_CURVE('',#1948,#1947,#192,.T.);
#1541=EDGE_CURVE('',#1948,#1949,#193,.T.);
#1542=EDGE_CURVE('',#1949,#1950,#194,.T.);
#1543=EDGE_CURVE('',#1946,#1950,#195,.T.);
#1544=EDGE_CURVE('',#1951,#1951,#2210,.T.);
#1545=EDGE_CURVE('',#1952,#1952,#2211,.T.);
#1546=EDGE_CURVE('',#1953,#1954,#196,.T.);
#1547=EDGE_CURVE('',#1953,#1955,#197,.T.);
#1548=EDGE_CURVE('',#1955,#1956,#198,.T.);
#1549=EDGE_CURVE('',#1954,#1956,#199,.T.);
#1550=EDGE_CURVE('',#1957,#1958,#200,.T.);
#1551=EDGE_CURVE('',#1959,#1957,#201,.T.);
#1552=EDGE_CURVE('',#1959,#1960,#202,.T.);
#1553=EDGE_CURVE('',#1961,#1960,#203,.T.);
#1554=EDGE_CURVE('',#1961,#1962,#204,.T.);
#1555=EDGE_CURVE('',#1962,#1958,#205,.T.);
#1556=EDGE_CURVE('',#1960,#1963,#206,.T.);
#1557=EDGE_CURVE('',#1964,#1963,#207,.T.);
#1558=EDGE_CURVE('',#1964,#1961,#208,.T.);
#1559=EDGE_CURVE('',#1965,#1963,#209,.T.);
#1560=EDGE_CURVE('',#1965,#1953,#210,.T.);
#1561=EDGE_CURVE('',#1966,#1954,#211,.T.);
#1562=EDGE_CURVE('',#1967,#1966,#212,.T.);
#1563=EDGE_CURVE('',#1968,#1967,#213,.T.);
#1564=EDGE_CURVE('',#1964,#1968,#214,.T.);
#1565=EDGE_CURVE('',#1969,#1967,#215,.T.);
#1566=EDGE_CURVE('',#1970,#1969,#216,.T.);
#1567=EDGE_CURVE('',#1968,#1970,#217,.T.);
#1568=EDGE_CURVE('',#1971,#1949,#218,.T.);
#1569=EDGE_CURVE('',#1971,#1970,#219,.T.);
#1570=EDGE_CURVE('',#1969,#1972,#220,.T.);
#1571=EDGE_CURVE('',#1972,#1950,#221,.T.);
#1572=EDGE_CURVE('',#1973,#1948,#222,.T.);
#1573=EDGE_CURVE('',#1973,#1971,#223,.T.);
#1574=EDGE_CURVE('',#1947,#1974,#224,.F.);
#1575=EDGE_CURVE('',#1973,#1974,#225,.T.);
#1576=EDGE_CURVE('',#1975,#1975,#2212,.T.);
#1577=EDGE_CURVE('',#1976,#1976,#2213,.T.);
#1578=EDGE_CURVE('',#1977,#1977,#2214,.T.);
#1579=EDGE_CURVE('',#1978,#1978,#2215,.T.);
#1580=EDGE_CURVE('',#1979,#1962,#226,.T.);
#1581=EDGE_CURVE('',#1979,#1980,#227,.T.);
#1582=EDGE_CURVE('',#1980,#1958,#228,.T.);
#1583=EDGE_CURVE('',#1981,#1981,#2216,.T.);
#1584=EDGE_CURVE('',#1974,#1924,#2217,.T.);
#1585=EDGE_CURVE('',#1923,#1982,#229,.T.);
#1586=EDGE_CURVE('',#1982,#1983,#230,.T.);
#1587=EDGE_CURVE('',#1983,#1984,#2218,.F.);
#1588=EDGE_CURVE('',#1985,#1984,#231,.T.);
#1589=EDGE_CURVE('',#1986,#1985,#2219,.F.);
#1590=EDGE_CURVE('',#1986,#1940,#232,.T.);
#1591=EDGE_CURVE('',#1943,#1987,#233,.T.);
#1592=EDGE_CURVE('',#1987,#1988,#2220,.T.);
#1593=EDGE_CURVE('',#1988,#1989,#234,.T.);
#1594=EDGE_CURVE('',#1989,#1990,#2221,.F.);
#1595=EDGE_CURVE('',#1991,#1990,#235,.T.);
#1596=EDGE_CURVE('',#1916,#1991,#236,.T.);
#1597=EDGE_CURVE('',#1919,#1979,#2222,.T.);
#1598=EDGE_CURVE('',#1992,#1993,#237,.T.);
#1599=EDGE_CURVE('',#1992,#1994,#2223,.F.);
#1600=EDGE_CURVE('',#1994,#1995,#238,.T.);
#1601=EDGE_CURVE('',#1995,#1996,#2224,.F.);
#1602=EDGE_CURVE('',#1997,#1996,#2225,.T.);
#1603=EDGE_CURVE('',#1997,#1993,#2226,.F.);
#1604=EDGE_CURVE('',#1998,#1998,#2227,.T.);
#1605=EDGE_CURVE('',#1999,#2000,#2228,.T.);
#1606=EDGE_CURVE('',#1999,#2001,#2229,.F.);
#1607=EDGE_CURVE('',#2002,#2001,#239,.T.);
#1608=EDGE_CURVE('',#2002,#2003,#2230,.F.);
#1609=EDGE_CURVE('',#2003,#2004,#240,.T.);
#1610=EDGE_CURVE('',#2004,#2000,#2231,.F.);
#1611=EDGE_CURVE('',#2005,#2006,#2232,.T.);
#1612=EDGE_CURVE('',#2005,#2007,#241,.T.);
#1613=EDGE_CURVE('',#2008,#2007,#2233,.T.);
#1614=EDGE_CURVE('',#2008,#2009,#2234,.F.);
#1615=EDGE_CURVE('',#2010,#2009,#2235,.T.);
#1616=EDGE_CURVE('',#2006,#2010,#242,.T.);
#1617=EDGE_CURVE('',#2011,#2011,#2236,.T.);
#1618=EDGE_CURVE('',#2012,#2013,#2237,.T.);
#1619=EDGE_CURVE('',#2012,#2014,#2238,.F.);
#1620=EDGE_CURVE('',#2015,#2014,#2239,.T.);
#1621=EDGE_CURVE('',#2016,#2015,#243,.T.);
#1622=EDGE_CURVE('',#2017,#2016,#2240,.T.);
#1623=EDGE_CURVE('',#2017,#2013,#244,.T.);
#1624=EDGE_CURVE('',#1980,#2018,#2241,.F.);
#1625=EDGE_CURVE('',#2019,#2018,#245,.T.);
#1626=EDGE_CURVE('',#2019,#1957,#246,.T.);
#1627=EDGE_CURVE('',#1931,#2020,#2242,.F.);
#1628=EDGE_CURVE('',#2021,#2020,#247,.T.);
#1629=EDGE_CURVE('',#1972,#2021,#248,.T.);
#1630=EDGE_CURVE('',#2022,#1966,#249,.T.);
#1631=EDGE_CURVE('',#2022,#2023,#250,.T.);
#1632=EDGE_CURVE('',#2023,#1965,#251,.T.);
#1633=EDGE_CURVE('',#1959,#2024,#252,.T.);
#1634=EDGE_CURVE('',#2025,#2024,#253,.T.);
#1635=EDGE_CURVE('',#2025,#1938,#2243,.F.);
#1636=EDGE_CURVE('',#1942,#1937,#254,.F.);
#1637=EDGE_CURVE('',#1941,#1932,#255,.T.);
#1638=EDGE_CURVE('',#2024,#2019,#256,.T.);
#1639=EDGE_CURVE('',#2023,#1955,#257,.T.);
#1640=EDGE_CURVE('',#2022,#1956,#258,.T.);
#1641=EDGE_CURVE('',#2021,#1946,#259,.T.);
#1642=EDGE_CURVE('',#2020,#1945,#260,.T.);
#1643=EDGE_CURVE('',#2018,#2025,#261,.T.);
#1644=EDGE_CURVE('',#2026,#2027,#2244,.T.);
#1645=EDGE_CURVE('',#2027,#2028,#262,.F.);
#1646=EDGE_CURVE('',#2029,#2028,#51,.T.);
#1647=EDGE_CURVE('',#2029,#2026,#263,.T.);
#1648=EDGE_CURVE('',#2030,#2006,#264,.F.);
#1649=EDGE_CURVE('',#2010,#2031,#265,.T.);
#1650=EDGE_CURVE('',#2030,#2031,#266,.T.);
#1651=EDGE_CURVE('',#2032,#2033,#2245,.T.);
#1652=EDGE_CURVE('',#1988,#2033,#267,.T.);
#1653=EDGE_CURVE('',#1987,#2032,#268,.T.);
#1654=EDGE_CURVE('',#2033,#2034,#269,.T.);
#1655=EDGE_CURVE('',#2034,#1989,#270,.T.);
#1656=EDGE_CURVE('',#2035,#2036,#271,.T.);
#1657=EDGE_CURVE('',#2036,#2013,#272,.T.);
#1658=EDGE_CURVE('',#2017,#2035,#273,.T.);
#1659=EDGE_CURVE('',#2037,#2038,#52,.T.);
#1660=EDGE_CURVE('',#2037,#2039,#274,.T.);
#1661=EDGE_CURVE('',#2039,#2040,#2246,.T.);
#1662=EDGE_CURVE('',#2040,#2038,#275,.F.);
#1663=EDGE_CURVE('',#2041,#2042,#276,.T.);
#1664=EDGE_CURVE('',#2042,#2007,#277,.T.);
#1665=EDGE_CURVE('',#2005,#2041,#278,.T.);
#1666=EDGE_CURVE('',#2032,#1936,#279,.T.);
#1667=EDGE_CURVE('',#2043,#2016,#280,.F.);
#1668=EDGE_CURVE('',#2015,#2044,#281,.T.);
#1669=EDGE_CURVE('',#2043,#2044,#282,.T.);
#1670=EDGE_CURVE('',#2045,#2045,#2247,.T.);
#1671=EDGE_CURVE('',#1934,#2046,#2248,.T.);
#1672=EDGE_CURVE('',#2046,#1939,#2249,.T.);
#1673=EDGE_CURVE('',#2047,#1915,#283,.T.);
#1674=EDGE_CURVE('',#2048,#2047,#284,.T.);
#1675=EDGE_CURVE('',#2048,#2034,#2250,.T.);
#1676=EDGE_CURVE('',#2039,#2036,#2251,.T.);
#1677=EDGE_CURVE('',#2035,#2043,#2252,.T.);
#1678=EDGE_CURVE('',#2044,#2040,#2253,.T.);
#1679=EDGE_CURVE('',#2049,#2049,#2254,.T.);
#1680=EDGE_CURVE('',#2026,#2042,#2255,.T.);
#1681=EDGE_CURVE('',#2041,#2030,#2256,.T.);
#1682=EDGE_CURVE('',#2031,#2027,#2257,.T.);
#1683=EDGE_CURVE('',#2009,#2028,#285,.T.);
#1684=EDGE_CURVE('',#2008,#2029,#286,.T.);
#1685=EDGE_CURVE('',#2012,#2037,#287,.T.);
#1686=EDGE_CURVE('',#2014,#2038,#288,.T.);
#1687=EDGE_CURVE('',#2050,#1999,#289,.F.);
#1688=EDGE_CURVE('',#2000,#2051,#290,.T.);
#1689=EDGE_CURVE('',#2050,#2051,#2258,.T.);
#1690=EDGE_CURVE('',#2052,#2002,#291,.F.);
#1691=EDGE_CURVE('',#2001,#2053,#292,.F.);
#1692=EDGE_CURVE('',#2052,#2053,#293,.T.);
#1693=EDGE_CURVE('',#2054,#2055,#2259,.T.);
#1694=EDGE_CURVE('',#1986,#2054,#294,.T.);
#1695=EDGE_CURVE('',#1985,#2055,#295,.T.);
#1696=EDGE_CURVE('',#2054,#1933,#296,.T.);
#1697=EDGE_CURVE('',#2056,#1992,#297,.F.);
#1698=EDGE_CURVE('',#1993,#2057,#298,.F.);
#1699=EDGE_CURVE('',#2056,#2057,#299,.T.);
#1700=EDGE_CURVE('',#2058,#2059,#300,.T.);
#1701=EDGE_CURVE('',#2059,#1995,#301,.F.);
#1702=EDGE_CURVE('',#1994,#2058,#302,.T.);
#1703=EDGE_CURVE('',#2060,#2061,#303,.T.);
#1704=EDGE_CURVE('',#2061,#2004,#304,.F.);
#1705=EDGE_CURVE('',#2003,#2060,#305,.T.);
#1706=EDGE_CURVE('',#1984,#2062,#306,.F.);
#1707=EDGE_CURVE('',#2055,#2062,#307,.T.);
#1708=EDGE_CURVE('',#2063,#2064,#2260,.T.);
#1709=EDGE_CURVE('',#2063,#1997,#308,.F.);
#1710=EDGE_CURVE('',#1996,#2064,#309,.T.);
#1711=EDGE_CURVE('',#2065,#2065,#2261,.T.);
#1712=EDGE_CURVE('',#1930,#2066,#2262,.T.);
#1713=EDGE_CURVE('',#2066,#1929,#2263,.T.);
#1714=EDGE_CURVE('',#2062,#2067,#2264,.T.);
#1715=EDGE_CURVE('',#2067,#2068,#310,.T.);
#1716=EDGE_CURVE('',#2068,#1921,#311,.T.);
#1717=EDGE_CURVE('',#2064,#2059,#2265,.T.);
#1718=EDGE_CURVE('',#2058,#2056,#2266,.T.);
#1719=EDGE_CURVE('',#2057,#2063,#2267,.T.);
#1720=EDGE_CURVE('',#2053,#2050,#2268,.T.);
#1721=EDGE_CURVE('',#2051,#2061,#2269,.T.);
#1722=EDGE_CURVE('',#2060,#2052,#2270,.T.);
#1723=EDGE_CURVE('',#2069,#2069,#2271,.T.);
#1724=EDGE_CURVE('',#2070,#1864,#312,.T.);
#1725=EDGE_CURVE('',#2071,#2070,#2272,.T.);
#1726=EDGE_CURVE('',#2071,#1868,#313,.T.);
#1727=EDGE_CURVE('',#2072,#1869,#314,.T.);
#1728=EDGE_CURVE('',#2073,#2072,#2273,.T.);
#1729=EDGE_CURVE('',#2073,#1866,#315,.T.);
#1730=EDGE_CURVE('',#2074,#1862,#316,.T.);
#1731=EDGE_CURVE('',#2075,#2074,#2274,.T.);
#1732=EDGE_CURVE('',#2075,#1858,#317,.T.);
#1733=EDGE_CURVE('',#2076,#1859,#318,.T.);
#1734=EDGE_CURVE('',#2077,#2076,#2275,.T.);
#1735=EDGE_CURVE('',#2077,#1863,#319,.T.);
#1736=EDGE_CURVE('',#1935,#2046,#320,.T.);
#1737=EDGE_CURVE('',#1928,#2066,#321,.T.);
#1738=EDGE_CURVE('',#2067,#1983,#322,.T.);
#1739=EDGE_CURVE('',#2068,#1982,#323,.T.);
#1740=EDGE_CURVE('',#2078,#2078,#2276,.T.);
#1741=EDGE_CURVE('',#1990,#2048,#324,.F.);
#1742=EDGE_CURVE('',#2047,#1991,#325,.T.);
#1743=EDGE_CURVE('',#2079,#2079,#2277,.T.);
#1744=EDGE_CURVE('',#2080,#2080,#2278,.T.);
#1745=EDGE_CURVE('',#2081,#2081,#2279,.T.);
#1746=EDGE_CURVE('',#2082,#2082,#2280,.T.);
#1747=EDGE_CURVE('',#2083,#2083,#2281,.T.);
#1748=EDGE_CURVE('',#2084,#2084,#2282,.T.);
#1749=EDGE_CURVE('',#2085,#2085,#2283,.T.);
#1750=EDGE_CURVE('',#2086,#2086,#2284,.T.);
#1751=EDGE_CURVE('',#2087,#2087,#2285,.T.);
#1752=EDGE_CURVE('',#1913,#1912,#326,.T.);
#1753=EDGE_CURVE('',#1910,#1911,#327,.T.);
#1754=EDGE_CURVE('',#1907,#1908,#328,.T.);
#1755=EDGE_CURVE('',#1906,#1905,#329,.T.);
#1756=EDGE_CURVE('',#1903,#1902,#330,.T.);
#1757=EDGE_CURVE('',#1900,#1901,#331,.T.);
#1758=EDGE_CURVE('',#1898,#1897,#332,.T.);
#1759=EDGE_CURVE('',#1895,#1896,#333,.T.);
#1760=EDGE_CURVE('',#2077,#2076,#334,.T.);
#1761=EDGE_CURVE('',#2074,#2075,#335,.T.);
#1762=EDGE_CURVE('',#2072,#2073,#336,.T.);
#1763=EDGE_CURVE('',#2071,#2070,#337,.T.);
#1764=EDGE_CURVE('',#2088,#2089,#2286,.T.);
#1765=EDGE_CURVE('',#2090,#2089,#338,.T.);
#1766=EDGE_CURVE('',#2091,#2090,#2287,.T.);
#1767=EDGE_CURVE('',#2091,#2088,#339,.T.);
#1768=EDGE_CURVE('',#2092,#2092,#2288,.T.);
#1769=EDGE_CURVE('',#2093,#2093,#2289,.T.);
#1770=EDGE_CURVE('',#2094,#2094,#2290,.T.);
#1771=EDGE_CURVE('',#2095,#2095,#2291,.T.);
#1772=EDGE_CURVE('',#2096,#2096,#2292,.F.);
#1773=EDGE_CURVE('',#2097,#2097,#2293,.F.);
#1774=EDGE_CURVE('',#2098,#2098,#2294,.F.);
#1775=EDGE_CURVE('',#2099,#2099,#2295,.F.);
#1776=EDGE_CURVE('',#2090,#2100,#2296,.T.);
#1777=EDGE_CURVE('',#2101,#2100,#340,.T.);
#1778=EDGE_CURVE('',#2101,#2102,#2297,.T.);
#1779=EDGE_CURVE('',#2103,#2102,#2298,.T.);
#1780=EDGE_CURVE('',#2104,#2103,#2299,.T.);
#1781=EDGE_CURVE('',#2105,#2104,#341,.T.);
#1782=EDGE_CURVE('',#2091,#2105,#2300,.T.);
#1783=EDGE_CURVE('',#2106,#2089,#2301,.F.);
#1784=EDGE_CURVE('',#2107,#2088,#2302,.F.);
#1785=EDGE_CURVE('',#2108,#2107,#342,.T.);
#1786=EDGE_CURVE('',#2109,#2108,#2303,.F.);
#1787=EDGE_CURVE('',#2109,#2110,#2304,.T.);
#1788=EDGE_CURVE('',#2110,#2111,#2305,.F.);
#1789=EDGE_CURVE('',#2106,#2111,#343,.T.);
#1790=EDGE_CURVE('',#2112,#2112,#2306,.T.);
#1791=EDGE_CURVE('',#2113,#2113,#2307,.T.);
#1792=EDGE_CURVE('',#2114,#2114,#2308,.T.);
#1793=EDGE_CURVE('',#2103,#2109,#344,.T.);
#1794=EDGE_CURVE('',#2102,#2110,#345,.T.);
#1795=EDGE_CURVE('',#2115,#2115,#2309,.T.);
#1796=EDGE_CURVE('',#2106,#2100,#346,.T.);
#1797=EDGE_CURVE('',#2111,#2101,#347,.T.);
#1798=EDGE_CURVE('',#2108,#2104,#348,.T.);
#1799=EDGE_CURVE('',#2107,#2105,#349,.T.);
#1800=EDGE_CURVE('',#2116,#2117,#53,.T.);
#1801=EDGE_CURVE('',#2118,#2116,#2310,.T.);
#1802=EDGE_CURVE('',#2119,#2118,#350,.F.);
#1803=EDGE_CURVE('',#2120,#2119,#2311,.T.);
#1804=EDGE_CURVE('',#2121,#2120,#351,.T.);
#1805=EDGE_CURVE('',#2122,#2121,#2312,.T.);
#1806=EDGE_CURVE('',#2123,#2122,#54,.T.);
#1807=EDGE_CURVE('',#2123,#2117,#55,.T.);
#1808=EDGE_CURVE('',#2124,#2125,#2313,.F.);
#1809=EDGE_CURVE('',#2125,#2126,#2314,.F.);
#1810=EDGE_CURVE('',#2126,#2127,#2315,.F.);
#1811=EDGE_CURVE('',#2127,#2124,#2316,.F.);
#1812=EDGE_CURVE('',#2128,#2128,#2317,.T.);
#1813=EDGE_CURVE('',#2129,#2129,#2318,.T.);
#1814=EDGE_CURVE('',#2130,#2130,#2319,.T.);
#1815=EDGE_CURVE('',#2131,#2131,#2320,.T.);
#1816=EDGE_CURVE('',#2122,#2116,#352,.T.);
#1817=EDGE_CURVE('',#2132,#2132,#2321,.T.);
#1818=EDGE_CURVE('',#2133,#2133,#2322,.T.);
#1819=EDGE_CURVE('',#2134,#2134,#2323,.T.);
#1820=EDGE_CURVE('',#2135,#2135,#2324,.T.);
#1821=EDGE_CURVE('',#2136,#2136,#2325,.T.);
#1822=EDGE_CURVE('',#2137,#2137,#2326,.T.);
#1823=EDGE_CURVE('',#2138,#2138,#2327,.T.);
#1824=EDGE_CURVE('',#2139,#2139,#2328,.T.);
#1825=EDGE_CURVE('',#2140,#2140,#2329,.F.);
#1826=EDGE_CURVE('',#2141,#2141,#2330,.T.);
#1827=EDGE_CURVE('',#2117,#2123,#63,.T.);
#1828=EDGE_CURVE('',#2142,#2142,#2331,.T.);
#1829=EDGE_CURVE('',#2143,#2144,#56,.T.);
#1830=EDGE_CURVE('',#2143,#2145,#2332,.T.);
#1831=EDGE_CURVE('',#2145,#2146,#353,.T.);
#1832=EDGE_CURVE('',#2146,#2147,#2333,.T.);
#1833=EDGE_CURVE('',#2147,#2148,#354,.F.);
#1834=EDGE_CURVE('',#2148,#2149,#2334,.T.);
#1835=EDGE_CURVE('',#2150,#2149,#57,.T.);
#1836=EDGE_CURVE('',#2150,#2144,#58,.T.);
#1837=EDGE_CURVE('',#2151,#2152,#2335,.F.);
#1838=EDGE_CURVE('',#2153,#2151,#2336,.T.);
#1839=EDGE_CURVE('',#2154,#2153,#2337,.F.);
#1840=EDGE_CURVE('',#2152,#2154,#2338,.F.);
#1841=EDGE_CURVE('',#2155,#2155,#2339,.T.);
#1842=EDGE_CURVE('',#2156,#2156,#2340,.T.);
#1843=EDGE_CURVE('',#2157,#2157,#2341,.T.);
#1844=EDGE_CURVE('',#2158,#2158,#2342,.T.);
#1845=EDGE_CURVE('',#2159,#2159,#2343,.T.);
#1846=EDGE_CURVE('',#2160,#2160,#2344,.T.);
#1847=EDGE_CURVE('',#2149,#2143,#355,.T.);
#1848=EDGE_CURVE('',#2161,#2161,#2345,.T.);
#1849=EDGE_CURVE('',#2162,#2162,#2346,.T.);
#1850=EDGE_CURVE('',#2163,#2163,#2347,.T.);
#1851=EDGE_CURVE('',#2164,#2164,#2348,.T.);
#1852=EDGE_CURVE('',#2165,#2165,#2349,.T.);
#1853=EDGE_CURVE('',#2166,#2166,#2350,.T.);
#1854=EDGE_CURVE('',#2167,#2167,#2351,.F.);
#1855=EDGE_CURVE('',#2168,#2168,#2352,.T.);
#1856=EDGE_CURVE('',#2144,#2150,#64,.T.);
#1857=EDGE_CURVE('',#2169,#2169,#2353,.T.);
#1858=VERTEX_POINT('',#4650);
#1859=VERTEX_POINT('',#4651);
#1860=VERTEX_POINT('',#4653);
#1861=VERTEX_POINT('',#4655);
#1862=VERTEX_POINT('',#4660);
#1863=VERTEX_POINT('',#4662);
#1864=VERTEX_POINT('',#4666);
#1865=VERTEX_POINT('',#4667);
#1866=VERTEX_POINT('',#4669);
#1867=VERTEX_POINT('',#4671);
#1868=VERTEX_POINT('',#4675);
#1869=VERTEX_POINT('',#4678);
#1870=VERTEX_POINT('',#4682);
#1871=VERTEX_POINT('',#4683);
#1872=VERTEX_POINT('',#4685);
#1873=VERTEX_POINT('',#4687);
#1874=VERTEX_POINT('',#4691);
#1875=VERTEX_POINT('',#4694);
#1876=VERTEX_POINT('',#4698);
#1877=VERTEX_POINT('',#4699);
#1878=VERTEX_POINT('',#4701);
#1879=VERTEX_POINT('',#4703);
#1880=VERTEX_POINT('',#4707);
#1881=VERTEX_POINT('',#4710);
#1882=VERTEX_POINT('',#4714);
#1883=VERTEX_POINT('',#4715);
#1884=VERTEX_POINT('',#4717);
#1885=VERTEX_POINT('',#4719);
#1886=VERTEX_POINT('',#4724);
#1887=VERTEX_POINT('',#4726);
#1888=VERTEX_POINT('',#4730);
#1889=VERTEX_POINT('',#4731);
#1890=VERTEX_POINT('',#4733);
#1891=VERTEX_POINT('',#4735);
#1892=VERTEX_POINT('',#4739);
#1893=VERTEX_POINT('',#4742);
#1894=VERTEX_POINT('',#4746);
#1895=VERTEX_POINT('',#4748);
#1896=VERTEX_POINT('',#4750);
#1897=VERTEX_POINT('',#4753);
#1898=VERTEX_POINT('',#4755);
#1899=VERTEX_POINT('',#4759);
#1900=VERTEX_POINT('',#4761);
#1901=VERTEX_POINT('',#4763);
#1902=VERTEX_POINT('',#4766);
#1903=VERTEX_POINT('',#4768);
#1904=VERTEX_POINT('',#4772);
#1905=VERTEX_POINT('',#4774);
#1906=VERTEX_POINT('',#4776);
#1907=VERTEX_POINT('',#4779);
#1908=VERTEX_POINT('',#4781);
#1909=VERTEX_POINT('',#4785);
#1910=VERTEX_POINT('',#4787);
#1911=VERTEX_POINT('',#4789);
#1912=VERTEX_POINT('',#4792);
#1913=VERTEX_POINT('',#4794);
#1914=VERTEX_POINT('',#4798);
#1915=VERTEX_POINT('',#4800);
#1916=VERTEX_POINT('',#4801);
#1917=VERTEX_POINT('',#4803);
#1918=VERTEX_POINT('',#4808);
#1919=VERTEX_POINT('',#4810);
#1920=VERTEX_POINT('',#4814);
#1921=VERTEX_POINT('',#4816);
#1922=VERTEX_POINT('',#4817);
#1923=VERTEX_POINT('',#4819);
#1924=VERTEX_POINT('',#4821);
#1925=VERTEX_POINT('',#4823);
#1926=VERTEX_POINT('',#4830);
#1927=VERTEX_POINT('',#4833);
#1928=VERTEX_POINT('',#4886);
#1929=VERTEX_POINT('',#4887);
#1930=VERTEX_POINT('',#4893);
#1931=VERTEX_POINT('',#4903);
#1932=VERTEX_POINT('',#4920);
#1933=VERTEX_POINT('',#4925);
#1934=VERTEX_POINT('',#4989);
#1935=VERTEX_POINT('',#4990);
#1936=VERTEX_POINT('',#5002);
#1937=VERTEX_POINT('',#5007);
#1938=VERTEX_POINT('',#5023);
#1939=VERTEX_POINT('',#5033);
#1940=VERTEX_POINT('',#5050);
#1941=VERTEX_POINT('',#5051);
#1942=VERTEX_POINT('',#5053);
#1943=VERTEX_POINT('',#5055);
#1944=VERTEX_POINT('',#5059);
#1945=VERTEX_POINT('',#5061);
#1946=VERTEX_POINT('',#5062);
#1947=VERTEX_POINT('',#5064);
#1948=VERTEX_POINT('',#5066);
#1949=VERTEX_POINT('',#5068);
#1950=VERTEX_POINT('',#5070);
#1951=VERTEX_POINT('',#5074);
#1952=VERTEX_POINT('',#5076);
#1953=VERTEX_POINT('',#5078);
#1954=VERTEX_POINT('',#5079);
#1955=VERTEX_POINT('',#5081);
#1956=VERTEX_POINT('',#5083);
#1957=VERTEX_POINT('',#5087);
#1958=VERTEX_POINT('',#5088);
#1959=VERTEX_POINT('',#5090);
#1960=VERTEX_POINT('',#5092);
#1961=VERTEX_POINT('',#5094);
#1962=VERTEX_POINT('',#5096);
#1963=VERTEX_POINT('',#5100);
#1964=VERTEX_POINT('',#5102);
#1965=VERTEX_POINT('',#5106);
#1966=VERTEX_POINT('',#5109);
#1967=VERTEX_POINT('',#5111);
#1968=VERTEX_POINT('',#5113);
#1969=VERTEX_POINT('',#5117);
#1970=VERTEX_POINT('',#5119);
#1971=VERTEX_POINT('',#5123);
#1972=VERTEX_POINT('',#5126);
#1973=VERTEX_POINT('',#5130);
#1974=VERTEX_POINT('',#5134);
#1975=VERTEX_POINT('',#5138);
#1976=VERTEX_POINT('',#5141);
#1977=VERTEX_POINT('',#5144);
#1978=VERTEX_POINT('',#5146);
#1979=VERTEX_POINT('',#5149);
#1980=VERTEX_POINT('',#5151);
#1981=VERTEX_POINT('',#5155);
#1982=VERTEX_POINT('',#5159);
#1983=VERTEX_POINT('',#5161);
#1984=VERTEX_POINT('',#5163);
#1985=VERTEX_POINT('',#5165);
#1986=VERTEX_POINT('',#5167);
#1987=VERTEX_POINT('',#5170);
#1988=VERTEX_POINT('',#5172);
#1989=VERTEX_POINT('',#5174);
#1990=VERTEX_POINT('',#5176);
#1991=VERTEX_POINT('',#5178);
#1992=VERTEX_POINT('',#5182);
#1993=VERTEX_POINT('',#5183);
#1994=VERTEX_POINT('',#5185);
#1995=VERTEX_POINT('',#5187);
#1996=VERTEX_POINT('',#5189);
#1997=VERTEX_POINT('',#5191);
#1998=VERTEX_POINT('',#5194);
#1999=VERTEX_POINT('',#5196);
#2000=VERTEX_POINT('',#5197);
#2001=VERTEX_POINT('',#5199);
#2002=VERTEX_POINT('',#5201);
#2003=VERTEX_POINT('',#5203);
#2004=VERTEX_POINT('',#5205);
#2005=VERTEX_POINT('',#5208);
#2006=VERTEX_POINT('',#5209);
#2007=VERTEX_POINT('',#5211);
#2008=VERTEX_POINT('',#5213);
#2009=VERTEX_POINT('',#5215);
#2010=VERTEX_POINT('',#5217);
#2011=VERTEX_POINT('',#5220);
#2012=VERTEX_POINT('',#5222);
#2013=VERTEX_POINT('',#5223);
#2014=VERTEX_POINT('',#5225);
#2015=VERTEX_POINT('',#5227);
#2016=VERTEX_POINT('',#5229);
#2017=VERTEX_POINT('',#5231);
#2018=VERTEX_POINT('',#5235);
#2019=VERTEX_POINT('',#5237);
#2020=VERTEX_POINT('',#5241);
#2021=VERTEX_POINT('',#5243);
#2022=VERTEX_POINT('',#5246);
#2023=VERTEX_POINT('',#5248);
#2024=VERTEX_POINT('',#5251);
#2025=VERTEX_POINT('',#5253);
#2026=VERTEX_POINT('',#5272);
#2027=VERTEX_POINT('',#5273);
#2028=VERTEX_POINT('',#5275);
#2029=VERTEX_POINT('',#5287);
#2030=VERTEX_POINT('',#5291);
#2031=VERTEX_POINT('',#5293);
#2032=VERTEX_POINT('',#5297);
#2033=VERTEX_POINT('',#5298);
#2034=VERTEX_POINT('',#5303);
#2035=VERTEX_POINT('',#5307);
#2036=VERTEX_POINT('',#5308);
#2037=VERTEX_POINT('',#5320);
#2038=VERTEX_POINT('',#5321);
#2039=VERTEX_POINT('',#5323);
#2040=VERTEX_POINT('',#5325);
#2041=VERTEX_POINT('',#5329);
#2042=VERTEX_POINT('',#5330);
#2043=VERTEX_POINT('',#5337);
#2044=VERTEX_POINT('',#5339);
#2045=VERTEX_POINT('',#5343);
#2046=VERTEX_POINT('',#5346);
#2047=VERTEX_POINT('',#5349);
#2048=VERTEX_POINT('',#5351);
#2049=VERTEX_POINT('',#5357);
#2050=VERTEX_POINT('',#5373);
#2051=VERTEX_POINT('',#5375);
#2052=VERTEX_POINT('',#5379);
#2053=VERTEX_POINT('',#5381);
#2054=VERTEX_POINT('',#5385);
#2055=VERTEX_POINT('',#5386);
#2056=VERTEX_POINT('',#5393);
#2057=VERTEX_POINT('',#5395);
#2058=VERTEX_POINT('',#5399);
#2059=VERTEX_POINT('',#5400);
#2060=VERTEX_POINT('',#5405);
#2061=VERTEX_POINT('',#5406);
#2062=VERTEX_POINT('',#5411);
#2063=VERTEX_POINT('',#5415);
#2064=VERTEX_POINT('',#5416);
#2065=VERTEX_POINT('',#5421);
#2066=VERTEX_POINT('',#5424);
#2067=VERTEX_POINT('',#5427);
#2068=VERTEX_POINT('',#5429);
#2069=VERTEX_POINT('',#5438);
#2070=VERTEX_POINT('',#5447);
#2071=VERTEX_POINT('',#5449);
#2072=VERTEX_POINT('',#5452);
#2073=VERTEX_POINT('',#5454);
#2074=VERTEX_POINT('',#5460);
#2075=VERTEX_POINT('',#5462);
#2076=VERTEX_POINT('',#5465);
#2077=VERTEX_POINT('',#5467);
#2078=VERTEX_POINT('',#5484);
#2079=VERTEX_POINT('',#5490);
#2080=VERTEX_POINT('',#5495);
#2081=VERTEX_POINT('',#5498);
#2082=VERTEX_POINT('',#5501);
#2083=VERTEX_POINT('',#5504);
#2084=VERTEX_POINT('',#5507);
#2085=VERTEX_POINT('',#5511);
#2086=VERTEX_POINT('',#5515);
#2087=VERTEX_POINT('',#5519);
#2088=VERTEX_POINT('',#5560);
#2089=VERTEX_POINT('',#5561);
#2090=VERTEX_POINT('',#5563);
#2091=VERTEX_POINT('',#5565);
#2092=VERTEX_POINT('',#5569);
#2093=VERTEX_POINT('',#5571);
#2094=VERTEX_POINT('',#5574);
#2095=VERTEX_POINT('',#5576);
#2096=VERTEX_POINT('',#5579);
#2097=VERTEX_POINT('',#5581);
#2098=VERTEX_POINT('',#5583);
#2099=VERTEX_POINT('',#5585);
#2100=VERTEX_POINT('',#5587);
#2101=VERTEX_POINT('',#5589);
#2102=VERTEX_POINT('',#5591);
#2103=VERTEX_POINT('',#5593);
#2104=VERTEX_POINT('',#5595);
#2105=VERTEX_POINT('',#5597);
#2106=VERTEX_POINT('',#5601);
#2107=VERTEX_POINT('',#5603);
#2108=VERTEX_POINT('',#5605);
#2109=VERTEX_POINT('',#5607);
#2110=VERTEX_POINT('',#5609);
#2111=VERTEX_POINT('',#5611);
#2112=VERTEX_POINT('',#5614);
#2113=VERTEX_POINT('',#5616);
#2114=VERTEX_POINT('',#5619);
#2115=VERTEX_POINT('',#5625);
#2116=VERTEX_POINT('',#6422);
#2117=VERTEX_POINT('',#6423);
#2118=VERTEX_POINT('',#6425);
#2119=VERTEX_POINT('',#6427);
#2120=VERTEX_POINT('',#6429);
#2121=VERTEX_POINT('',#6431);
#2122=VERTEX_POINT('',#6433);
#2123=VERTEX_POINT('',#6439);
#2124=VERTEX_POINT('',#6452);
#2125=VERTEX_POINT('',#6453);
#2126=VERTEX_POINT('',#6455);
#2127=VERTEX_POINT('',#6457);
#2128=VERTEX_POINT('',#6461);
#2129=VERTEX_POINT('',#6463);
#2130=VERTEX_POINT('',#6466);
#2131=VERTEX_POINT('',#6468);
#2132=VERTEX_POINT('',#6472);
#2133=VERTEX_POINT('',#6475);
#2134=VERTEX_POINT('',#6477);
#2135=VERTEX_POINT('',#6481);
#2136=VERTEX_POINT('',#6484);
#2137=VERTEX_POINT('',#6487);
#2138=VERTEX_POINT('',#6491);
#2139=VERTEX_POINT('',#6495);
#2140=VERTEX_POINT('',#6498);
#2141=VERTEX_POINT('',#6501);
#2142=VERTEX_POINT('',#6506);
#2143=VERTEX_POINT('',#7291);
#2144=VERTEX_POINT('',#7292);
#2145=VERTEX_POINT('',#7294);
#2146=VERTEX_POINT('',#7296);
#2147=VERTEX_POINT('',#7298);
#2148=VERTEX_POINT('',#7300);
#2149=VERTEX_POINT('',#7302);
#2150=VERTEX_POINT('',#7308);
#2151=VERTEX_POINT('',#7320);
#2152=VERTEX_POINT('',#7321);
#2153=VERTEX_POINT('',#7323);
#2154=VERTEX_POINT('',#7325);
#2155=VERTEX_POINT('',#7329);
#2156=VERTEX_POINT('',#7331);
#2157=VERTEX_POINT('',#7334);
#2158=VERTEX_POINT('',#7336);
#2159=VERTEX_POINT('',#7339);
#2160=VERTEX_POINT('',#7341);
#2161=VERTEX_POINT('',#7345);
#2162=VERTEX_POINT('',#7349);
#2163=VERTEX_POINT('',#7352);
#2164=VERTEX_POINT('',#7355);
#2165=VERTEX_POINT('',#7359);
#2166=VERTEX_POINT('',#7363);
#2167=VERTEX_POINT('',#7366);
#2168=VERTEX_POINT('',#7369);
#2169=VERTEX_POINT('',#7374);
#2170=CIRCLE('',#3294,0.003);
#2171=CIRCLE('',#3295,0.00155);
#2172=CIRCLE('',#3297,0.00155);
#2173=CIRCLE('',#3298,0.003);
#2174=CIRCLE('',#3300,0.003);
#2175=CIRCLE('',#3301,0.00155);
#2176=CIRCLE('',#3303,0.00155);
#2177=CIRCLE('',#3304,0.003);
#2178=CIRCLE('',#3306,0.003);
#2179=CIRCLE('',#3307,0.0016);
#2180=CIRCLE('',#3309,0.0016);
#2181=CIRCLE('',#3310,0.003);
#2182=CIRCLE('',#3312,0.003);
#2183=CIRCLE('',#3313,0.0016);
#2184=CIRCLE('',#3315,0.0016);
#2185=CIRCLE('',#3316,0.003);
#2186=CIRCLE('',#3318,0.003);
#2187=CIRCLE('',#3319,0.0016);
#2188=CIRCLE('',#3321,0.0016);
#2189=CIRCLE('',#3322,0.003);
#2190=CIRCLE('',#3324,0.003);
#2191=CIRCLE('',#3325,0.0016);
#2192=CIRCLE('',#3327,0.0016);
#2193=CIRCLE('',#3328,0.003);
#2194=CIRCLE('',#3330,0.003);
#2195=CIRCLE('',#3331,0.003);
#2196=CIRCLE('',#3332,0.003);
#2197=CIRCLE('',#3334,0.003);
#2198=CIRCLE('',#3335,0.003);
#2199=CIRCLE('',#3336,0.003);
#2200=CIRCLE('',#3338,0.003);
#2201=CIRCLE('',#3339,0.003);
#2202=CIRCLE('',#3340,0.003);
#2203=CIRCLE('',#3342,0.003);
#2204=CIRCLE('',#3343,0.003);
#2205=CIRCLE('',#3344,0.003);
#2206=CIRCLE('',#3350,0.0016);
#2207=CIRCLE('',#3352,0.0016);
#2208=CIRCLE('',#3356,0.0015);
#2209=CIRCLE('',#3357,0.004);
#2210=CIRCLE('',#3359,0.0015);
#2211=CIRCLE('',#3360,0.0015);
#2212=CIRCLE('',#3369,0.0015);
#2213=CIRCLE('',#3371,0.0015);
#2214=CIRCLE('',#3373,0.0015);
#2215=CIRCLE('',#3374,0.0015);
#2216=CIRCLE('',#3377,0.0015);
#2217=CIRCLE('',#3379,0.004);
#2218=CIRCLE('',#3380,0.007);
#2219=CIRCLE('',#3381,0.005);
#2220=CIRCLE('',#3382,0.005);
#2221=CIRCLE('',#3383,0.007);
#2222=CIRCLE('',#3384,0.004);
#2223=CIRCLE('',#3385,0.002);
#2224=CIRCLE('',#3386,0.002);
#2225=CIRCLE('',#3387,0.0536476368053939);
#2226=CIRCLE('',#3388,0.002);
#2227=CIRCLE('',#3389,0.003);
#2228=CIRCLE('',#3390,0.0587017278397285);
#2229=CIRCLE('',#3391,0.002);
#2230=CIRCLE('',#3392,0.002);
#2231=CIRCLE('',#3393,0.002);
#2232=CIRCLE('',#3394,0.002);
#2233=CIRCLE('',#3395,0.002);
#2234=CIRCLE('',#3396,0.0589565746244596);
#2235=CIRCLE('',#3397,0.002);
#2236=CIRCLE('',#3398,0.003);
#2237=CIRCLE('',#3399,0.002);
#2238=CIRCLE('',#3400,0.0530438264461091);
#2239=CIRCLE('',#3401,0.002);
#2240=CIRCLE('',#3402,0.002);
#2241=CIRCLE('',#3404,0.004);
#2242=CIRCLE('',#3406,0.004);
#2243=CIRCLE('',#3407,0.004);
#2244=CIRCLE('',#3416,0.0587017278397548);
#2245=CIRCLE('',#3419,0.005);
#2246=CIRCLE('',#3423,0.0536476368054032);
#2247=CIRCLE('',#3428,0.00155);
#2248=CIRCLE('',#3430,0.0224752672910668);
#2249=CIRCLE('',#3431,0.005);
#2250=CIRCLE('',#3432,0.007);
#2251=CIRCLE('',#3433,0.002);
#2252=CIRCLE('',#3434,0.002);
#2253=CIRCLE('',#3435,0.002);
#2254=CIRCLE('',#3436,0.0016);
#2255=CIRCLE('',#3437,0.002);
#2256=CIRCLE('',#3438,0.002);
#2257=CIRCLE('',#3439,0.002);
#2258=CIRCLE('',#3447,0.0587017278397285);
#2259=CIRCLE('',#3450,0.005);
#2260=CIRCLE('',#3457,0.0536476368053939);
#2261=CIRCLE('',#3459,0.00155);
#2262=CIRCLE('',#3461,0.005);
#2263=CIRCLE('',#3462,0.0224752672910667);
#2264=CIRCLE('',#3463,0.007);
#2265=CIRCLE('',#3464,0.002);
#2266=CIRCLE('',#3465,0.002);
#2267=CIRCLE('',#3466,0.002);
#2268=CIRCLE('',#3467,0.002);
#2269=CIRCLE('',#3468,0.002);
#2270=CIRCLE('',#3469,0.002);
#2271=CIRCLE('',#3470,0.0016);
#2272=CIRCLE('',#3478,0.003);
#2273=CIRCLE('',#3479,0.003);
#2274=CIRCLE('',#3483,0.003);
#2275=CIRCLE('',#3484,0.003);
#2276=CIRCLE('',#3495,0.0021);
#2277=CIRCLE('',#3498,0.0021);
#2278=CIRCLE('',#3502,0.0021);
#2279=CIRCLE('',#3504,0.0019);
#2280=CIRCLE('',#3506,0.0021);
#2281=CIRCLE('',#3508,0.0019);
#2282=CIRCLE('',#3510,0.0019);
#2283=CIRCLE('',#3513,0.0019);
#2284=CIRCLE('',#3516,0.0016);
#2285=CIRCLE('',#3519,0.0016);
#2286=CIRCLE('',#3547,0.00499999999999994);
#2287=CIRCLE('',#3548,0.00499999999999994);
#2288=CIRCLE('',#3550,0.0016);
#2289=CIRCLE('',#3551,0.0016);
#2290=CIRCLE('',#3553,0.00155);
#2291=CIRCLE('',#3554,0.00155);
#2292=CIRCLE('',#3556,0.0031);
#2293=CIRCLE('',#3557,0.00305);
#2294=CIRCLE('',#3558,0.0031);
#2295=CIRCLE('',#3559,0.00355);
#2296=CIRCLE('',#3560,0.113024449655773);
#2297=CIRCLE('',#3561,0.113024449655731);
#2298=CIRCLE('',#3562,0.00499999999999994);
#2299=CIRCLE('',#3563,0.249444383283901);
#2300=CIRCLE('',#3564,0.249444383283824);
#2301=CIRCLE('',#3566,0.113024449655773);
#2302=CIRCLE('',#3567,0.249444383283824);
#2303=CIRCLE('',#3568,0.249444383283901);
#2304=CIRCLE('',#3569,0.00499999999999994);
#2305=CIRCLE('',#3570,0.113024449655731);
#2306=CIRCLE('',#3571,0.0016);
#2307=CIRCLE('',#3572,0.00155);
#2308=CIRCLE('',#3574,0.0016);
#2309=CIRCLE('',#3577,0.00155);
#2310=CIRCLE('',#3589,0.005);
#2311=CIRCLE('',#3590,0.005);
#2312=CIRCLE('',#3591,0.005);
#2313=CIRCLE('',#3592,0.005);
#2314=CIRCLE('',#3593,0.0224752672910668);
#2315=CIRCLE('',#3594,0.005);
#2316=CIRCLE('',#3595,0.0324752672910667);
#2317=CIRCLE('',#3597,0.0016);
#2318=CIRCLE('',#3598,0.0016);
#2319=CIRCLE('',#3600,0.0019);
#2320=CIRCLE('',#3601,0.0019);
#2321=CIRCLE('',#3603,0.0021);
#2322=CIRCLE('',#3605,0.0021);
#2323=CIRCLE('',#3606,0.0021);
#2324=CIRCLE('',#3609,0.0021);
#2325=CIRCLE('',#3611,0.0019);
#2326=CIRCLE('',#3613,0.0021);
#2327=CIRCLE('',#3616,0.0019);
#2328=CIRCLE('',#3619,0.0021);
#2329=CIRCLE('',#3621,0.0019);
#2330=CIRCLE('',#3623,0.0019);
#2331=CIRCLE('',#3627,0.0015);
#2332=CIRCLE('',#3631,0.005);
#2333=CIRCLE('',#3632,0.005);
#2334=CIRCLE('',#3633,0.005);
#2335=CIRCLE('',#3634,0.005);
#2336=CIRCLE('',#3635,0.0324752672910667);
#2337=CIRCLE('',#3636,0.005);
#2338=CIRCLE('',#3637,0.0224752672910668);
#2339=CIRCLE('',#3639,0.0016);
#2340=CIRCLE('',#3640,0.0016);
#2341=CIRCLE('',#3642,0.0019);
#2342=CIRCLE('',#3643,0.0019);
#2343=CIRCLE('',#3645,0.0021);
#2344=CIRCLE('',#3646,0.0021);
#2345=CIRCLE('',#3648,0.0021);
#2346=CIRCLE('',#3651,0.0021);
#2347=CIRCLE('',#3653,0.0019);
#2348=CIRCLE('',#3655,0.0021);
#2349=CIRCLE('',#3658,0.0019);
#2350=CIRCLE('',#3661,0.0021);
#2351=CIRCLE('',#3663,0.0019);
#2352=CIRCLE('',#3665,0.0019);
#2353=CIRCLE('',#3669,0.0015);
#2354=EDGE_LOOP('',(#571,#572,#573,#574));
#2355=EDGE_LOOP('',(#575,#576,#577,#578));
#2356=EDGE_LOOP('',(#579,#580,#581,#582));
#2357=EDGE_LOOP('',(#583,#584,#585,#586));
#2358=EDGE_LOOP('',(#587,#588,#589,#590));
#2359=EDGE_LOOP('',(#591,#592,#593,#594));
#2360=EDGE_LOOP('',(#595,#596,#597,#598));
#2361=EDGE_LOOP('',(#599,#600,#601,#602));
#2362=EDGE_LOOP('',(#603,#604,#605,#606));
#2363=EDGE_LOOP('',(#607,#608,#609,#610));
#2364=EDGE_LOOP('',(#611,#612,#613,#614));
#2365=EDGE_LOOP('',(#615,#616,#617,#618));
#2366=EDGE_LOOP('',(#619));
#2367=EDGE_LOOP('',(#620,#621,#622,#623,#624,#625,#626,#627));
#2368=EDGE_LOOP('',(#628));
#2369=EDGE_LOOP('',(#629,#630,#631,#632,#633,#634,#635,#636));
#2370=EDGE_LOOP('',(#637));
#2371=EDGE_LOOP('',(#638,#639,#640,#641,#642,#643,#644,#645));
#2372=EDGE_LOOP('',(#646));
#2373=EDGE_LOOP('',(#647,#648,#649,#650,#651,#652,#653,#654));
#2374=EDGE_LOOP('',(#655));
#2375=EDGE_LOOP('',(#656,#657,#658,#659,#660));
#2376=EDGE_LOOP('',(#661));
#2377=EDGE_LOOP('',(#662,#663,#664,#665,#666));
#2378=EDGE_LOOP('',(#667));
#2379=EDGE_LOOP('',(#668,#669));
#2380=EDGE_LOOP('',(#670));
#2381=EDGE_LOOP('',(#671,#672));
#2382=EDGE_LOOP('',(#673,#674,#675,#676,#677,#678,#679,#680));
#2383=EDGE_LOOP('',(#681,#682,#683,#684,#685,#686,#687,#688));
#2384=EDGE_LOOP('',(#689,#690,#691,#692));
#2385=EDGE_LOOP('',(#693));
#2386=EDGE_LOOP('',(#694,#695,#696,#697,#698,#699));
#2387=EDGE_LOOP('',(#700));
#2388=EDGE_LOOP('',(#701));
#2389=EDGE_LOOP('',(#702,#703,#704,#705));
#2390=EDGE_LOOP('',(#706,#707,#708,#709,#710,#711));
#2391=EDGE_LOOP('',(#712,#713,#714,#715));
#2392=EDGE_LOOP('',(#716,#717,#718,#719,#720,#721,#722,#723));
#2393=EDGE_LOOP('',(#724,#725,#726,#727));
#2394=EDGE_LOOP('',(#728,#729,#730,#731,#732,#733));
#2395=EDGE_LOOP('',(#734,#735,#736,#737));
#2396=EDGE_LOOP('',(#738,#739,#740,#741));
#2397=EDGE_LOOP('',(#742));
#2398=EDGE_LOOP('',(#743));
#2399=EDGE_LOOP('',(#744));
#2400=EDGE_LOOP('',(#745));
#2401=EDGE_LOOP('',(#746));
#2402=EDGE_LOOP('',(#747));
#2403=EDGE_LOOP('',(#748,#749,#750,#751));
#2404=EDGE_LOOP('',(#752));
#2405=EDGE_LOOP('',(#753));
#2406=EDGE_LOOP('',(#754));
#2407=EDGE_LOOP('',(#755));
#2408=EDGE_LOOP('',(#756));
#2409=EDGE_LOOP('',(#757));
#2410=EDGE_LOOP('',(#758,#759,#760,#761,#762,#763,#764,#765,#766,#767,#768,
#769,#770,#771,#772,#773,#774,#775,#776,#777,#778,#779,#780,#781,#782));
#2411=EDGE_LOOP('',(#783));
#2412=EDGE_LOOP('',(#784));
#2413=EDGE_LOOP('',(#785));
#2414=EDGE_LOOP('',(#786));
#2415=EDGE_LOOP('',(#787,#788,#789,#790,#791,#792));
#2416=EDGE_LOOP('',(#793));
#2417=EDGE_LOOP('',(#794,#795,#796,#797,#798,#799));
#2418=EDGE_LOOP('',(#800,#801,#802,#803,#804,#805));
#2419=EDGE_LOOP('',(#806));
#2420=EDGE_LOOP('',(#807,#808,#809,#810,#811,#812));
#2421=EDGE_LOOP('',(#813,#814,#815,#816,#817));
#2422=EDGE_LOOP('',(#818));
#2423=EDGE_LOOP('',(#819,#820,#821,#822,#823,#824,#825,#826,#827,#828,#829,
#830,#831,#832,#833,#834,#835,#836,#837,#838));
#2424=EDGE_LOOP('',(#839,#840,#841,#842));
#2425=EDGE_LOOP('',(#843,#844,#845,#846));
#2426=EDGE_LOOP('',(#847,#848,#849,#850));
#2427=EDGE_LOOP('',(#851,#852,#853,#854));
#2428=EDGE_LOOP('',(#855,#856,#857,#858));
#2429=EDGE_LOOP('',(#859,#860,#861,#862));
#2430=EDGE_LOOP('',(#863,#864,#865,#866));
#2431=EDGE_LOOP('',(#867,#868,#869,#870));
#2432=EDGE_LOOP('',(#871,#872,#873,#874));
#2433=EDGE_LOOP('',(#875,#876,#877,#878));
#2434=EDGE_LOOP('',(#879,#880,#881,#882));
#2435=EDGE_LOOP('',(#883,#884,#885,#886));
#2436=EDGE_LOOP('',(#887,#888,#889,#890));
#2437=EDGE_LOOP('',(#891,#892,#893,#894));
#2438=EDGE_LOOP('',(#895,#896,#897,#898,#899,#900));
#2439=EDGE_LOOP('',(#901,#902,#903,#904));
#2440=EDGE_LOOP('',(#905,#906));
#2441=EDGE_LOOP('',(#907));
#2442=EDGE_LOOP('',(#908,#909,#910,#911,#912,#913,#914,#915,#916,#917,#918));
#2443=EDGE_LOOP('',(#919,#920,#921,#922,#923,#924));
#2444=EDGE_LOOP('',(#925));
#2445=EDGE_LOOP('',(#926));
#2446=EDGE_LOOP('',(#927));
#2447=EDGE_LOOP('',(#928,#929,#930,#931,#932,#933));
#2448=EDGE_LOOP('',(#934,#935,#936,#937,#938));
#2449=EDGE_LOOP('',(#939,#940,#941,#942,#943));
#2450=EDGE_LOOP('',(#944,#945,#946,#947,#948));
#2451=EDGE_LOOP('',(#949,#950,#951,#952,#953));
#2452=EDGE_LOOP('',(#954,#955,#956,#957));
#2453=EDGE_LOOP('',(#958,#959,#960,#961));
#2454=EDGE_LOOP('',(#962,#963,#964,#965));
#2455=EDGE_LOOP('',(#966,#967,#968,#969));
#2456=EDGE_LOOP('',(#970,#971,#972,#973));
#2457=EDGE_LOOP('',(#974,#975,#976,#977,#978,#979));
#2458=EDGE_LOOP('',(#980,#981,#982,#983));
#2459=EDGE_LOOP('',(#984,#985,#986,#987));
#2460=EDGE_LOOP('',(#988,#989,#990,#991));
#2461=EDGE_LOOP('',(#992,#993,#994,#995));
#2462=EDGE_LOOP('',(#996,#997,#998,#999));
#2463=EDGE_LOOP('',(#1000,#1001));
#2464=EDGE_LOOP('',(#1002));
#2465=EDGE_LOOP('',(#1003,#1004,#1005,#1006,#1007,#1008,#1009,#1010,#1011,
#1012,#1013));
#2466=EDGE_LOOP('',(#1014,#1015,#1016,#1017,#1018,#1019));
#2467=EDGE_LOOP('',(#1020,#1021,#1022,#1023,#1024,#1025));
#2468=EDGE_LOOP('',(#1026));
#2469=EDGE_LOOP('',(#1027));
#2470=EDGE_LOOP('',(#1028));
#2471=EDGE_LOOP('',(#1029,#1030,#1031,#1032));
#2472=EDGE_LOOP('',(#1033,#1034,#1035,#1036));
#2473=EDGE_LOOP('',(#1037,#1038,#1039,#1040));
#2474=EDGE_LOOP('',(#1041,#1042,#1043,#1044));
#2475=EDGE_LOOP('',(#1045,#1046,#1047,#1048));
#2476=EDGE_LOOP('',(#1049,#1050,#1051,#1052));
#2477=EDGE_LOOP('',(#1053,#1054,#1055,#1056,#1057,#1058,#1059,#1060));
#2478=EDGE_LOOP('',(#1061));
#2479=EDGE_LOOP('',(#1062,#1063,#1064,#1065));
#2480=EDGE_LOOP('',(#1066,#1067,#1068,#1069));
#2481=EDGE_LOOP('',(#1070,#1071,#1072,#1073,#1074,#1075,#1076,#1077));
#2482=EDGE_LOOP('',(#1078));
#2483=EDGE_LOOP('',(#1079,#1080,#1081,#1082,#1083,#1084,#1085));
#2484=EDGE_LOOP('',(#1086,#1087,#1088,#1089,#1090,#1091,#1092));
#2485=EDGE_LOOP('',(#1093,#1094));
#2486=EDGE_LOOP('',(#1095));
#2487=EDGE_LOOP('',(#1096,#1097));
#2488=EDGE_LOOP('',(#1098));
#2489=EDGE_LOOP('',(#1099,#1100,#1101));
#2490=EDGE_LOOP('',(#1102,#1103,#1104));
#2491=EDGE_LOOP('',(#1105,#1106,#1107));
#2492=EDGE_LOOP('',(#1108,#1109,#1110));
#2493=EDGE_LOOP('',(#1111,#1112,#1113,#1114));
#2494=EDGE_LOOP('',(#1115));
#2495=EDGE_LOOP('',(#1116,#1117,#1118,#1119));
#2496=EDGE_LOOP('',(#1120,#1121,#1122,#1123));
#2497=EDGE_LOOP('',(#1124));
#2498=EDGE_LOOP('',(#1125,#1126,#1127,#1128));
#2499=EDGE_LOOP('',(#1129,#1130,#1131,#1132));
#2500=EDGE_LOOP('',(#1133,#1134,#1135,#1136));
#2501=EDGE_LOOP('',(#1137));
#2502=EDGE_LOOP('',(#1138));
#2503=EDGE_LOOP('',(#1139));
#2504=EDGE_LOOP('',(#1140));
#2505=EDGE_LOOP('',(#1141));
#2506=EDGE_LOOP('',(#1142));
#2507=EDGE_LOOP('',(#1143));
#2508=EDGE_LOOP('',(#1144));
#2509=EDGE_LOOP('',(#1145));
#2510=EDGE_LOOP('',(#1146));
#2511=EDGE_LOOP('',(#1147));
#2512=EDGE_LOOP('',(#1148));
#2513=EDGE_LOOP('',(#1149));
#2514=EDGE_LOOP('',(#1150));
#2515=EDGE_LOOP('',(#1151));
#2516=EDGE_LOOP('',(#1152));
#2517=EDGE_LOOP('',(#1153));
#2518=EDGE_LOOP('',(#1154));
#2519=EDGE_LOOP('',(#1155));
#2520=EDGE_LOOP('',(#1156));
#2521=EDGE_LOOP('',(#1157,#1158,#1159,#1160,#1161));
#2522=EDGE_LOOP('',(#1162,#1163));
#2523=EDGE_LOOP('',(#1164,#1165,#1166,#1167,#1168));
#2524=EDGE_LOOP('',(#1169,#1170));
#2525=EDGE_LOOP('',(#1171,#1172,#1173,#1174,#1175));
#2526=EDGE_LOOP('',(#1176,#1177));
#2527=EDGE_LOOP('',(#1178,#1179,#1180,#1181,#1182));
#2528=EDGE_LOOP('',(#1183,#1184));
#2529=EDGE_LOOP('',(#1185,#1186,#1187,#1188,#1189));
#2530=EDGE_LOOP('',(#1190,#1191));
#2531=EDGE_LOOP('',(#1192,#1193,#1194,#1195,#1196));
#2532=EDGE_LOOP('',(#1197,#1198));
#2533=EDGE_LOOP('',(#1199,#1200,#1201,#1202,#1203));
#2534=EDGE_LOOP('',(#1204,#1205));
#2535=EDGE_LOOP('',(#1206,#1207,#1208,#1209,#1210));
#2536=EDGE_LOOP('',(#1211,#1212));
#2537=EDGE_LOOP('',(#1213,#1214,#1215,#1216,#1217));
#2538=EDGE_LOOP('',(#1218,#1219));
#2539=EDGE_LOOP('',(#1220,#1221,#1222,#1223,#1224));
#2540=EDGE_LOOP('',(#1225,#1226));
#2541=EDGE_LOOP('',(#1227,#1228,#1229,#1230,#1231));
#2542=EDGE_LOOP('',(#1232,#1233));
#2543=EDGE_LOOP('',(#1234,#1235,#1236,#1237,#1238));
#2544=EDGE_LOOP('',(#1239,#1240));
#2545=EDGE_LOOP('',(#1241,#1242,#1243,#1244));
#2546=EDGE_LOOP('',(#1245));
#2547=EDGE_LOOP('',(#1246));
#2548=EDGE_LOOP('',(#1247));
#2549=EDGE_LOOP('',(#1248));
#2550=EDGE_LOOP('',(#1249));
#2551=EDGE_LOOP('',(#1250));
#2552=EDGE_LOOP('',(#1251));
#2553=EDGE_LOOP('',(#1252));
#2554=EDGE_LOOP('',(#1253,#1254,#1255,#1256,#1257,#1258,#1259,#1260));
#2555=EDGE_LOOP('',(#1261,#1262,#1263,#1264,#1265,#1266,#1267,#1268));
#2556=EDGE_LOOP('',(#1269));
#2557=EDGE_LOOP('',(#1270));
#2558=EDGE_LOOP('',(#1271));
#2559=EDGE_LOOP('',(#1272));
#2560=EDGE_LOOP('',(#1273));
#2561=EDGE_LOOP('',(#1274));
#2562=EDGE_LOOP('',(#1275,#1276,#1277,#1278));
#2563=EDGE_LOOP('',(#1279));
#2564=EDGE_LOOP('',(#1280));
#2565=EDGE_LOOP('',(#1281,#1282,#1283,#1284));
#2566=EDGE_LOOP('',(#1285,#1286,#1287,#1288));
#2567=EDGE_LOOP('',(#1289,#1290,#1291,#1292));
#2568=EDGE_LOOP('',(#1293,#1294,#1295,#1296));
#2569=EDGE_LOOP('',(#1297,#1298,#1299,#1300));
#2570=EDGE_LOOP('',(#1301,#1302,#1303,#1304));
#2571=EDGE_LOOP('',(#1305));
#2572=EDGE_LOOP('',(#1306));
#2573=EDGE_LOOP('',(#1307));
#2574=EDGE_LOOP('',(#1308));
#2575=EDGE_LOOP('',(#1309));
#2576=EDGE_LOOP('',(#1310));
#2577=EDGE_LOOP('',(#1311));
#2578=EDGE_LOOP('',(#1312));
#2579=EDGE_LOOP('',(#1313,#1314,#1315,#1316,#1317,#1318,#1319,#1320));
#2580=EDGE_LOOP('',(#1321,#1322,#1323,#1324));
#2581=EDGE_LOOP('',(#1325));
#2582=EDGE_LOOP('',(#1326));
#2583=EDGE_LOOP('',(#1327));
#2584=EDGE_LOOP('',(#1328));
#2585=EDGE_LOOP('',(#1329,#1330,#1331,#1332,#1333,#1334));
#2586=EDGE_LOOP('',(#1335));
#2587=EDGE_LOOP('',(#1336));
#2588=EDGE_LOOP('',(#1337));
#2589=EDGE_LOOP('',(#1338,#1339,#1340,#1341));
#2590=EDGE_LOOP('',(#1342));
#2591=EDGE_LOOP('',(#1343));
#2592=EDGE_LOOP('',(#1344));
#2593=EDGE_LOOP('',(#1345));
#2594=EDGE_LOOP('',(#1346));
#2595=EDGE_LOOP('',(#1347));
#2596=EDGE_LOOP('',(#1348));
#2597=EDGE_LOOP('',(#1349));
#2598=EDGE_LOOP('',(#1350));
#2599=EDGE_LOOP('',(#1351));
#2600=EDGE_LOOP('',(#1352));
#2601=EDGE_LOOP('',(#1353));
#2602=EDGE_LOOP('',(#1354));
#2603=EDGE_LOOP('',(#1355));
#2604=EDGE_LOOP('',(#1356));
#2605=EDGE_LOOP('',(#1357));
#2606=EDGE_LOOP('',(#1358));
#2607=EDGE_LOOP('',(#1359));
#2608=EDGE_LOOP('',(#1360));
#2609=EDGE_LOOP('',(#1361));
#2610=EDGE_LOOP('',(#1362));
#2611=EDGE_LOOP('',(#1363,#1364));
#2612=EDGE_LOOP('',(#1365));
#2613=EDGE_LOOP('',(#1366));
#2614=EDGE_LOOP('',(#1367,#1368,#1369,#1370));
#2615=EDGE_LOOP('',(#1371,#1372,#1373,#1374,#1375,#1376,#1377,#1378));
#2616=EDGE_LOOP('',(#1379,#1380,#1381,#1382));
#2617=EDGE_LOOP('',(#1383));
#2618=EDGE_LOOP('',(#1384));
#2619=EDGE_LOOP('',(#1385));
#2620=EDGE_LOOP('',(#1386));
#2621=EDGE_LOOP('',(#1387));
#2622=EDGE_LOOP('',(#1388));
#2623=EDGE_LOOP('',(#1389,#1390,#1391,#1392));
#2624=EDGE_LOOP('',(#1393,#1394,#1395,#1396,#1397,#1398));
#2625=EDGE_LOOP('',(#1399));
#2626=EDGE_LOOP('',(#1400));
#2627=EDGE_LOOP('',(#1401));
#2628=EDGE_LOOP('',(#1402));
#2629=EDGE_LOOP('',(#1403));
#2630=EDGE_LOOP('',(#1404));
#2631=EDGE_LOOP('',(#1405));
#2632=EDGE_LOOP('',(#1406));
#2633=EDGE_LOOP('',(#1407));
#2634=EDGE_LOOP('',(#1408));
#2635=EDGE_LOOP('',(#1409));
#2636=EDGE_LOOP('',(#1410));
#2637=EDGE_LOOP('',(#1411));
#2638=EDGE_LOOP('',(#1412));
#2639=EDGE_LOOP('',(#1413));
#2640=EDGE_LOOP('',(#1414));
#2641=EDGE_LOOP('',(#1415));
#2642=EDGE_LOOP('',(#1416));
#2643=EDGE_LOOP('',(#1417));
#2644=EDGE_LOOP('',(#1418));
#2645=EDGE_LOOP('',(#1419));
#2646=EDGE_LOOP('',(#1420));
#2647=EDGE_LOOP('',(#1421,#1422));
#2648=EDGE_LOOP('',(#1423));
#2649=EDGE_LOOP('',(#1424));
#2650=EDGE_LOOP('',(#1425,#1426,#1427,#1428));
#2651=FACE_BOUND('',#2354,.T.);
#2652=FACE_BOUND('',#2355,.T.);
#2653=FACE_BOUND('',#2356,.T.);
#2654=FACE_BOUND('',#2357,.T.);
#2655=FACE_BOUND('',#2358,.T.);
#2656=FACE_BOUND('',#2359,.T.);
#2657=FACE_BOUND('',#2360,.T.);
#2658=FACE_BOUND('',#2361,.T.);
#2659=FACE_BOUND('',#2362,.T.);
#2660=FACE_BOUND('',#2363,.T.);
#2661=FACE_BOUND('',#2364,.T.);
#2662=FACE_BOUND('',#2365,.T.);
#2663=FACE_BOUND('',#2366,.T.);
#2664=FACE_BOUND('',#2367,.T.);
#2665=FACE_BOUND('',#2368,.T.);
#2666=FACE_BOUND('',#2369,.T.);
#2667=FACE_BOUND('',#2370,.T.);
#2668=FACE_BOUND('',#2371,.T.);
#2669=FACE_BOUND('',#2372,.T.);
#2670=FACE_BOUND('',#2373,.T.);
#2671=FACE_BOUND('',#2374,.T.);
#2672=FACE_BOUND('',#2375,.T.);
#2673=FACE_BOUND('',#2376,.T.);
#2674=FACE_BOUND('',#2377,.T.);
#2675=FACE_BOUND('',#2378,.T.);
#2676=FACE_BOUND('',#2379,.T.);
#2677=FACE_BOUND('',#2380,.T.);
#2678=FACE_BOUND('',#2381,.T.);
#2679=FACE_BOUND('',#2382,.T.);
#2680=FACE_BOUND('',#2383,.T.);
#2681=FACE_BOUND('',#2384,.T.);
#2682=FACE_BOUND('',#2385,.T.);
#2683=FACE_BOUND('',#2386,.T.);
#2684=FACE_BOUND('',#2387,.T.);
#2685=FACE_BOUND('',#2388,.T.);
#2686=FACE_BOUND('',#2389,.T.);
#2687=FACE_BOUND('',#2390,.T.);
#2688=FACE_BOUND('',#2391,.T.);
#2689=FACE_BOUND('',#2392,.T.);
#2690=FACE_BOUND('',#2393,.T.);
#2691=FACE_BOUND('',#2394,.T.);
#2692=FACE_BOUND('',#2395,.T.);
#2693=FACE_BOUND('',#2396,.T.);
#2694=FACE_BOUND('',#2397,.T.);
#2695=FACE_BOUND('',#2398,.T.);
#2696=FACE_BOUND('',#2399,.T.);
#2697=FACE_BOUND('',#2400,.T.);
#2698=FACE_BOUND('',#2401,.T.);
#2699=FACE_BOUND('',#2402,.T.);
#2700=FACE_BOUND('',#2403,.T.);
#2701=FACE_BOUND('',#2404,.T.);
#2702=FACE_BOUND('',#2405,.T.);
#2703=FACE_BOUND('',#2406,.T.);
#2704=FACE_BOUND('',#2407,.T.);
#2705=FACE_BOUND('',#2408,.T.);
#2706=FACE_BOUND('',#2409,.T.);
#2707=FACE_BOUND('',#2410,.T.);
#2708=FACE_BOUND('',#2411,.T.);
#2709=FACE_BOUND('',#2412,.T.);
#2710=FACE_BOUND('',#2413,.T.);
#2711=FACE_BOUND('',#2414,.T.);
#2712=FACE_BOUND('',#2415,.T.);
#2713=FACE_BOUND('',#2416,.T.);
#2714=FACE_BOUND('',#2417,.T.);
#2715=FACE_BOUND('',#2418,.T.);
#2716=FACE_BOUND('',#2419,.T.);
#2717=FACE_BOUND('',#2420,.T.);
#2718=FACE_BOUND('',#2421,.T.);
#2719=FACE_BOUND('',#2422,.T.);
#2720=FACE_BOUND('',#2423,.T.);
#2721=FACE_BOUND('',#2424,.T.);
#2722=FACE_BOUND('',#2425,.T.);
#2723=FACE_BOUND('',#2426,.T.);
#2724=FACE_BOUND('',#2427,.T.);
#2725=FACE_BOUND('',#2428,.T.);
#2726=FACE_BOUND('',#2429,.T.);
#2727=FACE_BOUND('',#2430,.T.);
#2728=FACE_BOUND('',#2431,.T.);
#2729=FACE_BOUND('',#2432,.T.);
#2730=FACE_BOUND('',#2433,.T.);
#2731=FACE_BOUND('',#2434,.T.);
#2732=FACE_BOUND('',#2435,.T.);
#2733=FACE_BOUND('',#2436,.T.);
#2734=FACE_BOUND('',#2437,.T.);
#2735=FACE_BOUND('',#2438,.T.);
#2736=FACE_BOUND('',#2439,.T.);
#2737=FACE_BOUND('',#2440,.T.);
#2738=FACE_BOUND('',#2441,.T.);
#2739=FACE_BOUND('',#2442,.T.);
#2740=FACE_BOUND('',#2443,.T.);
#2741=FACE_BOUND('',#2444,.T.);
#2742=FACE_BOUND('',#2445,.T.);
#2743=FACE_BOUND('',#2446,.T.);
#2744=FACE_BOUND('',#2447,.T.);
#2745=FACE_BOUND('',#2448,.T.);
#2746=FACE_BOUND('',#2449,.T.);
#2747=FACE_BOUND('',#2450,.T.);
#2748=FACE_BOUND('',#2451,.T.);
#2749=FACE_BOUND('',#2452,.T.);
#2750=FACE_BOUND('',#2453,.T.);
#2751=FACE_BOUND('',#2454,.T.);
#2752=FACE_BOUND('',#2455,.T.);
#2753=FACE_BOUND('',#2456,.T.);
#2754=FACE_BOUND('',#2457,.T.);
#2755=FACE_BOUND('',#2458,.T.);
#2756=FACE_BOUND('',#2459,.T.);
#2757=FACE_BOUND('',#2460,.T.);
#2758=FACE_BOUND('',#2461,.T.);
#2759=FACE_BOUND('',#2462,.T.);
#2760=FACE_BOUND('',#2463,.T.);
#2761=FACE_BOUND('',#2464,.T.);
#2762=FACE_BOUND('',#2465,.T.);
#2763=FACE_BOUND('',#2466,.T.);
#2764=FACE_BOUND('',#2467,.T.);
#2765=FACE_BOUND('',#2468,.T.);
#2766=FACE_BOUND('',#2469,.T.);
#2767=FACE_BOUND('',#2470,.T.);
#2768=FACE_BOUND('',#2471,.T.);
#2769=FACE_BOUND('',#2472,.T.);
#2770=FACE_BOUND('',#2473,.T.);
#2771=FACE_BOUND('',#2474,.T.);
#2772=FACE_BOUND('',#2475,.T.);
#2773=FACE_BOUND('',#2476,.T.);
#2774=FACE_BOUND('',#2477,.T.);
#2775=FACE_BOUND('',#2478,.T.);
#2776=FACE_BOUND('',#2479,.T.);
#2777=FACE_BOUND('',#2480,.T.);
#2778=FACE_BOUND('',#2481,.T.);
#2779=FACE_BOUND('',#2482,.T.);
#2780=FACE_BOUND('',#2483,.T.);
#2781=FACE_BOUND('',#2484,.T.);
#2782=FACE_BOUND('',#2485,.T.);
#2783=FACE_BOUND('',#2486,.T.);
#2784=FACE_BOUND('',#2487,.T.);
#2785=FACE_BOUND('',#2488,.T.);
#2786=FACE_BOUND('',#2489,.T.);
#2787=FACE_BOUND('',#2490,.T.);
#2788=FACE_BOUND('',#2491,.T.);
#2789=FACE_BOUND('',#2492,.T.);
#2790=FACE_BOUND('',#2493,.T.);
#2791=FACE_BOUND('',#2494,.T.);
#2792=FACE_BOUND('',#2495,.T.);
#2793=FACE_BOUND('',#2496,.T.);
#2794=FACE_BOUND('',#2497,.T.);
#2795=FACE_BOUND('',#2498,.T.);
#2796=FACE_BOUND('',#2499,.T.);
#2797=FACE_BOUND('',#2500,.T.);
#2798=FACE_BOUND('',#2501,.T.);
#2799=FACE_BOUND('',#2502,.T.);
#2800=FACE_BOUND('',#2503,.T.);
#2801=FACE_BOUND('',#2504,.T.);
#2802=FACE_BOUND('',#2505,.T.);
#2803=FACE_BOUND('',#2506,.T.);
#2804=FACE_BOUND('',#2507,.T.);
#2805=FACE_BOUND('',#2508,.T.);
#2806=FACE_BOUND('',#2509,.T.);
#2807=FACE_BOUND('',#2510,.T.);
#2808=FACE_BOUND('',#2511,.T.);
#2809=FACE_BOUND('',#2512,.T.);
#2810=FACE_BOUND('',#2513,.T.);
#2811=FACE_BOUND('',#2514,.T.);
#2812=FACE_BOUND('',#2515,.T.);
#2813=FACE_BOUND('',#2516,.T.);
#2814=FACE_BOUND('',#2517,.T.);
#2815=FACE_BOUND('',#2518,.T.);
#2816=FACE_BOUND('',#2519,.T.);
#2817=FACE_BOUND('',#2520,.T.);
#2818=FACE_BOUND('',#2521,.T.);
#2819=FACE_BOUND('',#2522,.T.);
#2820=FACE_BOUND('',#2523,.T.);
#2821=FACE_BOUND('',#2524,.T.);
#2822=FACE_BOUND('',#2525,.T.);
#2823=FACE_BOUND('',#2526,.T.);
#2824=FACE_BOUND('',#2527,.T.);
#2825=FACE_BOUND('',#2528,.T.);
#2826=FACE_BOUND('',#2529,.T.);
#2827=FACE_BOUND('',#2530,.T.);
#2828=FACE_BOUND('',#2531,.T.);
#2829=FACE_BOUND('',#2532,.T.);
#2830=FACE_BOUND('',#2533,.T.);
#2831=FACE_BOUND('',#2534,.T.);
#2832=FACE_BOUND('',#2535,.T.);
#2833=FACE_BOUND('',#2536,.T.);
#2834=FACE_BOUND('',#2537,.T.);
#2835=FACE_BOUND('',#2538,.T.);
#2836=FACE_BOUND('',#2539,.T.);
#2837=FACE_BOUND('',#2540,.T.);
#2838=FACE_BOUND('',#2541,.T.);
#2839=FACE_BOUND('',#2542,.T.);
#2840=FACE_BOUND('',#2543,.T.);
#2841=FACE_BOUND('',#2544,.T.);
#2842=FACE_BOUND('',#2545,.T.);
#2843=FACE_BOUND('',#2546,.T.);
#2844=FACE_BOUND('',#2547,.T.);
#2845=FACE_BOUND('',#2548,.T.);
#2846=FACE_BOUND('',#2549,.T.);
#2847=FACE_BOUND('',#2550,.T.);
#2848=FACE_BOUND('',#2551,.T.);
#2849=FACE_BOUND('',#2552,.T.);
#2850=FACE_BOUND('',#2553,.T.);
#2851=FACE_BOUND('',#2554,.T.);
#2852=FACE_BOUND('',#2555,.T.);
#2853=FACE_BOUND('',#2556,.T.);
#2854=FACE_BOUND('',#2557,.T.);
#2855=FACE_BOUND('',#2558,.T.);
#2856=FACE_BOUND('',#2559,.T.);
#2857=FACE_BOUND('',#2560,.T.);
#2858=FACE_BOUND('',#2561,.T.);
#2859=FACE_BOUND('',#2562,.T.);
#2860=FACE_BOUND('',#2563,.T.);
#2861=FACE_BOUND('',#2564,.T.);
#2862=FACE_BOUND('',#2565,.T.);
#2863=FACE_BOUND('',#2566,.T.);
#2864=FACE_BOUND('',#2567,.T.);
#2865=FACE_BOUND('',#2568,.T.);
#2866=FACE_BOUND('',#2569,.T.);
#2867=FACE_BOUND('',#2570,.T.);
#2868=FACE_BOUND('',#2571,.T.);
#2869=FACE_BOUND('',#2572,.T.);
#2870=FACE_BOUND('',#2573,.T.);
#2871=FACE_BOUND('',#2574,.T.);
#2872=FACE_BOUND('',#2575,.T.);
#2873=FACE_BOUND('',#2576,.T.);
#2874=FACE_BOUND('',#2577,.T.);
#2875=FACE_BOUND('',#2578,.T.);
#2876=FACE_BOUND('',#2579,.T.);
#2877=FACE_BOUND('',#2580,.T.);
#2878=FACE_BOUND('',#2581,.T.);
#2879=FACE_BOUND('',#2582,.T.);
#2880=FACE_BOUND('',#2583,.T.);
#2881=FACE_BOUND('',#2584,.T.);
#2882=FACE_BOUND('',#2585,.T.);
#2883=FACE_BOUND('',#2586,.T.);
#2884=FACE_BOUND('',#2587,.T.);
#2885=FACE_BOUND('',#2588,.T.);
#2886=FACE_BOUND('',#2589,.T.);
#2887=FACE_BOUND('',#2590,.T.);
#2888=FACE_BOUND('',#2591,.T.);
#2889=FACE_BOUND('',#2592,.T.);
#2890=FACE_BOUND('',#2593,.T.);
#2891=FACE_BOUND('',#2594,.T.);
#2892=FACE_BOUND('',#2595,.T.);
#2893=FACE_BOUND('',#2596,.T.);
#2894=FACE_BOUND('',#2597,.T.);
#2895=FACE_BOUND('',#2598,.T.);
#2896=FACE_BOUND('',#2599,.T.);
#2897=FACE_BOUND('',#2600,.T.);
#2898=FACE_BOUND('',#2601,.T.);
#2899=FACE_BOUND('',#2602,.T.);
#2900=FACE_BOUND('',#2603,.T.);
#2901=FACE_BOUND('',#2604,.T.);
#2902=FACE_BOUND('',#2605,.T.);
#2903=FACE_BOUND('',#2606,.T.);
#2904=FACE_BOUND('',#2607,.T.);
#2905=FACE_BOUND('',#2608,.T.);
#2906=FACE_BOUND('',#2609,.T.);
#2907=FACE_BOUND('',#2610,.T.);
#2908=FACE_BOUND('',#2611,.T.);
#2909=FACE_BOUND('',#2612,.T.);
#2910=FACE_BOUND('',#2613,.T.);
#2911=FACE_BOUND('',#2614,.T.);
#2912=FACE_BOUND('',#2615,.T.);
#2913=FACE_BOUND('',#2616,.T.);
#2914=FACE_BOUND('',#2617,.T.);
#2915=FACE_BOUND('',#2618,.T.);
#2916=FACE_BOUND('',#2619,.T.);
#2917=FACE_BOUND('',#2620,.T.);
#2918=FACE_BOUND('',#2621,.T.);
#2919=FACE_BOUND('',#2622,.T.);
#2920=FACE_BOUND('',#2623,.T.);
#2921=FACE_BOUND('',#2624,.T.);
#2922=FACE_BOUND('',#2625,.T.);
#2923=FACE_BOUND('',#2626,.T.);
#2924=FACE_BOUND('',#2627,.T.);
#2925=FACE_BOUND('',#2628,.T.);
#2926=FACE_BOUND('',#2629,.T.);
#2927=FACE_BOUND('',#2630,.T.);
#2928=FACE_BOUND('',#2631,.T.);
#2929=FACE_BOUND('',#2632,.T.);
#2930=FACE_BOUND('',#2633,.T.);
#2931=FACE_BOUND('',#2634,.T.);
#2932=FACE_BOUND('',#2635,.T.);
#2933=FACE_BOUND('',#2636,.T.);
#2934=FACE_BOUND('',#2637,.T.);
#2935=FACE_BOUND('',#2638,.T.);
#2936=FACE_BOUND('',#2639,.T.);
#2937=FACE_BOUND('',#2640,.T.);
#2938=FACE_BOUND('',#2641,.T.);
#2939=FACE_BOUND('',#2642,.T.);
#2940=FACE_BOUND('',#2643,.T.);
#2941=FACE_BOUND('',#2644,.T.);
#2942=FACE_BOUND('',#2645,.T.);
#2943=FACE_BOUND('',#2646,.T.);
#2944=FACE_BOUND('',#2647,.T.);
#2945=FACE_BOUND('',#2648,.T.);
#2946=FACE_BOUND('',#2649,.T.);
#2947=FACE_BOUND('',#2650,.T.);
#2948=PLANE('',#3293);
#2949=PLANE('',#3296);
#2950=PLANE('',#3299);
#2951=PLANE('',#3302);
#2952=PLANE('',#3305);
#2953=PLANE('',#3308);
#2954=PLANE('',#3311);
#2955=PLANE('',#3314);
#2956=PLANE('',#3317);
#2957=PLANE('',#3320);
#2958=PLANE('',#3323);
#2959=PLANE('',#3326);
#2960=PLANE('',#3345);
#2961=PLANE('',#3347);
#2962=PLANE('',#3355);
#2963=PLANE('',#3358);
#2964=PLANE('',#3361);
#2965=PLANE('',#3362);
#2966=PLANE('',#3363);
#2967=PLANE('',#3364);
#2968=PLANE('',#3365);
#2969=PLANE('',#3366);
#2970=PLANE('',#3367);
#2971=PLANE('',#3375);
#2972=PLANE('',#3378);
#2973=PLANE('',#3403);
#2974=PLANE('',#3405);
#2975=PLANE('',#3408);
#2976=PLANE('',#3409);
#2977=PLANE('',#3410);
#2978=PLANE('',#3411);
#2979=PLANE('',#3412);
#2980=PLANE('',#3413);
#2981=PLANE('',#3414);
#2982=PLANE('',#3417);
#2983=PLANE('',#3420);
#2984=PLANE('',#3421);
#2985=PLANE('',#3424);
#2986=PLANE('',#3425);
#2987=PLANE('',#3426);
#2988=PLANE('',#3429);
#2989=PLANE('',#3448);
#2990=PLANE('',#3451);
#2991=PLANE('',#3452);
#2992=PLANE('',#3453);
#2993=PLANE('',#3454);
#2994=PLANE('',#3455);
#2995=PLANE('',#3460);
#2996=PLANE('',#3493);
#2997=PLANE('',#3494);
#2998=PLANE('',#3496);
#2999=PLANE('',#3497);
#3000=PLANE('',#3503);
#3001=PLANE('',#3507);
#3002=PLANE('',#3509);
#3003=PLANE('',#3512);
#3004=PLANE('',#3517);
#3005=PLANE('',#3520);
#3006=PLANE('',#3521);
#3007=PLANE('',#3522);
#3008=PLANE('',#3523);
#3009=PLANE('',#3524);
#3010=PLANE('',#3525);
#3011=PLANE('',#3526);
#3012=PLANE('',#3527);
#3013=PLANE('',#3528);
#3014=PLANE('',#3529);
#3015=PLANE('',#3530);
#3016=PLANE('',#3531);
#3017=PLANE('',#3532);
#3018=PLANE('',#3533);
#3019=PLANE('',#3534);
#3020=PLANE('',#3535);
#3021=PLANE('',#3536);
#3022=PLANE('',#3537);
#3023=PLANE('',#3538);
#3024=PLANE('',#3539);
#3025=PLANE('',#3540);
#3026=PLANE('',#3541);
#3027=PLANE('',#3542);
#3028=PLANE('',#3543);
#3029=PLANE('',#3544);
#3030=PLANE('',#3555);
#3031=PLANE('',#3565);
#3032=PLANE('',#3578);
#3033=PLANE('',#3581);
#3034=PLANE('',#3602);
#3035=PLANE('',#3604);
#3036=PLANE('',#3607);
#3037=PLANE('',#3610);
#3038=PLANE('',#3614);
#3039=PLANE('',#3615);
#3040=PLANE('',#3620);
#3041=PLANE('',#3624);
#3042=PLANE('',#3628);
#3043=PLANE('',#3629);
#3044=PLANE('',#3644);
#3045=PLANE('',#3647);
#3046=PLANE('',#3649);
#3047=PLANE('',#3652);
#3048=PLANE('',#3656);
#3049=PLANE('',#3657);
#3050=PLANE('',#3662);
#3051=PLANE('',#3666);
#3052=PLANE('',#3670);
#3053=PLANE('',#3671);
#3054=ADVANCED_FACE('',(#2651),#2948,.T.);
#3055=ADVANCED_FACE('',(#2652),#2949,.T.);
#3056=ADVANCED_FACE('',(#2653),#2950,.T.);
#3057=ADVANCED_FACE('',(#2654),#2951,.T.);
#3058=ADVANCED_FACE('',(#2655),#2952,.T.);
#3059=ADVANCED_FACE('',(#2656),#2953,.T.);
#3060=ADVANCED_FACE('',(#2657),#2954,.T.);
#3061=ADVANCED_FACE('',(#2658),#2955,.T.);
#3062=ADVANCED_FACE('',(#2659),#2956,.T.);
#3063=ADVANCED_FACE('',(#2660),#2957,.T.);
#3064=ADVANCED_FACE('',(#2661),#2958,.T.);
#3065=ADVANCED_FACE('',(#2662),#2959,.T.);
#3066=ADVANCED_FACE('',(#2663,#2664),#65,.F.);
#3067=ADVANCED_FACE('',(#2665,#2666),#66,.F.);
#3068=ADVANCED_FACE('',(#2667,#2668),#67,.F.);
#3069=ADVANCED_FACE('',(#2669,#2670),#68,.F.);
#3070=ADVANCED_FACE('',(#2671,#2672),#2960,.F.);
#3071=ADVANCED_FACE('',(#2673,#2674),#2961,.T.);
#3072=ADVANCED_FACE('',(#2675,#2676),#69,.F.);
#3073=ADVANCED_FACE('',(#2677,#2678),#70,.F.);
#3074=ADVANCED_FACE('',(#2679),#33,.F.);
#3075=ADVANCED_FACE('',(#2680),#34,.F.);
#3076=ADVANCED_FACE('',(#2681),#30,.F.);
#3077=ADVANCED_FACE('',(#2682,#2683),#2962,.F.);
#3078=ADVANCED_FACE('',(#2684,#2685,#2686),#2963,.F.);
#3079=ADVANCED_FACE('',(#2687),#2964,.T.);
#3080=ADVANCED_FACE('',(#2688),#2965,.T.);
#3081=ADVANCED_FACE('',(#2689),#2966,.F.);
#3082=ADVANCED_FACE('',(#2690),#2967,.F.);
#3083=ADVANCED_FACE('',(#2691),#2968,.T.);
#3084=ADVANCED_FACE('',(#2692),#2969,.T.);
#3085=ADVANCED_FACE('',(#2693),#2970,.F.);
#3086=ADVANCED_FACE('',(#2694,#2695),#71,.F.);
#3087=ADVANCED_FACE('',(#2696,#2697),#72,.F.);
#3088=ADVANCED_FACE('',(#2698,#2699),#73,.F.);
#3089=ADVANCED_FACE('',(#2700),#2971,.F.);
#3090=ADVANCED_FACE('',(#2701,#2702),#74,.F.);
#3091=ADVANCED_FACE('',(#2703,#2704,#2705,#2706,#2707,#2708,#2709,#2710,
#2711,#2712,#2713,#2714,#2715,#2716,#2717),#2972,.T.);
#3092=ADVANCED_FACE('',(#2718,#2719),#2973,.F.);
#3093=ADVANCED_FACE('',(#2720),#2974,.F.);
#3094=ADVANCED_FACE('',(#2721),#2975,.T.);
#3095=ADVANCED_FACE('',(#2722),#2976,.T.);
#3096=ADVANCED_FACE('',(#2723),#2977,.T.);
#3097=ADVANCED_FACE('',(#2724),#2978,.F.);
#3098=ADVANCED_FACE('',(#2725),#2979,.F.);
#3099=ADVANCED_FACE('',(#2726),#2980,.F.);
#3100=ADVANCED_FACE('',(#2727),#2981,.F.);
#3101=ADVANCED_FACE('',(#2728),#75,.T.);
#3102=ADVANCED_FACE('',(#2729),#2982,.T.);
#3103=ADVANCED_FACE('',(#2730),#76,.T.);
#3104=ADVANCED_FACE('',(#2731),#2983,.F.);
#3105=ADVANCED_FACE('',(#2732),#2984,.F.);
#3106=ADVANCED_FACE('',(#2733),#77,.T.);
#3107=ADVANCED_FACE('',(#2734),#2985,.F.);
#3108=ADVANCED_FACE('',(#2735),#2986,.T.);
#3109=ADVANCED_FACE('',(#2736),#2987,.T.);
#3110=ADVANCED_FACE('',(#2737,#2738),#78,.F.);
#3111=ADVANCED_FACE('',(#2739,#2740,#2741,#2742,#2743,#2744),#2988,.F.);
#3112=ADVANCED_FACE('',(#2745),#79,.F.);
#3113=ADVANCED_FACE('',(#2746),#80,.F.);
#3114=ADVANCED_FACE('',(#2747),#81,.F.);
#3115=ADVANCED_FACE('',(#2748),#82,.F.);
#3116=ADVANCED_FACE('',(#2749),#83,.F.);
#3117=ADVANCED_FACE('',(#2750),#84,.F.);
#3118=ADVANCED_FACE('',(#2751),#85,.T.);
#3119=ADVANCED_FACE('',(#2752),#2989,.T.);
#3120=ADVANCED_FACE('',(#2753),#86,.T.);
#3121=ADVANCED_FACE('',(#2754),#2990,.F.);
#3122=ADVANCED_FACE('',(#2755),#2991,.T.);
#3123=ADVANCED_FACE('',(#2756),#2992,.F.);
#3124=ADVANCED_FACE('',(#2757),#2993,.F.);
#3125=ADVANCED_FACE('',(#2758),#2994,.T.);
#3126=ADVANCED_FACE('',(#2759),#87,.T.);
#3127=ADVANCED_FACE('',(#2760,#2761),#88,.F.);
#3128=ADVANCED_FACE('',(#2762,#2763,#2764,#2765,#2766,#2767),#2995,.F.);
#3129=ADVANCED_FACE('',(#2768),#89,.F.);
#3130=ADVANCED_FACE('',(#2769),#90,.F.);
#3131=ADVANCED_FACE('',(#2770),#91,.F.);
#3132=ADVANCED_FACE('',(#2771),#92,.F.);
#3133=ADVANCED_FACE('',(#2772),#93,.F.);
#3134=ADVANCED_FACE('',(#2773),#94,.F.);
#3135=ADVANCED_FACE('',(#2774,#2775),#95,.F.);
#3136=ADVANCED_FACE('',(#2776),#96,.T.);
#3137=ADVANCED_FACE('',(#2777),#97,.T.);
#3138=ADVANCED_FACE('',(#2778,#2779),#98,.F.);
#3139=ADVANCED_FACE('',(#2780),#99,.T.);
#3140=ADVANCED_FACE('',(#2781),#100,.T.);
#3141=ADVANCED_FACE('',(#2782,#2783),#101,.F.);
#3142=ADVANCED_FACE('',(#2784,#2785),#102,.F.);
#3143=ADVANCED_FACE('',(#2786),#103,.T.);
#3144=ADVANCED_FACE('',(#2787),#104,.F.);
#3145=ADVANCED_FACE('',(#2788),#105,.T.);
#3146=ADVANCED_FACE('',(#2789),#106,.F.);
#3147=ADVANCED_FACE('',(#2790),#2996,.T.);
#3148=ADVANCED_FACE('',(#2791,#2792),#2997,.T.);
#3149=ADVANCED_FACE('',(#2793),#2998,.F.);
#3150=ADVANCED_FACE('',(#2794,#2795),#2999,.F.);
#3151=ADVANCED_FACE('',(#2796),#107,.F.);
#3152=ADVANCED_FACE('',(#2797),#108,.F.);
#3153=ADVANCED_FACE('',(#2798,#2799),#109,.F.);
#3154=ADVANCED_FACE('',(#2800,#2801),#3000,.T.);
#3155=ADVANCED_FACE('',(#2802,#2803),#110,.F.);
#3156=ADVANCED_FACE('',(#2804,#2805),#3001,.T.);
#3157=ADVANCED_FACE('',(#2806),#3002,.T.);
#3158=ADVANCED_FACE('',(#2807,#2808),#111,.F.);
#3159=ADVANCED_FACE('',(#2809),#3003,.T.);
#3160=ADVANCED_FACE('',(#2810,#2811),#112,.F.);
#3161=ADVANCED_FACE('',(#2812,#2813),#113,.F.);
#3162=ADVANCED_FACE('',(#2814),#3004,.T.);
#3163=ADVANCED_FACE('',(#2815,#2816),#114,.F.);
#3164=ADVANCED_FACE('',(#2817),#3005,.T.);
#3165=ADVANCED_FACE('',(#2818),#3006,.T.);
#3166=ADVANCED_FACE('',(#2819),#3007,.T.);
#3167=ADVANCED_FACE('',(#2820),#3008,.F.);
#3168=ADVANCED_FACE('',(#2821),#3009,.T.);
#3169=ADVANCED_FACE('',(#2822),#3010,.F.);
#3170=ADVANCED_FACE('',(#2823),#3011,.T.);
#3171=ADVANCED_FACE('',(#2824),#3012,.T.);
#3172=ADVANCED_FACE('',(#2825),#3013,.T.);
#3173=ADVANCED_FACE('',(#2826),#3014,.T.);
#3174=ADVANCED_FACE('',(#2827),#3015,.T.);
#3175=ADVANCED_FACE('',(#2828),#3016,.F.);
#3176=ADVANCED_FACE('',(#2829),#3017,.T.);
#3177=ADVANCED_FACE('',(#2830),#3018,.T.);
#3178=ADVANCED_FACE('',(#2831),#3019,.T.);
#3179=ADVANCED_FACE('',(#2832),#3020,.F.);
#3180=ADVANCED_FACE('',(#2833),#3021,.T.);
#3181=ADVANCED_FACE('',(#2834),#3022,.T.);
#3182=ADVANCED_FACE('',(#2835),#3023,.T.);
#3183=ADVANCED_FACE('',(#2836),#3024,.F.);
#3184=ADVANCED_FACE('',(#2837),#3025,.T.);
#3185=ADVANCED_FACE('',(#2838),#3026,.F.);
#3186=ADVANCED_FACE('',(#2839),#3027,.T.);
#3187=ADVANCED_FACE('',(#2840),#3028,.T.);
#3188=ADVANCED_FACE('',(#2841),#3029,.T.);
#3189=ADVANCED_FACE('',(#2842),#115,.T.);
#3190=ADVANCED_FACE('',(#2843,#2844),#116,.F.);
#3191=ADVANCED_FACE('',(#2845,#2846),#117,.F.);
#3192=ADVANCED_FACE('',(#2847,#2848,#2849,#2850,#2851),#3030,.T.);
#3193=ADVANCED_FACE('',(#2852,#2853,#2854,#2855,#2856),#3031,.F.);
#3194=ADVANCED_FACE('',(#2857,#2858),#118,.F.);
#3195=ADVANCED_FACE('',(#2859),#119,.T.);
#3196=ADVANCED_FACE('',(#2860,#2861),#120,.F.);
#3197=ADVANCED_FACE('',(#2862),#3032,.F.);
#3198=ADVANCED_FACE('',(#2863),#121,.T.);
#3199=ADVANCED_FACE('',(#2864),#122,.T.);
#3200=ADVANCED_FACE('',(#2865),#3033,.F.);
#3201=ADVANCED_FACE('',(#2866),#123,.F.);
#3202=ADVANCED_FACE('',(#2867),#124,.F.);
#3203=ADVANCED_FACE('',(#2868,#2869),#18,.F.);
#3204=ADVANCED_FACE('',(#2870,#2871),#19,.F.);
#3205=ADVANCED_FACE('',(#2872,#2873),#20,.F.);
#3206=ADVANCED_FACE('',(#2874,#2875),#21,.F.);
#3207=ADVANCED_FACE('',(#2876,#2877),#31,.F.);
#3208=ADVANCED_FACE('',(#2878,#2879),#125,.F.);
#3209=ADVANCED_FACE('',(#2880,#2881),#126,.F.);
#3210=ADVANCED_FACE('',(#2882,#2883),#3034,.T.);
#3211=ADVANCED_FACE('',(#2884,#2885,#2886),#3035,.T.);
#3212=ADVANCED_FACE('',(#2887,#2888),#3036,.T.);
#3213=ADVANCED_FACE('',(#2889,#2890),#127,.F.);
#3214=ADVANCED_FACE('',(#2891,#2892),#3037,.T.);
#3215=ADVANCED_FACE('',(#2893,#2894),#128,.F.);
#3216=ADVANCED_FACE('',(#2895,#2896),#3038,.T.);
#3217=ADVANCED_FACE('',(#2897),#3039,.F.);
#3218=ADVANCED_FACE('',(#2898,#2899),#129,.F.);
#3219=ADVANCED_FACE('',(#2900,#2901),#130,.F.);
#3220=ADVANCED_FACE('',(#2902,#2903),#3040,.F.);
#3221=ADVANCED_FACE('',(#2904,#2905),#131,.F.);
#3222=ADVANCED_FACE('',(#2906,#2907),#3041,.T.);
#3223=ADVANCED_FACE('',(#2908,#2909),#132,.F.);
#3224=ADVANCED_FACE('',(#2910),#3042,.T.);
#3225=ADVANCED_FACE('',(#2911),#3043,.F.);
#3226=ADVANCED_FACE('',(#2912,#2913),#32,.T.);
#3227=ADVANCED_FACE('',(#2914,#2915),#133,.F.);
#3228=ADVANCED_FACE('',(#2916,#2917),#134,.F.);
#3229=ADVANCED_FACE('',(#2918,#2919,#2920),#3044,.T.);
#3230=ADVANCED_FACE('',(#2921,#2922),#3045,.T.);
#3231=ADVANCED_FACE('',(#2923,#2924),#3046,.T.);
#3232=ADVANCED_FACE('',(#2925,#2926),#135,.F.);
#3233=ADVANCED_FACE('',(#2927,#2928),#3047,.T.);
#3234=ADVANCED_FACE('',(#2929,#2930),#136,.F.);
#3235=ADVANCED_FACE('',(#2931,#2932),#3048,.T.);
#3236=ADVANCED_FACE('',(#2933),#3049,.F.);
#3237=ADVANCED_FACE('',(#2934,#2935),#137,.F.);
#3238=ADVANCED_FACE('',(#2936,#2937),#138,.F.);
#3239=ADVANCED_FACE('',(#2938,#2939),#3050,.F.);
#3240=ADVANCED_FACE('',(#2940,#2941),#139,.F.);
#3241=ADVANCED_FACE('',(#2942,#2943),#3051,.T.);
#3242=ADVANCED_FACE('',(#2944,#2945),#140,.F.);
#3243=ADVANCED_FACE('',(#2946),#3052,.T.);
#3244=ADVANCED_FACE('',(#2947),#3053,.F.);
#3245=CLOSED_SHELL('',(#3054,#3055,#3056,#3057,#3058,#3059,#3060,#3061,
#3062,#3063,#3064,#3065,#3066,#3067,#3068,#3069,#3070,#3071,#3072,#3073,
#3074,#3075,#3076,#3077,#3078,#3079,#3080,#3081,#3082,#3083,#3084,#3085,
#3086,#3087,#3088,#3089,#3090,#3091,#3092,#3093,#3094,#3095,#3096,#3097,
#3098,#3099,#3100,#3101,#3102,#3103,#3104,#3105,#3106,#3107,#3108,#3109,
#3110,#3111,#3112,#3113,#3114,#3115,#3116,#3117,#3118,#3119,#3120,#3121,
#3122,#3123,#3124,#3125,#3126,#3127,#3128,#3129,#3130,#3131,#3132,#3133,
#3134,#3135,#3136,#3137,#3138,#3139,#3140,#3141,#3142,#3143,#3144,#3145,
#3146,#3147,#3148,#3149,#3150,#3151,#3152,#3153,#3154,#3155,#3156,#3157,
#3158,#3159,#3160,#3161,#3162,#3163,#3164,#3165,#3166,#3167,#3168,#3169,
#3170,#3171,#3172,#3173,#3174,#3175,#3176,#3177,#3178,#3179,#3180,#3181,
#3182,#3183,#3184,#3185,#3186,#3187,#3188));
#3246=CLOSED_SHELL('',(#3189,#3190,#3191,#3192,#3193,#3194,#3195,#3196,
#3197,#3198,#3199,#3200,#3201,#3202,#3203,#3204,#3205,#3206));
#3247=CLOSED_SHELL('',(#3207,#3208,#3209,#3210,#3211,#3212,#3213,#3214,
#3215,#3216,#3217,#3218,#3219,#3220,#3221,#3222,#3223,#3224,#3225));
#3248=CLOSED_SHELL('',(#3226,#3227,#3228,#3229,#3230,#3231,#3232,#3233,
#3234,#3235,#3236,#3237,#3238,#3239,#3240,#3241,#3242,#3243,#3244));
#3249=STYLED_ITEM('',(#3253),#3280);
#3250=STYLED_ITEM('',(#3254),#3281);
#3251=STYLED_ITEM('',(#3255),#3282);
#3252=STYLED_ITEM('',(#3256),#3283);
#3253=PRESENTATION_STYLE_ASSIGNMENT((#3257));
#3254=PRESENTATION_STYLE_ASSIGNMENT((#3258));
#3255=PRESENTATION_STYLE_ASSIGNMENT((#3259));
#3256=PRESENTATION_STYLE_ASSIGNMENT((#3260));
#3257=SURFACE_STYLE_USAGE(.BOTH.,#3261);
#3258=SURFACE_STYLE_USAGE(.BOTH.,#3262);
#3259=SURFACE_STYLE_USAGE(.BOTH.,#3263);
#3260=SURFACE_STYLE_USAGE(.BOTH.,#3264);
#3261=SURFACE_SIDE_STYLE('',(#3265));
#3262=SURFACE_SIDE_STYLE('',(#3266));
#3263=SURFACE_SIDE_STYLE('',(#3267));
#3264=SURFACE_SIDE_STYLE('',(#3268));
#3265=SURFACE_STYLE_FILL_AREA(#3269);
#3266=SURFACE_STYLE_FILL_AREA(#3270);
#3267=SURFACE_STYLE_FILL_AREA(#3271);
#3268=SURFACE_STYLE_FILL_AREA(#3272);
#3269=FILL_AREA_STYLE('',(#3273));
#3270=FILL_AREA_STYLE('',(#3274));
#3271=FILL_AREA_STYLE('',(#3275));
#3272=FILL_AREA_STYLE('',(#3276));
#3273=FILL_AREA_STYLE_COLOUR('',#3277);
#3274=FILL_AREA_STYLE_COLOUR('',#3278);
#3275=FILL_AREA_STYLE_COLOUR('',#3279);
#3276=FILL_AREA_STYLE_COLOUR('',#3279);
#3277=COLOUR_RGB('',0.615686274509804,0.811764705882353,0.929411764705882);
#3278=COLOUR_RGB('',0.647058823529412,0.647058823529412,0.647058823529412);
#3279=COLOUR_RGB('',0.231372549019608,0.380392156862745,0.705882352941177);
#3280=MANIFOLD_SOLID_BREP('Top Brace',#3245);
#3281=MANIFOLD_SOLID_BREP('Bottom Brace',#3246);
#3282=MANIFOLD_SOLID_BREP('Right Brace',#3247);
#3283=MANIFOLD_SOLID_BREP('Left Brace',#3248);
#3284=SHAPE_DEFINITION_REPRESENTATION(#7401,#3288);
#3285=SHAPE_DEFINITION_REPRESENTATION(#7402,#3289);
#3286=SHAPE_DEFINITION_REPRESENTATION(#7403,#3290);
#3287=SHAPE_DEFINITION_REPRESENTATION(#7404,#3291);
#3288=SHAPE_REPRESENTATION('Top Brace',(#3292),#7381);
#3289=SHAPE_REPRESENTATION('Bottom Brace',(#3545),#7382);
#3290=SHAPE_REPRESENTATION('Right Brace',(#3588),#7383);
#3291=SHAPE_REPRESENTATION('Left Brace',(#3630),#7384);
#3292=AXIS2_PLACEMENT_3D('',#4647,#3672,#3673);
#3293=AXIS2_PLACEMENT_3D('',#4648,#3674,#3675);
#3294=AXIS2_PLACEMENT_3D('',#4649,#3676,#3677);
#3295=AXIS2_PLACEMENT_3D('',#4654,#3679,#3680);
#3296=AXIS2_PLACEMENT_3D('',#4657,#3682,#3683);
#3297=AXIS2_PLACEMENT_3D('',#4658,#3684,#3685);
#3298=AXIS2_PLACEMENT_3D('',#4661,#3687,#3688);
#3299=AXIS2_PLACEMENT_3D('',#4664,#3690,#3691);
#3300=AXIS2_PLACEMENT_3D('',#4668,#3693,#3694);
#3301=AXIS2_PLACEMENT_3D('',#4672,#3696,#3697);
#3302=AXIS2_PLACEMENT_3D('',#4673,#3698,#3699);
#3303=AXIS2_PLACEMENT_3D('',#4676,#3701,#3702);
#3304=AXIS2_PLACEMENT_3D('',#4679,#3704,#3705);
#3305=AXIS2_PLACEMENT_3D('',#4680,#3706,#3707);
#3306=AXIS2_PLACEMENT_3D('',#4684,#3709,#3710);
#3307=AXIS2_PLACEMENT_3D('',#4688,#3712,#3713);
#3308=AXIS2_PLACEMENT_3D('',#4689,#3714,#3715);
#3309=AXIS2_PLACEMENT_3D('',#4692,#3717,#3718);
#3310=AXIS2_PLACEMENT_3D('',#4695,#3720,#3721);
#3311=AXIS2_PLACEMENT_3D('',#4696,#3722,#3723);
#3312=AXIS2_PLACEMENT_3D('',#4700,#3725,#3726);
#3313=AXIS2_PLACEMENT_3D('',#4704,#3728,#3729);
#3314=AXIS2_PLACEMENT_3D('',#4705,#3730,#3731);
#3315=AXIS2_PLACEMENT_3D('',#4708,#3733,#3734);
#3316=AXIS2_PLACEMENT_3D('',#4711,#3736,#3737);
#3317=AXIS2_PLACEMENT_3D('',#4712,#3738,#3739);
#3318=AXIS2_PLACEMENT_3D('',#4713,#3740,#3741);
#3319=AXIS2_PLACEMENT_3D('',#4718,#3743,#3744);
#3320=AXIS2_PLACEMENT_3D('',#4721,#3746,#3747);
#3321=AXIS2_PLACEMENT_3D('',#4722,#3748,#3749);
#3322=AXIS2_PLACEMENT_3D('',#4725,#3751,#3752);
#3323=AXIS2_PLACEMENT_3D('',#4728,#3754,#3755);
#3324=AXIS2_PLACEMENT_3D('',#4732,#3757,#3758);
#3325=AXIS2_PLACEMENT_3D('',#4736,#3760,#3761);
#3326=AXIS2_PLACEMENT_3D('',#4737,#3762,#3763);
#3327=AXIS2_PLACEMENT_3D('',#4740,#3765,#3766);
#3328=AXIS2_PLACEMENT_3D('',#4743,#3768,#3769);
#3329=AXIS2_PLACEMENT_3D('',#4744,#3770,#3771);
#3330=AXIS2_PLACEMENT_3D('',#4745,#3772,#3773);
#3331=AXIS2_PLACEMENT_3D('',#4749,#3775,#3776);
#3332=AXIS2_PLACEMENT_3D('',#4754,#3779,#3780);
#3333=AXIS2_PLACEMENT_3D('',#4757,#3782,#3783);
#3334=AXIS2_PLACEMENT_3D('',#4758,#3784,#3785);
#3335=AXIS2_PLACEMENT_3D('',#4762,#3787,#3788);
#3336=AXIS2_PLACEMENT_3D('',#4767,#3791,#3792);
#3337=AXIS2_PLACEMENT_3D('',#4770,#3794,#3795);
#3338=AXIS2_PLACEMENT_3D('',#4771,#3796,#3797);
#3339=AXIS2_PLACEMENT_3D('',#4775,#3799,#3800);
#3340=AXIS2_PLACEMENT_3D('',#4780,#3803,#3804);
#3341=AXIS2_PLACEMENT_3D('',#4783,#3806,#3807);
#3342=AXIS2_PLACEMENT_3D('',#4784,#3808,#3809);
#3343=AXIS2_PLACEMENT_3D('',#4788,#3811,#3812);
#3344=AXIS2_PLACEMENT_3D('',#4793,#3815,#3816);
#3345=AXIS2_PLACEMENT_3D('',#4796,#3818,#3819);
#3346=AXIS2_PLACEMENT_3D('',#4797,#3820,#3821);
#3347=AXIS2_PLACEMENT_3D('',#4812,#3826,#3827);
#3348=AXIS2_PLACEMENT_3D('',#4813,#3828,#3829);
#3349=AXIS2_PLACEMENT_3D('',#4828,#3834,#3835);
#3350=AXIS2_PLACEMENT_3D('',#4829,#3836,#3837);
#3351=AXIS2_PLACEMENT_3D('',#4831,#3838,#3839);
#3352=AXIS2_PLACEMENT_3D('',#4832,#3840,#3841);
#3353=AXIS2_PLACEMENT_3D('',#5052,#3843,#3844);
#3354=AXIS2_PLACEMENT_3D('',#5056,#3846,#3847);
#3355=AXIS2_PLACEMENT_3D('',#5057,#3848,#3849);
#3356=AXIS2_PLACEMENT_3D('',#5058,#3850,#3851);
#3357=AXIS2_PLACEMENT_3D('',#5063,#3853,#3854);
#3358=AXIS2_PLACEMENT_3D('',#5072,#3859,#3860);
#3359=AXIS2_PLACEMENT_3D('',#5073,#3861,#3862);
#3360=AXIS2_PLACEMENT_3D('',#5075,#3863,#3864);
#3361=AXIS2_PLACEMENT_3D('',#5085,#3869,#3870);
#3362=AXIS2_PLACEMENT_3D('',#5098,#3877,#3878);
#3363=AXIS2_PLACEMENT_3D('',#5104,#3882,#3883);
#3364=AXIS2_PLACEMENT_3D('',#5115,#3890,#3891);
#3365=AXIS2_PLACEMENT_3D('',#5121,#3895,#3896);
#3366=AXIS2_PLACEMENT_3D('',#5128,#3901,#3902);
#3367=AXIS2_PLACEMENT_3D('',#5132,#3905,#3906);
#3368=AXIS2_PLACEMENT_3D('',#5136,#3909,#3910);
#3369=AXIS2_PLACEMENT_3D('',#5137,#3911,#3912);
#3370=AXIS2_PLACEMENT_3D('',#5139,#3913,#3914);
#3371=AXIS2_PLACEMENT_3D('',#5140,#3915,#3916);
#3372=AXIS2_PLACEMENT_3D('',#5142,#3917,#3918);
#3373=AXIS2_PLACEMENT_3D('',#5143,#3919,#3920);
#3374=AXIS2_PLACEMENT_3D('',#5145,#3921,#3922);
#3375=AXIS2_PLACEMENT_3D('',#5147,#3923,#3924);
#3376=AXIS2_PLACEMENT_3D('',#5153,#3928,#3929);
#3377=AXIS2_PLACEMENT_3D('',#5154,#3930,#3931);
#3378=AXIS2_PLACEMENT_3D('',#5156,#3932,#3933);
#3379=AXIS2_PLACEMENT_3D('',#5157,#3934,#3935);
#3380=AXIS2_PLACEMENT_3D('',#5162,#3938,#3939);
#3381=AXIS2_PLACEMENT_3D('',#5166,#3941,#3942);
#3382=AXIS2_PLACEMENT_3D('',#5171,#3945,#3946);
#3383=AXIS2_PLACEMENT_3D('',#5175,#3948,#3949);
#3384=AXIS2_PLACEMENT_3D('',#5180,#3952,#3953);
#3385=AXIS2_PLACEMENT_3D('',#5184,#3955,#3956);
#3386=AXIS2_PLACEMENT_3D('',#5188,#3958,#3959);
#3387=AXIS2_PLACEMENT_3D('',#5190,#3960,#3961);
#3388=AXIS2_PLACEMENT_3D('',#5192,#3962,#3963);
#3389=AXIS2_PLACEMENT_3D('',#5193,#3964,#3965);
#3390=AXIS2_PLACEMENT_3D('',#5195,#3966,#3967);
#3391=AXIS2_PLACEMENT_3D('',#5198,#3968,#3969);
#3392=AXIS2_PLACEMENT_3D('',#5202,#3971,#3972);
#3393=AXIS2_PLACEMENT_3D('',#5206,#3974,#3975);
#3394=AXIS2_PLACEMENT_3D('',#5207,#3976,#3977);
#3395=AXIS2_PLACEMENT_3D('',#5212,#3979,#3980);
#3396=AXIS2_PLACEMENT_3D('',#5214,#3981,#3982);
#3397=AXIS2_PLACEMENT_3D('',#5216,#3983,#3984);
#3398=AXIS2_PLACEMENT_3D('',#5219,#3986,#3987);
#3399=AXIS2_PLACEMENT_3D('',#5221,#3988,#3989);
#3400=AXIS2_PLACEMENT_3D('',#5224,#3990,#3991);
#3401=AXIS2_PLACEMENT_3D('',#5226,#3992,#3993);
#3402=AXIS2_PLACEMENT_3D('',#5230,#3995,#3996);
#3403=AXIS2_PLACEMENT_3D('',#5233,#3998,#3999);
#3404=AXIS2_PLACEMENT_3D('',#5234,#4000,#4001);
#3405=AXIS2_PLACEMENT_3D('',#5239,#4004,#4005);
#3406=AXIS2_PLACEMENT_3D('',#5240,#4006,#4007);
#3407=AXIS2_PLACEMENT_3D('',#5254,#4015,#4016);
#3408=AXIS2_PLACEMENT_3D('',#5257,#4019,#4020);
#3409=AXIS2_PLACEMENT_3D('',#5259,#4022,#4023);
#3410=AXIS2_PLACEMENT_3D('',#5261,#4025,#4026);
#3411=AXIS2_PLACEMENT_3D('',#5263,#4028,#4029);
#3412=AXIS2_PLACEMENT_3D('',#5264,#4030,#4031);
#3413=AXIS2_PLACEMENT_3D('',#5266,#4033,#4034);
#3414=AXIS2_PLACEMENT_3D('',#5268,#4036,#4037);
#3415=AXIS2_PLACEMENT_3D('',#5270,#4039,#4040);
#3416=AXIS2_PLACEMENT_3D('',#5271,#4041,#4042);
#3417=AXIS2_PLACEMENT_3D('',#5289,#4045,#4046);
#3418=AXIS2_PLACEMENT_3D('',#5295,#4050,#4051);
#3419=AXIS2_PLACEMENT_3D('',#5296,#4052,#4053);
#3420=AXIS2_PLACEMENT_3D('',#5301,#4056,#4057);
#3421=AXIS2_PLACEMENT_3D('',#5305,#4060,#4061);
#3422=AXIS2_PLACEMENT_3D('',#5311,#4065,#4066);
#3423=AXIS2_PLACEMENT_3D('',#5324,#4068,#4069);
#3424=AXIS2_PLACEMENT_3D('',#5327,#4071,#4072);
#3425=AXIS2_PLACEMENT_3D('',#5333,#4076,#4077);
#3426=AXIS2_PLACEMENT_3D('',#5335,#4079,#4080);
#3427=AXIS2_PLACEMENT_3D('',#5341,#4084,#4085);
#3428=AXIS2_PLACEMENT_3D('',#5342,#4086,#4087);
#3429=AXIS2_PLACEMENT_3D('',#5344,#4088,#4089);
#3430=AXIS2_PLACEMENT_3D('',#5345,#4090,#4091);
#3431=AXIS2_PLACEMENT_3D('',#5347,#4092,#4093);
#3432=AXIS2_PLACEMENT_3D('',#5352,#4096,#4097);
#3433=AXIS2_PLACEMENT_3D('',#5353,#4098,#4099);
#3434=AXIS2_PLACEMENT_3D('',#5354,#4100,#4101);
#3435=AXIS2_PLACEMENT_3D('',#5355,#4102,#4103);
#3436=AXIS2_PLACEMENT_3D('',#5356,#4104,#4105);
#3437=AXIS2_PLACEMENT_3D('',#5358,#4106,#4107);
#3438=AXIS2_PLACEMENT_3D('',#5359,#4108,#4109);
#3439=AXIS2_PLACEMENT_3D('',#5360,#4110,#4111);
#3440=AXIS2_PLACEMENT_3D('',#5361,#4112,#4113);
#3441=AXIS2_PLACEMENT_3D('',#5363,#4115,#4116);
#3442=AXIS2_PLACEMENT_3D('',#5365,#4118,#4119);
#3443=AXIS2_PLACEMENT_3D('',#5367,#4121,#4122);
#3444=AXIS2_PLACEMENT_3D('',#5369,#4124,#4125);
#3445=AXIS2_PLACEMENT_3D('',#5370,#4126,#4127);
#3446=AXIS2_PLACEMENT_3D('',#5371,#4128,#4129);
#3447=AXIS2_PLACEMENT_3D('',#5376,#4132,#4133);
#3448=AXIS2_PLACEMENT_3D('',#5377,#4134,#4135);
#3449=AXIS2_PLACEMENT_3D('',#5383,#4139,#4140);
#3450=AXIS2_PLACEMENT_3D('',#5384,#4141,#4142);
#3451=AXIS2_PLACEMENT_3D('',#5389,#4145,#4146);
#3452=AXIS2_PLACEMENT_3D('',#5391,#4148,#4149);
#3453=AXIS2_PLACEMENT_3D('',#5397,#4153,#4154);
#3454=AXIS2_PLACEMENT_3D('',#5403,#4158,#4159);
#3455=AXIS2_PLACEMENT_3D('',#5409,#4163,#4164);
#3456=AXIS2_PLACEMENT_3D('',#5413,#4167,#4168);
#3457=AXIS2_PLACEMENT_3D('',#5414,#4169,#4170);
#3458=AXIS2_PLACEMENT_3D('',#5419,#4173,#4174);
#3459=AXIS2_PLACEMENT_3D('',#5420,#4175,#4176);
#3460=AXIS2_PLACEMENT_3D('',#5422,#4177,#4178);
#3461=AXIS2_PLACEMENT_3D('',#5423,#4179,#4180);
#3462=AXIS2_PLACEMENT_3D('',#5425,#4181,#4182);
#3463=AXIS2_PLACEMENT_3D('',#5426,#4183,#4184);
#3464=AXIS2_PLACEMENT_3D('',#5431,#4187,#4188);
#3465=AXIS2_PLACEMENT_3D('',#5432,#4189,#4190);
#3466=AXIS2_PLACEMENT_3D('',#5433,#4191,#4192);
#3467=AXIS2_PLACEMENT_3D('',#5434,#4193,#4194);
#3468=AXIS2_PLACEMENT_3D('',#5435,#4195,#4196);
#3469=AXIS2_PLACEMENT_3D('',#5436,#4197,#4198);
#3470=AXIS2_PLACEMENT_3D('',#5437,#4199,#4200);
#3471=AXIS2_PLACEMENT_3D('',#5439,#4201,#4202);
#3472=AXIS2_PLACEMENT_3D('',#5440,#4203,#4204);
#3473=AXIS2_PLACEMENT_3D('',#5441,#4205,#4206);
#3474=AXIS2_PLACEMENT_3D('',#5442,#4207,#4208);
#3475=AXIS2_PLACEMENT_3D('',#5443,#4209,#4210);
#3476=AXIS2_PLACEMENT_3D('',#5444,#4211,#4212);
#3477=AXIS2_PLACEMENT_3D('',#5445,#4213,#4214);
#3478=AXIS2_PLACEMENT_3D('',#5448,#4216,#4217);
#3479=AXIS2_PLACEMENT_3D('',#5453,#4220,#4221);
#3480=AXIS2_PLACEMENT_3D('',#5456,#4223,#4224);
#3481=AXIS2_PLACEMENT_3D('',#5457,#4225,#4226);
#3482=AXIS2_PLACEMENT_3D('',#5458,#4227,#4228);
#3483=AXIS2_PLACEMENT_3D('',#5461,#4230,#4231);
#3484=AXIS2_PLACEMENT_3D('',#5466,#4234,#4235);
#3485=AXIS2_PLACEMENT_3D('',#5469,#4237,#4238);
#3486=AXIS2_PLACEMENT_3D('',#5470,#4239,#4240);
#3487=AXIS2_PLACEMENT_3D('',#5471,#4241,#4242);
#3488=AXIS2_PLACEMENT_3D('',#5472,#4243,#4244);
#3489=AXIS2_PLACEMENT_3D('',#5473,#4245,#4246);
#3490=AXIS2_PLACEMENT_3D('',#5475,#4248,#4249);
#3491=AXIS2_PLACEMENT_3D('',#5476,#4250,#4251);
#3492=AXIS2_PLACEMENT_3D('',#5478,#4253,#4254);
#3493=AXIS2_PLACEMENT_3D('',#5479,#4255,#4256);
#3494=AXIS2_PLACEMENT_3D('',#5482,#4259,#4260);
#3495=AXIS2_PLACEMENT_3D('',#5483,#4261,#4262);
#3496=AXIS2_PLACEMENT_3D('',#5485,#4263,#4264);
#3497=AXIS2_PLACEMENT_3D('',#5488,#4267,#4268);
#3498=AXIS2_PLACEMENT_3D('',#5489,#4269,#4270);
#3499=AXIS2_PLACEMENT_3D('',#5491,#4271,#4272);
#3500=AXIS2_PLACEMENT_3D('',#5492,#4273,#4274);
#3501=AXIS2_PLACEMENT_3D('',#5493,#4275,#4276);
#3502=AXIS2_PLACEMENT_3D('',#5494,#4277,#4278);
#3503=AXIS2_PLACEMENT_3D('',#5496,#4279,#4280);
#3504=AXIS2_PLACEMENT_3D('',#5497,#4281,#4282);
#3505=AXIS2_PLACEMENT_3D('',#5499,#4283,#4284);
#3506=AXIS2_PLACEMENT_3D('',#5500,#4285,#4286);
#3507=AXIS2_PLACEMENT_3D('',#5502,#4287,#4288);
#3508=AXIS2_PLACEMENT_3D('',#5503,#4289,#4290);
#3509=AXIS2_PLACEMENT_3D('',#5505,#4291,#4292);
#3510=AXIS2_PLACEMENT_3D('',#5506,#4293,#4294);
#3511=AXIS2_PLACEMENT_3D('',#5508,#4295,#4296);
#3512=AXIS2_PLACEMENT_3D('',#5509,#4297,#4298);
#3513=AXIS2_PLACEMENT_3D('',#5510,#4299,#4300);
#3514=AXIS2_PLACEMENT_3D('',#5512,#4301,#4302);
#3515=AXIS2_PLACEMENT_3D('',#5513,#4303,#4304);
#3516=AXIS2_PLACEMENT_3D('',#5514,#4305,#4306);
#3517=AXIS2_PLACEMENT_3D('',#5516,#4307,#4308);
#3518=AXIS2_PLACEMENT_3D('',#5517,#4309,#4310);
#3519=AXIS2_PLACEMENT_3D('',#5518,#4311,#4312);
#3520=AXIS2_PLACEMENT_3D('',#5520,#4313,#4314);
#3521=AXIS2_PLACEMENT_3D('',#5521,#4315,#4316);
#3522=AXIS2_PLACEMENT_3D('',#5523,#4318,#4319);
#3523=AXIS2_PLACEMENT_3D('',#5524,#4320,#4321);
#3524=AXIS2_PLACEMENT_3D('',#5526,#4323,#4324);
#3525=AXIS2_PLACEMENT_3D('',#5527,#4325,#4326);
#3526=AXIS2_PLACEMENT_3D('',#5529,#4328,#4329);
#3527=AXIS2_PLACEMENT_3D('',#5530,#4330,#4331);
#3528=AXIS2_PLACEMENT_3D('',#5532,#4333,#4334);
#3529=AXIS2_PLACEMENT_3D('',#5533,#4335,#4336);
#3530=AXIS2_PLACEMENT_3D('',#5535,#4338,#4339);
#3531=AXIS2_PLACEMENT_3D('',#5536,#4340,#4341);
#3532=AXIS2_PLACEMENT_3D('',#5538,#4343,#4344);
#3533=AXIS2_PLACEMENT_3D('',#5539,#4345,#4346);
#3534=AXIS2_PLACEMENT_3D('',#5541,#4348,#4349);
#3535=AXIS2_PLACEMENT_3D('',#5542,#4350,#4351);
#3536=AXIS2_PLACEMENT_3D('',#5544,#4353,#4354);
#3537=AXIS2_PLACEMENT_3D('',#5545,#4355,#4356);
#3538=AXIS2_PLACEMENT_3D('',#5547,#4358,#4359);
#3539=AXIS2_PLACEMENT_3D('',#5548,#4360,#4361);
#3540=AXIS2_PLACEMENT_3D('',#5550,#4363,#4364);
#3541=AXIS2_PLACEMENT_3D('',#5551,#4365,#4366);
#3542=AXIS2_PLACEMENT_3D('',#5553,#4368,#4369);
#3543=AXIS2_PLACEMENT_3D('',#5554,#4370,#4371);
#3544=AXIS2_PLACEMENT_3D('',#5556,#4373,#4374);
#3545=AXIS2_PLACEMENT_3D('',#5557,#4375,#4376);
#3546=AXIS2_PLACEMENT_3D('',#5558,#4377,#4378);
#3547=AXIS2_PLACEMENT_3D('',#5559,#4379,#4380);
#3548=AXIS2_PLACEMENT_3D('',#5564,#4382,#4383);
#3549=AXIS2_PLACEMENT_3D('',#5567,#4385,#4386);
#3550=AXIS2_PLACEMENT_3D('',#5568,#4387,#4388);
#3551=AXIS2_PLACEMENT_3D('',#5570,#4389,#4390);
#3552=AXIS2_PLACEMENT_3D('',#5572,#4391,#4392);
#3553=AXIS2_PLACEMENT_3D('',#5573,#4393,#4394);
#3554=AXIS2_PLACEMENT_3D('',#5575,#4395,#4396);
#3555=AXIS2_PLACEMENT_3D('',#5577,#4397,#4398);
#3556=AXIS2_PLACEMENT_3D('',#5578,#4399,#4400);
#3557=AXIS2_PLACEMENT_3D('',#5580,#4401,#4402);
#3558=AXIS2_PLACEMENT_3D('',#5582,#4403,#4404);
#3559=AXIS2_PLACEMENT_3D('',#5584,#4405,#4406);
#3560=AXIS2_PLACEMENT_3D('',#5586,#4407,#4408);
#3561=AXIS2_PLACEMENT_3D('',#5590,#4410,#4411);
#3562=AXIS2_PLACEMENT_3D('',#5592,#4412,#4413);
#3563=AXIS2_PLACEMENT_3D('',#5594,#4414,#4415);
#3564=AXIS2_PLACEMENT_3D('',#5598,#4417,#4418);
#3565=AXIS2_PLACEMENT_3D('',#5599,#4419,#4420);
#3566=AXIS2_PLACEMENT_3D('',#5600,#4421,#4422);
#3567=AXIS2_PLACEMENT_3D('',#5602,#4423,#4424);
#3568=AXIS2_PLACEMENT_3D('',#5606,#4426,#4427);
#3569=AXIS2_PLACEMENT_3D('',#5608,#4428,#4429);
#3570=AXIS2_PLACEMENT_3D('',#5610,#4430,#4431);
#3571=AXIS2_PLACEMENT_3D('',#5613,#4433,#4434);
#3572=AXIS2_PLACEMENT_3D('',#5615,#4435,#4436);
#3573=AXIS2_PLACEMENT_3D('',#5617,#4437,#4438);
#3574=AXIS2_PLACEMENT_3D('',#5618,#4439,#4440);
#3575=AXIS2_PLACEMENT_3D('',#5620,#4441,#4442);
#3576=AXIS2_PLACEMENT_3D('',#5623,#4445,#4446);
#3577=AXIS2_PLACEMENT_3D('',#5624,#4447,#4448);
#3578=AXIS2_PLACEMENT_3D('',#5626,#4449,#4450);
#3579=AXIS2_PLACEMENT_3D('',#5629,#4453,#4454);
#3580=AXIS2_PLACEMENT_3D('',#5630,#4455,#4456);
#3581=AXIS2_PLACEMENT_3D('',#5631,#4457,#4458);
#3582=AXIS2_PLACEMENT_3D('',#5634,#4461,#4462);
#3583=AXIS2_PLACEMENT_3D('',#5635,#4463,#4464);
#3584=AXIS2_PLACEMENT_3D('',#5636,#4465,#4466);
#3585=AXIS2_PLACEMENT_3D('',#5637,#4467,#4468);
#3586=AXIS2_PLACEMENT_3D('',#5638,#4469,#4470);
#3587=AXIS2_PLACEMENT_3D('',#5639,#4471,#4472);
#3588=AXIS2_PLACEMENT_3D('',#5640,#4473,#4474);
#3589=AXIS2_PLACEMENT_3D('',#6424,#4475,#4476);
#3590=AXIS2_PLACEMENT_3D('',#6428,#4478,#4479);
#3591=AXIS2_PLACEMENT_3D('',#6432,#4481,#4482);
#3592=AXIS2_PLACEMENT_3D('',#6451,#4483,#4484);
#3593=AXIS2_PLACEMENT_3D('',#6454,#4485,#4486);
#3594=AXIS2_PLACEMENT_3D('',#6456,#4487,#4488);
#3595=AXIS2_PLACEMENT_3D('',#6458,#4489,#4490);
#3596=AXIS2_PLACEMENT_3D('',#6459,#4491,#4492);
#3597=AXIS2_PLACEMENT_3D('',#6460,#4493,#4494);
#3598=AXIS2_PLACEMENT_3D('',#6462,#4495,#4496);
#3599=AXIS2_PLACEMENT_3D('',#6464,#4497,#4498);
#3600=AXIS2_PLACEMENT_3D('',#6465,#4499,#4500);
#3601=AXIS2_PLACEMENT_3D('',#6467,#4501,#4502);
#3602=AXIS2_PLACEMENT_3D('',#6469,#4503,#4504);
#3603=AXIS2_PLACEMENT_3D('',#6471,#4506,#4507);
#3604=AXIS2_PLACEMENT_3D('',#6473,#4508,#4509);
#3605=AXIS2_PLACEMENT_3D('',#6474,#4510,#4511);
#3606=AXIS2_PLACEMENT_3D('',#6476,#4512,#4513);
#3607=AXIS2_PLACEMENT_3D('',#6478,#4514,#4515);
#3608=AXIS2_PLACEMENT_3D('',#6479,#4516,#4517);
#3609=AXIS2_PLACEMENT_3D('',#6480,#4518,#4519);
#3610=AXIS2_PLACEMENT_3D('',#6482,#4520,#4521);
#3611=AXIS2_PLACEMENT_3D('',#6483,#4522,#4523);
#3612=AXIS2_PLACEMENT_3D('',#6485,#4524,#4525);
#3613=AXIS2_PLACEMENT_3D('',#6486,#4526,#4527);
#3614=AXIS2_PLACEMENT_3D('',#6488,#4528,#4529);
#3615=AXIS2_PLACEMENT_3D('',#6489,#4530,#4531);
#3616=AXIS2_PLACEMENT_3D('',#6490,#4532,#4533);
#3617=AXIS2_PLACEMENT_3D('',#6492,#4534,#4535);
#3618=AXIS2_PLACEMENT_3D('',#6493,#4536,#4537);
#3619=AXIS2_PLACEMENT_3D('',#6494,#4538,#4539);
#3620=AXIS2_PLACEMENT_3D('',#6496,#4540,#4541);
#3621=AXIS2_PLACEMENT_3D('',#6497,#4542,#4543);
#3622=AXIS2_PLACEMENT_3D('',#6499,#4544,#4545);
#3623=AXIS2_PLACEMENT_3D('',#6500,#4546,#4547);
#3624=AXIS2_PLACEMENT_3D('',#6502,#4548,#4549);
#3625=AXIS2_PLACEMENT_3D('',#6503,#4550,#4551);
#3626=AXIS2_PLACEMENT_3D('',#6504,#4552,#4553);
#3627=AXIS2_PLACEMENT_3D('',#6505,#4554,#4555);
#3628=AXIS2_PLACEMENT_3D('',#6507,#4556,#4557);
#3629=AXIS2_PLACEMENT_3D('',#6508,#4558,#4559);
#3630=AXIS2_PLACEMENT_3D('',#6509,#4560,#4561);
#3631=AXIS2_PLACEMENT_3D('',#7293,#4562,#4563);
#3632=AXIS2_PLACEMENT_3D('',#7297,#4565,#4566);
#3633=AXIS2_PLACEMENT_3D('',#7301,#4568,#4569);
#3634=AXIS2_PLACEMENT_3D('',#7319,#4570,#4571);
#3635=AXIS2_PLACEMENT_3D('',#7322,#4572,#4573);
#3636=AXIS2_PLACEMENT_3D('',#7324,#4574,#4575);
#3637=AXIS2_PLACEMENT_3D('',#7326,#4576,#4577);
#3638=AXIS2_PLACEMENT_3D('',#7327,#4578,#4579);
#3639=AXIS2_PLACEMENT_3D('',#7328,#4580,#4581);
#3640=AXIS2_PLACEMENT_3D('',#7330,#4582,#4583);
#3641=AXIS2_PLACEMENT_3D('',#7332,#4584,#4585);
#3642=AXIS2_PLACEMENT_3D('',#7333,#4586,#4587);
#3643=AXIS2_PLACEMENT_3D('',#7335,#4588,#4589);
#3644=AXIS2_PLACEMENT_3D('',#7337,#4590,#4591);
#3645=AXIS2_PLACEMENT_3D('',#7338,#4592,#4593);
#3646=AXIS2_PLACEMENT_3D('',#7340,#4594,#4595);
#3647=AXIS2_PLACEMENT_3D('',#7342,#4596,#4597);
#3648=AXIS2_PLACEMENT_3D('',#7344,#4599,#4600);
#3649=AXIS2_PLACEMENT_3D('',#7346,#4601,#4602);
#3650=AXIS2_PLACEMENT_3D('',#7347,#4603,#4604);
#3651=AXIS2_PLACEMENT_3D('',#7348,#4605,#4606);
#3652=AXIS2_PLACEMENT_3D('',#7350,#4607,#4608);
#3653=AXIS2_PLACEMENT_3D('',#7351,#4609,#4610);
#3654=AXIS2_PLACEMENT_3D('',#7353,#4611,#4612);
#3655=AXIS2_PLACEMENT_3D('',#7354,#4613,#4614);
#3656=AXIS2_PLACEMENT_3D('',#7356,#4615,#4616);
#3657=AXIS2_PLACEMENT_3D('',#7357,#4617,#4618);
#3658=AXIS2_PLACEMENT_3D('',#7358,#4619,#4620);
#3659=AXIS2_PLACEMENT_3D('',#7360,#4621,#4622);
#3660=AXIS2_PLACEMENT_3D('',#7361,#4623,#4624);
#3661=AXIS2_PLACEMENT_3D('',#7362,#4625,#4626);
#3662=AXIS2_PLACEMENT_3D('',#7364,#4627,#4628);
#3663=AXIS2_PLACEMENT_3D('',#7365,#4629,#4630);
#3664=AXIS2_PLACEMENT_3D('',#7367,#4631,#4632);
#3665=AXIS2_PLACEMENT_3D('',#7368,#4633,#4634);
#3666=AXIS2_PLACEMENT_3D('',#7370,#4635,#4636);
#3667=AXIS2_PLACEMENT_3D('',#7371,#4637,#4638);
#3668=AXIS2_PLACEMENT_3D('',#7372,#4639,#4640);
#3669=AXIS2_PLACEMENT_3D('',#7373,#4641,#4642);
#3670=AXIS2_PLACEMENT_3D('',#7375,#4643,#4644);
#3671=AXIS2_PLACEMENT_3D('',#7376,#4645,#4646);
#3672=DIRECTION('',(0.,0.,1.));
#3673=DIRECTION('',(1.,0.,0.));
#3674=DIRECTION('',(-9.5062846483529E-16,6.90253292068384E-31,1.));
#3675=DIRECTION('',(1.,6.56174427386473E-46,9.5062846483529E-16));
#3676=DIRECTION('',(-9.5062846483529E-16,6.90253292068384E-31,1.));
#3677=DIRECTION('',(1.,0.,9.5062846483529E-16));
#3678=DIRECTION('',(1.,2.11081921906792E-31,9.5062846483529E-16));
#3679=DIRECTION('',(-9.5062846483529E-16,6.90253292068384E-31,1.));
#3680=DIRECTION('',(1.,0.,9.5062846483529E-16));
#3681=DIRECTION('',(1.,2.11081921906792E-31,9.5062846483529E-16));
#3682=DIRECTION('',(-9.5062846483529E-16,6.90253292068384E-31,1.));
#3683=DIRECTION('',(1.,6.56174427386473E-46,9.5062846483529E-16));
#3684=DIRECTION('',(-9.5062846483529E-16,6.90253292068384E-31,1.));
#3685=DIRECTION('',(1.,0.,9.5062846483529E-16));
#3686=DIRECTION('',(1.,2.11081921906792E-31,9.5062846483529E-16));
#3687=DIRECTION('',(-9.5062846483529E-16,6.90253292068384E-31,1.));
#3688=DIRECTION('',(1.,0.,9.5062846483529E-16));
#3689=DIRECTION('',(1.,2.11081921906792E-31,9.5062846483529E-16));
#3690=DIRECTION('',(9.5062846483529E-16,6.90253292068384E-31,1.));
#3691=DIRECTION('',(-1.,6.56174427386473E-46,9.5062846483529E-16));
#3692=DIRECTION('',(1.,-2.11081921906792E-31,-9.5062846483529E-16));
#3693=DIRECTION('',(9.5062846483529E-16,6.90253292068384E-31,1.));
#3694=DIRECTION('',(1.,0.,-9.5062846483529E-16));
#3695=DIRECTION('',(1.,-2.11081921906792E-31,-9.5062846483529E-16));
#3696=DIRECTION('',(-9.5062846483529E-16,-6.90253292068384E-31,-1.));
#3697=DIRECTION('',(-1.,0.,9.5062846483529E-16));
#3698=DIRECTION('',(9.5062846483529E-16,6.90253292068384E-31,1.));
#3699=DIRECTION('',(-1.,6.56174427386473E-46,9.5062846483529E-16));
#3700=DIRECTION('',(1.,-2.11081921906792E-31,-9.5062846483529E-16));
#3701=DIRECTION('',(-9.5062846483529E-16,-6.90253292068384E-31,-1.));
#3702=DIRECTION('',(-1.,0.,9.5062846483529E-16));
#3703=DIRECTION('',(1.,-2.11081921906792E-31,-9.5062846483529E-16));
#3704=DIRECTION('',(9.5062846483529E-16,6.90253292068384E-31,1.));
#3705=DIRECTION('',(1.,0.,-9.5062846483529E-16));
#3706=DIRECTION('',(1.12410081243297E-15,2.22044604927084E-16,1.));
#3707=DIRECTION('',(1.,-2.49600520794894E-31,-1.12410081243297E-15));
#3708=DIRECTION('',(-1.,2.49600520794894E-31,1.12410081243297E-15));
#3709=DIRECTION('',(1.12410081243297E-15,2.22044604927084E-16,1.));
#3710=DIRECTION('',(1.,0.,-1.12410081243297E-15));
#3711=DIRECTION('',(-1.,2.49600520794894E-31,1.12410081243297E-15));
#3712=DIRECTION('',(1.12410081243297E-15,2.22044604927084E-16,1.));
#3713=DIRECTION('',(1.,0.,-1.12410081243297E-15));
#3714=DIRECTION('',(1.12410081243297E-15,2.22044604927084E-16,1.));
#3715=DIRECTION('',(1.,-2.49600520794894E-31,-1.12410081243297E-15));
#3716=DIRECTION('',(-1.,2.49600520794894E-31,1.12410081243297E-15));
#3717=DIRECTION('',(1.12410081243297E-15,2.22044604927084E-16,1.));
#3718=DIRECTION('',(1.,0.,-1.12410081243297E-15));
#3719=DIRECTION('',(-1.,2.49600520794894E-31,1.12410081243297E-15));
#3720=DIRECTION('',(1.12410081243297E-15,2.22044604927084E-16,1.));
#3721=DIRECTION('',(1.,0.,-1.12410081243297E-15));
#3722=DIRECTION('',(1.12410081243297E-15,2.22044604927084E-16,1.));
#3723=DIRECTION('',(1.,-2.49600520794894E-31,-1.12410081243297E-15));
#3724=DIRECTION('',(-1.,2.49600520794894E-31,1.12410081243297E-15));
#3725=DIRECTION('',(1.12410081243297E-15,2.22044604927084E-16,1.));
#3726=DIRECTION('',(1.,0.,-1.12410081243297E-15));
#3727=DIRECTION('',(-1.,2.49600520794894E-31,1.12410081243297E-15));
#3728=DIRECTION('',(1.12410081243297E-15,2.22044604927084E-16,1.));
#3729=DIRECTION('',(1.,0.,-1.12410081243297E-15));
#3730=DIRECTION('',(1.12410081243297E-15,2.22044604927084E-16,1.));
#3731=DIRECTION('',(1.,-2.49600520794894E-31,-1.12410081243297E-15));
#3732=DIRECTION('',(-1.,2.49600520794894E-31,1.12410081243297E-15));
#3733=DIRECTION('',(1.12410081243297E-15,2.22044604927084E-16,1.));
#3734=DIRECTION('',(1.,0.,-1.12410081243297E-15));
#3735=DIRECTION('',(-1.,2.49600520794894E-31,1.12410081243297E-15));
#3736=DIRECTION('',(1.12410081243297E-15,2.22044604927084E-16,1.));
#3737=DIRECTION('',(1.,0.,-1.12410081243297E-15));
#3738=DIRECTION('',(1.12410081243297E-15,2.22044604927084E-16,1.));
#3739=DIRECTION('',(1.,-2.49600520794894E-31,-1.12410081243297E-15));
#3740=DIRECTION('',(1.12410081243297E-15,2.22044604927084E-16,1.));
#3741=DIRECTION('',(1.,0.,-1.12410081243297E-15));
#3742=DIRECTION('',(-1.,2.49600520794894E-31,1.12410081243297E-15));
#3743=DIRECTION('',(1.12410081243297E-15,2.22044604927084E-16,1.));
#3744=DIRECTION('',(1.,0.,-1.12410081243297E-15));
#3745=DIRECTION('',(-1.,2.49600520794894E-31,1.12410081243297E-15));
#3746=DIRECTION('',(1.12410081243297E-15,2.22044604927084E-16,1.));
#3747=DIRECTION('',(1.,-2.49600520794894E-31,-1.12410081243297E-15));
#3748=DIRECTION('',(1.12410081243297E-15,2.22044604927084E-16,1.));
#3749=DIRECTION('',(1.,0.,-1.12410081243297E-15));
#3750=DIRECTION('',(-1.,2.49600520794894E-31,1.12410081243297E-15));
#3751=DIRECTION('',(1.12410081243297E-15,2.22044604927084E-16,1.));
#3752=DIRECTION('',(1.,0.,-1.12410081243297E-15));
#3753=DIRECTION('',(-1.,2.49600520794894E-31,1.12410081243297E-15));
#3754=DIRECTION('',(1.12410081243297E-15,2.22044604927084E-16,1.));
#3755=DIRECTION('',(1.,-2.49600520794894E-31,-1.12410081243297E-15));
#3756=DIRECTION('',(-1.,2.49600520794894E-31,1.12410081243297E-15));
#3757=DIRECTION('',(1.12410081243297E-15,2.22044604927084E-16,1.));
#3758=DIRECTION('',(1.,0.,-1.12410081243297E-15));
#3759=DIRECTION('',(-1.,2.49600520794894E-31,1.12410081243297E-15));
#3760=DIRECTION('',(1.12410081243297E-15,2.22044604927084E-16,1.));
#3761=DIRECTION('',(1.,0.,-1.12410081243297E-15));
#3762=DIRECTION('',(1.12410081243297E-15,2.22044604927084E-16,1.));
#3763=DIRECTION('',(1.,-2.49600520794894E-31,-1.12410081243297E-15));
#3764=DIRECTION('',(-1.,2.49600520794894E-31,1.12410081243297E-15));
#3765=DIRECTION('',(1.12410081243297E-15,2.22044604927084E-16,1.));
#3766=DIRECTION('',(1.,0.,-1.12410081243297E-15));
#3767=DIRECTION('',(-1.,2.49600520794894E-31,1.12410081243297E-15));
#3768=DIRECTION('',(1.12410081243297E-15,2.22044604927084E-16,1.));
#3769=DIRECTION('',(1.,0.,-1.12410081243297E-15));
#3770=DIRECTION('',(1.12410081243297E-15,2.22044604927084E-16,1.));
#3771=DIRECTION('',(1.,0.,-1.12410081243297E-15));
#3772=DIRECTION('',(1.12410081243297E-15,2.22044604927084E-16,1.));
#3773=DIRECTION('',(1.,0.,-1.12410081243297E-15));
#3774=DIRECTION('',(-1.12410081243297E-15,-2.22044604927084E-16,-1.));
#3775=DIRECTION('',(1.12410081243297E-15,2.22044604927084E-16,1.));
#3776=DIRECTION('',(1.,0.,-1.12410081243297E-15));
#3777=DIRECTION('',(-1.12410081243297E-15,-2.22044604927084E-16,-1.));
#3778=DIRECTION('',(-1.12410081243297E-15,-2.22044604927084E-16,-1.));
#3779=DIRECTION('',(1.12410081243297E-15,2.22044604927084E-16,1.));
#3780=DIRECTION('',(1.,0.,-1.12410081243297E-15));
#3781=DIRECTION('',(-1.12410081243297E-15,-2.22044604927084E-16,-1.));
#3782=DIRECTION('',(1.12410081243297E-15,2.22044604927084E-16,1.));
#3783=DIRECTION('',(1.,0.,-1.12410081243297E-15));
#3784=DIRECTION('',(1.12410081243297E-15,2.22044604927084E-16,1.));
#3785=DIRECTION('',(1.,0.,-1.12410081243297E-15));
#3786=DIRECTION('',(-1.12410081243297E-15,-2.22044604927084E-16,-1.));
#3787=DIRECTION('',(1.12410081243297E-15,2.22044604927084E-16,1.));
#3788=DIRECTION('',(1.,0.,-1.12410081243297E-15));
#3789=DIRECTION('',(-1.12410081243297E-15,-2.22044604927084E-16,-1.));
#3790=DIRECTION('',(-1.12410081243297E-15,-2.22044604927084E-16,-1.));
#3791=DIRECTION('',(1.12410081243297E-15,2.22044604927084E-16,1.));
#3792=DIRECTION('',(1.,0.,-1.12410081243297E-15));
#3793=DIRECTION('',(-1.12410081243297E-15,-2.22044604927084E-16,-1.));
#3794=DIRECTION('',(1.12410081243297E-15,2.22044604927084E-16,1.));
#3795=DIRECTION('',(1.,0.,-1.12410081243297E-15));
#3796=DIRECTION('',(1.12410081243297E-15,2.22044604927084E-16,1.));
#3797=DIRECTION('',(1.,0.,-1.12410081243297E-15));
#3798=DIRECTION('',(-1.12410081243297E-15,-2.22044604927084E-16,-1.));
#3799=DIRECTION('',(1.12410081243297E-15,2.22044604927084E-16,1.));
#3800=DIRECTION('',(1.,0.,-1.12410081243297E-15));
#3801=DIRECTION('',(-1.12410081243297E-15,-2.22044604927084E-16,-1.));
#3802=DIRECTION('',(-1.12410081243297E-15,-2.22044604927084E-16,-1.));
#3803=DIRECTION('',(1.12410081243297E-15,2.22044604927084E-16,1.));
#3804=DIRECTION('',(1.,0.,-1.12410081243297E-15));
#3805=DIRECTION('',(-1.12410081243297E-15,-2.22044604927084E-16,-1.));
#3806=DIRECTION('',(1.12410081243297E-15,2.22044604927084E-16,1.));
#3807=DIRECTION('',(1.,0.,-1.12410081243297E-15));
#3808=DIRECTION('',(1.12410081243297E-15,2.22044604927084E-16,1.));
#3809=DIRECTION('',(1.,0.,-1.12410081243297E-15));
#3810=DIRECTION('',(-1.12410081243297E-15,-2.22044604927084E-16,-1.));
#3811=DIRECTION('',(1.12410081243297E-15,2.22044604927084E-16,1.));
#3812=DIRECTION('',(1.,0.,-1.12410081243297E-15));
#3813=DIRECTION('',(-1.12410081243297E-15,-2.22044604927084E-16,-1.));
#3814=DIRECTION('',(-1.12410081243297E-15,-2.22044604927084E-16,-1.));
#3815=DIRECTION('',(1.12410081243297E-15,2.22044604927084E-16,1.));
#3816=DIRECTION('',(1.,0.,-1.12410081243297E-15));
#3817=DIRECTION('',(-1.12410081243297E-15,-2.22044604927084E-16,-1.));
#3818=DIRECTION('',(0.261820059888444,0.965116706020578,2.48893601594835E-16));
#3819=DIRECTION('',(-0.965116706020579,0.261820059888444,0.));
#3820=DIRECTION('',(0.261820059888444,0.965116706020578,2.48893601594835E-16));
#3821=DIRECTION('',(-0.965116706020579,0.261820059888444,-1.76554836189728E-15));
#3822=DIRECTION('',(1.12410081243297E-15,2.22044604927084E-16,1.));
#3823=DIRECTION('',(0.965116706020579,-0.261820059888444,9.17467412631235E-16));
#3824=DIRECTION('',(-1.19102066932951E-15,5.80993677831026E-16,-1.));
#3825=DIRECTION('',(0.965116706020579,-0.261820059888444,-1.02675274157045E-15));
#3826=DIRECTION('',(0.261820059888444,-0.965116706020578,-2.48893601594835E-16));
#3827=DIRECTION('',(0.965116706020579,0.261820059888444,0.));
#3828=DIRECTION('',(0.261820059888444,-0.965116706020578,-2.48893601594835E-16));
#3829=DIRECTION('',(0.965116706020579,0.261820059888444,-1.76554836189728E-15));
#3830=DIRECTION('',(-0.965116706020579,-0.261820059888444,9.17467412631235E-16));
#3831=DIRECTION('',(1.12410081243297E-15,2.22044604927084E-16,1.));
#3832=DIRECTION('',(-0.965116706020579,-0.261820059888444,1.14302420509028E-15));
#3833=DIRECTION('',(-1.12410081243297E-15,-4.70601536101127E-17,-1.));
#3834=DIRECTION('',(-9.5062846483529E-16,-6.90253292068384E-31,-1.));
#3835=DIRECTION('',(-1.,0.,9.5062846483529E-16));
#3836=DIRECTION('',(-9.5062846483529E-16,-6.90253292068384E-31,-1.));
#3837=DIRECTION('',(-1.,0.,9.5062846483529E-16));
#3838=DIRECTION('',(-9.5062846483529E-16,-6.90253292068384E-31,-1.));
#3839=DIRECTION('',(-1.,0.,9.5062846483529E-16));
#3840=DIRECTION('',(-9.5062846483529E-16,-6.90253292068384E-31,-1.));
#3841=DIRECTION('',(-1.,0.,9.5062846483529E-16));
#3842=DIRECTION('',(-9.5062846483529E-16,-6.90253292068384E-31,-1.));
#3843=DIRECTION('',(1.12410081243297E-15,2.22044604927084E-16,1.));
#3844=DIRECTION('',(0.,1.,-2.22044604927084E-16));
#3845=DIRECTION('',(9.5062846483529E-16,-6.90253292068384E-31,-1.));
#3846=DIRECTION('',(1.12410081243297E-15,2.22044604927084E-16,1.));
#3847=DIRECTION('',(0.,1.,-2.22044604927084E-16));
#3848=DIRECTION('',(1.12410081243297E-15,2.22044604927084E-16,1.));
#3849=DIRECTION('',(1.,-2.49600520794894E-31,-1.12410081243297E-15));
#3850=DIRECTION('',(1.12410081243297E-15,2.22044604927084E-16,1.));
#3851=DIRECTION('',(1.,0.,-1.12410081243297E-15));
#3852=DIRECTION('',(1.,-2.13421570135166E-32,-1.12410081243297E-15));
#3853=DIRECTION('',(1.12410081243297E-15,2.22044604927084E-16,1.));
#3854=DIRECTION('',(1.,0.,-1.12410081243297E-15));
#3855=DIRECTION('',(2.49600520794894E-31,-1.,2.22044604927084E-16));
#3856=DIRECTION('',(0.0830454798537034,0.996545758244883,-3.14629100553681E-16));
#3857=DIRECTION('',(1.,1.63559869513251E-31,-1.12410081243297E-15));
#3858=DIRECTION('',(-2.49600520794894E-31,1.,-2.22044604927084E-16));
#3859=DIRECTION('',(1.12410081243297E-15,2.22044604927084E-16,1.));
#3860=DIRECTION('',(1.,-2.49600520794894E-31,-1.12410081243297E-15));
#3861=DIRECTION('',(-1.12410081243297E-15,-2.22044604927084E-16,-1.));
#3862=DIRECTION('',(1.,0.,-1.12410081243297E-15));
#3863=DIRECTION('',(-1.12410081243297E-15,-2.22044604927084E-16,-1.));
#3864=DIRECTION('',(1.,0.,-1.12410081243297E-15));
#3865=DIRECTION('',(1.,4.38745183525415E-32,-1.12410081243297E-15));
#3866=DIRECTION('',(-2.49600520794894E-31,1.,-2.22044604927084E-16));
#3867=DIRECTION('',(1.,-8.30336066841787E-32,-1.12410081243297E-15));
#3868=DIRECTION('',(-2.49600520794894E-31,1.,-2.22044604927084E-16));
#3869=DIRECTION('',(-4.13160390308097E-31,1.,-2.22044604927084E-16));
#3870=DIRECTION('',(0.,2.22044604927084E-16,1.));
#3871=DIRECTION('',(1.,1.63559869513203E-31,-1.12410081243297E-15));
#3872=DIRECTION('',(1.12410081243297E-15,2.22044604927084E-16,1.));
#3873=DIRECTION('',(-1.,-1.63559869513203E-31,1.12410081243297E-15));
#3874=DIRECTION('',(-1.12410081243297E-15,-2.22044604927084E-16,-1.));
#3875=DIRECTION('',(1.,1.63559869513203E-31,-1.12410081243297E-15));
#3876=DIRECTION('',(-1.12410081243297E-15,-2.22044604927084E-16,-1.));
#3877=DIRECTION('',(1.,-1.69241314729445E-16,-1.12410081243297E-15));
#3878=DIRECTION('',(-1.12410081243297E-15,0.,-1.));
#3879=DIRECTION('',(1.69241314729444E-16,1.,-2.22044604927085E-16));
#3880=DIRECTION('',(-1.12410081243297E-15,-2.22044604927084E-16,-1.));
#3881=DIRECTION('',(-1.69241314729444E-16,-1.,2.22044604927085E-16));
#3882=DIRECTION('',(-2.93475039147435E-31,1.,-2.22044604927084E-16));
#3883=DIRECTION('',(0.,2.22044604927084E-16,1.));
#3884=DIRECTION('',(-1.,-4.38745183525415E-32,1.12410081243297E-15));
#3885=DIRECTION('',(1.12410081243297E-15,2.22044604927084E-16,1.));
#3886=DIRECTION('',(1.12410081243297E-15,2.22044604927084E-16,1.));
#3887=DIRECTION('',(-1.,-4.38745183525415E-32,1.12410081243297E-15));
#3888=DIRECTION('',(-1.12410081243297E-15,-2.22044604927084E-16,-1.));
#3889=DIRECTION('',(1.,4.38745183525415E-32,-1.12410081243297E-15));
#3890=DIRECTION('',(1.,-1.69241314729445E-16,-1.12410081243297E-15));
#3891=DIRECTION('',(-1.12410081243297E-15,0.,-1.));
#3892=DIRECTION('',(1.69241314729444E-16,1.,-2.22044604927085E-16));
#3893=DIRECTION('',(-1.12410081243297E-15,-2.22044604927084E-16,-1.));
#3894=DIRECTION('',(-1.69241314729444E-16,-1.,2.22044604927085E-16));
#3895=DIRECTION('',(-4.13160390308144E-31,1.,-2.22044604927084E-16));
#3896=DIRECTION('',(0.,2.22044604927084E-16,1.));
#3897=DIRECTION('',(-1.12410081243297E-15,-2.22044604927084E-16,-1.));
#3898=DIRECTION('',(1.,1.63559869513251E-31,-1.12410081243297E-15));
#3899=DIRECTION('',(-1.,-1.63559869513251E-31,1.12410081243297E-15));
#3900=DIRECTION('',(1.12410081243297E-15,2.22044604927084E-16,1.));
#3901=DIRECTION('',(-0.996545758244883,0.0830454798537034,1.10177809570461E-15));
#3902=DIRECTION('',(-0.0830454798537034,-0.996545758244883,0.));
#3903=DIRECTION('',(-1.12410081243297E-15,-2.22044604927084E-16,-1.));
#3904=DIRECTION('',(0.0830454798537034,0.996545758244883,-3.14629100553681E-16));
#3905=DIRECTION('',(1.,0.,-1.12410081243297E-15));
#3906=DIRECTION('',(-1.12410081243297E-15,0.,-1.));
#3907=DIRECTION('',(-1.12410081243297E-15,-4.70601536101127E-17,-1.));
#3908=DIRECTION('',(2.49600520794894E-31,-1.,2.22044604927084E-16));
#3909=DIRECTION('',(-1.12410081243297E-15,-2.22044604927084E-16,-1.));
#3910=DIRECTION('',(-1.,0.,1.12410081243297E-15));
#3911=DIRECTION('',(-1.12410081243297E-15,-2.22044604927084E-16,-1.));
#3912=DIRECTION('',(1.,0.,-1.12410081243297E-15));
#3913=DIRECTION('',(-1.12410081243297E-15,-2.22044604927084E-16,-1.));
#3914=DIRECTION('',(-1.,0.,1.12410081243297E-15));
#3915=DIRECTION('',(1.12410081243297E-15,2.22044604927084E-16,1.));
#3916=DIRECTION('',(1.,0.,-1.12410081243297E-15));
#3917=DIRECTION('',(-1.12410081243297E-15,-2.22044604927084E-16,-1.));
#3918=DIRECTION('',(-1.,0.,1.12410081243297E-15));
#3919=DIRECTION('',(1.12410081243297E-15,2.22044604927084E-16,1.));
#3920=DIRECTION('',(1.,0.,-1.12410081243297E-15));
#3921=DIRECTION('',(1.12410081243297E-15,2.22044604927084E-16,1.));
#3922=DIRECTION('',(1.,0.,-1.12410081243297E-15));
#3923=DIRECTION('',(-0.996545758244877,-0.083045479853776,1.13865769723481E-15));
#3924=DIRECTION('',(0.083045479853776,-0.996545758244877,0.));
#3925=DIRECTION('',(-0.083045479853776,0.996545758244877,-1.2792611780873E-16));
#3926=DIRECTION('',(-1.19102066932951E-15,5.80993677831026E-16,-1.));
#3927=DIRECTION('',(-0.083045479853776,0.996545758244877,-1.2792611780873E-16));
#3928=DIRECTION('',(-1.12410081243297E-15,-2.22044604927084E-16,-1.));
#3929=DIRECTION('',(-1.,0.,1.12410081243297E-15));
#3930=DIRECTION('',(-1.12410081243297E-15,-2.22044604927084E-16,-1.));
#3931=DIRECTION('',(1.,0.,-1.12410081243297E-15));
#3932=DIRECTION('',(1.12410081243297E-15,2.22044604927084E-16,1.));
#3933=DIRECTION('',(1.,-2.49600520794894E-31,-1.12410081243297E-15));
#3934=DIRECTION('',(1.12410081243297E-15,2.22044604927084E-16,1.));
#3935=DIRECTION('',(1.,0.,-1.12410081243297E-15));
#3936=DIRECTION('',(1.,-1.84889274662886E-32,-1.12410081243297E-15));
#3937=DIRECTION('',(-2.49600520794894E-31,1.,-2.22044604927084E-16));
#3938=DIRECTION('',(1.12410081243297E-15,2.22044604927084E-16,1.));
#3939=DIRECTION('',(1.,0.,-1.12410081243297E-15));
#3940=DIRECTION('',(-0.965116706020579,-0.261820059888444,1.14302420509028E-15));
#3941=DIRECTION('',(1.12410081243297E-15,2.22044604927084E-16,1.));
#3942=DIRECTION('',(1.,0.,-1.12410081243297E-15));
#3943=DIRECTION('',(-0.860496255498557,0.509456763889696,8.5416241403614E-16));
#3944=DIRECTION('',(-0.860496255498557,-0.509456763889696,1.08040666576678E-15));
#3945=DIRECTION('',(1.12410081243297E-15,2.22044604927084E-16,1.));
#3946=DIRECTION('',(1.,0.,-1.12410081243297E-15));
#3947=DIRECTION('',(0.965116706020579,-0.261820059888444,-1.02675274157045E-15));
#3948=DIRECTION('',(1.12410081243297E-15,2.22044604927084E-16,1.));
#3949=DIRECTION('',(1.,0.,-1.12410081243297E-15));
#3950=DIRECTION('',(-2.49600520794894E-31,1.,-2.22044604927084E-16));
#3951=DIRECTION('',(-1.,1.84889274662885E-32,1.12410081243297E-15));
#3952=DIRECTION('',(1.12410081243297E-15,2.22044604927084E-16,1.));
#3953=DIRECTION('',(1.,0.,-1.12410081243297E-15));
#3954=DIRECTION('',(-0.999485831334147,0.032063576879222,1.11640329075726E-15));
#3955=DIRECTION('',(1.12410081243297E-15,2.22044604927084E-16,1.));
#3956=DIRECTION('',(1.,0.,-1.12410081243297E-15));
#3957=DIRECTION('',(-0.965116706020579,-0.261820059888444,1.14302420509028E-15));
#3958=DIRECTION('',(1.12410081243297E-15,2.22044604927084E-16,1.));
#3959=DIRECTION('',(1.,0.,-1.12410081243297E-15));
#3960=DIRECTION('',(-9.50628464835287E-16,0.,-1.));
#3961=DIRECTION('',(-1.,0.,9.50628464835287E-16));
#3962=DIRECTION('',(1.12410081243297E-15,2.22044604927084E-16,1.));
#3963=DIRECTION('',(1.,0.,-1.12410081243297E-15));
#3964=DIRECTION('',(1.12410081243297E-15,2.22044604927084E-16,1.));
#3965=DIRECTION('',(1.,0.,-1.12410081243297E-15));
#3966=DIRECTION('',(-9.5062846483529E-16,9.5228872556415E-30,-1.));
#3967=DIRECTION('',(-1.,0.,9.5062846483529E-16));
#3968=DIRECTION('',(1.12410081243297E-15,2.22044604927084E-16,1.));
#3969=DIRECTION('',(1.,0.,-1.12410081243297E-15));
#3970=DIRECTION('',(-0.860496255498557,0.509456763889696,8.5416241403614E-16));
#3971=DIRECTION('',(1.12410081243297E-15,2.22044604927084E-16,1.));
#3972=DIRECTION('',(1.,0.,-1.12410081243297E-15));
#3973=DIRECTION('',(-0.971911140674266,0.235348113723579,1.04026832391251E-15));
#3974=DIRECTION('',(1.12410081243297E-15,2.22044604927084E-16,1.));
#3975=DIRECTION('',(1.,0.,-1.12410081243297E-15));
#3976=DIRECTION('',(1.12410081243297E-15,2.22044604927084E-16,1.));
#3977=DIRECTION('',(1.,0.,-1.12410081243297E-15));
#3978=DIRECTION('',(0.860496255498557,0.509456763889696,-1.08040666576678E-15));
#3979=DIRECTION('',(1.12410081243297E-15,2.22044604927084E-16,1.));
#3980=DIRECTION('',(1.,0.,-1.12410081243297E-15));
#3981=DIRECTION('',(-9.5062846483529E-16,-6.90253292068384E-31,-1.));
#3982=DIRECTION('',(-1.,0.,9.5062846483529E-16));
#3983=DIRECTION('',(1.12410081243297E-15,2.22044604927084E-16,1.));
#3984=DIRECTION('',(1.,0.,-1.12410081243297E-15));
#3985=DIRECTION('',(0.971911140674266,0.235348113723579,-1.14478388177668E-15));
#3986=DIRECTION('',(1.12410081243297E-15,2.22044604927084E-16,1.));
#3987=DIRECTION('',(1.,0.,-1.12410081243297E-15));
#3988=DIRECTION('',(1.12410081243297E-15,2.22044604927084E-16,1.));
#3989=DIRECTION('',(1.,0.,-1.12410081243297E-15));
#3990=DIRECTION('',(-9.5062846483529E-16,-6.90253292068384E-31,-1.));
#3991=DIRECTION('',(-1.,0.,9.5062846483529E-16));
#3992=DIRECTION('',(1.12410081243297E-15,2.22044604927084E-16,1.));
#3993=DIRECTION('',(1.,0.,-1.12410081243297E-15));
#3994=DIRECTION('',(0.965116706020579,-0.261820059888444,-1.02675274157045E-15));
#3995=DIRECTION('',(1.12410081243297E-15,2.22044604927084E-16,1.));
#3996=DIRECTION('',(1.,0.,-1.12410081243297E-15));
#3997=DIRECTION('',(0.999485831334147,0.032063576879222,-1.13064237927865E-15));
#3998=DIRECTION('',(1.12410081243297E-15,2.22044604927084E-16,1.));
#3999=DIRECTION('',(1.,-2.49600520794894E-31,-1.12410081243297E-15));
#4000=DIRECTION('',(1.12410081243297E-15,2.22044604927084E-16,1.));
#4001=DIRECTION('',(1.,0.,-1.12410081243297E-15));
#4002=DIRECTION('',(1.,-2.13421570135618E-32,-1.12410081243297E-15));
#4003=DIRECTION('',(-2.49600520794894E-31,1.,-2.22044604927084E-16));
#4004=DIRECTION('',(1.12410081243297E-15,2.22044604927084E-16,1.));
#4005=DIRECTION('',(-1.,-3.65818486613945E-14,8.60422844084496E-16));
#4006=DIRECTION('',(1.12410081243297E-15,2.22044604927084E-16,1.));
#4007=DIRECTION('',(1.,0.,-1.12410081243297E-15));
#4008=DIRECTION('',(-1.,2.13421570135167E-32,1.12410081243297E-15));
#4009=DIRECTION('',(2.49600520794894E-31,-1.,2.22044604927084E-16));
#4010=DIRECTION('',(2.49600520794894E-31,-1.,2.22044604927084E-16));
#4011=DIRECTION('',(-1.,8.30336066841787E-32,1.12410081243297E-15));
#4012=DIRECTION('',(2.49600520794894E-31,-1.,2.22044604927084E-16));
#4013=DIRECTION('',(2.49600520794894E-31,-1.,2.22044604927084E-16));
#4014=DIRECTION('',(-1.,2.13421570135618E-32,1.12410081243297E-15));
#4015=DIRECTION('',(1.12410081243297E-15,2.22044604927084E-16,1.));
#4016=DIRECTION('',(1.,0.,-1.12410081243297E-15));
#4017=DIRECTION('',(0.860496255498558,0.509456763889696,-1.08040666576678E-15));
#4018=DIRECTION('',(0.860496255498558,-0.509456763889696,-8.5416241403614E-16));
#4019=DIRECTION('',(1.,0.,-1.12410081243297E-15));
#4020=DIRECTION('',(-1.12410081243297E-15,0.,-1.));
#4021=DIRECTION('',(1.12410081243297E-15,2.22044604927084E-16,1.));
#4022=DIRECTION('',(1.,0.,-1.12410081243297E-15));
#4023=DIRECTION('',(-1.12410081243297E-15,0.,-1.));
#4024=DIRECTION('',(1.12410081243297E-15,2.22044604927084E-16,1.));
#4025=DIRECTION('',(1.66566914110715E-31,-1.,2.22044604927084E-16));
#4026=DIRECTION('',(0.,-2.22044604927084E-16,-1.));
#4027=DIRECTION('',(1.12410081243297E-15,2.22044604927084E-16,1.));
#4028=DIRECTION('',(1.,0.,-1.12410081243297E-15));
#4029=DIRECTION('',(-1.12410081243297E-15,0.,-1.));
#4030=DIRECTION('',(1.,0.,-1.12410081243297E-15));
#4031=DIRECTION('',(-1.12410081243297E-15,0.,-1.));
#4032=DIRECTION('',(1.12410081243297E-15,2.22044604927084E-16,1.));
#4033=DIRECTION('',(2.28258363781377E-31,-1.,2.22044604927084E-16));
#4034=DIRECTION('',(0.,-2.22044604927084E-16,-1.));
#4035=DIRECTION('',(1.12410081243297E-15,4.70601536101127E-17,1.));
#4036=DIRECTION('',(2.28258363781331E-31,-1.,2.22044604927084E-16));
#4037=DIRECTION('',(0.,-2.22044604927084E-16,-1.));
#4038=DIRECTION('',(-1.19102066932951E-15,5.80993677831026E-16,-1.));
#4039=DIRECTION('',(-9.50628464835289E-16,9.52288725564581E-30,1.));
#4040=DIRECTION('',(1.,0.,9.50628464835289E-16));
#4041=DIRECTION('',(-9.50628464835289E-16,9.52288725564581E-30,1.));
#4042=DIRECTION('',(1.,0.,9.50628464835289E-16));
#4043=DIRECTION('',(9.5062846483529E-16,-6.90253292068384E-31,-1.));
#4044=DIRECTION('',(9.5062846483529E-16,-6.90253292068384E-31,-1.));
#4045=DIRECTION('',(-0.235348113723579,0.971911140674266,-2.23728616050927E-16));
#4046=DIRECTION('',(-0.971911140674266,-0.235348113723579,0.));
#4047=DIRECTION('',(9.5062846483529E-16,-7.39437298951186E-31,-1.));
#4048=DIRECTION('',(9.5062846483529E-16,-6.91638179755531E-31,-1.));
#4049=DIRECTION('',(0.971911140674266,0.235348113723579,9.23926395615494E-16));
#4050=DIRECTION('',(9.5062846483529E-16,-6.90253292068384E-31,-1.));
#4051=DIRECTION('',(-1.,0.,-9.5062846483529E-16));
#4052=DIRECTION('',(-9.5062846483529E-16,6.90253292068384E-31,1.));
#4053=DIRECTION('',(1.,0.,9.5062846483529E-16));
#4054=DIRECTION('',(9.5062846483529E-16,-6.90253292068384E-31,-1.));
#4055=DIRECTION('',(9.5062846483529E-16,-6.90253292068384E-31,-1.));
#4056=DIRECTION('',(0.261820059888444,0.965116706020578,2.48893601594835E-16));
#4057=DIRECTION('',(-0.965116706020579,0.261820059888444,0.));
#4058=DIRECTION('',(0.965116706020579,-0.261820059888444,9.17467412631235E-16));
#4059=DIRECTION('',(1.12410081243297E-15,-5.62839437176939E-16,1.));
#4060=DIRECTION('',(-0.032063576879222,0.999485831334147,-3.04805488658238E-17));
#4061=DIRECTION('',(-0.999485831334147,-0.032063576879222,0.));
#4062=DIRECTION('',(0.999485831334147,0.032063576879222,9.50139681465804E-16));
#4063=DIRECTION('',(-9.5062846483529E-16,6.90416910625794E-31,1.));
#4064=DIRECTION('',(9.5062846483529E-16,-6.90416910625794E-31,-1.));
#4065=DIRECTION('',(-9.50628464835287E-16,-9.87960630738227E-30,1.));
#4066=DIRECTION('',(1.,0.,9.50628464835287E-16));
#4067=DIRECTION('',(9.5062846483529E-16,-6.90253292068384E-31,-1.));
#4068=DIRECTION('',(-9.50628464835287E-16,-9.87960630738227E-30,1.));
#4069=DIRECTION('',(1.,0.,9.50628464835287E-16));
#4070=DIRECTION('',(9.5062846483529E-16,-6.90253292068384E-31,-1.));
#4071=DIRECTION('',(-0.509456763889696,0.860496255498557,-4.84304101356417E-16));
#4072=DIRECTION('',(-0.860496255498558,-0.509456763889696,0.));
#4073=DIRECTION('',(0.860496255498558,0.509456763889696,8.18012234361109E-16));
#4074=DIRECTION('',(-9.5062846483529E-16,6.90253292068385E-31,1.));
#4075=DIRECTION('',(9.5062846483529E-16,-7.88860905221012E-31,-1.));
#4076=DIRECTION('',(-0.509456763889696,0.860496255498557,-4.84304101356417E-16));
#4077=DIRECTION('',(-0.860496255498558,-0.509456763889696,0.));
#4078=DIRECTION('',(0.860496255498558,0.509456763889696,8.18012234361109E-16));
#4079=DIRECTION('',(0.261820059888444,0.965116706020578,2.48893601594835E-16));
#4080=DIRECTION('',(-0.965116706020579,0.261820059888444,0.));
#4081=DIRECTION('',(9.5062846483529E-16,-7.39557098644698E-31,-1.));
#4082=DIRECTION('',(9.5062846483529E-16,-7.39557098644698E-31,-1.));
#4083=DIRECTION('',(0.965116706020579,-0.261820059888444,9.17467412631235E-16));
#4084=DIRECTION('',(9.5062846483529E-16,-6.90253292068384E-31,-1.));
#4085=DIRECTION('',(-1.,0.,-9.5062846483529E-16));
#4086=DIRECTION('',(-9.5062846483529E-16,6.90253292068384E-31,1.));
#4087=DIRECTION('',(1.,0.,9.5062846483529E-16));
#4088=DIRECTION('',(-9.5062846483529E-16,6.90253292068384E-31,1.));
#4089=DIRECTION('',(1.,6.56174427386473E-46,9.5062846483529E-16));
#4090=DIRECTION('',(-9.5062846483529E-16,6.90253292068384E-31,1.));
#4091=DIRECTION('',(1.,0.,9.5062846483529E-16));
#4092=DIRECTION('',(9.5062846483529E-16,-6.90253292068384E-31,-1.));
#4093=DIRECTION('',(1.,0.,9.5062846483529E-16));
#4094=DIRECTION('',(1.,4.42193515235397E-31,9.5062846483529E-16));
#4095=DIRECTION('',(7.75914286398603E-46,-1.,6.90253292068384E-31));
#4096=DIRECTION('',(-9.5062846483529E-16,6.90253292068384E-31,1.));
#4097=DIRECTION('',(1.,0.,9.5062846483529E-16));
#4098=DIRECTION('',(-9.5062846483529E-16,6.90253292068384E-31,1.));
#4099=DIRECTION('',(1.,0.,9.5062846483529E-16));
#4100=DIRECTION('',(-9.5062846483529E-16,6.90253292068384E-31,1.));
#4101=DIRECTION('',(1.,0.,9.5062846483529E-16));
#4102=DIRECTION('',(-9.5062846483529E-16,6.90253292068384E-31,1.));
#4103=DIRECTION('',(1.,0.,9.5062846483529E-16));
#4104=DIRECTION('',(-9.5062846483529E-16,6.90253292068384E-31,1.));
#4105=DIRECTION('',(1.,0.,9.5062846483529E-16));
#4106=DIRECTION('',(-9.5062846483529E-16,6.90253292068384E-31,1.));
#4107=DIRECTION('',(1.,0.,9.5062846483529E-16));
#4108=DIRECTION('',(-9.5062846483529E-16,6.90253292068384E-31,1.));
#4109=DIRECTION('',(1.,0.,9.5062846483529E-16));
#4110=DIRECTION('',(-9.5062846483529E-16,6.90253292068384E-31,1.));
#4111=DIRECTION('',(1.,0.,9.5062846483529E-16));
#4112=DIRECTION('',(9.5062846483529E-16,-6.90253292068384E-31,-1.));
#4113=DIRECTION('',(-1.,0.,-9.5062846483529E-16));
#4114=DIRECTION('',(-9.5062846483529E-16,-6.90253292068384E-31,-1.));
#4115=DIRECTION('',(9.5062846483529E-16,-6.90253292068384E-31,-1.));
#4116=DIRECTION('',(-1.,0.,-9.5062846483529E-16));
#4117=DIRECTION('',(-9.5062846483529E-16,-6.90253292068384E-31,-1.));
#4118=DIRECTION('',(9.5062846483529E-16,-6.90253292068384E-31,-1.));
#4119=DIRECTION('',(-1.,0.,-9.5062846483529E-16));
#4120=DIRECTION('',(-9.5062846483529E-16,-6.90253292068384E-31,-1.));
#4121=DIRECTION('',(9.5062846483529E-16,-6.90253292068384E-31,-1.));
#4122=DIRECTION('',(-1.,0.,-9.5062846483529E-16));
#4123=DIRECTION('',(-9.5062846483529E-16,-6.90253292068384E-31,-1.));
#4124=DIRECTION('',(9.5062846483529E-16,-6.84472340382435E-31,-1.));
#4125=DIRECTION('',(-1.,0.,-9.5062846483529E-16));
#4126=DIRECTION('',(9.5062846483529E-16,-7.69933880085015E-31,-1.));
#4127=DIRECTION('',(-1.,0.,-9.5062846483529E-16));
#4128=DIRECTION('',(-9.5062846483529E-16,9.5228872556415E-30,-1.));
#4129=DIRECTION('',(-1.,0.,9.5062846483529E-16));
#4130=DIRECTION('',(-9.5062846483529E-16,-6.90253292068384E-31,-1.));
#4131=DIRECTION('',(-9.5062846483529E-16,-6.90253292068384E-31,-1.));
#4132=DIRECTION('',(-9.5062846483529E-16,9.5228872556415E-30,-1.));
#4133=DIRECTION('',(-1.,0.,9.5062846483529E-16));
#4134=DIRECTION('',(-0.509456763889696,-0.860496255498557,4.84304101356417E-16));
#4135=DIRECTION('',(0.860496255498558,-0.509456763889696,0.));
#4136=DIRECTION('',(-9.5062846483529E-16,-7.88860905221012E-31,-1.));
#4137=DIRECTION('',(9.5062846483529E-16,6.90253292068385E-31,1.));
#4138=DIRECTION('',(-0.860496255498558,0.509456763889696,8.18012234361109E-16));
#4139=DIRECTION('',(-9.5062846483529E-16,-6.90253292068384E-31,-1.));
#4140=DIRECTION('',(-1.,0.,9.5062846483529E-16));
#4141=DIRECTION('',(-9.5062846483529E-16,-6.90253292068384E-31,-1.));
#4142=DIRECTION('',(-1.,0.,9.5062846483529E-16));
#4143=DIRECTION('',(-9.5062846483529E-16,-6.90253292068384E-31,-1.));
#4144=DIRECTION('',(-9.5062846483529E-16,-6.90253292068384E-31,-1.));
#4145=DIRECTION('',(-0.509456763889696,-0.860496255498557,4.84304101356417E-16));
#4146=DIRECTION('',(0.860496255498558,-0.509456763889696,0.));
#4147=DIRECTION('',(-0.860496255498558,0.509456763889696,8.18012234361109E-16));
#4148=DIRECTION('',(-0.032063576879222,-0.999485831334147,3.04805488658238E-17));
#4149=DIRECTION('',(0.999485831334147,-0.032063576879222,0.));
#4150=DIRECTION('',(-9.5062846483529E-16,-6.90416910625794E-31,-1.));
#4151=DIRECTION('',(9.5062846483529E-16,6.90416910625794E-31,1.));
#4152=DIRECTION('',(-0.999485831334147,0.032063576879222,9.50139681465804E-16));
#4153=DIRECTION('',(0.261820059888444,-0.965116706020578,-2.48893601594835E-16));
#4154=DIRECTION('',(0.965116706020579,0.261820059888444,0.));
#4155=DIRECTION('',(-0.965116706020579,-0.261820059888444,9.17467412631235E-16));
#4156=DIRECTION('',(-9.5062846483529E-16,-7.39557098644698E-31,-1.));
#4157=DIRECTION('',(-9.5062846483529E-16,-7.39557098644698E-31,-1.));
#4158=DIRECTION('',(-0.235348113723579,-0.971911140674266,2.23728616050927E-16));
#4159=DIRECTION('',(0.971911140674266,-0.235348113723579,0.));
#4160=DIRECTION('',(-0.971911140674266,0.235348113723579,9.23926395615494E-16));
#4161=DIRECTION('',(-9.5062846483529E-16,-6.91638179755531E-31,-1.));
#4162=DIRECTION('',(-9.5062846483529E-16,-7.39437298951186E-31,-1.));
#4163=DIRECTION('',(0.261820059888444,-0.965116706020578,-2.48893601594835E-16));
#4164=DIRECTION('',(0.965116706020579,0.261820059888444,0.));
#4165=DIRECTION('',(1.12410081243297E-15,4.70601536101127E-17,1.));
#4166=DIRECTION('',(-0.965116706020579,-0.261820059888444,9.17467412631235E-16));
#4167=DIRECTION('',(-9.50628464835287E-16,0.,-1.));
#4168=DIRECTION('',(-1.,0.,9.50628464835287E-16));
#4169=DIRECTION('',(-9.50628464835287E-16,0.,-1.));
#4170=DIRECTION('',(-1.,0.,9.50628464835287E-16));
#4171=DIRECTION('',(-9.5062846483529E-16,-6.90253292068384E-31,-1.));
#4172=DIRECTION('',(-9.5062846483529E-16,-6.90253292068384E-31,-1.));
#4173=DIRECTION('',(-9.5062846483529E-16,-6.90253292068384E-31,-1.));
#4174=DIRECTION('',(-1.,0.,9.5062846483529E-16));
#4175=DIRECTION('',(-9.5062846483529E-16,-6.90253292068384E-31,-1.));
#4176=DIRECTION('',(-1.,0.,9.5062846483529E-16));
#4177=DIRECTION('',(9.5062846483529E-16,6.90253292068384E-31,1.));
#4178=DIRECTION('',(-1.,6.56174427386473E-46,9.5062846483529E-16));
#4179=DIRECTION('',(9.5062846483529E-16,-6.90253292068384E-31,-1.));
#4180=DIRECTION('',(1.,0.,9.5062846483529E-16));
#4181=DIRECTION('',(-9.5062846483529E-16,6.90253292068384E-31,1.));
#4182=DIRECTION('',(1.,0.,9.5062846483529E-16));
#4183=DIRECTION('',(9.5062846483529E-16,6.90253292068384E-31,1.));
#4184=DIRECTION('',(1.,0.,-9.5062846483529E-16));
#4185=DIRECTION('',(7.75914286398603E-46,-1.,6.90253292068384E-31));
#4186=DIRECTION('',(-1.,-4.42193515235397E-31,-9.5062846483529E-16));
#4187=DIRECTION('',(9.5062846483529E-16,6.90253292068384E-31,1.));
#4188=DIRECTION('',(1.,0.,-9.5062846483529E-16));
#4189=DIRECTION('',(9.5062846483529E-16,6.90253292068384E-31,1.));
#4190=DIRECTION('',(1.,0.,-9.5062846483529E-16));
#4191=DIRECTION('',(9.5062846483529E-16,6.90253292068384E-31,1.));
#4192=DIRECTION('',(1.,0.,-9.5062846483529E-16));
#4193=DIRECTION('',(9.5062846483529E-16,6.90253292068384E-31,1.));
#4194=DIRECTION('',(1.,0.,-9.5062846483529E-16));
#4195=DIRECTION('',(9.5062846483529E-16,6.90253292068384E-31,1.));
#4196=DIRECTION('',(1.,0.,-9.5062846483529E-16));
#4197=DIRECTION('',(9.5062846483529E-16,6.90253292068384E-31,1.));
#4198=DIRECTION('',(1.,0.,-9.5062846483529E-16));
#4199=DIRECTION('',(9.5062846483529E-16,6.90253292068384E-31,1.));
#4200=DIRECTION('',(1.,0.,-9.5062846483529E-16));
#4201=DIRECTION('',(-9.5062846483529E-16,-6.90253292068384E-31,-1.));
#4202=DIRECTION('',(-1.,0.,9.5062846483529E-16));
#4203=DIRECTION('',(-9.5062846483529E-16,-6.90253292068384E-31,-1.));
#4204=DIRECTION('',(-1.,0.,9.5062846483529E-16));
#4205=DIRECTION('',(-9.5062846483529E-16,-6.90253292068384E-31,-1.));
#4206=DIRECTION('',(-1.,0.,9.5062846483529E-16));
#4207=DIRECTION('',(-9.5062846483529E-16,-6.90253292068384E-31,-1.));
#4208=DIRECTION('',(-1.,0.,9.5062846483529E-16));
#4209=DIRECTION('',(-9.5062846483529E-16,-6.84472340382435E-31,-1.));
#4210=DIRECTION('',(-1.,0.,9.5062846483529E-16));
#4211=DIRECTION('',(-9.5062846483529E-16,-8.01486092441132E-31,-1.));
#4212=DIRECTION('',(-1.,0.,9.5062846483529E-16));
#4213=DIRECTION('',(-9.5062846483529E-16,-6.90253292068384E-31,-1.));
#4214=DIRECTION('',(-1.,0.,9.5062846483529E-16));
#4215=DIRECTION('',(-1.12410081243297E-15,-2.22044604927084E-16,-1.));
#4216=DIRECTION('',(1.12410081243297E-15,2.22044604927084E-16,1.));
#4217=DIRECTION('',(1.,0.,-1.12410081243297E-15));
#4218=DIRECTION('',(-1.12410081243297E-15,-2.22044604927084E-16,-1.));
#4219=DIRECTION('',(-1.12410081243297E-15,-2.22044604927084E-16,-1.));
#4220=DIRECTION('',(1.12410081243297E-15,2.22044604927084E-16,1.));
#4221=DIRECTION('',(1.,0.,-1.12410081243297E-15));
#4222=DIRECTION('',(-1.12410081243297E-15,-2.22044604927084E-16,-1.));
#4223=DIRECTION('',(-9.5062846483529E-16,-6.90253292068384E-31,-1.));
#4224=DIRECTION('',(-0.970298924698376,-0.241909067066896,9.15700521266991E-16));
#4225=DIRECTION('',(-9.5062846483529E-16,-6.90253292068384E-31,-1.));
#4226=DIRECTION('',(-0.99686078794379,0.0791742979765902,9.4156000894551E-16));
#4227=DIRECTION('',(-9.5062846483529E-16,-6.90253292068384E-31,-1.));
#4228=DIRECTION('',(-1.,0.,9.5062846483529E-16));
#4229=DIRECTION('',(-1.12410081243297E-15,-2.22044604927084E-16,-1.));
#4230=DIRECTION('',(1.12410081243297E-15,2.22044604927084E-16,1.));
#4231=DIRECTION('',(1.,0.,-1.12410081243297E-15));
#4232=DIRECTION('',(-1.12410081243297E-15,-2.22044604927084E-16,-1.));
#4233=DIRECTION('',(-1.12410081243297E-15,-2.22044604927084E-16,-1.));
#4234=DIRECTION('',(1.12410081243297E-15,2.22044604927084E-16,1.));
#4235=DIRECTION('',(1.,0.,-1.12410081243297E-15));
#4236=DIRECTION('',(-1.12410081243297E-15,-2.22044604927084E-16,-1.));
#4237=DIRECTION('',(1.12410081243297E-15,4.70601536101127E-17,1.));
#4238=DIRECTION('',(1.,0.,-1.12410081243297E-15));
#4239=DIRECTION('',(-1.19102066932951E-15,5.80993677831026E-16,-1.));
#4240=DIRECTION('',(-1.,0.,1.19102066932951E-15));
#4241=DIRECTION('',(1.12410081243297E-15,2.22044604927084E-16,1.));
#4242=DIRECTION('',(1.,0.,-1.12410081243297E-15));
#4243=DIRECTION('',(1.12410081243297E-15,2.22044604927084E-16,1.));
#4244=DIRECTION('',(1.,0.,-1.12410081243297E-15));
#4245=DIRECTION('',(-9.5062846483529E-16,6.90253292068384E-31,1.));
#4246=DIRECTION('',(1.,0.,9.5062846483529E-16));
#4247=DIRECTION('',(-9.5062846483529E-16,6.90253292068384E-31,1.));
#4248=DIRECTION('',(-9.5062846483529E-16,6.90253292068384E-31,1.));
#4249=DIRECTION('',(1.,0.,9.5062846483529E-16));
#4250=DIRECTION('',(-9.5062846483529E-16,6.90253292068384E-31,1.));
#4251=DIRECTION('',(1.,0.,9.5062846483529E-16));
#4252=DIRECTION('',(-9.5062846483529E-16,6.90253292068384E-31,1.));
#4253=DIRECTION('',(-9.5062846483529E-16,6.90253292068384E-31,1.));
#4254=DIRECTION('',(1.,0.,9.5062846483529E-16));
#4255=DIRECTION('',(1.,0.,-1.12410081243297E-15));
#4256=DIRECTION('',(-1.12410081243297E-15,0.,-1.));
#4257=DIRECTION('',(1.12410081243297E-15,4.70601536101127E-17,1.));
#4258=DIRECTION('',(1.12410081243297E-15,2.22044604927084E-16,1.));
#4259=DIRECTION('',(2.31111593328605E-31,-1.,2.22044604927084E-16));
#4260=DIRECTION('',(0.,-2.22044604927084E-16,-1.));
#4261=DIRECTION('',(2.31111593328605E-31,-1.,2.22044604927084E-16));
#4262=DIRECTION('',(0.,-2.22044604927084E-16,-1.));
#4263=DIRECTION('',(1.,0.,-1.12410081243297E-15));
#4264=DIRECTION('',(-1.12410081243297E-15,0.,-1.));
#4265=DIRECTION('',(1.12410081243297E-15,-5.62839437176939E-16,1.));
#4266=DIRECTION('',(1.12410081243297E-15,2.22044604927084E-16,1.));
#4267=DIRECTION('',(-2.31111593328605E-31,1.,-2.22044604927084E-16));
#4268=DIRECTION('',(0.,2.22044604927084E-16,1.));
#4269=DIRECTION('',(2.31111593328605E-31,-1.,2.22044604927084E-16));
#4270=DIRECTION('',(0.,-2.22044604927084E-16,-1.));
#4271=DIRECTION('',(-1.12410081243297E-15,-4.70601536101127E-17,-1.));
#4272=DIRECTION('',(-1.,0.,1.12410081243297E-15));
#4273=DIRECTION('',(-1.12410081243297E-15,5.62839437176939E-16,-1.));
#4274=DIRECTION('',(-1.,0.,1.12410081243297E-15));
#4275=DIRECTION('',(2.31111593328605E-31,-1.,2.22044604927084E-16));
#4276=DIRECTION('',(0.,-2.22044604927084E-16,-1.));
#4277=DIRECTION('',(2.31111593328605E-31,-1.,2.22044604927084E-16));
#4278=DIRECTION('',(0.,-2.22044604927084E-16,-1.));
#4279=DIRECTION('',(2.31111593328605E-31,-1.,2.22044604927084E-16));
#4280=DIRECTION('',(1.,2.31111593328605E-31,-5.1317082434719E-47));
#4281=DIRECTION('',(2.31111593328605E-31,-1.,2.22044604927084E-16));
#4282=DIRECTION('',(0.,-2.22044604927084E-16,-1.));
#4283=DIRECTION('',(2.31111593328605E-31,-1.,2.22044604927084E-16));
#4284=DIRECTION('',(0.,-2.22044604927084E-16,-1.));
#4285=DIRECTION('',(2.31111593328605E-31,-1.,2.22044604927084E-16));
#4286=DIRECTION('',(0.,-2.22044604927084E-16,-1.));
#4287=DIRECTION('',(2.31111593328605E-31,-1.,2.22044604927084E-16));
#4288=DIRECTION('',(1.,2.31111593328605E-31,-5.1317082434719E-47));
#4289=DIRECTION('',(2.31111593328605E-31,-1.,2.22044604927084E-16));
#4290=DIRECTION('',(0.,-2.22044604927084E-16,-1.));
#4291=DIRECTION('',(2.31111593328605E-31,-1.,2.22044604927084E-16));
#4292=DIRECTION('',(1.,2.31111593328605E-31,-5.1317082434719E-47));
#4293=DIRECTION('',(2.31111593328605E-31,-1.,2.22044604927084E-16));
#4294=DIRECTION('',(0.,-2.22044604927084E-16,-1.));
#4295=DIRECTION('',(2.31111593328605E-31,-1.,2.22044604927084E-16));
#4296=DIRECTION('',(0.,-2.22044604927084E-16,-1.));
#4297=DIRECTION('',(2.31111593328605E-31,-1.,2.22044604927084E-16));
#4298=DIRECTION('',(1.,2.31111593328605E-31,-5.1317082434719E-47));
#4299=DIRECTION('',(2.31111593328605E-31,-1.,2.22044604927084E-16));
#4300=DIRECTION('',(0.,-2.22044604927084E-16,-1.));
#4301=DIRECTION('',(2.31111593328605E-31,-1.,2.22044604927084E-16));
#4302=DIRECTION('',(0.,-2.22044604927084E-16,-1.));
#4303=DIRECTION('',(-2.31111593328605E-31,1.,-2.22044604927084E-16));
#4304=DIRECTION('',(0.,2.22044604927084E-16,1.));
#4305=DIRECTION('',(2.31111593328605E-31,-1.,2.22044604927084E-16));
#4306=DIRECTION('',(0.,-2.22044604927084E-16,-1.));
#4307=DIRECTION('',(2.31111593328605E-31,-1.,2.22044604927084E-16));
#4308=DIRECTION('',(1.,2.31111593328605E-31,-5.13170824347191E-47));
#4309=DIRECTION('',(-2.31111593328605E-31,1.,-2.22044604927084E-16));
#4310=DIRECTION('',(0.,2.22044604927084E-16,1.));
#4311=DIRECTION('',(2.31111593328605E-31,-1.,2.22044604927084E-16));
#4312=DIRECTION('',(0.,-2.22044604927084E-16,-1.));
#4313=DIRECTION('',(2.31111593328605E-31,-1.,2.22044604927084E-16));
#4314=DIRECTION('',(1.,2.31111593328605E-31,-5.13170824347191E-47));
#4315=DIRECTION('',(-5.34552942018439E-47,-1.,2.22044604927084E-16));
#4316=DIRECTION('',(0.,-2.22044604927084E-16,-1.));
#4317=DIRECTION('',(-1.,2.49600520794894E-31,1.12410081243297E-15));
#4318=DIRECTION('',(1.12410081243297E-15,2.22044604927084E-16,1.));
#4319=DIRECTION('',(1.,-2.49600520794894E-31,-1.12410081243297E-15));
#4320=DIRECTION('',(-5.34552942018439E-47,-1.,2.22044604927084E-16));
#4321=DIRECTION('',(0.,-2.22044604927084E-16,-1.));
#4322=DIRECTION('',(-1.,2.49600520794894E-31,1.12410081243297E-15));
#4323=DIRECTION('',(1.12410081243297E-15,2.22044604927084E-16,1.));
#4324=DIRECTION('',(1.,-2.49600520794894E-31,-1.12410081243297E-15));
#4325=DIRECTION('',(-5.34552942018439E-47,-1.,2.22044604927084E-16));
#4326=DIRECTION('',(0.,-2.22044604927084E-16,-1.));
#4327=DIRECTION('',(-1.,2.49600520794894E-31,1.12410081243297E-15));
#4328=DIRECTION('',(1.12410081243297E-15,2.22044604927084E-16,1.));
#4329=DIRECTION('',(1.,-2.49600520794894E-31,-1.12410081243297E-15));
#4330=DIRECTION('',(-5.34552942018439E-47,-1.,2.22044604927084E-16));
#4331=DIRECTION('',(0.,-2.22044604927084E-16,-1.));
#4332=DIRECTION('',(-1.,2.49600520794894E-31,1.12410081243297E-15));
#4333=DIRECTION('',(1.12410081243297E-15,2.22044604927084E-16,1.));
#4334=DIRECTION('',(1.,-2.49600520794894E-31,-1.12410081243297E-15));
#4335=DIRECTION('',(-5.34552942018439E-47,-1.,2.22044604927084E-16));
#4336=DIRECTION('',(0.,-2.22044604927084E-16,-1.));
#4337=DIRECTION('',(-1.,2.49600520794894E-31,1.12410081243297E-15));
#4338=DIRECTION('',(1.12410081243297E-15,2.22044604927084E-16,1.));
#4339=DIRECTION('',(1.,-2.49600520794894E-31,-1.12410081243297E-15));
#4340=DIRECTION('',(-5.34552942018439E-47,-1.,2.22044604927084E-16));
#4341=DIRECTION('',(0.,-2.22044604927084E-16,-1.));
#4342=DIRECTION('',(-1.,2.49600520794894E-31,1.12410081243297E-15));
#4343=DIRECTION('',(1.12410081243297E-15,2.22044604927084E-16,1.));
#4344=DIRECTION('',(1.,-2.49600520794894E-31,-1.12410081243297E-15));
#4345=DIRECTION('',(-5.34552942018439E-47,-1.,2.22044604927084E-16));
#4346=DIRECTION('',(0.,-2.22044604927084E-16,-1.));
#4347=DIRECTION('',(-1.,2.49600520794894E-31,1.12410081243297E-15));
#4348=DIRECTION('',(1.12410081243297E-15,2.22044604927084E-16,1.));
#4349=DIRECTION('',(1.,-2.49600520794894E-31,-1.12410081243297E-15));
#4350=DIRECTION('',(-5.34552942018439E-47,-1.,2.22044604927084E-16));
#4351=DIRECTION('',(0.,-2.22044604927084E-16,-1.));
#4352=DIRECTION('',(-1.,2.49600520794894E-31,1.12410081243297E-15));
#4353=DIRECTION('',(1.12410081243297E-15,2.22044604927084E-16,1.));
#4354=DIRECTION('',(1.,-2.49600520794894E-31,-1.12410081243297E-15));
#4355=DIRECTION('',(0.,-1.,2.22044604927084E-16));
#4356=DIRECTION('',(0.,-2.22044604927084E-16,-1.));
#4357=DIRECTION('',(-1.,2.49600520794894E-31,1.12410081243297E-15));
#4358=DIRECTION('',(1.12410081243297E-15,2.22044604927084E-16,1.));
#4359=DIRECTION('',(1.,-2.49600520794894E-31,-1.12410081243297E-15));
#4360=DIRECTION('',(0.,-1.,2.22044604927084E-16));
#4361=DIRECTION('',(0.,-2.22044604927084E-16,-1.));
#4362=DIRECTION('',(-1.,2.49600520794894E-31,1.12410081243297E-15));
#4363=DIRECTION('',(1.12410081243297E-15,2.22044604927084E-16,1.));
#4364=DIRECTION('',(1.,-2.49600520794894E-31,-1.12410081243297E-15));
#4365=DIRECTION('',(0.,-1.,2.22044604927084E-16));
#4366=DIRECTION('',(0.,-2.22044604927084E-16,-1.));
#4367=DIRECTION('',(-1.,2.49600520794894E-31,1.12410081243297E-15));
#4368=DIRECTION('',(1.12410081243297E-15,2.22044604927084E-16,1.));
#4369=DIRECTION('',(1.,-2.49600520794894E-31,-1.12410081243297E-15));
#4370=DIRECTION('',(0.,-1.,2.22044604927084E-16));
#4371=DIRECTION('',(0.,-2.22044604927084E-16,-1.));
#4372=DIRECTION('',(-1.,2.49600520794894E-31,1.12410081243297E-15));
#4373=DIRECTION('',(1.12410081243297E-15,2.22044604927084E-16,1.));
#4374=DIRECTION('',(1.,-2.49600520794894E-31,-1.12410081243297E-15));
#4375=DIRECTION('',(0.,0.,1.));
#4376=DIRECTION('',(1.,0.,0.));
#4377=DIRECTION('',(-9.94230222458039E-31,6.12323399573676E-16,1.));
#4378=DIRECTION('',(0.,-1.,6.12323399573676E-16));
#4379=DIRECTION('',(9.94230222458039E-31,-6.12323399573676E-16,-1.));
#4380=DIRECTION('',(0.,1.,-6.12323399573676E-16));
#4381=DIRECTION('',(-9.94230222458039E-31,6.12323399573676E-16,1.));
#4382=DIRECTION('',(9.94230222458039E-31,-6.12323399573676E-16,-1.));
#4383=DIRECTION('',(0.,1.,-6.12323399573676E-16));
#4384=DIRECTION('',(-9.94230222458039E-31,6.12323399573676E-16,1.));
#4385=DIRECTION('',(-9.94230222458039E-31,6.12323399573676E-16,1.));
#4386=DIRECTION('',(0.,-1.,6.12323399573676E-16));
#4387=DIRECTION('',(0.,-4.33680868994202E-16,-1.));
#4388=DIRECTION('',(0.,1.,-4.33680868994202E-16));
#4389=DIRECTION('',(9.94230222458039E-31,-6.12323399573676E-16,-1.));
#4390=DIRECTION('',(0.,1.,-6.12323399573676E-16));
#4391=DIRECTION('',(-9.94230222458039E-31,6.12323399573676E-16,1.));
#4392=DIRECTION('',(0.,-1.,6.12323399573676E-16));
#4393=DIRECTION('',(0.,-6.1232339957368E-16,-1.));
#4394=DIRECTION('',(0.,1.,-6.1232339957368E-16));
#4395=DIRECTION('',(9.94230222458039E-31,-6.12323399573677E-16,-1.));
#4396=DIRECTION('',(1.,1.62370117351429E-15,0.));
#4397=DIRECTION('',(9.94230222458039E-31,-6.12323399573676E-16,-1.));
#4398=DIRECTION('',(1.,6.08790429774399E-46,9.94230222458039E-31));
#4399=DIRECTION('',(9.94230222458039E-31,-6.12323399573676E-16,-1.));
#4400=DIRECTION('',(0.,1.,-6.12323399573676E-16));
#4401=DIRECTION('',(9.94230222458039E-31,-6.12323399573676E-16,-1.));
#4402=DIRECTION('',(0.,1.,-6.12323399573676E-16));
#4403=DIRECTION('',(9.94230222458039E-31,-6.12323399573676E-16,-1.));
#4404=DIRECTION('',(0.,1.,-6.12323399573676E-16));
#4405=DIRECTION('',(9.94230222458039E-31,-6.12323399573676E-16,-1.));
#4406=DIRECTION('',(0.,1.,-6.12323399573676E-16));
#4407=DIRECTION('',(9.94230222458039E-31,-6.12323399573676E-16,-1.));
#4408=DIRECTION('',(0.,1.,-6.12323399573676E-16));
#4409=DIRECTION('',(-1.,-6.08790429774399E-46,-9.94230222458039E-31));
#4410=DIRECTION('',(9.94230222458039E-31,-6.12323399573676E-16,-1.));
#4411=DIRECTION('',(0.,1.,-6.12323399573676E-16));
#4412=DIRECTION('',(9.94230222458039E-31,6.12323399573676E-16,1.));
#4413=DIRECTION('',(0.,1.,-6.12323399573676E-16));
#4414=DIRECTION('',(9.94230222458039E-31,-6.12323399573676E-16,-1.));
#4415=DIRECTION('',(0.,1.,-6.12323399573676E-16));
#4416=DIRECTION('',(1.,6.08790429774399E-46,9.94230222458039E-31));
#4417=DIRECTION('',(9.94230222458039E-31,-6.12323399573676E-16,-1.));
#4418=DIRECTION('',(0.,1.,-6.12323399573676E-16));
#4419=DIRECTION('',(9.94230222458039E-31,-6.12323399573676E-16,-1.));
#4420=DIRECTION('',(1.,6.08790429774399E-46,9.94230222458039E-31));
#4421=DIRECTION('',(9.94230222458039E-31,-6.12323399573676E-16,-1.));
#4422=DIRECTION('',(0.,1.,-6.12323399573676E-16));
#4423=DIRECTION('',(9.94230222458039E-31,-6.12323399573676E-16,-1.));
#4424=DIRECTION('',(0.,1.,-6.12323399573676E-16));
#4425=DIRECTION('',(-1.,-6.08790429774399E-46,-9.94230222458039E-31));
#4426=DIRECTION('',(9.94230222458039E-31,-6.12323399573676E-16,-1.));
#4427=DIRECTION('',(0.,1.,-6.12323399573676E-16));
#4428=DIRECTION('',(9.94230222458039E-31,6.12323399573676E-16,1.));
#4429=DIRECTION('',(0.,1.,-6.12323399573676E-16));
#4430=DIRECTION('',(9.94230222458039E-31,-6.12323399573676E-16,-1.));
#4431=DIRECTION('',(0.,1.,-6.12323399573676E-16));
#4432=DIRECTION('',(1.,6.08790429774399E-46,9.94230222458039E-31));
#4433=DIRECTION('',(9.94230222458039E-31,6.12323399573676E-16,1.));
#4434=DIRECTION('',(0.,1.,-6.12323399573676E-16));
#4435=DIRECTION('',(9.94230222458039E-31,6.12323399573677E-16,1.));
#4436=DIRECTION('',(-1.,1.62370117351429E-15,0.));
#4437=DIRECTION('',(9.94230222458039E-31,6.12323399573676E-16,1.));
#4438=DIRECTION('',(0.,-1.,6.12323399573676E-16));
#4439=DIRECTION('',(0.,-4.33680868994202E-16,-1.));
#4440=DIRECTION('',(0.,1.,-4.33680868994202E-16));
#4441=DIRECTION('',(9.94230222458039E-31,6.12323399573676E-16,1.));
#4442=DIRECTION('',(0.,-1.,6.12323399573676E-16));
#4443=DIRECTION('',(9.94230222458039E-31,6.12323399573676E-16,1.));
#4444=DIRECTION('',(9.94230222458039E-31,6.12323399573676E-16,1.));
#4445=DIRECTION('',(9.94230222458039E-31,6.12323399573676E-16,1.));
#4446=DIRECTION('',(0.,-1.,6.12323399573676E-16));
#4447=DIRECTION('',(0.,-6.12323399573676E-16,-1.));
#4448=DIRECTION('',(0.,1.,-6.12323399573676E-16));
#4449=DIRECTION('',(0.,-1.,6.12323399573676E-16));
#4450=DIRECTION('',(0.,-6.12323399573676E-16,-1.));
#4451=DIRECTION('',(9.94230222458039E-31,-6.12323399573676E-16,-1.));
#4452=DIRECTION('',(9.94230222458039E-31,-6.12323399573676E-16,-1.));
#4453=DIRECTION('',(9.94230222458039E-31,-6.12323399573676E-16,-1.));
#4454=DIRECTION('',(0.,1.,-6.12323399573676E-16));
#4455=DIRECTION('',(9.94230222458039E-31,-6.12323399573676E-16,-1.));
#4456=DIRECTION('',(0.,1.,-6.12323399573676E-16));
#4457=DIRECTION('',(-1.01252305186376E-61,1.,-6.12323399573676E-16));
#4458=DIRECTION('',(0.,6.12323399573676E-16,1.));
#4459=DIRECTION('',(9.94230222458039E-31,-6.12323399573676E-16,-1.));
#4460=DIRECTION('',(9.94230222458039E-31,-6.12323399573676E-16,-1.));
#4461=DIRECTION('',(9.94230222458039E-31,-6.12323399573676E-16,-1.));
#4462=DIRECTION('',(0.,1.,-6.12323399573676E-16));
#4463=DIRECTION('',(9.94230222458039E-31,-6.12323399573676E-16,-1.));
#4464=DIRECTION('',(0.,1.,-6.12323399573676E-16));
#4465=DIRECTION('',(0.,-4.33680868994202E-16,-1.));
#4466=DIRECTION('',(0.,1.,-4.33680868994202E-16));
#4467=DIRECTION('',(0.,-6.12323399573676E-16,-1.));
#4468=DIRECTION('',(0.,1.,-6.12323399573676E-16));
#4469=DIRECTION('',(0.,-4.33680868994202E-16,-1.));
#4470=DIRECTION('',(0.,1.,-4.33680868994202E-16));
#4471=DIRECTION('',(0.,-6.1232339957368E-16,-1.));
#4472=DIRECTION('',(0.,1.,-6.1232339957368E-16));
#4473=DIRECTION('',(0.,0.,1.));
#4474=DIRECTION('',(1.,0.,0.));
#4475=DIRECTION('',(-9.94230222458039E-31,-6.12323399573676E-16,-1.));
#4476=DIRECTION('',(0.,1.,-6.12323399573676E-16));
#4477=DIRECTION('',(-3.38855939665312E-47,1.,-6.12323399573676E-16));
#4478=DIRECTION('',(-9.94230222458039E-31,-6.12323399573676E-16,-1.));
#4479=DIRECTION('',(0.,1.,-6.12323399573676E-16));
#4480=DIRECTION('',(2.53566823937403E-46,1.,-6.12323399573676E-16));
#4481=DIRECTION('',(-9.94230222458039E-31,-6.12323399573676E-16,-1.));
#4482=DIRECTION('',(0.,1.,-6.12323399573676E-16));
#4483=DIRECTION('',(9.5062846483529E-16,6.90253292068384E-31,1.));
#4484=DIRECTION('',(-1.,0.,9.5062846483529E-16));
#4485=DIRECTION('',(-9.5062846483529E-16,-6.90253292068384E-31,-1.));
#4486=DIRECTION('',(-1.,0.,9.5062846483529E-16));
#4487=DIRECTION('',(9.5062846483529E-16,6.90253292068384E-31,1.));
#4488=DIRECTION('',(-1.,0.,9.5062846483529E-16));
#4489=DIRECTION('',(9.5062846483529E-16,6.90253292068384E-31,1.));
#4490=DIRECTION('',(-1.,0.,9.5062846483529E-16));
#4491=DIRECTION('',(-9.94230222458039E-31,-6.12323399573676E-16,-1.));
#4492=DIRECTION('',(0.,1.,-6.12323399573676E-16));
#4493=DIRECTION('',(-9.5062846483529E-16,-6.90253292068384E-31,-1.));
#4494=DIRECTION('',(-1.,0.,9.5062846483529E-16));
#4495=DIRECTION('',(9.94230222458039E-31,6.12323399573676E-16,1.));
#4496=DIRECTION('',(0.,1.,-6.12323399573676E-16));
#4497=DIRECTION('',(9.5062846483529E-16,6.90253292068384E-31,1.));
#4498=DIRECTION('',(-1.,0.,9.5062846483529E-16));
#4499=DIRECTION('',(-9.5062846483529E-16,-6.90253292068384E-31,-1.));
#4500=DIRECTION('',(-1.,0.,9.5062846483529E-16));
#4501=DIRECTION('',(-9.5062846483529E-16,-6.90253292068384E-31,-1.));
#4502=DIRECTION('',(-1.,0.,9.5062846483529E-16));
#4503=DIRECTION('',(-9.94230222458039E-31,-6.12323399573676E-16,-1.));
#4504=DIRECTION('',(-1.,6.08790429774399E-46,9.94230222458039E-31));
#4505=DIRECTION('',(1.,0.,0.));
#4506=DIRECTION('',(-9.5062846483529E-16,-6.90253292068384E-31,-1.));
#4507=DIRECTION('',(-1.,0.,9.5062846483529E-16));
#4508=DIRECTION('',(9.5062846483529E-16,6.90253292068384E-31,1.));
#4509=DIRECTION('',(-1.,6.56174427386473E-46,9.5062846483529E-16));
#4510=DIRECTION('',(-9.5062846483529E-16,-6.90253292068384E-31,-1.));
#4511=DIRECTION('',(-1.,0.,9.5062846483529E-16));
#4512=DIRECTION('',(-9.5062846483529E-16,-6.90253292068384E-31,-1.));
#4513=DIRECTION('',(-1.,0.,9.5062846483529E-16));
#4514=DIRECTION('',(9.5062846483529E-16,6.90253292068384E-31,1.));
#4515=DIRECTION('',(-1.,6.56174427386473E-46,9.5062846483529E-16));
#4516=DIRECTION('',(9.5062846483529E-16,6.90253292068384E-31,1.));
#4517=DIRECTION('',(-1.,0.,9.5062846483529E-16));
#4518=DIRECTION('',(-9.5062846483529E-16,-6.90253292068384E-31,-1.));
#4519=DIRECTION('',(-1.,0.,9.5062846483529E-16));
#4520=DIRECTION('',(9.5062846483529E-16,6.90253292068384E-31,1.));
#4521=DIRECTION('',(-1.,6.56174427386473E-46,9.5062846483529E-16));
#4522=DIRECTION('',(-9.5062846483529E-16,-6.90253292068384E-31,-1.));
#4523=DIRECTION('',(-1.,0.,9.5062846483529E-16));
#4524=DIRECTION('',(9.5062846483529E-16,6.90253292068384E-31,1.));
#4525=DIRECTION('',(-1.,0.,9.5062846483529E-16));
#4526=DIRECTION('',(-9.5062846483529E-16,-6.90253292068384E-31,-1.));
#4527=DIRECTION('',(-1.,0.,9.5062846483529E-16));
#4528=DIRECTION('',(9.5062846483529E-16,6.90253292068384E-31,1.));
#4529=DIRECTION('',(-1.,6.56174427386473E-46,9.5062846483529E-16));
#4530=DIRECTION('',(9.5062846483529E-16,-6.90253292068384E-31,-1.));
#4531=DIRECTION('',(-1.,-6.56174427386473E-46,-9.5062846483529E-16));
#4532=DIRECTION('',(-9.5062846483529E-16,-6.90253292068384E-31,-1.));
#4533=DIRECTION('',(-1.,0.,9.5062846483529E-16));
#4534=DIRECTION('',(9.5062846483529E-16,6.90253292068384E-31,1.));
#4535=DIRECTION('',(-1.,0.,9.5062846483529E-16));
#4536=DIRECTION('',(-9.5062846483529E-16,-6.90253292068384E-31,-1.));
#4537=DIRECTION('',(1.,0.,-9.5062846483529E-16));
#4538=DIRECTION('',(-9.5062846483529E-16,-6.90253292068384E-31,-1.));
#4539=DIRECTION('',(-1.,0.,9.5062846483529E-16));
#4540=DIRECTION('',(9.5062846483529E-16,6.90253292068384E-31,1.));
#4541=DIRECTION('',(-1.,6.56174427386473E-46,9.5062846483529E-16));
#4542=DIRECTION('',(-9.5062846483529E-16,-6.90253292068384E-31,-1.));
#4543=DIRECTION('',(-1.,0.,9.5062846483529E-16));
#4544=DIRECTION('',(-9.94230222458039E-31,-6.12323399573676E-16,-1.));
#4545=DIRECTION('',(0.,1.,-6.12323399573676E-16));
#4546=DIRECTION('',(-9.5062846483529E-16,-6.90253292068384E-31,-1.));
#4547=DIRECTION('',(-1.,0.,9.5062846483529E-16));
#4548=DIRECTION('',(-9.94230222458039E-31,-6.12323399573676E-16,-1.));
#4549=DIRECTION('',(-1.,6.08790429774399E-46,9.94230222458039E-31));
#4550=DIRECTION('',(0.,1.,0.));
#4551=DIRECTION('',(0.,0.,1.));
#4552=DIRECTION('',(0.,0.8,0.6));
#4553=DIRECTION('',(0.,0.6,-0.8));
#4554=DIRECTION('',(0.,-1.,0.));
#4555=DIRECTION('',(0.,0.,-1.));
#4556=DIRECTION('',(0.,-1.,0.));
#4557=DIRECTION('',(1.,0.,0.));
#4558=DIRECTION('',(0.,0.8,0.6));
#4559=DIRECTION('',(0.,-0.6,0.8));
#4560=DIRECTION('',(0.,0.,1.));
#4561=DIRECTION('',(1.,0.,0.));
#4562=DIRECTION('',(-9.94230222458039E-31,6.12323399573676E-16,1.));
#4563=DIRECTION('',(0.,1.,-6.12323399573676E-16));
#4564=DIRECTION('',(-2.53566823937403E-46,1.,-6.12323399573676E-16));
#4565=DIRECTION('',(-9.94230222458039E-31,6.12323399573676E-16,1.));
#4566=DIRECTION('',(0.,1.,-6.12323399573676E-16));
#4567=DIRECTION('',(3.38855939665312E-47,1.,-6.12323399573676E-16));
#4568=DIRECTION('',(-9.94230222458039E-31,6.12323399573676E-16,1.));
#4569=DIRECTION('',(0.,1.,-6.12323399573676E-16));
#4570=DIRECTION('',(9.5062846483529E-16,-6.90253292068384E-31,-1.));
#4571=DIRECTION('',(1.,0.,9.5062846483529E-16));
#4572=DIRECTION('',(-9.5062846483529E-16,6.90253292068384E-31,1.));
#4573=DIRECTION('',(1.,0.,9.5062846483529E-16));
#4574=DIRECTION('',(9.5062846483529E-16,-6.90253292068384E-31,-1.));
#4575=DIRECTION('',(1.,0.,9.5062846483529E-16));
#4576=DIRECTION('',(-9.5062846483529E-16,6.90253292068384E-31,1.));
#4577=DIRECTION('',(1.,0.,9.5062846483529E-16));
#4578=DIRECTION('',(9.94230222458039E-31,-6.12323399573676E-16,-1.));
#4579=DIRECTION('',(0.,1.,-6.12323399573676E-16));
#4580=DIRECTION('',(-9.5062846483529E-16,6.90253292068384E-31,1.));
#4581=DIRECTION('',(1.,0.,9.5062846483529E-16));
#4582=DIRECTION('',(9.94230222458039E-31,-6.12323399573676E-16,-1.));
#4583=DIRECTION('',(0.,1.,-6.12323399573676E-16));
#4584=DIRECTION('',(-9.5062846483529E-16,6.90253292068384E-31,1.));
#4585=DIRECTION('',(1.,0.,9.5062846483529E-16));
#4586=DIRECTION('',(-9.5062846483529E-16,6.90253292068384E-31,1.));
#4587=DIRECTION('',(1.,0.,9.5062846483529E-16));
#4588=DIRECTION('',(-9.5062846483529E-16,6.90253292068384E-31,1.));
#4589=DIRECTION('',(1.,0.,9.5062846483529E-16));
#4590=DIRECTION('',(-9.5062846483529E-16,6.90253292068384E-31,1.));
#4591=DIRECTION('',(1.,6.56174427386473E-46,9.5062846483529E-16));
#4592=DIRECTION('',(-9.5062846483529E-16,6.90253292068384E-31,1.));
#4593=DIRECTION('',(1.,0.,9.5062846483529E-16));
#4594=DIRECTION('',(-9.5062846483529E-16,6.90253292068384E-31,1.));
#4595=DIRECTION('',(1.,0.,9.5062846483529E-16));
#4596=DIRECTION('',(9.94230222458039E-31,-6.12323399573676E-16,-1.));
#4597=DIRECTION('',(1.,6.08790429774399E-46,9.94230222458039E-31));
#4598=DIRECTION('',(1.,0.,0.));
#4599=DIRECTION('',(-9.5062846483529E-16,6.90253292068384E-31,1.));
#4600=DIRECTION('',(1.,0.,9.5062846483529E-16));
#4601=DIRECTION('',(-9.5062846483529E-16,6.90253292068384E-31,1.));
#4602=DIRECTION('',(1.,6.56174427386473E-46,9.5062846483529E-16));
#4603=DIRECTION('',(-9.5062846483529E-16,6.90253292068384E-31,1.));
#4604=DIRECTION('',(1.,0.,9.5062846483529E-16));
#4605=DIRECTION('',(-9.5062846483529E-16,6.90253292068384E-31,1.));
#4606=DIRECTION('',(1.,0.,9.5062846483529E-16));
#4607=DIRECTION('',(-9.5062846483529E-16,6.90253292068384E-31,1.));
#4608=DIRECTION('',(1.,6.56174427386473E-46,9.5062846483529E-16));
#4609=DIRECTION('',(-9.5062846483529E-16,6.90253292068384E-31,1.));
#4610=DIRECTION('',(1.,0.,9.5062846483529E-16));
#4611=DIRECTION('',(-9.5062846483529E-16,6.90253292068384E-31,1.));
#4612=DIRECTION('',(1.,0.,9.5062846483529E-16));
#4613=DIRECTION('',(-9.5062846483529E-16,6.90253292068384E-31,1.));
#4614=DIRECTION('',(1.,0.,9.5062846483529E-16));
#4615=DIRECTION('',(-9.5062846483529E-16,6.90253292068384E-31,1.));
#4616=DIRECTION('',(1.,6.56174427386473E-46,9.5062846483529E-16));
#4617=DIRECTION('',(-9.5062846483529E-16,-6.90253292068384E-31,-1.));
#4618=DIRECTION('',(1.,-6.56174427386473E-46,-9.5062846483529E-16));
#4619=DIRECTION('',(-9.5062846483529E-16,6.90253292068384E-31,1.));
#4620=DIRECTION('',(1.,0.,9.5062846483529E-16));
#4621=DIRECTION('',(-9.5062846483529E-16,6.90253292068384E-31,1.));
#4622=DIRECTION('',(1.,0.,9.5062846483529E-16));
#4623=DIRECTION('',(9.5062846483529E-16,-6.90253292068384E-31,-1.));
#4624=DIRECTION('',(-1.,0.,-9.5062846483529E-16));
#4625=DIRECTION('',(-9.5062846483529E-16,6.90253292068384E-31,1.));
#4626=DIRECTION('',(1.,0.,9.5062846483529E-16));
#4627=DIRECTION('',(-9.5062846483529E-16,6.90253292068384E-31,1.));
#4628=DIRECTION('',(1.,6.56174427386473E-46,9.5062846483529E-16));
#4629=DIRECTION('',(-9.5062846483529E-16,6.90253292068384E-31,1.));
#4630=DIRECTION('',(1.,0.,9.5062846483529E-16));
#4631=DIRECTION('',(9.94230222458039E-31,-6.12323399573676E-16,-1.));
#4632=DIRECTION('',(0.,1.,-6.12323399573676E-16));
#4633=DIRECTION('',(-9.5062846483529E-16,6.90253292068384E-31,1.));
#4634=DIRECTION('',(1.,0.,9.5062846483529E-16));
#4635=DIRECTION('',(9.94230222458039E-31,-6.12323399573676E-16,-1.));
#4636=DIRECTION('',(1.,6.08790429774399E-46,9.94230222458039E-31));
#4637=DIRECTION('',(0.,1.,0.));
#4638=DIRECTION('',(0.,0.,1.));
#4639=DIRECTION('',(0.,0.8,0.6));
#4640=DIRECTION('',(0.,0.6,-0.8));
#4641=DIRECTION('',(0.,-1.,0.));
#4642=DIRECTION('',(0.,0.,-1.));
#4643=DIRECTION('',(0.,-1.,0.));
#4644=DIRECTION('',(1.,0.,0.));
#4645=DIRECTION('',(0.,0.8,0.6));
#4646=DIRECTION('',(0.,-0.6,0.8));
#4647=CARTESIAN_POINT('',(0.,0.,0.));
#4648=CARTESIAN_POINT('',(-0.00024999999999996,0.0138774529482001,0.0455));
#4649=CARTESIAN_POINT('',(-0.0655,6.53944114106634E-17,0.0455));
#4650=CARTESIAN_POINT('',(-0.0680685599078081,-0.00154999999999993,0.0455));
#4651=CARTESIAN_POINT('',(-0.0680685599078081,0.00155000000000006,0.0455));
#4652=CARTESIAN_POINT('',(-0.00024999999999996,-0.00154999999999993,0.0455));
#4653=CARTESIAN_POINT('',(-0.0655,-0.00154999999999993,0.0455));
#4654=CARTESIAN_POINT('',(-0.0655,6.52107143907914E-17,0.0455));
#4655=CARTESIAN_POINT('',(-0.0655,0.00155000000000006,0.0455));
#4656=CARTESIAN_POINT('',(-0.00024999999999996,0.00155000000000006,0.0455));
#4657=CARTESIAN_POINT('',(-0.00024999999999996,0.0138774529482001,0.0455));
#4658=CARTESIAN_POINT('',(-0.0655,6.52107143907914E-17,0.0455));
#4659=CARTESIAN_POINT('',(-0.00024999999999996,-0.00154999999999993,0.0455));
#4660=CARTESIAN_POINT('',(-0.0629314400921915,-0.00154999999999993,0.0455));
#4661=CARTESIAN_POINT('',(-0.0655,6.53944114106634E-17,0.0455));
#4662=CARTESIAN_POINT('',(-0.0629314400921915,0.00155000000000006,0.0455));
#4663=CARTESIAN_POINT('',(-0.00024999999999996,0.00155000000000006,0.0455));
#4664=CARTESIAN_POINT('',(0.00024999999999996,0.0138774529482001,0.0455));
#4665=CARTESIAN_POINT('',(0.00024999999999996,0.00155000000000006,0.0455));
#4666=CARTESIAN_POINT('',(0.0629314400921915,0.00155000000000006,0.0455));
#4667=CARTESIAN_POINT('',(0.0655,0.00155000000000006,0.0455));
#4668=CARTESIAN_POINT('',(0.0655,6.53944114106634E-17,0.0455));
#4669=CARTESIAN_POINT('',(0.0629314400921915,-0.00154999999999993,0.0455));
#4670=CARTESIAN_POINT('',(0.00024999999999996,-0.00154999999999993,0.0455));
#4671=CARTESIAN_POINT('',(0.0655,-0.00154999999999993,0.0455));
#4672=CARTESIAN_POINT('',(0.0655,6.52107143907914E-17,0.0455));
#4673=CARTESIAN_POINT('',(0.00024999999999996,0.0138774529482001,0.0455));
#4674=CARTESIAN_POINT('',(0.00024999999999996,0.00155000000000006,0.0455));
#4675=CARTESIAN_POINT('',(0.0680685599078081,0.00155000000000006,0.0455));
#4676=CARTESIAN_POINT('',(0.0655,6.52107143907914E-17,0.0455));
#4677=CARTESIAN_POINT('',(0.00024999999999996,-0.00154999999999993,0.0455));
#4678=CARTESIAN_POINT('',(0.0680685599078081,-0.00154999999999992,0.0455));
#4679=CARTESIAN_POINT('',(0.0655,6.53944114106634E-17,0.0455));
#4680=CARTESIAN_POINT('',(-4.47697434680088E-18,0.0107290701317177,0.0454));
#4681=CARTESIAN_POINT('',(0.0287441250451117,0.00328600857883672,0.0454));
#4682=CARTESIAN_POINT('',(0.0300129827991567,0.00328600857883672,0.0454));
#4683=CARTESIAN_POINT('',(0.0274752672910668,0.00328600857883672,0.0454));
#4684=CARTESIAN_POINT('',(0.0274752672910668,0.00488600857883672,0.0454));
#4685=CARTESIAN_POINT('',(0.0300129827991567,0.00648600857883672,0.0454));
#4686=CARTESIAN_POINT('',(0.0262064095370218,0.00648600857883672,0.0454));
#4687=CARTESIAN_POINT('',(0.0274752672910668,0.00648600857883672,0.0454));
#4688=CARTESIAN_POINT('',(0.0274752672910668,0.00488600857883672,0.0454));
#4689=CARTESIAN_POINT('',(-4.47697434680088E-18,0.0107290701317177,0.0454));
#4690=CARTESIAN_POINT('',(0.0287441250451117,0.00328600857883672,0.0454));
#4691=CARTESIAN_POINT('',(0.0249375517829769,0.00328600857883672,0.0454));
#4692=CARTESIAN_POINT('',(0.0274752672910668,0.00488600857883672,0.0454));
#4693=CARTESIAN_POINT('',(0.0262064095370218,0.00648600857883672,0.0454));
#4694=CARTESIAN_POINT('',(0.0249375517829769,0.00648600857883672,0.0454));
#4695=CARTESIAN_POINT('',(0.0274752672910668,0.00488600857883672,0.0454));
#4696=CARTESIAN_POINT('',(-4.47697434680088E-18,0.0107290701317177,0.0454));
#4697=CARTESIAN_POINT('',(-0.0262064095370217,0.00328600857883672,0.0454));
#4698=CARTESIAN_POINT('',(-0.0249375517829768,0.00328600857883672,0.0454));
#4699=CARTESIAN_POINT('',(-0.0274752672910667,0.00328600857883672,0.0454));
#4700=CARTESIAN_POINT('',(-0.0274752672910667,0.00488600857883672,0.0454));
#4701=CARTESIAN_POINT('',(-0.0249375517829768,0.00648600857883672,0.0454));
#4702=CARTESIAN_POINT('',(-0.0287441250451116,0.00648600857883672,0.0454));
#4703=CARTESIAN_POINT('',(-0.0274752672910667,0.00648600857883672,0.0454));
#4704=CARTESIAN_POINT('',(-0.0274752672910667,0.00488600857883672,0.0454));
#4705=CARTESIAN_POINT('',(-4.47697434680088E-18,0.0107290701317177,0.0454));
#4706=CARTESIAN_POINT('',(-0.0262064095370217,0.00328600857883672,0.0454));
#4707=CARTESIAN_POINT('',(-0.0300129827991566,0.00328600857883672,0.0454));
#4708=CARTESIAN_POINT('',(-0.0274752672910667,0.00488600857883672,0.0454));
#4709=CARTESIAN_POINT('',(-0.0287441250451116,0.00648600857883672,0.0454));
#4710=CARTESIAN_POINT('',(-0.0300129827991566,0.00648600857883672,0.0454));
#4711=CARTESIAN_POINT('',(-0.0274752672910667,0.00488600857883672,0.0454));
#4712=CARTESIAN_POINT('',(-4.47697434680088E-18,0.0107290701317177,0.0454));
#4713=CARTESIAN_POINT('',(-0.0225064213688637,-0.0108731573217658,0.0454));
#4714=CARTESIAN_POINT('',(-0.0199687058607738,-0.0124731573217658,0.0454));
#4715=CARTESIAN_POINT('',(-0.0199687058607738,-0.0092731573217658,0.0454));
#4716=CARTESIAN_POINT('',(-0.0237752791229087,-0.0092731573217658,0.0454));
#4717=CARTESIAN_POINT('',(-0.0225064213688637,-0.0092731573217658,0.0454));
#4718=CARTESIAN_POINT('',(-0.0225064213688637,-0.0108731573217658,0.0454));
#4719=CARTESIAN_POINT('',(-0.0225064213688637,-0.0124731573217658,0.0454));
#4720=CARTESIAN_POINT('',(-0.0212375636148187,-0.0124731573217658,0.0454));
#4721=CARTESIAN_POINT('',(-4.47697434680088E-18,0.0107290701317177,0.0454));
#4722=CARTESIAN_POINT('',(-0.0225064213688637,-0.0108731573217658,0.0454));
#4723=CARTESIAN_POINT('',(-0.0237752791229087,-0.0092731573217658,0.0454));
#4724=CARTESIAN_POINT('',(-0.0250441368769536,-0.0092731573217658,0.0454));
#4725=CARTESIAN_POINT('',(-0.0225064213688637,-0.0108731573217658,0.0454));
#4726=CARTESIAN_POINT('',(-0.0250441368769536,-0.0124731573217658,0.0454));
#4727=CARTESIAN_POINT('',(-0.0212375636148187,-0.0124731573217658,0.0454));
#4728=CARTESIAN_POINT('',(-4.47697434680088E-18,0.0107290701317177,0.0454));
#4729=CARTESIAN_POINT('',(0.0237752791229088,-0.0124731573217658,0.0454));
#4730=CARTESIAN_POINT('',(0.0250441368769537,-0.0124731573217658,0.0454));
#4731=CARTESIAN_POINT('',(0.0225064213688638,-0.0124731573217658,0.0454));
#4732=CARTESIAN_POINT('',(0.0225064213688638,-0.0108731573217658,0.0454));
#4733=CARTESIAN_POINT('',(0.0250441368769537,-0.0092731573217658,0.0454));
#4734=CARTESIAN_POINT('',(0.0212375636148188,-0.0092731573217658,0.0454));
#4735=CARTESIAN_POINT('',(0.0225064213688638,-0.0092731573217658,0.0454));
#4736=CARTESIAN_POINT('',(0.0225064213688638,-0.0108731573217658,0.0454));
#4737=CARTESIAN_POINT('',(-4.47697434680088E-18,0.0107290701317177,0.0454));
#4738=CARTESIAN_POINT('',(0.0237752791229088,-0.0124731573217658,0.0454));
#4739=CARTESIAN_POINT('',(0.0199687058607739,-0.0124731573217658,0.0454));
#4740=CARTESIAN_POINT('',(0.0225064213688638,-0.0108731573217658,0.0454));
#4741=CARTESIAN_POINT('',(0.0212375636148188,-0.0092731573217658,0.0454));
#4742=CARTESIAN_POINT('',(0.0199687058607739,-0.0092731573217658,0.0454));
#4743=CARTESIAN_POINT('',(0.0225064213688638,-0.0108731573217658,0.0454));
#4744=CARTESIAN_POINT('',(0.0274752672910668,0.00488600857883672,0.0454));
#4745=CARTESIAN_POINT('',(0.0274752672910668,0.00488600857883672,0.0484));
#4746=CARTESIAN_POINT('',(0.0304752672910668,0.00488600857883672,0.0484));
#4747=CARTESIAN_POINT('',(0.0300129827991567,0.00328600857883672,0.0456));
#4748=CARTESIAN_POINT('',(0.0300129827991567,0.00328600857883672,0.0456));
#4749=CARTESIAN_POINT('',(0.0274752672910668,0.00488600857883672,0.0456));
#4750=CARTESIAN_POINT('',(0.0249375517829769,0.00328600857883672,0.0456));
#4751=CARTESIAN_POINT('',(0.0249375517829769,0.00328600857883672,0.0456));
#4752=CARTESIAN_POINT('',(0.0249375517829769,0.00648600857883672,0.0456));
#4753=CARTESIAN_POINT('',(0.0249375517829769,0.00648600857883672,0.0456));
#4754=CARTESIAN_POINT('',(0.0274752672910668,0.00488600857883672,0.0456));
#4755=CARTESIAN_POINT('',(0.0300129827991567,0.00648600857883672,0.0456));
#4756=CARTESIAN_POINT('',(0.0300129827991567,0.00648600857883672,0.0456));
#4757=CARTESIAN_POINT('',(-0.0274752672910667,0.00488600857883672,0.0454));
#4758=CARTESIAN_POINT('',(-0.0274752672910667,0.00488600857883672,0.0484));
#4759=CARTESIAN_POINT('',(-0.0244752672910667,0.00488600857883672,0.0484));
#4760=CARTESIAN_POINT('',(-0.0249375517829768,0.00328600857883672,0.0456));
#4761=CARTESIAN_POINT('',(-0.0249375517829768,0.00328600857883672,0.0456));
#4762=CARTESIAN_POINT('',(-0.0274752672910667,0.00488600857883672,0.0456));
#4763=CARTESIAN_POINT('',(-0.0300129827991566,0.00328600857883672,0.0456));
#4764=CARTESIAN_POINT('',(-0.0300129827991566,0.00328600857883672,0.0456));
#4765=CARTESIAN_POINT('',(-0.0300129827991566,0.00648600857883672,0.0456));
#4766=CARTESIAN_POINT('',(-0.0300129827991566,0.00648600857883672,0.0456));
#4767=CARTESIAN_POINT('',(-0.0274752672910667,0.00488600857883672,0.0456));
#4768=CARTESIAN_POINT('',(-0.0249375517829768,0.00648600857883672,0.0456));
#4769=CARTESIAN_POINT('',(-0.0249375517829768,0.00648600857883672,0.0456));
#4770=CARTESIAN_POINT('',(-0.0225064213688637,-0.0108731573217658,0.0454));
#4771=CARTESIAN_POINT('',(-0.0225064213688637,-0.0108731573217658,0.0484));
#4772=CARTESIAN_POINT('',(-0.0195064213688637,-0.0108731573217658,0.0484));
#4773=CARTESIAN_POINT('',(-0.0250441368769536,-0.0092731573217658,0.0456));
#4774=CARTESIAN_POINT('',(-0.0250441368769536,-0.0092731573217658,0.0456));
#4775=CARTESIAN_POINT('',(-0.0225064213688637,-0.0108731573217658,0.0456));
#4776=CARTESIAN_POINT('',(-0.0199687058607738,-0.0092731573217658,0.0456));
#4777=CARTESIAN_POINT('',(-0.0199687058607738,-0.0092731573217658,0.0456));
#4778=CARTESIAN_POINT('',(-0.0199687058607738,-0.0124731573217658,0.0456));
#4779=CARTESIAN_POINT('',(-0.0199687058607738,-0.0124731573217658,0.0456));
#4780=CARTESIAN_POINT('',(-0.0225064213688637,-0.0108731573217658,0.0456));
#4781=CARTESIAN_POINT('',(-0.0250441368769536,-0.0124731573217658,0.0456));
#4782=CARTESIAN_POINT('',(-0.0250441368769536,-0.0124731573217658,0.0456));
#4783=CARTESIAN_POINT('',(0.0225064213688638,-0.0108731573217658,0.0454));
#4784=CARTESIAN_POINT('',(0.0225064213688638,-0.0108731573217658,0.0484));
#4785=CARTESIAN_POINT('',(0.0255064213688638,-0.0108731573217658,0.0484));
#4786=CARTESIAN_POINT('',(0.0250441368769537,-0.0124731573217658,0.0456));
#4787=CARTESIAN_POINT('',(0.0250441368769537,-0.0124731573217658,0.0456));
#4788=CARTESIAN_POINT('',(0.0225064213688638,-0.0108731573217658,0.0456));
#4789=CARTESIAN_POINT('',(0.0199687058607739,-0.0124731573217658,0.0456));
#4790=CARTESIAN_POINT('',(0.0199687058607739,-0.0124731573217658,0.0456));
#4791=CARTESIAN_POINT('',(0.0199687058607739,-0.0092731573217658,0.0456));
#4792=CARTESIAN_POINT('',(0.0199687058607739,-0.0092731573217658,0.0456));
#4793=CARTESIAN_POINT('',(0.0225064213688638,-0.0108731573217658,0.0456));
#4794=CARTESIAN_POINT('',(0.0250441368769537,-0.0092731573217658,0.0456));
#4795=CARTESIAN_POINT('',(0.0250441368769537,-0.0092731573217658,0.0456));
#4796=CARTESIAN_POINT('',(-0.0350511974652311,-0.0134409727054376,0.0455));
#4797=CARTESIAN_POINT('',(-0.018,-0.0180666780876645,0.044));
#4798=CARTESIAN_POINT('',(-0.0196,-0.017632624782807,0.044));
#4799=CARTESIAN_POINT('',(-0.0225,-0.0168459031677526,0.039498));
#4800=CARTESIAN_POINT('',(-0.0225,-0.0168459031677526,0.0395));
#4801=CARTESIAN_POINT('',(-0.0225,-0.0168459031677525,0.0484));
#4802=CARTESIAN_POINT('',(-0.0350511974652311,-0.0134409727054376,0.0395));
#4803=CARTESIAN_POINT('',(-0.0109626940805245,-0.0199757817699409,0.0395));
#4804=CARTESIAN_POINT('',(-0.0109626940805245,-0.0199757817699409,0.0395));
#4805=CARTESIAN_POINT('',(-0.00980282732378803,-0.0202904342692884,0.0395));
#4806=CARTESIAN_POINT('',(-0.00867338019302658,-0.020596834431644,0.039297784969027));
#4807=CARTESIAN_POINT('',(-0.00755789679564779,-0.0208994464661103,0.0390027457599792));
#4808=CARTESIAN_POINT('',(-0.00755789679564779,-0.0208994464661102,0.0390027457599791));
#4809=CARTESIAN_POINT('',(-0.00755789679564818,-0.0208994464661101,0.0455));
#4810=CARTESIAN_POINT('',(-0.00755789679564817,-0.0208994464661101,0.0484));
#4811=CARTESIAN_POINT('',(-0.035051197465231,-0.0134409727054376,0.0484));
#4812=CARTESIAN_POINT('',(0.0350511974652311,-0.0134409727054376,0.0455));
#4813=CARTESIAN_POINT('',(0.018,-0.0180666780876645,0.044));
#4814=CARTESIAN_POINT('',(0.0196,-0.017632624782807,0.044));
#4815=CARTESIAN_POINT('',(0.0350511974652311,-0.0134409727054376,0.0395));
#4816=CARTESIAN_POINT('',(0.0225,-0.0168459031677526,0.0395));
#4817=CARTESIAN_POINT('',(0.0109626940805247,-0.0199757817699409,0.0395));
#4818=CARTESIAN_POINT('',(0.0225,-0.0168459031677526,0.039498));
#4819=CARTESIAN_POINT('',(0.0225,-0.0168459031677525,0.0484));
#4820=CARTESIAN_POINT('',(0.0350511974652311,-0.0134409727054376,0.0484));
#4821=CARTESIAN_POINT('',(0.00754728023955449,-0.0209023265606469,0.0484));
#4822=CARTESIAN_POINT('',(0.00754728023955449,-0.0209023265606469,0.038));
#4823=CARTESIAN_POINT('',(0.00754728023955449,-0.0209023265606469,0.0389999345594262));
#4824=CARTESIAN_POINT('',(0.0109626940805247,-0.0199757817699409,0.0395));
#4825=CARTESIAN_POINT('',(0.00979914750684959,-0.020291432542228,0.0395));
#4826=CARTESIAN_POINT('',(0.00866620569633764,-0.0205987807528931,0.0392965542661166));
#4827=CARTESIAN_POINT('',(0.00754728023955447,-0.0209023265606468,0.0389999345594264));
#4828=CARTESIAN_POINT('',(0.0225064213688638,-0.0108731573217658,0.0645));
#4829=CARTESIAN_POINT('',(0.0225064213688638,-0.0108731573217658,0.0395));
#4830=CARTESIAN_POINT('',(0.0209064213688638,-0.0108731573217658,0.0395));
#4831=CARTESIAN_POINT('',(-0.0225064213688637,-0.0108731573217658,0.0645));
#4832=CARTESIAN_POINT('',(-0.0225064213688637,-0.0108731573217658,0.0395));
#4833=CARTESIAN_POINT('',(-0.0241064213688637,-0.0108731573217658,0.0395));
#4834=CARTESIAN_POINT('',(0.00659722662242973,-0.0229398203472372,0.0395));
#4835=CARTESIAN_POINT('',(0.00592076515122674,-0.0215461202797988,0.0395));
#4836=CARTESIAN_POINT('',(0.00575164978342599,-0.0211976952629391,0.038));
#4837=CARTESIAN_POINT('',(0.0079976079418735,-0.022260115990113,0.0395));
#4838=CARTESIAN_POINT('',(0.0071925486795495,-0.0209288335500549,0.0395000000000828));
#4839=CARTESIAN_POINT('',(0.00699128386399409,-0.020596012940083,0.0380000000000234));
#4840=CARTESIAN_POINT('',(0.0105504039263847,-0.0205534731824055,0.0395));
#4841=CARTESIAN_POINT('',(0.00953754945621762,-0.0193655064893982,0.0394999999999616));
#4842=CARTESIAN_POINT('',(0.00928433583866395,-0.0190685148161266,0.0379999999999892));
#4843=CARTESIAN_POINT('',(0.0137865541949244,-0.0171807915149319,0.0395));
#4844=CARTESIAN_POINT('',(0.0125688090172105,-0.0162113286185643,0.0395000000000103));
#4845=CARTESIAN_POINT('',(0.0122643727227852,-0.0159689628944777,0.0380000000000029));
#4846=CARTESIAN_POINT('',(0.0163533110554326,-0.013385649779871,0.0395));
#4847=CARTESIAN_POINT('',(0.0150066644337109,-0.0126102239357167,0.0394999999999973));
#4848=CARTESIAN_POINT('',(0.0146700027782796,-0.0124163674746767,0.0379999999999993));
#4849=CARTESIAN_POINT('',(0.0190927248119465,-0.0078226476410345,0.0395));
#4850=CARTESIAN_POINT('',(0.0176326968895278,-0.00728074038394365,0.0395000000000016));
#4851=CARTESIAN_POINT('',(0.0172676899089235,-0.00714526356967173,0.0380000000000004));
#4852=CARTESIAN_POINT('',(0.0212455335426432,-0.000528063701199065,0.0395));
#4853=CARTESIAN_POINT('',(0.0197174778578654,-0.000228404317446886,0.0394999999999995));
#4854=CARTESIAN_POINT('',(0.0193354639366708,-0.000153489471508497,0.0379999999999999));
#4855=CARTESIAN_POINT('',(0.0222441430846485,0.00875556283782074,0.0395));
#4856=CARTESIAN_POINT('',(0.0206882146541538,0.00878990310629717,0.0395000000000002));
#4857=CARTESIAN_POINT('',(0.02029923254653,0.00879848817341596,0.038));
#4858=CARTESIAN_POINT('',(0.0217817283450628,0.0163518665634668,0.0395));
#4859=CARTESIAN_POINT('',(0.0202383373579085,0.0161733019965751,0.0394999999999998));
#4860=CARTESIAN_POINT('',(0.0198524896111203,0.0161286608548529,0.038));
#4861=CARTESIAN_POINT('',(0.0206398913552766,0.022330766075997,0.0395));
#4862=CARTESIAN_POINT('',(0.0191309709488314,0.0219696915693526,0.0395000000000003));
#4863=CARTESIAN_POINT('',(0.0187537408472193,0.0218794229426901,0.0380000000000001));
#4864=CARTESIAN_POINT('',(0.019338061866936,0.0267878322724456,0.0395));
#4865=CARTESIAN_POINT('',(0.0178723662123394,0.0262773359052501,0.0394999999999988));
#4866=CARTESIAN_POINT('',(0.0175059422986931,0.0261497118134564,0.0379999999999998));
#4867=CARTESIAN_POINT('',(0.0175925521650171,0.0310321171428536,0.0395));
#4868=CARTESIAN_POINT('',(0.0161927656218836,0.0303593080119827,0.0395000000000043));
#4869=CARTESIAN_POINT('',(0.0158428189860894,0.0301911057292454,0.0380000000000007));
#4870=CARTESIAN_POINT('',(0.0153115949915592,0.035075144033029,0.0395));
#4871=CARTESIAN_POINT('',(0.0140140607998273,0.0342184699309159,0.039499999999984));
#4872=CARTESIAN_POINT('',(0.0136896772519346,0.0340043014054607,0.0379999999999975));
#4873=CARTESIAN_POINT('',(0.0124760625997933,0.0387051487622569,0.0395));
#4874=CARTESIAN_POINT('',(0.0113351463546982,0.0376438288082678,0.0395000000000597));
#4875=CARTESIAN_POINT('',(0.011049917293274,0.0373784988194974,0.0380000000000094));
#4876=CARTESIAN_POINT('',(0.0101321227942879,0.0407577070094409,0.0395));
#4877=CARTESIAN_POINT('',(0.00915663538115785,0.0395477534823937,0.0394999999998713));
#4878=CARTESIAN_POINT('',(0.00891276352819922,0.0392452651012205,0.0379999999999798));
#4879=CARTESIAN_POINT('',(0.00886077372483834,0.0416240675456591,0.0395));
#4880=CARTESIAN_POINT('',(0.00798837806138872,0.0403438621690128,0.0395));
#4881=CARTESIAN_POINT('',(0.00777027914552629,0.0400238108248511,0.038));
#4882=CARTESIAN_POINT('',(0.0184106611474188,-0.00800527514001057,0.0394663444714069));
#4883=CARTESIAN_POINT('',(0.0187293556889861,-0.00755013216571166,0.0394907487327737));
#4884=CARTESIAN_POINT('',(0.0190309308844852,-0.00708356029834798,0.0395));
#4885=CARTESIAN_POINT('',(0.0193152759696405,-0.00660562986054692,0.0395));
#4886=CARTESIAN_POINT('',(0.0184106611474188,-0.00800527514001055,0.0394663444714069));
#4887=CARTESIAN_POINT('',(0.0193152759696405,-0.00660562986054694,0.0395));
#4888=CARTESIAN_POINT('',(0.0175077722818946,-0.0109893782550875,0.0395));
#4889=CARTESIAN_POINT('',(0.0174953692051511,-0.0104559233389416,0.0395));
#4890=CARTESIAN_POINT('',(0.0176404324850788,-0.00940376390303781,0.0394209404199715));
#4891=CARTESIAN_POINT('',(0.0181051704791804,-0.00844156102893351,0.0394429513060388));
#4892=CARTESIAN_POINT('',(0.0184106611474188,-0.00800527514001055,0.0394663444714069));
#4893=CARTESIAN_POINT('',(0.0175077722818874,-0.0109893782551024,0.0395));
#4894=CARTESIAN_POINT('',(0.0109626940805247,-0.0199757817699409,0.0395));
#4895=CARTESIAN_POINT('',(0.0137697353506646,-0.0174695926514191,0.0395));
#4896=CARTESIAN_POINT('',(0.0158774558764512,-0.0143510128137292,0.0395));
#4897=CARTESIAN_POINT('',(0.0175077722818874,-0.0109893782551024,0.0395));
#4898=CARTESIAN_POINT('',(0.00754728023955449,-0.0209023265606469,0.0389999345594262));
#4899=CARTESIAN_POINT('',(0.00726135518071712,-0.0209798932586031,0.0389241377254427));
#4900=CARTESIAN_POINT('',(0.00669040984251741,-0.0210642415415187,0.0387131780247259));
#4901=CARTESIAN_POINT('',(0.0062329848854263,-0.021035110157437,0.0382784787297152));
#4902=CARTESIAN_POINT('',(0.00610193447919471,-0.0210220034326068,0.038));
#4903=CARTESIAN_POINT('',(0.0061019344791947,-0.0210220034326068,0.038));
#4904=CARTESIAN_POINT('',(0.00809353367320299,0.0397980959735277,0.038));
#4905=CARTESIAN_POINT('',(0.00926972586403702,0.0389568921175676,0.038));
#4906=CARTESIAN_POINT('',(0.0114028694958422,0.0369947060742614,0.038));
#4907=CARTESIAN_POINT('',(0.0148385261950595,0.0324036261266651,0.038));
#4908=CARTESIAN_POINT('',(0.017244235177451,0.0271411773123228,0.0379999999999999));
#4909=CARTESIAN_POINT('',(0.0188151622801636,0.0216012012070437,0.038));
#4910=CARTESIAN_POINT('',(0.0195998347267156,0.0173965337588161,0.038));
#4911=CARTESIAN_POINT('',(0.0200288261910519,0.0131403628994527,0.038));
#4912=CARTESIAN_POINT('',(0.020135280757782,0.00738504636925456,0.038));
#4913=CARTESIAN_POINT('',(0.0193955946777656,0.000231213107658548,0.038));
#4914=CARTESIAN_POINT('',(0.0174168654134223,-0.00671686253820014,0.038));
#4915=CARTESIAN_POINT('',(0.0149578390187387,-0.0118962840137047,0.038));
#4916=CARTESIAN_POINT('',(0.0126602585033956,-0.015458794856139,0.038));
#4917=CARTESIAN_POINT('',(0.00973025191885028,-0.0186874302164284,0.038));
#4918=CARTESIAN_POINT('',(0.00739202443418112,-0.0203539194369043,0.038));
#4919=CARTESIAN_POINT('',(0.00610193447919469,-0.0210220034326068,0.038));
#4920=CARTESIAN_POINT('',(0.00809353367320299,0.0397980959735276,0.038));
#4921=CARTESIAN_POINT('',(0.0145398295897946,0.035981566807065,0.0395));
#4922=CARTESIAN_POINT('',(0.0123272444503468,0.0372915277252801,0.0395));
#4923=CARTESIAN_POINT('',(0.0101815475841766,0.0385618874447352,0.0388099964352581));
#4924=CARTESIAN_POINT('',(0.00809353367320296,0.0397980959735277,0.0380000000000002));
#4925=CARTESIAN_POINT('',(0.0145398295897946,0.0359815668070651,0.0395));
#4926=CARTESIAN_POINT('',(0.0193152759696405,-0.00660562986054695,0.0395));
#4927=CARTESIAN_POINT('',(0.0199178454594533,-0.00486732966555327,0.0395));
#4928=CARTESIAN_POINT('',(0.0209017401523366,-0.00132378748609382,0.0395));
#4929=CARTESIAN_POINT('',(0.0217877865474362,0.00418980838289553,0.0395));
#4930=CARTESIAN_POINT('',(0.0220927173501075,0.00976719295422158,0.0395));
#4931=CARTESIAN_POINT('',(0.0218380617278238,0.015272093079995,0.0395));
#4932=CARTESIAN_POINT('',(0.0210315063725558,0.0207056791564288,0.0395));
#4933=CARTESIAN_POINT('',(0.0196068555700881,0.0261089339167136,0.0395));
#4934=CARTESIAN_POINT('',(0.0175304937020074,0.0312574840061048,0.0395));
#4935=CARTESIAN_POINT('',(0.0156381604669144,0.0344707057988556,0.0395));
#4936=CARTESIAN_POINT('',(0.0145398295897946,0.035981566807065,0.0395));
#4937=CARTESIAN_POINT('',(-0.00575816228709765,-0.0211945323325665,0.038));
#4938=CARTESIAN_POINT('',(-0.00592744652039109,-0.0215428753364553,0.0395));
#4939=CARTESIAN_POINT('',(-0.00660458345356483,-0.0229362473520104,0.0395));
#4940=CARTESIAN_POINT('',(-0.00699751782760984,-0.0205922427785173,0.0379999999999975));
#4941=CARTESIAN_POINT('',(-0.00719893139553679,-0.0209249718909913,0.0394999999999911));
#4942=CARTESIAN_POINT('',(-0.00800458566738238,-0.0222558883411752,0.0395));
#4943=CARTESIAN_POINT('',(-0.00928953382312756,-0.0190640267063512,0.0380000000000012));
#4944=CARTESIAN_POINT('',(-0.00954284801812562,-0.0193609277808206,0.0395000000000041));
#4945=CARTESIAN_POINT('',(-0.0105561047980539,-0.0205485320785644,0.0395));
#4946=CARTESIAN_POINT('',(-0.0122684611962192,-0.0159638081518874,0.0379999999999997));
#4947=CARTESIAN_POINT('',(-0.0125729584747405,-0.0162060949278892,0.0394999999999989));
#4948=CARTESIAN_POINT('',(-0.0137909475888427,-0.0171752420319323,0.0395));
#4949=CARTESIAN_POINT('',(-0.014673080438126,-0.0124109791721771,0.0380000000000001));
#4950=CARTESIAN_POINT('',(-0.015009778623226,-0.0126047702304082,0.0395000000000003));
#4951=CARTESIAN_POINT('',(-0.0163565713636215,-0.0133799344633234,0.0395));
#4952=CARTESIAN_POINT('',(-0.0172696021598553,-0.0071399924953316,0.0379999999999999));
#4953=CARTESIAN_POINT('',(-0.0176346261302962,-0.00727541987635334,0.0394999999999998));
#4954=CARTESIAN_POINT('',(-0.0190947220120621,-0.0078171294004457,0.0395));
#4955=CARTESIAN_POINT('',(-0.0193363455105356,-0.00014871436894529,0.038));
#4956=CARTESIAN_POINT('',(-0.0197183660060724,-0.00022359223543292,0.0395000000000001));
#4957=CARTESIAN_POINT('',(-0.0212464479882189,-0.000523103701381479,0.0395));
#4958=CARTESIAN_POINT('',(-0.0202992614543779,0.00880238627960109,0.038));
#4959=CARTESIAN_POINT('',(-0.0206882437381256,0.00879382910952872,0.0394999999999999));
#4960=CARTESIAN_POINT('',(-0.0222441728731164,0.00875960042923833,0.0395));
#4961=CARTESIAN_POINT('',(-0.0198521112774585,0.0161316464955986,0.038));
#4962=CARTESIAN_POINT('',(-0.0202379562726038,0.0161763100983542,0.0395000000000002));
#4963=CARTESIAN_POINT('',(-0.0217813362531862,0.0163549645093781,0.0395));
#4964=CARTESIAN_POINT('',(-0.018753170876372,0.0218817421129519,0.0379999999999999));
#4965=CARTESIAN_POINT('',(-0.0191303962971381,0.0219720300442593,0.0394999999999997));
#4966=CARTESIAN_POINT('',(-0.0206392979802002,0.0223331817694869,0.0395));
#4967=CARTESIAN_POINT('',(-0.017505299486223,0.0261515024341855,0.0380000000000002));
#4968=CARTESIAN_POINT('',(-0.0178717174402624,0.0262791433926151,0.0395000000000012));
#4969=CARTESIAN_POINT('',(-0.0193373892564287,0.0267897072263425,0.0395));
#4970=CARTESIAN_POINT('',(-0.0158421986895528,0.0301923500478699,0.0379999999999993));
#4971=CARTESIAN_POINT('',(-0.0161921385549993,0.0303605661878236,0.0394999999999957));
#4972=CARTESIAN_POINT('',(-0.0175918980167518,0.0310334307476054,0.0395));
#4973=CARTESIAN_POINT('',(-0.013689150714855,0.0340050550853056,0.0380000000000025));
#4974=CARTESIAN_POINT('',(-0.0140135271089555,0.0342192341327292,0.039500000000016));
#4975=CARTESIAN_POINT('',(-0.0153110326854821,0.0350759503225467,0.0395));
#4976=CARTESIAN_POINT('',(-0.0110496100093503,0.037378784105497,0.0379999999999906));
#4977=CARTESIAN_POINT('',(-0.0113348334396123,0.0376441195894343,0.0394999999999403));
#4978=CARTESIAN_POINT('',(-0.0124757271601962,0.0387054615247239,0.0395));
#4979=CARTESIAN_POINT('',(-0.00891267207017652,0.0392453232041646,0.0380000000000202));
#4980=CARTESIAN_POINT('',(-0.00915654179003221,0.0395478129440034,0.0395000000001286));
#4981=CARTESIAN_POINT('',(-0.0101320206704547,0.0407577719043497,0.0395));
#4982=CARTESIAN_POINT('',(-0.00777031494549283,0.0400237864289059,0.038));
#4983=CARTESIAN_POINT('',(-0.00798841466895407,0.040343837222728,0.0395));
#4984=CARTESIAN_POINT('',(-0.00886081356279901,0.0416240403980162,0.0395));
#4985=CARTESIAN_POINT('',(-0.0193152759696404,-0.00660562986054724,0.0395));
#4986=CARTESIAN_POINT('',(-0.0190309308844887,-0.00708356029834217,0.0395));
#4987=CARTESIAN_POINT('',(-0.018729355688982,-0.00755013216571751,0.0394907487327733));
#4988=CARTESIAN_POINT('',(-0.0184106611474188,-0.00800527514001058,0.0394663444714069));
#4989=CARTESIAN_POINT('',(-0.0193152759696296,-0.00660562986056535,0.0395));
#4990=CARTESIAN_POINT('',(-0.0184106611474188,-0.00800527514001058,0.0394663444714069));
#4991=CARTESIAN_POINT('',(-0.0145398295897944,0.0359815668070651,0.0395));
#4992=CARTESIAN_POINT('',(-0.0156381604669147,0.034470705798855,0.0395));
#4993=CARTESIAN_POINT('',(-0.0175304937020085,0.0312574840061026,0.0395));
#4994=CARTESIAN_POINT('',(-0.0196068555700897,0.0261089339167086,0.0395));
#4995=CARTESIAN_POINT('',(-0.0210315063725574,0.0207056791564212,0.0395));
#4996=CARTESIAN_POINT('',(-0.0218380617278248,0.0152720930799847,0.0395));
#4997=CARTESIAN_POINT('',(-0.0220927173501075,0.00976719295420854,0.0395));
#4998=CARTESIAN_POINT('',(-0.0217877865474345,0.0041898083828798,0.0395));
#4999=CARTESIAN_POINT('',(-0.0209017401523327,-0.00132378748611177,0.0395));
#5000=CARTESIAN_POINT('',(-0.0199178454594475,-0.00486732966557238,0.0395));
#5001=CARTESIAN_POINT('',(-0.0193152759696336,-0.00660562986056662,0.0395));
#5002=CARTESIAN_POINT('',(-0.0145398295897944,0.0359815668070651,0.0395));
#5003=CARTESIAN_POINT('',(-0.0145398295897944,0.0359815668070651,0.0395));
#5004=CARTESIAN_POINT('',(-0.0123272444503466,0.0372915277252802,0.0395));
#5005=CARTESIAN_POINT('',(-0.0101815475841766,0.0385618874447352,0.0388099964352581));
#5006=CARTESIAN_POINT('',(-0.00809353367320252,0.0397980959735279,0.0380000000000002));
#5007=CARTESIAN_POINT('',(-0.00809353367320257,0.0397980959735279,0.038));
#5008=CARTESIAN_POINT('',(-0.0061083148683521,-0.0210186973898135,0.038));
#5009=CARTESIAN_POINT('',(-0.00738571905611453,-0.0203564202742132,0.038));
#5010=CARTESIAN_POINT('',(-0.00975797841224268,-0.0186626046298596,0.038));
#5011=CARTESIAN_POINT('',(-0.012648644691064,-0.0154744024378127,0.038));
#5012=CARTESIAN_POINT('',(-0.0149928954418266,-0.0118374199907088,0.038));
#5013=CARTESIAN_POINT('',(-0.0174222876576827,-0.00669049799072117,0.038));
#5014=CARTESIAN_POINT('',(-0.0194058872837907,0.000275071600686261,0.038));
#5015=CARTESIAN_POINT('',(-0.0202798689284002,0.00883723055642693,0.038));
#5016=CARTESIAN_POINT('',(-0.0197795359343872,0.0174259379578467,0.038));
#5017=CARTESIAN_POINT('',(-0.018157997610546,0.0244607119839369,0.038));
#5018=CARTESIAN_POINT('',(-0.0160197329982267,0.0298085590422079,0.038));
#5019=CARTESIAN_POINT('',(-0.0139857929983143,0.0335396732665627,0.038));
#5020=CARTESIAN_POINT('',(-0.0114143064371477,0.0369828281302473,0.038));
#5021=CARTESIAN_POINT('',(-0.00927341764383394,0.0389542517842745,0.038));
#5022=CARTESIAN_POINT('',(-0.00809353367320257,0.0397980959735279,0.038));
#5023=CARTESIAN_POINT('',(-0.0061083148683521,-0.0210186973898135,0.038));
#5024=CARTESIAN_POINT('',(-0.0061083148683521,-0.0210186973898135,0.038));
#5025=CARTESIAN_POINT('',(-0.00623958092688808,-0.0210319668124809,0.0382796236574426));
#5026=CARTESIAN_POINT('',(-0.00669501690733299,-0.021061813700795,0.0387135102078099));
#5027=CARTESIAN_POINT('',(-0.00727091768261582,-0.0209772991113834,0.0389268413666721));
#5028=CARTESIAN_POINT('',(-0.00755789679565115,-0.0208994464661094,0.0390027457599799));
#5029=CARTESIAN_POINT('',(-0.0175077722818946,-0.0109893782550874,0.0395));
#5030=CARTESIAN_POINT('',(-0.0158774558764575,-0.0143510128137198,0.0395));
#5031=CARTESIAN_POINT('',(-0.0137697353506687,-0.0174695926514154,0.0395));
#5032=CARTESIAN_POINT('',(-0.0109626940805245,-0.0199757817699409,0.0395));
#5033=CARTESIAN_POINT('',(-0.0175077722818946,-0.0109893782550874,0.0395));
#5034=CARTESIAN_POINT('',(-0.0184106611474188,-0.00800527514001058,0.0394663444714069));
#5035=CARTESIAN_POINT('',(-0.0181051548776016,-0.00844158331029719,0.0394429501113368));
#5036=CARTESIAN_POINT('',(-0.0176422454311762,-0.00939781608142961,0.0394207675442378));
#5037=CARTESIAN_POINT('',(-0.0174953680101885,-0.010455871943739,0.0395));
#5038=CARTESIAN_POINT('',(-0.0175077722818946,-0.0109893782550874,0.0395));
#5039=CARTESIAN_POINT('',(0.00684651213237379,0.040536395012753,0.0484));
#5040=CARTESIAN_POINT('',(0.00684651213237378,0.040536395012753,0.038));
#5041=CARTESIAN_POINT('',(0.00465797066313119,0.0418321208772575,0.0484));
#5042=CARTESIAN_POINT('',(0.00465797066313117,0.0418321208772575,0.038));
#5043=CARTESIAN_POINT('',(8.50014503228635E-17,0.0431678791227425,0.0484));
#5044=CARTESIAN_POINT('',(7.33108018735607E-17,0.0431678791227425,0.038));
#5045=CARTESIAN_POINT('',(-0.00465797066313101,0.0418321208772575,0.0484));
#5046=CARTESIAN_POINT('',(-0.00465797066313102,0.0418321208772575,0.038));
#5047=CARTESIAN_POINT('',(-0.00684651213237361,0.0405363950127531,0.0484));
#5048=CARTESIAN_POINT('',(-0.00684651213237362,0.0405363950127531,0.038));
#5049=CARTESIAN_POINT('',(0.00684651213237378,0.040536395012753,0.0455));
#5050=CARTESIAN_POINT('',(0.00684651213237381,0.0405363950127531,0.0484));
#5051=CARTESIAN_POINT('',(0.00684651213237378,0.0405363950127531,0.038));
#5052=CARTESIAN_POINT('',(3.96426410584081E-17,0.01,0.038));
#5053=CARTESIAN_POINT('',(-0.00684651213237376,0.040536395012753,0.038));
#5054=CARTESIAN_POINT('',(-0.00684651213237378,0.040536395012753,0.0455));
#5055=CARTESIAN_POINT('',(-0.00684651213237369,0.0405363950127531,0.0484));
#5056=CARTESIAN_POINT('',(5.13332895077111E-17,0.01,0.0484));
#5057=CARTESIAN_POINT('',(4.19442258703385E-17,0.01,0.0404));
#5058=CARTESIAN_POINT('',(0.00525000000000058,-0.0139999999999998,0.0404));
#5059=CARTESIAN_POINT('',(0.00675000000000058,-0.0139999999999998,0.0404));
#5060=CARTESIAN_POINT('',(0.00587500000000015,-0.01755,0.0404));
#5061=CARTESIAN_POINT('',(0.0025324070933789,-0.01755,0.0404));
#5062=CARTESIAN_POINT('',(0.00924999999999958,-0.01755,0.0404));
#5063=CARTESIAN_POINT('',(0.00650000000000071,-0.0170418597365645,0.0404));
#5064=CARTESIAN_POINT('',(0.00250000000000072,-0.0170418597365645,0.0404));
#5065=CARTESIAN_POINT('',(0.00250000000000072,-0.0196225470517997,0.0404));
#5066=CARTESIAN_POINT('',(0.00250000000000072,-0.017,0.0404));
#5067=CARTESIAN_POINT('',(0.00302083333333381,-0.01075,0.0404));
#5068=CARTESIAN_POINT('',(0.00304166666666713,-0.0105,0.0404));
#5069=CARTESIAN_POINT('',(0.00677083333333358,-0.0105,0.0404));
#5070=CARTESIAN_POINT('',(0.00924999999999958,-0.0105,0.0404));
#5071=CARTESIAN_POINT('',(0.00924999999999958,-0.014025,0.0404));
#5072=CARTESIAN_POINT('',(4.19442258703385E-17,0.01,0.0404));
#5073=CARTESIAN_POINT('',(0.00525000000000058,0.034,0.0404));
#5074=CARTESIAN_POINT('',(0.00675000000000058,0.034,0.0404));
#5075=CARTESIAN_POINT('',(-0.00524999999999942,0.034,0.0404));
#5076=CARTESIAN_POINT('',(-0.00374999999999942,0.034,0.0404));
#5077=CARTESIAN_POINT('',(4.5102810375397E-17,0.0305,0.0404));
#5078=CARTESIAN_POINT('',(-0.00924999999999949,0.0305,0.0404));
#5079=CARTESIAN_POINT('',(0.00924999999999958,0.0305,0.0404));
#5080=CARTESIAN_POINT('',(-0.00924999999999949,0.034025,0.0404));
#5081=CARTESIAN_POINT('',(-0.00924999999999949,0.0375499999999993,0.0404));
#5082=CARTESIAN_POINT('',(4.5102810375397E-17,0.0375499999999993,0.0404));
#5083=CARTESIAN_POINT('',(0.00924999999999958,0.0375499999999993,0.0404));
#5084=CARTESIAN_POINT('',(0.00924999999999958,0.034025,0.0404));
#5085=CARTESIAN_POINT('',(-0.00677083333333307,-0.0105,0.0484));
#5086=CARTESIAN_POINT('',(-0.00677083333333308,-0.0105,0.0404));
#5087=CARTESIAN_POINT('',(-0.00924999999999949,-0.0105,0.0404));
#5088=CARTESIAN_POINT('',(-0.0030416666666662,-0.0105,0.0404));
#5089=CARTESIAN_POINT('',(-0.00924999999999949,-0.0105,0.037998));
#5090=CARTESIAN_POINT('',(-0.00924999999999949,-0.0105,0.038));
#5091=CARTESIAN_POINT('',(-0.00677083333333308,-0.0105,0.038));
#5092=CARTESIAN_POINT('',(-0.0105,-0.0105,0.038));
#5093=CARTESIAN_POINT('',(-0.0105,-0.0105,0.0484));
#5094=CARTESIAN_POINT('',(-0.0105,-0.0105,0.0484));
#5095=CARTESIAN_POINT('',(-0.00677083333333307,-0.0105,0.0484));
#5096=CARTESIAN_POINT('',(-0.00304166666666619,-0.0105,0.0484));
#5097=CARTESIAN_POINT('',(-0.00304166666666619,-0.0105,0.0484));
#5098=CARTESIAN_POINT('',(-0.0105,0.01,0.0484));
#5099=CARTESIAN_POINT('',(-0.0105,0.01,0.038));
#5100=CARTESIAN_POINT('',(-0.0105,0.0305,0.038));
#5101=CARTESIAN_POINT('',(-0.0105,0.0305,0.0484));
#5102=CARTESIAN_POINT('',(-0.0105,0.0305,0.0484));
#5103=CARTESIAN_POINT('',(-0.0105,0.01,0.0484));
#5104=CARTESIAN_POINT('',(5.40956168748608E-17,0.0305,0.0484));
#5105=CARTESIAN_POINT('',(4.24049684255578E-17,0.0305,0.038));
#5106=CARTESIAN_POINT('',(-0.00924999999999949,0.0305,0.038));
#5107=CARTESIAN_POINT('',(-0.00924999999999949,0.0305,0.037998));
#5108=CARTESIAN_POINT('',(0.00924999999999957,0.0305,0.037998));
#5109=CARTESIAN_POINT('',(0.00924999999999957,0.0305,0.038));
#5110=CARTESIAN_POINT('',(4.24049684255578E-17,0.0305,0.038));
#5111=CARTESIAN_POINT('',(0.0105,0.0305,0.038));
#5112=CARTESIAN_POINT('',(0.0105,0.0305,0.0484));
#5113=CARTESIAN_POINT('',(0.0105,0.0305,0.0484));
#5114=CARTESIAN_POINT('',(5.40956168748608E-17,0.0305,0.0484));
#5115=CARTESIAN_POINT('',(0.0105,0.01,0.0484));
#5116=CARTESIAN_POINT('',(0.0105,0.01,0.038));
#5117=CARTESIAN_POINT('',(0.0105,-0.0105,0.038));
#5118=CARTESIAN_POINT('',(0.0105,-0.0105,0.0484));
#5119=CARTESIAN_POINT('',(0.0105,-0.0105,0.0484));
#5120=CARTESIAN_POINT('',(0.0105,0.01,0.0484));
#5121=CARTESIAN_POINT('',(0.00677083333333359,-0.0105,0.0484));
#5122=CARTESIAN_POINT('',(0.00304166666666714,-0.0105,0.0484));
#5123=CARTESIAN_POINT('',(0.00304166666666714,-0.0105,0.0484));
#5124=CARTESIAN_POINT('',(0.00677083333333359,-0.0105,0.0484));
#5125=CARTESIAN_POINT('',(0.00677083333333358,-0.0105,0.038));
#5126=CARTESIAN_POINT('',(0.00924999999999957,-0.0105,0.038));
#5127=CARTESIAN_POINT('',(0.00924999999999957,-0.0105,0.037998));
#5128=CARTESIAN_POINT('',(0.00302083333333382,-0.01075,0.0484));
#5129=CARTESIAN_POINT('',(0.00250000000000073,-0.017,0.0484));
#5130=CARTESIAN_POINT('',(0.00250000000000073,-0.017,0.0484));
#5131=CARTESIAN_POINT('',(0.00302083333333382,-0.01075,0.0484));
#5132=CARTESIAN_POINT('',(0.00250000000000073,-0.0196225470517997,0.0484));
#5133=CARTESIAN_POINT('',(0.00250000000000073,-0.0170418597365645,0.0484));
#5134=CARTESIAN_POINT('',(0.00250000000000073,-0.0170418597365645,0.0484));
#5135=CARTESIAN_POINT('',(0.00250000000000073,-0.0196225470517997,0.0484));
#5136=CARTESIAN_POINT('',(-0.00524999999999942,0.034,0.0484));
#5137=CARTESIAN_POINT('',(-0.00524999999999942,0.034,0.0484));
#5138=CARTESIAN_POINT('',(-0.00374999999999942,0.034,0.0484));
#5139=CARTESIAN_POINT('',(0.00525000000000058,-0.0139999999999998,0.0484));
#5140=CARTESIAN_POINT('',(0.00525000000000058,-0.0139999999999998,0.0484));
#5141=CARTESIAN_POINT('',(0.00675000000000058,-0.0139999999999998,0.0484));
#5142=CARTESIAN_POINT('',(-0.00524999999999942,-0.0140000000000002,0.0484));
#5143=CARTESIAN_POINT('',(-0.00524999999999942,-0.0140000000000002,0.0484));
#5144=CARTESIAN_POINT('',(-0.00374999999999942,-0.0140000000000002,0.0484));
#5145=CARTESIAN_POINT('',(-0.00524999999999943,-0.0140000000000002,0.0404));
#5146=CARTESIAN_POINT('',(-0.00374999999999943,-0.0140000000000002,0.0404));
#5147=CARTESIAN_POINT('',(-0.00274999999999939,-0.014,0.0484));
#5148=CARTESIAN_POINT('',(-0.00274999999999939,-0.014,0.0484));
#5149=CARTESIAN_POINT('',(-0.0025244335231149,-0.0167067977226127,0.0484));
#5150=CARTESIAN_POINT('',(-0.0025244335231149,-0.0167067977226127,0.0484));
#5151=CARTESIAN_POINT('',(-0.00252443352311491,-0.0167067977226127,0.0404));
#5152=CARTESIAN_POINT('',(-0.0027499999999994,-0.014,0.0404));
#5153=CARTESIAN_POINT('',(0.00525000000000059,0.034,0.0484));
#5154=CARTESIAN_POINT('',(0.00525000000000059,0.034,0.0484));
#5155=CARTESIAN_POINT('',(0.00675000000000059,0.034,0.0484));
#5156=CARTESIAN_POINT('',(5.09370323698022E-17,0.01,0.0484));
#5157=CARTESIAN_POINT('',(0.00650000000000072,-0.0170418597365645,0.0484));
#5158=CARTESIAN_POINT('',(0.0325,-0.0168459031677525,0.0484));
#5159=CARTESIAN_POINT('',(0.0425,-0.0168459031677525,0.0484));
#5160=CARTESIAN_POINT('',(0.0425,-0.0141330700123925,0.0484));
#5161=CARTESIAN_POINT('',(0.0425,-0.0167742624878672,0.0484));
#5162=CARTESIAN_POINT('',(0.0495,-0.0167742624878672,0.0484));
#5163=CARTESIAN_POINT('',(0.047667259580781,-0.0100184455457231,0.0484));
#5164=CARTESIAN_POINT('',(0.0350511974652311,-0.0134409727054376,0.0484));
#5165=CARTESIAN_POINT('',(0.066809100299442,-0.00482558353010283,0.0484));
#5166=CARTESIAN_POINT('',(0.0655,6.11490025281825E-17,0.0484));
#5167=CARTESIAN_POINT('',(0.0680472838194483,0.00430248127749286,0.0484));
#5168=CARTESIAN_POINT('',(0.037446897975911,0.022419438145123,0.0484));
#5169=CARTESIAN_POINT('',(-0.0374468979759109,0.022419438145123,0.0484));
#5170=CARTESIAN_POINT('',(-0.0680472838194483,0.00430248127749283,0.0484));
#5171=CARTESIAN_POINT('',(-0.0655,7.41594285980085E-17,0.0484));
#5172=CARTESIAN_POINT('',(-0.066809100299442,-0.00482558353010281,0.0484));
#5173=CARTESIAN_POINT('',(-0.035051197465231,-0.0134409727054376,0.0484));
#5174=CARTESIAN_POINT('',(-0.0476672595807808,-0.0100184455457232,0.0484));
#5175=CARTESIAN_POINT('',(-0.0495,-0.0167742624878672,0.0484));
#5176=CARTESIAN_POINT('',(-0.0425,-0.0167742624878672,0.0484));
#5177=CARTESIAN_POINT('',(-0.0425,-0.0141330700123925,0.0484));
#5178=CARTESIAN_POINT('',(-0.0425,-0.0168459031677525,0.0484));
#5179=CARTESIAN_POINT('',(-0.0325,-0.0168459031677525,0.0484));
#5180=CARTESIAN_POINT('',(-0.00651061655609441,-0.0170389796420279,0.0484));
#5181=CARTESIAN_POINT('',(0.039827883256715,-0.000727234032101315,0.0484));
#5182=CARTESIAN_POINT('',(0.0401938845741575,-0.000738975380514476,0.0484));
#5183=CARTESIAN_POINT('',(0.0278013848070173,-0.000341423102580681,0.0484));
#5184=CARTESIAN_POINT('',(0.0401297574203991,-0.00273794704318277,0.0484));
#5185=CARTESIAN_POINT('',(0.040653397540176,-0.00466818045522393,0.0484));
#5186=CARTESIAN_POINT('',(0.0386126062720609,-0.00522181307675511,0.0484));
#5187=CARTESIAN_POINT('',(0.0272559231060546,-0.00830269173952113,0.0484));
#5188=CARTESIAN_POINT('',(0.0267322829862778,-0.00637245832747999,0.0484));
#5189=CARTESIAN_POINT('',(0.02481196089075,-0.00581512355678252,0.0484));
#5190=CARTESIAN_POINT('',(-0.0267259654148199,0.0090799891201838,0.0484));
#5191=CARTESIAN_POINT('',(0.0257798775735196,-0.00192952566100585,0.04839999975));
#5192=CARTESIAN_POINT('',(0.0277372576532588,-0.00234039476524896,0.0484));
#5193=CARTESIAN_POINT('',(0.0655,6.53944114106634E-17,0.0484));
#5194=CARTESIAN_POINT('',(0.0685,6.53944114106634E-17,0.0484));
#5195=CARTESIAN_POINT('',(-0.0317039444586387,0.0100676151118817,0.0484000000000001));
#5196=CARTESIAN_POINT('',(0.0265897291435892,0.0169768662273469,0.0483999997500001));
#5197=CARTESIAN_POINT('',(0.0269507369132554,0.0124222819446702,0.0484));
#5198=CARTESIAN_POINT('',(0.0285757759659837,0.0172125045180197,0.0484));
#5199=CARTESIAN_POINT('',(0.0295946894937631,0.0189334970290169,0.0484));
#5200=CARTESIAN_POINT('',(0.0401242578527264,0.012699466622685,0.0484));
#5201=CARTESIAN_POINT('',(0.0427947786032561,0.0111183849494395,0.0484));
#5202=CARTESIAN_POINT('',(0.0417758650754768,0.00939739243844235,0.0484));
#5203=CARTESIAN_POINT('',(0.0413051688480296,0.00745357015709382,0.0484));
#5204=CARTESIAN_POINT('',(0.040646246074818,0.00761312819205705,0.0484));
#5205=CARTESIAN_POINT('',(0.0284785954164182,0.0105595226833427,0.0484));
#5206=CARTESIAN_POINT('',(0.0289492916438653,0.0125033449646913,0.0484));
#5207=CARTESIAN_POINT('',(-0.0417758650754768,0.00939739243844237,0.0484));
#5208=CARTESIAN_POINT('',(-0.0427947786032561,0.0111183849494395,0.0484));
#5209=CARTESIAN_POINT('',(-0.0413051688480296,0.00745357015709382,0.0484));
#5210=CARTESIAN_POINT('',(-0.0361947340485095,0.0150259409892282,0.0484));
#5211=CARTESIAN_POINT('',(-0.029594689493763,0.0189334970290169,0.0484));
#5212=CARTESIAN_POINT('',(-0.0285757759659837,0.0172125045180198,0.0484));
#5213=CARTESIAN_POINT('',(-0.0265897407940084,0.0169768676046829,0.0484));
#5214=CARTESIAN_POINT('',(0.0319576932678426,0.0100435031424893,0.0483999999999999));
#5215=CARTESIAN_POINT('',(-0.0269509034645579,0.012422288623393,0.0484));
#5216=CARTESIAN_POINT('',(-0.0289492916438653,0.0125033449646914,0.0484));
#5217=CARTESIAN_POINT('',(-0.0284785954164181,0.0105595226833428,0.0484));
#5218=CARTESIAN_POINT('',(-0.0348918821322238,0.00900654642021828,0.0484));
#5219=CARTESIAN_POINT('',(-0.0655,6.53944114106634E-17,0.0484));
#5220=CARTESIAN_POINT('',(-0.0625,6.53944114106634E-17,0.0484));
#5221=CARTESIAN_POINT('',(-0.0277372576532588,-0.00234039476524896,0.0484));
#5222=CARTESIAN_POINT('',(-0.0257798447978567,-0.00192951880756409,0.0484));
#5223=CARTESIAN_POINT('',(-0.0278013848070172,-0.000341423102580681,0.0484));
#5224=CARTESIAN_POINT('',(0.0261379222401959,0.00894248770512663,0.0484));
#5225=CARTESIAN_POINT('',(-0.0248116152420584,-0.00581502370613666,0.0484));
#5226=CARTESIAN_POINT('',(-0.0267322829862778,-0.00637245832748,0.0484));
#5227=CARTESIAN_POINT('',(-0.0272559231060546,-0.00830269173952118,0.0484));
#5228=CARTESIAN_POINT('',(-0.0339546603231153,-0.00648543609737253,0.0484));
#5229=CARTESIAN_POINT('',(-0.0406533975401759,-0.00466818045522393,0.0484));
#5230=CARTESIAN_POINT('',(-0.0401297574203991,-0.00273794704318277,0.0484));
#5231=CARTESIAN_POINT('',(-0.0401938845741574,-0.000738975380514474,0.0484));
#5232=CARTESIAN_POINT('',(-0.0339976346905873,-0.000540199241547578,0.0484));
#5233=CARTESIAN_POINT('',(4.19442258703385E-17,0.01,0.0404));
#5234=CARTESIAN_POINT('',(-0.00651061655609442,-0.0170389796420279,0.0404));
#5235=CARTESIAN_POINT('',(-0.0025433935734858,-0.01755,0.0404));
#5236=CARTESIAN_POINT('',(-0.00587499999999939,-0.01755,0.0404));
#5237=CARTESIAN_POINT('',(-0.00924999999999949,-0.01755,0.0404));
#5238=CARTESIAN_POINT('',(-0.00924999999999949,-0.014025,0.0404));
#5239=CARTESIAN_POINT('',(-0.00900199999999949,-0.0136500000000003,0.038));
#5240=CARTESIAN_POINT('',(0.00650000000000071,-0.0170418597365645,0.038));
#5241=CARTESIAN_POINT('',(0.00253240709337889,-0.01755,0.038));
#5242=CARTESIAN_POINT('',(0.00587500000000014,-0.01755,0.038));
#5243=CARTESIAN_POINT('',(0.00924999999999957,-0.01755,0.038));
#5244=CARTESIAN_POINT('',(0.00924999999999957,-0.014025,0.038));
#5245=CARTESIAN_POINT('',(0.00924999999999957,0.034025,0.038));
#5246=CARTESIAN_POINT('',(0.00924999999999957,0.0375499999999993,0.038));
#5247=CARTESIAN_POINT('',(4.24049684255578E-17,0.0375499999999993,0.038));
#5248=CARTESIAN_POINT('',(-0.00924999999999949,0.0375499999999993,0.038));
#5249=CARTESIAN_POINT('',(-0.00924999999999949,0.034025,0.038));
#5250=CARTESIAN_POINT('',(-0.00924999999999949,-0.014025,0.038));
#5251=CARTESIAN_POINT('',(-0.00924999999999949,-0.01755,0.038));
#5252=CARTESIAN_POINT('',(-0.00587499999999939,-0.01755,0.038));
#5253=CARTESIAN_POINT('',(-0.0025433935734858,-0.01755,0.038));
#5254=CARTESIAN_POINT('',(-0.00651061655609442,-0.0170389796420279,0.038));
#5255=CARTESIAN_POINT('',(-0.037446897975911,0.0224194381451229,0.038));
#5256=CARTESIAN_POINT('',(0.0188659583393072,0.0334202825030213,0.038));
#5257=CARTESIAN_POINT('',(-0.00924999999999949,-0.014025,0.037998));
#5258=CARTESIAN_POINT('',(-0.00924999999999949,-0.01755,0.037998));
#5259=CARTESIAN_POINT('',(-0.00924999999999949,0.034025,0.037998));
#5260=CARTESIAN_POINT('',(-0.00924999999999949,0.0375499999999993,0.037998));
#5261=CARTESIAN_POINT('',(4.2402720223933E-17,0.0375499999999993,0.037998));
#5262=CARTESIAN_POINT('',(0.00924999999999957,0.0375499999999993,0.037998));
#5263=CARTESIAN_POINT('',(0.00924999999999957,0.034025,0.037998));
#5264=CARTESIAN_POINT('',(0.00924999999999957,-0.014025,0.037998));
#5265=CARTESIAN_POINT('',(0.00924999999999957,-0.01755,0.037998));
#5266=CARTESIAN_POINT('',(0.00587500000000014,-0.01755,0.037998));
#5267=CARTESIAN_POINT('',(0.00253240709337889,-0.01755,0.038));
#5268=CARTESIAN_POINT('',(-0.00587499999999939,-0.01755,0.037998));
#5269=CARTESIAN_POINT('',(-0.0025433935734858,-0.01755,0.0404));
#5270=CARTESIAN_POINT('',(0.0317039444586648,0.0100676151118791,0.0443000000000001));
#5271=CARTESIAN_POINT('',(0.0317039444586648,0.0100676151118791,0.0395000000000001));
#5272=CARTESIAN_POINT('',(-0.02658972914358,0.0169768662273459,0.0395));
#5273=CARTESIAN_POINT('',(-0.0269507369132554,0.0124222819446703,0.0395));
#5274=CARTESIAN_POINT('',(-0.0269509348001897,0.0124222898887557,0.0395));
#5275=CARTESIAN_POINT('',(-0.0269507369132543,0.0124222819446702,0.04549999975));
#5276=CARTESIAN_POINT('',(-0.0259489467486124,0.0210919498083218,0.0455));
#5277=CARTESIAN_POINT('',(-0.0259716931028674,0.0209745616670937,0.0455));
#5278=CARTESIAN_POINT('',(-0.0261041740796899,0.0202788276745343,0.0455));
#5279=CARTESIAN_POINT('',(-0.0263233888182171,0.0189951987778073,0.0455));
#5280=CARTESIAN_POINT('',(-0.0265686944050992,0.0172275730541032,0.0455));
#5281=CARTESIAN_POINT('',(-0.0267604523257644,0.0154422374302046,0.0455));
#5282=CARTESIAN_POINT('',(-0.0268752359350681,0.0139414874920964,0.0455));
#5283=CARTESIAN_POINT('',(-0.026939775879527,0.0127341827706091,0.0455));
#5284=CARTESIAN_POINT('',(-0.0269743905306076,0.0118274344532404,0.0455));
#5285=CARTESIAN_POINT('',(-0.0269882966577145,0.0112216577357557,0.0455));
#5286=CARTESIAN_POINT('',(-0.0269929415402209,0.0109192735062673,0.0455));
#5287=CARTESIAN_POINT('',(-0.0265897407940084,0.0169768676046829,0.0455000000625001));
#5288=CARTESIAN_POINT('',(-0.0265897061505899,0.0169768635021044,0.0455));
#5289=CARTESIAN_POINT('',(-0.040646246074818,0.00761312819205705,0.0455));
#5290=CARTESIAN_POINT('',(-0.0413051688480296,0.00745357015709382,0.0455));
#5291=CARTESIAN_POINT('',(-0.0413051688480296,0.00745357015709382,0.0395));
#5292=CARTESIAN_POINT('',(-0.0284785954164182,0.0105595226833427,0.0455));
#5293=CARTESIAN_POINT('',(-0.0284785954164182,0.0105595226833427,0.0395));
#5294=CARTESIAN_POINT('',(-0.040646246074818,0.00761312819205705,0.0395));
#5295=CARTESIAN_POINT('',(-0.0655,6.11490025281825E-17,0.0455));
#5296=CARTESIAN_POINT('',(-0.0655,6.11490025281825E-17,0.0395));
#5297=CARTESIAN_POINT('',(-0.0680472838194483,0.00430248127749286,0.0395));
#5298=CARTESIAN_POINT('',(-0.066809100299442,-0.00482558353010283,0.0395));
#5299=CARTESIAN_POINT('',(-0.066809100299442,-0.00482558353010283,0.0455));
#5300=CARTESIAN_POINT('',(-0.0680472838194483,0.00430248127749286,0.0455));
#5301=CARTESIAN_POINT('',(-0.0350511974652311,-0.0134409727054376,0.0455));
#5302=CARTESIAN_POINT('',(-0.0350511974652311,-0.0134409727054376,0.0395));
#5303=CARTESIAN_POINT('',(-0.0476672595807808,-0.0100184455457232,0.0395));
#5304=CARTESIAN_POINT('',(-0.0476672595807808,-0.0100184455457232,0.0484));
#5305=CARTESIAN_POINT('',(-0.039827883256715,-0.000727234032101315,0.0455));
#5306=CARTESIAN_POINT('',(-0.039827883256715,-0.000727234032101315,0.0395));
#5307=CARTESIAN_POINT('',(-0.0401938845741575,-0.000738975380514476,0.0395));
#5308=CARTESIAN_POINT('',(-0.0278013848070172,-0.000341423102580681,0.0395));
#5309=CARTESIAN_POINT('',(-0.0278013848070173,-0.000341423102580681,0.0455));
#5310=CARTESIAN_POINT('',(-0.0401938845741575,-0.000738975380514476,0.0455));
#5311=CARTESIAN_POINT('',(0.0267259654148289,0.00907998912018595,0.0443));
#5312=CARTESIAN_POINT('',(-0.0260988232541802,-0.000286804806329103,0.0455));
#5313=CARTESIAN_POINT('',(-0.0260718435680379,-0.000437888600514858,0.0455));
#5314=CARTESIAN_POINT('',(-0.0258322374474761,-0.00174850639257449,0.0455));
#5315=CARTESIAN_POINT('',(-0.0252957475938605,-0.00418366018467752,0.0455));
#5316=CARTESIAN_POINT('',(-0.0244906185075555,-0.00695445004076317,0.0455));
#5317=CARTESIAN_POINT('',(-0.0239080100917481,-0.00862895570041291,0.0455));
#5318=CARTESIAN_POINT('',(-0.0236895116154124,-0.00921893907678248,0.0455));
#5319=CARTESIAN_POINT('',(-0.0236682675295383,-0.00927596283931593,0.0455));
#5320=CARTESIAN_POINT('',(-0.0257798447978567,-0.00192951880756408,0.0455000000625));
#5321=CARTESIAN_POINT('',(-0.0248119608907504,-0.00581512355678266,0.04549999975));
#5322=CARTESIAN_POINT('',(-0.0257799143233246,-0.00192953336676768,0.0455));
#5323=CARTESIAN_POINT('',(-0.0257798775735196,-0.00192952566100586,0.03950000025));
#5324=CARTESIAN_POINT('',(0.0267259654148289,0.00907998912018595,0.0395));
#5325=CARTESIAN_POINT('',(-0.02481196089075,-0.00581512355678254,0.0395));
#5326=CARTESIAN_POINT('',(-0.0248115427072583,-0.00581500269646326,0.0395));
#5327=CARTESIAN_POINT('',(-0.0401242578527264,0.012699466622685,0.0455));
#5328=CARTESIAN_POINT('',(-0.0401242578527264,0.012699466622685,0.0395));
#5329=CARTESIAN_POINT('',(-0.0427947786032561,0.0111183849494395,0.0395));
#5330=CARTESIAN_POINT('',(-0.0295946894937631,0.0189334970290169,0.0395));
#5331=CARTESIAN_POINT('',(-0.0295946894937631,0.0189334970290169,0.0455));
#5332=CARTESIAN_POINT('',(-0.0427947786032561,0.0111183849494395,0.0455));
#5333=CARTESIAN_POINT('',(-0.037446897975911,0.022419438145123,0.0455));
#5334=CARTESIAN_POINT('',(-0.037446897975911,0.022419438145123,0.0395));
#5335=CARTESIAN_POINT('',(-0.0386126062720609,-0.00522181307675511,0.0455));
#5336=CARTESIAN_POINT('',(-0.040653397540176,-0.00466818045522393,0.0455));
#5337=CARTESIAN_POINT('',(-0.040653397540176,-0.00466818045522393,0.0395));
#5338=CARTESIAN_POINT('',(-0.0272559231060546,-0.00830269173952113,0.0455));
#5339=CARTESIAN_POINT('',(-0.0272559231060546,-0.00830269173952113,0.0395));
#5340=CARTESIAN_POINT('',(-0.0386126062720609,-0.00522181307675511,0.0395));
#5341=CARTESIAN_POINT('',(-0.0655,6.52107143907914E-17,0.0455));
#5342=CARTESIAN_POINT('',(-0.0655,6.52107143907914E-17,0.0395));
#5343=CARTESIAN_POINT('',(-0.06395,6.52107143907914E-17,0.0395));
#5344=CARTESIAN_POINT('',(-0.000249999999999955,0.0138774529482001,0.0395));
#5345=CARTESIAN_POINT('',(4.5102810375397E-17,0.0048860085788367,0.0395));
#5346=CARTESIAN_POINT('',(-0.0184106611474188,-0.00800527514001058,0.0395));
#5347=CARTESIAN_POINT('',(-0.0225064213688638,-0.0108731573217658,0.0395));
#5348=CARTESIAN_POINT('',(-0.0325,-0.0168459031677526,0.0395));
#5349=CARTESIAN_POINT('',(-0.0425,-0.0168459031677526,0.0395));
#5350=CARTESIAN_POINT('',(-0.0425,-0.0141330700123925,0.0395));
#5351=CARTESIAN_POINT('',(-0.0425,-0.0167742624878672,0.0395));
#5352=CARTESIAN_POINT('',(-0.0495,-0.0167742624878672,0.0395));
#5353=CARTESIAN_POINT('',(-0.0277372576532588,-0.00234039476524897,0.0395));
#5354=CARTESIAN_POINT('',(-0.0401297574203991,-0.00273794704318277,0.0395));
#5355=CARTESIAN_POINT('',(-0.0267322829862778,-0.00637245832748001,0.0395));
#5356=CARTESIAN_POINT('',(-0.0274752672910667,0.00488600857883672,0.0395));
#5357=CARTESIAN_POINT('',(-0.0258752672910667,0.00488600857883672,0.0395));
#5358=CARTESIAN_POINT('',(-0.0285757759659837,0.0172125045180198,0.0395));
#5359=CARTESIAN_POINT('',(-0.0417758650754767,0.00939739243844235,0.0395));
#5360=CARTESIAN_POINT('',(-0.0289492916438653,0.0125033449646914,0.0395));
#5361=CARTESIAN_POINT('',(-0.0289492916438653,0.0125033449646914,0.0425));
#5362=CARTESIAN_POINT('',(-0.0269509348001896,0.0124222898887558,0.048402));
#5363=CARTESIAN_POINT('',(-0.0285757759659837,0.0172125045180198,0.0425));
#5364=CARTESIAN_POINT('',(-0.0265897061505899,0.0169768635021044,0.048402));
#5365=CARTESIAN_POINT('',(-0.0277372576532588,-0.00234039476524897,0.0425));
#5366=CARTESIAN_POINT('',(-0.0257799143233245,-0.00192953336676764,0.048402));
#5367=CARTESIAN_POINT('',(-0.0267322829862778,-0.00637245832748001,0.0425));
#5368=CARTESIAN_POINT('',(-0.0248115427072583,-0.00581500269646326,0.048402));
#5369=CARTESIAN_POINT('',(-0.0401297574203991,-0.00273794704318277,0.0455));
#5370=CARTESIAN_POINT('',(-0.0417758650754768,0.00939739243844235,0.0455));
#5371=CARTESIAN_POINT('',(-0.0317039444586387,0.0100676151118817,0.0466200000000001));
#5372=CARTESIAN_POINT('',(0.0265897061505899,0.0169768635021043,0.0395));
#5373=CARTESIAN_POINT('',(0.0265897291435892,0.0169768662273469,0.0395000002499999));
#5374=CARTESIAN_POINT('',(0.0269509348001897,0.0124222898887557,0.0455));
#5375=CARTESIAN_POINT('',(0.0269507369132543,0.0124222819446701,0.03950000025));
#5376=CARTESIAN_POINT('',(-0.0317039444586387,0.0100676151118817,0.0395000000000001));
#5377=CARTESIAN_POINT('',(0.0401242578527264,0.012699466622685,0.0455));
#5378=CARTESIAN_POINT('',(0.0427947786032561,0.0111183849494395,0.0455));
#5379=CARTESIAN_POINT('',(0.0427947786032561,0.0111183849494395,0.0395));
#5380=CARTESIAN_POINT('',(0.0295946894937631,0.0189334970290169,0.0395));
#5381=CARTESIAN_POINT('',(0.0295946894937631,0.0189334970290169,0.0395));
#5382=CARTESIAN_POINT('',(0.0401242578527264,0.012699466622685,0.0395));
#5383=CARTESIAN_POINT('',(0.0655,6.11490025281825E-17,0.0455));
#5384=CARTESIAN_POINT('',(0.0655,6.11490025281825E-17,0.0395));
#5385=CARTESIAN_POINT('',(0.0680472838194483,0.00430248127749286,0.0395));
#5386=CARTESIAN_POINT('',(0.066809100299442,-0.00482558353010283,0.0395));
#5387=CARTESIAN_POINT('',(0.0680472838194483,0.00430248127749286,0.0455));
#5388=CARTESIAN_POINT('',(0.066809100299442,-0.00482558353010283,0.0455));
#5389=CARTESIAN_POINT('',(0.037446897975911,0.022419438145123,0.0455));
#5390=CARTESIAN_POINT('',(0.037446897975911,0.022419438145123,0.0395));
#5391=CARTESIAN_POINT('',(0.039827883256715,-0.000727234032101315,0.0455));
#5392=CARTESIAN_POINT('',(0.0401938845741575,-0.000738975380514476,0.0455));
#5393=CARTESIAN_POINT('',(0.0401938845741575,-0.000738975380514476,0.0395));
#5394=CARTESIAN_POINT('',(0.0278013848070172,-0.000341423102580681,0.0395));
#5395=CARTESIAN_POINT('',(0.0278013848070172,-0.000341423102580681,0.0395));
#5396=CARTESIAN_POINT('',(0.039827883256715,-0.000727234032101315,0.0395));
#5397=CARTESIAN_POINT('',(0.0386126062720609,-0.00522181307675511,0.0455));
#5398=CARTESIAN_POINT('',(0.0386126062720609,-0.00522181307675511,0.0395));
#5399=CARTESIAN_POINT('',(0.040653397540176,-0.00466818045522393,0.0395));
#5400=CARTESIAN_POINT('',(0.0272559231060546,-0.00830269173952113,0.0395));
#5401=CARTESIAN_POINT('',(0.0272559231060546,-0.00830269173952113,0.0455));
#5402=CARTESIAN_POINT('',(0.040653397540176,-0.00466818045522393,0.0455));
#5403=CARTESIAN_POINT('',(0.040646246074818,0.00761312819205705,0.0455));
#5404=CARTESIAN_POINT('',(0.040646246074818,0.00761312819205705,0.0395));
#5405=CARTESIAN_POINT('',(0.0413051688480296,0.00745357015709382,0.0395));
#5406=CARTESIAN_POINT('',(0.0284785954164182,0.0105595226833427,0.0395));
#5407=CARTESIAN_POINT('',(0.0284785954164182,0.0105595226833427,0.0455));
#5408=CARTESIAN_POINT('',(0.0413051688480296,0.00745357015709382,0.0455));
#5409=CARTESIAN_POINT('',(0.0350511974652311,-0.0134409727054376,0.0455));
#5410=CARTESIAN_POINT('',(0.047667259580781,-0.0100184455457232,0.0395));
#5411=CARTESIAN_POINT('',(0.047667259580781,-0.0100184455457232,0.0395));
#5412=CARTESIAN_POINT('',(0.0350511974652311,-0.0134409727054376,0.0395));
#5413=CARTESIAN_POINT('',(-0.0267259654148199,0.0090799891201838,0.0466200000000001));
#5414=CARTESIAN_POINT('',(-0.0267259654148199,0.0090799891201838,0.0395));
#5415=CARTESIAN_POINT('',(0.0257798775735243,-0.00192952566100682,0.0395));
#5416=CARTESIAN_POINT('',(0.02481196089075,-0.00581512355678253,0.0395));
#5417=CARTESIAN_POINT('',(0.0257799143233246,-0.00192953336676768,0.0395));
#5418=CARTESIAN_POINT('',(0.0248115427072583,-0.00581500269646325,0.0455));
#5419=CARTESIAN_POINT('',(0.0655,6.52107143907914E-17,0.0455));
#5420=CARTESIAN_POINT('',(0.0655,6.52107143907914E-17,0.0395));
#5421=CARTESIAN_POINT('',(0.06395,6.52107143907914E-17,0.0395));
#5422=CARTESIAN_POINT('',(0.000249999999999955,0.0138774529482001,0.0395));
#5423=CARTESIAN_POINT('',(0.0225064213688638,-0.0108731573217658,0.0395));
#5424=CARTESIAN_POINT('',(0.0184106611474188,-0.00800527514001055,0.0395));
#5425=CARTESIAN_POINT('',(2.42861286636753E-17,0.0048860085788367,0.0395));
#5426=CARTESIAN_POINT('',(0.0495,-0.0167742624878672,0.0395));
#5427=CARTESIAN_POINT('',(0.0425,-0.0167742624878672,0.0395));
#5428=CARTESIAN_POINT('',(0.0425,-0.0141330700123925,0.0395));
#5429=CARTESIAN_POINT('',(0.0425,-0.0168459031677525,0.0395));
#5430=CARTESIAN_POINT('',(0.0325,-0.0168459031677526,0.0395));
#5431=CARTESIAN_POINT('',(0.0267322829862777,-0.00637245832747999,0.0395));
#5432=CARTESIAN_POINT('',(0.0401297574203991,-0.00273794704318277,0.0395));
#5433=CARTESIAN_POINT('',(0.0277372576532588,-0.00234039476524896,0.0395));
#5434=CARTESIAN_POINT('',(0.0285757759659837,0.0172125045180197,0.0395));
#5435=CARTESIAN_POINT('',(0.0289492916438653,0.0125033449646913,0.0395));
#5436=CARTESIAN_POINT('',(0.0417758650754767,0.00939739243844235,0.0395));
#5437=CARTESIAN_POINT('',(0.0274752672910668,0.00488600857883672,0.0395));
#5438=CARTESIAN_POINT('',(0.0290752672910668,0.00488600857883672,0.0395));
#5439=CARTESIAN_POINT('',(0.0289492916438653,0.0125033449646913,0.0425));
#5440=CARTESIAN_POINT('',(0.0285757759659837,0.0172125045180197,0.0425));
#5441=CARTESIAN_POINT('',(0.0277372576532588,-0.00234039476524896,0.0425));
#5442=CARTESIAN_POINT('',(0.0267322829862778,-0.00637245832747999,0.0425));
#5443=CARTESIAN_POINT('',(0.0401297574203991,-0.00273794704318277,0.0455));
#5444=CARTESIAN_POINT('',(0.0417758650754768,0.00939739243844235,0.0455));
#5445=CARTESIAN_POINT('',(0.0655,6.53944114106634E-17,0.048402));
#5446=CARTESIAN_POINT('',(0.0629314400921915,0.00155000000000006,0.0457));
#5447=CARTESIAN_POINT('',(0.0629314400921915,0.00155000000000006,0.0457));
#5448=CARTESIAN_POINT('',(0.0655,7.37923611104924E-17,0.0457));
#5449=CARTESIAN_POINT('',(0.0680685599078081,0.00155000000000006,0.0457));
#5450=CARTESIAN_POINT('',(0.0680685599078081,0.00155000000000006,0.0457));
#5451=CARTESIAN_POINT('',(0.0680685599078081,-0.00154999999999993,0.0457));
#5452=CARTESIAN_POINT('',(0.0680685599078081,-0.00154999999999993,0.0457));
#5453=CARTESIAN_POINT('',(0.0655,5.56861848299845E-17,0.0457));
#5454=CARTESIAN_POINT('',(0.0629314400921915,-0.00154999999999993,0.0457));
#5455=CARTESIAN_POINT('',(0.0629314400921915,-0.00154999999999993,0.0457));
#5456=CARTESIAN_POINT('',(0.0261379222401959,0.00894248770512663,0.0484019999999956));
#5457=CARTESIAN_POINT('',(0.0319576932678426,0.0100435031424893,0.0484019999999976));
#5458=CARTESIAN_POINT('',(-0.0655,6.53944114106634E-17,0.048402));
#5459=CARTESIAN_POINT('',(-0.0629314400921915,-0.00154999999999993,0.0457));
#5460=CARTESIAN_POINT('',(-0.0629314400921915,-0.00154999999999993,0.0457));
#5461=CARTESIAN_POINT('',(-0.0655,5.60114454817302E-17,0.0457));
#5462=CARTESIAN_POINT('',(-0.0680685599078081,-0.00154999999999993,0.0457));
#5463=CARTESIAN_POINT('',(-0.0680685599078081,-0.00154999999999993,0.0457));
#5464=CARTESIAN_POINT('',(-0.0680685599078081,0.00155000000000006,0.0457));
#5465=CARTESIAN_POINT('',(-0.0680685599078081,0.00155000000000006,0.0457));
#5466=CARTESIAN_POINT('',(-0.0655,7.40092015449895E-17,0.0457));
#5467=CARTESIAN_POINT('',(-0.0629314400921915,0.00155000000000006,0.0457));
#5468=CARTESIAN_POINT('',(-0.0629314400921915,0.00155000000000006,0.0457));
#5469=CARTESIAN_POINT('',(0.00650000000000072,-0.0170418597365645,0.0455));
#5470=CARTESIAN_POINT('',(-0.00651061655609441,-0.0170389796420279,0.0484));
#5471=CARTESIAN_POINT('',(-0.0274752672910667,0.00488600857883672,0.0234));
#5472=CARTESIAN_POINT('',(0.0274752672910668,0.00488600857883672,0.0234));
#5473=CARTESIAN_POINT('',(6.88685219962793E-17,0.0048860085788367,0.0145));
#5474=CARTESIAN_POINT('',(-0.0184106611474187,-0.00800527514001058,0.0145));
#5475=CARTESIAN_POINT('',(-0.0225064213688637,-0.0108731573217658,0.0145));
#5476=CARTESIAN_POINT('',(4.80518402845576E-17,0.0048860085788367,0.0145));
#5477=CARTESIAN_POINT('',(0.0184106611474188,-0.00800527514001055,0.0145));
#5478=CARTESIAN_POINT('',(0.0225064213688638,-0.0108731573217658,0.0145));
#5479=CARTESIAN_POINT('',(0.0425,-0.0141330700123925,0.039498));
#5480=CARTESIAN_POINT('',(0.0425,-0.0167742624878672,0.0484));
#5481=CARTESIAN_POINT('',(0.0425,-0.0168459031677525,0.039498));
#5482=CARTESIAN_POINT('',(0.0325,-0.0168459031677526,0.039498));
#5483=CARTESIAN_POINT('',(0.035,-0.0168459031677526,0.04395));
#5484=CARTESIAN_POINT('',(0.035,-0.0168459031677526,0.04185));
#5485=CARTESIAN_POINT('',(-0.0425,-0.0141330700123925,0.039498));
#5486=CARTESIAN_POINT('',(-0.0425,-0.0167742624878672,0.0395));
#5487=CARTESIAN_POINT('',(-0.0425,-0.0168459031677526,0.039498));
#5488=CARTESIAN_POINT('',(-0.0325,-0.0168459031677526,0.039498));
#5489=CARTESIAN_POINT('',(-0.035,-0.0168459031677526,0.04395));
#5490=CARTESIAN_POINT('',(-0.035,-0.0168459031677526,0.04185));
#5491=CARTESIAN_POINT('',(0.0495,-0.0167742624878672,0.039498));
#5492=CARTESIAN_POINT('',(-0.0495,-0.0167742624878672,0.0455));
#5493=CARTESIAN_POINT('',(0.035,-0.0163459031677525,0.04395));
#5494=CARTESIAN_POINT('',(0.035,-0.0163459031677525,0.04395));
#5495=CARTESIAN_POINT('',(0.035,-0.0163459031677525,0.04185));
#5496=CARTESIAN_POINT('',(0.00270000000000005,-0.0163459031677525,0.04395));
#5497=CARTESIAN_POINT('',(0.035,-0.0163459031677525,0.04395));
#5498=CARTESIAN_POINT('',(0.035,-0.0163459031677525,0.04205));
#5499=CARTESIAN_POINT('',(-0.035,-0.0163459031677525,0.04395));
#5500=CARTESIAN_POINT('',(-0.035,-0.0163459031677525,0.04395));
#5501=CARTESIAN_POINT('',(-0.035,-0.0163459031677525,0.04185));
#5502=CARTESIAN_POINT('',(0.00270000000000005,-0.0163459031677525,0.04395));
#5503=CARTESIAN_POINT('',(-0.035,-0.0163459031677525,0.04395));
#5504=CARTESIAN_POINT('',(-0.035,-0.0163459031677525,0.04205));
#5505=CARTESIAN_POINT('',(0.00270000000000005,-0.0103459031677525,0.04395));
#5506=CARTESIAN_POINT('',(0.035,-0.0103459031677525,0.04395));
#5507=CARTESIAN_POINT('',(0.035,-0.0103459031677525,0.04205));
#5508=CARTESIAN_POINT('',(0.035,-0.0103459031677525,0.04395));
#5509=CARTESIAN_POINT('',(0.00270000000000005,-0.0103459031677525,0.04395));
#5510=CARTESIAN_POINT('',(-0.035,-0.0103459031677525,0.04395));
#5511=CARTESIAN_POINT('',(-0.035,-0.0103459031677525,0.04205));
#5512=CARTESIAN_POINT('',(-0.035,-0.0103459031677525,0.04395));
#5513=CARTESIAN_POINT('',(0.018,-0.0268459031677525,0.044));
#5514=CARTESIAN_POINT('',(0.018,-0.00684590316775253,0.044));
#5515=CARTESIAN_POINT('',(0.018,-0.00684590316775253,0.0424));
#5516=CARTESIAN_POINT('',(-0.01145,-0.00684590316775253,0.0242));
#5517=CARTESIAN_POINT('',(-0.018,-0.0268459031677525,0.044));
#5518=CARTESIAN_POINT('',(-0.018,-0.00684590316775253,0.044));
#5519=CARTESIAN_POINT('',(-0.018,-0.00684590316775253,0.0424));
#5520=CARTESIAN_POINT('',(-0.01145,-0.00684590316775253,0.0242));
#5521=CARTESIAN_POINT('',(0.0212375636148188,-0.0092731573217658,0.0456));
#5522=CARTESIAN_POINT('',(0.0212375636148188,-0.0092731573217658,0.0456));
#5523=CARTESIAN_POINT('',(-4.25215418431428E-18,0.0107290701317178,0.0456));
#5524=CARTESIAN_POINT('',(0.0237752791229088,-0.0124731573217658,0.0456));
#5525=CARTESIAN_POINT('',(0.0237752791229088,-0.0124731573217658,0.0456));
#5526=CARTESIAN_POINT('',(-4.25215418431428E-18,0.0107290701317178,0.0456));
#5527=CARTESIAN_POINT('',(-0.0212375636148187,-0.0124731573217658,0.0456));
#5528=CARTESIAN_POINT('',(-0.0212375636148187,-0.0124731573217658,0.0456));
#5529=CARTESIAN_POINT('',(-4.25215418431428E-18,0.0107290701317178,0.0456));
#5530=CARTESIAN_POINT('',(-0.0237752791229087,-0.0092731573217658,0.0456));
#5531=CARTESIAN_POINT('',(-0.0237752791229087,-0.0092731573217658,0.0456));
#5532=CARTESIAN_POINT('',(-4.25215418431428E-18,0.0107290701317178,0.0456));
#5533=CARTESIAN_POINT('',(-0.0287441250451116,0.00648600857883672,0.0456));
#5534=CARTESIAN_POINT('',(-0.0287441250451116,0.00648600857883672,0.0456));
#5535=CARTESIAN_POINT('',(-4.25215418431428E-18,0.0107290701317178,0.0456));
#5536=CARTESIAN_POINT('',(-0.0262064095370217,0.00328600857883672,0.0456));
#5537=CARTESIAN_POINT('',(-0.0262064095370217,0.00328600857883672,0.0456));
#5538=CARTESIAN_POINT('',(-4.25215418431428E-18,0.0107290701317178,0.0456));
#5539=CARTESIAN_POINT('',(0.0262064095370218,0.00648600857883672,0.0456));
#5540=CARTESIAN_POINT('',(0.0262064095370218,0.00648600857883672,0.0456));
#5541=CARTESIAN_POINT('',(-4.25215418431428E-18,0.0107290701317178,0.0456));
#5542=CARTESIAN_POINT('',(0.0287441250451117,0.00328600857883672,0.0456));
#5543=CARTESIAN_POINT('',(0.0287441250451117,0.00328600857883672,0.0456));
#5544=CARTESIAN_POINT('',(-4.25215418431428E-18,0.0107290701317178,0.0456));
#5545=CARTESIAN_POINT('',(-0.0667842799539039,0.00155000000000006,0.0457));
#5546=CARTESIAN_POINT('',(-0.0667842799539039,0.00155000000000006,0.0457));
#5547=CARTESIAN_POINT('',(-4.13974410307098E-18,0.0107290701317178,0.0457));
#5548=CARTESIAN_POINT('',(-0.0642157200460957,-0.00154999999999993,0.0457));
#5549=CARTESIAN_POINT('',(-0.0642157200460957,-0.00154999999999993,0.0457));
#5550=CARTESIAN_POINT('',(-4.13974410307098E-18,0.0107290701317178,0.0457));
#5551=CARTESIAN_POINT('',(0.0667842799539039,-0.00154999999999993,0.0457));
#5552=CARTESIAN_POINT('',(0.0667842799539039,-0.00154999999999993,0.0457));
#5553=CARTESIAN_POINT('',(-4.13974410307098E-18,0.0107290701317178,0.0457));
#5554=CARTESIAN_POINT('',(0.0642157200460957,0.00155000000000006,0.0457));
#5555=CARTESIAN_POINT('',(0.0642157200460957,0.00155000000000006,0.0457));
#5556=CARTESIAN_POINT('',(-4.13974410307098E-18,0.0107290701317178,0.0457));
#5557=CARTESIAN_POINT('',(0.,0.,0.));
#5558=CARTESIAN_POINT('',(-0.0655,-2.83937499301115E-17,0.00249999999999997));
#5559=CARTESIAN_POINT('',(-0.0655,-2.47198095326695E-17,0.0085));
#5560=CARTESIAN_POINT('',(-0.0642359160177592,-0.00483757084556399,0.0085));
#5561=CARTESIAN_POINT('',(-0.0667640839822396,0.00483757084556097,0.0085));
#5562=CARTESIAN_POINT('',(-0.0667640839822396,0.00483757084556096,0.00249999999999997));
#5563=CARTESIAN_POINT('',(-0.0667640839822396,0.00483757084556096,0.00249999999999997));
#5564=CARTESIAN_POINT('',(-0.0655,-2.83937499301115E-17,0.00249999999999997));
#5565=CARTESIAN_POINT('',(-0.0642359160177592,-0.004837570845564,0.00249999999999997));
#5566=CARTESIAN_POINT('',(-0.0642359160177592,-0.004837570845564,0.00249999999999997));
#5567=CARTESIAN_POINT('',(-0.0274752672910667,0.00488600857883671,0.00249999999999997));
#5568=CARTESIAN_POINT('',(-0.0274752672910667,0.00488600857883671,0.0045));
#5569=CARTESIAN_POINT('',(-0.0274752672910667,0.00648600857883671,0.0045));
#5570=CARTESIAN_POINT('',(-0.0274752672910667,0.00488600857883671,0.0085));
#5571=CARTESIAN_POINT('',(-0.0274752672910667,0.00648600857883671,0.0085));
#5572=CARTESIAN_POINT('',(-0.0655,-8.97863219987469E-17,0.00249999999999997));
#5573=CARTESIAN_POINT('',(-0.0655,-8.88678368993864E-17,0.004));
#5574=CARTESIAN_POINT('',(-0.0655,0.00154999999999991,0.004));
#5575=CARTESIAN_POINT('',(-0.0655,-8.61123816013048E-17,0.0085));
#5576=CARTESIAN_POINT('',(-0.06395,-8.35956447823576E-17,0.0085));
#5577=CARTESIAN_POINT('',(-0.03525,0.00123903120962835,0.00249999999999997));
#5578=CARTESIAN_POINT('',(0.0274752672910667,0.00488600857883671,0.00249999999999996));
#5579=CARTESIAN_POINT('',(0.0274752672910667,0.00798600857883671,0.00249999999999996));
#5580=CARTESIAN_POINT('',(0.0655,-8.97863219987469E-17,0.00249999999999997));
#5581=CARTESIAN_POINT('',(0.0655,0.00304999999999991,0.00249999999999997));
#5582=CARTESIAN_POINT('',(-0.0274752672910667,0.00488600857883671,0.00249999999999996));
#5583=CARTESIAN_POINT('',(-0.0274752672910667,0.00798600857883671,0.00249999999999996));
#5584=CARTESIAN_POINT('',(-0.0655,-8.97863219987469E-17,0.00249999999999997));
#5585=CARTESIAN_POINT('',(-0.0655,0.00354999999999991,0.00249999999999997));
#5586=CARTESIAN_POINT('',(-0.0274752672910658,-0.101138441076942,0.0025));
#5587=CARTESIAN_POINT('',(-0.0274752672910668,0.0118860085788367,0.00249999999999996));
#5588=CARTESIAN_POINT('',(-3.41233123287269E-50,0.0118860085788367,0.00249999999999996));
#5589=CARTESIAN_POINT('',(0.0274752672910667,0.0118860085788367,0.00249999999999996));
#5590=CARTESIAN_POINT('',(0.0274752672910668,-0.101138441076894,0.0025));
#5591=CARTESIAN_POINT('',(0.0667640839822396,0.00483757084556096,0.00249999999999997));
#5592=CARTESIAN_POINT('',(0.0655,-2.83937499301115E-17,0.00249999999999997));
#5593=CARTESIAN_POINT('',(0.0642359160177592,-0.004837570845564,0.00249999999999997));
#5594=CARTESIAN_POINT('',(0.0274752672910671,-0.251558374705059,0.00250000000000012));
#5595=CARTESIAN_POINT('',(0.0274752672910667,-0.00211399142116329,0.00249999999999997));
#5596=CARTESIAN_POINT('',(6.63832079477044E-50,-0.00211399142116329,0.00249999999999997));
#5597=CARTESIAN_POINT('',(-0.0274752672910667,-0.00211399142116329,0.00249999999999997));
#5598=CARTESIAN_POINT('',(-0.0274752672910667,-0.251558374704988,0.00250000000000012));
#5599=CARTESIAN_POINT('',(-0.03525,0.00123903120962835,0.0085));
#5600=CARTESIAN_POINT('',(-0.0274752672910658,-0.101138441076942,0.0085));
#5601=CARTESIAN_POINT('',(-0.0274752672910668,0.0118860085788367,0.0085));
#5602=CARTESIAN_POINT('',(-0.0274752672910667,-0.251558374704988,0.00850000000000012));
#5603=CARTESIAN_POINT('',(-0.0274752672910667,-0.00211399142116329,0.0085));
#5604=CARTESIAN_POINT('',(-5.96538133474823E-33,-0.00211399142116329,0.0085));
#5605=CARTESIAN_POINT('',(0.0274752672910667,-0.00211399142116329,0.0085));
#5606=CARTESIAN_POINT('',(0.0274752672910671,-0.251558374705059,0.00850000000000012));
#5607=CARTESIAN_POINT('',(0.0642359160177592,-0.00483757084556399,0.0085));
#5608=CARTESIAN_POINT('',(0.0655,-2.47198095326695E-17,0.0085));
#5609=CARTESIAN_POINT('',(0.0667640839822396,0.00483757084556097,0.0085));
#5610=CARTESIAN_POINT('',(0.0274752672910668,-0.101138441076894,0.0085));
#5611=CARTESIAN_POINT('',(0.0274752672910667,0.0118860085788367,0.0085));
#5612=CARTESIAN_POINT('',(-5.96538133474823E-33,0.0118860085788367,0.0085));
#5613=CARTESIAN_POINT('',(0.0274752672910667,0.00488600857883671,0.0085));
#5614=CARTESIAN_POINT('',(0.0274752672910667,0.00648600857883671,0.0085));
#5615=CARTESIAN_POINT('',(0.0655,-8.61123816013048E-17,0.0085));
#5616=CARTESIAN_POINT('',(0.06395,-8.35956447823576E-17,0.0085));
#5617=CARTESIAN_POINT('',(0.0274752672910667,0.00488600857883671,0.00249999999999997));
#5618=CARTESIAN_POINT('',(0.0274752672910667,0.00488600857883671,0.0045));
#5619=CARTESIAN_POINT('',(0.0274752672910667,0.00648600857883671,0.0045));
#5620=CARTESIAN_POINT('',(0.0655,-2.83937499301115E-17,0.00249999999999997));
#5621=CARTESIAN_POINT('',(0.0642359160177592,-0.004837570845564,0.00249999999999997));
#5622=CARTESIAN_POINT('',(0.0667640839822396,0.00483757084556096,0.00249999999999997));
#5623=CARTESIAN_POINT('',(0.0655,-8.97863219987469E-17,0.00249999999999997));
#5624=CARTESIAN_POINT('',(0.0655,-8.85616751995995E-17,0.0045));
#5625=CARTESIAN_POINT('',(0.0655,0.00154999999999991,0.0045));
#5626=CARTESIAN_POINT('',(-5.96736979519315E-33,0.0118860085788367,0.008502));
#5627=CARTESIAN_POINT('',(-0.0274752672910668,0.0118860085788367,0.008502));
#5628=CARTESIAN_POINT('',(0.0274752672910667,0.0118860085788367,0.008502));
#5629=CARTESIAN_POINT('',(-0.0274752672910658,-0.101138441076942,0.008502));
#5630=CARTESIAN_POINT('',(0.0274752672910668,-0.101138441076894,0.008502));
#5631=CARTESIAN_POINT('',(-5.96736979519315E-33,-0.00211399142116329,0.008502));
#5632=CARTESIAN_POINT('',(0.0274752672910667,-0.00211399142116329,0.008502));
#5633=CARTESIAN_POINT('',(-0.0274752672910667,-0.00211399142116329,0.008502));
#5634=CARTESIAN_POINT('',(0.0274752672910671,-0.251558374705059,0.00850200000000012));
#5635=CARTESIAN_POINT('',(-0.0274752672910667,-0.251558374704988,0.00850200000000012));
#5636=CARTESIAN_POINT('',(0.0274752672910667,0.00488600857883671,0.00249999999999996));
#5637=CARTESIAN_POINT('',(0.0655,-8.97863219987469E-17,0.00249999999999997));
#5638=CARTESIAN_POINT('',(-0.0274752672910667,0.00488600857883671,0.0045));
#5639=CARTESIAN_POINT('',(-0.0655,-8.88678368993864E-17,0.004));
#5640=CARTESIAN_POINT('',(0.,0.,0.));
#5641=CARTESIAN_POINT('',(0.0324752672910667,0.00105475857883672,0.0085));
#5642=CARTESIAN_POINT('',(0.0324752672910667,0.00105475857883672,0.0189569619285503));
#5643=CARTESIAN_POINT('',(0.0267830017685344,-0.0134828015264092,0.0290430380714496));
#5644=CARTESIAN_POINT('',(0.0267830017685344,-0.0134828015264092,0.0395));
#5645=CARTESIAN_POINT('',(0.0324752672910667,0.000771183130158223,0.0085));
#5646=CARTESIAN_POINT('',(0.0324752672910667,0.000771183130158229,0.0189607820790051));
#5647=CARTESIAN_POINT('',(0.0264791430238204,-0.0139167567870037,0.0290392179209948));
#5648=CARTESIAN_POINT('',(0.0264791430238204,-0.0139167567870037,0.0395));
#5649=CARTESIAN_POINT('',(0.0324713089098939,0.000652337666197366,0.0085));
#5650=CARTESIAN_POINT('',(0.0324713089098939,0.000652337666197372,0.0189621601823598));
#5651=CARTESIAN_POINT('',(0.0263473107614025,-0.0140809656215965,0.0290378398176401));
#5652=CARTESIAN_POINT('',(0.0263473107614025,-0.0140809656215965,0.0395));
#5653=CARTESIAN_POINT('',(0.0324538501502479,0.000407733901759117,0.0085));
#5654=CARTESIAN_POINT('',(0.0324538501502479,0.000407733901759124,0.0189645643777479));
#5655=CARTESIAN_POINT('',(0.0260703178745198,-0.0143861485132081,0.0290354356222521));
#5656=CARTESIAN_POINT('',(0.0260703178745199,-0.0143861485132081,0.0395));
#5657=CARTESIAN_POINT('',(0.032440348050655,0.000281975426203575,0.0085));
#5658=CARTESIAN_POINT('',(0.032440348050655,0.000281975426203582,0.0189655904697813));
#5659=CARTESIAN_POINT('',(0.025925158094946,-0.0145271280631484,0.0290344095302186));
#5660=CARTESIAN_POINT('',(0.025925158094946,-0.0145271280631484,0.0395));
#5661=CARTESIAN_POINT('',(0.0324022738058099,2.49105574759224E-5,0.0085));
#5662=CARTESIAN_POINT('',(0.0324022738058099,2.49105574759288E-5,0.0189672761372421));
#5663=CARTESIAN_POINT('',(0.0256252785846428,-0.0147862114548857,0.0290327238627579));
#5664=CARTESIAN_POINT('',(0.0256252785846428,-0.0147862114548857,0.0395));
#5665=CARTESIAN_POINT('',(0.0323776998923272,-0.000106395644034062,0.0085));
#5666=CARTESIAN_POINT('',(0.0323776998923272,-0.000106395644034055,0.0189679363313318));
#5667=CARTESIAN_POINT('',(0.0254705587246713,-0.0149043200446847,0.0290320636686682));
#5668=CARTESIAN_POINT('',(0.0254705587246713,-0.0149043200446847,0.0395));
#5669=CARTESIAN_POINT('',(0.0323161069645024,-0.000372952424358099,0.0085));
#5670=CARTESIAN_POINT('',(0.0323161069645024,-0.000372952424358093,0.0189688997799694));
#5671=CARTESIAN_POINT('',(0.025154823075111,-0.0151184313488565,0.0290311002200305));
#5672=CARTESIAN_POINT('',(0.025154823075111,-0.0151184313488565,0.0395));
#5673=CARTESIAN_POINT('',(0.032279086202412,-0.000508202420161578,0.0085));
#5674=CARTESIAN_POINT('',(0.032279086202412,-0.000508202420161572,0.0189692030345173));
#5675=CARTESIAN_POINT('',(0.0249938064679451,-0.0152144380478709,0.0290307969654826));
#5676=CARTESIAN_POINT('',(0.0249938064679451,-0.0152144380478709,0.0395));
#5677=CARTESIAN_POINT('',(0.0321914305318122,-0.000780816165810206,0.0085));
#5678=CARTESIAN_POINT('',(0.0321914305318122,-0.0007808161658102,0.0189694609438111));
#5679=CARTESIAN_POINT('',(0.0246682522297954,-0.0153853951593257,0.0290305390561888));
#5680=CARTESIAN_POINT('',(0.0246682522297954,-0.0153853951593257,0.0395));
#5681=CARTESIAN_POINT('',(0.0321407939738682,-0.000918178933432946,0.0085));
#5682=CARTESIAN_POINT('',(0.0321407939738682,-0.00091817893343294,0.0189694163404265));
#5683=CARTESIAN_POINT('',(0.0245037133257761,-0.0154603488235919,0.0290305836595735));
#5684=CARTESIAN_POINT('',(0.0245037133257761,-0.0154603488235919,0.0395));
#5685=CARTESIAN_POINT('',(0.0320249949465728,-0.00119298398201699,0.0085));
#5686=CARTESIAN_POINT('',(0.0320249949465728,-0.00119298398201699,0.0189690047412822));
#5687=CARTESIAN_POINT('',(0.0241734325082137,-0.0155904208184189,0.0290309952587177));
#5688=CARTESIAN_POINT('',(0.0241734325082137,-0.0155904208184189,0.0395));
#5689=CARTESIAN_POINT('',(0.0319598310098433,-0.00133042489307662,0.0085));
#5690=CARTESIAN_POINT('',(0.0319598310098433,-0.00133042489307661,0.0189686377455225));
#5691=CARTESIAN_POINT('',(0.0240076890490742,-0.0156455417285676,0.0290313622544774));
#5692=CARTESIAN_POINT('',(0.0240076890490742,-0.0156455417285676,0.0395));
#5693=CARTESIAN_POINT('',(0.0318143698244475,-0.00160318371747019,0.0085));
#5694=CARTESIAN_POINT('',(0.0318143698244475,-0.00160318371747018,0.0189676060853161));
#5695=CARTESIAN_POINT('',(0.0236769031968777,-0.0157372533183739,0.0290323939146839));
#5696=CARTESIAN_POINT('',(0.0236769031968777,-0.0157372533183739,0.0395));
#5697=CARTESIAN_POINT('',(0.0317340713749616,-0.00173849990579616,0.0085));
#5698=CARTESIAN_POINT('',(0.0317340713749616,-0.00173849990579615,0.0189669424144334));
#5699=CARTESIAN_POINT('',(0.0235118591240415,-0.0157738459817042,0.0290330575855666));
#5700=CARTESIAN_POINT('',(0.0235118591240415,-0.0157738459817042,0.0395));
#5701=CARTESIAN_POINT('',(0.0315580784802762,-0.00200468507566475,0.0085));
#5702=CARTESIAN_POINT('',(0.0315580784802762,-0.00200468507566474,0.0189653534905223));
#5703=CARTESIAN_POINT('',(0.0231840110665982,-0.0158298221906781,0.0290346465094776));
#5704=CARTESIAN_POINT('',(0.0231840110665983,-0.0158298221906781,0.0395));
#5705=CARTESIAN_POINT('',(0.0314623831803916,-0.00213555203105573,0.0085));
#5706=CARTESIAN_POINT('',(0.0314623831803916,-0.00213555203105573,0.018964428237494));
#5707=CARTESIAN_POINT('',(0.0230212053684886,-0.0158492072058512,0.0290355717625059));
#5708=CARTESIAN_POINT('',(0.0230212053684886,-0.0158492072058512,0.0395));
#5709=CARTESIAN_POINT('',(0.0312557097547805,-0.00239044932760899,0.0085));
#5710=CARTESIAN_POINT('',(0.0312557097547805,-0.00239044932760899,0.0189623502487047));
#5711=CARTESIAN_POINT('',(0.0226990592906621,-0.0158720537646082,0.0290376497512951));
#5712=CARTESIAN_POINT('',(0.0226990592906621,-0.0158720537646082,0.0395));
#5713=CARTESIAN_POINT('',(0.0311447311893135,-0.00251447741568538,0.0085));
#5714=CARTESIAN_POINT('',(0.0311447311893135,-0.00251447741568537,0.0189611990944085));
#5715=CARTESIAN_POINT('',(0.022539717233078,-0.015875516343755,0.0290388009055914));
#5716=CARTESIAN_POINT('',(0.022539717233078,-0.015875516343755,0.0395));
#5717=CARTESIAN_POINT('',(0.0309079999289275,-0.00275330687004145,0.0085));
#5718=CARTESIAN_POINT('',(0.0309079999289275,-0.00275330687004145,0.0189587135677181));
#5719=CARTESIAN_POINT('',(0.022225460991533,-0.0158677309437901,0.0290412864322818));
#5720=CARTESIAN_POINT('',(0.022225460991533,-0.0158677309437901,0.0395));
#5721=CARTESIAN_POINT('',(0.0307822472617023,-0.00286810584804548,0.0085));
#5722=CARTESIAN_POINT('',(0.0307822472617023,-0.00286810584804547,0.0189573791953239));
#5723=CARTESIAN_POINT('',(0.0220705452100643,-0.0158564836403459,0.0290426208046759));
#5724=CARTESIAN_POINT('',(0.0220705452100643,-0.0158564836403459,0.0395));
#5725=CARTESIAN_POINT('',(0.0305168783887845,-0.00308615627002719,0.0085));
#5726=CARTESIAN_POINT('',(0.0305168783887845,-0.00308615627002718,0.0189545683341429));
#5727=CARTESIAN_POINT('',(0.0217658906872668,-0.0158203932705434,0.0290454316658571));
#5728=CARTESIAN_POINT('',(0.0217658906872669,-0.0158203932705434,0.0395));
#5729=CARTESIAN_POINT('',(0.0303772627095782,-0.00318940529560066,0.0085));
#5730=CARTESIAN_POINT('',(0.0303772627095782,-0.00318940529560065,0.0189530918453559));
#5731=CARTESIAN_POINT('',(0.0216161504546818,-0.0157955505853056,0.0290469081546441));
#5732=CARTESIAN_POINT('',(0.0216161504546818,-0.0157955505853056,0.0395));
#5733=CARTESIAN_POINT('',(0.0300854720859422,-0.0033821768184753,0.0085));
#5734=CARTESIAN_POINT('',(0.0300854720859422,-0.00338217681847529,0.0189500378530944));
#5735=CARTESIAN_POINT('',(0.0213224292256526,-0.0157332705248089,0.0290499621469055));
#5736=CARTESIAN_POINT('',(0.0213224292256526,-0.0157332705248089,0.0395));
#5737=CARTESIAN_POINT('',(0.0299332981733908,-0.00347169698010328,0.0085));
#5738=CARTESIAN_POINT('',(0.0299332981733908,-0.00347169698010328,0.01894846034962));
#5739=CARTESIAN_POINT('',(0.021178446856274,-0.015695833291493,0.02905153965038));
#5740=CARTESIAN_POINT('',(0.021178446856274,-0.015695833291493,0.0395));
#5741=CARTESIAN_POINT('',(0.0296180656635863,-0.00363504535709495,0.0085));
#5742=CARTESIAN_POINT('',(0.0296180656635863,-0.00363504535709494,0.0189452454296886));
#5743=CARTESIAN_POINT('',(0.0208966995787768,-0.0156092438469036,0.0290547545703113));
#5744=CARTESIAN_POINT('',(0.0208966995787768,-0.0156092438469036,0.0395));
#5745=CARTESIAN_POINT('',(0.0294550085833731,-0.00370887143369944,0.0085));
#5746=CARTESIAN_POINT('',(0.0294550085833731,-0.00370887143369943,0.0189436099336321));
#5747=CARTESIAN_POINT('',(0.0207589334185003,-0.0155600915834619,0.0290563900663679));
#5748=CARTESIAN_POINT('',(0.0207589334185003,-0.0155600915834619,0.0395));
#5749=CARTESIAN_POINT('',(0.0291200162864184,-0.00383914736106166,0.0085));
#5750=CARTESIAN_POINT('',(0.0291200162864184,-0.00383914736106165,0.0189403194459048));
#5751=CARTESIAN_POINT('',(0.020489992192419,-0.0154508292504331,0.0290596805540951));
#5752=CARTESIAN_POINT('',(0.020489992192419,-0.0154508292504331,0.0395));
#5753=CARTESIAN_POINT('',(0.028948083024562,-0.00389559537850411,0.0085));
#5754=CARTESIAN_POINT('',(0.028948083024562,-0.0038955953785041,0.0189386644542341));
#5755=CARTESIAN_POINT('',(0.0203588159915358,-0.0153907189696135,0.0290613355457658));
#5756=CARTESIAN_POINT('',(0.0203588159915359,-0.0153907189696135,0.0395));
#5757=CARTESIAN_POINT('',(0.0285976245899293,-0.0039897720441383,0.0085));
#5758=CARTESIAN_POINT('',(0.0285976245899293,-0.00398977204413829,0.0189353715518457));
#5759=CARTESIAN_POINT('',(0.0201033795154457,-0.0152601793127699,0.0290646284481542));
#5760=CARTESIAN_POINT('',(0.0201033795154458,-0.0152601793127699,0.0395));
#5761=CARTESIAN_POINT('',(0.0284191017371586,-0.00402749926038762,0.0085));
#5762=CARTESIAN_POINT('',(0.0284191017371586,-0.00402749926038761,0.0189337344802189));
#5763=CARTESIAN_POINT('',(0.0199791182152169,-0.0151897495921286,0.029066265519781));
#5764=CARTESIAN_POINT('',(0.0199791182152169,-0.0151897495921286,0.0395));
#5765=CARTESIAN_POINT('',(0.0280579655920058,-0.00408328165597864,0.0085));
#5766=CARTESIAN_POINT('',(0.0280579655920058,-0.00408328165597863,0.018930508361441));
#5767=CARTESIAN_POINT('',(0.0197378199418114,-0.0150390997358077,0.029069491638559));
#5768=CARTESIAN_POINT('',(0.0197378199418114,-0.0150390997358077,0.0395));
#5769=CARTESIAN_POINT('',(0.0278753548901818,-0.00410133588171542,0.0085));
#5770=CARTESIAN_POINT('',(0.0278753548901818,-0.00410133588171542,0.0189289193142899));
#5771=CARTESIAN_POINT('',(0.0196207820456243,-0.0149588791393011,0.02907108068571));
#5772=CARTESIAN_POINT('',(0.0196207820456243,-0.0149588791393011,0.0395));
#5773=CARTESIAN_POINT('',(0.0275086857157943,-0.00411724616823089,0.0085));
#5774=CARTESIAN_POINT('',(0.0275086857157943,-0.00411724616823088,0.0189258185098047));
#5775=CARTESIAN_POINT('',(0.0193942517409549,-0.0147890783221477,0.0290741814901952));
#5776=CARTESIAN_POINT('',(0.0193942517409549,-0.0147890783221477,0.0395));
#5777=CARTESIAN_POINT('',(0.0273246299931661,-0.00411510180649306,0.0085));
#5778=CARTESIAN_POINT('',(0.0273246299931661,-0.00411510180649305,0.0189243070558998));
#5779=CARTESIAN_POINT('',(0.019284758504312,-0.0146994975341071,0.0290756929441001));
#5780=CARTESIAN_POINT('',(0.019284758504312,-0.0146994975341071,0.0395));
#5781=CARTESIAN_POINT('',(0.0269577740871952,-0.00409053615277365,0.0085));
#5782=CARTESIAN_POINT('',(0.0269577740871952,-0.00409053615277364,0.0189213794211551));
#5783=CARTESIAN_POINT('',(0.0190736776799608,-0.0145113246900583,0.0290786205788448));
#5784=CARTESIAN_POINT('',(0.0190736776799608,-0.0145113246900583,0.0395));
#5785=CARTESIAN_POINT('',(0.0267749766919218,-0.0040681149942143,0.0085));
#5786=CARTESIAN_POINT('',(0.0267749766919218,-0.0040681149942143,0.0189199632403153));
#5787=CARTESIAN_POINT('',(0.0189720893542828,-0.0144127319632349,0.0290800367596847));
#5788=CARTESIAN_POINT('',(0.0189720893542828,-0.0144127319632349,0.0395));
#5789=CARTESIAN_POINT('',(0.0264133178400961,-0.00400336875001547,0.0085));
#5790=CARTESIAN_POINT('',(0.0264133178400961,-0.00400336875001546,0.0189172435280903));
#5791=CARTESIAN_POINT('',(0.0187772409906205,-0.0142068197429398,0.0290827564719097));
#5792=CARTESIAN_POINT('',(0.0187772409906205,-0.0142068197429398,0.0395));
#5793=CARTESIAN_POINT('',(0.0262344590857842,-0.00396104434888532,0.0085));
#5794=CARTESIAN_POINT('',(0.0262344590857842,-0.00396104434888532,0.018915940053483));
#5795=CARTESIAN_POINT('',(0.0186839803041328,-0.01409949947297,0.0290840599465169));
#5796=CARTESIAN_POINT('',(0.0186839803041328,-0.01409949947297,0.0395));
#5797=CARTESIAN_POINT('',(0.0258832521650637,-0.00385730407425851,0.0085));
#5798=CARTESIAN_POINT('',(0.0258832521650638,-0.0038573040742585,0.0189134497161803));
#5799=CARTESIAN_POINT('',(0.0185062931339929,-0.0138763745091447,0.0290865502838196));
#5800=CARTESIAN_POINT('',(0.0185062931339929,-0.0138763745091447,0.0395));
#5801=CARTESIAN_POINT('',(0.0257109064959706,-0.00379588940205107,0.0085));
#5802=CARTESIAN_POINT('',(0.0257109064959706,-0.00379588940205107,0.0189122628534849));
#5803=CARTESIAN_POINT('',(0.0184218660958383,-0.0137605689266166,0.029087737146515));
#5804=CARTESIAN_POINT('',(0.0184218660958383,-0.0137605689266166,0.0395));
#5805=CARTESIAN_POINT('',(0.0253751161925969,-0.00365519204239873,0.0085));
#5806=CARTESIAN_POINT('',(0.0253751161925969,-0.00365519204239873,0.0189100095889071));
#5807=CARTESIAN_POINT('',(0.0182624534826363,-0.013520698470624,0.0290899904110929));
#5808=CARTESIAN_POINT('',(0.0182624534826363,-0.013520698470624,0.0395));
#5809=CARTESIAN_POINT('',(0.0252116737437076,-0.00357591101153878,0.0085));
#5810=CARTESIAN_POINT('',(0.0252116737437076,-0.00357591101153877,0.0189089429518863));
#5811=CARTESIAN_POINT('',(0.0181874674581551,-0.0133966325869101,0.0290910570481136));
#5812=CARTESIAN_POINT('',(0.0181874674581551,-0.0133966325869101,0.0395));
#5813=CARTESIAN_POINT('',(0.0248958254801275,-0.0034010722604525,0.0085));
#5814=CARTESIAN_POINT('',(0.0248958254801275,-0.00340107226045249,0.0189069207679434));
#5815=CARTESIAN_POINT('',(0.0180476605872882,-0.0131404778966525,0.0290930792320566));
#5816=CARTESIAN_POINT('',(0.0180476605872882,-0.0131404778966525,0.0395));
#5817=CARTESIAN_POINT('',(0.0247434214503137,-0.00330551656756429,0.0085));
#5818=CARTESIAN_POINT('',(0.0247434214503137,-0.00330551656756428,0.0189059652210211));
#5819=CARTESIAN_POINT('',(0.0179828394153911,-0.0130083879475161,0.0290940347789788));
#5820=CARTESIAN_POINT('',(0.0179828394153911,-0.0130083879475161,0.0395));
#5821=CARTESIAN_POINT('',(0.0244514708956998,-0.00310003207699173,0.0085));
#5822=CARTESIAN_POINT('',(0.0244514708956998,-0.00310003207699173,0.0189041563168375));
#5823=CARTESIAN_POINT('',(0.0178642141259043,-0.0127364649797601,0.0290958436831624));
#5824=CARTESIAN_POINT('',(0.0178642141259043,-0.0127364649797601,0.0395));
#5825=CARTESIAN_POINT('',(0.0243119256899944,-0.00299010557540693,0.0085));
#5826=CARTESIAN_POINT('',(0.0243119256899944,-0.00299010557540692,0.018903302443644));
#5827=CARTESIAN_POINT('',(0.0178104098345923,-0.0125966306759555,0.029096697556356));
#5828=CARTESIAN_POINT('',(0.0178104098345924,-0.0125966306759555,0.0395));
#5829=CARTESIAN_POINT('',(0.0240471521345983,-0.00275803004551876,0.0085));
#5830=CARTESIAN_POINT('',(0.0240471521345983,-0.00275803004551876,0.0189016775546962));
#5831=CARTESIAN_POINT('',(0.0177148059510987,-0.0123095787156639,0.0290983224453037));
#5832=CARTESIAN_POINT('',(0.0177148059510987,-0.0123095787156639,0.0395));
#5833=CARTESIAN_POINT('',(0.0239219245994441,-0.00263588346926482,0.0085));
#5834=CARTESIAN_POINT('',(0.0239219245994441,-0.00263588346926481,0.018900906538942));
#5835=CARTESIAN_POINT('',(0.0176730063750156,-0.0121623596240081,0.029099093461058));
#5836=CARTESIAN_POINT('',(0.0176730063750156,-0.0121623596240081,0.0395));
#5837=CARTESIAN_POINT('',(0.0236868520861843,-0.00238169369003727,0.0085));
#5838=CARTESIAN_POINT('',(0.0236868520861843,-0.00238169369003726,0.0188994290645157));
#5839=CARTESIAN_POINT('',(0.017602537859616,-0.0118610184489448,0.0291005709354842));
#5840=CARTESIAN_POINT('',(0.017602537859616,-0.0118610184489448,0.0395));
#5841=CARTESIAN_POINT('',(0.0235770074070104,-0.00224965297853697,0.0085));
#5842=CARTESIAN_POINT('',(0.0235770074070104,-0.00224965297853697,0.0188987218673435));
#5843=CARTESIAN_POINT('',(0.0175738691753916,-0.0117068947787887,0.0291012781326564));
#5844=CARTESIAN_POINT('',(0.0175738691753916,-0.0117068947787887,0.0395));
#5845=CARTESIAN_POINT('',(0.0233733559380092,-0.00197810154084999,0.0085));
#5846=CARTESIAN_POINT('',(0.0233733559380092,-0.00197810154084999,0.0188973484518085));
#5847=CARTESIAN_POINT('',(0.0175309228106882,-0.0113923907819378,0.0291026515481915));
#5848=CARTESIAN_POINT('',(0.0175309228106882,-0.0113923907819378,0.0395));
#5849=CARTESIAN_POINT('',(0.0232795489474787,-0.00183859323233773,0.0085));
#5850=CARTESIAN_POINT('',(0.0232795489474787,-0.00183859323233773,0.0188966822334457));
#5851=CARTESIAN_POINT('',(0.0175166456852406,-0.0112320087247907,0.0291033177665542));
#5852=CARTESIAN_POINT('',(0.0175166456852406,-0.0112320087247907,0.0395));
#5853=CARTESIAN_POINT('',(0.023108216433466,-0.00155455984989151,0.0085));
#5854=CARTESIAN_POINT('',(0.023108216433466,-0.0015545598498915,0.0188953686742571));
#5855=CARTESIAN_POINT('',(0.0175038653335026,-0.0109058500641204,0.0291046313257428));
#5856=CARTESIAN_POINT('',(0.0175038653335027,-0.0109058500641204,0.0395));
#5857=CARTESIAN_POINT('',(0.0230306902501156,-0.00141003701631397,0.0085));
#5858=CARTESIAN_POINT('',(0.0230306902501156,-0.00141003701631396,0.0188947204534069));
#5859=CARTESIAN_POINT('',(0.0175053630349373,-0.0107400716083323,0.0291052795465931));
#5860=CARTESIAN_POINT('',(0.0175053630349373,-0.0107400716083323,0.0395));
#5861=CARTESIAN_POINT('',(0.0228917642625474,-0.00111838420590258,0.0085));
#5862=CARTESIAN_POINT('',(0.0228917642625474,-0.00111838420590257,0.0188934224418686));
#5863=CARTESIAN_POINT('',(0.017525615816333,-0.0104042518789168,0.0291065775581314));
#5864=CARTESIAN_POINT('',(0.017525615816333,-0.0104042518789168,0.0395));
#5865=CARTESIAN_POINT('',(0.0228303634002345,-0.000971256203627336,0.0085));
#5866=CARTESIAN_POINT('',(0.0228303634002345,-0.00097125620362733,0.0188927726511805));
#5867=CARTESIAN_POINT('',(0.0175443722803605,-0.0102342086726204,0.0291072273488194));
#5868=CARTESIAN_POINT('',(0.0175443722803605,-0.0102342086726204,0.0395));
#5869=CARTESIAN_POINT('',(0.0227231603268373,-0.000676695496723272,0.0085));
#5870=CARTESIAN_POINT('',(0.0227231603268373,-0.000676695496723265,0.0188914528126413));
#5871=CARTESIAN_POINT('',(0.0176006923114201,-0.00989131774835574,0.0291085471873587));
#5872=CARTESIAN_POINT('',(0.0176006923114201,-0.00989131774835574,0.0395));
#5873=CARTESIAN_POINT('',(0.0226773567356863,-0.000529264431356646,0.0085));
#5874=CARTESIAN_POINT('',(0.0226773567356863,-0.000529264431356639,0.0188907818318081));
#5875=CARTESIAN_POINT('',(0.0176382578110704,-0.00971846808472105,0.0291092181681919));
#5876=CARTESIAN_POINT('',(0.0176382578110704,-0.00971846808472105,0.0395));
#5877=CARTESIAN_POINT('',(0.0226004847200478,-0.000236238397592225,0.0085));
#5878=CARTESIAN_POINT('',(0.0226004847200478,-0.000236238397592219,0.018889410555151));
#5879=CARTESIAN_POINT('',(0.0177337625010063,-0.00937180759880478,0.029110589444849));
#5880=CARTESIAN_POINT('',(0.0177337625010063,-0.00937180759880478,0.0395));
#5881=CARTESIAN_POINT('',(0.022569414679281,-9.06446850033635E-5,0.0085));
#5882=CARTESIAN_POINT('',(0.022569414679281,-9.06446850033571E-5,0.0188887102593271));
#5883=CARTESIAN_POINT('',(0.0177917042688865,-0.0091979949186201,0.0291112897406729));
#5884=CARTESIAN_POINT('',(0.0177917042688865,-0.0091979949186201,0.0395));
#5885=CARTESIAN_POINT('',(0.0225208558108087,0.000196771079405217,0.0085));
#5886=CARTESIAN_POINT('',(0.0225208558108087,0.000196771079405223,0.0188872731608251));
#5887=CARTESIAN_POINT('',(0.0179294776720425,-0.00885169428577951,0.0291127268391748));
#5888=CARTESIAN_POINT('',(0.0179294776720425,-0.00885169428577951,0.0395));
#5889=CARTESIAN_POINT('',(0.022503365219868,0.000338592284944551,0.0085));
#5890=CARTESIAN_POINT('',(0.022503365219868,0.000338592284944557,0.0188865357873573));
#5891=CARTESIAN_POINT('',(0.0180093126234458,-0.00867920470503469,0.0291134642126426));
#5892=CARTESIAN_POINT('',(0.0180093126234459,-0.00867920470503469,0.0395));
#5893=CARTESIAN_POINT('',(0.0224805718715923,0.000616764319678996,0.0085));
#5894=CARTESIAN_POINT('',(0.0224805718715923,0.000616764319679002,0.0188850348794742));
#5895=CARTESIAN_POINT('',(0.0181922501127759,-0.00833833158303713,0.0291149651205258));
#5896=CARTESIAN_POINT('',(0.0181922501127759,-0.00833833158303713,0.0395));
#5897=CARTESIAN_POINT('',(0.0224752672910667,0.000753114716896465,0.0085));
#5898=CARTESIAN_POINT('',(0.0224752672910667,0.000753114716896471,0.0188842713450588));
#5899=CARTESIAN_POINT('',(0.0182953567854027,-0.0081699468347926,0.0291157286549411));
#5900=CARTESIAN_POINT('',(0.0182953567854027,-0.0081699468347926,0.0395));
#5901=CARTESIAN_POINT('',(0.0224752672910667,0.0010399139351353,0.0085));
#5902=CARTESIAN_POINT('',(0.0224752672910667,0.0010399139351353,0.0188826077223837));
#5903=CARTESIAN_POINT('',(0.018544195974835,-0.00781456764240536,0.0291173922776162));
#5904=CARTESIAN_POINT('',(0.0185441959748351,-0.00781456764240536,0.0395));
#5905=CARTESIAN_POINT('',(0.0224752672910667,0.00118839953712789,0.0085));
#5906=CARTESIAN_POINT('',(0.0224752672910667,0.0011883995371279,0.0188815900673964));
#5907=CARTESIAN_POINT('',(0.018680487330153,-0.00761360322666013,0.0291184099326035));
#5908=CARTESIAN_POINT('',(0.018680487330153,-0.00761360322666013,0.0395));
#5909=CARTESIAN_POINT('',(0.0224752672910667,0.00147588617107761,0.0085));
#5910=CARTESIAN_POINT('',(0.0224752672910667,0.00147588617107762,0.018879354607119));
#5911=CARTESIAN_POINT('',(0.018955539531422,-0.0071924194336498,0.029120645392881));
#5912=CARTESIAN_POINT('',(0.018955539531422,-0.0071924194336498,0.0395));
#5913=CARTESIAN_POINT('',(0.0224752672910667,0.00161488720303474,0.0085));
#5914=CARTESIAN_POINT('',(0.0224752672910667,0.00161488720303475,0.0188781375914682));
#5915=CARTESIAN_POINT('',(0.0190942984272973,-0.00697219909810168,0.0291218624085318));
#5916=CARTESIAN_POINT('',(0.0190942984272973,-0.00697219909810168,0.0395));
#5917=CARTESIAN_POINT('',(0.0224752672910667,0.00188475963549001,0.0085));
#5918=CARTESIAN_POINT('',(0.0224752672910667,0.00188475963549001,0.0188755599795069));
#5919=CARTESIAN_POINT('',(0.0193713598287272,-0.00651398002317794,0.0291244400204931));
#5920=CARTESIAN_POINT('',(0.0193713598287272,-0.00651398002317794,0.0395));
#5921=CARTESIAN_POINT('',(0.0224752672910667,0.00201563103598816,0.0085));
#5922=CARTESIAN_POINT('',(0.0224752672910667,0.00201563103598817,0.0188742000026276));
#5923=CARTESIAN_POINT('',(0.0195096604396515,-0.00627598076993551,0.0291257999973723));
#5924=CARTESIAN_POINT('',(0.0195096604396515,-0.00627598076993551,0.0395));
#5925=CARTESIAN_POINT('',(0.0224752672910667,0.00227059914410198,0.0085));
#5926=CARTESIAN_POINT('',(0.0224752672910667,0.00227059914410199,0.0188713921348598));
#5927=CARTESIAN_POINT('',(0.0197830588417238,-0.00578392298408832,0.0291286078651402));
#5928=CARTESIAN_POINT('',(0.0197830588417238,-0.00578392298408832,0.0395));
#5929=CARTESIAN_POINT('',(0.0224752672910667,0.00239469585171765,0.0085));
#5930=CARTESIAN_POINT('',(0.0224752672910667,0.00239469585171765,0.018869944243971));
#5931=CARTESIAN_POINT('',(0.0199181548431086,-0.00552986437204443,0.0291300557560289));
#5932=CARTESIAN_POINT('',(0.0199181548431086,-0.00552986437204443,0.0395));
#5933=CARTESIAN_POINT('',(0.0224752672910667,0.002637469512643,0.0085));
#5934=CARTESIAN_POINT('',(0.0224752672910667,0.00263746951264301,0.0188670149759719));
#5935=CARTESIAN_POINT('',(0.0201826325166773,-0.00500765840462827,0.029132985024028));
#5936=CARTESIAN_POINT('',(0.0201826325166774,-0.00500765840462827,0.0395));
#5937=CARTESIAN_POINT('',(0.0224752672910667,0.00275614646595269,0.0085));
#5938=CARTESIAN_POINT('',(0.0224752672910667,0.00275614646595269,0.018865534396793));
#5939=CARTESIAN_POINT('',(0.0203120125603559,-0.00473951137810779,0.029134465603207));
#5940=CARTESIAN_POINT('',(0.0203120125603559,-0.00473951137810779,0.0395));
#5941=CARTESIAN_POINT('',(0.0224752672910667,0.00298943555684258,0.0085));
#5942=CARTESIAN_POINT('',(0.0224752672910667,0.00298943555684258,0.0188625879872178));
#5943=CARTESIAN_POINT('',(0.0205628332284434,-0.00419134666995788,0.0291374120127822));
#5944=CARTESIAN_POINT('',(0.0205628332284434,-0.00419134666995788,0.0395));
#5945=CARTESIAN_POINT('',(0.0224752672910667,0.00310404769442277,0.0085));
#5946=CARTESIAN_POINT('',(0.0224752672910667,0.00310404769442277,0.0188611221568215));
#5947=CARTESIAN_POINT('',(0.0206842724441043,-0.00391132968351986,0.0291388778431784));
#5948=CARTESIAN_POINT('',(0.0206842724441043,-0.00391132968351986,0.0395));
#5949=CARTESIAN_POINT('',(0.0224752672910667,0.00333056209243018,0.0085));
#5950=CARTESIAN_POINT('',(0.0224752672910667,0.00333056209243018,0.0188582518839535));
#5951=CARTESIAN_POINT('',(0.0209173185732272,-0.00334187515578086,0.0291417481160464));
#5952=CARTESIAN_POINT('',(0.0209173185732272,-0.00334187515578086,0.0395));
#5953=CARTESIAN_POINT('',(0.0224752672910667,0.00344246435285738,0.0085));
#5954=CARTESIAN_POINT('',(0.0224752672910667,0.00344246435285738,0.0188568480210201));
#5955=CARTESIAN_POINT('',(0.0210289243536723,-0.00305243861941366,0.0291431519789798));
#5956=CARTESIAN_POINT('',(0.0210289243536723,-0.00305243861941366,0.0395));
#5957=CARTESIAN_POINT('',(0.0224752672910667,0.00366491393513529,0.0085));
#5958=CARTESIAN_POINT('',(0.0224752672910667,0.0036649139351353,0.0188541354053844));
#5959=CARTESIAN_POINT('',(0.0212407812778831,-0.00246680136682418,0.0291458645946155));
#5960=CARTESIAN_POINT('',(0.0212407812778832,-0.00246680136682418,0.0395));
#5961=CARTESIAN_POINT('',(0.0224752672910667,0.00377546125698601,0.0085));
#5962=CARTESIAN_POINT('',(0.0224752672910667,0.00377546125698601,0.0188528266526822));
#5963=CARTESIAN_POINT('',(0.021341031613675,-0.00217060189608316,0.0291471733473178));
#5964=CARTESIAN_POINT('',(0.021341031613675,-0.00217060189608316,0.0395));
#5965=CARTESIAN_POINT('',(0.0224752672910667,0.00399655590068742,0.0085));
#5966=CARTESIAN_POINT('',(0.0224752672910667,0.00399655590068743,0.0188503368207384));
#5967=CARTESIAN_POINT('',(0.0215290551624999,-0.00157426738590835,0.0291496631792616));
#5968=CARTESIAN_POINT('',(0.0215290551624999,-0.00157426738590835,0.0395));
#5969=CARTESIAN_POINT('',(0.0224752672910667,0.00410710322253813,0.0085));
#5970=CARTESIAN_POINT('',(0.0224752672910667,0.00410710322253814,0.0188491559339705));
#5971=CARTESIAN_POINT('',(0.021616827931872,-0.00127413375358703,0.0291508440660294));
#5972=CARTESIAN_POINT('',(0.021616827931872,-0.00127413375358703,0.0395));
#5973=CARTESIAN_POINT('',(0.0224752672910667,0.00432955280481605,0.0085));
#5974=CARTESIAN_POINT('',(0.0224752672910667,0.00432955280481605,0.0188469371613995));
#5975=CARTESIAN_POINT('',(0.0217791926276426,-0.000672891661311413,0.0291530628386005));
#5976=CARTESIAN_POINT('',(0.0217791926276426,-0.000672891661311413,0.0395));
#5977=CARTESIAN_POINT('',(0.0224752672910667,0.00444145506524325,0.0085));
#5978=CARTESIAN_POINT('',(0.0224752672910667,0.00444145506524326,0.0188458992755961));
#5979=CARTESIAN_POINT('',(0.0218537845015158,-0.000371784685030357,0.0291541007244038));
#5980=CARTESIAN_POINT('',(0.0218537845015158,-0.000371784685030357,0.0395));
#5981=CARTESIAN_POINT('',(0.0224752672910667,0.00466796946325065,0.0085));
#5982=CARTESIAN_POINT('',(0.0224752672910667,0.00466796946325066,0.0188439814475107));
#5983=CARTESIAN_POINT('',(0.0219895099871157,0.000228354923744315,0.0291560185524892));
#5984=CARTESIAN_POINT('',(0.0219895099871157,0.000228354923744315,0.0395));
#5985=CARTESIAN_POINT('',(0.0224752672910667,0.00478258160083085,0.0085));
#5986=CARTESIAN_POINT('',(0.0224752672910667,0.00478258160083086,0.0188431012030864));
#5987=CARTESIAN_POINT('',(0.0220506439505491,0.000527386083172774,0.0291568987969135));
#5988=CARTESIAN_POINT('',(0.0220506439505491,0.000527386083172774,0.0395));
#5989=CARTESIAN_POINT('',(0.0224752672910667,0.00501587069172074,0.0085));
#5990=CARTESIAN_POINT('',(0.0224752672910667,0.00501587069172074,0.0188414958232528));
#5991=CARTESIAN_POINT('',(0.0221595980473693,0.00112028114942563,0.0291585041767471));
#5992=CARTESIAN_POINT('',(0.0221595980473693,0.00112028114942563,0.0395));
#5993=CARTESIAN_POINT('',(0.0224752672910667,0.00513454764503042,0.0085));
#5994=CARTESIAN_POINT('',(0.0224752672910667,0.00513454764503042,0.0188407706878435));
#5995=CARTESIAN_POINT('',(0.0222074189359896,0.00141414367875795,0.0291592293121563));
#5996=CARTESIAN_POINT('',(0.0222074189359896,0.00141414367875795,0.0395));
#5997=CARTESIAN_POINT('',(0.0224752672910667,0.00537732130595577,0.0085));
#5998=CARTESIAN_POINT('',(0.0224752672910667,0.00537732130595578,0.0188394732958183));
#5999=CARTESIAN_POINT('',(0.0222902965468488,0.00199360792600681,0.0291605267041816));
#6000=CARTESIAN_POINT('',(0.0222902965468488,0.00199360792600681,0.0395));
#6001=CARTESIAN_POINT('',(0.0224752672910667,0.00550141801357144,0.0085));
#6002=CARTESIAN_POINT('',(0.0224752672910667,0.00550141801357145,0.018838900218878));
#6003=CARTESIAN_POINT('',(0.0223253544144596,0.00227920844047137,0.0291610997811219));
#6004=CARTESIAN_POINT('',(0.0223253544144596,0.00227920844047137,0.0395));
#6005=CARTESIAN_POINT('',(0.0224752672910667,0.00575638612168526,0.0085));
#6006=CARTESIAN_POINT('',(0.0224752672910667,0.00575638612168527,0.0188378909390505));
#6007=CARTESIAN_POINT('',(0.0223836323057818,0.00283909346282106,0.0291621090609494));
#6008=CARTESIAN_POINT('',(0.0223836323057818,0.00283909346282106,0.0395));
#6009=CARTESIAN_POINT('',(0.0224752672910667,0.00588725752218341,0.0085));
#6010=CARTESIAN_POINT('',(0.0224752672910667,0.00588725752218342,0.0188374547361633));
#6011=CARTESIAN_POINT('',(0.0224068538411457,0.00311337700921304,0.0291625452638367));
#6012=CARTESIAN_POINT('',(0.0224068538411457,0.00311337700921304,0.0395));
#6013=CARTESIAN_POINT('',(0.0224752672910667,0.00615712995463869,0.0085));
#6014=CARTESIAN_POINT('',(0.0224752672910667,0.00615712995463869,0.0188367048403505));
#6015=CARTESIAN_POINT('',(0.0224427220918336,0.0036476439924516,0.0291632951596494));
#6016=CARTESIAN_POINT('',(0.0224427220918336,0.0036476439924516,0.0395));
#6017=CARTESIAN_POINT('',(0.0224752672910667,0.00629613098659581,0.0085));
#6018=CARTESIAN_POINT('',(0.0224752672910667,0.00629613098659582,0.0188363898748042));
#6019=CARTESIAN_POINT('',(0.0224553706538898,0.00390762676351802,0.0291636101251957));
#6020=CARTESIAN_POINT('',(0.0224553706538898,0.00390762676351802,0.0395));
#6021=CARTESIAN_POINT('',(0.0224752672910667,0.00658361762054553,0.0085));
#6022=CARTESIAN_POINT('',(0.0224752672910667,0.00658361762054554,0.018835862845597));
#6023=CARTESIAN_POINT('',(0.0224716421799778,0.00441040378999823,0.0291641371544029));
#6024=CARTESIAN_POINT('',(0.0224716421799778,0.00441040378999823,0.0395));
#6025=CARTESIAN_POINT('',(0.0224752672910667,0.00673210322253813,0.0085));
#6026=CARTESIAN_POINT('',(0.0224752672910667,0.00673210322253814,0.0188356507819362));
#6027=CARTESIAN_POINT('',(0.0224752672910667,0.00465319771187397,0.0291643492180637));
#6028=CARTESIAN_POINT('',(0.0224752672910667,0.00465319771187397,0.0395));
#6029=CARTESIAN_POINT('',(0.0224752672910667,0.00701890244077696,0.0085));
#6030=CARTESIAN_POINT('',(0.0224752672910667,0.00701890244077697,0.0188353355855907));
#6031=CARTESIAN_POINT('',(0.0224752672910667,0.00508703559931488,0.0291646644144093));
#6032=CARTESIAN_POINT('',(0.0224752672910667,0.00508703559931488,0.0395));
#6033=CARTESIAN_POINT('',(0.0224805718715923,0.00715525283799445,0.0085));
#6034=CARTESIAN_POINT('',(0.0224805718715923,0.00715525283799445,0.0188352123274326));
#6035=CARTESIAN_POINT('',(0.0224873887732387,0.00528410786791573,0.0291647876725674));
#6036=CARTESIAN_POINT('',(0.0224873887732387,0.00528410786791573,0.0395));
#6037=CARTESIAN_POINT('',(0.022503365219868,0.00743342487272889,0.0085));
#6038=CARTESIAN_POINT('',(0.022503365219868,0.00743342487272889,0.0188350054828029));
#6039=CARTESIAN_POINT('',(0.02253305194544,0.00566826341584817,0.029164994517197));
#6040=CARTESIAN_POINT('',(0.0225330519454401,0.00566826341584817,0.0395));
#6041=CARTESIAN_POINT('',(0.0225208558108087,0.0075752460782682,0.0085));
#6042=CARTESIAN_POINT('',(0.0225208558108087,0.00757524607826821,0.0188349218963313));
#6043=CARTESIAN_POINT('',(0.0225665909408235,0.00585535005545603,0.0291650781036686));
#6044=CARTESIAN_POINT('',(0.0225665909408236,0.00585535005545603,0.0395));
#6045=CARTESIAN_POINT('',(0.022569414679281,0.00786266184267678,0.0085));
#6046=CARTESIAN_POINT('',(0.022569414679281,0.00786266184267678,0.0188347884786574));
#6047=CARTESIAN_POINT('',(0.0226523634588705,0.00621804650439213,0.0291652115213425));
#6048=CARTESIAN_POINT('',(0.0226523634588705,0.00621804650439213,0.0395));
#6049=CARTESIAN_POINT('',(0.0226004847200478,0.00800825555526564,0.0085));
#6050=CARTESIAN_POINT('',(0.0226004847200478,0.00800825555526565,0.0188347386474552));
#6051=CARTESIAN_POINT('',(0.0227045951989546,0.00639365954942538,0.0291652613525447));
#6052=CARTESIAN_POINT('',(0.0227045951989546,0.00639365954942538,0.0395));
#6053=CARTESIAN_POINT('',(0.0226773567356863,0.00830128158903006,0.0085));
#6054=CARTESIAN_POINT('',(0.0226773567356863,0.00830128158903007,0.0188346668239028));
#6055=CARTESIAN_POINT('',(0.0228251986230901,0.00673240643484611,0.0291653331760971));
#6056=CARTESIAN_POINT('',(0.0228251986230901,0.00673240643484611,0.0395));
#6057=CARTESIAN_POINT('',(0.0227231603268373,0.00844871265439669,0.0085));
#6058=CARTESIAN_POINT('',(0.0227231603268373,0.0084487126543967,0.0188346448315527));
#6059=CARTESIAN_POINT('',(0.0228935692613489,0.00689554327558628,0.0291653551684472));
#6060=CARTESIAN_POINT('',(0.0228935692613489,0.00689554327558628,0.0395));
#6061=CARTESIAN_POINT('',(0.0228303634002345,0.00874327336130076,0.0085));
#6062=CARTESIAN_POINT('',(0.0228303634002345,0.00874327336130077,0.0188346227692875));
#6063=CARTESIAN_POINT('',(0.0230441087471688,0.00720872691987618,0.0291653772307124));
#6064=CARTESIAN_POINT('',(0.0230441087471688,0.00720872691987618,0.0395));
#6065=CARTESIAN_POINT('',(0.0228917642625474,0.008890401363576,0.0085));
#6066=CARTESIAN_POINT('',(0.0228917642625474,0.008890401363576,0.0188346228517492));
#6067=CARTESIAN_POINT('',(0.0231262771276102,0.00735877642572679,0.0291653771482507));
#6068=CARTESIAN_POINT('',(0.0231262771276102,0.00735877642572679,0.0395));
#6069=CARTESIAN_POINT('',(0.0230306902501156,0.00918205417398739,0.0085));
#6070=CARTESIAN_POINT('',(0.0230306902501156,0.00918205417398739,0.0188346407632148));
#6071=CARTESIAN_POINT('',(0.0233023053039819,0.00764548036176915,0.0291653592367851));
#6072=CARTESIAN_POINT('',(0.0233023053039819,0.00764548036176915,0.0395));
#6073=CARTESIAN_POINT('',(0.023108216433466,0.00932657700756495,0.0085));
#6074=CARTESIAN_POINT('',(0.023108216433466,0.00932657700756495,0.0188346585922187));
#6075=CARTESIAN_POINT('',(0.0233961650746848,0.00778213716897875,0.0291653414077813));
#6076=CARTESIAN_POINT('',(0.0233961650746848,0.00778213716897875,0.0395));
#6077=CARTESIAN_POINT('',(0.0232795489474787,0.00961061039001116,0.0085));
#6078=CARTESIAN_POINT('',(0.0232795489474787,0.00961061039001117,0.0188347075161219));
#6079=CARTESIAN_POINT('',(0.0235937110482098,0.00804198019402421,0.029165292483878));
#6080=CARTESIAN_POINT('',(0.0235937110482098,0.00804198019402421,0.0395));
#6081=CARTESIAN_POINT('',(0.0233733559380092,0.0097501186985234,0.0085));
#6082=CARTESIAN_POINT('',(0.0233733559380092,0.00975011869852341,0.0188347386110213));
#6083=CARTESIAN_POINT('',(0.0236973975535,0.00816516846126793,0.0291652613889786));
#6084=CARTESIAN_POINT('',(0.0236973975535,0.00816516846126793,0.0395));
#6085=CARTESIAN_POINT('',(0.0235770074070103,0.0100216701362104,0.0085));
#6086=CARTESIAN_POINT('',(0.0235770074070103,0.0100216701362104,0.018834809586069));
#6087=CARTESIAN_POINT('',(0.0239129692376734,0.00839816203040452,0.0291651904139309));
#6088=CARTESIAN_POINT('',(0.0239129692376734,0.00839816203040452,0.0395));
#6089=CARTESIAN_POINT('',(0.0236868520861843,0.0101537108477107,0.0085));
#6090=CARTESIAN_POINT('',(0.0236868520861843,0.0101537108477107,0.0188348494662173));
#6091=CARTESIAN_POINT('',(0.0240248549544484,0.00850796906815393,0.0291651505337827));
#6092=CARTESIAN_POINT('',(0.0240248549544484,0.00850796906815393,0.0395));
#6093=CARTESIAN_POINT('',(0.0239219245994441,0.0104079006269382,0.0085));
#6094=CARTESIAN_POINT('',(0.0239219245994441,0.0104079006269383,0.0188349335311162));
#6095=CARTESIAN_POINT('',(0.0242554215802146,0.00871439422779769,0.0291650664688837));
#6096=CARTESIAN_POINT('',(0.0242554215802146,0.00871439422779769,0.0395));
#6097=CARTESIAN_POINT('',(0.0240471521345983,0.0105300472031922,0.0085));
#6098=CARTESIAN_POINT('',(0.0240471521345983,0.0105300472031922,0.0188349776149073));
#6099=CARTESIAN_POINT('',(0.0243741031903683,0.00881101379579513,0.0291650223850927));
#6100=CARTESIAN_POINT('',(0.0243741031903683,0.00881101379579513,0.0395));
#6101=CARTESIAN_POINT('',(0.0243119256899944,0.0107621227330803,0.0085));
#6102=CARTESIAN_POINT('',(0.0243119256899944,0.0107621227330803,0.0188350667693549));
#6103=CARTESIAN_POINT('',(0.0246170635474058,0.00899131686108957,0.0291649332306451));
#6104=CARTESIAN_POINT('',(0.0246170635474058,0.00899131686108957,0.0395));
#6105=CARTESIAN_POINT('',(0.0244514708956998,0.0108720492346652,0.0085));
#6106=CARTESIAN_POINT('',(0.0244514708956998,0.0108720492346652,0.0188351118400114));
#6107=CARTESIAN_POINT('',(0.0247413431042813,0.00907500154324172,0.0291648881599885));
#6108=CARTESIAN_POINT('',(0.0247413431042813,0.00907500154324172,0.0395));
#6109=CARTESIAN_POINT('',(0.0247434214503137,0.0110775337252377,0.0085));
#6110=CARTESIAN_POINT('',(0.0247434214503137,0.0110775337252377,0.0188351998523726));
#6111=CARTESIAN_POINT('',(0.0249944838594764,0.00922970712736324,0.0291648001476273));
#6112=CARTESIAN_POINT('',(0.0249944838594764,0.00922970712736324,0.0395));
#6113=CARTESIAN_POINT('',(0.0248958254801275,0.0111730894181259,0.0085));
#6114=CARTESIAN_POINT('',(0.0248958254801275,0.0111730894181259,0.0188352427940772));
#6115=CARTESIAN_POINT('',(0.0251233459372524,0.00930072898245151,0.0291647572059227));
#6116=CARTESIAN_POINT('',(0.0251233459372524,0.00930072898245151,0.0395));
#6117=CARTESIAN_POINT('',(0.0252116737437076,0.0113479281692122,0.0085));
#6118=CARTESIAN_POINT('',(0.0252116737437076,0.0113479281692122,0.0188353234327169));
#6119=CARTESIAN_POINT('',(0.0253847933157213,0.00943036869386104,0.0291646765672831));
#6120=CARTESIAN_POINT('',(0.0253847933157213,0.00943036869386104,0.0395));
#6121=CARTESIAN_POINT('',(0.0253751161925969,0.0114272092000722,0.0085));
#6122=CARTESIAN_POINT('',(0.0253751161925969,0.0114272092000722,0.018835361129652));
#6123=CARTESIAN_POINT('',(0.0255173795384216,0.00948898729943369,0.0291646388703479));
#6124=CARTESIAN_POINT('',(0.0255173795384216,0.00948898729943369,0.0395));
#6125=CARTESIAN_POINT('',(0.0257109064959707,0.0115679065597245,0.0085));
#6126=CARTESIAN_POINT('',(0.0257109064959707,0.0115679065597245,0.0188354281629351));
#6127=CARTESIAN_POINT('',(0.0257855467477455,0.00959404235523476,0.0291645718370648));
#6128=CARTESIAN_POINT('',(0.0257855467477455,0.00959404235523476,0.0395));
#6129=CARTESIAN_POINT('',(0.0258832521650637,0.0116293212319319,0.0085));
#6130=CARTESIAN_POINT('',(0.0258832521650637,0.0116293212319319,0.0188354573499501));
#6131=CARTESIAN_POINT('',(0.0259211286819792,0.00964047937522636,0.0291645426500498));
#6132=CARTESIAN_POINT('',(0.0259211286819792,0.00964047937522636,0.0395));
#6133=CARTESIAN_POINT('',(0.0262344590857841,0.0117330615065587,0.0085));
#6134=CARTESIAN_POINT('',(0.0262344590857841,0.0117330615065588,0.0188355059716585));
#6135=CARTESIAN_POINT('',(0.0261946607122551,0.00972133547164166,0.0291644940283414));
#6136=CARTESIAN_POINT('',(0.0261946607122551,0.00972133547164166,0.0395));
#6137=CARTESIAN_POINT('',(0.0264133178400961,0.0117753859076889,0.0085));
#6138=CARTESIAN_POINT('',(0.0264133178400961,0.0117753859076889,0.0188355254063521));
#6139=CARTESIAN_POINT('',(0.0263326117722408,0.00975575495797379,0.0291644745936478));
#6140=CARTESIAN_POINT('',(0.0263326117722408,0.00975575495797379,0.0395));
#6141=CARTESIAN_POINT('',(0.0267749766919218,0.0118401321518877,0.0085));
#6142=CARTESIAN_POINT('',(0.0267749766919218,0.0118401321518877,0.0188355534303498));
#6143=CARTESIAN_POINT('',(0.0266103286051791,0.00981266794411428,0.02916444656965));
#6144=CARTESIAN_POINT('',(0.0266103286051791,0.00981266794411428,0.0395));
#6145=CARTESIAN_POINT('',(0.0269577740871952,0.0118625533104471,0.0085));
#6146=CARTESIAN_POINT('',(0.0269577740871952,0.0118625533104471,0.0188355620196541));
#6147=CARTESIAN_POINT('',(0.0267500953547356,0.00983516170802652,0.0291644379803458));
#6148=CARTESIAN_POINT('',(0.0267500953547356,0.00983516170802652,0.0395));
#6149=CARTESIAN_POINT('',(0.0273246299931661,0.0118871189641665,0.0085));
#6150=CARTESIAN_POINT('',(0.0273246299931661,0.0118871189641665,0.0188355672598054));
#6151=CARTESIAN_POINT('',(0.0270309341528207,0.00986823289089532,0.0291644327401945));
#6152=CARTESIAN_POINT('',(0.0270309341528207,0.00986823289089532,0.0395));
#6153=CARTESIAN_POINT('',(0.0275086857157943,0.0118892633259043,0.0085));
#6154=CARTESIAN_POINT('',(0.0275086857157943,0.0118892633259043,0.0188355639106523));
#6155=CARTESIAN_POINT('',(0.0271720071906223,0.00987881043606961,0.0291644360893475));
#6156=CARTESIAN_POINT('',(0.0271720071906223,0.00987881043606961,0.0395));
#6157=CARTESIAN_POINT('',(0.0278753548901818,0.0118733530393888,0.0085));
#6158=CARTESIAN_POINT('',(0.0278753548901818,0.0118733530393889,0.0188355441808212));
#6159=CARTESIAN_POINT('',(0.027454963700378,0.00988797067768502,0.0291644558191787));
#6160=CARTESIAN_POINT('',(0.0274549637003781,0.00988797067768502,0.0395));
#6161=CARTESIAN_POINT('',(0.0280579655920058,0.0118552988136521,0.0085));
#6162=CARTESIAN_POINT('',(0.0280579655920058,0.0118552988136521,0.0188355277732114));
#6163=CARTESIAN_POINT('',(0.0275968481761652,0.00988655336389444,0.0291644722267884));
#6164=CARTESIAN_POINT('',(0.0275968481761652,0.00988655336389444,0.0395));
#6165=CARTESIAN_POINT('',(0.0284191017371585,0.011799516418061,0.0085));
#6166=CARTESIAN_POINT('',(0.0284191017371585,0.0117995164180611,0.0188354832241823));
#6167=CARTESIAN_POINT('',(0.027880917357834,0.009871555497914,0.0291645167758176));
#6168=CARTESIAN_POINT('',(0.027880917357834,0.009871555497914,0.0395));
#6169=CARTESIAN_POINT('',(0.0285976245899293,0.0117617892018117,0.0085));
#6170=CARTESIAN_POINT('',(0.0285976245899293,0.0117617892018117,0.0188354550827628));
#6171=CARTESIAN_POINT('',(0.0280231030841211,0.00985797479379432,0.0291645449172371));
#6172=CARTESIAN_POINT('',(0.0280231030841211,0.00985797479379432,0.0395));
#6173=CARTESIAN_POINT('',(0.028948083024562,0.0116676125361775,0.0085));
#6174=CARTESIAN_POINT('',(0.028948083024562,0.0116676125361775,0.0188353884176926));
#6175=CARTESIAN_POINT('',(0.0283072188668711,0.00981839427688872,0.0291646115823073));
#6176=CARTESIAN_POINT('',(0.0283072188668711,0.00981839427688872,0.0395));
#6177=CARTESIAN_POINT('',(0.0291200162864184,0.0116111645187351,0.0085));
#6178=CARTESIAN_POINT('',(0.0291200162864184,0.0116111645187351,0.0188353498940419));
#6179=CARTESIAN_POINT('',(0.0284491499606472,0.00979239415846831,0.0291646501059581));
#6180=CARTESIAN_POINT('',(0.0284491499606472,0.00979239415846831,0.0395));
#6181=CARTESIAN_POINT('',(0.0294550085833731,0.0114808885913729,0.0085));
#6182=CARTESIAN_POINT('',(0.0294550085833731,0.0114808885913729,0.0188352638160875));
#6183=CARTESIAN_POINT('',(0.0287321240153914,0.00972763827188904,0.0291647361839124));
#6184=CARTESIAN_POINT('',(0.0287321240153914,0.00972763827188904,0.0395));
#6185=CARTESIAN_POINT('',(0.0296180656635864,0.0114070625147684,0.0085));
#6186=CARTESIAN_POINT('',(0.0296180656635864,0.0114070625147684,0.018835216261784));
#6187=CARTESIAN_POINT('',(0.0288731680273193,0.00968888202570759,0.0291647837382159));
#6188=CARTESIAN_POINT('',(0.0288731680273193,0.00968888202570759,0.0395));
#6189=CARTESIAN_POINT('',(0.0299332981733909,0.0112437141377767,0.0085));
#6190=CARTESIAN_POINT('',(0.0299332981733909,0.0112437141377767,0.0188351134741025));
#6191=CARTESIAN_POINT('',(0.0291536275507071,0.00959820834687845,0.0291648865258975));
#6192=CARTESIAN_POINT('',(0.0291536275507071,0.00959820834687845,0.0395));
#6193=CARTESIAN_POINT('',(0.0300854720859421,0.0111541939761487,0.0085));
#6194=CARTESIAN_POINT('',(0.0300854720859421,0.0111541939761487,0.0188350583060387));
#6195=CARTESIAN_POINT('',(0.0292930441177972,0.00954629023875608,0.0291649416939612));
#6196=CARTESIAN_POINT('',(0.0292930441177972,0.00954629023875608,0.0395));
#6197=CARTESIAN_POINT('',(0.0303772627095782,0.0109614224532741,0.0085));
#6198=CARTESIAN_POINT('',(0.0303772627095782,0.0109614224532741,0.0188349440800435));
#6199=CARTESIAN_POINT('',(0.029569368838163,0.0094288355018031,0.0291650559199564));
#6200=CARTESIAN_POINT('',(0.029569368838163,0.0094288355018031,0.0395));
#6201=CARTESIAN_POINT('',(0.0305168783887845,0.0108581734277006,0.0085));
#6202=CARTESIAN_POINT('',(0.0305168783887845,0.0108581734277006,0.018834885022112));
#6203=CARTESIAN_POINT('',(0.0297062780346655,0.0093632979692168,0.029165114977888));
#6204=CARTESIAN_POINT('',(0.0297062780346655,0.0093632979692168,0.0395));
#6205=CARTESIAN_POINT('',(0.0307822472617023,0.0106401230057189,0.0085));
#6206=CARTESIAN_POINT('',(0.0307822472617023,0.0106401230057189,0.018834766674959));
#6207=CARTESIAN_POINT('',(0.0299765369955148,0.00921811881391535,0.0291652333250409));
#6208=CARTESIAN_POINT('',(0.0299765369955148,0.00921811881391535,0.0395));
#6209=CARTESIAN_POINT('',(0.0309079999289275,0.0105253240277149,0.0085));
#6210=CARTESIAN_POINT('',(0.0309079999289275,0.0105253240277149,0.0188347073857376));
#6211=CARTESIAN_POINT('',(0.0301098877628256,0.00913847602365501,0.0291652926142623));
#6212=CARTESIAN_POINT('',(0.0301098877628256,0.00913847602365501,0.0395));
#6213=CARTESIAN_POINT('',(0.0311447311893135,0.0102864945733588,0.0085));
#6214=CARTESIAN_POINT('',(0.0311447311893135,0.0102864945733588,0.0188345922345829));
#6215=CARTESIAN_POINT('',(0.0303717769274852,0.00896460347482544,0.0291654077654171));
#6216=CARTESIAN_POINT('',(0.0303717769274852,0.00896460347482544,0.0395));
#6217=CARTESIAN_POINT('',(0.0312557097547805,0.0101624664852824,0.0085));
#6218=CARTESIAN_POINT('',(0.0312557097547805,0.0101624664852824,0.0188345363726496));
#6219=CARTESIAN_POINT('',(0.0305003162458888,0.0088703722464888,0.0291654636273504));
#6220=CARTESIAN_POINT('',(0.0305003162458888,0.0088703722464888,0.0395));
#6221=CARTESIAN_POINT('',(0.0314623831803916,0.00990756918872916,0.0085));
#6222=CARTESIAN_POINT('',(0.0314623831803916,0.00990756918872917,0.018834431734649));
#6223=CARTESIAN_POINT('',(0.0307510986163454,0.00866688204187391,0.0291655682653509));
#6224=CARTESIAN_POINT('',(0.0307510986163454,0.00866688204187391,0.0395));
#6225=CARTESIAN_POINT('',(0.0315580784802762,0.0097767022333382,0.0085));
#6226=CARTESIAN_POINT('',(0.0315580784802762,0.0097767022333382,0.0188343828849472));
#6227=CARTESIAN_POINT('',(0.0308733424488522,0.00855762125492691,0.0291656171150527));
#6228=CARTESIAN_POINT('',(0.0308733424488522,0.00855762125492691,0.0395));
#6229=CARTESIAN_POINT('',(0.0317340713749616,0.00951051706346961,0.0085));
#6230=CARTESIAN_POINT('',(0.0317340713749616,0.00951051706346962,0.0188342979896051));
#6231=CARTESIAN_POINT('',(0.0311097932208592,0.00832372230846146,0.0291657020103948));
#6232=CARTESIAN_POINT('',(0.0311097932208593,0.00832372230846146,0.0395));
#6233=CARTESIAN_POINT('',(0.0318143698244475,0.00937520087514361,0.0085));
#6234=CARTESIAN_POINT('',(0.0318143698244475,0.00937520087514361,0.0188342619439649));
#6235=CARTESIAN_POINT('',(0.0312240007210913,0.00819908196235023,0.0291657380560351));
#6236=CARTESIAN_POINT('',(0.0312240007210913,0.00819908196235023,0.0395));
#6237=CARTESIAN_POINT('',(0.0319598310098433,0.00910244205075004,0.0085));
#6238=CARTESIAN_POINT('',(0.0319598310098433,0.00910244205075005,0.0188342085222108));
#6239=CARTESIAN_POINT('',(0.0314423610212868,0.00793422525577718,0.0291657914777891));
#6240=CARTESIAN_POINT('',(0.0314423610212868,0.00793422525577718,0.0395));
#6241=CARTESIAN_POINT('',(0.0320249949465728,0.00896500113969044,0.0085));
#6242=CARTESIAN_POINT('',(0.0320249949465728,0.00896500113969044,0.0188341911460969));
#6243=CARTESIAN_POINT('',(0.0315465140594568,0.00779400630690403,0.029165808853903));
#6244=CARTESIAN_POINT('',(0.0315465140594568,0.00779400630690403,0.0395));
#6245=CARTESIAN_POINT('',(0.0321407939738682,0.00869019609110639,0.0085));
#6246=CARTESIAN_POINT('',(0.0321407939738682,0.00869019609110639,0.0188341809288602));
#6247=CARTESIAN_POINT('',(0.0317424580350907,0.00749801627210418,0.0291658190711396));
#6248=CARTESIAN_POINT('',(0.0317424580350907,0.00749801627210418,0.0395));
#6249=CARTESIAN_POINT('',(0.0321914305318122,0.00855283332348362,0.0085));
#6250=CARTESIAN_POINT('',(0.0321914305318122,0.00855283332348363,0.0188341880877375));
#6251=CARTESIAN_POINT('',(0.0318342487590418,0.00734224218658512,0.0291658119122625));
#6252=CARTESIAN_POINT('',(0.0318342487590418,0.00734224218658512,0.0395));
#6253=CARTESIAN_POINT('',(0.032279086202412,0.00828021957783499,0.0085));
#6254=CARTESIAN_POINT('',(0.032279086202412,0.008280219577835,0.0188342328059477));
#6255=CARTESIAN_POINT('',(0.032002870207992,0.00701547207949427,0.0291657671940522));
#6256=CARTESIAN_POINT('',(0.032002870207992,0.00701547207949427,0.0395));
#6257=CARTESIAN_POINT('',(0.0323161069645024,0.00814496958203155,0.0085));
#6258=CARTESIAN_POINT('',(0.0323161069645024,0.00814496958203155,0.0188342700246295));
#6259=CARTESIAN_POINT('',(0.0320797001106299,0.0068444726639997,0.0291657299753703));
#6260=CARTESIAN_POINT('',(0.0320797001106299,0.0068444726639997,0.0395));
#6261=CARTESIAN_POINT('',(0.0323776998923272,0.00787841280170751,0.0085));
#6262=CARTESIAN_POINT('',(0.0323776998923272,0.00787841280170751,0.0188343832318345));
#6263=CARTESIAN_POINT('',(0.0322155264145928,0.00648798442277825,0.0291656167681654));
#6264=CARTESIAN_POINT('',(0.0322155264145928,0.00648798442277825,0.0395));
#6265=CARTESIAN_POINT('',(0.0324022738058099,0.00774710660019751,0.0085));
#6266=CARTESIAN_POINT('',(0.0324022738058099,0.00774710660019751,0.0188344592203577));
#6267=CARTESIAN_POINT('',(0.0322745212001412,0.00630249186408102,0.0291655407796423));
#6268=CARTESIAN_POINT('',(0.0322745212001412,0.00630249186408102,0.0395));
#6269=CARTESIAN_POINT('',(0.032440348050655,0.00749004173146985,0.0085));
#6270=CARTESIAN_POINT('',(0.032440348050655,0.00749004173146986,0.0188346590179333));
#6271=CARTESIAN_POINT('',(0.032371563985496,0.00591825935324365,0.0291653409820666));
#6272=CARTESIAN_POINT('',(0.032371563985496,0.00591825935324365,0.0395));
#6273=CARTESIAN_POINT('',(0.0324538501502479,0.00736428325591433,0.0085));
#6274=CARTESIAN_POINT('',(0.0324538501502479,0.00736428325591433,0.0188347828269858));
#6275=CARTESIAN_POINT('',(0.0324096093678294,0.00571951543763768,0.0291652171730141));
#6276=CARTESIAN_POINT('',(0.0324096093678294,0.00571951543763768,0.0395));
#6277=CARTESIAN_POINT('',(0.0324713089098939,0.00711967949147608,0.0085));
#6278=CARTESIAN_POINT('',(0.0324713089098939,0.00711967949147608,0.0188350873163082));
#6279=CARTESIAN_POINT('',(0.0324614629419668,0.00531064765513936,0.0291649126836918));
#6280=CARTESIAN_POINT('',(0.0324614629419669,0.00531064765513936,0.0395));
#6281=CARTESIAN_POINT('',(0.0324752672910667,0.00700083402751521,0.0085));
#6282=CARTESIAN_POINT('',(0.0324752672910667,0.00700083402751521,0.0188352679965781));
#6283=CARTESIAN_POINT('',(0.0324752672910667,0.00510051977331849,0.0291647320034219));
#6284=CARTESIAN_POINT('',(0.0324752672910667,0.00510051977331849,0.0395));
#6285=CARTESIAN_POINT('',(0.0324752672910667,0.00671725857883672,0.0085));
#6286=CARTESIAN_POINT('',(0.0324752672910667,0.00671725857883672,0.018835795609631));
#6287=CARTESIAN_POINT('',(0.0324752672910667,0.00457075821852541,0.0291642043903689));
#6288=CARTESIAN_POINT('',(0.0324752672910667,0.00457075821852541,0.0395));
#6289=CARTESIAN_POINT('',(0.0324752672910667,0.00655671170383673,0.0085));
#6290=CARTESIAN_POINT('',(0.0324752672910667,0.00655671170383674,0.0188362008671953));
#6291=CARTESIAN_POINT('',(0.032470667197147,0.00423711710583678,0.0291637991328046));
#6292=CARTESIAN_POINT('',(0.032470667197147,0.00423711710583678,0.0395));
#6293=CARTESIAN_POINT('',(0.0324752672910667,0.00624997342258673,0.0085));
#6294=CARTESIAN_POINT('',(0.0324752672910667,0.00624997342258674,0.0188372598150208));
#6295=CARTESIAN_POINT('',(0.0324491632005761,0.00353801156326552,0.0291627401849791));
#6296=CARTESIAN_POINT('',(0.0324491632005761,0.00353801156326552,0.0395));
#6297=CARTESIAN_POINT('',(0.0324752672910667,0.00610378201633672,0.0085));
#6298=CARTESIAN_POINT('',(0.0324752672910667,0.00610378201633672,0.0188379135052821));
#6299=CARTESIAN_POINT('',(0.0324322543915151,0.0031725473516162,0.0291620864947179));
#6300=CARTESIAN_POINT('',(0.0324322543915151,0.0031725473516162,0.0395));
#6301=CARTESIAN_POINT('',(0.0324752672910667,0.00582370389133671,0.0085));
#6302=CARTESIAN_POINT('',(0.0324752672910667,0.00582370389133672,0.0188395351797305));
#6303=CARTESIAN_POINT('',(0.0323833431828217,0.00241494431485374,0.0291604648202694));
#6304=CARTESIAN_POINT('',(0.0323833431828217,0.00241494431485374,0.0395));
#6305=CARTESIAN_POINT('',(0.0324752672910667,0.00568981717258673,0.0085));
#6306=CARTESIAN_POINT('',(0.0324752672910667,0.00568981717258673,0.0188405070735301));
#6307=CARTESIAN_POINT('',(0.0323513365405535,0.00202280643381792,0.0291594929264699));
#6308=CARTESIAN_POINT('',(0.0323513365405535,0.00202280643381792,0.0395));
#6309=CARTESIAN_POINT('',(0.0324752672910667,0.00543229764133673,0.0085));
#6310=CARTESIAN_POINT('',(0.0324752672910667,0.00543229764133673,0.01884282608455));
#6311=CARTESIAN_POINT('',(0.032269902239431,0.00121717880069835,0.0291571739154499));
#6312=CARTESIAN_POINT('',(0.032269902239431,0.00121717880069835,0.0395));
#6313=CARTESIAN_POINT('',(0.0324752672910667,0.00530866482883671,0.0085));
#6314=CARTESIAN_POINT('',(0.0324752672910667,0.00530866482883672,0.0188441732017704));
#6315=CARTESIAN_POINT('',(0.0322204710764809,0.000803690661582769,0.0291558267982295));
#6316=CARTESIAN_POINT('',(0.0322204710764809,0.000803690661582769,0.0395));
#6317=CARTESIAN_POINT('',(0.0324752672910667,0.00506960232883671,0.0085));
#6318=CARTESIAN_POINT('',(0.0324752672910667,0.00506960232883672,0.0188472957699021));
#6319=CARTESIAN_POINT('',(0.0321024391591942,-3.91793361685922E-5,0.0291527042300978));
#6320=CARTESIAN_POINT('',(0.0321024391591942,-3.91793361685922E-5,0.0395));
#6321=CARTESIAN_POINT('',(0.0324752672910667,0.00495417264133673,0.0085));
#6322=CARTESIAN_POINT('',(0.0324752672910667,0.00495417264133673,0.0188490737116403));
#6323=CARTESIAN_POINT('',(0.0320338357106031,-0.000468559019097866,0.0291509262883596));
#6324=CARTESIAN_POINT('',(0.0320338357106032,-0.000468559019097866,0.0395));
#6325=CARTESIAN_POINT('',(0.0324752672910667,0.00472946561008673,0.0085));
#6326=CARTESIAN_POINT('',(0.0324752672910667,0.00472946561008673,0.0188530741504995));
#6327=CARTESIAN_POINT('',(0.0318763827437825,-0.00133767583368383,0.0291469258495004));
#6328=CARTESIAN_POINT('',(0.0318763827437825,-0.00133767583368383,0.0395));
#6329=CARTESIAN_POINT('',(0.0324752672910667,0.00462018826633672,0.0085));
#6330=CARTESIAN_POINT('',(0.0324752672910667,0.00462018826633672,0.0188552966476206));
#6331=CARTESIAN_POINT('',(0.0317875313982543,-0.00177741037391088,0.0291447033523794));
#6332=CARTESIAN_POINT('',(0.0317875313982543,-0.00177741037391088,0.0395));
#6333=CARTESIAN_POINT('',(0.0324752672910667,0.00440573514133671,0.0085));
#6334=CARTESIAN_POINT('',(0.0324752672910667,0.00440573514133672,0.018860197437284));
#6335=CARTESIAN_POINT('',(0.0315892462839245,-0.00266169463130606,0.0291398025627159));
#6336=CARTESIAN_POINT('',(0.0315892462839245,-0.00266169463130606,0.0395));
#6337=CARTESIAN_POINT('',(0.0324752672910667,0.00430055936008672,0.0085));
#6338=CARTESIAN_POINT('',(0.0324752672910667,0.00430055936008674,0.0188628730424325));
#6339=CARTESIAN_POINT('',(0.0314798115885518,-0.00310624151927651,0.0291371269575674));
#6340=CARTESIAN_POINT('',(0.0314798115885518,-0.00310624151927651,0.0395));
#6341=CARTESIAN_POINT('',(0.0324752672910667,0.00409225857883672,0.0085));
#6342=CARTESIAN_POINT('',(0.0324752672910667,0.00409225857883674,0.0188686440562949));
#6343=CARTESIAN_POINT('',(0.0312408049591632,-0.00399468423113229,0.029131355943705));
#6344=CARTESIAN_POINT('',(0.0312408049591632,-0.00399468423113229,0.0395));
#6345=CARTESIAN_POINT('',(0.0324752672910667,0.00398913357883671,0.0085));
#6346=CARTESIAN_POINT('',(0.0324752672910667,0.00398913357883672,0.0188717393750732));
#6347=CARTESIAN_POINT('',(0.0311112330030536,-0.00443857718571857,0.0291282606249267));
#6348=CARTESIAN_POINT('',(0.0311112330030536,-0.00443857718571857,0.0395));
#6349=CARTESIAN_POINT('',(0.0324752672910667,0.00378288357883671,0.0085));
#6350=CARTESIAN_POINT('',(0.0324752672910667,0.00378288357883672,0.0188782923394874));
#6351=CARTESIAN_POINT('',(0.0308331927880859,-0.00532040808635844,0.0291217076605125));
#6352=CARTESIAN_POINT('',(0.0308331927880859,-0.00532040808635844,0.0395));
#6353=CARTESIAN_POINT('',(0.0324752672910667,0.00367975857883673,0.0085));
#6354=CARTESIAN_POINT('',(0.0324752672910667,0.00367975857883673,0.0188817521310258));
#6355=CARTESIAN_POINT('',(0.0306847253818027,-0.00575834332838949,0.0291182478689741));
#6356=CARTESIAN_POINT('',(0.0306847253818027,-0.00575834332838949,0.0395));
#6357=CARTESIAN_POINT('',(0.0324752672910667,0.00347145779758673,0.0085));
#6358=CARTESIAN_POINT('',(0.0324752672910667,0.00347145779758673,0.0188889418705207));
#6359=CARTESIAN_POINT('',(0.0303709183462967,-0.0066232015627888,0.0291110581294792));
#6360=CARTESIAN_POINT('',(0.0303709183462967,-0.0066232015627888,0.0395));
#6361=CARTESIAN_POINT('',(0.0324752672910667,0.00336628201633671,0.0085));
#6362=CARTESIAN_POINT('',(0.0324752672910667,0.00336628201633672,0.0188926718184773));
#6363=CARTESIAN_POINT('',(0.0302055803809342,-0.00705012221743723,0.0291073281815226));
#6364=CARTESIAN_POINT('',(0.0302055803809342,-0.00705012221743723,0.0395));
#6365=CARTESIAN_POINT('',(0.0324752672910667,0.00315182889133672,0.0085));
#6366=CARTESIAN_POINT('',(0.0324752672910667,0.00315182889133672,0.0189003054085642));
#6367=CARTESIAN_POINT('',(0.0298608014246114,-0.0078882171438738,0.0290996945914357));
#6368=CARTESIAN_POINT('',(0.0298608014246115,-0.0078882171438738,0.0395));
#6369=CARTESIAN_POINT('',(0.0324752672910667,0.00304255154758673,0.0085));
#6370=CARTESIAN_POINT('',(0.0324752672910667,0.00304255154758673,0.0189042068992503));
#6371=CARTESIAN_POINT('',(0.0296813628154149,-0.00829938962957826,0.0290957931007496));
#6372=CARTESIAN_POINT('',(0.0296813628154149,-0.00829938962957826,0.0395));
#6373=CARTESIAN_POINT('',(0.0324752672910667,0.00281784451633673,0.0085));
#6374=CARTESIAN_POINT('',(0.0324752672910667,0.00281784451633673,0.0189120455061642));
#6375=CARTESIAN_POINT('',(0.0293118358097824,-0.00910163975657419,0.0290879544938357));
#6376=CARTESIAN_POINT('',(0.0293118358097824,-0.00910163975657419,0.0395));
#6377=CARTESIAN_POINT('',(0.0324752672910667,0.00270241482883672,0.0085));
#6378=CARTESIAN_POINT('',(0.0324752672910667,0.00270241482883672,0.0189159826223921));
#6379=CARTESIAN_POINT('',(0.0291217503965648,-0.00949271632318618,0.0290840173776078));
#6380=CARTESIAN_POINT('',(0.0291217503965648,-0.00949271632318618,0.0395));
#6381=CARTESIAN_POINT('',(0.0324752672910667,0.00246335232883672,0.0085));
#6382=CARTESIAN_POINT('',(0.0324752672910667,0.00246335232883672,0.0189237587146462));
#6383=CARTESIAN_POINT('',(0.0287349861132842,-0.0102508553314071,0.0290762412853537));
#6384=CARTESIAN_POINT('',(0.0287349861132842,-0.0102508553314071,0.0395));
#6385=CARTESIAN_POINT('',(0.0324752672910667,0.00233971951633672,0.0085));
#6386=CARTESIAN_POINT('',(0.0324752672910667,0.00233971951633673,0.0189275953570473));
#6387=CARTESIAN_POINT('',(0.028538310698159,-0.0106179175361424,0.0290724046429526));
#6388=CARTESIAN_POINT('',(0.028538310698159,-0.0106179175361424,0.0395));
#6389=CARTESIAN_POINT('',(0.0324752672910667,0.00208219998508673,0.0085));
#6390=CARTESIAN_POINT('',(0.0324752672910667,0.00208219998508673,0.0189350153110283));
#6391=CARTESIAN_POINT('',(0.028142928745568,-0.0113245578549825,0.0290649846889716));
#6392=CARTESIAN_POINT('',(0.028142928745568,-0.0113245578549825,0.0395));
#6393=CARTESIAN_POINT('',(0.0324752672910667,0.00194831326633671,0.0085));
#6394=CARTESIAN_POINT('',(0.0324752672910667,0.00194831326633672,0.0189385986226081));
#6395=CARTESIAN_POINT('',(0.0279442260036501,-0.011664136657688,0.0290614013773918));
#6396=CARTESIAN_POINT('',(0.0279442260036501,-0.011664136657688,0.0395));
#6397=CARTESIAN_POINT('',(0.0324752672910667,0.00166823514133672,0.0085));
#6398=CARTESIAN_POINT('',(0.0324752672910667,0.00166823514133672,0.0189453613915772));
#6399=CARTESIAN_POINT('',(0.0275497484702451,-0.0123127830507915,0.0290546386084228));
#6400=CARTESIAN_POINT('',(0.0275497484702451,-0.0123127830507915,0.0395));
#6401=CARTESIAN_POINT('',(0.0324752672910667,0.00152204373508673,0.0085));
#6402=CARTESIAN_POINT('',(0.0324752672910667,0.00152204373508674,0.0189485395700297));
#6403=CARTESIAN_POINT('',(0.0273539776956222,-0.0126218523013226,0.0290514604299702));
#6404=CARTESIAN_POINT('',(0.0273539776956222,-0.0126218523013226,0.0395));
#6405=CARTESIAN_POINT('',(0.0324752672910667,0.00121530545383673,0.0085));
#6406=CARTESIAN_POINT('',(0.0324752672910667,0.00121530545383674,0.0189543404609002));
#6407=CARTESIAN_POINT('',(0.0269706022726324,-0.013206860221414,0.0290456595390997));
#6408=CARTESIAN_POINT('',(0.0269706022726324,-0.013206860221414,0.0395));
#6409=CARTESIAN_POINT('',(0.0324752672910667,0.00105475857883672,0.0085));
#6410=CARTESIAN_POINT('',(0.0324752672910667,0.00105475857883672,0.0189569619285503));
#6411=CARTESIAN_POINT('',(0.0267830017685344,-0.0134828015264092,0.0290430380714496));
#6412=CARTESIAN_POINT('',(0.0267830017685344,-0.0134828015264092,0.0395));
#6413=CARTESIAN_POINT('',(0.0324752672910667,0.000771183130158223,0.0085));
#6414=CARTESIAN_POINT('',(0.0324752672910667,0.000771183130158229,0.0189607820790051));
#6415=CARTESIAN_POINT('',(0.0264791430238204,-0.0139167567870037,0.0290392179209948));
#6416=CARTESIAN_POINT('',(0.0264791430238204,-0.0139167567870037,0.0395));
#6417=CARTESIAN_POINT('',(0.0314752647393558,-0.00211399142138404,0.00850000000007788));
#6418=CARTESIAN_POINT('',(0.0311421323399634,-0.0025581753278513,0.0090922452087009));
#6419=CARTESIAN_POINT('',(0.0303266319715964,-0.00337557590304154,0.0101821126426126));
#6420=CARTESIAN_POINT('',(0.0290968421257993,-0.00406765756506453,0.0111048881918683));
#6421=CARTESIAN_POINT('',(0.0283582002845704,-0.00426152231988011,0.0113633745316224));
#6422=CARTESIAN_POINT('',(0.0314752672910667,-0.00211399142116329,0.0085));
#6423=CARTESIAN_POINT('',(0.0283582002845636,-0.00426152231987864,0.0113633745316034));
#6424=CARTESIAN_POINT('',(0.0274752672910667,0.000886008578836715,0.0085));
#6425=CARTESIAN_POINT('',(0.0324752672910667,0.000886008578836716,0.0085));
#6426=CARTESIAN_POINT('',(0.0324752672910667,0.00388600857883672,0.0085));
#6427=CARTESIAN_POINT('',(0.0324752672910667,0.00688600857883672,0.0085));
#6428=CARTESIAN_POINT('',(0.0274752672910667,0.00688600857883672,0.0085));
#6429=CARTESIAN_POINT('',(0.0224752672910667,0.00688600857883671,0.0085));
#6430=CARTESIAN_POINT('',(0.0224752672910667,0.00388600857883672,0.0085));
#6431=CARTESIAN_POINT('',(0.0224752672910667,0.000886008578836715,0.0085));
#6432=CARTESIAN_POINT('',(0.0274752672910667,0.000886008578836715,0.0085));
#6433=CARTESIAN_POINT('',(0.0234752672910667,-0.00211399142116329,0.0085));
#6434=CARTESIAN_POINT('',(0.025792575319588,-0.00407148061740105,0.0111099855949837));
#6435=CARTESIAN_POINT('',(0.0252506240534084,-0.0038324740707556,0.0107913101994564));
#6436=CARTESIAN_POINT('',(0.024385297274014,-0.00319793856196366,0.00994526285440108));
#6437=CARTESIAN_POINT('',(0.0237523704804898,-0.00248346230189379,0.00899262784097282));
#6438=CARTESIAN_POINT('',(0.0234752672910719,-0.00211399142116418,0.0085));
#6439=CARTESIAN_POINT('',(0.0257925753195811,-0.00407148061740098,0.0111099855949956));
#6440=CARTESIAN_POINT('',(0.0257925753195811,-0.00407148061740097,0.0111099855949956));
#6441=CARTESIAN_POINT('',(0.025632416343082,-0.00405839324490605,0.0113272628659345));
#6442=CARTESIAN_POINT('',(0.0254333012492455,-0.00408967582650036,0.0118582216851352));
#6443=CARTESIAN_POINT('',(0.0255759036845295,-0.00435760070112494,0.0126463778198733));
#6444=CARTESIAN_POINT('',(0.0260556533944645,-0.00468348613090567,0.0132492445126745));
#6445=CARTESIAN_POINT('',(0.026812634888952,-0.00488869948967278,0.0135649947635191));
#6446=CARTESIAN_POINT('',(0.027655124854997,-0.00481708786186356,0.013430638809055));
#6447=CARTESIAN_POINT('',(0.0282733278738583,-0.00457125853477045,0.0129137997725537));
#6448=CARTESIAN_POINT('',(0.0285633303575419,-0.00434017064448298,0.0121618346903825));
#6449=CARTESIAN_POINT('',(0.0284736252140616,-0.00427479064533495,0.011609626338784));
#6450=CARTESIAN_POINT('',(0.0283582002845637,-0.00426152231987862,0.0113633745316034));
#6451=CARTESIAN_POINT('',(0.0225064213688638,-0.0108731573217658,0.0395));
#6452=CARTESIAN_POINT('',(0.0266021815903087,-0.013741039503521,0.0395));
#6453=CARTESIAN_POINT('',(0.0184106612939867,-0.00800527493068991,0.0395));
#6454=CARTESIAN_POINT('',(-4.5102810375397E-17,0.0048860085788367,0.0395));
#6455=CARTESIAN_POINT('',(0.0224752672910667,0.00488600857883671,0.0395));
#6456=CARTESIAN_POINT('',(0.0274752672910667,0.0048860085788367,0.0395));
#6457=CARTESIAN_POINT('',(0.0324752672910667,0.00488600857883671,0.0395));
#6458=CARTESIAN_POINT('',(3.46944695195365E-18,0.0048860085788367,0.0395));
#6459=CARTESIAN_POINT('',(0.0274752672910667,0.00488600857883676,0.0876));
#6460=CARTESIAN_POINT('',(0.0274752672910667,0.00488600857883673,0.033));
#6461=CARTESIAN_POINT('',(0.0258752672910667,0.00488600857883673,0.033));
#6462=CARTESIAN_POINT('',(0.0274752672910667,0.00488600857883672,0.0155));
#6463=CARTESIAN_POINT('',(0.0274752672910667,0.00648600857883672,0.0155));
#6464=CARTESIAN_POINT('',(0.0274752672910668,0.0048860085788367,0.033));
#6465=CARTESIAN_POINT('',(0.0274752672910668,0.0048860085788367,0.033));
#6466=CARTESIAN_POINT('',(0.0255752672910668,0.0048860085788367,0.033));
#6467=CARTESIAN_POINT('',(0.0274752672910668,0.0048860085788367,0.0387));
#6468=CARTESIAN_POINT('',(0.0255752672910668,0.0048860085788367,0.0387));
#6469=CARTESIAN_POINT('',(0.0462376336455334,0.00190227415737534,0.0085));
#6470=CARTESIAN_POINT('',(-0.167809219124468,-0.00211399142116329,0.0085));
#6471=CARTESIAN_POINT('',(0.0274752672910667,0.0048860085788367,0.0085));
#6472=CARTESIAN_POINT('',(0.0253752672910667,0.0048860085788367,0.0085));
#6473=CARTESIAN_POINT('',(-0.0187623663544666,-0.00299357437146456,0.0395));
#6474=CARTESIAN_POINT('',(0.0225064213688638,-0.0108731573217658,0.0395));
#6475=CARTESIAN_POINT('',(0.0204064213688638,-0.0108731573217658,0.0395));
#6476=CARTESIAN_POINT('',(0.0274752672910668,0.0048860085788367,0.0395));
#6477=CARTESIAN_POINT('',(0.0253752672910668,0.0048860085788367,0.0395));
#6478=CARTESIAN_POINT('',(0.0249887660907264,-0.00299564108007087,0.033));
#6479=CARTESIAN_POINT('',(0.0225064213688638,-0.0108731573217658,0.0387));
#6480=CARTESIAN_POINT('',(0.0225064213688638,-0.0108731573217658,0.0387));
#6481=CARTESIAN_POINT('',(0.0204064213688638,-0.0108731573217658,0.0387));
#6482=CARTESIAN_POINT('',(0.0249887660907264,-0.00299564108007087,0.0387));
#6483=CARTESIAN_POINT('',(0.0225064213688638,-0.0108731573217658,0.0387));
#6484=CARTESIAN_POINT('',(0.0206064213688638,-0.0108731573217658,0.0387));
#6485=CARTESIAN_POINT('',(0.0274752672910668,0.0048860085788367,0.0387));
#6486=CARTESIAN_POINT('',(0.0274752672910668,0.0048860085788367,0.0387));
#6487=CARTESIAN_POINT('',(0.0253752672910668,0.0048860085788367,0.0387));
#6488=CARTESIAN_POINT('',(0.0249887660907264,-0.00299564108007087,0.0387));
#6489=CARTESIAN_POINT('',(-0.0207123663544665,0.00669615404741751,0.033));
#6490=CARTESIAN_POINT('',(0.0225064213688638,-0.0108731573217658,0.033));
#6491=CARTESIAN_POINT('',(0.0206064213688638,-0.0108731573217658,0.033));
#6492=CARTESIAN_POINT('',(0.0225064213688638,-0.0108731573217658,0.033));
#6493=CARTESIAN_POINT('',(0.0274752672910667,0.0048860085788367,0.0093));
#6494=CARTESIAN_POINT('',(0.0274752672910667,0.0048860085788367,0.0093));
#6495=CARTESIAN_POINT('',(0.0253752672910667,0.0048860085788367,0.0093));
#6496=CARTESIAN_POINT('',(0.0249887660907264,-0.00299564108007087,0.0093));
#6497=CARTESIAN_POINT('',(0.0274752672910667,0.0048860085788367,0.0093));
#6498=CARTESIAN_POINT('',(0.0255752672910667,0.0048860085788367,0.0093));
#6499=CARTESIAN_POINT('',(0.0274752672910667,0.00488600857883671,0.0155));
#6500=CARTESIAN_POINT('',(0.0274752672910667,0.00488600857883671,0.0155));
#6501=CARTESIAN_POINT('',(0.0255752672910667,0.00488600857883671,0.0155));
#6502=CARTESIAN_POINT('',(0.0462376336455334,0.00190227415737535,0.0155));
#6503=CARTESIAN_POINT('',(0.027,-0.025,0.012));
#6504=CARTESIAN_POINT('',(0.027,-0.00473899142116332,0.012));
#6505=CARTESIAN_POINT('',(0.027,0.,0.012));
#6506=CARTESIAN_POINT('',(0.027,0.,0.0105));
#6507=CARTESIAN_POINT('',(0.,0.,0.012));
#6508=CARTESIAN_POINT('',(-0.167809219124468,-0.00361399142116329,0.0105));
#6509=CARTESIAN_POINT('',(0.,0.,0.));
#6510=CARTESIAN_POINT('',(-0.0324752672910667,0.00105475857883672,0.0085));
#6511=CARTESIAN_POINT('',(-0.0324752672910667,0.00105475857883672,0.0189569619285503));
#6512=CARTESIAN_POINT('',(-0.0267830017685344,-0.0134828015264092,0.0290430380714496));
#6513=CARTESIAN_POINT('',(-0.0267830017685344,-0.0134828015264092,0.0395));
#6514=CARTESIAN_POINT('',(-0.0324752672910667,0.000771183130158223,0.0085));
#6515=CARTESIAN_POINT('',(-0.0324752672910667,0.000771183130158229,0.0189607820790051));
#6516=CARTESIAN_POINT('',(-0.0264791430238204,-0.0139167567870037,0.0290392179209948));
#6517=CARTESIAN_POINT('',(-0.0264791430238204,-0.0139167567870037,0.0395));
#6518=CARTESIAN_POINT('',(-0.0324713089098939,0.000652337666197366,0.0085));
#6519=CARTESIAN_POINT('',(-0.0324713089098939,0.000652337666197372,0.0189621601823598));
#6520=CARTESIAN_POINT('',(-0.0263473107614025,-0.0140809656215965,0.0290378398176401));
#6521=CARTESIAN_POINT('',(-0.0263473107614025,-0.0140809656215965,0.0395));
#6522=CARTESIAN_POINT('',(-0.0324538501502479,0.000407733901759117,0.0085));
#6523=CARTESIAN_POINT('',(-0.0324538501502479,0.000407733901759124,0.0189645643777479));
#6524=CARTESIAN_POINT('',(-0.0260703178745198,-0.0143861485132081,0.0290354356222521));
#6525=CARTESIAN_POINT('',(-0.0260703178745199,-0.0143861485132081,0.0395));
#6526=CARTESIAN_POINT('',(-0.032440348050655,0.000281975426203575,0.0085));
#6527=CARTESIAN_POINT('',(-0.032440348050655,0.000281975426203582,0.0189655904697813));
#6528=CARTESIAN_POINT('',(-0.025925158094946,-0.0145271280631484,0.0290344095302186));
#6529=CARTESIAN_POINT('',(-0.025925158094946,-0.0145271280631484,0.0395));
#6530=CARTESIAN_POINT('',(-0.0324022738058099,2.49105574759224E-5,0.0085));
#6531=CARTESIAN_POINT('',(-0.0324022738058099,2.49105574759288E-5,0.0189672761372421));
#6532=CARTESIAN_POINT('',(-0.0256252785846428,-0.0147862114548857,0.0290327238627579));
#6533=CARTESIAN_POINT('',(-0.0256252785846428,-0.0147862114548857,0.0395));
#6534=CARTESIAN_POINT('',(-0.0323776998923272,-0.000106395644034062,0.0085));
#6535=CARTESIAN_POINT('',(-0.0323776998923272,-0.000106395644034055,0.0189679363313318));
#6536=CARTESIAN_POINT('',(-0.0254705587246713,-0.0149043200446847,0.0290320636686682));
#6537=CARTESIAN_POINT('',(-0.0254705587246713,-0.0149043200446847,0.0395));
#6538=CARTESIAN_POINT('',(-0.0323161069645024,-0.000372952424358099,0.0085));
#6539=CARTESIAN_POINT('',(-0.0323161069645024,-0.000372952424358093,0.0189688997799694));
#6540=CARTESIAN_POINT('',(-0.025154823075111,-0.0151184313488565,0.0290311002200305));
#6541=CARTESIAN_POINT('',(-0.025154823075111,-0.0151184313488565,0.0395));
#6542=CARTESIAN_POINT('',(-0.032279086202412,-0.000508202420161578,0.0085));
#6543=CARTESIAN_POINT('',(-0.032279086202412,-0.000508202420161572,0.0189692030345173));
#6544=CARTESIAN_POINT('',(-0.0249938064679451,-0.0152144380478709,0.0290307969654826));
#6545=CARTESIAN_POINT('',(-0.0249938064679451,-0.0152144380478709,0.0395));
#6546=CARTESIAN_POINT('',(-0.0321914305318122,-0.000780816165810206,0.0085));
#6547=CARTESIAN_POINT('',(-0.0321914305318122,-0.0007808161658102,0.0189694609438111));
#6548=CARTESIAN_POINT('',(-0.0246682522297954,-0.0153853951593257,0.0290305390561888));
#6549=CARTESIAN_POINT('',(-0.0246682522297954,-0.0153853951593257,0.0395));
#6550=CARTESIAN_POINT('',(-0.0321407939738682,-0.000918178933432946,0.0085));
#6551=CARTESIAN_POINT('',(-0.0321407939738682,-0.00091817893343294,0.0189694163404265));
#6552=CARTESIAN_POINT('',(-0.0245037133257761,-0.0154603488235919,0.0290305836595735));
#6553=CARTESIAN_POINT('',(-0.0245037133257761,-0.0154603488235919,0.0395));
#6554=CARTESIAN_POINT('',(-0.0320249949465728,-0.00119298398201699,0.0085));
#6555=CARTESIAN_POINT('',(-0.0320249949465728,-0.00119298398201699,0.0189690047412822));
#6556=CARTESIAN_POINT('',(-0.0241734325082137,-0.0155904208184189,0.0290309952587177));
#6557=CARTESIAN_POINT('',(-0.0241734325082137,-0.0155904208184189,0.0395));
#6558=CARTESIAN_POINT('',(-0.0319598310098433,-0.00133042489307662,0.0085));
#6559=CARTESIAN_POINT('',(-0.0319598310098433,-0.00133042489307661,0.0189686377455225));
#6560=CARTESIAN_POINT('',(-0.0240076890490742,-0.0156455417285676,0.0290313622544774));
#6561=CARTESIAN_POINT('',(-0.0240076890490742,-0.0156455417285676,0.0395));
#6562=CARTESIAN_POINT('',(-0.0318143698244475,-0.00160318371747019,0.0085));
#6563=CARTESIAN_POINT('',(-0.0318143698244475,-0.00160318371747018,0.0189676060853161));
#6564=CARTESIAN_POINT('',(-0.0236769031968777,-0.0157372533183739,0.0290323939146839));
#6565=CARTESIAN_POINT('',(-0.0236769031968777,-0.0157372533183739,0.0395));
#6566=CARTESIAN_POINT('',(-0.0317340713749616,-0.00173849990579616,0.0085));
#6567=CARTESIAN_POINT('',(-0.0317340713749616,-0.00173849990579615,0.0189669424144334));
#6568=CARTESIAN_POINT('',(-0.0235118591240415,-0.0157738459817042,0.0290330575855666));
#6569=CARTESIAN_POINT('',(-0.0235118591240415,-0.0157738459817042,0.0395));
#6570=CARTESIAN_POINT('',(-0.0315580784802762,-0.00200468507566475,0.0085));
#6571=CARTESIAN_POINT('',(-0.0315580784802762,-0.00200468507566474,0.0189653534905223));
#6572=CARTESIAN_POINT('',(-0.0231840110665982,-0.0158298221906781,0.0290346465094776));
#6573=CARTESIAN_POINT('',(-0.0231840110665983,-0.0158298221906781,0.0395));
#6574=CARTESIAN_POINT('',(-0.0314623831803916,-0.00213555203105573,0.0085));
#6575=CARTESIAN_POINT('',(-0.0314623831803916,-0.00213555203105573,0.018964428237494));
#6576=CARTESIAN_POINT('',(-0.0230212053684886,-0.0158492072058512,0.0290355717625059));
#6577=CARTESIAN_POINT('',(-0.0230212053684886,-0.0158492072058512,0.0395));
#6578=CARTESIAN_POINT('',(-0.0312557097547805,-0.00239044932760899,0.0085));
#6579=CARTESIAN_POINT('',(-0.0312557097547805,-0.00239044932760899,0.0189623502487047));
#6580=CARTESIAN_POINT('',(-0.0226990592906621,-0.0158720537646082,0.0290376497512951));
#6581=CARTESIAN_POINT('',(-0.0226990592906621,-0.0158720537646082,0.0395));
#6582=CARTESIAN_POINT('',(-0.0311447311893135,-0.00251447741568538,0.0085));
#6583=CARTESIAN_POINT('',(-0.0311447311893135,-0.00251447741568537,0.0189611990944085));
#6584=CARTESIAN_POINT('',(-0.022539717233078,-0.015875516343755,0.0290388009055914));
#6585=CARTESIAN_POINT('',(-0.022539717233078,-0.015875516343755,0.0395));
#6586=CARTESIAN_POINT('',(-0.0309079999289275,-0.00275330687004145,0.0085));
#6587=CARTESIAN_POINT('',(-0.0309079999289275,-0.00275330687004145,0.0189587135677181));
#6588=CARTESIAN_POINT('',(-0.022225460991533,-0.0158677309437901,0.0290412864322818));
#6589=CARTESIAN_POINT('',(-0.022225460991533,-0.0158677309437901,0.0395));
#6590=CARTESIAN_POINT('',(-0.0307822472617023,-0.00286810584804548,0.0085));
#6591=CARTESIAN_POINT('',(-0.0307822472617023,-0.00286810584804547,0.0189573791953239));
#6592=CARTESIAN_POINT('',(-0.0220705452100643,-0.0158564836403459,0.0290426208046759));
#6593=CARTESIAN_POINT('',(-0.0220705452100643,-0.0158564836403459,0.0395));
#6594=CARTESIAN_POINT('',(-0.0305168783887845,-0.00308615627002719,0.0085));
#6595=CARTESIAN_POINT('',(-0.0305168783887845,-0.00308615627002718,0.0189545683341429));
#6596=CARTESIAN_POINT('',(-0.0217658906872668,-0.0158203932705434,0.0290454316658571));
#6597=CARTESIAN_POINT('',(-0.0217658906872669,-0.0158203932705434,0.0395));
#6598=CARTESIAN_POINT('',(-0.0303772627095782,-0.00318940529560066,0.0085));
#6599=CARTESIAN_POINT('',(-0.0303772627095782,-0.00318940529560065,0.0189530918453559));
#6600=CARTESIAN_POINT('',(-0.0216161504546818,-0.0157955505853056,0.0290469081546441));
#6601=CARTESIAN_POINT('',(-0.0216161504546818,-0.0157955505853056,0.0395));
#6602=CARTESIAN_POINT('',(-0.0300854720859422,-0.0033821768184753,0.0085));
#6603=CARTESIAN_POINT('',(-0.0300854720859422,-0.00338217681847529,0.0189500378530944));
#6604=CARTESIAN_POINT('',(-0.0213224292256526,-0.0157332705248089,0.0290499621469055));
#6605=CARTESIAN_POINT('',(-0.0213224292256526,-0.0157332705248089,0.0395));
#6606=CARTESIAN_POINT('',(-0.0299332981733908,-0.00347169698010328,0.0085));
#6607=CARTESIAN_POINT('',(-0.0299332981733908,-0.00347169698010328,0.01894846034962));
#6608=CARTESIAN_POINT('',(-0.021178446856274,-0.015695833291493,0.02905153965038));
#6609=CARTESIAN_POINT('',(-0.021178446856274,-0.015695833291493,0.0395));
#6610=CARTESIAN_POINT('',(-0.0296180656635863,-0.00363504535709495,0.0085));
#6611=CARTESIAN_POINT('',(-0.0296180656635863,-0.00363504535709494,0.0189452454296886));
#6612=CARTESIAN_POINT('',(-0.0208966995787768,-0.0156092438469036,0.0290547545703113));
#6613=CARTESIAN_POINT('',(-0.0208966995787768,-0.0156092438469036,0.0395));
#6614=CARTESIAN_POINT('',(-0.0294550085833731,-0.00370887143369944,0.0085));
#6615=CARTESIAN_POINT('',(-0.0294550085833731,-0.00370887143369943,0.0189436099336321));
#6616=CARTESIAN_POINT('',(-0.0207589334185003,-0.0155600915834619,0.0290563900663679));
#6617=CARTESIAN_POINT('',(-0.0207589334185003,-0.0155600915834619,0.0395));
#6618=CARTESIAN_POINT('',(-0.0291200162864184,-0.00383914736106166,0.0085));
#6619=CARTESIAN_POINT('',(-0.0291200162864184,-0.00383914736106165,0.0189403194459048));
#6620=CARTESIAN_POINT('',(-0.020489992192419,-0.0154508292504331,0.0290596805540951));
#6621=CARTESIAN_POINT('',(-0.020489992192419,-0.0154508292504331,0.0395));
#6622=CARTESIAN_POINT('',(-0.028948083024562,-0.00389559537850411,0.0085));
#6623=CARTESIAN_POINT('',(-0.028948083024562,-0.0038955953785041,0.0189386644542341));
#6624=CARTESIAN_POINT('',(-0.0203588159915358,-0.0153907189696135,0.0290613355457658));
#6625=CARTESIAN_POINT('',(-0.0203588159915359,-0.0153907189696135,0.0395));
#6626=CARTESIAN_POINT('',(-0.0285976245899293,-0.0039897720441383,0.0085));
#6627=CARTESIAN_POINT('',(-0.0285976245899293,-0.00398977204413829,0.0189353715518457));
#6628=CARTESIAN_POINT('',(-0.0201033795154457,-0.0152601793127699,0.0290646284481542));
#6629=CARTESIAN_POINT('',(-0.0201033795154458,-0.0152601793127699,0.0395));
#6630=CARTESIAN_POINT('',(-0.0284191017371586,-0.00402749926038762,0.0085));
#6631=CARTESIAN_POINT('',(-0.0284191017371586,-0.00402749926038761,0.0189337344802189));
#6632=CARTESIAN_POINT('',(-0.0199791182152169,-0.0151897495921286,0.029066265519781));
#6633=CARTESIAN_POINT('',(-0.0199791182152169,-0.0151897495921286,0.0395));
#6634=CARTESIAN_POINT('',(-0.0280579655920058,-0.00408328165597864,0.0085));
#6635=CARTESIAN_POINT('',(-0.0280579655920058,-0.00408328165597863,0.018930508361441));
#6636=CARTESIAN_POINT('',(-0.0197378199418114,-0.0150390997358077,0.029069491638559));
#6637=CARTESIAN_POINT('',(-0.0197378199418114,-0.0150390997358077,0.0395));
#6638=CARTESIAN_POINT('',(-0.0278753548901818,-0.00410133588171542,0.0085));
#6639=CARTESIAN_POINT('',(-0.0278753548901818,-0.00410133588171542,0.0189289193142899));
#6640=CARTESIAN_POINT('',(-0.0196207820456243,-0.0149588791393011,0.02907108068571));
#6641=CARTESIAN_POINT('',(-0.0196207820456243,-0.0149588791393011,0.0395));
#6642=CARTESIAN_POINT('',(-0.0275086857157943,-0.00411724616823089,0.0085));
#6643=CARTESIAN_POINT('',(-0.0275086857157943,-0.00411724616823088,0.0189258185098047));
#6644=CARTESIAN_POINT('',(-0.0193942517409549,-0.0147890783221477,0.0290741814901952));
#6645=CARTESIAN_POINT('',(-0.0193942517409549,-0.0147890783221477,0.0395));
#6646=CARTESIAN_POINT('',(-0.0273246299931661,-0.00411510180649306,0.0085));
#6647=CARTESIAN_POINT('',(-0.0273246299931661,-0.00411510180649305,0.0189243070558998));
#6648=CARTESIAN_POINT('',(-0.019284758504312,-0.0146994975341071,0.0290756929441001));
#6649=CARTESIAN_POINT('',(-0.019284758504312,-0.0146994975341071,0.0395));
#6650=CARTESIAN_POINT('',(-0.0269577740871952,-0.00409053615277365,0.0085));
#6651=CARTESIAN_POINT('',(-0.0269577740871952,-0.00409053615277364,0.0189213794211551));
#6652=CARTESIAN_POINT('',(-0.0190736776799608,-0.0145113246900583,0.0290786205788448));
#6653=CARTESIAN_POINT('',(-0.0190736776799608,-0.0145113246900583,0.0395));
#6654=CARTESIAN_POINT('',(-0.0267749766919218,-0.0040681149942143,0.0085));
#6655=CARTESIAN_POINT('',(-0.0267749766919218,-0.0040681149942143,0.0189199632403153));
#6656=CARTESIAN_POINT('',(-0.0189720893542828,-0.0144127319632349,0.0290800367596847));
#6657=CARTESIAN_POINT('',(-0.0189720893542828,-0.0144127319632349,0.0395));
#6658=CARTESIAN_POINT('',(-0.0264133178400961,-0.00400336875001547,0.0085));
#6659=CARTESIAN_POINT('',(-0.0264133178400961,-0.00400336875001546,0.0189172435280903));
#6660=CARTESIAN_POINT('',(-0.0187772409906205,-0.0142068197429398,0.0290827564719097));
#6661=CARTESIAN_POINT('',(-0.0187772409906205,-0.0142068197429398,0.0395));
#6662=CARTESIAN_POINT('',(-0.0262344590857842,-0.00396104434888532,0.0085));
#6663=CARTESIAN_POINT('',(-0.0262344590857842,-0.00396104434888532,0.018915940053483));
#6664=CARTESIAN_POINT('',(-0.0186839803041328,-0.01409949947297,0.0290840599465169));
#6665=CARTESIAN_POINT('',(-0.0186839803041328,-0.01409949947297,0.0395));
#6666=CARTESIAN_POINT('',(-0.0258832521650637,-0.00385730407425851,0.0085));
#6667=CARTESIAN_POINT('',(-0.0258832521650638,-0.0038573040742585,0.0189134497161803));
#6668=CARTESIAN_POINT('',(-0.0185062931339929,-0.0138763745091447,0.0290865502838196));
#6669=CARTESIAN_POINT('',(-0.0185062931339929,-0.0138763745091447,0.0395));
#6670=CARTESIAN_POINT('',(-0.0257109064959706,-0.00379588940205107,0.0085));
#6671=CARTESIAN_POINT('',(-0.0257109064959706,-0.00379588940205107,0.0189122628534849));
#6672=CARTESIAN_POINT('',(-0.0184218660958383,-0.0137605689266166,0.029087737146515));
#6673=CARTESIAN_POINT('',(-0.0184218660958383,-0.0137605689266166,0.0395));
#6674=CARTESIAN_POINT('',(-0.0253751161925969,-0.00365519204239873,0.0085));
#6675=CARTESIAN_POINT('',(-0.0253751161925969,-0.00365519204239873,0.0189100095889071));
#6676=CARTESIAN_POINT('',(-0.0182624534826363,-0.013520698470624,0.0290899904110929));
#6677=CARTESIAN_POINT('',(-0.0182624534826363,-0.013520698470624,0.0395));
#6678=CARTESIAN_POINT('',(-0.0252116737437076,-0.00357591101153878,0.0085));
#6679=CARTESIAN_POINT('',(-0.0252116737437076,-0.00357591101153877,0.0189089429518863));
#6680=CARTESIAN_POINT('',(-0.0181874674581551,-0.0133966325869101,0.0290910570481136));
#6681=CARTESIAN_POINT('',(-0.0181874674581551,-0.0133966325869101,0.0395));
#6682=CARTESIAN_POINT('',(-0.0248958254801275,-0.0034010722604525,0.0085));
#6683=CARTESIAN_POINT('',(-0.0248958254801275,-0.00340107226045249,0.0189069207679434));
#6684=CARTESIAN_POINT('',(-0.0180476605872882,-0.0131404778966525,0.0290930792320566));
#6685=CARTESIAN_POINT('',(-0.0180476605872882,-0.0131404778966525,0.0395));
#6686=CARTESIAN_POINT('',(-0.0247434214503137,-0.00330551656756429,0.0085));
#6687=CARTESIAN_POINT('',(-0.0247434214503137,-0.00330551656756428,0.0189059652210211));
#6688=CARTESIAN_POINT('',(-0.0179828394153911,-0.0130083879475161,0.0290940347789788));
#6689=CARTESIAN_POINT('',(-0.0179828394153911,-0.0130083879475161,0.0395));
#6690=CARTESIAN_POINT('',(-0.0244514708956998,-0.00310003207699173,0.0085));
#6691=CARTESIAN_POINT('',(-0.0244514708956998,-0.00310003207699173,0.0189041563168375));
#6692=CARTESIAN_POINT('',(-0.0178642141259043,-0.0127364649797601,0.0290958436831624));
#6693=CARTESIAN_POINT('',(-0.0178642141259043,-0.0127364649797601,0.0395));
#6694=CARTESIAN_POINT('',(-0.0243119256899944,-0.00299010557540693,0.0085));
#6695=CARTESIAN_POINT('',(-0.0243119256899944,-0.00299010557540692,0.018903302443644));
#6696=CARTESIAN_POINT('',(-0.0178104098345923,-0.0125966306759555,0.029096697556356));
#6697=CARTESIAN_POINT('',(-0.0178104098345924,-0.0125966306759555,0.0395));
#6698=CARTESIAN_POINT('',(-0.0240471521345983,-0.00275803004551876,0.0085));
#6699=CARTESIAN_POINT('',(-0.0240471521345983,-0.00275803004551876,0.0189016775546962));
#6700=CARTESIAN_POINT('',(-0.0177148059510987,-0.0123095787156639,0.0290983224453037));
#6701=CARTESIAN_POINT('',(-0.0177148059510987,-0.0123095787156639,0.0395));
#6702=CARTESIAN_POINT('',(-0.0239219245994441,-0.00263588346926482,0.0085));
#6703=CARTESIAN_POINT('',(-0.0239219245994441,-0.00263588346926481,0.018900906538942));
#6704=CARTESIAN_POINT('',(-0.0176730063750156,-0.0121623596240081,0.029099093461058));
#6705=CARTESIAN_POINT('',(-0.0176730063750156,-0.0121623596240081,0.0395));
#6706=CARTESIAN_POINT('',(-0.0236868520861843,-0.00238169369003727,0.0085));
#6707=CARTESIAN_POINT('',(-0.0236868520861843,-0.00238169369003726,0.0188994290645157));
#6708=CARTESIAN_POINT('',(-0.017602537859616,-0.0118610184489448,0.0291005709354842));
#6709=CARTESIAN_POINT('',(-0.017602537859616,-0.0118610184489448,0.0395));
#6710=CARTESIAN_POINT('',(-0.0235770074070104,-0.00224965297853697,0.0085));
#6711=CARTESIAN_POINT('',(-0.0235770074070104,-0.00224965297853697,0.0188987218673435));
#6712=CARTESIAN_POINT('',(-0.0175738691753916,-0.0117068947787887,0.0291012781326564));
#6713=CARTESIAN_POINT('',(-0.0175738691753916,-0.0117068947787887,0.0395));
#6714=CARTESIAN_POINT('',(-0.0233733559380092,-0.00197810154084999,0.0085));
#6715=CARTESIAN_POINT('',(-0.0233733559380092,-0.00197810154084999,0.0188973484518085));
#6716=CARTESIAN_POINT('',(-0.0175309228106882,-0.0113923907819378,0.0291026515481915));
#6717=CARTESIAN_POINT('',(-0.0175309228106882,-0.0113923907819378,0.0395));
#6718=CARTESIAN_POINT('',(-0.0232795489474787,-0.00183859323233773,0.0085));
#6719=CARTESIAN_POINT('',(-0.0232795489474787,-0.00183859323233773,0.0188966822334457));
#6720=CARTESIAN_POINT('',(-0.0175166456852406,-0.0112320087247907,0.0291033177665542));
#6721=CARTESIAN_POINT('',(-0.0175166456852406,-0.0112320087247907,0.0395));
#6722=CARTESIAN_POINT('',(-0.023108216433466,-0.00155455984989151,0.0085));
#6723=CARTESIAN_POINT('',(-0.023108216433466,-0.0015545598498915,0.0188953686742571));
#6724=CARTESIAN_POINT('',(-0.0175038653335026,-0.0109058500641204,0.0291046313257428));
#6725=CARTESIAN_POINT('',(-0.0175038653335027,-0.0109058500641204,0.0395));
#6726=CARTESIAN_POINT('',(-0.0230306902501156,-0.00141003701631397,0.0085));
#6727=CARTESIAN_POINT('',(-0.0230306902501156,-0.00141003701631396,0.0188947204534069));
#6728=CARTESIAN_POINT('',(-0.0175053630349373,-0.0107400716083323,0.0291052795465931));
#6729=CARTESIAN_POINT('',(-0.0175053630349373,-0.0107400716083323,0.0395));
#6730=CARTESIAN_POINT('',(-0.0228917642625474,-0.00111838420590258,0.0085));
#6731=CARTESIAN_POINT('',(-0.0228917642625474,-0.00111838420590257,0.0188934224418686));
#6732=CARTESIAN_POINT('',(-0.017525615816333,-0.0104042518789168,0.0291065775581314));
#6733=CARTESIAN_POINT('',(-0.017525615816333,-0.0104042518789168,0.0395));
#6734=CARTESIAN_POINT('',(-0.0228303634002345,-0.000971256203627336,0.0085));
#6735=CARTESIAN_POINT('',(-0.0228303634002345,-0.00097125620362733,0.0188927726511805));
#6736=CARTESIAN_POINT('',(-0.0175443722803605,-0.0102342086726204,0.0291072273488194));
#6737=CARTESIAN_POINT('',(-0.0175443722803605,-0.0102342086726204,0.0395));
#6738=CARTESIAN_POINT('',(-0.0227231603268373,-0.000676695496723272,0.0085));
#6739=CARTESIAN_POINT('',(-0.0227231603268373,-0.000676695496723265,0.0188914528126413));
#6740=CARTESIAN_POINT('',(-0.0176006923114201,-0.00989131774835574,0.0291085471873587));
#6741=CARTESIAN_POINT('',(-0.0176006923114201,-0.00989131774835574,0.0395));
#6742=CARTESIAN_POINT('',(-0.0226773567356863,-0.000529264431356646,0.0085));
#6743=CARTESIAN_POINT('',(-0.0226773567356863,-0.000529264431356639,0.0188907818318081));
#6744=CARTESIAN_POINT('',(-0.0176382578110704,-0.00971846808472105,0.0291092181681919));
#6745=CARTESIAN_POINT('',(-0.0176382578110704,-0.00971846808472105,0.0395));
#6746=CARTESIAN_POINT('',(-0.0226004847200478,-0.000236238397592225,0.0085));
#6747=CARTESIAN_POINT('',(-0.0226004847200478,-0.000236238397592219,0.018889410555151));
#6748=CARTESIAN_POINT('',(-0.0177337625010063,-0.00937180759880478,0.029110589444849));
#6749=CARTESIAN_POINT('',(-0.0177337625010063,-0.00937180759880478,0.0395));
#6750=CARTESIAN_POINT('',(-0.022569414679281,-9.06446850033635E-5,0.0085));
#6751=CARTESIAN_POINT('',(-0.022569414679281,-9.06446850033571E-5,0.0188887102593271));
#6752=CARTESIAN_POINT('',(-0.0177917042688865,-0.0091979949186201,0.0291112897406729));
#6753=CARTESIAN_POINT('',(-0.0177917042688865,-0.0091979949186201,0.0395));
#6754=CARTESIAN_POINT('',(-0.0225208558108087,0.000196771079405217,0.0085));
#6755=CARTESIAN_POINT('',(-0.0225208558108087,0.000196771079405223,0.0188872731608251));
#6756=CARTESIAN_POINT('',(-0.0179294776720425,-0.00885169428577951,0.0291127268391748));
#6757=CARTESIAN_POINT('',(-0.0179294776720425,-0.00885169428577951,0.0395));
#6758=CARTESIAN_POINT('',(-0.022503365219868,0.000338592284944551,0.0085));
#6759=CARTESIAN_POINT('',(-0.022503365219868,0.000338592284944557,0.0188865357873573));
#6760=CARTESIAN_POINT('',(-0.0180093126234458,-0.00867920470503469,0.0291134642126426));
#6761=CARTESIAN_POINT('',(-0.0180093126234459,-0.00867920470503469,0.0395));
#6762=CARTESIAN_POINT('',(-0.0224805718715923,0.000616764319678996,0.0085));
#6763=CARTESIAN_POINT('',(-0.0224805718715923,0.000616764319679002,0.0188850348794742));
#6764=CARTESIAN_POINT('',(-0.0181922501127759,-0.00833833158303713,0.0291149651205258));
#6765=CARTESIAN_POINT('',(-0.0181922501127759,-0.00833833158303713,0.0395));
#6766=CARTESIAN_POINT('',(-0.0224752672910667,0.000753114716896465,0.0085));
#6767=CARTESIAN_POINT('',(-0.0224752672910667,0.000753114716896471,0.0188842713450588));
#6768=CARTESIAN_POINT('',(-0.0182953567854027,-0.0081699468347926,0.0291157286549411));
#6769=CARTESIAN_POINT('',(-0.0182953567854027,-0.0081699468347926,0.0395));
#6770=CARTESIAN_POINT('',(-0.0224752672910667,0.0010399139351353,0.0085));
#6771=CARTESIAN_POINT('',(-0.0224752672910667,0.0010399139351353,0.0188826077223837));
#6772=CARTESIAN_POINT('',(-0.018544195974835,-0.00781456764240536,0.0291173922776162));
#6773=CARTESIAN_POINT('',(-0.0185441959748351,-0.00781456764240536,0.0395));
#6774=CARTESIAN_POINT('',(-0.0224752672910667,0.00118839953712789,0.0085));
#6775=CARTESIAN_POINT('',(-0.0224752672910667,0.0011883995371279,0.0188815900673964));
#6776=CARTESIAN_POINT('',(-0.018680487330153,-0.00761360322666013,0.0291184099326035));
#6777=CARTESIAN_POINT('',(-0.018680487330153,-0.00761360322666013,0.0395));
#6778=CARTESIAN_POINT('',(-0.0224752672910667,0.00147588617107761,0.0085));
#6779=CARTESIAN_POINT('',(-0.0224752672910667,0.00147588617107762,0.018879354607119));
#6780=CARTESIAN_POINT('',(-0.018955539531422,-0.0071924194336498,0.029120645392881));
#6781=CARTESIAN_POINT('',(-0.018955539531422,-0.0071924194336498,0.0395));
#6782=CARTESIAN_POINT('',(-0.0224752672910667,0.00161488720303474,0.0085));
#6783=CARTESIAN_POINT('',(-0.0224752672910667,0.00161488720303475,0.0188781375914682));
#6784=CARTESIAN_POINT('',(-0.0190942984272973,-0.00697219909810168,0.0291218624085318));
#6785=CARTESIAN_POINT('',(-0.0190942984272973,-0.00697219909810168,0.0395));
#6786=CARTESIAN_POINT('',(-0.0224752672910667,0.00188475963549001,0.0085));
#6787=CARTESIAN_POINT('',(-0.0224752672910667,0.00188475963549001,0.0188755599795069));
#6788=CARTESIAN_POINT('',(-0.0193713598287272,-0.00651398002317794,0.0291244400204931));
#6789=CARTESIAN_POINT('',(-0.0193713598287272,-0.00651398002317794,0.0395));
#6790=CARTESIAN_POINT('',(-0.0224752672910667,0.00201563103598816,0.0085));
#6791=CARTESIAN_POINT('',(-0.0224752672910667,0.00201563103598817,0.0188742000026276));
#6792=CARTESIAN_POINT('',(-0.0195096604396515,-0.00627598076993551,0.0291257999973723));
#6793=CARTESIAN_POINT('',(-0.0195096604396515,-0.00627598076993551,0.0395));
#6794=CARTESIAN_POINT('',(-0.0224752672910667,0.00227059914410198,0.0085));
#6795=CARTESIAN_POINT('',(-0.0224752672910667,0.00227059914410199,0.0188713921348598));
#6796=CARTESIAN_POINT('',(-0.0197830588417238,-0.00578392298408832,0.0291286078651402));
#6797=CARTESIAN_POINT('',(-0.0197830588417238,-0.00578392298408832,0.0395));
#6798=CARTESIAN_POINT('',(-0.0224752672910667,0.00239469585171765,0.0085));
#6799=CARTESIAN_POINT('',(-0.0224752672910667,0.00239469585171765,0.018869944243971));
#6800=CARTESIAN_POINT('',(-0.0199181548431086,-0.00552986437204443,0.0291300557560289));
#6801=CARTESIAN_POINT('',(-0.0199181548431086,-0.00552986437204443,0.0395));
#6802=CARTESIAN_POINT('',(-0.0224752672910667,0.002637469512643,0.0085));
#6803=CARTESIAN_POINT('',(-0.0224752672910667,0.00263746951264301,0.0188670149759719));
#6804=CARTESIAN_POINT('',(-0.0201826325166773,-0.00500765840462827,0.029132985024028));
#6805=CARTESIAN_POINT('',(-0.0201826325166774,-0.00500765840462827,0.0395));
#6806=CARTESIAN_POINT('',(-0.0224752672910667,0.00275614646595269,0.0085));
#6807=CARTESIAN_POINT('',(-0.0224752672910667,0.00275614646595269,0.018865534396793));
#6808=CARTESIAN_POINT('',(-0.0203120125603559,-0.00473951137810779,0.029134465603207));
#6809=CARTESIAN_POINT('',(-0.0203120125603559,-0.00473951137810779,0.0395));
#6810=CARTESIAN_POINT('',(-0.0224752672910667,0.00298943555684258,0.0085));
#6811=CARTESIAN_POINT('',(-0.0224752672910667,0.00298943555684258,0.0188625879872178));
#6812=CARTESIAN_POINT('',(-0.0205628332284434,-0.00419134666995788,0.0291374120127822));
#6813=CARTESIAN_POINT('',(-0.0205628332284434,-0.00419134666995788,0.0395));
#6814=CARTESIAN_POINT('',(-0.0224752672910667,0.00310404769442277,0.0085));
#6815=CARTESIAN_POINT('',(-0.0224752672910667,0.00310404769442277,0.0188611221568215));
#6816=CARTESIAN_POINT('',(-0.0206842724441043,-0.00391132968351986,0.0291388778431784));
#6817=CARTESIAN_POINT('',(-0.0206842724441043,-0.00391132968351986,0.0395));
#6818=CARTESIAN_POINT('',(-0.0224752672910667,0.00333056209243018,0.0085));
#6819=CARTESIAN_POINT('',(-0.0224752672910667,0.00333056209243018,0.0188582518839535));
#6820=CARTESIAN_POINT('',(-0.0209173185732272,-0.00334187515578086,0.0291417481160464));
#6821=CARTESIAN_POINT('',(-0.0209173185732272,-0.00334187515578086,0.0395));
#6822=CARTESIAN_POINT('',(-0.0224752672910667,0.00344246435285738,0.0085));
#6823=CARTESIAN_POINT('',(-0.0224752672910667,0.00344246435285738,0.0188568480210201));
#6824=CARTESIAN_POINT('',(-0.0210289243536723,-0.00305243861941366,0.0291431519789798));
#6825=CARTESIAN_POINT('',(-0.0210289243536723,-0.00305243861941366,0.0395));
#6826=CARTESIAN_POINT('',(-0.0224752672910667,0.00366491393513529,0.0085));
#6827=CARTESIAN_POINT('',(-0.0224752672910667,0.0036649139351353,0.0188541354053844));
#6828=CARTESIAN_POINT('',(-0.0212407812778831,-0.00246680136682418,0.0291458645946155));
#6829=CARTESIAN_POINT('',(-0.0212407812778832,-0.00246680136682418,0.0395));
#6830=CARTESIAN_POINT('',(-0.0224752672910667,0.00377546125698601,0.0085));
#6831=CARTESIAN_POINT('',(-0.0224752672910667,0.00377546125698601,0.0188528266526822));
#6832=CARTESIAN_POINT('',(-0.021341031613675,-0.00217060189608316,0.0291471733473178));
#6833=CARTESIAN_POINT('',(-0.021341031613675,-0.00217060189608316,0.0395));
#6834=CARTESIAN_POINT('',(-0.0224752672910667,0.00399655590068742,0.0085));
#6835=CARTESIAN_POINT('',(-0.0224752672910667,0.00399655590068743,0.0188503368207384));
#6836=CARTESIAN_POINT('',(-0.0215290551624999,-0.00157426738590835,0.0291496631792616));
#6837=CARTESIAN_POINT('',(-0.0215290551624999,-0.00157426738590835,0.0395));
#6838=CARTESIAN_POINT('',(-0.0224752672910667,0.00410710322253813,0.0085));
#6839=CARTESIAN_POINT('',(-0.0224752672910667,0.00410710322253814,0.0188491559339705));
#6840=CARTESIAN_POINT('',(-0.021616827931872,-0.00127413375358703,0.0291508440660294));
#6841=CARTESIAN_POINT('',(-0.021616827931872,-0.00127413375358703,0.0395));
#6842=CARTESIAN_POINT('',(-0.0224752672910667,0.00432955280481605,0.0085));
#6843=CARTESIAN_POINT('',(-0.0224752672910667,0.00432955280481605,0.0188469371613995));
#6844=CARTESIAN_POINT('',(-0.0217791926276426,-0.000672891661311413,0.0291530628386005));
#6845=CARTESIAN_POINT('',(-0.0217791926276426,-0.000672891661311413,0.0395));
#6846=CARTESIAN_POINT('',(-0.0224752672910667,0.00444145506524325,0.0085));
#6847=CARTESIAN_POINT('',(-0.0224752672910667,0.00444145506524326,0.0188458992755961));
#6848=CARTESIAN_POINT('',(-0.0218537845015158,-0.000371784685030357,0.0291541007244038));
#6849=CARTESIAN_POINT('',(-0.0218537845015158,-0.000371784685030357,0.0395));
#6850=CARTESIAN_POINT('',(-0.0224752672910667,0.00466796946325065,0.0085));
#6851=CARTESIAN_POINT('',(-0.0224752672910667,0.00466796946325066,0.0188439814475107));
#6852=CARTESIAN_POINT('',(-0.0219895099871157,0.000228354923744315,0.0291560185524892));
#6853=CARTESIAN_POINT('',(-0.0219895099871157,0.000228354923744315,0.0395));
#6854=CARTESIAN_POINT('',(-0.0224752672910667,0.00478258160083085,0.0085));
#6855=CARTESIAN_POINT('',(-0.0224752672910667,0.00478258160083086,0.0188431012030864));
#6856=CARTESIAN_POINT('',(-0.0220506439505491,0.000527386083172774,0.0291568987969135));
#6857=CARTESIAN_POINT('',(-0.0220506439505491,0.000527386083172774,0.0395));
#6858=CARTESIAN_POINT('',(-0.0224752672910667,0.00501587069172074,0.0085));
#6859=CARTESIAN_POINT('',(-0.0224752672910667,0.00501587069172074,0.0188414958232528));
#6860=CARTESIAN_POINT('',(-0.0221595980473693,0.00112028114942563,0.0291585041767471));
#6861=CARTESIAN_POINT('',(-0.0221595980473693,0.00112028114942563,0.0395));
#6862=CARTESIAN_POINT('',(-0.0224752672910667,0.00513454764503042,0.0085));
#6863=CARTESIAN_POINT('',(-0.0224752672910667,0.00513454764503042,0.0188407706878435));
#6864=CARTESIAN_POINT('',(-0.0222074189359896,0.00141414367875795,0.0291592293121563));
#6865=CARTESIAN_POINT('',(-0.0222074189359896,0.00141414367875795,0.0395));
#6866=CARTESIAN_POINT('',(-0.0224752672910667,0.00537732130595577,0.0085));
#6867=CARTESIAN_POINT('',(-0.0224752672910667,0.00537732130595578,0.0188394732958183));
#6868=CARTESIAN_POINT('',(-0.0222902965468488,0.00199360792600681,0.0291605267041816));
#6869=CARTESIAN_POINT('',(-0.0222902965468488,0.00199360792600681,0.0395));
#6870=CARTESIAN_POINT('',(-0.0224752672910667,0.00550141801357144,0.0085));
#6871=CARTESIAN_POINT('',(-0.0224752672910667,0.00550141801357145,0.018838900218878));
#6872=CARTESIAN_POINT('',(-0.0223253544144596,0.00227920844047137,0.0291610997811219));
#6873=CARTESIAN_POINT('',(-0.0223253544144596,0.00227920844047137,0.0395));
#6874=CARTESIAN_POINT('',(-0.0224752672910667,0.00575638612168526,0.0085));
#6875=CARTESIAN_POINT('',(-0.0224752672910667,0.00575638612168527,0.0188378909390505));
#6876=CARTESIAN_POINT('',(-0.0223836323057818,0.00283909346282106,0.0291621090609494));
#6877=CARTESIAN_POINT('',(-0.0223836323057818,0.00283909346282106,0.0395));
#6878=CARTESIAN_POINT('',(-0.0224752672910667,0.00588725752218341,0.0085));
#6879=CARTESIAN_POINT('',(-0.0224752672910667,0.00588725752218342,0.0188374547361633));
#6880=CARTESIAN_POINT('',(-0.0224068538411457,0.00311337700921304,0.0291625452638367));
#6881=CARTESIAN_POINT('',(-0.0224068538411457,0.00311337700921304,0.0395));
#6882=CARTESIAN_POINT('',(-0.0224752672910667,0.00615712995463869,0.0085));
#6883=CARTESIAN_POINT('',(-0.0224752672910667,0.00615712995463869,0.0188367048403505));
#6884=CARTESIAN_POINT('',(-0.0224427220918336,0.0036476439924516,0.0291632951596494));
#6885=CARTESIAN_POINT('',(-0.0224427220918336,0.0036476439924516,0.0395));
#6886=CARTESIAN_POINT('',(-0.0224752672910667,0.00629613098659581,0.0085));
#6887=CARTESIAN_POINT('',(-0.0224752672910667,0.00629613098659582,0.0188363898748042));
#6888=CARTESIAN_POINT('',(-0.0224553706538898,0.00390762676351802,0.0291636101251957));
#6889=CARTESIAN_POINT('',(-0.0224553706538898,0.00390762676351802,0.0395));
#6890=CARTESIAN_POINT('',(-0.0224752672910667,0.00658361762054553,0.0085));
#6891=CARTESIAN_POINT('',(-0.0224752672910667,0.00658361762054554,0.018835862845597));
#6892=CARTESIAN_POINT('',(-0.0224716421799778,0.00441040378999823,0.0291641371544029));
#6893=CARTESIAN_POINT('',(-0.0224716421799778,0.00441040378999823,0.0395));
#6894=CARTESIAN_POINT('',(-0.0224752672910667,0.00673210322253813,0.0085));
#6895=CARTESIAN_POINT('',(-0.0224752672910667,0.00673210322253814,0.0188356507819362));
#6896=CARTESIAN_POINT('',(-0.0224752672910667,0.00465319771187397,0.0291643492180637));
#6897=CARTESIAN_POINT('',(-0.0224752672910667,0.00465319771187397,0.0395));
#6898=CARTESIAN_POINT('',(-0.0224752672910667,0.00701890244077696,0.0085));
#6899=CARTESIAN_POINT('',(-0.0224752672910667,0.00701890244077697,0.0188353355855907));
#6900=CARTESIAN_POINT('',(-0.0224752672910667,0.00508703559931488,0.0291646644144093));
#6901=CARTESIAN_POINT('',(-0.0224752672910667,0.00508703559931488,0.0395));
#6902=CARTESIAN_POINT('',(-0.0224805718715923,0.00715525283799445,0.0085));
#6903=CARTESIAN_POINT('',(-0.0224805718715923,0.00715525283799445,0.0188352123274326));
#6904=CARTESIAN_POINT('',(-0.0224873887732387,0.00528410786791573,0.0291647876725674));
#6905=CARTESIAN_POINT('',(-0.0224873887732387,0.00528410786791573,0.0395));
#6906=CARTESIAN_POINT('',(-0.022503365219868,0.00743342487272889,0.0085));
#6907=CARTESIAN_POINT('',(-0.022503365219868,0.00743342487272889,0.0188350054828029));
#6908=CARTESIAN_POINT('',(-0.02253305194544,0.00566826341584817,0.029164994517197));
#6909=CARTESIAN_POINT('',(-0.0225330519454401,0.00566826341584817,0.0395));
#6910=CARTESIAN_POINT('',(-0.0225208558108087,0.0075752460782682,0.0085));
#6911=CARTESIAN_POINT('',(-0.0225208558108087,0.00757524607826821,0.0188349218963313));
#6912=CARTESIAN_POINT('',(-0.0225665909408235,0.00585535005545603,0.0291650781036686));
#6913=CARTESIAN_POINT('',(-0.0225665909408236,0.00585535005545603,0.0395));
#6914=CARTESIAN_POINT('',(-0.022569414679281,0.00786266184267678,0.0085));
#6915=CARTESIAN_POINT('',(-0.022569414679281,0.00786266184267678,0.0188347884786574));
#6916=CARTESIAN_POINT('',(-0.0226523634588705,0.00621804650439213,0.0291652115213425));
#6917=CARTESIAN_POINT('',(-0.0226523634588705,0.00621804650439213,0.0395));
#6918=CARTESIAN_POINT('',(-0.0226004847200478,0.00800825555526564,0.0085));
#6919=CARTESIAN_POINT('',(-0.0226004847200478,0.00800825555526565,0.0188347386474552));
#6920=CARTESIAN_POINT('',(-0.0227045951989546,0.00639365954942538,0.0291652613525447));
#6921=CARTESIAN_POINT('',(-0.0227045951989546,0.00639365954942538,0.0395));
#6922=CARTESIAN_POINT('',(-0.0226773567356863,0.00830128158903006,0.0085));
#6923=CARTESIAN_POINT('',(-0.0226773567356863,0.00830128158903007,0.0188346668239028));
#6924=CARTESIAN_POINT('',(-0.0228251986230901,0.00673240643484611,0.0291653331760971));
#6925=CARTESIAN_POINT('',(-0.0228251986230901,0.00673240643484611,0.0395));
#6926=CARTESIAN_POINT('',(-0.0227231603268373,0.00844871265439669,0.0085));
#6927=CARTESIAN_POINT('',(-0.0227231603268373,0.0084487126543967,0.0188346448315527));
#6928=CARTESIAN_POINT('',(-0.0228935692613489,0.00689554327558628,0.0291653551684472));
#6929=CARTESIAN_POINT('',(-0.0228935692613489,0.00689554327558628,0.0395));
#6930=CARTESIAN_POINT('',(-0.0228303634002345,0.00874327336130076,0.0085));
#6931=CARTESIAN_POINT('',(-0.0228303634002345,0.00874327336130077,0.0188346227692875));
#6932=CARTESIAN_POINT('',(-0.0230441087471688,0.00720872691987618,0.0291653772307124));
#6933=CARTESIAN_POINT('',(-0.0230441087471688,0.00720872691987618,0.0395));
#6934=CARTESIAN_POINT('',(-0.0228917642625474,0.008890401363576,0.0085));
#6935=CARTESIAN_POINT('',(-0.0228917642625474,0.008890401363576,0.0188346228517492));
#6936=CARTESIAN_POINT('',(-0.0231262771276102,0.00735877642572679,0.0291653771482507));
#6937=CARTESIAN_POINT('',(-0.0231262771276102,0.00735877642572679,0.0395));
#6938=CARTESIAN_POINT('',(-0.0230306902501156,0.00918205417398739,0.0085));
#6939=CARTESIAN_POINT('',(-0.0230306902501156,0.00918205417398739,0.0188346407632148));
#6940=CARTESIAN_POINT('',(-0.0233023053039819,0.00764548036176915,0.0291653592367851));
#6941=CARTESIAN_POINT('',(-0.0233023053039819,0.00764548036176915,0.0395));
#6942=CARTESIAN_POINT('',(-0.023108216433466,0.00932657700756495,0.0085));
#6943=CARTESIAN_POINT('',(-0.023108216433466,0.00932657700756495,0.0188346585922187));
#6944=CARTESIAN_POINT('',(-0.0233961650746848,0.00778213716897875,0.0291653414077813));
#6945=CARTESIAN_POINT('',(-0.0233961650746848,0.00778213716897875,0.0395));
#6946=CARTESIAN_POINT('',(-0.0232795489474787,0.00961061039001116,0.0085));
#6947=CARTESIAN_POINT('',(-0.0232795489474787,0.00961061039001117,0.0188347075161219));
#6948=CARTESIAN_POINT('',(-0.0235937110482098,0.00804198019402421,0.029165292483878));
#6949=CARTESIAN_POINT('',(-0.0235937110482098,0.00804198019402421,0.0395));
#6950=CARTESIAN_POINT('',(-0.0233733559380092,0.0097501186985234,0.0085));
#6951=CARTESIAN_POINT('',(-0.0233733559380092,0.00975011869852341,0.0188347386110213));
#6952=CARTESIAN_POINT('',(-0.0236973975535,0.00816516846126793,0.0291652613889786));
#6953=CARTESIAN_POINT('',(-0.0236973975535,0.00816516846126793,0.0395));
#6954=CARTESIAN_POINT('',(-0.0235770074070103,0.0100216701362104,0.0085));
#6955=CARTESIAN_POINT('',(-0.0235770074070103,0.0100216701362104,0.018834809586069));
#6956=CARTESIAN_POINT('',(-0.0239129692376734,0.00839816203040452,0.0291651904139309));
#6957=CARTESIAN_POINT('',(-0.0239129692376734,0.00839816203040452,0.0395));
#6958=CARTESIAN_POINT('',(-0.0236868520861843,0.0101537108477107,0.0085));
#6959=CARTESIAN_POINT('',(-0.0236868520861843,0.0101537108477107,0.0188348494662173));
#6960=CARTESIAN_POINT('',(-0.0240248549544484,0.00850796906815393,0.0291651505337827));
#6961=CARTESIAN_POINT('',(-0.0240248549544484,0.00850796906815393,0.0395));
#6962=CARTESIAN_POINT('',(-0.0239219245994441,0.0104079006269382,0.0085));
#6963=CARTESIAN_POINT('',(-0.0239219245994441,0.0104079006269383,0.0188349335311162));
#6964=CARTESIAN_POINT('',(-0.0242554215802146,0.00871439422779769,0.0291650664688837));
#6965=CARTESIAN_POINT('',(-0.0242554215802146,0.00871439422779769,0.0395));
#6966=CARTESIAN_POINT('',(-0.0240471521345983,0.0105300472031922,0.0085));
#6967=CARTESIAN_POINT('',(-0.0240471521345983,0.0105300472031922,0.0188349776149073));
#6968=CARTESIAN_POINT('',(-0.0243741031903683,0.00881101379579513,0.0291650223850927));
#6969=CARTESIAN_POINT('',(-0.0243741031903683,0.00881101379579513,0.0395));
#6970=CARTESIAN_POINT('',(-0.0243119256899944,0.0107621227330803,0.0085));
#6971=CARTESIAN_POINT('',(-0.0243119256899944,0.0107621227330803,0.0188350667693549));
#6972=CARTESIAN_POINT('',(-0.0246170635474058,0.00899131686108957,0.0291649332306451));
#6973=CARTESIAN_POINT('',(-0.0246170635474058,0.00899131686108957,0.0395));
#6974=CARTESIAN_POINT('',(-0.0244514708956998,0.0108720492346652,0.0085));
#6975=CARTESIAN_POINT('',(-0.0244514708956998,0.0108720492346652,0.0188351118400114));
#6976=CARTESIAN_POINT('',(-0.0247413431042813,0.00907500154324172,0.0291648881599885));
#6977=CARTESIAN_POINT('',(-0.0247413431042813,0.00907500154324172,0.0395));
#6978=CARTESIAN_POINT('',(-0.0247434214503137,0.0110775337252377,0.0085));
#6979=CARTESIAN_POINT('',(-0.0247434214503137,0.0110775337252377,0.0188351998523726));
#6980=CARTESIAN_POINT('',(-0.0249944838594764,0.00922970712736324,0.0291648001476273));
#6981=CARTESIAN_POINT('',(-0.0249944838594764,0.00922970712736324,0.0395));
#6982=CARTESIAN_POINT('',(-0.0248958254801275,0.0111730894181259,0.0085));
#6983=CARTESIAN_POINT('',(-0.0248958254801275,0.0111730894181259,0.0188352427940772));
#6984=CARTESIAN_POINT('',(-0.0251233459372524,0.00930072898245151,0.0291647572059227));
#6985=CARTESIAN_POINT('',(-0.0251233459372524,0.00930072898245151,0.0395));
#6986=CARTESIAN_POINT('',(-0.0252116737437076,0.0113479281692122,0.0085));
#6987=CARTESIAN_POINT('',(-0.0252116737437076,0.0113479281692122,0.0188353234327169));
#6988=CARTESIAN_POINT('',(-0.0253847933157213,0.00943036869386104,0.0291646765672831));
#6989=CARTESIAN_POINT('',(-0.0253847933157213,0.00943036869386104,0.0395));
#6990=CARTESIAN_POINT('',(-0.0253751161925969,0.0114272092000722,0.0085));
#6991=CARTESIAN_POINT('',(-0.0253751161925969,0.0114272092000722,0.018835361129652));
#6992=CARTESIAN_POINT('',(-0.0255173795384216,0.00948898729943369,0.0291646388703479));
#6993=CARTESIAN_POINT('',(-0.0255173795384216,0.00948898729943369,0.0395));
#6994=CARTESIAN_POINT('',(-0.0257109064959707,0.0115679065597245,0.0085));
#6995=CARTESIAN_POINT('',(-0.0257109064959707,0.0115679065597245,0.0188354281629351));
#6996=CARTESIAN_POINT('',(-0.0257855467477455,0.00959404235523476,0.0291645718370648));
#6997=CARTESIAN_POINT('',(-0.0257855467477455,0.00959404235523476,0.0395));
#6998=CARTESIAN_POINT('',(-0.0258832521650637,0.0116293212319319,0.0085));
#6999=CARTESIAN_POINT('',(-0.0258832521650637,0.0116293212319319,0.0188354573499501));
#7000=CARTESIAN_POINT('',(-0.0259211286819792,0.00964047937522636,0.0291645426500498));
#7001=CARTESIAN_POINT('',(-0.0259211286819792,0.00964047937522636,0.0395));
#7002=CARTESIAN_POINT('',(-0.0262344590857841,0.0117330615065587,0.0085));
#7003=CARTESIAN_POINT('',(-0.0262344590857841,0.0117330615065588,0.0188355059716585));
#7004=CARTESIAN_POINT('',(-0.0261946607122551,0.00972133547164166,0.0291644940283414));
#7005=CARTESIAN_POINT('',(-0.0261946607122551,0.00972133547164166,0.0395));
#7006=CARTESIAN_POINT('',(-0.0264133178400961,0.0117753859076889,0.0085));
#7007=CARTESIAN_POINT('',(-0.0264133178400961,0.0117753859076889,0.0188355254063521));
#7008=CARTESIAN_POINT('',(-0.0263326117722408,0.00975575495797379,0.0291644745936478));
#7009=CARTESIAN_POINT('',(-0.0263326117722408,0.00975575495797379,0.0395));
#7010=CARTESIAN_POINT('',(-0.0267749766919218,0.0118401321518877,0.0085));
#7011=CARTESIAN_POINT('',(-0.0267749766919218,0.0118401321518877,0.0188355534303498));
#7012=CARTESIAN_POINT('',(-0.0266103286051791,0.00981266794411428,0.02916444656965));
#7013=CARTESIAN_POINT('',(-0.0266103286051791,0.00981266794411428,0.0395));
#7014=CARTESIAN_POINT('',(-0.0269577740871952,0.0118625533104471,0.0085));
#7015=CARTESIAN_POINT('',(-0.0269577740871952,0.0118625533104471,0.0188355620196541));
#7016=CARTESIAN_POINT('',(-0.0267500953547356,0.00983516170802652,0.0291644379803458));
#7017=CARTESIAN_POINT('',(-0.0267500953547356,0.00983516170802652,0.0395));
#7018=CARTESIAN_POINT('',(-0.0273246299931661,0.0118871189641665,0.0085));
#7019=CARTESIAN_POINT('',(-0.0273246299931661,0.0118871189641665,0.0188355672598054));
#7020=CARTESIAN_POINT('',(-0.0270309341528207,0.00986823289089532,0.0291644327401945));
#7021=CARTESIAN_POINT('',(-0.0270309341528207,0.00986823289089532,0.0395));
#7022=CARTESIAN_POINT('',(-0.0275086857157943,0.0118892633259043,0.0085));
#7023=CARTESIAN_POINT('',(-0.0275086857157943,0.0118892633259043,0.0188355639106523));
#7024=CARTESIAN_POINT('',(-0.0271720071906223,0.00987881043606961,0.0291644360893475));
#7025=CARTESIAN_POINT('',(-0.0271720071906223,0.00987881043606961,0.0395));
#7026=CARTESIAN_POINT('',(-0.0278753548901818,0.0118733530393888,0.0085));
#7027=CARTESIAN_POINT('',(-0.0278753548901818,0.0118733530393889,0.0188355441808212));
#7028=CARTESIAN_POINT('',(-0.027454963700378,0.00988797067768502,0.0291644558191787));
#7029=CARTESIAN_POINT('',(-0.0274549637003781,0.00988797067768502,0.0395));
#7030=CARTESIAN_POINT('',(-0.0280579655920058,0.0118552988136521,0.0085));
#7031=CARTESIAN_POINT('',(-0.0280579655920058,0.0118552988136521,0.0188355277732114));
#7032=CARTESIAN_POINT('',(-0.0275968481761652,0.00988655336389444,0.0291644722267884));
#7033=CARTESIAN_POINT('',(-0.0275968481761652,0.00988655336389444,0.0395));
#7034=CARTESIAN_POINT('',(-0.0284191017371585,0.011799516418061,0.0085));
#7035=CARTESIAN_POINT('',(-0.0284191017371585,0.0117995164180611,0.0188354832241823));
#7036=CARTESIAN_POINT('',(-0.027880917357834,0.009871555497914,0.0291645167758176));
#7037=CARTESIAN_POINT('',(-0.027880917357834,0.009871555497914,0.0395));
#7038=CARTESIAN_POINT('',(-0.0285976245899293,0.0117617892018117,0.0085));
#7039=CARTESIAN_POINT('',(-0.0285976245899293,0.0117617892018117,0.0188354550827628));
#7040=CARTESIAN_POINT('',(-0.0280231030841211,0.00985797479379432,0.0291645449172371));
#7041=CARTESIAN_POINT('',(-0.0280231030841211,0.00985797479379432,0.0395));
#7042=CARTESIAN_POINT('',(-0.028948083024562,0.0116676125361775,0.0085));
#7043=CARTESIAN_POINT('',(-0.028948083024562,0.0116676125361775,0.0188353884176926));
#7044=CARTESIAN_POINT('',(-0.0283072188668711,0.00981839427688872,0.0291646115823073));
#7045=CARTESIAN_POINT('',(-0.0283072188668711,0.00981839427688872,0.0395));
#7046=CARTESIAN_POINT('',(-0.0291200162864184,0.0116111645187351,0.0085));
#7047=CARTESIAN_POINT('',(-0.0291200162864184,0.0116111645187351,0.0188353498940419));
#7048=CARTESIAN_POINT('',(-0.0284491499606472,0.00979239415846831,0.0291646501059581));
#7049=CARTESIAN_POINT('',(-0.0284491499606472,0.00979239415846831,0.0395));
#7050=CARTESIAN_POINT('',(-0.0294550085833731,0.0114808885913729,0.0085));
#7051=CARTESIAN_POINT('',(-0.0294550085833731,0.0114808885913729,0.0188352638160875));
#7052=CARTESIAN_POINT('',(-0.0287321240153914,0.00972763827188904,0.0291647361839124));
#7053=CARTESIAN_POINT('',(-0.0287321240153914,0.00972763827188904,0.0395));
#7054=CARTESIAN_POINT('',(-0.0296180656635864,0.0114070625147684,0.0085));
#7055=CARTESIAN_POINT('',(-0.0296180656635864,0.0114070625147684,0.018835216261784));
#7056=CARTESIAN_POINT('',(-0.0288731680273193,0.00968888202570759,0.0291647837382159));
#7057=CARTESIAN_POINT('',(-0.0288731680273193,0.00968888202570759,0.0395));
#7058=CARTESIAN_POINT('',(-0.0299332981733909,0.0112437141377767,0.0085));
#7059=CARTESIAN_POINT('',(-0.0299332981733909,0.0112437141377767,0.0188351134741025));
#7060=CARTESIAN_POINT('',(-0.0291536275507071,0.00959820834687845,0.0291648865258975));
#7061=CARTESIAN_POINT('',(-0.0291536275507071,0.00959820834687845,0.0395));
#7062=CARTESIAN_POINT('',(-0.0300854720859421,0.0111541939761487,0.0085));
#7063=CARTESIAN_POINT('',(-0.0300854720859421,0.0111541939761487,0.0188350583060387));
#7064=CARTESIAN_POINT('',(-0.0292930441177972,0.00954629023875608,0.0291649416939612));
#7065=CARTESIAN_POINT('',(-0.0292930441177972,0.00954629023875608,0.0395));
#7066=CARTESIAN_POINT('',(-0.0303772627095782,0.0109614224532741,0.0085));
#7067=CARTESIAN_POINT('',(-0.0303772627095782,0.0109614224532741,0.0188349440800435));
#7068=CARTESIAN_POINT('',(-0.029569368838163,0.0094288355018031,0.0291650559199564));
#7069=CARTESIAN_POINT('',(-0.029569368838163,0.0094288355018031,0.0395));
#7070=CARTESIAN_POINT('',(-0.0305168783887845,0.0108581734277006,0.0085));
#7071=CARTESIAN_POINT('',(-0.0305168783887845,0.0108581734277006,0.018834885022112));
#7072=CARTESIAN_POINT('',(-0.0297062780346655,0.0093632979692168,0.029165114977888));
#7073=CARTESIAN_POINT('',(-0.0297062780346655,0.0093632979692168,0.0395));
#7074=CARTESIAN_POINT('',(-0.0307822472617023,0.0106401230057189,0.0085));
#7075=CARTESIAN_POINT('',(-0.0307822472617023,0.0106401230057189,0.018834766674959));
#7076=CARTESIAN_POINT('',(-0.0299765369955148,0.00921811881391535,0.0291652333250409));
#7077=CARTESIAN_POINT('',(-0.0299765369955148,0.00921811881391535,0.0395));
#7078=CARTESIAN_POINT('',(-0.0309079999289275,0.0105253240277149,0.0085));
#7079=CARTESIAN_POINT('',(-0.0309079999289275,0.0105253240277149,0.0188347073857376));
#7080=CARTESIAN_POINT('',(-0.0301098877628256,0.00913847602365501,0.0291652926142623));
#7081=CARTESIAN_POINT('',(-0.0301098877628256,0.00913847602365501,0.0395));
#7082=CARTESIAN_POINT('',(-0.0311447311893135,0.0102864945733588,0.0085));
#7083=CARTESIAN_POINT('',(-0.0311447311893135,0.0102864945733588,0.0188345922345829));
#7084=CARTESIAN_POINT('',(-0.0303717769274852,0.00896460347482544,0.0291654077654171));
#7085=CARTESIAN_POINT('',(-0.0303717769274852,0.00896460347482544,0.0395));
#7086=CARTESIAN_POINT('',(-0.0312557097547805,0.0101624664852824,0.0085));
#7087=CARTESIAN_POINT('',(-0.0312557097547805,0.0101624664852824,0.0188345363726496));
#7088=CARTESIAN_POINT('',(-0.0305003162458888,0.0088703722464888,0.0291654636273504));
#7089=CARTESIAN_POINT('',(-0.0305003162458888,0.0088703722464888,0.0395));
#7090=CARTESIAN_POINT('',(-0.0314623831803916,0.00990756918872916,0.0085));
#7091=CARTESIAN_POINT('',(-0.0314623831803916,0.00990756918872917,0.018834431734649));
#7092=CARTESIAN_POINT('',(-0.0307510986163454,0.00866688204187391,0.0291655682653509));
#7093=CARTESIAN_POINT('',(-0.0307510986163454,0.00866688204187391,0.0395));
#7094=CARTESIAN_POINT('',(-0.0315580784802762,0.0097767022333382,0.0085));
#7095=CARTESIAN_POINT('',(-0.0315580784802762,0.0097767022333382,0.0188343828849472));
#7096=CARTESIAN_POINT('',(-0.0308733424488522,0.00855762125492691,0.0291656171150527));
#7097=CARTESIAN_POINT('',(-0.0308733424488522,0.00855762125492691,0.0395));
#7098=CARTESIAN_POINT('',(-0.0317340713749616,0.00951051706346961,0.0085));
#7099=CARTESIAN_POINT('',(-0.0317340713749616,0.00951051706346962,0.0188342979896051));
#7100=CARTESIAN_POINT('',(-0.0311097932208592,0.00832372230846146,0.0291657020103948));
#7101=CARTESIAN_POINT('',(-0.0311097932208593,0.00832372230846146,0.0395));
#7102=CARTESIAN_POINT('',(-0.0318143698244475,0.00937520087514361,0.0085));
#7103=CARTESIAN_POINT('',(-0.0318143698244475,0.00937520087514361,0.0188342619439649));
#7104=CARTESIAN_POINT('',(-0.0312240007210913,0.00819908196235023,0.0291657380560351));
#7105=CARTESIAN_POINT('',(-0.0312240007210913,0.00819908196235023,0.0395));
#7106=CARTESIAN_POINT('',(-0.0319598310098433,0.00910244205075004,0.0085));
#7107=CARTESIAN_POINT('',(-0.0319598310098433,0.00910244205075005,0.0188342085222108));
#7108=CARTESIAN_POINT('',(-0.0314423610212868,0.00793422525577718,0.0291657914777891));
#7109=CARTESIAN_POINT('',(-0.0314423610212868,0.00793422525577718,0.0395));
#7110=CARTESIAN_POINT('',(-0.0320249949465728,0.00896500113969044,0.0085));
#7111=CARTESIAN_POINT('',(-0.0320249949465728,0.00896500113969044,0.0188341911460969));
#7112=CARTESIAN_POINT('',(-0.0315465140594568,0.00779400630690403,0.029165808853903));
#7113=CARTESIAN_POINT('',(-0.0315465140594568,0.00779400630690403,0.0395));
#7114=CARTESIAN_POINT('',(-0.0321407939738682,0.00869019609110639,0.0085));
#7115=CARTESIAN_POINT('',(-0.0321407939738682,0.00869019609110639,0.0188341809288602));
#7116=CARTESIAN_POINT('',(-0.0317424580350907,0.00749801627210418,0.0291658190711396));
#7117=CARTESIAN_POINT('',(-0.0317424580350907,0.00749801627210418,0.0395));
#7118=CARTESIAN_POINT('',(-0.0321914305318122,0.00855283332348362,0.0085));
#7119=CARTESIAN_POINT('',(-0.0321914305318122,0.00855283332348363,0.0188341880877375));
#7120=CARTESIAN_POINT('',(-0.0318342487590418,0.00734224218658512,0.0291658119122625));
#7121=CARTESIAN_POINT('',(-0.0318342487590418,0.00734224218658512,0.0395));
#7122=CARTESIAN_POINT('',(-0.032279086202412,0.00828021957783499,0.0085));
#7123=CARTESIAN_POINT('',(-0.032279086202412,0.008280219577835,0.0188342328059477));
#7124=CARTESIAN_POINT('',(-0.032002870207992,0.00701547207949427,0.0291657671940522));
#7125=CARTESIAN_POINT('',(-0.032002870207992,0.00701547207949427,0.0395));
#7126=CARTESIAN_POINT('',(-0.0323161069645024,0.00814496958203155,0.0085));
#7127=CARTESIAN_POINT('',(-0.0323161069645024,0.00814496958203155,0.0188342700246295));
#7128=CARTESIAN_POINT('',(-0.0320797001106299,0.0068444726639997,0.0291657299753703));
#7129=CARTESIAN_POINT('',(-0.0320797001106299,0.0068444726639997,0.0395));
#7130=CARTESIAN_POINT('',(-0.0323776998923272,0.00787841280170751,0.0085));
#7131=CARTESIAN_POINT('',(-0.0323776998923272,0.00787841280170751,0.0188343832318345));
#7132=CARTESIAN_POINT('',(-0.0322155264145928,0.00648798442277825,0.0291656167681654));
#7133=CARTESIAN_POINT('',(-0.0322155264145928,0.00648798442277825,0.0395));
#7134=CARTESIAN_POINT('',(-0.0324022738058099,0.00774710660019751,0.0085));
#7135=CARTESIAN_POINT('',(-0.0324022738058099,0.00774710660019751,0.0188344592203577));
#7136=CARTESIAN_POINT('',(-0.0322745212001412,0.00630249186408102,0.0291655407796423));
#7137=CARTESIAN_POINT('',(-0.0322745212001412,0.00630249186408102,0.0395));
#7138=CARTESIAN_POINT('',(-0.032440348050655,0.00749004173146985,0.0085));
#7139=CARTESIAN_POINT('',(-0.032440348050655,0.00749004173146986,0.0188346590179333));
#7140=CARTESIAN_POINT('',(-0.032371563985496,0.00591825935324365,0.0291653409820666));
#7141=CARTESIAN_POINT('',(-0.032371563985496,0.00591825935324365,0.0395));
#7142=CARTESIAN_POINT('',(-0.0324538501502479,0.00736428325591433,0.0085));
#7143=CARTESIAN_POINT('',(-0.0324538501502479,0.00736428325591433,0.0188347828269858));
#7144=CARTESIAN_POINT('',(-0.0324096093678294,0.00571951543763768,0.0291652171730141));
#7145=CARTESIAN_POINT('',(-0.0324096093678294,0.00571951543763768,0.0395));
#7146=CARTESIAN_POINT('',(-0.0324713089098939,0.00711967949147608,0.0085));
#7147=CARTESIAN_POINT('',(-0.0324713089098939,0.00711967949147608,0.0188350873163082));
#7148=CARTESIAN_POINT('',(-0.0324614629419668,0.00531064765513936,0.0291649126836918));
#7149=CARTESIAN_POINT('',(-0.0324614629419669,0.00531064765513936,0.0395));
#7150=CARTESIAN_POINT('',(-0.0324752672910667,0.00700083402751521,0.0085));
#7151=CARTESIAN_POINT('',(-0.0324752672910667,0.00700083402751521,0.0188352679965781));
#7152=CARTESIAN_POINT('',(-0.0324752672910667,0.00510051977331849,0.0291647320034219));
#7153=CARTESIAN_POINT('',(-0.0324752672910667,0.00510051977331849,0.0395));
#7154=CARTESIAN_POINT('',(-0.0324752672910667,0.00671725857883672,0.0085));
#7155=CARTESIAN_POINT('',(-0.0324752672910667,0.00671725857883672,0.018835795609631));
#7156=CARTESIAN_POINT('',(-0.0324752672910667,0.00457075821852541,0.0291642043903689));
#7157=CARTESIAN_POINT('',(-0.0324752672910667,0.00457075821852541,0.0395));
#7158=CARTESIAN_POINT('',(-0.0324752672910667,0.00655671170383673,0.0085));
#7159=CARTESIAN_POINT('',(-0.0324752672910667,0.00655671170383674,0.0188362008671953));
#7160=CARTESIAN_POINT('',(-0.032470667197147,0.00423711710583678,0.0291637991328046));
#7161=CARTESIAN_POINT('',(-0.032470667197147,0.00423711710583678,0.0395));
#7162=CARTESIAN_POINT('',(-0.0324752672910667,0.00624997342258673,0.0085));
#7163=CARTESIAN_POINT('',(-0.0324752672910667,0.00624997342258674,0.0188372598150208));
#7164=CARTESIAN_POINT('',(-0.0324491632005761,0.00353801156326552,0.0291627401849791));
#7165=CARTESIAN_POINT('',(-0.0324491632005761,0.00353801156326552,0.0395));
#7166=CARTESIAN_POINT('',(-0.0324752672910667,0.00610378201633672,0.0085));
#7167=CARTESIAN_POINT('',(-0.0324752672910667,0.00610378201633672,0.0188379135052821));
#7168=CARTESIAN_POINT('',(-0.0324322543915151,0.0031725473516162,0.0291620864947179));
#7169=CARTESIAN_POINT('',(-0.0324322543915151,0.0031725473516162,0.0395));
#7170=CARTESIAN_POINT('',(-0.0324752672910667,0.00582370389133671,0.0085));
#7171=CARTESIAN_POINT('',(-0.0324752672910667,0.00582370389133672,0.0188395351797305));
#7172=CARTESIAN_POINT('',(-0.0323833431828217,0.00241494431485374,0.0291604648202694));
#7173=CARTESIAN_POINT('',(-0.0323833431828217,0.00241494431485374,0.0395));
#7174=CARTESIAN_POINT('',(-0.0324752672910667,0.00568981717258673,0.0085));
#7175=CARTESIAN_POINT('',(-0.0324752672910667,0.00568981717258673,0.0188405070735301));
#7176=CARTESIAN_POINT('',(-0.0323513365405535,0.00202280643381792,0.0291594929264699));
#7177=CARTESIAN_POINT('',(-0.0323513365405535,0.00202280643381792,0.0395));
#7178=CARTESIAN_POINT('',(-0.0324752672910667,0.00543229764133673,0.0085));
#7179=CARTESIAN_POINT('',(-0.0324752672910667,0.00543229764133673,0.01884282608455));
#7180=CARTESIAN_POINT('',(-0.032269902239431,0.00121717880069835,0.0291571739154499));
#7181=CARTESIAN_POINT('',(-0.032269902239431,0.00121717880069835,0.0395));
#7182=CARTESIAN_POINT('',(-0.0324752672910667,0.00530866482883671,0.0085));
#7183=CARTESIAN_POINT('',(-0.0324752672910667,0.00530866482883672,0.0188441732017704));
#7184=CARTESIAN_POINT('',(-0.0322204710764809,0.000803690661582769,0.0291558267982295));
#7185=CARTESIAN_POINT('',(-0.0322204710764809,0.000803690661582769,0.0395));
#7186=CARTESIAN_POINT('',(-0.0324752672910667,0.00506960232883671,0.0085));
#7187=CARTESIAN_POINT('',(-0.0324752672910667,0.00506960232883672,0.0188472957699021));
#7188=CARTESIAN_POINT('',(-0.0321024391591942,-3.91793361685922E-5,0.0291527042300978));
#7189=CARTESIAN_POINT('',(-0.0321024391591942,-3.91793361685922E-5,0.0395));
#7190=CARTESIAN_POINT('',(-0.0324752672910667,0.00495417264133673,0.0085));
#7191=CARTESIAN_POINT('',(-0.0324752672910667,0.00495417264133673,0.0188490737116403));
#7192=CARTESIAN_POINT('',(-0.0320338357106031,-0.000468559019097866,0.0291509262883596));
#7193=CARTESIAN_POINT('',(-0.0320338357106032,-0.000468559019097866,0.0395));
#7194=CARTESIAN_POINT('',(-0.0324752672910667,0.00472946561008673,0.0085));
#7195=CARTESIAN_POINT('',(-0.0324752672910667,0.00472946561008673,0.0188530741504995));
#7196=CARTESIAN_POINT('',(-0.0318763827437825,-0.00133767583368383,0.0291469258495004));
#7197=CARTESIAN_POINT('',(-0.0318763827437825,-0.00133767583368383,0.0395));
#7198=CARTESIAN_POINT('',(-0.0324752672910667,0.00462018826633672,0.0085));
#7199=CARTESIAN_POINT('',(-0.0324752672910667,0.00462018826633672,0.0188552966476206));
#7200=CARTESIAN_POINT('',(-0.0317875313982543,-0.00177741037391088,0.0291447033523794));
#7201=CARTESIAN_POINT('',(-0.0317875313982543,-0.00177741037391088,0.0395));
#7202=CARTESIAN_POINT('',(-0.0324752672910667,0.00440573514133671,0.0085));
#7203=CARTESIAN_POINT('',(-0.0324752672910667,0.00440573514133672,0.018860197437284));
#7204=CARTESIAN_POINT('',(-0.0315892462839245,-0.00266169463130606,0.0291398025627159));
#7205=CARTESIAN_POINT('',(-0.0315892462839245,-0.00266169463130606,0.0395));
#7206=CARTESIAN_POINT('',(-0.0324752672910667,0.00430055936008672,0.0085));
#7207=CARTESIAN_POINT('',(-0.0324752672910667,0.00430055936008674,0.0188628730424325));
#7208=CARTESIAN_POINT('',(-0.0314798115885518,-0.00310624151927651,0.0291371269575674));
#7209=CARTESIAN_POINT('',(-0.0314798115885518,-0.00310624151927651,0.0395));
#7210=CARTESIAN_POINT('',(-0.0324752672910667,0.00409225857883672,0.0085));
#7211=CARTESIAN_POINT('',(-0.0324752672910667,0.00409225857883674,0.0188686440562949));
#7212=CARTESIAN_POINT('',(-0.0312408049591632,-0.00399468423113229,0.029131355943705));
#7213=CARTESIAN_POINT('',(-0.0312408049591632,-0.00399468423113229,0.0395));
#7214=CARTESIAN_POINT('',(-0.0324752672910667,0.00398913357883671,0.0085));
#7215=CARTESIAN_POINT('',(-0.0324752672910667,0.00398913357883672,0.0188717393750732));
#7216=CARTESIAN_POINT('',(-0.0311112330030536,-0.00443857718571857,0.0291282606249267));
#7217=CARTESIAN_POINT('',(-0.0311112330030536,-0.00443857718571857,0.0395));
#7218=CARTESIAN_POINT('',(-0.0324752672910667,0.00378288357883671,0.0085));
#7219=CARTESIAN_POINT('',(-0.0324752672910667,0.00378288357883672,0.0188782923394874));
#7220=CARTESIAN_POINT('',(-0.0308331927880859,-0.00532040808635844,0.0291217076605125));
#7221=CARTESIAN_POINT('',(-0.0308331927880859,-0.00532040808635844,0.0395));
#7222=CARTESIAN_POINT('',(-0.0324752672910667,0.00367975857883673,0.0085));
#7223=CARTESIAN_POINT('',(-0.0324752672910667,0.00367975857883673,0.0188817521310258));
#7224=CARTESIAN_POINT('',(-0.0306847253818027,-0.00575834332838949,0.0291182478689741));
#7225=CARTESIAN_POINT('',(-0.0306847253818027,-0.00575834332838949,0.0395));
#7226=CARTESIAN_POINT('',(-0.0324752672910667,0.00347145779758673,0.0085));
#7227=CARTESIAN_POINT('',(-0.0324752672910667,0.00347145779758673,0.0188889418705207));
#7228=CARTESIAN_POINT('',(-0.0303709183462967,-0.0066232015627888,0.0291110581294792));
#7229=CARTESIAN_POINT('',(-0.0303709183462967,-0.0066232015627888,0.0395));
#7230=CARTESIAN_POINT('',(-0.0324752672910667,0.00336628201633671,0.0085));
#7231=CARTESIAN_POINT('',(-0.0324752672910667,0.00336628201633672,0.0188926718184773));
#7232=CARTESIAN_POINT('',(-0.0302055803809342,-0.00705012221743723,0.0291073281815226));
#7233=CARTESIAN_POINT('',(-0.0302055803809342,-0.00705012221743723,0.0395));
#7234=CARTESIAN_POINT('',(-0.0324752672910667,0.00315182889133672,0.0085));
#7235=CARTESIAN_POINT('',(-0.0324752672910667,0.00315182889133672,0.0189003054085642));
#7236=CARTESIAN_POINT('',(-0.0298608014246114,-0.0078882171438738,0.0290996945914357));
#7237=CARTESIAN_POINT('',(-0.0298608014246115,-0.0078882171438738,0.0395));
#7238=CARTESIAN_POINT('',(-0.0324752672910667,0.00304255154758673,0.0085));
#7239=CARTESIAN_POINT('',(-0.0324752672910667,0.00304255154758673,0.0189042068992503));
#7240=CARTESIAN_POINT('',(-0.0296813628154149,-0.00829938962957826,0.0290957931007496));
#7241=CARTESIAN_POINT('',(-0.0296813628154149,-0.00829938962957826,0.0395));
#7242=CARTESIAN_POINT('',(-0.0324752672910667,0.00281784451633673,0.0085));
#7243=CARTESIAN_POINT('',(-0.0324752672910667,0.00281784451633673,0.0189120455061642));
#7244=CARTESIAN_POINT('',(-0.0293118358097824,-0.00910163975657419,0.0290879544938357));
#7245=CARTESIAN_POINT('',(-0.0293118358097824,-0.00910163975657419,0.0395));
#7246=CARTESIAN_POINT('',(-0.0324752672910667,0.00270241482883672,0.0085));
#7247=CARTESIAN_POINT('',(-0.0324752672910667,0.00270241482883672,0.0189159826223921));
#7248=CARTESIAN_POINT('',(-0.0291217503965648,-0.00949271632318618,0.0290840173776078));
#7249=CARTESIAN_POINT('',(-0.0291217503965648,-0.00949271632318618,0.0395));
#7250=CARTESIAN_POINT('',(-0.0324752672910667,0.00246335232883672,0.0085));
#7251=CARTESIAN_POINT('',(-0.0324752672910667,0.00246335232883672,0.0189237587146462));
#7252=CARTESIAN_POINT('',(-0.0287349861132842,-0.0102508553314071,0.0290762412853537));
#7253=CARTESIAN_POINT('',(-0.0287349861132842,-0.0102508553314071,0.0395));
#7254=CARTESIAN_POINT('',(-0.0324752672910667,0.00233971951633672,0.0085));
#7255=CARTESIAN_POINT('',(-0.0324752672910667,0.00233971951633673,0.0189275953570473));
#7256=CARTESIAN_POINT('',(-0.028538310698159,-0.0106179175361424,0.0290724046429526));
#7257=CARTESIAN_POINT('',(-0.028538310698159,-0.0106179175361424,0.0395));
#7258=CARTESIAN_POINT('',(-0.0324752672910667,0.00208219998508673,0.0085));
#7259=CARTESIAN_POINT('',(-0.0324752672910667,0.00208219998508673,0.0189350153110283));
#7260=CARTESIAN_POINT('',(-0.028142928745568,-0.0113245578549825,0.0290649846889716));
#7261=CARTESIAN_POINT('',(-0.028142928745568,-0.0113245578549825,0.0395));
#7262=CARTESIAN_POINT('',(-0.0324752672910667,0.00194831326633671,0.0085));
#7263=CARTESIAN_POINT('',(-0.0324752672910667,0.00194831326633672,0.0189385986226081));
#7264=CARTESIAN_POINT('',(-0.0279442260036501,-0.011664136657688,0.0290614013773918));
#7265=CARTESIAN_POINT('',(-0.0279442260036501,-0.011664136657688,0.0395));
#7266=CARTESIAN_POINT('',(-0.0324752672910667,0.00166823514133672,0.0085));
#7267=CARTESIAN_POINT('',(-0.0324752672910667,0.00166823514133672,0.0189453613915772));
#7268=CARTESIAN_POINT('',(-0.0275497484702451,-0.0123127830507915,0.0290546386084228));
#7269=CARTESIAN_POINT('',(-0.0275497484702451,-0.0123127830507915,0.0395));
#7270=CARTESIAN_POINT('',(-0.0324752672910667,0.00152204373508673,0.0085));
#7271=CARTESIAN_POINT('',(-0.0324752672910667,0.00152204373508674,0.0189485395700297));
#7272=CARTESIAN_POINT('',(-0.0273539776956222,-0.0126218523013226,0.0290514604299702));
#7273=CARTESIAN_POINT('',(-0.0273539776956222,-0.0126218523013226,0.0395));
#7274=CARTESIAN_POINT('',(-0.0324752672910667,0.00121530545383673,0.0085));
#7275=CARTESIAN_POINT('',(-0.0324752672910667,0.00121530545383674,0.0189543404609002));
#7276=CARTESIAN_POINT('',(-0.0269706022726324,-0.013206860221414,0.0290456595390997));
#7277=CARTESIAN_POINT('',(-0.0269706022726324,-0.013206860221414,0.0395));
#7278=CARTESIAN_POINT('',(-0.0324752672910667,0.00105475857883672,0.0085));
#7279=CARTESIAN_POINT('',(-0.0324752672910667,0.00105475857883672,0.0189569619285503));
#7280=CARTESIAN_POINT('',(-0.0267830017685344,-0.0134828015264092,0.0290430380714496));
#7281=CARTESIAN_POINT('',(-0.0267830017685344,-0.0134828015264092,0.0395));
#7282=CARTESIAN_POINT('',(-0.0324752672910667,0.000771183130158223,0.0085));
#7283=CARTESIAN_POINT('',(-0.0324752672910667,0.000771183130158229,0.0189607820790051));
#7284=CARTESIAN_POINT('',(-0.0264791430238204,-0.0139167567870037,0.0290392179209948));
#7285=CARTESIAN_POINT('',(-0.0264791430238204,-0.0139167567870037,0.0395));
#7286=CARTESIAN_POINT('',(-0.0234752672910725,-0.00211399142116452,0.0085000000000004));
#7287=CARTESIAN_POINT('',(-0.023752685477238,-0.00248388229751354,0.00899318783513244));
#7288=CARTESIAN_POINT('',(-0.0243788227863643,-0.00319128052218378,0.00993638546802793));
#7289=CARTESIAN_POINT('',(-0.025247220801671,-0.00383097319882164,0.0107893090368778));
#7290=CARTESIAN_POINT('',(-0.0257925753195893,-0.00407148061740163,0.0111099855949845));
#7291=CARTESIAN_POINT('',(-0.0234752672910667,-0.00211399142116329,0.0085));
#7292=CARTESIAN_POINT('',(-0.0257925753195893,-0.00407148061740165,0.0111099855949844));
#7293=CARTESIAN_POINT('',(-0.0274752672910667,0.000886008578836715,0.0085));
#7294=CARTESIAN_POINT('',(-0.0224752672910667,0.000886008578836715,0.0085));
#7295=CARTESIAN_POINT('',(-0.0224752672910667,0.00388600857883672,0.0085));
#7296=CARTESIAN_POINT('',(-0.0224752672910667,0.00688600857883671,0.0085));
#7297=CARTESIAN_POINT('',(-0.0274752672910667,0.00688600857883672,0.0085));
#7298=CARTESIAN_POINT('',(-0.0324752672910667,0.00688600857883672,0.0085));
#7299=CARTESIAN_POINT('',(-0.0324752672910667,0.00388600857883672,0.0085));
#7300=CARTESIAN_POINT('',(-0.0324752672910667,0.000886008578836716,0.0085));
#7301=CARTESIAN_POINT('',(-0.0274752672910667,0.000886008578836715,0.0085));
#7302=CARTESIAN_POINT('',(-0.0314752672910667,-0.00211399142116329,0.0085));
#7303=CARTESIAN_POINT('',(-0.0283582002845723,-0.00426152231987962,0.0113633745316218));
#7304=CARTESIAN_POINT('',(-0.029100678772303,-0.00406665059457832,0.0111035455645534));
#7305=CARTESIAN_POINT('',(-0.030316050647548,-0.00338261775730218,0.0101915017816221));
#7306=CARTESIAN_POINT('',(-0.0311426647511793,-0.00255746543458805,0.00909129868435919));
#7307=CARTESIAN_POINT('',(-0.0314752647394827,-0.00211399142131866,0.0085));
#7308=CARTESIAN_POINT('',(-0.0283582002845722,-0.00426152231987962,0.0113633745316217));
#7309=CARTESIAN_POINT('',(-0.0283582002845722,-0.00426152231987961,0.0113633745316217));
#7310=CARTESIAN_POINT('',(-0.028590474083925,-0.00428822265557382,0.0118589160329432));
#7311=CARTESIAN_POINT('',(-0.0284801335837981,-0.00448592470142497,0.012749090304671));
#7312=CARTESIAN_POINT('',(-0.0276535594135904,-0.00481796056612895,0.0134297169609662));
#7313=CARTESIAN_POINT('',(-0.0268130438163401,-0.00488879581895279,0.0135658043859412));
#7314=CARTESIAN_POINT('',(-0.0260514668969707,-0.00468187601055526,0.0132464486645228));
#7315=CARTESIAN_POINT('',(-0.0255754909006773,-0.00435668623104493,0.0126441992826812));
#7316=CARTESIAN_POINT('',(-0.0254338068819063,-0.00408985890208366,0.0118578586821753));
#7317=CARTESIAN_POINT('',(-0.025631630031441,-0.00405832899153934,0.0113283296038131));
#7318=CARTESIAN_POINT('',(-0.0257925753195895,-0.00407148061740169,0.0111099855949845));
#7319=CARTESIAN_POINT('',(-0.0225064213688638,-0.0108731573217658,0.0395));
#7320=CARTESIAN_POINT('',(-0.0266021815903087,-0.013741039503521,0.0395));
#7321=CARTESIAN_POINT('',(-0.0184106611474188,-0.00800527514001058,0.0395));
#7322=CARTESIAN_POINT('',(-3.46944695195365E-18,0.0048860085788367,0.0395));
#7323=CARTESIAN_POINT('',(-0.0324752672910667,0.00488600857883671,0.0395));
#7324=CARTESIAN_POINT('',(-0.0274752672910667,0.0048860085788367,0.0395));
#7325=CARTESIAN_POINT('',(-0.0224752672910667,0.00488600857883671,0.0395));
#7326=CARTESIAN_POINT('',(4.5102810375397E-17,0.0048860085788367,0.0395));
#7327=CARTESIAN_POINT('',(-0.0274752672910667,0.00488600857883676,0.0876));
#7328=CARTESIAN_POINT('',(-0.0274752672910667,0.00488600857883673,0.033));
#7329=CARTESIAN_POINT('',(-0.0258752672910667,0.00488600857883673,0.033));
#7330=CARTESIAN_POINT('',(-0.0274752672910667,0.00488600857883672,0.0155));
#7331=CARTESIAN_POINT('',(-0.0274752672910667,0.00648600857883672,0.0155));
#7332=CARTESIAN_POINT('',(-0.0274752672910668,0.0048860085788367,0.033));
#7333=CARTESIAN_POINT('',(-0.0274752672910668,0.0048860085788367,0.033));
#7334=CARTESIAN_POINT('',(-0.0255752672910668,0.0048860085788367,0.033));
#7335=CARTESIAN_POINT('',(-0.0274752672910668,0.0048860085788367,0.0387));
#7336=CARTESIAN_POINT('',(-0.0255752672910668,0.0048860085788367,0.0387));
#7337=CARTESIAN_POINT('',(0.0187623663544666,-0.00299357437146456,0.0395));
#7338=CARTESIAN_POINT('',(-0.0225064213688638,-0.0108731573217658,0.0395));
#7339=CARTESIAN_POINT('',(-0.0204064213688638,-0.0108731573217658,0.0395));
#7340=CARTESIAN_POINT('',(-0.0274752672910668,0.0048860085788367,0.0395));
#7341=CARTESIAN_POINT('',(-0.0253752672910668,0.0048860085788367,0.0395));
#7342=CARTESIAN_POINT('',(-0.0462376336455334,0.00190227415737534,0.0085));
#7343=CARTESIAN_POINT('',(-0.167809219124468,-0.00211399142116329,0.0085));
#7344=CARTESIAN_POINT('',(-0.0274752672910667,0.0048860085788367,0.0085));
#7345=CARTESIAN_POINT('',(-0.0253752672910667,0.0048860085788367,0.0085));
#7346=CARTESIAN_POINT('',(-0.0249887660907264,-0.00299564108007087,0.033));
#7347=CARTESIAN_POINT('',(-0.0225064213688638,-0.0108731573217658,0.0387));
#7348=CARTESIAN_POINT('',(-0.0225064213688638,-0.0108731573217658,0.0387));
#7349=CARTESIAN_POINT('',(-0.0204064213688638,-0.0108731573217658,0.0387));
#7350=CARTESIAN_POINT('',(-0.0249887660907264,-0.00299564108007087,0.0387));
#7351=CARTESIAN_POINT('',(-0.0225064213688638,-0.0108731573217658,0.0387));
#7352=CARTESIAN_POINT('',(-0.0206064213688638,-0.0108731573217658,0.0387));
#7353=CARTESIAN_POINT('',(-0.0274752672910668,0.0048860085788367,0.0387));
#7354=CARTESIAN_POINT('',(-0.0274752672910668,0.0048860085788367,0.0387));
#7355=CARTESIAN_POINT('',(-0.0253752672910668,0.0048860085788367,0.0387));
#7356=CARTESIAN_POINT('',(-0.0249887660907264,-0.00299564108007087,0.0387));
#7357=CARTESIAN_POINT('',(0.0207123663544665,0.00669615404741751,0.033));
#7358=CARTESIAN_POINT('',(-0.0225064213688638,-0.0108731573217658,0.033));
#7359=CARTESIAN_POINT('',(-0.0206064213688638,-0.0108731573217658,0.033));
#7360=CARTESIAN_POINT('',(-0.0225064213688638,-0.0108731573217658,0.033));
#7361=CARTESIAN_POINT('',(-0.0274752672910667,0.0048860085788367,0.0093));
#7362=CARTESIAN_POINT('',(-0.0274752672910667,0.0048860085788367,0.0093));
#7363=CARTESIAN_POINT('',(-0.0253752672910667,0.0048860085788367,0.0093));
#7364=CARTESIAN_POINT('',(-0.0249887660907264,-0.00299564108007087,0.0093));
#7365=CARTESIAN_POINT('',(-0.0274752672910667,0.0048860085788367,0.0093));
#7366=CARTESIAN_POINT('',(-0.0255752672910667,0.0048860085788367,0.0093));
#7367=CARTESIAN_POINT('',(-0.0274752672910667,0.00488600857883671,0.0155));
#7368=CARTESIAN_POINT('',(-0.0274752672910667,0.00488600857883671,0.0155));
#7369=CARTESIAN_POINT('',(-0.0255752672910667,0.00488600857883671,0.0155));
#7370=CARTESIAN_POINT('',(-0.0462376336455334,0.00190227415737535,0.0155));
#7371=CARTESIAN_POINT('',(-0.027,-0.025,0.012));
#7372=CARTESIAN_POINT('',(-0.027,-0.0047389914211633,0.012));
#7373=CARTESIAN_POINT('',(-0.027,0.,0.012));
#7374=CARTESIAN_POINT('',(-0.027,0.,0.0105));
#7375=CARTESIAN_POINT('',(0.,0.,0.012));
#7376=CARTESIAN_POINT('',(-0.167809219124468,-0.00361399142116329,0.0105));
#7377=MECHANICAL_DESIGN_GEOMETRIC_PRESENTATION_REPRESENTATION('',(#3249),
#7381);
#7378=MECHANICAL_DESIGN_GEOMETRIC_PRESENTATION_REPRESENTATION('',(#3250),
#7382);
#7379=MECHANICAL_DESIGN_GEOMETRIC_PRESENTATION_REPRESENTATION('',(#3251),
#7383);
#7380=MECHANICAL_DESIGN_GEOMETRIC_PRESENTATION_REPRESENTATION('',(#3252),
#7384);
#7381=(
GEOMETRIC_REPRESENTATION_CONTEXT(3)
GLOBAL_UNCERTAINTY_ASSIGNED_CONTEXT((#7385))
GLOBAL_UNIT_ASSIGNED_CONTEXT((#7397,#7393,#7389))
REPRESENTATION_CONTEXT('Top Brace','TOP_LEVEL_ASSEMBLY_PART')
);
#7382=(
GEOMETRIC_REPRESENTATION_CONTEXT(3)
GLOBAL_UNCERTAINTY_ASSIGNED_CONTEXT((#7386))
GLOBAL_UNIT_ASSIGNED_CONTEXT((#7398,#7394,#7390))
REPRESENTATION_CONTEXT('Bottom Brace','TOP_LEVEL_ASSEMBLY_PART')
);
#7383=(
GEOMETRIC_REPRESENTATION_CONTEXT(3)
GLOBAL_UNCERTAINTY_ASSIGNED_CONTEXT((#7387))
GLOBAL_UNIT_ASSIGNED_CONTEXT((#7399,#7395,#7391))
REPRESENTATION_CONTEXT('Right Brace','TOP_LEVEL_ASSEMBLY_PART')
);
#7384=(
GEOMETRIC_REPRESENTATION_CONTEXT(3)
GLOBAL_UNCERTAINTY_ASSIGNED_CONTEXT((#7388))
GLOBAL_UNIT_ASSIGNED_CONTEXT((#7400,#7396,#7392))
REPRESENTATION_CONTEXT('Left Brace','TOP_LEVEL_ASSEMBLY_PART')
);
#7385=UNCERTAINTY_MEASURE_WITH_UNIT(LENGTH_MEASURE(2.E-5),#7397,
'DISTANCE_ACCURACY_VALUE','Maximum Tolerance applied to model');
#7386=UNCERTAINTY_MEASURE_WITH_UNIT(LENGTH_MEASURE(1.E-8),#7398,
'DISTANCE_ACCURACY_VALUE','Maximum Tolerance applied to model');
#7387=UNCERTAINTY_MEASURE_WITH_UNIT(LENGTH_MEASURE(2.E-5),#7399,
'DISTANCE_ACCURACY_VALUE','Maximum Tolerance applied to model');
#7388=UNCERTAINTY_MEASURE_WITH_UNIT(LENGTH_MEASURE(2.E-5),#7400,
'DISTANCE_ACCURACY_VALUE','Maximum Tolerance applied to model');
#7389=(
NAMED_UNIT(*)
SI_UNIT($,.STERADIAN.)
SOLID_ANGLE_UNIT()
);
#7390=(
NAMED_UNIT(*)
SI_UNIT($,.STERADIAN.)
SOLID_ANGLE_UNIT()
);
#7391=(
NAMED_UNIT(*)
SI_UNIT($,.STERADIAN.)
SOLID_ANGLE_UNIT()
);
#7392=(
NAMED_UNIT(*)
SI_UNIT($,.STERADIAN.)
SOLID_ANGLE_UNIT()
);
#7393=(
NAMED_UNIT(*)
PLANE_ANGLE_UNIT()
SI_UNIT($,.RADIAN.)
);
#7394=(
NAMED_UNIT(*)
PLANE_ANGLE_UNIT()
SI_UNIT($,.RADIAN.)
);
#7395=(
NAMED_UNIT(*)
PLANE_ANGLE_UNIT()
SI_UNIT($,.RADIAN.)
);
#7396=(
NAMED_UNIT(*)
PLANE_ANGLE_UNIT()
SI_UNIT($,.RADIAN.)
);
#7397=(
LENGTH_UNIT()
NAMED_UNIT(*)
SI_UNIT($,.METRE.)
);
#7398=(
LENGTH_UNIT()
NAMED_UNIT(*)
SI_UNIT($,.METRE.)
);
#7399=(
LENGTH_UNIT()
NAMED_UNIT(*)
SI_UNIT($,.METRE.)
);
#7400=(
LENGTH_UNIT()
NAMED_UNIT(*)
SI_UNIT($,.METRE.)
);
#7401=PRODUCT_DEFINITION_SHAPE('','',#7405);
#7402=PRODUCT_DEFINITION_SHAPE('','',#7406);
#7403=PRODUCT_DEFINITION_SHAPE('','',#7407);
#7404=PRODUCT_DEFINITION_SHAPE('','',#7408);
#7405=PRODUCT_DEFINITION('','',#7413,#7409);
#7406=PRODUCT_DEFINITION('','',#7414,#7410);
#7407=PRODUCT_DEFINITION('','',#7415,#7411);
#7408=PRODUCT_DEFINITION('','',#7416,#7412);
#7409=PRODUCT_DEFINITION_CONTEXT('',#7437,'design');
#7410=PRODUCT_DEFINITION_CONTEXT('',#7438,'design');
#7411=PRODUCT_DEFINITION_CONTEXT('',#7439,'design');
#7412=PRODUCT_DEFINITION_CONTEXT('',#7440,'design');
#7413=PRODUCT_DEFINITION_FORMATION_WITH_SPECIFIED_SOURCE('','',#7421,
 .NOT_KNOWN.);
#7414=PRODUCT_DEFINITION_FORMATION_WITH_SPECIFIED_SOURCE('','',#7422,
 .NOT_KNOWN.);
#7415=PRODUCT_DEFINITION_FORMATION_WITH_SPECIFIED_SOURCE('','',#7423,
 .NOT_KNOWN.);
#7416=PRODUCT_DEFINITION_FORMATION_WITH_SPECIFIED_SOURCE('','',#7424,
 .NOT_KNOWN.);
#7417=PRODUCT_RELATED_PRODUCT_CATEGORY('','',(#7421));
#7418=PRODUCT_RELATED_PRODUCT_CATEGORY('','',(#7422));
#7419=PRODUCT_RELATED_PRODUCT_CATEGORY('','',(#7423));
#7420=PRODUCT_RELATED_PRODUCT_CATEGORY('','',(#7424));
#7421=PRODUCT('Top Brace','Top Brace','Top Brace',(#7429));
#7422=PRODUCT('Bottom Brace','Bottom Brace','Bottom Brace',(#7430));
#7423=PRODUCT('Right Brace','Right Brace','Right Brace',(#7431));
#7424=PRODUCT('Left Brace','Left Brace','Left Brace',(#7432));
#7425=PRODUCT_CATEGORY('','');
#7426=PRODUCT_CATEGORY('','');
#7427=PRODUCT_CATEGORY('','');
#7428=PRODUCT_CATEGORY('','');
#7429=PRODUCT_CONTEXT('',#7437,'mechanical');
#7430=PRODUCT_CONTEXT('',#7438,'mechanical');
#7431=PRODUCT_CONTEXT('',#7439,'mechanical');
#7432=PRODUCT_CONTEXT('',#7440,'mechanical');
#7433=APPLICATION_PROTOCOL_DEFINITION('international standard',
'automotive_design',2010,#7437);
#7434=APPLICATION_PROTOCOL_DEFINITION('international standard',
'automotive_design',2010,#7438);
#7435=APPLICATION_PROTOCOL_DEFINITION('international standard',
'automotive_design',2010,#7439);
#7436=APPLICATION_PROTOCOL_DEFINITION('international standard',
'automotive_design',2010,#7440);
#7437=APPLICATION_CONTEXT(
'core data for automotive mechanical design processes');
#7438=APPLICATION_CONTEXT(
'core data for automotive mechanical design processes');
#7439=APPLICATION_CONTEXT(
'core data for automotive mechanical design processes');
#7440=APPLICATION_CONTEXT(
'core data for automotive mechanical design processes');
ENDSEC;
END-ISO-10303-21;
