ISO-10303-21;
HEADER;
/* Generated by software containing ST-Developer
 * from STEP Tools, Inc. (www.steptools.com) 
 */
/* OPTION: using custom renumber hook */

FILE_DESCRIPTION(
/* description */ ('STEP AP214',
'CAx-IF Rec.Pracs.---User Defined Attributes---1.5---2016-08-15'),
/* implementation_level */ '2;1');

FILE_NAME(
/* name */ '6a7bfb33e5d6ddc0b13a3ac2',
/* time_stamp */ '2026-08-12T04:48:52Z',
/* author */ (''),
/* organization */ (''),
/* preprocessor_version */ 'ST-DEVELOPER v20',
/* originating_system */ 'ONSHAPE BY PTC INC, 1.219',
/* authorisation */ '  ');

FILE_SCHEMA (('AUTOMOTIVE_DESIGN {1 0 10303 214 3 1 1}'));
ENDSEC;

DATA;
#10=PROPERTY_DEFINITION_REPRESENTATION(#14,#12);
#11=PROPERTY_DEFINITION_REPRESENTATION(#15,#13);
#12=REPRESENTATION('',(#16),#4222);
#13=REPRESENTATION('',(#17),#4222);
#14=PROPERTY_DEFINITION('pmi validation property','',#4242);
#15=PROPERTY_DEFINITION('pmi validation property','',#4242);
#16=VALUE_REPRESENTATION_ITEM('number of annotations',COUNT_MEASURE(0.));
#17=VALUE_REPRESENTATION_ITEM('number of views',COUNT_MEASURE(0.));
#18=SHAPE_REPRESENTATION_RELATIONSHIP('','',#2327,#22);
#19=SHAPE_REPRESENTATION_RELATIONSHIP('','',#2328,#23);
#20=SHAPE_REPRESENTATION_RELATIONSHIP('','',#2329,#24);
#21=SHAPE_REPRESENTATION_RELATIONSHIP('','',#2330,#25);
#22=ADVANCED_BREP_SHAPE_REPRESENTATION('',(#2319),#4219);
#23=ADVANCED_BREP_SHAPE_REPRESENTATION('',(#2320),#4220);
#24=ADVANCED_BREP_SHAPE_REPRESENTATION('',(#2321),#4221);
#25=ADVANCED_BREP_SHAPE_REPRESENTATION('',(#2322),#4222);
#26=(
BOUNDED_SURFACE()
B_SPLINE_SURFACE(3,2,((#3442,#3443,#3444),(#3445,#3446,#3447),(#3448,#3449,
#3450),(#3451,#3452,#3453),(#3454,#3455,#3456)),.UNSPECIFIED.,.F.,.F.,.F.)
B_SPLINE_SURFACE_WITH_KNOTS((4,1,4),(3,3),(0.00331140308395202,0.00433018999290313,
0.00534897690185425),(0.,1.),.UNSPECIFIED.)
GEOMETRIC_REPRESENTATION_ITEM()
RATIONAL_B_SPLINE_SURFACE(((1.,0.717261232915592,1.),(1.,0.719904576640345,
1.),(1.,0.723228261706905,1.),(1.,0.719913056708866,1.),(1.,0.717265458473491,
1.)))
REPRESENTATION_ITEM('')
SURFACE()
);
#27=(
BOUNDED_SURFACE()
B_SPLINE_SURFACE(3,2,((#3457,#3458,#3459),(#3460,#3461,#3462),(#3463,#3464,
#3465),(#3466,#3467,#3468),(#3469,#3470,#3471)),.UNSPECIFIED.,.F.,.F.,.F.)
B_SPLINE_SURFACE_WITH_KNOTS((4,1,4),(3,3),(0.00331140308395186,0.00433018999290316,
0.00534897690185446),(0.,1.),.UNSPECIFIED.)
GEOMETRIC_REPRESENTATION_ITEM()
RATIONAL_B_SPLINE_SURFACE(((1.,0.717261232915591,1.),(1.,0.719904576640192,
1.),(1.,0.723228261707283,1.),(1.,0.719913056708261,1.),(1.,0.71726545847349,
1.)))
REPRESENTATION_ITEM('')
SURFACE()
);
#28=(
BOUNDED_SURFACE()
B_SPLINE_SURFACE(3,2,((#3686,#3687,#3688),(#3689,#3690,#3691),(#3692,#3693,
#3694),(#3695,#3696,#3697),(#3698,#3699,#3700)),.UNSPECIFIED.,.F.,.F.,.F.)
B_SPLINE_SURFACE_WITH_KNOTS((4,1,4),(3,3),(0.00331140308395202,0.00433018999290313,
0.00534897690185425),(0.,1.),.UNSPECIFIED.)
GEOMETRIC_REPRESENTATION_ITEM()
RATIONAL_B_SPLINE_SURFACE(((1.,0.717261232915592,1.),(1.,0.719904576640269,
1.),(1.,0.723228261706895,1.),(1.,0.719913056708961,1.),(1.,0.717265458473491,
1.)))
REPRESENTATION_ITEM('')
SURFACE()
);
#29=(
BOUNDED_SURFACE()
B_SPLINE_SURFACE(3,2,((#3701,#3702,#3703),(#3704,#3705,#3706),(#3707,#3708,
#3709),(#3710,#3711,#3712),(#3713,#3714,#3715)),.UNSPECIFIED.,.F.,.F.,.F.)
B_SPLINE_SURFACE_WITH_KNOTS((4,1,4),(3,3),(0.00331140308395186,0.00433018999290316,
0.00534897690185446),(0.,1.),.UNSPECIFIED.)
GEOMETRIC_REPRESENTATION_ITEM()
RATIONAL_B_SPLINE_SURFACE(((1.,0.717261232915591,1.),(1.,0.719904576640325,
1.),(1.,0.723228261706867,1.),(1.,0.71991305670896,1.),(1.,0.71726545847349,
1.)))
REPRESENTATION_ITEM('')
SURFACE()
);
#30=(
BOUNDED_SURFACE()
B_SPLINE_SURFACE(3,2,((#3930,#3931,#3932),(#3933,#3934,#3935),(#3936,#3937,
#3938),(#3939,#3940,#3941),(#3942,#3943,#3944)),.UNSPECIFIED.,.F.,.F.,.F.)
B_SPLINE_SURFACE_WITH_KNOTS((4,1,4),(3,3),(0.00331140308395202,0.00433018999290313,
0.00534897690185425),(0.,1.),.UNSPECIFIED.)
GEOMETRIC_REPRESENTATION_ITEM()
RATIONAL_B_SPLINE_SURFACE(((1.,0.717261232915592,1.),(1.,0.719904576640269,
1.),(1.,0.723228261706895,1.),(1.,0.719913056708961,1.),(1.,0.717265458473491,
1.)))
REPRESENTATION_ITEM('')
SURFACE()
);
#31=(
BOUNDED_SURFACE()
B_SPLINE_SURFACE(3,2,((#3945,#3946,#3947),(#3948,#3949,#3950),(#3951,#3952,
#3953),(#3954,#3955,#3956),(#3957,#3958,#3959)),.UNSPECIFIED.,.F.,.F.,.F.)
B_SPLINE_SURFACE_WITH_KNOTS((4,1,4),(3,3),(0.00331140308395186,0.00433018999290316,
0.00534897690185446),(0.,1.),.UNSPECIFIED.)
GEOMETRIC_REPRESENTATION_ITEM()
RATIONAL_B_SPLINE_SURFACE(((1.,0.717261232915591,1.),(1.,0.719904576640325,
1.),(1.,0.723228261706867,1.),(1.,0.71991305670896,1.),(1.,0.71726545847349,
1.)))
REPRESENTATION_ITEM('')
SURFACE()
);
#32=(
BOUNDED_SURFACE()
B_SPLINE_SURFACE(3,2,((#4174,#4175,#4176),(#4177,#4178,#4179),(#4180,#4181,
#4182),(#4183,#4184,#4185),(#4186,#4187,#4188)),.UNSPECIFIED.,.F.,.F.,.F.)
B_SPLINE_SURFACE_WITH_KNOTS((4,1,4),(3,3),(0.00331140308395202,0.00433018999290313,
0.00534897690185425),(0.,1.),.UNSPECIFIED.)
GEOMETRIC_REPRESENTATION_ITEM()
RATIONAL_B_SPLINE_SURFACE(((1.,0.717261232915592,1.),(1.,0.719904576640345,
1.),(1.,0.723228261706905,1.),(1.,0.719913056708866,1.),(1.,0.717265458473491,
1.)))
REPRESENTATION_ITEM('')
SURFACE()
);
#33=(
BOUNDED_SURFACE()
B_SPLINE_SURFACE(3,2,((#4189,#4190,#4191),(#4192,#4193,#4194),(#4195,#4196,
#4197),(#4198,#4199,#4200),(#4201,#4202,#4203)),.UNSPECIFIED.,.F.,.F.,.F.)
B_SPLINE_SURFACE_WITH_KNOTS((4,1,4),(3,3),(0.00331140308395186,0.00433018999290316,
0.00534897690185446),(0.,1.),.UNSPECIFIED.)
GEOMETRIC_REPRESENTATION_ITEM()
RATIONAL_B_SPLINE_SURFACE(((1.,0.717261232915591,1.),(1.,0.719904576640192,
1.),(1.,0.723228261707283,1.),(1.,0.719913056708261,1.),(1.,0.71726545847349,
1.)))
REPRESENTATION_ITEM('')
SURFACE()
);
#34=TOROIDAL_SURFACE('',#2368,0.01344,0.00184);
#35=TOROIDAL_SURFACE('',#2431,0.01344,0.00184);
#36=TOROIDAL_SURFACE('',#2494,0.01344,0.00184);
#37=TOROIDAL_SURFACE('',#2557,0.01344,0.00184);
#38=CYLINDRICAL_SURFACE('',#2364,0.0176);
#39=CYLINDRICAL_SURFACE('',#2365,0.0176);
#40=CYLINDRICAL_SURFACE('',#2366,0.0121);
#41=CYLINDRICAL_SURFACE('',#2371,0.0121);
#42=CYLINDRICAL_SURFACE('',#2380,0.0035);
#43=CYLINDRICAL_SURFACE('',#2381,0.0016);
#44=CYLINDRICAL_SURFACE('',#2382,0.0035);
#45=CYLINDRICAL_SURFACE('',#2383,0.0016);
#46=CYLINDRICAL_SURFACE('',#2384,0.0035);
#47=CYLINDRICAL_SURFACE('',#2385,0.001);
#48=CYLINDRICAL_SURFACE('',#2386,0.001);
#49=CYLINDRICAL_SURFACE('',#2387,0.001);
#50=CYLINDRICAL_SURFACE('',#2388,0.001);
#51=CYLINDRICAL_SURFACE('',#2389,0.0014);
#52=CYLINDRICAL_SURFACE('',#2390,0.00774450443334799);
#53=CYLINDRICAL_SURFACE('',#2392,0.00238040094831434);
#54=CYLINDRICAL_SURFACE('',#2393,0.0013);
#55=CYLINDRICAL_SURFACE('',#2427,0.0176);
#56=CYLINDRICAL_SURFACE('',#2428,0.0176);
#57=CYLINDRICAL_SURFACE('',#2429,0.0121);
#58=CYLINDRICAL_SURFACE('',#2434,0.0121);
#59=CYLINDRICAL_SURFACE('',#2443,0.0035);
#60=CYLINDRICAL_SURFACE('',#2444,0.0016);
#61=CYLINDRICAL_SURFACE('',#2445,0.0035);
#62=CYLINDRICAL_SURFACE('',#2446,0.0016);
#63=CYLINDRICAL_SURFACE('',#2447,0.0035);
#64=CYLINDRICAL_SURFACE('',#2448,0.001);
#65=CYLINDRICAL_SURFACE('',#2449,0.001);
#66=CYLINDRICAL_SURFACE('',#2450,0.001);
#67=CYLINDRICAL_SURFACE('',#2451,0.001);
#68=CYLINDRICAL_SURFACE('',#2452,0.0014);
#69=CYLINDRICAL_SURFACE('',#2453,0.0013);
#70=CYLINDRICAL_SURFACE('',#2454,0.00238040094831434);
#71=CYLINDRICAL_SURFACE('',#2456,0.00774450443334799);
#72=CYLINDRICAL_SURFACE('',#2490,0.0176);
#73=CYLINDRICAL_SURFACE('',#2491,0.0176);
#74=CYLINDRICAL_SURFACE('',#2492,0.0121);
#75=CYLINDRICAL_SURFACE('',#2497,0.0121);
#76=CYLINDRICAL_SURFACE('',#2506,0.0035);
#77=CYLINDRICAL_SURFACE('',#2507,0.0016);
#78=CYLINDRICAL_SURFACE('',#2508,0.0035);
#79=CYLINDRICAL_SURFACE('',#2509,0.0016);
#80=CYLINDRICAL_SURFACE('',#2510,0.0035);
#81=CYLINDRICAL_SURFACE('',#2511,0.001);
#82=CYLINDRICAL_SURFACE('',#2512,0.001);
#83=CYLINDRICAL_SURFACE('',#2513,0.001);
#84=CYLINDRICAL_SURFACE('',#2514,0.001);
#85=CYLINDRICAL_SURFACE('',#2515,0.0014);
#86=CYLINDRICAL_SURFACE('',#2516,0.00774450443334799);
#87=CYLINDRICAL_SURFACE('',#2518,0.00238040094831434);
#88=CYLINDRICAL_SURFACE('',#2519,0.0013);
#89=CYLINDRICAL_SURFACE('',#2553,0.0176);
#90=CYLINDRICAL_SURFACE('',#2554,0.0176);
#91=CYLINDRICAL_SURFACE('',#2555,0.0121);
#92=CYLINDRICAL_SURFACE('',#2560,0.0121);
#93=CYLINDRICAL_SURFACE('',#2569,0.0035);
#94=CYLINDRICAL_SURFACE('',#2570,0.0016);
#95=CYLINDRICAL_SURFACE('',#2571,0.0035);
#96=CYLINDRICAL_SURFACE('',#2572,0.0016);
#97=CYLINDRICAL_SURFACE('',#2573,0.0035);
#98=CYLINDRICAL_SURFACE('',#2574,0.001);
#99=CYLINDRICAL_SURFACE('',#2575,0.001);
#100=CYLINDRICAL_SURFACE('',#2576,0.001);
#101=CYLINDRICAL_SURFACE('',#2577,0.001);
#102=CYLINDRICAL_SURFACE('',#2578,0.0014);
#103=CYLINDRICAL_SURFACE('',#2579,0.00774450443334799);
#104=CYLINDRICAL_SURFACE('',#2581,0.00238040094831434);
#105=CYLINDRICAL_SURFACE('',#2582,0.0013);
#106=B_SPLINE_CURVE_WITH_KNOTS('',3,(#3272,#3273,#3274,#3275),
 .UNSPECIFIED.,.F.,.F.,(4,4),(0.,0.000332712031941427),.UNSPECIFIED.);
#107=B_SPLINE_CURVE_WITH_KNOTS('',3,(#3356,#3357,#3358,#3359,#3360,#3361),
 .UNSPECIFIED.,.F.,.F.,(4,1,1,4),(2.16840434497101E-19,0.000331208510545326,
0.000662417021090652,0.0013248340421813),.UNSPECIFIED.);
#108=B_SPLINE_CURVE_WITH_KNOTS('',3,(#3365,#3366,#3367,#3368,#3369,#3370),
 .UNSPECIFIED.,.F.,.F.,(4,1,1,4),(0.,0.000659947352530069,0.000989921028795103,
0.00131989470506014),.UNSPECIFIED.);
#109=B_SPLINE_CURVE_WITH_KNOTS('',3,(#3372,#3373,#3374,#3375,#3376,#3377,
#3378),.UNSPECIFIED.,.F.,.F.,(4,1,1,1,4),(2.90123840241906E-7,0.00074053652908887,
0.0014807829343375,0.00222102933958613,0.00296127574483476),
 .UNSPECIFIED.);
#110=B_SPLINE_CURVE_WITH_KNOTS('',3,(#3383,#3384,#3385,#3386,#3387),
 .UNSPECIFIED.,.F.,.F.,(4,1,4),(0.,0.0013985500956841,0.00279710019136819),
 .UNSPECIFIED.);
#111=B_SPLINE_CURVE_WITH_KNOTS('',3,(#3388,#3389,#3390,#3391,#3392),
 .UNSPECIFIED.,.F.,.F.,(4,1,4),(1.37737378538163E-16,0.00139855009568412,
0.00279710019136809),.UNSPECIFIED.);
#112=B_SPLINE_CURVE_WITH_KNOTS('',3,(#3396,#3397,#3398,#3399,#3400,#3401),
 .UNSPECIFIED.,.F.,.F.,(4,1,1,4),(0.,0.000659947352530084,0.000989921028795126,
0.00131989470506017),.UNSPECIFIED.);
#113=B_SPLINE_CURVE_WITH_KNOTS('',3,(#3404,#3405,#3406,#3407,#3408,#3409),
 .UNSPECIFIED.,.F.,.F.,(4,1,1,4),(1.75640751942652E-17,0.000331208510545345,
0.000662417021090673,0.00132483404218133),.UNSPECIFIED.);
#114=B_SPLINE_CURVE_WITH_KNOTS('',3,(#3410,#3411,#3412,#3413,#3414,#3415,
#3416),.UNSPECIFIED.,.F.,.F.,(4,1,1,1,4),(0.00579590500638497,0.00727838070942842,
0.00876085641247188,0.0102433321155153,0.0117258078185588),
 .UNSPECIFIED.);
#115=B_SPLINE_CURVE_WITH_KNOTS('',3,(#3424,#3425,#3426,#3427),
 .UNSPECIFIED.,.F.,.F.,(4,4),(0.,0.000332712031941427),.UNSPECIFIED.);
#116=B_SPLINE_CURVE_WITH_KNOTS('',3,(#3516,#3517,#3518,#3519),
 .UNSPECIFIED.,.F.,.F.,(4,4),(0.,0.000332712031941335),.UNSPECIFIED.);
#117=B_SPLINE_CURVE_WITH_KNOTS('',3,(#3600,#3601,#3602,#3603,#3604,#3605),
 .UNSPECIFIED.,.F.,.F.,(4,1,1,4),(0.,0.000659947352530094,0.00098992102879514,
0.00131989470506019),.UNSPECIFIED.);
#118=B_SPLINE_CURVE_WITH_KNOTS('',3,(#3609,#3610,#3611,#3612,#3613,#3614),
 .UNSPECIFIED.,.F.,.F.,(4,1,1,4),(1.50263732697488E-17,0.000331208510545333,
0.000662417021090651,0.00132483404218129),.UNSPECIFIED.);
#119=B_SPLINE_CURVE_WITH_KNOTS('',3,(#3616,#3617,#3618,#3619,#3620,#3621,
#3622),.UNSPECIFIED.,.F.,.F.,(4,1,1,1,4),(2.90123840241435E-7,0.000740536529088859,
0.00148078293433748,0.00222102933958609,0.00296127574483471),
 .UNSPECIFIED.);
#120=B_SPLINE_CURVE_WITH_KNOTS('',3,(#3627,#3628,#3629,#3630,#3631),
 .UNSPECIFIED.,.F.,.F.,(4,1,4),(1.40840324383274E-16,0.00139855009568411,
0.00279710019136808),.UNSPECIFIED.);
#121=B_SPLINE_CURVE_WITH_KNOTS('',3,(#3632,#3633,#3634,#3635,#3636),
 .UNSPECIFIED.,.F.,.F.,(4,1,4),(0.,0.00139855009568411,0.00279710019136823),
 .UNSPECIFIED.);
#122=B_SPLINE_CURVE_WITH_KNOTS('',3,(#3640,#3641,#3642,#3643,#3644,#3645,
#3646),.UNSPECIFIED.,.F.,.F.,(4,1,1,1,4),(0.00579590500638499,0.00727838070942849,
0.00876085641247198,0.0102433321155155,0.011725807818559),.UNSPECIFIED.);
#123=B_SPLINE_CURVE_WITH_KNOTS('',3,(#3647,#3648,#3649,#3650,#3651,#3652),
 .UNSPECIFIED.,.F.,.F.,(4,1,1,4),(0.,0.000331208510545366,0.000662417021090731,
0.00132483404218146),.UNSPECIFIED.);
#124=B_SPLINE_CURVE_WITH_KNOTS('',3,(#3655,#3656,#3657,#3658,#3659,#3660),
 .UNSPECIFIED.,.F.,.F.,(4,1,1,4),(0.,0.000659947352530102,0.000989921028795153,
0.0013198947050602),.UNSPECIFIED.);
#125=B_SPLINE_CURVE_WITH_KNOTS('',3,(#3664,#3665,#3666,#3667),
 .UNSPECIFIED.,.F.,.F.,(4,4),(0.,0.000332712031941335),.UNSPECIFIED.);
#126=B_SPLINE_CURVE_WITH_KNOTS('',3,(#3760,#3761,#3762,#3763),
 .UNSPECIFIED.,.F.,.F.,(4,4),(0.,0.000332712031941335),.UNSPECIFIED.);
#127=B_SPLINE_CURVE_WITH_KNOTS('',3,(#3844,#3845,#3846,#3847,#3848,#3849),
 .UNSPECIFIED.,.F.,.F.,(4,1,1,4),(1.50263732697488E-17,0.000331208510545333,
0.000662417021090651,0.00132483404218129),.UNSPECIFIED.);
#128=B_SPLINE_CURVE_WITH_KNOTS('',3,(#3853,#3854,#3855,#3856,#3857,#3858),
 .UNSPECIFIED.,.F.,.F.,(4,1,1,4),(0.,0.000659947352530094,0.00098992102879514,
0.00131989470506019),.UNSPECIFIED.);
#129=B_SPLINE_CURVE_WITH_KNOTS('',3,(#3860,#3861,#3862,#3863,#3864,#3865,
#3866),.UNSPECIFIED.,.F.,.F.,(4,1,1,1,4),(2.90123840241435E-7,0.000740536529088859,
0.00148078293433748,0.00222102933958609,0.00296127574483471),
 .UNSPECIFIED.);
#130=B_SPLINE_CURVE_WITH_KNOTS('',3,(#3871,#3872,#3873,#3874,#3875),
 .UNSPECIFIED.,.F.,.F.,(4,1,4),(0.,0.00139855009568411,0.00279710019136823),
 .UNSPECIFIED.);
#131=B_SPLINE_CURVE_WITH_KNOTS('',3,(#3876,#3877,#3878,#3879,#3880),
 .UNSPECIFIED.,.F.,.F.,(4,1,4),(1.40840324383274E-16,0.00139855009568411,
0.00279710019136808),.UNSPECIFIED.);
#132=B_SPLINE_CURVE_WITH_KNOTS('',3,(#3884,#3885,#3886,#3887,#3888,#3889),
 .UNSPECIFIED.,.F.,.F.,(4,1,1,4),(0.,0.000659947352530102,0.000989921028795153,
0.0013198947050602),.UNSPECIFIED.);
#133=B_SPLINE_CURVE_WITH_KNOTS('',3,(#3892,#3893,#3894,#3895,#3896,#3897),
 .UNSPECIFIED.,.F.,.F.,(4,1,1,4),(0.,0.000331208510545366,0.000662417021090731,
0.00132483404218146),.UNSPECIFIED.);
#134=B_SPLINE_CURVE_WITH_KNOTS('',3,(#3898,#3899,#3900,#3901,#3902,#3903,
#3904),.UNSPECIFIED.,.F.,.F.,(4,1,1,1,4),(0.00579590500638499,0.00727838070942849,
0.00876085641247198,0.0102433321155155,0.011725807818559),.UNSPECIFIED.);
#135=B_SPLINE_CURVE_WITH_KNOTS('',3,(#3912,#3913,#3914,#3915),
 .UNSPECIFIED.,.F.,.F.,(4,4),(0.,0.000332712031941335),.UNSPECIFIED.);
#136=B_SPLINE_CURVE_WITH_KNOTS('',3,(#4004,#4005,#4006,#4007),
 .UNSPECIFIED.,.F.,.F.,(4,4),(0.,0.000332712031941427),.UNSPECIFIED.);
#137=B_SPLINE_CURVE_WITH_KNOTS('',3,(#4088,#4089,#4090,#4091,#4092,#4093),
 .UNSPECIFIED.,.F.,.F.,(4,1,1,4),(0.,0.000659947352530069,0.000989921028795103,
0.00131989470506014),.UNSPECIFIED.);
#138=B_SPLINE_CURVE_WITH_KNOTS('',3,(#4097,#4098,#4099,#4100,#4101,#4102),
 .UNSPECIFIED.,.F.,.F.,(4,1,1,4),(2.16840434497101E-19,0.000331208510545326,
0.000662417021090652,0.0013248340421813),.UNSPECIFIED.);
#139=B_SPLINE_CURVE_WITH_KNOTS('',3,(#4104,#4105,#4106,#4107,#4108,#4109,
#4110),.UNSPECIFIED.,.F.,.F.,(4,1,1,1,4),(2.90123840241906E-7,0.00074053652908887,
0.0014807829343375,0.00222102933958613,0.00296127574483476),
 .UNSPECIFIED.);
#140=B_SPLINE_CURVE_WITH_KNOTS('',3,(#4115,#4116,#4117,#4118,#4119),
 .UNSPECIFIED.,.F.,.F.,(4,1,4),(1.37737378538163E-16,0.00139855009568412,
0.00279710019136809),.UNSPECIFIED.);
#141=B_SPLINE_CURVE_WITH_KNOTS('',3,(#4120,#4121,#4122,#4123,#4124),
 .UNSPECIFIED.,.F.,.F.,(4,1,4),(0.,0.0013985500956841,0.00279710019136819),
 .UNSPECIFIED.);
#142=B_SPLINE_CURVE_WITH_KNOTS('',3,(#4128,#4129,#4130,#4131,#4132,#4133,
#4134),.UNSPECIFIED.,.F.,.F.,(4,1,1,1,4),(0.00579590500638497,0.00727838070942842,
0.00876085641247188,0.0102433321155153,0.0117258078185588),
 .UNSPECIFIED.);
#143=B_SPLINE_CURVE_WITH_KNOTS('',3,(#4135,#4136,#4137,#4138,#4139,#4140),
 .UNSPECIFIED.,.F.,.F.,(4,1,1,4),(1.75640751942652E-17,0.000331208510545345,
0.000662417021090673,0.00132483404218133),.UNSPECIFIED.);
#144=B_SPLINE_CURVE_WITH_KNOTS('',3,(#4143,#4144,#4145,#4146,#4147,#4148),
 .UNSPECIFIED.,.F.,.F.,(4,1,1,4),(0.,0.000659947352530084,0.000989921028795126,
0.00131989470506017),.UNSPECIFIED.);
#145=B_SPLINE_CURVE_WITH_KNOTS('',3,(#4152,#4153,#4154,#4155),
 .UNSPECIFIED.,.F.,.F.,(4,4),(0.,0.000332712031941427),.UNSPECIFIED.);
#146=CIRCLE('',#2333,0.001);
#147=CIRCLE('',#2334,0.0176);
#148=CIRCLE('',#2335,0.001);
#149=CIRCLE('',#2336,0.0121);
#150=CIRCLE('',#2337,0.001);
#151=CIRCLE('',#2338,0.0176);
#152=CIRCLE('',#2339,0.001);
#153=CIRCLE('',#2341,0.0016);
#154=CIRCLE('',#2342,0.0035);
#155=CIRCLE('',#2343,0.0035);
#156=CIRCLE('',#2345,0.0016);
#157=CIRCLE('',#2346,0.0035);
#158=CIRCLE('',#2347,0.0035);
#159=CIRCLE('',#2350,0.0121);
#160=CIRCLE('',#2351,0.001);
#161=CIRCLE('',#2352,0.0176);
#162=CIRCLE('',#2353,0.001);
#163=CIRCLE('',#2354,0.001);
#164=CIRCLE('',#2355,0.0176);
#165=CIRCLE('',#2356,0.001);
#166=CIRCLE('',#2359,0.00238040094831434);
#167=CIRCLE('',#2360,0.00774450443334799);
#168=CIRCLE('',#2361,0.0035);
#169=CIRCLE('',#2362,0.0016);
#170=CIRCLE('',#2363,0.0013);
#171=CIRCLE('',#2367,0.0121);
#172=CIRCLE('',#2369,0.0121);
#173=CIRCLE('',#2370,0.0121);
#174=CIRCLE('',#2373,0.00774450443334799);
#175=CIRCLE('',#2374,0.00238040094831434);
#176=CIRCLE('',#2375,0.0035);
#177=CIRCLE('',#2376,0.0016);
#178=CIRCLE('',#2377,0.0013);
#179=CIRCLE('',#2379,0.0014);
#180=CIRCLE('',#2396,0.001);
#181=CIRCLE('',#2397,0.0176);
#182=CIRCLE('',#2398,0.001);
#183=CIRCLE('',#2399,0.0121);
#184=CIRCLE('',#2400,0.001);
#185=CIRCLE('',#2401,0.0176);
#186=CIRCLE('',#2402,0.001);
#187=CIRCLE('',#2404,0.0016);
#188=CIRCLE('',#2405,0.0035);
#189=CIRCLE('',#2406,0.0035);
#190=CIRCLE('',#2408,0.0016);
#191=CIRCLE('',#2409,0.0035);
#192=CIRCLE('',#2410,0.0035);
#193=CIRCLE('',#2413,0.001);
#194=CIRCLE('',#2414,0.0176);
#195=CIRCLE('',#2415,0.001);
#196=CIRCLE('',#2416,0.001);
#197=CIRCLE('',#2417,0.0176);
#198=CIRCLE('',#2418,0.001);
#199=CIRCLE('',#2419,0.0121);
#200=CIRCLE('',#2422,0.00238040094831434);
#201=CIRCLE('',#2423,0.0035);
#202=CIRCLE('',#2424,0.00774450443334799);
#203=CIRCLE('',#2425,0.0016);
#204=CIRCLE('',#2426,0.0013);
#205=CIRCLE('',#2430,0.0121);
#206=CIRCLE('',#2432,0.0121);
#207=CIRCLE('',#2433,0.0121);
#208=CIRCLE('',#2436,0.00774450443334799);
#209=CIRCLE('',#2437,0.0035);
#210=CIRCLE('',#2438,0.00238040094831434);
#211=CIRCLE('',#2439,0.0016);
#212=CIRCLE('',#2440,0.0013);
#213=CIRCLE('',#2442,0.0014);
#214=CIRCLE('',#2459,0.001);
#215=CIRCLE('',#2460,0.0176);
#216=CIRCLE('',#2461,0.001);
#217=CIRCLE('',#2462,0.0121);
#218=CIRCLE('',#2463,0.001);
#219=CIRCLE('',#2464,0.0176);
#220=CIRCLE('',#2465,0.001);
#221=CIRCLE('',#2467,0.0016);
#222=CIRCLE('',#2468,0.0035);
#223=CIRCLE('',#2469,0.0035);
#224=CIRCLE('',#2471,0.0016);
#225=CIRCLE('',#2472,0.0035);
#226=CIRCLE('',#2473,0.0035);
#227=CIRCLE('',#2476,0.0121);
#228=CIRCLE('',#2477,0.001);
#229=CIRCLE('',#2478,0.0176);
#230=CIRCLE('',#2479,0.001);
#231=CIRCLE('',#2480,0.001);
#232=CIRCLE('',#2481,0.0176);
#233=CIRCLE('',#2482,0.001);
#234=CIRCLE('',#2485,0.00238040094831434);
#235=CIRCLE('',#2486,0.00774450443334799);
#236=CIRCLE('',#2487,0.0035);
#237=CIRCLE('',#2488,0.0016);
#238=CIRCLE('',#2489,0.0013);
#239=CIRCLE('',#2493,0.0121);
#240=CIRCLE('',#2495,0.0121);
#241=CIRCLE('',#2496,0.0121);
#242=CIRCLE('',#2499,0.00774450443334799);
#243=CIRCLE('',#2500,0.00238040094831434);
#244=CIRCLE('',#2501,0.0035);
#245=CIRCLE('',#2502,0.0016);
#246=CIRCLE('',#2503,0.0013);
#247=CIRCLE('',#2505,0.0014);
#248=CIRCLE('',#2522,0.001);
#249=CIRCLE('',#2523,0.0176);
#250=CIRCLE('',#2524,0.001);
#251=CIRCLE('',#2525,0.0121);
#252=CIRCLE('',#2526,0.001);
#253=CIRCLE('',#2527,0.0176);
#254=CIRCLE('',#2528,0.001);
#255=CIRCLE('',#2530,0.0016);
#256=CIRCLE('',#2531,0.0035);
#257=CIRCLE('',#2532,0.0035);
#258=CIRCLE('',#2534,0.0016);
#259=CIRCLE('',#2535,0.0035);
#260=CIRCLE('',#2536,0.0035);
#261=CIRCLE('',#2539,0.001);
#262=CIRCLE('',#2540,0.0176);
#263=CIRCLE('',#2541,0.001);
#264=CIRCLE('',#2542,0.001);
#265=CIRCLE('',#2543,0.0176);
#266=CIRCLE('',#2544,0.001);
#267=CIRCLE('',#2545,0.0121);
#268=CIRCLE('',#2548,0.00238040094831434);
#269=CIRCLE('',#2549,0.0035);
#270=CIRCLE('',#2550,0.00774450443334799);
#271=CIRCLE('',#2551,0.0016);
#272=CIRCLE('',#2552,0.0013);
#273=CIRCLE('',#2556,0.0121);
#274=CIRCLE('',#2558,0.0121);
#275=CIRCLE('',#2559,0.0121);
#276=CIRCLE('',#2562,0.00774450443334799);
#277=CIRCLE('',#2563,0.0035);
#278=CIRCLE('',#2564,0.00238040094831434);
#279=CIRCLE('',#2565,0.0016);
#280=CIRCLE('',#2566,0.0013);
#281=CIRCLE('',#2568,0.0014);
#282=ORIENTED_EDGE('',*,*,#938,.T.);
#283=ORIENTED_EDGE('',*,*,#939,.F.);
#284=ORIENTED_EDGE('',*,*,#940,.T.);
#285=ORIENTED_EDGE('',*,*,#941,.F.);
#286=ORIENTED_EDGE('',*,*,#942,.T.);
#287=ORIENTED_EDGE('',*,*,#943,.T.);
#288=ORIENTED_EDGE('',*,*,#944,.F.);
#289=ORIENTED_EDGE('',*,*,#945,.F.);
#290=ORIENTED_EDGE('',*,*,#946,.T.);
#291=ORIENTED_EDGE('',*,*,#947,.F.);
#292=ORIENTED_EDGE('',*,*,#948,.F.);
#293=ORIENTED_EDGE('',*,*,#949,.F.);
#294=ORIENTED_EDGE('',*,*,#950,.T.);
#295=ORIENTED_EDGE('',*,*,#951,.F.);
#296=ORIENTED_EDGE('',*,*,#952,.F.);
#297=ORIENTED_EDGE('',*,*,#953,.F.);
#298=ORIENTED_EDGE('',*,*,#954,.T.);
#299=ORIENTED_EDGE('',*,*,#944,.T.);
#300=ORIENTED_EDGE('',*,*,#955,.T.);
#301=ORIENTED_EDGE('',*,*,#956,.T.);
#302=ORIENTED_EDGE('',*,*,#957,.T.);
#303=ORIENTED_EDGE('',*,*,#958,.T.);
#304=ORIENTED_EDGE('',*,*,#959,.T.);
#305=ORIENTED_EDGE('',*,*,#960,.T.);
#306=ORIENTED_EDGE('',*,*,#961,.F.);
#307=ORIENTED_EDGE('',*,*,#962,.F.);
#308=ORIENTED_EDGE('',*,*,#963,.F.);
#309=ORIENTED_EDGE('',*,*,#964,.F.);
#310=ORIENTED_EDGE('',*,*,#942,.F.);
#311=ORIENTED_EDGE('',*,*,#965,.F.);
#312=ORIENTED_EDGE('',*,*,#966,.T.);
#313=ORIENTED_EDGE('',*,*,#956,.F.);
#314=ORIENTED_EDGE('',*,*,#967,.F.);
#315=ORIENTED_EDGE('',*,*,#963,.T.);
#316=ORIENTED_EDGE('',*,*,#968,.T.);
#317=ORIENTED_EDGE('',*,*,#969,.T.);
#318=ORIENTED_EDGE('',*,*,#958,.F.);
#319=ORIENTED_EDGE('',*,*,#970,.F.);
#320=ORIENTED_EDGE('',*,*,#961,.T.);
#321=ORIENTED_EDGE('',*,*,#971,.F.);
#322=ORIENTED_EDGE('',*,*,#972,.F.);
#323=ORIENTED_EDGE('',*,*,#973,.F.);
#324=ORIENTED_EDGE('',*,*,#974,.F.);
#325=ORIENTED_EDGE('',*,*,#975,.F.);
#326=ORIENTED_EDGE('',*,*,#976,.F.);
#327=ORIENTED_EDGE('',*,*,#977,.F.);
#328=ORIENTED_EDGE('',*,*,#978,.T.);
#329=ORIENTED_EDGE('',*,*,#979,.F.);
#330=ORIENTED_EDGE('',*,*,#980,.F.);
#331=ORIENTED_EDGE('',*,*,#981,.T.);
#332=ORIENTED_EDGE('',*,*,#982,.T.);
#333=ORIENTED_EDGE('',*,*,#983,.T.);
#334=ORIENTED_EDGE('',*,*,#984,.F.);
#335=ORIENTED_EDGE('',*,*,#985,.T.);
#336=ORIENTED_EDGE('',*,*,#986,.F.);
#337=ORIENTED_EDGE('',*,*,#978,.F.);
#338=ORIENTED_EDGE('',*,*,#987,.F.);
#339=ORIENTED_EDGE('',*,*,#948,.T.);
#340=ORIENTED_EDGE('',*,*,#988,.F.);
#341=ORIENTED_EDGE('',*,*,#980,.T.);
#342=ORIENTED_EDGE('',*,*,#989,.T.);
#343=ORIENTED_EDGE('',*,*,#990,.T.);
#344=ORIENTED_EDGE('',*,*,#950,.F.);
#345=ORIENTED_EDGE('',*,*,#991,.F.);
#346=ORIENTED_EDGE('',*,*,#976,.T.);
#347=ORIENTED_EDGE('',*,*,#992,.F.);
#348=ORIENTED_EDGE('',*,*,#972,.T.);
#349=ORIENTED_EDGE('',*,*,#993,.F.);
#350=ORIENTED_EDGE('',*,*,#940,.F.);
#351=ORIENTED_EDGE('',*,*,#994,.F.);
#352=ORIENTED_EDGE('',*,*,#995,.T.);
#353=ORIENTED_EDGE('',*,*,#945,.T.);
#354=ORIENTED_EDGE('',*,*,#954,.F.);
#355=ORIENTED_EDGE('',*,*,#996,.F.);
#356=ORIENTED_EDGE('',*,*,#997,.F.);
#357=ORIENTED_EDGE('',*,*,#998,.F.);
#358=ORIENTED_EDGE('',*,*,#999,.T.);
#359=ORIENTED_EDGE('',*,*,#1000,.F.);
#360=ORIENTED_EDGE('',*,*,#1001,.F.);
#361=ORIENTED_EDGE('',*,*,#997,.T.);
#362=ORIENTED_EDGE('',*,*,#1002,.F.);
#363=ORIENTED_EDGE('',*,*,#1003,.F.);
#364=ORIENTED_EDGE('',*,*,#1003,.T.);
#365=ORIENTED_EDGE('',*,*,#1004,.F.);
#366=ORIENTED_EDGE('',*,*,#959,.F.);
#367=ORIENTED_EDGE('',*,*,#969,.F.);
#368=ORIENTED_EDGE('',*,*,#1005,.T.);
#369=ORIENTED_EDGE('',*,*,#1006,.F.);
#370=ORIENTED_EDGE('',*,*,#1000,.T.);
#371=ORIENTED_EDGE('',*,*,#1007,.F.);
#372=ORIENTED_EDGE('',*,*,#1008,.F.);
#373=ORIENTED_EDGE('',*,*,#1009,.T.);
#374=ORIENTED_EDGE('',*,*,#1010,.F.);
#375=ORIENTED_EDGE('',*,*,#982,.F.);
#376=ORIENTED_EDGE('',*,*,#1011,.F.);
#377=ORIENTED_EDGE('',*,*,#946,.F.);
#378=ORIENTED_EDGE('',*,*,#995,.F.);
#379=ORIENTED_EDGE('',*,*,#1012,.F.);
#380=ORIENTED_EDGE('',*,*,#1005,.F.);
#381=ORIENTED_EDGE('',*,*,#968,.F.);
#382=ORIENTED_EDGE('',*,*,#1013,.T.);
#383=ORIENTED_EDGE('',*,*,#1014,.T.);
#384=ORIENTED_EDGE('',*,*,#1015,.T.);
#385=ORIENTED_EDGE('',*,*,#974,.T.);
#386=ORIENTED_EDGE('',*,*,#1016,.F.);
#387=ORIENTED_EDGE('',*,*,#938,.F.);
#388=ORIENTED_EDGE('',*,*,#1017,.F.);
#389=ORIENTED_EDGE('',*,*,#981,.F.);
#390=ORIENTED_EDGE('',*,*,#988,.T.);
#391=ORIENTED_EDGE('',*,*,#947,.T.);
#392=ORIENTED_EDGE('',*,*,#1011,.T.);
#393=ORIENTED_EDGE('',*,*,#989,.F.);
#394=ORIENTED_EDGE('',*,*,#1013,.F.);
#395=ORIENTED_EDGE('',*,*,#943,.F.);
#396=ORIENTED_EDGE('',*,*,#964,.T.);
#397=ORIENTED_EDGE('',*,*,#967,.T.);
#398=ORIENTED_EDGE('',*,*,#955,.F.);
#399=ORIENTED_EDGE('',*,*,#952,.T.);
#400=ORIENTED_EDGE('',*,*,#960,.F.);
#401=ORIENTED_EDGE('',*,*,#966,.F.);
#402=ORIENTED_EDGE('',*,*,#962,.T.);
#403=ORIENTED_EDGE('',*,*,#970,.T.);
#404=ORIENTED_EDGE('',*,*,#957,.F.);
#405=ORIENTED_EDGE('',*,*,#996,.T.);
#406=ORIENTED_EDGE('',*,*,#953,.T.);
#407=ORIENTED_EDGE('',*,*,#1004,.T.);
#408=ORIENTED_EDGE('',*,*,#1002,.T.);
#409=ORIENTED_EDGE('',*,*,#998,.T.);
#410=ORIENTED_EDGE('',*,*,#1001,.T.);
#411=ORIENTED_EDGE('',*,*,#1006,.T.);
#412=ORIENTED_EDGE('',*,*,#1012,.T.);
#413=ORIENTED_EDGE('',*,*,#951,.T.);
#414=ORIENTED_EDGE('',*,*,#992,.T.);
#415=ORIENTED_EDGE('',*,*,#975,.T.);
#416=ORIENTED_EDGE('',*,*,#1017,.T.);
#417=ORIENTED_EDGE('',*,*,#939,.T.);
#418=ORIENTED_EDGE('',*,*,#1016,.T.);
#419=ORIENTED_EDGE('',*,*,#973,.T.);
#420=ORIENTED_EDGE('',*,*,#994,.T.);
#421=ORIENTED_EDGE('',*,*,#949,.T.);
#422=ORIENTED_EDGE('',*,*,#987,.T.);
#423=ORIENTED_EDGE('',*,*,#977,.T.);
#424=ORIENTED_EDGE('',*,*,#991,.T.);
#425=ORIENTED_EDGE('',*,*,#941,.T.);
#426=ORIENTED_EDGE('',*,*,#993,.T.);
#427=ORIENTED_EDGE('',*,*,#971,.T.);
#428=ORIENTED_EDGE('',*,*,#965,.T.);
#429=ORIENTED_EDGE('',*,*,#999,.F.);
#430=ORIENTED_EDGE('',*,*,#1007,.T.);
#431=ORIENTED_EDGE('',*,*,#1015,.F.);
#432=ORIENTED_EDGE('',*,*,#1008,.T.);
#433=ORIENTED_EDGE('',*,*,#979,.T.);
#434=ORIENTED_EDGE('',*,*,#986,.T.);
#435=ORIENTED_EDGE('',*,*,#1018,.F.);
#436=ORIENTED_EDGE('',*,*,#1018,.T.);
#437=ORIENTED_EDGE('',*,*,#985,.F.);
#438=ORIENTED_EDGE('',*,*,#1019,.F.);
#439=ORIENTED_EDGE('',*,*,#1009,.F.);
#440=ORIENTED_EDGE('',*,*,#1010,.T.);
#441=ORIENTED_EDGE('',*,*,#1019,.T.);
#442=ORIENTED_EDGE('',*,*,#984,.T.);
#443=ORIENTED_EDGE('',*,*,#983,.F.);
#444=ORIENTED_EDGE('',*,*,#1014,.F.);
#445=ORIENTED_EDGE('',*,*,#990,.F.);
#446=ORIENTED_EDGE('',*,*,#1020,.F.);
#447=ORIENTED_EDGE('',*,*,#1021,.T.);
#448=ORIENTED_EDGE('',*,*,#1022,.F.);
#449=ORIENTED_EDGE('',*,*,#1023,.T.);
#450=ORIENTED_EDGE('',*,*,#1024,.T.);
#451=ORIENTED_EDGE('',*,*,#1025,.T.);
#452=ORIENTED_EDGE('',*,*,#1026,.F.);
#453=ORIENTED_EDGE('',*,*,#1027,.T.);
#454=ORIENTED_EDGE('',*,*,#1028,.T.);
#455=ORIENTED_EDGE('',*,*,#1029,.F.);
#456=ORIENTED_EDGE('',*,*,#1030,.F.);
#457=ORIENTED_EDGE('',*,*,#1031,.T.);
#458=ORIENTED_EDGE('',*,*,#1032,.F.);
#459=ORIENTED_EDGE('',*,*,#1033,.T.);
#460=ORIENTED_EDGE('',*,*,#1034,.T.);
#461=ORIENTED_EDGE('',*,*,#1035,.T.);
#462=ORIENTED_EDGE('',*,*,#1036,.F.);
#463=ORIENTED_EDGE('',*,*,#1037,.F.);
#464=ORIENTED_EDGE('',*,*,#1038,.F.);
#465=ORIENTED_EDGE('',*,*,#1039,.F.);
#466=ORIENTED_EDGE('',*,*,#1040,.F.);
#467=ORIENTED_EDGE('',*,*,#1028,.F.);
#468=ORIENTED_EDGE('',*,*,#1041,.F.);
#469=ORIENTED_EDGE('',*,*,#1042,.F.);
#470=ORIENTED_EDGE('',*,*,#1043,.T.);
#471=ORIENTED_EDGE('',*,*,#1044,.T.);
#472=ORIENTED_EDGE('',*,*,#1030,.T.);
#473=ORIENTED_EDGE('',*,*,#1045,.T.);
#474=ORIENTED_EDGE('',*,*,#1046,.T.);
#475=ORIENTED_EDGE('',*,*,#1047,.T.);
#476=ORIENTED_EDGE('',*,*,#1048,.F.);
#477=ORIENTED_EDGE('',*,*,#1046,.F.);
#478=ORIENTED_EDGE('',*,*,#1049,.T.);
#479=ORIENTED_EDGE('',*,*,#1039,.T.);
#480=ORIENTED_EDGE('',*,*,#1050,.F.);
#481=ORIENTED_EDGE('',*,*,#1051,.T.);
#482=ORIENTED_EDGE('',*,*,#1052,.F.);
#483=ORIENTED_EDGE('',*,*,#1053,.T.);
#484=ORIENTED_EDGE('',*,*,#1054,.T.);
#485=ORIENTED_EDGE('',*,*,#1055,.T.);
#486=ORIENTED_EDGE('',*,*,#1056,.T.);
#487=ORIENTED_EDGE('',*,*,#1057,.T.);
#488=ORIENTED_EDGE('',*,*,#1058,.T.);
#489=ORIENTED_EDGE('',*,*,#1059,.T.);
#490=ORIENTED_EDGE('',*,*,#1043,.F.);
#491=ORIENTED_EDGE('',*,*,#1060,.T.);
#492=ORIENTED_EDGE('',*,*,#1037,.T.);
#493=ORIENTED_EDGE('',*,*,#1061,.F.);
#494=ORIENTED_EDGE('',*,*,#1062,.T.);
#495=ORIENTED_EDGE('',*,*,#1063,.F.);
#496=ORIENTED_EDGE('',*,*,#1064,.F.);
#497=ORIENTED_EDGE('',*,*,#1065,.F.);
#498=ORIENTED_EDGE('',*,*,#1066,.T.);
#499=ORIENTED_EDGE('',*,*,#1062,.F.);
#500=ORIENTED_EDGE('',*,*,#1067,.T.);
#501=ORIENTED_EDGE('',*,*,#1024,.F.);
#502=ORIENTED_EDGE('',*,*,#1068,.T.);
#503=ORIENTED_EDGE('',*,*,#1052,.T.);
#504=ORIENTED_EDGE('',*,*,#1069,.T.);
#505=ORIENTED_EDGE('',*,*,#1070,.F.);
#506=ORIENTED_EDGE('',*,*,#1071,.F.);
#507=ORIENTED_EDGE('',*,*,#1072,.F.);
#508=ORIENTED_EDGE('',*,*,#1022,.T.);
#509=ORIENTED_EDGE('',*,*,#1073,.T.);
#510=ORIENTED_EDGE('',*,*,#1054,.F.);
#511=ORIENTED_EDGE('',*,*,#1074,.T.);
#512=ORIENTED_EDGE('',*,*,#1058,.F.);
#513=ORIENTED_EDGE('',*,*,#1075,.T.);
#514=ORIENTED_EDGE('',*,*,#1032,.T.);
#515=ORIENTED_EDGE('',*,*,#1076,.T.);
#516=ORIENTED_EDGE('',*,*,#1077,.F.);
#517=ORIENTED_EDGE('',*,*,#1078,.T.);
#518=ORIENTED_EDGE('',*,*,#1079,.T.);
#519=ORIENTED_EDGE('',*,*,#1080,.T.);
#520=ORIENTED_EDGE('',*,*,#1041,.T.);
#521=ORIENTED_EDGE('',*,*,#1027,.F.);
#522=ORIENTED_EDGE('',*,*,#1081,.F.);
#523=ORIENTED_EDGE('',*,*,#1082,.T.);
#524=ORIENTED_EDGE('',*,*,#1083,.T.);
#525=ORIENTED_EDGE('',*,*,#1079,.F.);
#526=ORIENTED_EDGE('',*,*,#1084,.T.);
#527=ORIENTED_EDGE('',*,*,#1085,.T.);
#528=ORIENTED_EDGE('',*,*,#1082,.F.);
#529=ORIENTED_EDGE('',*,*,#1086,.T.);
#530=ORIENTED_EDGE('',*,*,#1085,.F.);
#531=ORIENTED_EDGE('',*,*,#1087,.T.);
#532=ORIENTED_EDGE('',*,*,#1088,.F.);
#533=ORIENTED_EDGE('',*,*,#1061,.T.);
#534=ORIENTED_EDGE('',*,*,#1036,.T.);
#535=ORIENTED_EDGE('',*,*,#1089,.T.);
#536=ORIENTED_EDGE('',*,*,#1090,.T.);
#537=ORIENTED_EDGE('',*,*,#1050,.T.);
#538=ORIENTED_EDGE('',*,*,#1088,.T.);
#539=ORIENTED_EDGE('',*,*,#1091,.T.);
#540=ORIENTED_EDGE('',*,*,#1077,.T.);
#541=ORIENTED_EDGE('',*,*,#1026,.T.);
#542=ORIENTED_EDGE('',*,*,#1092,.T.);
#543=ORIENTED_EDGE('',*,*,#1064,.T.);
#544=ORIENTED_EDGE('',*,*,#1093,.T.);
#545=ORIENTED_EDGE('',*,*,#1094,.F.);
#546=ORIENTED_EDGE('',*,*,#1095,.F.);
#547=ORIENTED_EDGE('',*,*,#1096,.F.);
#548=ORIENTED_EDGE('',*,*,#1097,.F.);
#549=ORIENTED_EDGE('',*,*,#1056,.F.);
#550=ORIENTED_EDGE('',*,*,#1098,.T.);
#551=ORIENTED_EDGE('',*,*,#1020,.T.);
#552=ORIENTED_EDGE('',*,*,#1099,.T.);
#553=ORIENTED_EDGE('',*,*,#1065,.T.);
#554=ORIENTED_EDGE('',*,*,#1092,.F.);
#555=ORIENTED_EDGE('',*,*,#1025,.F.);
#556=ORIENTED_EDGE('',*,*,#1067,.F.);
#557=ORIENTED_EDGE('',*,*,#1071,.T.);
#558=ORIENTED_EDGE('',*,*,#1095,.T.);
#559=ORIENTED_EDGE('',*,*,#1029,.T.);
#560=ORIENTED_EDGE('',*,*,#1040,.T.);
#561=ORIENTED_EDGE('',*,*,#1049,.F.);
#562=ORIENTED_EDGE('',*,*,#1045,.F.);
#563=ORIENTED_EDGE('',*,*,#1034,.F.);
#564=ORIENTED_EDGE('',*,*,#1042,.T.);
#565=ORIENTED_EDGE('',*,*,#1048,.T.);
#566=ORIENTED_EDGE('',*,*,#1038,.T.);
#567=ORIENTED_EDGE('',*,*,#1060,.F.);
#568=ORIENTED_EDGE('',*,*,#1047,.F.);
#569=ORIENTED_EDGE('',*,*,#1080,.F.);
#570=ORIENTED_EDGE('',*,*,#1083,.F.);
#571=ORIENTED_EDGE('',*,*,#1089,.F.);
#572=ORIENTED_EDGE('',*,*,#1035,.F.);
#573=ORIENTED_EDGE('',*,*,#1078,.F.);
#574=ORIENTED_EDGE('',*,*,#1091,.F.);
#575=ORIENTED_EDGE('',*,*,#1087,.F.);
#576=ORIENTED_EDGE('',*,*,#1084,.F.);
#577=ORIENTED_EDGE('',*,*,#1021,.F.);
#578=ORIENTED_EDGE('',*,*,#1098,.F.);
#579=ORIENTED_EDGE('',*,*,#1055,.F.);
#580=ORIENTED_EDGE('',*,*,#1073,.F.);
#581=ORIENTED_EDGE('',*,*,#1033,.F.);
#582=ORIENTED_EDGE('',*,*,#1075,.F.);
#583=ORIENTED_EDGE('',*,*,#1057,.F.);
#584=ORIENTED_EDGE('',*,*,#1099,.F.);
#585=ORIENTED_EDGE('',*,*,#1023,.F.);
#586=ORIENTED_EDGE('',*,*,#1074,.F.);
#587=ORIENTED_EDGE('',*,*,#1053,.F.);
#588=ORIENTED_EDGE('',*,*,#1068,.F.);
#589=ORIENTED_EDGE('',*,*,#1031,.F.);
#590=ORIENTED_EDGE('',*,*,#1044,.F.);
#591=ORIENTED_EDGE('',*,*,#1059,.F.);
#592=ORIENTED_EDGE('',*,*,#1076,.F.);
#593=ORIENTED_EDGE('',*,*,#1081,.T.);
#594=ORIENTED_EDGE('',*,*,#1086,.F.);
#595=ORIENTED_EDGE('',*,*,#1097,.T.);
#596=ORIENTED_EDGE('',*,*,#1096,.T.);
#597=ORIENTED_EDGE('',*,*,#1072,.T.);
#598=ORIENTED_EDGE('',*,*,#1093,.F.);
#599=ORIENTED_EDGE('',*,*,#1063,.T.);
#600=ORIENTED_EDGE('',*,*,#1066,.F.);
#601=ORIENTED_EDGE('',*,*,#1100,.F.);
#602=ORIENTED_EDGE('',*,*,#1101,.F.);
#603=ORIENTED_EDGE('',*,*,#1094,.T.);
#604=ORIENTED_EDGE('',*,*,#1100,.T.);
#605=ORIENTED_EDGE('',*,*,#1070,.T.);
#606=ORIENTED_EDGE('',*,*,#1090,.F.);
#607=ORIENTED_EDGE('',*,*,#1101,.T.);
#608=ORIENTED_EDGE('',*,*,#1069,.F.);
#609=ORIENTED_EDGE('',*,*,#1051,.F.);
#610=ORIENTED_EDGE('',*,*,#1102,.T.);
#611=ORIENTED_EDGE('',*,*,#1103,.F.);
#612=ORIENTED_EDGE('',*,*,#1104,.T.);
#613=ORIENTED_EDGE('',*,*,#1105,.F.);
#614=ORIENTED_EDGE('',*,*,#1106,.T.);
#615=ORIENTED_EDGE('',*,*,#1107,.T.);
#616=ORIENTED_EDGE('',*,*,#1108,.F.);
#617=ORIENTED_EDGE('',*,*,#1109,.F.);
#618=ORIENTED_EDGE('',*,*,#1110,.T.);
#619=ORIENTED_EDGE('',*,*,#1111,.F.);
#620=ORIENTED_EDGE('',*,*,#1112,.F.);
#621=ORIENTED_EDGE('',*,*,#1113,.F.);
#622=ORIENTED_EDGE('',*,*,#1114,.T.);
#623=ORIENTED_EDGE('',*,*,#1115,.F.);
#624=ORIENTED_EDGE('',*,*,#1116,.F.);
#625=ORIENTED_EDGE('',*,*,#1117,.F.);
#626=ORIENTED_EDGE('',*,*,#1118,.T.);
#627=ORIENTED_EDGE('',*,*,#1108,.T.);
#628=ORIENTED_EDGE('',*,*,#1119,.T.);
#629=ORIENTED_EDGE('',*,*,#1120,.T.);
#630=ORIENTED_EDGE('',*,*,#1121,.T.);
#631=ORIENTED_EDGE('',*,*,#1122,.T.);
#632=ORIENTED_EDGE('',*,*,#1123,.T.);
#633=ORIENTED_EDGE('',*,*,#1124,.T.);
#634=ORIENTED_EDGE('',*,*,#1125,.F.);
#635=ORIENTED_EDGE('',*,*,#1126,.F.);
#636=ORIENTED_EDGE('',*,*,#1127,.F.);
#637=ORIENTED_EDGE('',*,*,#1128,.F.);
#638=ORIENTED_EDGE('',*,*,#1106,.F.);
#639=ORIENTED_EDGE('',*,*,#1129,.F.);
#640=ORIENTED_EDGE('',*,*,#1130,.T.);
#641=ORIENTED_EDGE('',*,*,#1120,.F.);
#642=ORIENTED_EDGE('',*,*,#1131,.F.);
#643=ORIENTED_EDGE('',*,*,#1127,.T.);
#644=ORIENTED_EDGE('',*,*,#1132,.T.);
#645=ORIENTED_EDGE('',*,*,#1133,.T.);
#646=ORIENTED_EDGE('',*,*,#1122,.F.);
#647=ORIENTED_EDGE('',*,*,#1134,.F.);
#648=ORIENTED_EDGE('',*,*,#1125,.T.);
#649=ORIENTED_EDGE('',*,*,#1135,.F.);
#650=ORIENTED_EDGE('',*,*,#1136,.F.);
#651=ORIENTED_EDGE('',*,*,#1137,.F.);
#652=ORIENTED_EDGE('',*,*,#1138,.F.);
#653=ORIENTED_EDGE('',*,*,#1139,.F.);
#654=ORIENTED_EDGE('',*,*,#1140,.F.);
#655=ORIENTED_EDGE('',*,*,#1141,.F.);
#656=ORIENTED_EDGE('',*,*,#1142,.T.);
#657=ORIENTED_EDGE('',*,*,#1143,.F.);
#658=ORIENTED_EDGE('',*,*,#1144,.F.);
#659=ORIENTED_EDGE('',*,*,#1145,.T.);
#660=ORIENTED_EDGE('',*,*,#1146,.T.);
#661=ORIENTED_EDGE('',*,*,#1147,.T.);
#662=ORIENTED_EDGE('',*,*,#1148,.F.);
#663=ORIENTED_EDGE('',*,*,#1149,.T.);
#664=ORIENTED_EDGE('',*,*,#1150,.F.);
#665=ORIENTED_EDGE('',*,*,#1142,.F.);
#666=ORIENTED_EDGE('',*,*,#1151,.F.);
#667=ORIENTED_EDGE('',*,*,#1112,.T.);
#668=ORIENTED_EDGE('',*,*,#1152,.F.);
#669=ORIENTED_EDGE('',*,*,#1144,.T.);
#670=ORIENTED_EDGE('',*,*,#1153,.T.);
#671=ORIENTED_EDGE('',*,*,#1154,.T.);
#672=ORIENTED_EDGE('',*,*,#1114,.F.);
#673=ORIENTED_EDGE('',*,*,#1155,.F.);
#674=ORIENTED_EDGE('',*,*,#1140,.T.);
#675=ORIENTED_EDGE('',*,*,#1156,.F.);
#676=ORIENTED_EDGE('',*,*,#1136,.T.);
#677=ORIENTED_EDGE('',*,*,#1157,.F.);
#678=ORIENTED_EDGE('',*,*,#1104,.F.);
#679=ORIENTED_EDGE('',*,*,#1158,.F.);
#680=ORIENTED_EDGE('',*,*,#1159,.T.);
#681=ORIENTED_EDGE('',*,*,#1109,.T.);
#682=ORIENTED_EDGE('',*,*,#1118,.F.);
#683=ORIENTED_EDGE('',*,*,#1160,.F.);
#684=ORIENTED_EDGE('',*,*,#1161,.F.);
#685=ORIENTED_EDGE('',*,*,#1162,.F.);
#686=ORIENTED_EDGE('',*,*,#1163,.T.);
#687=ORIENTED_EDGE('',*,*,#1164,.F.);
#688=ORIENTED_EDGE('',*,*,#1165,.F.);
#689=ORIENTED_EDGE('',*,*,#1161,.T.);
#690=ORIENTED_EDGE('',*,*,#1166,.F.);
#691=ORIENTED_EDGE('',*,*,#1167,.F.);
#692=ORIENTED_EDGE('',*,*,#1167,.T.);
#693=ORIENTED_EDGE('',*,*,#1168,.F.);
#694=ORIENTED_EDGE('',*,*,#1123,.F.);
#695=ORIENTED_EDGE('',*,*,#1133,.F.);
#696=ORIENTED_EDGE('',*,*,#1169,.T.);
#697=ORIENTED_EDGE('',*,*,#1170,.F.);
#698=ORIENTED_EDGE('',*,*,#1164,.T.);
#699=ORIENTED_EDGE('',*,*,#1171,.F.);
#700=ORIENTED_EDGE('',*,*,#1172,.F.);
#701=ORIENTED_EDGE('',*,*,#1173,.T.);
#702=ORIENTED_EDGE('',*,*,#1174,.F.);
#703=ORIENTED_EDGE('',*,*,#1146,.F.);
#704=ORIENTED_EDGE('',*,*,#1175,.F.);
#705=ORIENTED_EDGE('',*,*,#1110,.F.);
#706=ORIENTED_EDGE('',*,*,#1159,.F.);
#707=ORIENTED_EDGE('',*,*,#1176,.F.);
#708=ORIENTED_EDGE('',*,*,#1169,.F.);
#709=ORIENTED_EDGE('',*,*,#1132,.F.);
#710=ORIENTED_EDGE('',*,*,#1177,.T.);
#711=ORIENTED_EDGE('',*,*,#1178,.T.);
#712=ORIENTED_EDGE('',*,*,#1179,.T.);
#713=ORIENTED_EDGE('',*,*,#1138,.T.);
#714=ORIENTED_EDGE('',*,*,#1180,.F.);
#715=ORIENTED_EDGE('',*,*,#1102,.F.);
#716=ORIENTED_EDGE('',*,*,#1181,.F.);
#717=ORIENTED_EDGE('',*,*,#1145,.F.);
#718=ORIENTED_EDGE('',*,*,#1152,.T.);
#719=ORIENTED_EDGE('',*,*,#1111,.T.);
#720=ORIENTED_EDGE('',*,*,#1175,.T.);
#721=ORIENTED_EDGE('',*,*,#1153,.F.);
#722=ORIENTED_EDGE('',*,*,#1177,.F.);
#723=ORIENTED_EDGE('',*,*,#1107,.F.);
#724=ORIENTED_EDGE('',*,*,#1128,.T.);
#725=ORIENTED_EDGE('',*,*,#1131,.T.);
#726=ORIENTED_EDGE('',*,*,#1119,.F.);
#727=ORIENTED_EDGE('',*,*,#1116,.T.);
#728=ORIENTED_EDGE('',*,*,#1124,.F.);
#729=ORIENTED_EDGE('',*,*,#1130,.F.);
#730=ORIENTED_EDGE('',*,*,#1126,.T.);
#731=ORIENTED_EDGE('',*,*,#1134,.T.);
#732=ORIENTED_EDGE('',*,*,#1121,.F.);
#733=ORIENTED_EDGE('',*,*,#1160,.T.);
#734=ORIENTED_EDGE('',*,*,#1117,.T.);
#735=ORIENTED_EDGE('',*,*,#1168,.T.);
#736=ORIENTED_EDGE('',*,*,#1166,.T.);
#737=ORIENTED_EDGE('',*,*,#1162,.T.);
#738=ORIENTED_EDGE('',*,*,#1165,.T.);
#739=ORIENTED_EDGE('',*,*,#1170,.T.);
#740=ORIENTED_EDGE('',*,*,#1176,.T.);
#741=ORIENTED_EDGE('',*,*,#1115,.T.);
#742=ORIENTED_EDGE('',*,*,#1156,.T.);
#743=ORIENTED_EDGE('',*,*,#1139,.T.);
#744=ORIENTED_EDGE('',*,*,#1181,.T.);
#745=ORIENTED_EDGE('',*,*,#1103,.T.);
#746=ORIENTED_EDGE('',*,*,#1180,.T.);
#747=ORIENTED_EDGE('',*,*,#1137,.T.);
#748=ORIENTED_EDGE('',*,*,#1158,.T.);
#749=ORIENTED_EDGE('',*,*,#1113,.T.);
#750=ORIENTED_EDGE('',*,*,#1151,.T.);
#751=ORIENTED_EDGE('',*,*,#1141,.T.);
#752=ORIENTED_EDGE('',*,*,#1155,.T.);
#753=ORIENTED_EDGE('',*,*,#1105,.T.);
#754=ORIENTED_EDGE('',*,*,#1157,.T.);
#755=ORIENTED_EDGE('',*,*,#1135,.T.);
#756=ORIENTED_EDGE('',*,*,#1129,.T.);
#757=ORIENTED_EDGE('',*,*,#1163,.F.);
#758=ORIENTED_EDGE('',*,*,#1171,.T.);
#759=ORIENTED_EDGE('',*,*,#1179,.F.);
#760=ORIENTED_EDGE('',*,*,#1172,.T.);
#761=ORIENTED_EDGE('',*,*,#1143,.T.);
#762=ORIENTED_EDGE('',*,*,#1150,.T.);
#763=ORIENTED_EDGE('',*,*,#1182,.F.);
#764=ORIENTED_EDGE('',*,*,#1182,.T.);
#765=ORIENTED_EDGE('',*,*,#1149,.F.);
#766=ORIENTED_EDGE('',*,*,#1183,.F.);
#767=ORIENTED_EDGE('',*,*,#1173,.F.);
#768=ORIENTED_EDGE('',*,*,#1174,.T.);
#769=ORIENTED_EDGE('',*,*,#1183,.T.);
#770=ORIENTED_EDGE('',*,*,#1148,.T.);
#771=ORIENTED_EDGE('',*,*,#1147,.F.);
#772=ORIENTED_EDGE('',*,*,#1178,.F.);
#773=ORIENTED_EDGE('',*,*,#1154,.F.);
#774=ORIENTED_EDGE('',*,*,#1184,.F.);
#775=ORIENTED_EDGE('',*,*,#1185,.T.);
#776=ORIENTED_EDGE('',*,*,#1186,.F.);
#777=ORIENTED_EDGE('',*,*,#1187,.T.);
#778=ORIENTED_EDGE('',*,*,#1188,.T.);
#779=ORIENTED_EDGE('',*,*,#1189,.T.);
#780=ORIENTED_EDGE('',*,*,#1190,.F.);
#781=ORIENTED_EDGE('',*,*,#1191,.T.);
#782=ORIENTED_EDGE('',*,*,#1192,.T.);
#783=ORIENTED_EDGE('',*,*,#1193,.F.);
#784=ORIENTED_EDGE('',*,*,#1194,.F.);
#785=ORIENTED_EDGE('',*,*,#1195,.T.);
#786=ORIENTED_EDGE('',*,*,#1196,.F.);
#787=ORIENTED_EDGE('',*,*,#1197,.T.);
#788=ORIENTED_EDGE('',*,*,#1198,.T.);
#789=ORIENTED_EDGE('',*,*,#1199,.T.);
#790=ORIENTED_EDGE('',*,*,#1200,.F.);
#791=ORIENTED_EDGE('',*,*,#1201,.F.);
#792=ORIENTED_EDGE('',*,*,#1202,.F.);
#793=ORIENTED_EDGE('',*,*,#1203,.F.);
#794=ORIENTED_EDGE('',*,*,#1204,.F.);
#795=ORIENTED_EDGE('',*,*,#1192,.F.);
#796=ORIENTED_EDGE('',*,*,#1205,.F.);
#797=ORIENTED_EDGE('',*,*,#1206,.F.);
#798=ORIENTED_EDGE('',*,*,#1207,.T.);
#799=ORIENTED_EDGE('',*,*,#1208,.T.);
#800=ORIENTED_EDGE('',*,*,#1194,.T.);
#801=ORIENTED_EDGE('',*,*,#1209,.T.);
#802=ORIENTED_EDGE('',*,*,#1210,.T.);
#803=ORIENTED_EDGE('',*,*,#1211,.T.);
#804=ORIENTED_EDGE('',*,*,#1212,.F.);
#805=ORIENTED_EDGE('',*,*,#1210,.F.);
#806=ORIENTED_EDGE('',*,*,#1213,.T.);
#807=ORIENTED_EDGE('',*,*,#1203,.T.);
#808=ORIENTED_EDGE('',*,*,#1214,.F.);
#809=ORIENTED_EDGE('',*,*,#1215,.T.);
#810=ORIENTED_EDGE('',*,*,#1216,.F.);
#811=ORIENTED_EDGE('',*,*,#1217,.T.);
#812=ORIENTED_EDGE('',*,*,#1218,.T.);
#813=ORIENTED_EDGE('',*,*,#1219,.T.);
#814=ORIENTED_EDGE('',*,*,#1220,.T.);
#815=ORIENTED_EDGE('',*,*,#1221,.T.);
#816=ORIENTED_EDGE('',*,*,#1222,.T.);
#817=ORIENTED_EDGE('',*,*,#1223,.T.);
#818=ORIENTED_EDGE('',*,*,#1207,.F.);
#819=ORIENTED_EDGE('',*,*,#1224,.T.);
#820=ORIENTED_EDGE('',*,*,#1201,.T.);
#821=ORIENTED_EDGE('',*,*,#1225,.F.);
#822=ORIENTED_EDGE('',*,*,#1226,.T.);
#823=ORIENTED_EDGE('',*,*,#1227,.F.);
#824=ORIENTED_EDGE('',*,*,#1228,.F.);
#825=ORIENTED_EDGE('',*,*,#1229,.F.);
#826=ORIENTED_EDGE('',*,*,#1230,.T.);
#827=ORIENTED_EDGE('',*,*,#1226,.F.);
#828=ORIENTED_EDGE('',*,*,#1231,.T.);
#829=ORIENTED_EDGE('',*,*,#1188,.F.);
#830=ORIENTED_EDGE('',*,*,#1232,.T.);
#831=ORIENTED_EDGE('',*,*,#1216,.T.);
#832=ORIENTED_EDGE('',*,*,#1233,.T.);
#833=ORIENTED_EDGE('',*,*,#1234,.F.);
#834=ORIENTED_EDGE('',*,*,#1235,.F.);
#835=ORIENTED_EDGE('',*,*,#1236,.F.);
#836=ORIENTED_EDGE('',*,*,#1186,.T.);
#837=ORIENTED_EDGE('',*,*,#1237,.T.);
#838=ORIENTED_EDGE('',*,*,#1218,.F.);
#839=ORIENTED_EDGE('',*,*,#1238,.T.);
#840=ORIENTED_EDGE('',*,*,#1222,.F.);
#841=ORIENTED_EDGE('',*,*,#1239,.T.);
#842=ORIENTED_EDGE('',*,*,#1196,.T.);
#843=ORIENTED_EDGE('',*,*,#1240,.T.);
#844=ORIENTED_EDGE('',*,*,#1241,.F.);
#845=ORIENTED_EDGE('',*,*,#1242,.T.);
#846=ORIENTED_EDGE('',*,*,#1243,.T.);
#847=ORIENTED_EDGE('',*,*,#1244,.T.);
#848=ORIENTED_EDGE('',*,*,#1205,.T.);
#849=ORIENTED_EDGE('',*,*,#1191,.F.);
#850=ORIENTED_EDGE('',*,*,#1245,.F.);
#851=ORIENTED_EDGE('',*,*,#1246,.T.);
#852=ORIENTED_EDGE('',*,*,#1247,.T.);
#853=ORIENTED_EDGE('',*,*,#1243,.F.);
#854=ORIENTED_EDGE('',*,*,#1248,.T.);
#855=ORIENTED_EDGE('',*,*,#1249,.T.);
#856=ORIENTED_EDGE('',*,*,#1246,.F.);
#857=ORIENTED_EDGE('',*,*,#1250,.T.);
#858=ORIENTED_EDGE('',*,*,#1249,.F.);
#859=ORIENTED_EDGE('',*,*,#1251,.T.);
#860=ORIENTED_EDGE('',*,*,#1252,.F.);
#861=ORIENTED_EDGE('',*,*,#1225,.T.);
#862=ORIENTED_EDGE('',*,*,#1200,.T.);
#863=ORIENTED_EDGE('',*,*,#1253,.T.);
#864=ORIENTED_EDGE('',*,*,#1254,.T.);
#865=ORIENTED_EDGE('',*,*,#1214,.T.);
#866=ORIENTED_EDGE('',*,*,#1252,.T.);
#867=ORIENTED_EDGE('',*,*,#1255,.T.);
#868=ORIENTED_EDGE('',*,*,#1241,.T.);
#869=ORIENTED_EDGE('',*,*,#1190,.T.);
#870=ORIENTED_EDGE('',*,*,#1256,.T.);
#871=ORIENTED_EDGE('',*,*,#1228,.T.);
#872=ORIENTED_EDGE('',*,*,#1257,.T.);
#873=ORIENTED_EDGE('',*,*,#1258,.F.);
#874=ORIENTED_EDGE('',*,*,#1259,.F.);
#875=ORIENTED_EDGE('',*,*,#1260,.F.);
#876=ORIENTED_EDGE('',*,*,#1261,.F.);
#877=ORIENTED_EDGE('',*,*,#1220,.F.);
#878=ORIENTED_EDGE('',*,*,#1262,.T.);
#879=ORIENTED_EDGE('',*,*,#1184,.T.);
#880=ORIENTED_EDGE('',*,*,#1263,.T.);
#881=ORIENTED_EDGE('',*,*,#1229,.T.);
#882=ORIENTED_EDGE('',*,*,#1256,.F.);
#883=ORIENTED_EDGE('',*,*,#1189,.F.);
#884=ORIENTED_EDGE('',*,*,#1231,.F.);
#885=ORIENTED_EDGE('',*,*,#1235,.T.);
#886=ORIENTED_EDGE('',*,*,#1259,.T.);
#887=ORIENTED_EDGE('',*,*,#1193,.T.);
#888=ORIENTED_EDGE('',*,*,#1204,.T.);
#889=ORIENTED_EDGE('',*,*,#1213,.F.);
#890=ORIENTED_EDGE('',*,*,#1209,.F.);
#891=ORIENTED_EDGE('',*,*,#1198,.F.);
#892=ORIENTED_EDGE('',*,*,#1206,.T.);
#893=ORIENTED_EDGE('',*,*,#1212,.T.);
#894=ORIENTED_EDGE('',*,*,#1202,.T.);
#895=ORIENTED_EDGE('',*,*,#1224,.F.);
#896=ORIENTED_EDGE('',*,*,#1211,.F.);
#897=ORIENTED_EDGE('',*,*,#1244,.F.);
#898=ORIENTED_EDGE('',*,*,#1247,.F.);
#899=ORIENTED_EDGE('',*,*,#1253,.F.);
#900=ORIENTED_EDGE('',*,*,#1199,.F.);
#901=ORIENTED_EDGE('',*,*,#1242,.F.);
#902=ORIENTED_EDGE('',*,*,#1255,.F.);
#903=ORIENTED_EDGE('',*,*,#1251,.F.);
#904=ORIENTED_EDGE('',*,*,#1248,.F.);
#905=ORIENTED_EDGE('',*,*,#1185,.F.);
#906=ORIENTED_EDGE('',*,*,#1262,.F.);
#907=ORIENTED_EDGE('',*,*,#1219,.F.);
#908=ORIENTED_EDGE('',*,*,#1237,.F.);
#909=ORIENTED_EDGE('',*,*,#1197,.F.);
#910=ORIENTED_EDGE('',*,*,#1239,.F.);
#911=ORIENTED_EDGE('',*,*,#1221,.F.);
#912=ORIENTED_EDGE('',*,*,#1263,.F.);
#913=ORIENTED_EDGE('',*,*,#1187,.F.);
#914=ORIENTED_EDGE('',*,*,#1238,.F.);
#915=ORIENTED_EDGE('',*,*,#1217,.F.);
#916=ORIENTED_EDGE('',*,*,#1232,.F.);
#917=ORIENTED_EDGE('',*,*,#1195,.F.);
#918=ORIENTED_EDGE('',*,*,#1208,.F.);
#919=ORIENTED_EDGE('',*,*,#1223,.F.);
#920=ORIENTED_EDGE('',*,*,#1240,.F.);
#921=ORIENTED_EDGE('',*,*,#1245,.T.);
#922=ORIENTED_EDGE('',*,*,#1250,.F.);
#923=ORIENTED_EDGE('',*,*,#1261,.T.);
#924=ORIENTED_EDGE('',*,*,#1254,.F.);
#925=ORIENTED_EDGE('',*,*,#1264,.T.);
#926=ORIENTED_EDGE('',*,*,#1233,.F.);
#927=ORIENTED_EDGE('',*,*,#1215,.F.);
#928=ORIENTED_EDGE('',*,*,#1264,.F.);
#929=ORIENTED_EDGE('',*,*,#1258,.T.);
#930=ORIENTED_EDGE('',*,*,#1265,.T.);
#931=ORIENTED_EDGE('',*,*,#1234,.T.);
#932=ORIENTED_EDGE('',*,*,#1257,.F.);
#933=ORIENTED_EDGE('',*,*,#1227,.T.);
#934=ORIENTED_EDGE('',*,*,#1230,.F.);
#935=ORIENTED_EDGE('',*,*,#1265,.F.);
#936=ORIENTED_EDGE('',*,*,#1260,.T.);
#937=ORIENTED_EDGE('',*,*,#1236,.T.);
#938=EDGE_CURVE('',#1266,#1267,#1494,.T.);
#939=EDGE_CURVE('',#1268,#1267,#146,.F.);
#940=EDGE_CURVE('',#1268,#1269,#147,.T.);
#941=EDGE_CURVE('',#1270,#1269,#148,.T.);
#942=EDGE_CURVE('',#1270,#1271,#1495,.T.);
#943=EDGE_CURVE('',#1271,#1272,#1496,.T.);
#944=EDGE_CURVE('',#1273,#1272,#1497,.T.);
#945=EDGE_CURVE('',#1274,#1273,#149,.T.);
#946=EDGE_CURVE('',#1274,#1275,#1498,.T.);
#947=EDGE_CURVE('',#1276,#1275,#1499,.T.);
#948=EDGE_CURVE('',#1277,#1276,#1500,.T.);
#949=EDGE_CURVE('',#1278,#1277,#150,.T.);
#950=EDGE_CURVE('',#1278,#1279,#151,.T.);
#951=EDGE_CURVE('',#1266,#1279,#152,.F.);
#952=EDGE_CURVE('',#1280,#1280,#153,.T.);
#953=EDGE_CURVE('',#1281,#1282,#106,.T.);
#954=EDGE_CURVE('',#1281,#1273,#1501,.T.);
#955=EDGE_CURVE('',#1272,#1283,#154,.T.);
#956=EDGE_CURVE('',#1283,#1284,#1502,.T.);
#957=EDGE_CURVE('',#1284,#1285,#155,.T.);
#958=EDGE_CURVE('',#1285,#1286,#1503,.T.);
#959=EDGE_CURVE('',#1286,#1282,#1504,.T.);
#960=EDGE_CURVE('',#1287,#1287,#156,.F.);
#961=EDGE_CURVE('',#1288,#1289,#1505,.T.);
#962=EDGE_CURVE('',#1290,#1288,#157,.F.);
#963=EDGE_CURVE('',#1291,#1290,#1506,.T.);
#964=EDGE_CURVE('',#1271,#1291,#158,.F.);
#965=EDGE_CURVE('',#1289,#1270,#1507,.T.);
#966=EDGE_CURVE('',#1290,#1284,#1508,.T.);
#967=EDGE_CURVE('',#1291,#1283,#1509,.T.);
#968=EDGE_CURVE('',#1292,#1293,#1510,.T.);
#969=EDGE_CURVE('',#1293,#1286,#159,.T.);
#970=EDGE_CURVE('',#1288,#1285,#1511,.T.);
#971=EDGE_CURVE('',#1294,#1289,#160,.T.);
#972=EDGE_CURVE('',#1295,#1294,#161,.T.);
#973=EDGE_CURVE('',#1296,#1295,#162,.F.);
#974=EDGE_CURVE('',#1297,#1296,#1512,.T.);
#975=EDGE_CURVE('',#1298,#1297,#163,.F.);
#976=EDGE_CURVE('',#1299,#1298,#164,.T.);
#977=EDGE_CURVE('',#1300,#1299,#165,.T.);
#978=EDGE_CURVE('',#1300,#1301,#1513,.T.);
#979=EDGE_CURVE('',#1292,#1301,#1514,.T.);
#980=EDGE_CURVE('',#1302,#1303,#1515,.T.);
#981=EDGE_CURVE('',#1302,#1304,#1516,.T.);
#982=EDGE_CURVE('',#1304,#1305,#1517,.T.);
#983=EDGE_CURVE('',#1305,#1303,#1518,.T.);
#984=EDGE_CURVE('',#1306,#1303,#166,.T.);
#985=EDGE_CURVE('',#1306,#1307,#1519,.T.);
#986=EDGE_CURVE('',#1301,#1307,#167,.T.);
#987=EDGE_CURVE('',#1277,#1300,#1520,.T.);
#988=EDGE_CURVE('',#1302,#1276,#168,.T.);
#989=EDGE_CURVE('',#1308,#1308,#169,.T.);
#990=EDGE_CURVE('',#1309,#1309,#170,.T.);
#991=EDGE_CURVE('',#1299,#1278,#1521,.F.);
#992=EDGE_CURVE('',#1279,#1298,#1522,.T.);
#993=EDGE_CURVE('',#1269,#1294,#1523,.T.);
#994=EDGE_CURVE('',#1295,#1268,#1524,.F.);
#995=EDGE_CURVE('',#1310,#1274,#1525,.T.);
#996=EDGE_CURVE('',#1311,#1281,#107,.T.);
#997=EDGE_CURVE('',#1312,#1311,#171,.T.);
#998=EDGE_CURVE('',#1310,#1312,#108,.T.);
#999=EDGE_CURVE('',#1313,#1314,#109,.T.);
#1000=EDGE_CURVE('',#1315,#1314,#172,.T.);
#1001=EDGE_CURVE('',#1312,#1315,#110,.T.);
#1002=EDGE_CURVE('',#1316,#1311,#111,.T.);
#1003=EDGE_CURVE('',#1313,#1316,#173,.T.);
#1004=EDGE_CURVE('',#1282,#1316,#112,.T.);
#1005=EDGE_CURVE('',#1293,#1317,#1526,.T.);
#1006=EDGE_CURVE('',#1315,#1317,#113,.T.);
#1007=EDGE_CURVE('',#1313,#1314,#114,.T.);
#1008=EDGE_CURVE('',#1318,#1292,#174,.F.);
#1009=EDGE_CURVE('',#1318,#1319,#1527,.T.);
#1010=EDGE_CURVE('',#1305,#1319,#175,.F.);
#1011=EDGE_CURVE('',#1275,#1304,#176,.T.);
#1012=EDGE_CURVE('',#1317,#1310,#115,.T.);
#1013=EDGE_CURVE('',#1320,#1320,#177,.T.);
#1014=EDGE_CURVE('',#1321,#1321,#178,.F.);
#1015=EDGE_CURVE('',#1322,#1322,#179,.T.);
#1016=EDGE_CURVE('',#1267,#1296,#1528,.F.);
#1017=EDGE_CURVE('',#1297,#1266,#1529,.T.);
#1018=EDGE_CURVE('',#1318,#1307,#1530,.T.);
#1019=EDGE_CURVE('',#1319,#1306,#1531,.T.);
#1020=EDGE_CURVE('',#1323,#1324,#1532,.T.);
#1021=EDGE_CURVE('',#1323,#1325,#180,.F.);
#1022=EDGE_CURVE('',#1326,#1325,#181,.T.);
#1023=EDGE_CURVE('',#1326,#1327,#182,.T.);
#1024=EDGE_CURVE('',#1327,#1328,#1533,.T.);
#1025=EDGE_CURVE('',#1328,#1329,#1534,.T.);
#1026=EDGE_CURVE('',#1330,#1329,#1535,.T.);
#1027=EDGE_CURVE('',#1330,#1331,#183,.T.);
#1028=EDGE_CURVE('',#1331,#1332,#1536,.T.);
#1029=EDGE_CURVE('',#1333,#1332,#1537,.T.);
#1030=EDGE_CURVE('',#1334,#1333,#1538,.T.);
#1031=EDGE_CURVE('',#1334,#1335,#184,.T.);
#1032=EDGE_CURVE('',#1336,#1335,#185,.T.);
#1033=EDGE_CURVE('',#1336,#1324,#186,.F.);
#1034=EDGE_CURVE('',#1337,#1337,#187,.T.);
#1035=EDGE_CURVE('',#1338,#1339,#116,.T.);
#1036=EDGE_CURVE('',#1340,#1339,#1539,.T.);
#1037=EDGE_CURVE('',#1341,#1340,#1540,.T.);
#1038=EDGE_CURVE('',#1342,#1341,#188,.T.);
#1039=EDGE_CURVE('',#1343,#1342,#1541,.T.);
#1040=EDGE_CURVE('',#1332,#1343,#189,.T.);
#1041=EDGE_CURVE('',#1338,#1331,#1542,.T.);
#1042=EDGE_CURVE('',#1344,#1344,#190,.F.);
#1043=EDGE_CURVE('',#1345,#1346,#1543,.T.);
#1044=EDGE_CURVE('',#1346,#1334,#1544,.T.);
#1045=EDGE_CURVE('',#1333,#1347,#191,.F.);
#1046=EDGE_CURVE('',#1347,#1348,#1545,.T.);
#1047=EDGE_CURVE('',#1348,#1345,#192,.F.);
#1048=EDGE_CURVE('',#1348,#1342,#1546,.T.);
#1049=EDGE_CURVE('',#1347,#1343,#1547,.T.);
#1050=EDGE_CURVE('',#1349,#1350,#1548,.T.);
#1051=EDGE_CURVE('',#1349,#1351,#1549,.T.);
#1052=EDGE_CURVE('',#1352,#1351,#1550,.T.);
#1053=EDGE_CURVE('',#1352,#1353,#193,.T.);
#1054=EDGE_CURVE('',#1353,#1354,#194,.T.);
#1055=EDGE_CURVE('',#1354,#1355,#195,.F.);
#1056=EDGE_CURVE('',#1355,#1356,#1551,.T.);
#1057=EDGE_CURVE('',#1356,#1357,#196,.F.);
#1058=EDGE_CURVE('',#1357,#1358,#197,.T.);
#1059=EDGE_CURVE('',#1358,#1346,#198,.T.);
#1060=EDGE_CURVE('',#1345,#1341,#1552,.T.);
#1061=EDGE_CURVE('',#1350,#1340,#199,.T.);
#1062=EDGE_CURVE('',#1359,#1360,#1553,.T.);
#1063=EDGE_CURVE('',#1361,#1360,#1554,.T.);
#1064=EDGE_CURVE('',#1362,#1361,#1555,.T.);
#1065=EDGE_CURVE('',#1359,#1362,#1556,.T.);
#1066=EDGE_CURVE('',#1363,#1360,#200,.T.);
#1067=EDGE_CURVE('',#1359,#1328,#201,.T.);
#1068=EDGE_CURVE('',#1327,#1352,#1557,.T.);
#1069=EDGE_CURVE('',#1351,#1364,#202,.T.);
#1070=EDGE_CURVE('',#1363,#1364,#1558,.T.);
#1071=EDGE_CURVE('',#1365,#1365,#203,.T.);
#1072=EDGE_CURVE('',#1366,#1366,#204,.T.);
#1073=EDGE_CURVE('',#1325,#1354,#1559,.T.);
#1074=EDGE_CURVE('',#1353,#1326,#1560,.F.);
#1075=EDGE_CURVE('',#1357,#1336,#1561,.F.);
#1076=EDGE_CURVE('',#1335,#1358,#1562,.T.);
#1077=EDGE_CURVE('',#1367,#1330,#1563,.T.);
#1078=EDGE_CURVE('',#1367,#1368,#117,.T.);
#1079=EDGE_CURVE('',#1368,#1369,#205,.T.);
#1080=EDGE_CURVE('',#1369,#1338,#118,.T.);
#1081=EDGE_CURVE('',#1370,#1371,#119,.T.);
#1082=EDGE_CURVE('',#1370,#1372,#206,.T.);
#1083=EDGE_CURVE('',#1372,#1369,#120,.T.);
#1084=EDGE_CURVE('',#1368,#1373,#121,.T.);
#1085=EDGE_CURVE('',#1373,#1371,#207,.T.);
#1086=EDGE_CURVE('',#1370,#1371,#122,.T.);
#1087=EDGE_CURVE('',#1373,#1374,#123,.T.);
#1088=EDGE_CURVE('',#1350,#1374,#1564,.T.);
#1089=EDGE_CURVE('',#1339,#1372,#124,.T.);
#1090=EDGE_CURVE('',#1375,#1349,#208,.F.);
#1091=EDGE_CURVE('',#1374,#1367,#125,.T.);
#1092=EDGE_CURVE('',#1329,#1362,#209,.T.);
#1093=EDGE_CURVE('',#1361,#1376,#210,.F.);
#1094=EDGE_CURVE('',#1375,#1376,#1565,.T.);
#1095=EDGE_CURVE('',#1377,#1377,#211,.T.);
#1096=EDGE_CURVE('',#1378,#1378,#212,.F.);
#1097=EDGE_CURVE('',#1379,#1379,#213,.T.);
#1098=EDGE_CURVE('',#1355,#1323,#1566,.T.);
#1099=EDGE_CURVE('',#1324,#1356,#1567,.F.);
#1100=EDGE_CURVE('',#1376,#1363,#1568,.T.);
#1101=EDGE_CURVE('',#1375,#1364,#1569,.T.);
#1102=EDGE_CURVE('',#1380,#1381,#1570,.T.);
#1103=EDGE_CURVE('',#1382,#1381,#214,.F.);
#1104=EDGE_CURVE('',#1382,#1383,#215,.T.);
#1105=EDGE_CURVE('',#1384,#1383,#216,.T.);
#1106=EDGE_CURVE('',#1384,#1385,#1571,.T.);
#1107=EDGE_CURVE('',#1385,#1386,#1572,.T.);
#1108=EDGE_CURVE('',#1387,#1386,#1573,.T.);
#1109=EDGE_CURVE('',#1388,#1387,#217,.T.);
#1110=EDGE_CURVE('',#1388,#1389,#1574,.T.);
#1111=EDGE_CURVE('',#1390,#1389,#1575,.T.);
#1112=EDGE_CURVE('',#1391,#1390,#1576,.T.);
#1113=EDGE_CURVE('',#1392,#1391,#218,.T.);
#1114=EDGE_CURVE('',#1392,#1393,#219,.T.);
#1115=EDGE_CURVE('',#1380,#1393,#220,.F.);
#1116=EDGE_CURVE('',#1394,#1394,#221,.T.);
#1117=EDGE_CURVE('',#1395,#1396,#126,.T.);
#1118=EDGE_CURVE('',#1395,#1387,#1577,.T.);
#1119=EDGE_CURVE('',#1386,#1397,#222,.T.);
#1120=EDGE_CURVE('',#1397,#1398,#1578,.T.);
#1121=EDGE_CURVE('',#1398,#1399,#223,.T.);
#1122=EDGE_CURVE('',#1399,#1400,#1579,.T.);
#1123=EDGE_CURVE('',#1400,#1396,#1580,.T.);
#1124=EDGE_CURVE('',#1401,#1401,#224,.F.);
#1125=EDGE_CURVE('',#1402,#1403,#1581,.T.);
#1126=EDGE_CURVE('',#1404,#1402,#225,.F.);
#1127=EDGE_CURVE('',#1405,#1404,#1582,.T.);
#1128=EDGE_CURVE('',#1385,#1405,#226,.F.);
#1129=EDGE_CURVE('',#1403,#1384,#1583,.T.);
#1130=EDGE_CURVE('',#1404,#1398,#1584,.T.);
#1131=EDGE_CURVE('',#1405,#1397,#1585,.T.);
#1132=EDGE_CURVE('',#1406,#1407,#1586,.T.);
#1133=EDGE_CURVE('',#1407,#1400,#227,.T.);
#1134=EDGE_CURVE('',#1402,#1399,#1587,.T.);
#1135=EDGE_CURVE('',#1408,#1403,#228,.T.);
#1136=EDGE_CURVE('',#1409,#1408,#229,.T.);
#1137=EDGE_CURVE('',#1410,#1409,#230,.F.);
#1138=EDGE_CURVE('',#1411,#1410,#1588,.T.);
#1139=EDGE_CURVE('',#1412,#1411,#231,.F.);
#1140=EDGE_CURVE('',#1413,#1412,#232,.T.);
#1141=EDGE_CURVE('',#1414,#1413,#233,.T.);
#1142=EDGE_CURVE('',#1414,#1415,#1589,.T.);
#1143=EDGE_CURVE('',#1406,#1415,#1590,.T.);
#1144=EDGE_CURVE('',#1416,#1417,#1591,.T.);
#1145=EDGE_CURVE('',#1416,#1418,#1592,.T.);
#1146=EDGE_CURVE('',#1418,#1419,#1593,.T.);
#1147=EDGE_CURVE('',#1419,#1417,#1594,.T.);
#1148=EDGE_CURVE('',#1420,#1417,#234,.T.);
#1149=EDGE_CURVE('',#1420,#1421,#1595,.T.);
#1150=EDGE_CURVE('',#1415,#1421,#235,.T.);
#1151=EDGE_CURVE('',#1391,#1414,#1596,.T.);
#1152=EDGE_CURVE('',#1416,#1390,#236,.T.);
#1153=EDGE_CURVE('',#1422,#1422,#237,.T.);
#1154=EDGE_CURVE('',#1423,#1423,#238,.T.);
#1155=EDGE_CURVE('',#1413,#1392,#1597,.F.);
#1156=EDGE_CURVE('',#1393,#1412,#1598,.T.);
#1157=EDGE_CURVE('',#1383,#1408,#1599,.T.);
#1158=EDGE_CURVE('',#1409,#1382,#1600,.F.);
#1159=EDGE_CURVE('',#1424,#1388,#1601,.T.);
#1160=EDGE_CURVE('',#1425,#1395,#127,.T.);
#1161=EDGE_CURVE('',#1426,#1425,#239,.T.);
#1162=EDGE_CURVE('',#1424,#1426,#128,.T.);
#1163=EDGE_CURVE('',#1427,#1428,#129,.T.);
#1164=EDGE_CURVE('',#1429,#1428,#240,.T.);
#1165=EDGE_CURVE('',#1426,#1429,#130,.T.);
#1166=EDGE_CURVE('',#1430,#1425,#131,.T.);
#1167=EDGE_CURVE('',#1427,#1430,#241,.T.);
#1168=EDGE_CURVE('',#1396,#1430,#132,.T.);
#1169=EDGE_CURVE('',#1407,#1431,#1602,.T.);
#1170=EDGE_CURVE('',#1429,#1431,#133,.T.);
#1171=EDGE_CURVE('',#1427,#1428,#134,.T.);
#1172=EDGE_CURVE('',#1432,#1406,#242,.F.);
#1173=EDGE_CURVE('',#1432,#1433,#1603,.T.);
#1174=EDGE_CURVE('',#1419,#1433,#243,.F.);
#1175=EDGE_CURVE('',#1389,#1418,#244,.T.);
#1176=EDGE_CURVE('',#1431,#1424,#135,.T.);
#1177=EDGE_CURVE('',#1434,#1434,#245,.T.);
#1178=EDGE_CURVE('',#1435,#1435,#246,.F.);
#1179=EDGE_CURVE('',#1436,#1436,#247,.T.);
#1180=EDGE_CURVE('',#1381,#1410,#1604,.F.);
#1181=EDGE_CURVE('',#1411,#1380,#1605,.T.);
#1182=EDGE_CURVE('',#1432,#1421,#1606,.T.);
#1183=EDGE_CURVE('',#1433,#1420,#1607,.T.);
#1184=EDGE_CURVE('',#1437,#1438,#1608,.T.);
#1185=EDGE_CURVE('',#1437,#1439,#248,.F.);
#1186=EDGE_CURVE('',#1440,#1439,#249,.T.);
#1187=EDGE_CURVE('',#1440,#1441,#250,.T.);
#1188=EDGE_CURVE('',#1441,#1442,#1609,.T.);
#1189=EDGE_CURVE('',#1442,#1443,#1610,.T.);
#1190=EDGE_CURVE('',#1444,#1443,#1611,.T.);
#1191=EDGE_CURVE('',#1444,#1445,#251,.T.);
#1192=EDGE_CURVE('',#1445,#1446,#1612,.T.);
#1193=EDGE_CURVE('',#1447,#1446,#1613,.T.);
#1194=EDGE_CURVE('',#1448,#1447,#1614,.T.);
#1195=EDGE_CURVE('',#1448,#1449,#252,.T.);
#1196=EDGE_CURVE('',#1450,#1449,#253,.T.);
#1197=EDGE_CURVE('',#1450,#1438,#254,.F.);
#1198=EDGE_CURVE('',#1451,#1451,#255,.T.);
#1199=EDGE_CURVE('',#1452,#1453,#136,.T.);
#1200=EDGE_CURVE('',#1454,#1453,#1615,.T.);
#1201=EDGE_CURVE('',#1455,#1454,#1616,.T.);
#1202=EDGE_CURVE('',#1456,#1455,#256,.T.);
#1203=EDGE_CURVE('',#1457,#1456,#1617,.T.);
#1204=EDGE_CURVE('',#1446,#1457,#257,.T.);
#1205=EDGE_CURVE('',#1452,#1445,#1618,.T.);
#1206=EDGE_CURVE('',#1458,#1458,#258,.F.);
#1207=EDGE_CURVE('',#1459,#1460,#1619,.T.);
#1208=EDGE_CURVE('',#1460,#1448,#1620,.T.);
#1209=EDGE_CURVE('',#1447,#1461,#259,.F.);
#1210=EDGE_CURVE('',#1461,#1462,#1621,.T.);
#1211=EDGE_CURVE('',#1462,#1459,#260,.F.);
#1212=EDGE_CURVE('',#1462,#1456,#1622,.T.);
#1213=EDGE_CURVE('',#1461,#1457,#1623,.T.);
#1214=EDGE_CURVE('',#1463,#1464,#1624,.T.);
#1215=EDGE_CURVE('',#1463,#1465,#1625,.T.);
#1216=EDGE_CURVE('',#1466,#1465,#1626,.T.);
#1217=EDGE_CURVE('',#1466,#1467,#261,.T.);
#1218=EDGE_CURVE('',#1467,#1468,#262,.T.);
#1219=EDGE_CURVE('',#1468,#1469,#263,.F.);
#1220=EDGE_CURVE('',#1469,#1470,#1627,.T.);
#1221=EDGE_CURVE('',#1470,#1471,#264,.F.);
#1222=EDGE_CURVE('',#1471,#1472,#265,.T.);
#1223=EDGE_CURVE('',#1472,#1460,#266,.T.);
#1224=EDGE_CURVE('',#1459,#1455,#1628,.T.);
#1225=EDGE_CURVE('',#1464,#1454,#267,.T.);
#1226=EDGE_CURVE('',#1473,#1474,#1629,.T.);
#1227=EDGE_CURVE('',#1475,#1474,#1630,.T.);
#1228=EDGE_CURVE('',#1476,#1475,#1631,.T.);
#1229=EDGE_CURVE('',#1473,#1476,#1632,.T.);
#1230=EDGE_CURVE('',#1477,#1474,#268,.T.);
#1231=EDGE_CURVE('',#1473,#1442,#269,.T.);
#1232=EDGE_CURVE('',#1441,#1466,#1633,.T.);
#1233=EDGE_CURVE('',#1465,#1478,#270,.T.);
#1234=EDGE_CURVE('',#1477,#1478,#1634,.T.);
#1235=EDGE_CURVE('',#1479,#1479,#271,.T.);
#1236=EDGE_CURVE('',#1480,#1480,#272,.T.);
#1237=EDGE_CURVE('',#1439,#1468,#1635,.T.);
#1238=EDGE_CURVE('',#1467,#1440,#1636,.F.);
#1239=EDGE_CURVE('',#1471,#1450,#1637,.F.);
#1240=EDGE_CURVE('',#1449,#1472,#1638,.T.);
#1241=EDGE_CURVE('',#1481,#1444,#1639,.T.);
#1242=EDGE_CURVE('',#1481,#1482,#137,.T.);
#1243=EDGE_CURVE('',#1482,#1483,#273,.T.);
#1244=EDGE_CURVE('',#1483,#1452,#138,.T.);
#1245=EDGE_CURVE('',#1484,#1485,#139,.T.);
#1246=EDGE_CURVE('',#1484,#1486,#274,.T.);
#1247=EDGE_CURVE('',#1486,#1483,#140,.T.);
#1248=EDGE_CURVE('',#1482,#1487,#141,.T.);
#1249=EDGE_CURVE('',#1487,#1485,#275,.T.);
#1250=EDGE_CURVE('',#1484,#1485,#142,.T.);
#1251=EDGE_CURVE('',#1487,#1488,#143,.T.);
#1252=EDGE_CURVE('',#1464,#1488,#1640,.T.);
#1253=EDGE_CURVE('',#1453,#1486,#144,.T.);
#1254=EDGE_CURVE('',#1489,#1463,#276,.F.);
#1255=EDGE_CURVE('',#1488,#1481,#145,.T.);
#1256=EDGE_CURVE('',#1443,#1476,#277,.T.);
#1257=EDGE_CURVE('',#1475,#1490,#278,.F.);
#1258=EDGE_CURVE('',#1489,#1490,#1641,.T.);
#1259=EDGE_CURVE('',#1491,#1491,#279,.T.);
#1260=EDGE_CURVE('',#1492,#1492,#280,.F.);
#1261=EDGE_CURVE('',#1493,#1493,#281,.T.);
#1262=EDGE_CURVE('',#1469,#1437,#1642,.T.);
#1263=EDGE_CURVE('',#1438,#1470,#1643,.F.);
#1264=EDGE_CURVE('',#1489,#1478,#1644,.T.);
#1265=EDGE_CURVE('',#1490,#1477,#1645,.T.);
#1266=VERTEX_POINT('',#3242);
#1267=VERTEX_POINT('',#3243);
#1268=VERTEX_POINT('',#3245);
#1269=VERTEX_POINT('',#3247);
#1270=VERTEX_POINT('',#3249);
#1271=VERTEX_POINT('',#3251);
#1272=VERTEX_POINT('',#3253);
#1273=VERTEX_POINT('',#3255);
#1274=VERTEX_POINT('',#3257);
#1275=VERTEX_POINT('',#3259);
#1276=VERTEX_POINT('',#3261);
#1277=VERTEX_POINT('',#3263);
#1278=VERTEX_POINT('',#3265);
#1279=VERTEX_POINT('',#3267);
#1280=VERTEX_POINT('',#3271);
#1281=VERTEX_POINT('',#3276);
#1282=VERTEX_POINT('',#3277);
#1283=VERTEX_POINT('',#3280);
#1284=VERTEX_POINT('',#3282);
#1285=VERTEX_POINT('',#3284);
#1286=VERTEX_POINT('',#3286);
#1287=VERTEX_POINT('',#3290);
#1288=VERTEX_POINT('',#3292);
#1289=VERTEX_POINT('',#3293);
#1290=VERTEX_POINT('',#3295);
#1291=VERTEX_POINT('',#3297);
#1292=VERTEX_POINT('',#3305);
#1293=VERTEX_POINT('',#3306);
#1294=VERTEX_POINT('',#3310);
#1295=VERTEX_POINT('',#3312);
#1296=VERTEX_POINT('',#3314);
#1297=VERTEX_POINT('',#3316);
#1298=VERTEX_POINT('',#3318);
#1299=VERTEX_POINT('',#3320);
#1300=VERTEX_POINT('',#3322);
#1301=VERTEX_POINT('',#3324);
#1302=VERTEX_POINT('',#3328);
#1303=VERTEX_POINT('',#3329);
#1304=VERTEX_POINT('',#3331);
#1305=VERTEX_POINT('',#3333);
#1306=VERTEX_POINT('',#3337);
#1307=VERTEX_POINT('',#3339);
#1308=VERTEX_POINT('',#3344);
#1309=VERTEX_POINT('',#3346);
#1310=VERTEX_POINT('',#3355);
#1311=VERTEX_POINT('',#3362);
#1312=VERTEX_POINT('',#3364);
#1313=VERTEX_POINT('',#3379);
#1314=VERTEX_POINT('',#3380);
#1315=VERTEX_POINT('',#3382);
#1316=VERTEX_POINT('',#3393);
#1317=VERTEX_POINT('',#3403);
#1318=VERTEX_POINT('',#3419);
#1319=VERTEX_POINT('',#3421);
#1320=VERTEX_POINT('',#3429);
#1321=VERTEX_POINT('',#3431);
#1322=VERTEX_POINT('',#3434);
#1323=VERTEX_POINT('',#3486);
#1324=VERTEX_POINT('',#3487);
#1325=VERTEX_POINT('',#3489);
#1326=VERTEX_POINT('',#3491);
#1327=VERTEX_POINT('',#3493);
#1328=VERTEX_POINT('',#3495);
#1329=VERTEX_POINT('',#3497);
#1330=VERTEX_POINT('',#3499);
#1331=VERTEX_POINT('',#3501);
#1332=VERTEX_POINT('',#3503);
#1333=VERTEX_POINT('',#3505);
#1334=VERTEX_POINT('',#3507);
#1335=VERTEX_POINT('',#3509);
#1336=VERTEX_POINT('',#3511);
#1337=VERTEX_POINT('',#3515);
#1338=VERTEX_POINT('',#3520);
#1339=VERTEX_POINT('',#3521);
#1340=VERTEX_POINT('',#3523);
#1341=VERTEX_POINT('',#3525);
#1342=VERTEX_POINT('',#3527);
#1343=VERTEX_POINT('',#3529);
#1344=VERTEX_POINT('',#3534);
#1345=VERTEX_POINT('',#3536);
#1346=VERTEX_POINT('',#3537);
#1347=VERTEX_POINT('',#3540);
#1348=VERTEX_POINT('',#3542);
#1349=VERTEX_POINT('',#3549);
#1350=VERTEX_POINT('',#3550);
#1351=VERTEX_POINT('',#3552);
#1352=VERTEX_POINT('',#3554);
#1353=VERTEX_POINT('',#3556);
#1354=VERTEX_POINT('',#3558);
#1355=VERTEX_POINT('',#3560);
#1356=VERTEX_POINT('',#3562);
#1357=VERTEX_POINT('',#3564);
#1358=VERTEX_POINT('',#3566);
#1359=VERTEX_POINT('',#3572);
#1360=VERTEX_POINT('',#3573);
#1361=VERTEX_POINT('',#3575);
#1362=VERTEX_POINT('',#3577);
#1363=VERTEX_POINT('',#3581);
#1364=VERTEX_POINT('',#3585);
#1365=VERTEX_POINT('',#3588);
#1366=VERTEX_POINT('',#3590);
#1367=VERTEX_POINT('',#3599);
#1368=VERTEX_POINT('',#3606);
#1369=VERTEX_POINT('',#3608);
#1370=VERTEX_POINT('',#3623);
#1371=VERTEX_POINT('',#3624);
#1372=VERTEX_POINT('',#3626);
#1373=VERTEX_POINT('',#3637);
#1374=VERTEX_POINT('',#3653);
#1375=VERTEX_POINT('',#3663);
#1376=VERTEX_POINT('',#3670);
#1377=VERTEX_POINT('',#3673);
#1378=VERTEX_POINT('',#3675);
#1379=VERTEX_POINT('',#3678);
#1380=VERTEX_POINT('',#3730);
#1381=VERTEX_POINT('',#3731);
#1382=VERTEX_POINT('',#3733);
#1383=VERTEX_POINT('',#3735);
#1384=VERTEX_POINT('',#3737);
#1385=VERTEX_POINT('',#3739);
#1386=VERTEX_POINT('',#3741);
#1387=VERTEX_POINT('',#3743);
#1388=VERTEX_POINT('',#3745);
#1389=VERTEX_POINT('',#3747);
#1390=VERTEX_POINT('',#3749);
#1391=VERTEX_POINT('',#3751);
#1392=VERTEX_POINT('',#3753);
#1393=VERTEX_POINT('',#3755);
#1394=VERTEX_POINT('',#3759);
#1395=VERTEX_POINT('',#3764);
#1396=VERTEX_POINT('',#3765);
#1397=VERTEX_POINT('',#3768);
#1398=VERTEX_POINT('',#3770);
#1399=VERTEX_POINT('',#3772);
#1400=VERTEX_POINT('',#3774);
#1401=VERTEX_POINT('',#3778);
#1402=VERTEX_POINT('',#3780);
#1403=VERTEX_POINT('',#3781);
#1404=VERTEX_POINT('',#3783);
#1405=VERTEX_POINT('',#3785);
#1406=VERTEX_POINT('',#3793);
#1407=VERTEX_POINT('',#3794);
#1408=VERTEX_POINT('',#3798);
#1409=VERTEX_POINT('',#3800);
#1410=VERTEX_POINT('',#3802);
#1411=VERTEX_POINT('',#3804);
#1412=VERTEX_POINT('',#3806);
#1413=VERTEX_POINT('',#3808);
#1414=VERTEX_POINT('',#3810);
#1415=VERTEX_POINT('',#3812);
#1416=VERTEX_POINT('',#3816);
#1417=VERTEX_POINT('',#3817);
#1418=VERTEX_POINT('',#3819);
#1419=VERTEX_POINT('',#3821);
#1420=VERTEX_POINT('',#3825);
#1421=VERTEX_POINT('',#3827);
#1422=VERTEX_POINT('',#3832);
#1423=VERTEX_POINT('',#3834);
#1424=VERTEX_POINT('',#3843);
#1425=VERTEX_POINT('',#3850);
#1426=VERTEX_POINT('',#3852);
#1427=VERTEX_POINT('',#3867);
#1428=VERTEX_POINT('',#3868);
#1429=VERTEX_POINT('',#3870);
#1430=VERTEX_POINT('',#3881);
#1431=VERTEX_POINT('',#3891);
#1432=VERTEX_POINT('',#3907);
#1433=VERTEX_POINT('',#3909);
#1434=VERTEX_POINT('',#3917);
#1435=VERTEX_POINT('',#3919);
#1436=VERTEX_POINT('',#3922);
#1437=VERTEX_POINT('',#3974);
#1438=VERTEX_POINT('',#3975);
#1439=VERTEX_POINT('',#3977);
#1440=VERTEX_POINT('',#3979);
#1441=VERTEX_POINT('',#3981);
#1442=VERTEX_POINT('',#3983);
#1443=VERTEX_POINT('',#3985);
#1444=VERTEX_POINT('',#3987);
#1445=VERTEX_POINT('',#3989);
#1446=VERTEX_POINT('',#3991);
#1447=VERTEX_POINT('',#3993);
#1448=VERTEX_POINT('',#3995);
#1449=VERTEX_POINT('',#3997);
#1450=VERTEX_POINT('',#3999);
#1451=VERTEX_POINT('',#4003);
#1452=VERTEX_POINT('',#4008);
#1453=VERTEX_POINT('',#4009);
#1454=VERTEX_POINT('',#4011);
#1455=VERTEX_POINT('',#4013);
#1456=VERTEX_POINT('',#4015);
#1457=VERTEX_POINT('',#4017);
#1458=VERTEX_POINT('',#4022);
#1459=VERTEX_POINT('',#4024);
#1460=VERTEX_POINT('',#4025);
#1461=VERTEX_POINT('',#4028);
#1462=VERTEX_POINT('',#4030);
#1463=VERTEX_POINT('',#4037);
#1464=VERTEX_POINT('',#4038);
#1465=VERTEX_POINT('',#4040);
#1466=VERTEX_POINT('',#4042);
#1467=VERTEX_POINT('',#4044);
#1468=VERTEX_POINT('',#4046);
#1469=VERTEX_POINT('',#4048);
#1470=VERTEX_POINT('',#4050);
#1471=VERTEX_POINT('',#4052);
#1472=VERTEX_POINT('',#4054);
#1473=VERTEX_POINT('',#4060);
#1474=VERTEX_POINT('',#4061);
#1475=VERTEX_POINT('',#4063);
#1476=VERTEX_POINT('',#4065);
#1477=VERTEX_POINT('',#4069);
#1478=VERTEX_POINT('',#4073);
#1479=VERTEX_POINT('',#4076);
#1480=VERTEX_POINT('',#4078);
#1481=VERTEX_POINT('',#4087);
#1482=VERTEX_POINT('',#4094);
#1483=VERTEX_POINT('',#4096);
#1484=VERTEX_POINT('',#4111);
#1485=VERTEX_POINT('',#4112);
#1486=VERTEX_POINT('',#4114);
#1487=VERTEX_POINT('',#4125);
#1488=VERTEX_POINT('',#4141);
#1489=VERTEX_POINT('',#4151);
#1490=VERTEX_POINT('',#4158);
#1491=VERTEX_POINT('',#4161);
#1492=VERTEX_POINT('',#4163);
#1493=VERTEX_POINT('',#4166);
#1494=LINE('',#3241,#1646);
#1495=LINE('',#3250,#1647);
#1496=LINE('',#3252,#1648);
#1497=LINE('',#3254,#1649);
#1498=LINE('',#3258,#1650);
#1499=LINE('',#3260,#1651);
#1500=LINE('',#3262,#1652);
#1501=LINE('',#3278,#1653);
#1502=LINE('',#3281,#1654);
#1503=LINE('',#3285,#1655);
#1504=LINE('',#3287,#1656);
#1505=LINE('',#3291,#1657);
#1506=LINE('',#3296,#1658);
#1507=LINE('',#3299,#1659);
#1508=LINE('',#3301,#1660);
#1509=LINE('',#3302,#1661);
#1510=LINE('',#3304,#1662);
#1511=LINE('',#3308,#1663);
#1512=LINE('',#3315,#1664);
#1513=LINE('',#3323,#1665);
#1514=LINE('',#3325,#1666);
#1515=LINE('',#3327,#1667);
#1516=LINE('',#3330,#1668);
#1517=LINE('',#3332,#1669);
#1518=LINE('',#3334,#1670);
#1519=LINE('',#3338,#1671);
#1520=LINE('',#3341,#1672);
#1521=LINE('',#3348,#1673);
#1522=LINE('',#3349,#1674);
#1523=LINE('',#3351,#1675);
#1524=LINE('',#3352,#1676);
#1525=LINE('',#3354,#1677);
#1526=LINE('',#3402,#1678);
#1527=LINE('',#3420,#1679);
#1528=LINE('',#3435,#1680);
#1529=LINE('',#3436,#1681);
#1530=LINE('',#3478,#1682);
#1531=LINE('',#3480,#1683);
#1532=LINE('',#3485,#1684);
#1533=LINE('',#3494,#1685);
#1534=LINE('',#3496,#1686);
#1535=LINE('',#3498,#1687);
#1536=LINE('',#3502,#1688);
#1537=LINE('',#3504,#1689);
#1538=LINE('',#3506,#1690);
#1539=LINE('',#3522,#1691);
#1540=LINE('',#3524,#1692);
#1541=LINE('',#3528,#1693);
#1542=LINE('',#3531,#1694);
#1543=LINE('',#3535,#1695);
#1544=LINE('',#3538,#1696);
#1545=LINE('',#3541,#1697);
#1546=LINE('',#3545,#1698);
#1547=LINE('',#3546,#1699);
#1548=LINE('',#3548,#1700);
#1549=LINE('',#3551,#1701);
#1550=LINE('',#3553,#1702);
#1551=LINE('',#3561,#1703);
#1552=LINE('',#3568,#1704);
#1553=LINE('',#3571,#1705);
#1554=LINE('',#3574,#1706);
#1555=LINE('',#3576,#1707);
#1556=LINE('',#3578,#1708);
#1557=LINE('',#3583,#1709);
#1558=LINE('',#3586,#1710);
#1559=LINE('',#3592,#1711);
#1560=LINE('',#3593,#1712);
#1561=LINE('',#3595,#1713);
#1562=LINE('',#3596,#1714);
#1563=LINE('',#3598,#1715);
#1564=LINE('',#3654,#1716);
#1565=LINE('',#3671,#1717);
#1566=LINE('',#3679,#1718);
#1567=LINE('',#3680,#1719);
#1568=LINE('',#3723,#1720);
#1569=LINE('',#3725,#1721);
#1570=LINE('',#3729,#1722);
#1571=LINE('',#3738,#1723);
#1572=LINE('',#3740,#1724);
#1573=LINE('',#3742,#1725);
#1574=LINE('',#3746,#1726);
#1575=LINE('',#3748,#1727);
#1576=LINE('',#3750,#1728);
#1577=LINE('',#3766,#1729);
#1578=LINE('',#3769,#1730);
#1579=LINE('',#3773,#1731);
#1580=LINE('',#3775,#1732);
#1581=LINE('',#3779,#1733);
#1582=LINE('',#3784,#1734);
#1583=LINE('',#3787,#1735);
#1584=LINE('',#3789,#1736);
#1585=LINE('',#3790,#1737);
#1586=LINE('',#3792,#1738);
#1587=LINE('',#3796,#1739);
#1588=LINE('',#3803,#1740);
#1589=LINE('',#3811,#1741);
#1590=LINE('',#3813,#1742);
#1591=LINE('',#3815,#1743);
#1592=LINE('',#3818,#1744);
#1593=LINE('',#3820,#1745);
#1594=LINE('',#3822,#1746);
#1595=LINE('',#3826,#1747);
#1596=LINE('',#3829,#1748);
#1597=LINE('',#3836,#1749);
#1598=LINE('',#3837,#1750);
#1599=LINE('',#3839,#1751);
#1600=LINE('',#3840,#1752);
#1601=LINE('',#3842,#1753);
#1602=LINE('',#3890,#1754);
#1603=LINE('',#3908,#1755);
#1604=LINE('',#3923,#1756);
#1605=LINE('',#3924,#1757);
#1606=LINE('',#3966,#1758);
#1607=LINE('',#3968,#1759);
#1608=LINE('',#3973,#1760);
#1609=LINE('',#3982,#1761);
#1610=LINE('',#3984,#1762);
#1611=LINE('',#3986,#1763);
#1612=LINE('',#3990,#1764);
#1613=LINE('',#3992,#1765);
#1614=LINE('',#3994,#1766);
#1615=LINE('',#4010,#1767);
#1616=LINE('',#4012,#1768);
#1617=LINE('',#4016,#1769);
#1618=LINE('',#4019,#1770);
#1619=LINE('',#4023,#1771);
#1620=LINE('',#4026,#1772);
#1621=LINE('',#4029,#1773);
#1622=LINE('',#4033,#1774);
#1623=LINE('',#4034,#1775);
#1624=LINE('',#4036,#1776);
#1625=LINE('',#4039,#1777);
#1626=LINE('',#4041,#1778);
#1627=LINE('',#4049,#1779);
#1628=LINE('',#4056,#1780);
#1629=LINE('',#4059,#1781);
#1630=LINE('',#4062,#1782);
#1631=LINE('',#4064,#1783);
#1632=LINE('',#4066,#1784);
#1633=LINE('',#4071,#1785);
#1634=LINE('',#4074,#1786);
#1635=LINE('',#4080,#1787);
#1636=LINE('',#4081,#1788);
#1637=LINE('',#4083,#1789);
#1638=LINE('',#4084,#1790);
#1639=LINE('',#4086,#1791);
#1640=LINE('',#4142,#1792);
#1641=LINE('',#4159,#1793);
#1642=LINE('',#4167,#1794);
#1643=LINE('',#4168,#1795);
#1644=LINE('',#4210,#1796);
#1645=LINE('',#4212,#1797);
#1646=VECTOR('',#2587,1.);
#1647=VECTOR('',#2594,1.);
#1648=VECTOR('',#2595,1.);
#1649=VECTOR('',#2596,1.);
#1650=VECTOR('',#2599,1.);
#1651=VECTOR('',#2600,1.);
#1652=VECTOR('',#2601,1.);
#1653=VECTOR('',#2612,1.);
#1654=VECTOR('',#2615,1.);
#1655=VECTOR('',#2618,1.);
#1656=VECTOR('',#2619,1.);
#1657=VECTOR('',#2624,1.);
#1658=VECTOR('',#2627,1.);
#1659=VECTOR('',#2630,1.);
#1660=VECTOR('',#2633,1.);
#1661=VECTOR('',#2634,1.);
#1662=VECTOR('',#2637,1.);
#1663=VECTOR('',#2640,1.);
#1664=VECTOR('',#2647,1.);
#1665=VECTOR('',#2654,1.);
#1666=VECTOR('',#2655,1.);
#1667=VECTOR('',#2658,1.);
#1668=VECTOR('',#2659,1.);
#1669=VECTOR('',#2660,1.);
#1670=VECTOR('',#2661,1.);
#1671=VECTOR('',#2666,1.);
#1672=VECTOR('',#2669,1.);
#1673=VECTOR('',#2678,1.);
#1674=VECTOR('',#2679,1.);
#1675=VECTOR('',#2682,1.);
#1676=VECTOR('',#2683,1.);
#1677=VECTOR('',#2686,1.);
#1678=VECTOR('',#2697,1.);
#1679=VECTOR('',#2702,1.);
#1680=VECTOR('',#2715,1.);
#1681=VECTOR('',#2716,1.);
#1682=VECTOR('',#2739,1.);
#1683=VECTOR('',#2742,1.);
#1684=VECTOR('',#2751,1.);
#1685=VECTOR('',#2758,1.);
#1686=VECTOR('',#2759,1.);
#1687=VECTOR('',#2760,1.);
#1688=VECTOR('',#2763,1.);
#1689=VECTOR('',#2764,1.);
#1690=VECTOR('',#2765,1.);
#1691=VECTOR('',#2776,1.);
#1692=VECTOR('',#2777,1.);
#1693=VECTOR('',#2780,1.);
#1694=VECTOR('',#2783,1.);
#1695=VECTOR('',#2788,1.);
#1696=VECTOR('',#2789,1.);
#1697=VECTOR('',#2792,1.);
#1698=VECTOR('',#2797,1.);
#1699=VECTOR('',#2798,1.);
#1700=VECTOR('',#2801,1.);
#1701=VECTOR('',#2802,1.);
#1702=VECTOR('',#2803,1.);
#1703=VECTOR('',#2810,1.);
#1704=VECTOR('',#2817,1.);
#1705=VECTOR('',#2822,1.);
#1706=VECTOR('',#2823,1.);
#1707=VECTOR('',#2824,1.);
#1708=VECTOR('',#2825,1.);
#1709=VECTOR('',#2832,1.);
#1710=VECTOR('',#2835,1.);
#1711=VECTOR('',#2842,1.);
#1712=VECTOR('',#2843,1.);
#1713=VECTOR('',#2846,1.);
#1714=VECTOR('',#2847,1.);
#1715=VECTOR('',#2850,1.);
#1716=VECTOR('',#2861,1.);
#1717=VECTOR('',#2870,1.);
#1718=VECTOR('',#2879,1.);
#1719=VECTOR('',#2880,1.);
#1720=VECTOR('',#2905,1.);
#1721=VECTOR('',#2908,1.);
#1722=VECTOR('',#2915,1.);
#1723=VECTOR('',#2922,1.);
#1724=VECTOR('',#2923,1.);
#1725=VECTOR('',#2924,1.);
#1726=VECTOR('',#2927,1.);
#1727=VECTOR('',#2928,1.);
#1728=VECTOR('',#2929,1.);
#1729=VECTOR('',#2940,1.);
#1730=VECTOR('',#2943,1.);
#1731=VECTOR('',#2946,1.);
#1732=VECTOR('',#2947,1.);
#1733=VECTOR('',#2952,1.);
#1734=VECTOR('',#2955,1.);
#1735=VECTOR('',#2958,1.);
#1736=VECTOR('',#2961,1.);
#1737=VECTOR('',#2962,1.);
#1738=VECTOR('',#2965,1.);
#1739=VECTOR('',#2968,1.);
#1740=VECTOR('',#2975,1.);
#1741=VECTOR('',#2982,1.);
#1742=VECTOR('',#2983,1.);
#1743=VECTOR('',#2986,1.);
#1744=VECTOR('',#2987,1.);
#1745=VECTOR('',#2988,1.);
#1746=VECTOR('',#2989,1.);
#1747=VECTOR('',#2994,1.);
#1748=VECTOR('',#2997,1.);
#1749=VECTOR('',#3006,1.);
#1750=VECTOR('',#3007,1.);
#1751=VECTOR('',#3010,1.);
#1752=VECTOR('',#3011,1.);
#1753=VECTOR('',#3014,1.);
#1754=VECTOR('',#3025,1.);
#1755=VECTOR('',#3030,1.);
#1756=VECTOR('',#3043,1.);
#1757=VECTOR('',#3044,1.);
#1758=VECTOR('',#3067,1.);
#1759=VECTOR('',#3070,1.);
#1760=VECTOR('',#3079,1.);
#1761=VECTOR('',#3086,1.);
#1762=VECTOR('',#3087,1.);
#1763=VECTOR('',#3088,1.);
#1764=VECTOR('',#3091,1.);
#1765=VECTOR('',#3092,1.);
#1766=VECTOR('',#3093,1.);
#1767=VECTOR('',#3104,1.);
#1768=VECTOR('',#3105,1.);
#1769=VECTOR('',#3108,1.);
#1770=VECTOR('',#3111,1.);
#1771=VECTOR('',#3116,1.);
#1772=VECTOR('',#3117,1.);
#1773=VECTOR('',#3120,1.);
#1774=VECTOR('',#3125,1.);
#1775=VECTOR('',#3126,1.);
#1776=VECTOR('',#3129,1.);
#1777=VECTOR('',#3130,1.);
#1778=VECTOR('',#3131,1.);
#1779=VECTOR('',#3138,1.);
#1780=VECTOR('',#3145,1.);
#1781=VECTOR('',#3150,1.);
#1782=VECTOR('',#3151,1.);
#1783=VECTOR('',#3152,1.);
#1784=VECTOR('',#3153,1.);
#1785=VECTOR('',#3160,1.);
#1786=VECTOR('',#3163,1.);
#1787=VECTOR('',#3170,1.);
#1788=VECTOR('',#3171,1.);
#1789=VECTOR('',#3174,1.);
#1790=VECTOR('',#3175,1.);
#1791=VECTOR('',#3178,1.);
#1792=VECTOR('',#3189,1.);
#1793=VECTOR('',#3198,1.);
#1794=VECTOR('',#3207,1.);
#1795=VECTOR('',#3208,1.);
#1796=VECTOR('',#3231,1.);
#1797=VECTOR('',#3234,1.);
#1798=EDGE_LOOP('',(#282,#283,#284,#285,#286,#287,#288,#289,#290,#291,#292,
#293,#294,#295));
#1799=EDGE_LOOP('',(#296));
#1800=EDGE_LOOP('',(#297,#298,#299,#300,#301,#302,#303,#304));
#1801=EDGE_LOOP('',(#305));
#1802=EDGE_LOOP('',(#306,#307,#308,#309,#310,#311));
#1803=EDGE_LOOP('',(#312,#313,#314,#315));
#1804=EDGE_LOOP('',(#316,#317,#318,#319,#320,#321,#322,#323,#324,#325,#326,
#327,#328,#329));
#1805=EDGE_LOOP('',(#330,#331,#332,#333));
#1806=EDGE_LOOP('',(#334,#335,#336,#337,#338,#339,#340,#341));
#1807=EDGE_LOOP('',(#342));
#1808=EDGE_LOOP('',(#343));
#1809=EDGE_LOOP('',(#344,#345,#346,#347));
#1810=EDGE_LOOP('',(#348,#349,#350,#351));
#1811=EDGE_LOOP('',(#352,#353,#354,#355,#356,#357));
#1812=EDGE_LOOP('',(#358,#359,#360,#361,#362,#363));
#1813=EDGE_LOOP('',(#364,#365,#366,#367,#368,#369,#370,#371));
#1814=EDGE_LOOP('',(#372,#373,#374,#375,#376,#377,#378,#379,#380,#381));
#1815=EDGE_LOOP('',(#382));
#1816=EDGE_LOOP('',(#383));
#1817=EDGE_LOOP('',(#384));
#1818=EDGE_LOOP('',(#385,#386,#387,#388));
#1819=EDGE_LOOP('',(#389,#390,#391,#392));
#1820=EDGE_LOOP('',(#393));
#1821=EDGE_LOOP('',(#394));
#1822=EDGE_LOOP('',(#395,#396,#397,#398));
#1823=EDGE_LOOP('',(#399));
#1824=EDGE_LOOP('',(#400));
#1825=EDGE_LOOP('',(#401,#402,#403,#404));
#1826=EDGE_LOOP('',(#405,#406,#407,#408));
#1827=EDGE_LOOP('',(#409,#410,#411,#412));
#1828=EDGE_LOOP('',(#413,#414,#415,#416));
#1829=EDGE_LOOP('',(#417,#418,#419,#420));
#1830=EDGE_LOOP('',(#421,#422,#423,#424));
#1831=EDGE_LOOP('',(#425,#426,#427,#428));
#1832=EDGE_LOOP('',(#429,#430));
#1833=EDGE_LOOP('',(#431));
#1834=EDGE_LOOP('',(#432,#433,#434,#435));
#1835=EDGE_LOOP('',(#436,#437,#438,#439));
#1836=EDGE_LOOP('',(#440,#441,#442,#443));
#1837=EDGE_LOOP('',(#444));
#1838=EDGE_LOOP('',(#445));
#1839=EDGE_LOOP('',(#446,#447,#448,#449,#450,#451,#452,#453,#454,#455,#456,
#457,#458,#459));
#1840=EDGE_LOOP('',(#460));
#1841=EDGE_LOOP('',(#461,#462,#463,#464,#465,#466,#467,#468));
#1842=EDGE_LOOP('',(#469));
#1843=EDGE_LOOP('',(#470,#471,#472,#473,#474,#475));
#1844=EDGE_LOOP('',(#476,#477,#478,#479));
#1845=EDGE_LOOP('',(#480,#481,#482,#483,#484,#485,#486,#487,#488,#489,#490,
#491,#492,#493));
#1846=EDGE_LOOP('',(#494,#495,#496,#497));
#1847=EDGE_LOOP('',(#498,#499,#500,#501,#502,#503,#504,#505));
#1848=EDGE_LOOP('',(#506));
#1849=EDGE_LOOP('',(#507));
#1850=EDGE_LOOP('',(#508,#509,#510,#511));
#1851=EDGE_LOOP('',(#512,#513,#514,#515));
#1852=EDGE_LOOP('',(#516,#517,#518,#519,#520,#521));
#1853=EDGE_LOOP('',(#522,#523,#524,#525,#526,#527));
#1854=EDGE_LOOP('',(#528,#529,#530,#531,#532,#533,#534,#535));
#1855=EDGE_LOOP('',(#536,#537,#538,#539,#540,#541,#542,#543,#544,#545));
#1856=EDGE_LOOP('',(#546));
#1857=EDGE_LOOP('',(#547));
#1858=EDGE_LOOP('',(#548));
#1859=EDGE_LOOP('',(#549,#550,#551,#552));
#1860=EDGE_LOOP('',(#553,#554,#555,#556));
#1861=EDGE_LOOP('',(#557));
#1862=EDGE_LOOP('',(#558));
#1863=EDGE_LOOP('',(#559,#560,#561,#562));
#1864=EDGE_LOOP('',(#563));
#1865=EDGE_LOOP('',(#564));
#1866=EDGE_LOOP('',(#565,#566,#567,#568));
#1867=EDGE_LOOP('',(#569,#570,#571,#572));
#1868=EDGE_LOOP('',(#573,#574,#575,#576));
#1869=EDGE_LOOP('',(#577,#578,#579,#580));
#1870=EDGE_LOOP('',(#581,#582,#583,#584));
#1871=EDGE_LOOP('',(#585,#586,#587,#588));
#1872=EDGE_LOOP('',(#589,#590,#591,#592));
#1873=EDGE_LOOP('',(#593,#594));
#1874=EDGE_LOOP('',(#595));
#1875=EDGE_LOOP('',(#596));
#1876=EDGE_LOOP('',(#597));
#1877=EDGE_LOOP('',(#598,#599,#600,#601));
#1878=EDGE_LOOP('',(#602,#603,#604,#605));
#1879=EDGE_LOOP('',(#606,#607,#608,#609));
#1880=EDGE_LOOP('',(#610,#611,#612,#613,#614,#615,#616,#617,#618,#619,#620,
#621,#622,#623));
#1881=EDGE_LOOP('',(#624));
#1882=EDGE_LOOP('',(#625,#626,#627,#628,#629,#630,#631,#632));
#1883=EDGE_LOOP('',(#633));
#1884=EDGE_LOOP('',(#634,#635,#636,#637,#638,#639));
#1885=EDGE_LOOP('',(#640,#641,#642,#643));
#1886=EDGE_LOOP('',(#644,#645,#646,#647,#648,#649,#650,#651,#652,#653,#654,
#655,#656,#657));
#1887=EDGE_LOOP('',(#658,#659,#660,#661));
#1888=EDGE_LOOP('',(#662,#663,#664,#665,#666,#667,#668,#669));
#1889=EDGE_LOOP('',(#670));
#1890=EDGE_LOOP('',(#671));
#1891=EDGE_LOOP('',(#672,#673,#674,#675));
#1892=EDGE_LOOP('',(#676,#677,#678,#679));
#1893=EDGE_LOOP('',(#680,#681,#682,#683,#684,#685));
#1894=EDGE_LOOP('',(#686,#687,#688,#689,#690,#691));
#1895=EDGE_LOOP('',(#692,#693,#694,#695,#696,#697,#698,#699));
#1896=EDGE_LOOP('',(#700,#701,#702,#703,#704,#705,#706,#707,#708,#709));
#1897=EDGE_LOOP('',(#710));
#1898=EDGE_LOOP('',(#711));
#1899=EDGE_LOOP('',(#712));
#1900=EDGE_LOOP('',(#713,#714,#715,#716));
#1901=EDGE_LOOP('',(#717,#718,#719,#720));
#1902=EDGE_LOOP('',(#721));
#1903=EDGE_LOOP('',(#722));
#1904=EDGE_LOOP('',(#723,#724,#725,#726));
#1905=EDGE_LOOP('',(#727));
#1906=EDGE_LOOP('',(#728));
#1907=EDGE_LOOP('',(#729,#730,#731,#732));
#1908=EDGE_LOOP('',(#733,#734,#735,#736));
#1909=EDGE_LOOP('',(#737,#738,#739,#740));
#1910=EDGE_LOOP('',(#741,#742,#743,#744));
#1911=EDGE_LOOP('',(#745,#746,#747,#748));
#1912=EDGE_LOOP('',(#749,#750,#751,#752));
#1913=EDGE_LOOP('',(#753,#754,#755,#756));
#1914=EDGE_LOOP('',(#757,#758));
#1915=EDGE_LOOP('',(#759));
#1916=EDGE_LOOP('',(#760,#761,#762,#763));
#1917=EDGE_LOOP('',(#764,#765,#766,#767));
#1918=EDGE_LOOP('',(#768,#769,#770,#771));
#1919=EDGE_LOOP('',(#772));
#1920=EDGE_LOOP('',(#773));
#1921=EDGE_LOOP('',(#774,#775,#776,#777,#778,#779,#780,#781,#782,#783,#784,
#785,#786,#787));
#1922=EDGE_LOOP('',(#788));
#1923=EDGE_LOOP('',(#789,#790,#791,#792,#793,#794,#795,#796));
#1924=EDGE_LOOP('',(#797));
#1925=EDGE_LOOP('',(#798,#799,#800,#801,#802,#803));
#1926=EDGE_LOOP('',(#804,#805,#806,#807));
#1927=EDGE_LOOP('',(#808,#809,#810,#811,#812,#813,#814,#815,#816,#817,#818,
#819,#820,#821));
#1928=EDGE_LOOP('',(#822,#823,#824,#825));
#1929=EDGE_LOOP('',(#826,#827,#828,#829,#830,#831,#832,#833));
#1930=EDGE_LOOP('',(#834));
#1931=EDGE_LOOP('',(#835));
#1932=EDGE_LOOP('',(#836,#837,#838,#839));
#1933=EDGE_LOOP('',(#840,#841,#842,#843));
#1934=EDGE_LOOP('',(#844,#845,#846,#847,#848,#849));
#1935=EDGE_LOOP('',(#850,#851,#852,#853,#854,#855));
#1936=EDGE_LOOP('',(#856,#857,#858,#859,#860,#861,#862,#863));
#1937=EDGE_LOOP('',(#864,#865,#866,#867,#868,#869,#870,#871,#872,#873));
#1938=EDGE_LOOP('',(#874));
#1939=EDGE_LOOP('',(#875));
#1940=EDGE_LOOP('',(#876));
#1941=EDGE_LOOP('',(#877,#878,#879,#880));
#1942=EDGE_LOOP('',(#881,#882,#883,#884));
#1943=EDGE_LOOP('',(#885));
#1944=EDGE_LOOP('',(#886));
#1945=EDGE_LOOP('',(#887,#888,#889,#890));
#1946=EDGE_LOOP('',(#891));
#1947=EDGE_LOOP('',(#892));
#1948=EDGE_LOOP('',(#893,#894,#895,#896));
#1949=EDGE_LOOP('',(#897,#898,#899,#900));
#1950=EDGE_LOOP('',(#901,#902,#903,#904));
#1951=EDGE_LOOP('',(#905,#906,#907,#908));
#1952=EDGE_LOOP('',(#909,#910,#911,#912));
#1953=EDGE_LOOP('',(#913,#914,#915,#916));
#1954=EDGE_LOOP('',(#917,#918,#919,#920));
#1955=EDGE_LOOP('',(#921,#922));
#1956=EDGE_LOOP('',(#923));
#1957=EDGE_LOOP('',(#924,#925,#926,#927));
#1958=EDGE_LOOP('',(#928,#929,#930,#931));
#1959=EDGE_LOOP('',(#932,#933,#934,#935));
#1960=EDGE_LOOP('',(#936));
#1961=EDGE_LOOP('',(#937));
#1962=FACE_BOUND('',#1798,.T.);
#1963=FACE_BOUND('',#1799,.T.);
#1964=FACE_BOUND('',#1800,.T.);
#1965=FACE_BOUND('',#1801,.T.);
#1966=FACE_BOUND('',#1802,.T.);
#1967=FACE_BOUND('',#1803,.T.);
#1968=FACE_BOUND('',#1804,.T.);
#1969=FACE_BOUND('',#1805,.T.);
#1970=FACE_BOUND('',#1806,.T.);
#1971=FACE_BOUND('',#1807,.T.);
#1972=FACE_BOUND('',#1808,.T.);
#1973=FACE_BOUND('',#1809,.T.);
#1974=FACE_BOUND('',#1810,.T.);
#1975=FACE_BOUND('',#1811,.T.);
#1976=FACE_BOUND('',#1812,.T.);
#1977=FACE_BOUND('',#1813,.T.);
#1978=FACE_BOUND('',#1814,.T.);
#1979=FACE_BOUND('',#1815,.T.);
#1980=FACE_BOUND('',#1816,.T.);
#1981=FACE_BOUND('',#1817,.T.);
#1982=FACE_BOUND('',#1818,.T.);
#1983=FACE_BOUND('',#1819,.T.);
#1984=FACE_BOUND('',#1820,.T.);
#1985=FACE_BOUND('',#1821,.T.);
#1986=FACE_BOUND('',#1822,.T.);
#1987=FACE_BOUND('',#1823,.T.);
#1988=FACE_BOUND('',#1824,.T.);
#1989=FACE_BOUND('',#1825,.T.);
#1990=FACE_BOUND('',#1826,.T.);
#1991=FACE_BOUND('',#1827,.T.);
#1992=FACE_BOUND('',#1828,.T.);
#1993=FACE_BOUND('',#1829,.T.);
#1994=FACE_BOUND('',#1830,.T.);
#1995=FACE_BOUND('',#1831,.T.);
#1996=FACE_BOUND('',#1832,.T.);
#1997=FACE_BOUND('',#1833,.T.);
#1998=FACE_BOUND('',#1834,.T.);
#1999=FACE_BOUND('',#1835,.T.);
#2000=FACE_BOUND('',#1836,.T.);
#2001=FACE_BOUND('',#1837,.T.);
#2002=FACE_BOUND('',#1838,.T.);
#2003=FACE_BOUND('',#1839,.T.);
#2004=FACE_BOUND('',#1840,.T.);
#2005=FACE_BOUND('',#1841,.T.);
#2006=FACE_BOUND('',#1842,.T.);
#2007=FACE_BOUND('',#1843,.T.);
#2008=FACE_BOUND('',#1844,.T.);
#2009=FACE_BOUND('',#1845,.T.);
#2010=FACE_BOUND('',#1846,.T.);
#2011=FACE_BOUND('',#1847,.T.);
#2012=FACE_BOUND('',#1848,.T.);
#2013=FACE_BOUND('',#1849,.T.);
#2014=FACE_BOUND('',#1850,.T.);
#2015=FACE_BOUND('',#1851,.T.);
#2016=FACE_BOUND('',#1852,.T.);
#2017=FACE_BOUND('',#1853,.T.);
#2018=FACE_BOUND('',#1854,.T.);
#2019=FACE_BOUND('',#1855,.T.);
#2020=FACE_BOUND('',#1856,.T.);
#2021=FACE_BOUND('',#1857,.T.);
#2022=FACE_BOUND('',#1858,.T.);
#2023=FACE_BOUND('',#1859,.T.);
#2024=FACE_BOUND('',#1860,.T.);
#2025=FACE_BOUND('',#1861,.T.);
#2026=FACE_BOUND('',#1862,.T.);
#2027=FACE_BOUND('',#1863,.T.);
#2028=FACE_BOUND('',#1864,.T.);
#2029=FACE_BOUND('',#1865,.T.);
#2030=FACE_BOUND('',#1866,.T.);
#2031=FACE_BOUND('',#1867,.T.);
#2032=FACE_BOUND('',#1868,.T.);
#2033=FACE_BOUND('',#1869,.T.);
#2034=FACE_BOUND('',#1870,.T.);
#2035=FACE_BOUND('',#1871,.T.);
#2036=FACE_BOUND('',#1872,.T.);
#2037=FACE_BOUND('',#1873,.T.);
#2038=FACE_BOUND('',#1874,.T.);
#2039=FACE_BOUND('',#1875,.T.);
#2040=FACE_BOUND('',#1876,.T.);
#2041=FACE_BOUND('',#1877,.T.);
#2042=FACE_BOUND('',#1878,.T.);
#2043=FACE_BOUND('',#1879,.T.);
#2044=FACE_BOUND('',#1880,.T.);
#2045=FACE_BOUND('',#1881,.T.);
#2046=FACE_BOUND('',#1882,.T.);
#2047=FACE_BOUND('',#1883,.T.);
#2048=FACE_BOUND('',#1884,.T.);
#2049=FACE_BOUND('',#1885,.T.);
#2050=FACE_BOUND('',#1886,.T.);
#2051=FACE_BOUND('',#1887,.T.);
#2052=FACE_BOUND('',#1888,.T.);
#2053=FACE_BOUND('',#1889,.T.);
#2054=FACE_BOUND('',#1890,.T.);
#2055=FACE_BOUND('',#1891,.T.);
#2056=FACE_BOUND('',#1892,.T.);
#2057=FACE_BOUND('',#1893,.T.);
#2058=FACE_BOUND('',#1894,.T.);
#2059=FACE_BOUND('',#1895,.T.);
#2060=FACE_BOUND('',#1896,.T.);
#2061=FACE_BOUND('',#1897,.T.);
#2062=FACE_BOUND('',#1898,.T.);
#2063=FACE_BOUND('',#1899,.T.);
#2064=FACE_BOUND('',#1900,.T.);
#2065=FACE_BOUND('',#1901,.T.);
#2066=FACE_BOUND('',#1902,.T.);
#2067=FACE_BOUND('',#1903,.T.);
#2068=FACE_BOUND('',#1904,.T.);
#2069=FACE_BOUND('',#1905,.T.);
#2070=FACE_BOUND('',#1906,.T.);
#2071=FACE_BOUND('',#1907,.T.);
#2072=FACE_BOUND('',#1908,.T.);
#2073=FACE_BOUND('',#1909,.T.);
#2074=FACE_BOUND('',#1910,.T.);
#2075=FACE_BOUND('',#1911,.T.);
#2076=FACE_BOUND('',#1912,.T.);
#2077=FACE_BOUND('',#1913,.T.);
#2078=FACE_BOUND('',#1914,.T.);
#2079=FACE_BOUND('',#1915,.T.);
#2080=FACE_BOUND('',#1916,.T.);
#2081=FACE_BOUND('',#1917,.T.);
#2082=FACE_BOUND('',#1918,.T.);
#2083=FACE_BOUND('',#1919,.T.);
#2084=FACE_BOUND('',#1920,.T.);
#2085=FACE_BOUND('',#1921,.T.);
#2086=FACE_BOUND('',#1922,.T.);
#2087=FACE_BOUND('',#1923,.T.);
#2088=FACE_BOUND('',#1924,.T.);
#2089=FACE_BOUND('',#1925,.T.);
#2090=FACE_BOUND('',#1926,.T.);
#2091=FACE_BOUND('',#1927,.T.);
#2092=FACE_BOUND('',#1928,.T.);
#2093=FACE_BOUND('',#1929,.T.);
#2094=FACE_BOUND('',#1930,.T.);
#2095=FACE_BOUND('',#1931,.T.);
#2096=FACE_BOUND('',#1932,.T.);
#2097=FACE_BOUND('',#1933,.T.);
#2098=FACE_BOUND('',#1934,.T.);
#2099=FACE_BOUND('',#1935,.T.);
#2100=FACE_BOUND('',#1936,.T.);
#2101=FACE_BOUND('',#1937,.T.);
#2102=FACE_BOUND('',#1938,.T.);
#2103=FACE_BOUND('',#1939,.T.);
#2104=FACE_BOUND('',#1940,.T.);
#2105=FACE_BOUND('',#1941,.T.);
#2106=FACE_BOUND('',#1942,.T.);
#2107=FACE_BOUND('',#1943,.T.);
#2108=FACE_BOUND('',#1944,.T.);
#2109=FACE_BOUND('',#1945,.T.);
#2110=FACE_BOUND('',#1946,.T.);
#2111=FACE_BOUND('',#1947,.T.);
#2112=FACE_BOUND('',#1948,.T.);
#2113=FACE_BOUND('',#1949,.T.);
#2114=FACE_BOUND('',#1950,.T.);
#2115=FACE_BOUND('',#1951,.T.);
#2116=FACE_BOUND('',#1952,.T.);
#2117=FACE_BOUND('',#1953,.T.);
#2118=FACE_BOUND('',#1954,.T.);
#2119=FACE_BOUND('',#1955,.T.);
#2120=FACE_BOUND('',#1956,.T.);
#2121=FACE_BOUND('',#1957,.T.);
#2122=FACE_BOUND('',#1958,.T.);
#2123=FACE_BOUND('',#1959,.T.);
#2124=FACE_BOUND('',#1960,.T.);
#2125=FACE_BOUND('',#1961,.T.);
#2126=PLANE('',#2332);
#2127=PLANE('',#2340);
#2128=PLANE('',#2344);
#2129=PLANE('',#2348);
#2130=PLANE('',#2349);
#2131=PLANE('',#2357);
#2132=PLANE('',#2358);
#2133=PLANE('',#2372);
#2134=PLANE('',#2378);
#2135=PLANE('',#2391);
#2136=PLANE('',#2395);
#2137=PLANE('',#2403);
#2138=PLANE('',#2407);
#2139=PLANE('',#2411);
#2140=PLANE('',#2412);
#2141=PLANE('',#2420);
#2142=PLANE('',#2421);
#2143=PLANE('',#2435);
#2144=PLANE('',#2441);
#2145=PLANE('',#2455);
#2146=PLANE('',#2458);
#2147=PLANE('',#2466);
#2148=PLANE('',#2470);
#2149=PLANE('',#2474);
#2150=PLANE('',#2475);
#2151=PLANE('',#2483);
#2152=PLANE('',#2484);
#2153=PLANE('',#2498);
#2154=PLANE('',#2504);
#2155=PLANE('',#2517);
#2156=PLANE('',#2521);
#2157=PLANE('',#2529);
#2158=PLANE('',#2533);
#2159=PLANE('',#2537);
#2160=PLANE('',#2538);
#2161=PLANE('',#2546);
#2162=PLANE('',#2547);
#2163=PLANE('',#2561);
#2164=PLANE('',#2567);
#2165=PLANE('',#2580);
#2166=ADVANCED_FACE('',(#1962),#2126,.F.);
#2167=ADVANCED_FACE('',(#1963,#1964),#2127,.T.);
#2168=ADVANCED_FACE('',(#1965,#1966),#2128,.F.);
#2169=ADVANCED_FACE('',(#1967),#2129,.F.);
#2170=ADVANCED_FACE('',(#1968),#2130,.F.);
#2171=ADVANCED_FACE('',(#1969),#2131,.T.);
#2172=ADVANCED_FACE('',(#1970,#1971,#1972),#2132,.T.);
#2173=ADVANCED_FACE('',(#1973),#38,.T.);
#2174=ADVANCED_FACE('',(#1974),#39,.T.);
#2175=ADVANCED_FACE('',(#1975),#40,.F.);
#2176=ADVANCED_FACE('',(#1976),#34,.T.);
#2177=ADVANCED_FACE('',(#1977),#41,.F.);
#2178=ADVANCED_FACE('',(#1978,#1979,#1980),#2133,.F.);
#2179=ADVANCED_FACE('',(#1981,#1982),#2134,.T.);
#2180=ADVANCED_FACE('',(#1983),#42,.T.);
#2181=ADVANCED_FACE('',(#1984,#1985),#43,.F.);
#2182=ADVANCED_FACE('',(#1986),#44,.T.);
#2183=ADVANCED_FACE('',(#1987,#1988),#45,.F.);
#2184=ADVANCED_FACE('',(#1989),#46,.T.);
#2185=ADVANCED_FACE('',(#1990),#26,.T.);
#2186=ADVANCED_FACE('',(#1991),#27,.T.);
#2187=ADVANCED_FACE('',(#1992),#47,.T.);
#2188=ADVANCED_FACE('',(#1993),#48,.T.);
#2189=ADVANCED_FACE('',(#1994),#49,.F.);
#2190=ADVANCED_FACE('',(#1995),#50,.F.);
#2191=ADVANCED_FACE('',(#1996,#1997),#51,.F.);
#2192=ADVANCED_FACE('',(#1998),#52,.T.);
#2193=ADVANCED_FACE('',(#1999),#2135,.F.);
#2194=ADVANCED_FACE('',(#2000),#53,.T.);
#2195=ADVANCED_FACE('',(#2001,#2002),#54,.F.);
#2196=ADVANCED_FACE('',(#2003),#2136,.F.);
#2197=ADVANCED_FACE('',(#2004,#2005),#2137,.T.);
#2198=ADVANCED_FACE('',(#2006,#2007),#2138,.F.);
#2199=ADVANCED_FACE('',(#2008),#2139,.F.);
#2200=ADVANCED_FACE('',(#2009),#2140,.F.);
#2201=ADVANCED_FACE('',(#2010),#2141,.T.);
#2202=ADVANCED_FACE('',(#2011,#2012,#2013),#2142,.T.);
#2203=ADVANCED_FACE('',(#2014),#55,.T.);
#2204=ADVANCED_FACE('',(#2015),#56,.T.);
#2205=ADVANCED_FACE('',(#2016),#57,.F.);
#2206=ADVANCED_FACE('',(#2017),#35,.T.);
#2207=ADVANCED_FACE('',(#2018),#58,.F.);
#2208=ADVANCED_FACE('',(#2019,#2020,#2021),#2143,.F.);
#2209=ADVANCED_FACE('',(#2022,#2023),#2144,.T.);
#2210=ADVANCED_FACE('',(#2024),#59,.T.);
#2211=ADVANCED_FACE('',(#2025,#2026),#60,.F.);
#2212=ADVANCED_FACE('',(#2027),#61,.T.);
#2213=ADVANCED_FACE('',(#2028,#2029),#62,.F.);
#2214=ADVANCED_FACE('',(#2030),#63,.T.);
#2215=ADVANCED_FACE('',(#2031),#28,.T.);
#2216=ADVANCED_FACE('',(#2032),#29,.T.);
#2217=ADVANCED_FACE('',(#2033),#64,.T.);
#2218=ADVANCED_FACE('',(#2034),#65,.T.);
#2219=ADVANCED_FACE('',(#2035),#66,.F.);
#2220=ADVANCED_FACE('',(#2036),#67,.F.);
#2221=ADVANCED_FACE('',(#2037,#2038),#68,.F.);
#2222=ADVANCED_FACE('',(#2039,#2040),#69,.F.);
#2223=ADVANCED_FACE('',(#2041),#70,.T.);
#2224=ADVANCED_FACE('',(#2042),#2145,.F.);
#2225=ADVANCED_FACE('',(#2043),#71,.T.);
#2226=ADVANCED_FACE('',(#2044),#2146,.F.);
#2227=ADVANCED_FACE('',(#2045,#2046),#2147,.T.);
#2228=ADVANCED_FACE('',(#2047,#2048),#2148,.F.);
#2229=ADVANCED_FACE('',(#2049),#2149,.F.);
#2230=ADVANCED_FACE('',(#2050),#2150,.F.);
#2231=ADVANCED_FACE('',(#2051),#2151,.T.);
#2232=ADVANCED_FACE('',(#2052,#2053,#2054),#2152,.T.);
#2233=ADVANCED_FACE('',(#2055),#72,.T.);
#2234=ADVANCED_FACE('',(#2056),#73,.T.);
#2235=ADVANCED_FACE('',(#2057),#74,.F.);
#2236=ADVANCED_FACE('',(#2058),#36,.T.);
#2237=ADVANCED_FACE('',(#2059),#75,.F.);
#2238=ADVANCED_FACE('',(#2060,#2061,#2062),#2153,.F.);
#2239=ADVANCED_FACE('',(#2063,#2064),#2154,.T.);
#2240=ADVANCED_FACE('',(#2065),#76,.T.);
#2241=ADVANCED_FACE('',(#2066,#2067),#77,.F.);
#2242=ADVANCED_FACE('',(#2068),#78,.T.);
#2243=ADVANCED_FACE('',(#2069,#2070),#79,.F.);
#2244=ADVANCED_FACE('',(#2071),#80,.T.);
#2245=ADVANCED_FACE('',(#2072),#30,.T.);
#2246=ADVANCED_FACE('',(#2073),#31,.T.);
#2247=ADVANCED_FACE('',(#2074),#81,.T.);
#2248=ADVANCED_FACE('',(#2075),#82,.T.);
#2249=ADVANCED_FACE('',(#2076),#83,.F.);
#2250=ADVANCED_FACE('',(#2077),#84,.F.);
#2251=ADVANCED_FACE('',(#2078,#2079),#85,.F.);
#2252=ADVANCED_FACE('',(#2080),#86,.T.);
#2253=ADVANCED_FACE('',(#2081),#2155,.F.);
#2254=ADVANCED_FACE('',(#2082),#87,.T.);
#2255=ADVANCED_FACE('',(#2083,#2084),#88,.F.);
#2256=ADVANCED_FACE('',(#2085),#2156,.F.);
#2257=ADVANCED_FACE('',(#2086,#2087),#2157,.T.);
#2258=ADVANCED_FACE('',(#2088,#2089),#2158,.F.);
#2259=ADVANCED_FACE('',(#2090),#2159,.F.);
#2260=ADVANCED_FACE('',(#2091),#2160,.F.);
#2261=ADVANCED_FACE('',(#2092),#2161,.T.);
#2262=ADVANCED_FACE('',(#2093,#2094,#2095),#2162,.T.);
#2263=ADVANCED_FACE('',(#2096),#89,.T.);
#2264=ADVANCED_FACE('',(#2097),#90,.T.);
#2265=ADVANCED_FACE('',(#2098),#91,.F.);
#2266=ADVANCED_FACE('',(#2099),#37,.T.);
#2267=ADVANCED_FACE('',(#2100),#92,.F.);
#2268=ADVANCED_FACE('',(#2101,#2102,#2103),#2163,.F.);
#2269=ADVANCED_FACE('',(#2104,#2105),#2164,.T.);
#2270=ADVANCED_FACE('',(#2106),#93,.T.);
#2271=ADVANCED_FACE('',(#2107,#2108),#94,.F.);
#2272=ADVANCED_FACE('',(#2109),#95,.T.);
#2273=ADVANCED_FACE('',(#2110,#2111),#96,.F.);
#2274=ADVANCED_FACE('',(#2112),#97,.T.);
#2275=ADVANCED_FACE('',(#2113),#32,.T.);
#2276=ADVANCED_FACE('',(#2114),#33,.T.);
#2277=ADVANCED_FACE('',(#2115),#98,.T.);
#2278=ADVANCED_FACE('',(#2116),#99,.T.);
#2279=ADVANCED_FACE('',(#2117),#100,.F.);
#2280=ADVANCED_FACE('',(#2118),#101,.F.);
#2281=ADVANCED_FACE('',(#2119,#2120),#102,.F.);
#2282=ADVANCED_FACE('',(#2121),#103,.T.);
#2283=ADVANCED_FACE('',(#2122),#2165,.F.);
#2284=ADVANCED_FACE('',(#2123),#104,.T.);
#2285=ADVANCED_FACE('',(#2124,#2125),#105,.F.);
#2286=CLOSED_SHELL('',(#2166,#2167,#2168,#2169,#2170,#2171,#2172,#2173,
#2174,#2175,#2176,#2177,#2178,#2179,#2180,#2181,#2182,#2183,#2184,#2185,
#2186,#2187,#2188,#2189,#2190,#2191,#2192,#2193,#2194,#2195));
#2287=CLOSED_SHELL('',(#2196,#2197,#2198,#2199,#2200,#2201,#2202,#2203,
#2204,#2205,#2206,#2207,#2208,#2209,#2210,#2211,#2212,#2213,#2214,#2215,
#2216,#2217,#2218,#2219,#2220,#2221,#2222,#2223,#2224,#2225));
#2288=CLOSED_SHELL('',(#2226,#2227,#2228,#2229,#2230,#2231,#2232,#2233,
#2234,#2235,#2236,#2237,#2238,#2239,#2240,#2241,#2242,#2243,#2244,#2245,
#2246,#2247,#2248,#2249,#2250,#2251,#2252,#2253,#2254,#2255));
#2289=CLOSED_SHELL('',(#2256,#2257,#2258,#2259,#2260,#2261,#2262,#2263,
#2264,#2265,#2266,#2267,#2268,#2269,#2270,#2271,#2272,#2273,#2274,#2275,
#2276,#2277,#2278,#2279,#2280,#2281,#2282,#2283,#2284,#2285));
#2290=STYLED_ITEM('',(#2294),#2319);
#2291=STYLED_ITEM('',(#2295),#2320);
#2292=STYLED_ITEM('',(#2296),#2321);
#2293=STYLED_ITEM('',(#2297),#2322);
#2294=PRESENTATION_STYLE_ASSIGNMENT((#2298));
#2295=PRESENTATION_STYLE_ASSIGNMENT((#2299));
#2296=PRESENTATION_STYLE_ASSIGNMENT((#2300));
#2297=PRESENTATION_STYLE_ASSIGNMENT((#2301));
#2298=SURFACE_STYLE_USAGE(.BOTH.,#2302);
#2299=SURFACE_STYLE_USAGE(.BOTH.,#2303);
#2300=SURFACE_STYLE_USAGE(.BOTH.,#2304);
#2301=SURFACE_STYLE_USAGE(.BOTH.,#2305);
#2302=SURFACE_SIDE_STYLE('',(#2306));
#2303=SURFACE_SIDE_STYLE('',(#2307));
#2304=SURFACE_SIDE_STYLE('',(#2308));
#2305=SURFACE_SIDE_STYLE('',(#2309));
#2306=SURFACE_STYLE_FILL_AREA(#2310);
#2307=SURFACE_STYLE_FILL_AREA(#2311);
#2308=SURFACE_STYLE_FILL_AREA(#2312);
#2309=SURFACE_STYLE_FILL_AREA(#2313);
#2310=FILL_AREA_STYLE('',(#2314));
#2311=FILL_AREA_STYLE('',(#2315));
#2312=FILL_AREA_STYLE('',(#2316));
#2313=FILL_AREA_STYLE('',(#2317));
#2314=FILL_AREA_STYLE_COLOUR('',#2318);
#2315=FILL_AREA_STYLE_COLOUR('',#2318);
#2316=FILL_AREA_STYLE_COLOUR('',#2318);
#2317=FILL_AREA_STYLE_COLOUR('',#2318);
#2318=COLOUR_RGB('',0.615686274509804,0.811764705882353,0.929411764705882);
#2319=MANIFOLD_SOLID_BREP('Knuckle Bottom Mirrored',#2286);
#2320=MANIFOLD_SOLID_BREP('Knuckle Top',#2287);
#2321=MANIFOLD_SOLID_BREP('Knuckle Bottom',#2288);
#2322=MANIFOLD_SOLID_BREP('Knuckle Top Mirrored',#2289);
#2323=SHAPE_DEFINITION_REPRESENTATION(#4239,#2327);
#2324=SHAPE_DEFINITION_REPRESENTATION(#4240,#2328);
#2325=SHAPE_DEFINITION_REPRESENTATION(#4241,#2329);
#2326=SHAPE_DEFINITION_REPRESENTATION(#4242,#2330);
#2327=SHAPE_REPRESENTATION('Knuckle Bottom Mirrored',(#2331),#4219);
#2328=SHAPE_REPRESENTATION('Knuckle Top',(#2394),#4220);
#2329=SHAPE_REPRESENTATION('Knuckle Bottom',(#2457),#4221);
#2330=SHAPE_REPRESENTATION('Knuckle Top Mirrored',(#2520),#4222);
#2331=AXIS2_PLACEMENT_3D('',#3239,#2583,#2584);
#2332=AXIS2_PLACEMENT_3D('',#3240,#2585,#2586);
#2333=AXIS2_PLACEMENT_3D('',#3244,#2588,#2589);
#2334=AXIS2_PLACEMENT_3D('',#3246,#2590,#2591);
#2335=AXIS2_PLACEMENT_3D('',#3248,#2592,#2593);
#2336=AXIS2_PLACEMENT_3D('',#3256,#2597,#2598);
#2337=AXIS2_PLACEMENT_3D('',#3264,#2602,#2603);
#2338=AXIS2_PLACEMENT_3D('',#3266,#2604,#2605);
#2339=AXIS2_PLACEMENT_3D('',#3268,#2606,#2607);
#2340=AXIS2_PLACEMENT_3D('',#3269,#2608,#2609);
#2341=AXIS2_PLACEMENT_3D('',#3270,#2610,#2611);
#2342=AXIS2_PLACEMENT_3D('',#3279,#2613,#2614);
#2343=AXIS2_PLACEMENT_3D('',#3283,#2616,#2617);
#2344=AXIS2_PLACEMENT_3D('',#3288,#2620,#2621);
#2345=AXIS2_PLACEMENT_3D('',#3289,#2622,#2623);
#2346=AXIS2_PLACEMENT_3D('',#3294,#2625,#2626);
#2347=AXIS2_PLACEMENT_3D('',#3298,#2628,#2629);
#2348=AXIS2_PLACEMENT_3D('',#3300,#2631,#2632);
#2349=AXIS2_PLACEMENT_3D('',#3303,#2635,#2636);
#2350=AXIS2_PLACEMENT_3D('',#3307,#2638,#2639);
#2351=AXIS2_PLACEMENT_3D('',#3309,#2641,#2642);
#2352=AXIS2_PLACEMENT_3D('',#3311,#2643,#2644);
#2353=AXIS2_PLACEMENT_3D('',#3313,#2645,#2646);
#2354=AXIS2_PLACEMENT_3D('',#3317,#2648,#2649);
#2355=AXIS2_PLACEMENT_3D('',#3319,#2650,#2651);
#2356=AXIS2_PLACEMENT_3D('',#3321,#2652,#2653);
#2357=AXIS2_PLACEMENT_3D('',#3326,#2656,#2657);
#2358=AXIS2_PLACEMENT_3D('',#3335,#2662,#2663);
#2359=AXIS2_PLACEMENT_3D('',#3336,#2664,#2665);
#2360=AXIS2_PLACEMENT_3D('',#3340,#2667,#2668);
#2361=AXIS2_PLACEMENT_3D('',#3342,#2670,#2671);
#2362=AXIS2_PLACEMENT_3D('',#3343,#2672,#2673);
#2363=AXIS2_PLACEMENT_3D('',#3345,#2674,#2675);
#2364=AXIS2_PLACEMENT_3D('',#3347,#2676,#2677);
#2365=AXIS2_PLACEMENT_3D('',#3350,#2680,#2681);
#2366=AXIS2_PLACEMENT_3D('',#3353,#2684,#2685);
#2367=AXIS2_PLACEMENT_3D('',#3363,#2687,#2688);
#2368=AXIS2_PLACEMENT_3D('',#3371,#2689,#2690);
#2369=AXIS2_PLACEMENT_3D('',#3381,#2691,#2692);
#2370=AXIS2_PLACEMENT_3D('',#3394,#2693,#2694);
#2371=AXIS2_PLACEMENT_3D('',#3395,#2695,#2696);
#2372=AXIS2_PLACEMENT_3D('',#3417,#2698,#2699);
#2373=AXIS2_PLACEMENT_3D('',#3418,#2700,#2701);
#2374=AXIS2_PLACEMENT_3D('',#3422,#2703,#2704);
#2375=AXIS2_PLACEMENT_3D('',#3423,#2705,#2706);
#2376=AXIS2_PLACEMENT_3D('',#3428,#2707,#2708);
#2377=AXIS2_PLACEMENT_3D('',#3430,#2709,#2710);
#2378=AXIS2_PLACEMENT_3D('',#3432,#2711,#2712);
#2379=AXIS2_PLACEMENT_3D('',#3433,#2713,#2714);
#2380=AXIS2_PLACEMENT_3D('',#3437,#2717,#2718);
#2381=AXIS2_PLACEMENT_3D('',#3438,#2719,#2720);
#2382=AXIS2_PLACEMENT_3D('',#3439,#2721,#2722);
#2383=AXIS2_PLACEMENT_3D('',#3440,#2723,#2724);
#2384=AXIS2_PLACEMENT_3D('',#3441,#2725,#2726);
#2385=AXIS2_PLACEMENT_3D('',#3472,#2727,#2728);
#2386=AXIS2_PLACEMENT_3D('',#3473,#2729,#2730);
#2387=AXIS2_PLACEMENT_3D('',#3474,#2731,#2732);
#2388=AXIS2_PLACEMENT_3D('',#3475,#2733,#2734);
#2389=AXIS2_PLACEMENT_3D('',#3476,#2735,#2736);
#2390=AXIS2_PLACEMENT_3D('',#3477,#2737,#2738);
#2391=AXIS2_PLACEMENT_3D('',#3479,#2740,#2741);
#2392=AXIS2_PLACEMENT_3D('',#3481,#2743,#2744);
#2393=AXIS2_PLACEMENT_3D('',#3482,#2745,#2746);
#2394=AXIS2_PLACEMENT_3D('',#3483,#2747,#2748);
#2395=AXIS2_PLACEMENT_3D('',#3484,#2749,#2750);
#2396=AXIS2_PLACEMENT_3D('',#3488,#2752,#2753);
#2397=AXIS2_PLACEMENT_3D('',#3490,#2754,#2755);
#2398=AXIS2_PLACEMENT_3D('',#3492,#2756,#2757);
#2399=AXIS2_PLACEMENT_3D('',#3500,#2761,#2762);
#2400=AXIS2_PLACEMENT_3D('',#3508,#2766,#2767);
#2401=AXIS2_PLACEMENT_3D('',#3510,#2768,#2769);
#2402=AXIS2_PLACEMENT_3D('',#3512,#2770,#2771);
#2403=AXIS2_PLACEMENT_3D('',#3513,#2772,#2773);
#2404=AXIS2_PLACEMENT_3D('',#3514,#2774,#2775);
#2405=AXIS2_PLACEMENT_3D('',#3526,#2778,#2779);
#2406=AXIS2_PLACEMENT_3D('',#3530,#2781,#2782);
#2407=AXIS2_PLACEMENT_3D('',#3532,#2784,#2785);
#2408=AXIS2_PLACEMENT_3D('',#3533,#2786,#2787);
#2409=AXIS2_PLACEMENT_3D('',#3539,#2790,#2791);
#2410=AXIS2_PLACEMENT_3D('',#3543,#2793,#2794);
#2411=AXIS2_PLACEMENT_3D('',#3544,#2795,#2796);
#2412=AXIS2_PLACEMENT_3D('',#3547,#2799,#2800);
#2413=AXIS2_PLACEMENT_3D('',#3555,#2804,#2805);
#2414=AXIS2_PLACEMENT_3D('',#3557,#2806,#2807);
#2415=AXIS2_PLACEMENT_3D('',#3559,#2808,#2809);
#2416=AXIS2_PLACEMENT_3D('',#3563,#2811,#2812);
#2417=AXIS2_PLACEMENT_3D('',#3565,#2813,#2814);
#2418=AXIS2_PLACEMENT_3D('',#3567,#2815,#2816);
#2419=AXIS2_PLACEMENT_3D('',#3569,#2818,#2819);
#2420=AXIS2_PLACEMENT_3D('',#3570,#2820,#2821);
#2421=AXIS2_PLACEMENT_3D('',#3579,#2826,#2827);
#2422=AXIS2_PLACEMENT_3D('',#3580,#2828,#2829);
#2423=AXIS2_PLACEMENT_3D('',#3582,#2830,#2831);
#2424=AXIS2_PLACEMENT_3D('',#3584,#2833,#2834);
#2425=AXIS2_PLACEMENT_3D('',#3587,#2836,#2837);
#2426=AXIS2_PLACEMENT_3D('',#3589,#2838,#2839);
#2427=AXIS2_PLACEMENT_3D('',#3591,#2840,#2841);
#2428=AXIS2_PLACEMENT_3D('',#3594,#2844,#2845);
#2429=AXIS2_PLACEMENT_3D('',#3597,#2848,#2849);
#2430=AXIS2_PLACEMENT_3D('',#3607,#2851,#2852);
#2431=AXIS2_PLACEMENT_3D('',#3615,#2853,#2854);
#2432=AXIS2_PLACEMENT_3D('',#3625,#2855,#2856);
#2433=AXIS2_PLACEMENT_3D('',#3638,#2857,#2858);
#2434=AXIS2_PLACEMENT_3D('',#3639,#2859,#2860);
#2435=AXIS2_PLACEMENT_3D('',#3661,#2862,#2863);
#2436=AXIS2_PLACEMENT_3D('',#3662,#2864,#2865);
#2437=AXIS2_PLACEMENT_3D('',#3668,#2866,#2867);
#2438=AXIS2_PLACEMENT_3D('',#3669,#2868,#2869);
#2439=AXIS2_PLACEMENT_3D('',#3672,#2871,#2872);
#2440=AXIS2_PLACEMENT_3D('',#3674,#2873,#2874);
#2441=AXIS2_PLACEMENT_3D('',#3676,#2875,#2876);
#2442=AXIS2_PLACEMENT_3D('',#3677,#2877,#2878);
#2443=AXIS2_PLACEMENT_3D('',#3681,#2881,#2882);
#2444=AXIS2_PLACEMENT_3D('',#3682,#2883,#2884);
#2445=AXIS2_PLACEMENT_3D('',#3683,#2885,#2886);
#2446=AXIS2_PLACEMENT_3D('',#3684,#2887,#2888);
#2447=AXIS2_PLACEMENT_3D('',#3685,#2889,#2890);
#2448=AXIS2_PLACEMENT_3D('',#3716,#2891,#2892);
#2449=AXIS2_PLACEMENT_3D('',#3717,#2893,#2894);
#2450=AXIS2_PLACEMENT_3D('',#3718,#2895,#2896);
#2451=AXIS2_PLACEMENT_3D('',#3719,#2897,#2898);
#2452=AXIS2_PLACEMENT_3D('',#3720,#2899,#2900);
#2453=AXIS2_PLACEMENT_3D('',#3721,#2901,#2902);
#2454=AXIS2_PLACEMENT_3D('',#3722,#2903,#2904);
#2455=AXIS2_PLACEMENT_3D('',#3724,#2906,#2907);
#2456=AXIS2_PLACEMENT_3D('',#3726,#2909,#2910);
#2457=AXIS2_PLACEMENT_3D('',#3727,#2911,#2912);
#2458=AXIS2_PLACEMENT_3D('',#3728,#2913,#2914);
#2459=AXIS2_PLACEMENT_3D('',#3732,#2916,#2917);
#2460=AXIS2_PLACEMENT_3D('',#3734,#2918,#2919);
#2461=AXIS2_PLACEMENT_3D('',#3736,#2920,#2921);
#2462=AXIS2_PLACEMENT_3D('',#3744,#2925,#2926);
#2463=AXIS2_PLACEMENT_3D('',#3752,#2930,#2931);
#2464=AXIS2_PLACEMENT_3D('',#3754,#2932,#2933);
#2465=AXIS2_PLACEMENT_3D('',#3756,#2934,#2935);
#2466=AXIS2_PLACEMENT_3D('',#3757,#2936,#2937);
#2467=AXIS2_PLACEMENT_3D('',#3758,#2938,#2939);
#2468=AXIS2_PLACEMENT_3D('',#3767,#2941,#2942);
#2469=AXIS2_PLACEMENT_3D('',#3771,#2944,#2945);
#2470=AXIS2_PLACEMENT_3D('',#3776,#2948,#2949);
#2471=AXIS2_PLACEMENT_3D('',#3777,#2950,#2951);
#2472=AXIS2_PLACEMENT_3D('',#3782,#2953,#2954);
#2473=AXIS2_PLACEMENT_3D('',#3786,#2956,#2957);
#2474=AXIS2_PLACEMENT_3D('',#3788,#2959,#2960);
#2475=AXIS2_PLACEMENT_3D('',#3791,#2963,#2964);
#2476=AXIS2_PLACEMENT_3D('',#3795,#2966,#2967);
#2477=AXIS2_PLACEMENT_3D('',#3797,#2969,#2970);
#2478=AXIS2_PLACEMENT_3D('',#3799,#2971,#2972);
#2479=AXIS2_PLACEMENT_3D('',#3801,#2973,#2974);
#2480=AXIS2_PLACEMENT_3D('',#3805,#2976,#2977);
#2481=AXIS2_PLACEMENT_3D('',#3807,#2978,#2979);
#2482=AXIS2_PLACEMENT_3D('',#3809,#2980,#2981);
#2483=AXIS2_PLACEMENT_3D('',#3814,#2984,#2985);
#2484=AXIS2_PLACEMENT_3D('',#3823,#2990,#2991);
#2485=AXIS2_PLACEMENT_3D('',#3824,#2992,#2993);
#2486=AXIS2_PLACEMENT_3D('',#3828,#2995,#2996);
#2487=AXIS2_PLACEMENT_3D('',#3830,#2998,#2999);
#2488=AXIS2_PLACEMENT_3D('',#3831,#3000,#3001);
#2489=AXIS2_PLACEMENT_3D('',#3833,#3002,#3003);
#2490=AXIS2_PLACEMENT_3D('',#3835,#3004,#3005);
#2491=AXIS2_PLACEMENT_3D('',#3838,#3008,#3009);
#2492=AXIS2_PLACEMENT_3D('',#3841,#3012,#3013);
#2493=AXIS2_PLACEMENT_3D('',#3851,#3015,#3016);
#2494=AXIS2_PLACEMENT_3D('',#3859,#3017,#3018);
#2495=AXIS2_PLACEMENT_3D('',#3869,#3019,#3020);
#2496=AXIS2_PLACEMENT_3D('',#3882,#3021,#3022);
#2497=AXIS2_PLACEMENT_3D('',#3883,#3023,#3024);
#2498=AXIS2_PLACEMENT_3D('',#3905,#3026,#3027);
#2499=AXIS2_PLACEMENT_3D('',#3906,#3028,#3029);
#2500=AXIS2_PLACEMENT_3D('',#3910,#3031,#3032);
#2501=AXIS2_PLACEMENT_3D('',#3911,#3033,#3034);
#2502=AXIS2_PLACEMENT_3D('',#3916,#3035,#3036);
#2503=AXIS2_PLACEMENT_3D('',#3918,#3037,#3038);
#2504=AXIS2_PLACEMENT_3D('',#3920,#3039,#3040);
#2505=AXIS2_PLACEMENT_3D('',#3921,#3041,#3042);
#2506=AXIS2_PLACEMENT_3D('',#3925,#3045,#3046);
#2507=AXIS2_PLACEMENT_3D('',#3926,#3047,#3048);
#2508=AXIS2_PLACEMENT_3D('',#3927,#3049,#3050);
#2509=AXIS2_PLACEMENT_3D('',#3928,#3051,#3052);
#2510=AXIS2_PLACEMENT_3D('',#3929,#3053,#3054);
#2511=AXIS2_PLACEMENT_3D('',#3960,#3055,#3056);
#2512=AXIS2_PLACEMENT_3D('',#3961,#3057,#3058);
#2513=AXIS2_PLACEMENT_3D('',#3962,#3059,#3060);
#2514=AXIS2_PLACEMENT_3D('',#3963,#3061,#3062);
#2515=AXIS2_PLACEMENT_3D('',#3964,#3063,#3064);
#2516=AXIS2_PLACEMENT_3D('',#3965,#3065,#3066);
#2517=AXIS2_PLACEMENT_3D('',#3967,#3068,#3069);
#2518=AXIS2_PLACEMENT_3D('',#3969,#3071,#3072);
#2519=AXIS2_PLACEMENT_3D('',#3970,#3073,#3074);
#2520=AXIS2_PLACEMENT_3D('',#3971,#3075,#3076);
#2521=AXIS2_PLACEMENT_3D('',#3972,#3077,#3078);
#2522=AXIS2_PLACEMENT_3D('',#3976,#3080,#3081);
#2523=AXIS2_PLACEMENT_3D('',#3978,#3082,#3083);
#2524=AXIS2_PLACEMENT_3D('',#3980,#3084,#3085);
#2525=AXIS2_PLACEMENT_3D('',#3988,#3089,#3090);
#2526=AXIS2_PLACEMENT_3D('',#3996,#3094,#3095);
#2527=AXIS2_PLACEMENT_3D('',#3998,#3096,#3097);
#2528=AXIS2_PLACEMENT_3D('',#4000,#3098,#3099);
#2529=AXIS2_PLACEMENT_3D('',#4001,#3100,#3101);
#2530=AXIS2_PLACEMENT_3D('',#4002,#3102,#3103);
#2531=AXIS2_PLACEMENT_3D('',#4014,#3106,#3107);
#2532=AXIS2_PLACEMENT_3D('',#4018,#3109,#3110);
#2533=AXIS2_PLACEMENT_3D('',#4020,#3112,#3113);
#2534=AXIS2_PLACEMENT_3D('',#4021,#3114,#3115);
#2535=AXIS2_PLACEMENT_3D('',#4027,#3118,#3119);
#2536=AXIS2_PLACEMENT_3D('',#4031,#3121,#3122);
#2537=AXIS2_PLACEMENT_3D('',#4032,#3123,#3124);
#2538=AXIS2_PLACEMENT_3D('',#4035,#3127,#3128);
#2539=AXIS2_PLACEMENT_3D('',#4043,#3132,#3133);
#2540=AXIS2_PLACEMENT_3D('',#4045,#3134,#3135);
#2541=AXIS2_PLACEMENT_3D('',#4047,#3136,#3137);
#2542=AXIS2_PLACEMENT_3D('',#4051,#3139,#3140);
#2543=AXIS2_PLACEMENT_3D('',#4053,#3141,#3142);
#2544=AXIS2_PLACEMENT_3D('',#4055,#3143,#3144);
#2545=AXIS2_PLACEMENT_3D('',#4057,#3146,#3147);
#2546=AXIS2_PLACEMENT_3D('',#4058,#3148,#3149);
#2547=AXIS2_PLACEMENT_3D('',#4067,#3154,#3155);
#2548=AXIS2_PLACEMENT_3D('',#4068,#3156,#3157);
#2549=AXIS2_PLACEMENT_3D('',#4070,#3158,#3159);
#2550=AXIS2_PLACEMENT_3D('',#4072,#3161,#3162);
#2551=AXIS2_PLACEMENT_3D('',#4075,#3164,#3165);
#2552=AXIS2_PLACEMENT_3D('',#4077,#3166,#3167);
#2553=AXIS2_PLACEMENT_3D('',#4079,#3168,#3169);
#2554=AXIS2_PLACEMENT_3D('',#4082,#3172,#3173);
#2555=AXIS2_PLACEMENT_3D('',#4085,#3176,#3177);
#2556=AXIS2_PLACEMENT_3D('',#4095,#3179,#3180);
#2557=AXIS2_PLACEMENT_3D('',#4103,#3181,#3182);
#2558=AXIS2_PLACEMENT_3D('',#4113,#3183,#3184);
#2559=AXIS2_PLACEMENT_3D('',#4126,#3185,#3186);
#2560=AXIS2_PLACEMENT_3D('',#4127,#3187,#3188);
#2561=AXIS2_PLACEMENT_3D('',#4149,#3190,#3191);
#2562=AXIS2_PLACEMENT_3D('',#4150,#3192,#3193);
#2563=AXIS2_PLACEMENT_3D('',#4156,#3194,#3195);
#2564=AXIS2_PLACEMENT_3D('',#4157,#3196,#3197);
#2565=AXIS2_PLACEMENT_3D('',#4160,#3199,#3200);
#2566=AXIS2_PLACEMENT_3D('',#4162,#3201,#3202);
#2567=AXIS2_PLACEMENT_3D('',#4164,#3203,#3204);
#2568=AXIS2_PLACEMENT_3D('',#4165,#3205,#3206);
#2569=AXIS2_PLACEMENT_3D('',#4169,#3209,#3210);
#2570=AXIS2_PLACEMENT_3D('',#4170,#3211,#3212);
#2571=AXIS2_PLACEMENT_3D('',#4171,#3213,#3214);
#2572=AXIS2_PLACEMENT_3D('',#4172,#3215,#3216);
#2573=AXIS2_PLACEMENT_3D('',#4173,#3217,#3218);
#2574=AXIS2_PLACEMENT_3D('',#4204,#3219,#3220);
#2575=AXIS2_PLACEMENT_3D('',#4205,#3221,#3222);
#2576=AXIS2_PLACEMENT_3D('',#4206,#3223,#3224);
#2577=AXIS2_PLACEMENT_3D('',#4207,#3225,#3226);
#2578=AXIS2_PLACEMENT_3D('',#4208,#3227,#3228);
#2579=AXIS2_PLACEMENT_3D('',#4209,#3229,#3230);
#2580=AXIS2_PLACEMENT_3D('',#4211,#3232,#3233);
#2581=AXIS2_PLACEMENT_3D('',#4213,#3235,#3236);
#2582=AXIS2_PLACEMENT_3D('',#4214,#3237,#3238);
#2583=DIRECTION('',(0.,0.,1.));
#2584=DIRECTION('',(1.,0.,0.));
#2585=DIRECTION('',(-1.,0.,0.));
#2586=DIRECTION('',(0.,0.,-1.));
#2587=DIRECTION('',(0.,-1.,0.));
#2588=DIRECTION('',(1.,0.,0.));
#2589=DIRECTION('',(0.,0.,-1.));
#2590=DIRECTION('',(1.,0.,0.));
#2591=DIRECTION('',(0.,0.,-1.));
#2592=DIRECTION('',(1.,0.,0.));
#2593=DIRECTION('',(0.,0.,-1.));
#2594=DIRECTION('',(0.,-1.,0.));
#2595=DIRECTION('',(0.,-3.06161699786839E-16,-1.));
#2596=DIRECTION('',(0.,-1.,-1.83697019872103E-16));
#2597=DIRECTION('',(1.,0.,0.));
#2598=DIRECTION('',(0.,0.,-1.));
#2599=DIRECTION('',(0.,1.,3.06161699786839E-16));
#2600=DIRECTION('',(0.,3.06161699786839E-16,-1.));
#2601=DIRECTION('',(0.,1.,0.));
#2602=DIRECTION('',(1.,0.,0.));
#2603=DIRECTION('',(0.,0.,-1.));
#2604=DIRECTION('',(1.,0.,0.));
#2605=DIRECTION('',(0.,0.,-1.));
#2606=DIRECTION('',(1.,0.,0.));
#2607=DIRECTION('',(0.,0.,-1.));
#2608=DIRECTION('',(0.,1.83697019872103E-16,-1.));
#2609=DIRECTION('',(-1.,0.,0.));
#2610=DIRECTION('',(0.,-3.06161699786839E-16,-1.));
#2611=DIRECTION('',(0.,-1.,3.06161699786839E-16));
#2612=DIRECTION('',(1.,0.,0.));
#2613=DIRECTION('',(0.,-3.06161699786839E-16,-1.));
#2614=DIRECTION('',(0.,-1.,3.06161699786839E-16));
#2615=DIRECTION('',(-1.,0.,0.));
#2616=DIRECTION('',(0.,-3.06161699786839E-16,-1.));
#2617=DIRECTION('',(0.,-1.,3.06161699786839E-16));
#2618=DIRECTION('',(0.,1.,1.83697019872103E-16));
#2619=DIRECTION('',(1.,0.,0.));
#2620=DIRECTION('',(0.,0.,-1.));
#2621=DIRECTION('',(1.,0.,0.));
#2622=DIRECTION('',(0.,0.,1.));
#2623=DIRECTION('',(1.,0.,0.));
#2624=DIRECTION('',(0.,1.,0.));
#2625=DIRECTION('',(0.,0.,1.));
#2626=DIRECTION('',(1.,0.,0.));
#2627=DIRECTION('',(-1.,0.,0.));
#2628=DIRECTION('',(0.,0.,1.));
#2629=DIRECTION('',(1.,0.,0.));
#2630=DIRECTION('',(1.,0.,0.));
#2631=DIRECTION('',(0.,1.,0.));
#2632=DIRECTION('',(0.,0.,1.));
#2633=DIRECTION('',(0.,-3.06161699786839E-16,-1.));
#2634=DIRECTION('',(0.,-3.06161699786839E-16,-1.));
#2635=DIRECTION('',(1.,0.,0.));
#2636=DIRECTION('',(0.,0.,1.));
#2637=DIRECTION('',(0.,-1.,-3.06161699786839E-16));
#2638=DIRECTION('',(1.,0.,0.));
#2639=DIRECTION('',(0.,0.,-1.));
#2640=DIRECTION('',(0.,-3.06161699786839E-16,-1.));
#2641=DIRECTION('',(-1.,0.,0.));
#2642=DIRECTION('',(0.,0.,1.));
#2643=DIRECTION('',(1.,0.,0.));
#2644=DIRECTION('',(0.,0.,-1.));
#2645=DIRECTION('',(-1.,0.,0.));
#2646=DIRECTION('',(0.,0.,1.));
#2647=DIRECTION('',(0.,-1.,0.));
#2648=DIRECTION('',(-1.,0.,0.));
#2649=DIRECTION('',(0.,0.,1.));
#2650=DIRECTION('',(1.,0.,0.));
#2651=DIRECTION('',(0.,0.,-1.));
#2652=DIRECTION('',(-1.,0.,0.));
#2653=DIRECTION('',(0.,0.,1.));
#2654=DIRECTION('',(0.,-1.,0.));
#2655=DIRECTION('',(0.,0.,1.));
#2656=DIRECTION('',(0.,1.,0.));
#2657=DIRECTION('',(0.,0.,1.));
#2658=DIRECTION('',(-1.,0.,0.));
#2659=DIRECTION('',(0.,3.06161699786839E-16,-1.));
#2660=DIRECTION('',(-1.,0.,0.));
#2661=DIRECTION('',(0.,0.,1.));
#2662=DIRECTION('',(0.,0.,1.));
#2663=DIRECTION('',(-1.,0.,0.));
#2664=DIRECTION('',(0.,0.,-1.));
#2665=DIRECTION('',(-1.,0.,0.));
#2666=DIRECTION('',(0.,-1.,0.));
#2667=DIRECTION('',(0.,0.,-1.));
#2668=DIRECTION('',(-1.,0.,0.));
#2669=DIRECTION('',(-1.,0.,0.));
#2670=DIRECTION('',(0.,0.,-1.));
#2671=DIRECTION('',(-1.,0.,0.));
#2672=DIRECTION('',(0.,0.,-1.));
#2673=DIRECTION('',(-1.,0.,0.));
#2674=DIRECTION('',(0.,0.,-1.));
#2675=DIRECTION('',(-1.,0.,0.));
#2676=DIRECTION('',(-1.,0.,0.));
#2677=DIRECTION('',(0.,0.,-1.));
#2678=DIRECTION('',(-1.,0.,0.));
#2679=DIRECTION('',(-1.,0.,0.));
#2680=DIRECTION('',(-1.,0.,0.));
#2681=DIRECTION('',(0.,0.,-1.));
#2682=DIRECTION('',(-1.,0.,0.));
#2683=DIRECTION('',(-1.,0.,0.));
#2684=DIRECTION('',(-1.,0.,0.));
#2685=DIRECTION('',(0.,0.,-1.));
#2686=DIRECTION('',(1.,0.,0.));
#2687=DIRECTION('',(1.,0.,0.));
#2688=DIRECTION('',(0.,0.,-1.));
#2689=DIRECTION('',(-1.,0.,0.));
#2690=DIRECTION('',(0.,0.,-1.));
#2691=DIRECTION('',(1.,0.,0.));
#2692=DIRECTION('',(0.,0.,-1.));
#2693=DIRECTION('',(1.,0.,0.));
#2694=DIRECTION('',(0.,0.,-1.));
#2695=DIRECTION('',(-1.,0.,0.));
#2696=DIRECTION('',(0.,0.,-1.));
#2697=DIRECTION('',(1.,0.,0.));
#2698=DIRECTION('',(0.,-3.06161699786839E-16,1.));
#2699=DIRECTION('',(-1.,0.,0.));
#2700=DIRECTION('',(0.,3.06161699786839E-16,-1.));
#2701=DIRECTION('',(0.,-1.,-3.06161699786839E-16));
#2702=DIRECTION('',(0.,1.,3.06161699786839E-16));
#2703=DIRECTION('',(0.,3.06161699786839E-16,-1.));
#2704=DIRECTION('',(0.,-1.,-3.06161699786839E-16));
#2705=DIRECTION('',(0.,-3.06161699786839E-16,1.));
#2706=DIRECTION('',(0.,1.,3.06161699786839E-16));
#2707=DIRECTION('',(0.,-3.06161699786839E-16,1.));
#2708=DIRECTION('',(0.,1.,3.06161699786839E-16));
#2709=DIRECTION('',(0.,3.06161699786839E-16,-1.));
#2710=DIRECTION('',(0.,-1.,-3.06161699786839E-16));
#2711=DIRECTION('',(0.,0.,1.));
#2712=DIRECTION('',(-1.,0.,0.));
#2713=DIRECTION('',(0.,0.,-1.));
#2714=DIRECTION('',(-1.,0.,0.));
#2715=DIRECTION('',(1.,0.,0.));
#2716=DIRECTION('',(1.,0.,0.));
#2717=DIRECTION('',(0.,3.06161699786839E-16,-1.));
#2718=DIRECTION('',(0.,1.,3.06161699786839E-16));
#2719=DIRECTION('',(0.,3.06161699786839E-16,-1.));
#2720=DIRECTION('',(0.,1.,3.06161699786839E-16));
#2721=DIRECTION('',(0.,-3.06161699786839E-16,-1.));
#2722=DIRECTION('',(0.,1.,-3.06161699786839E-16));
#2723=DIRECTION('',(0.,-3.06161699786839E-16,-1.));
#2724=DIRECTION('',(0.,1.,-3.06161699786839E-16));
#2725=DIRECTION('',(0.,-3.06161699786839E-16,-1.));
#2726=DIRECTION('',(0.,1.,-3.06161699786839E-16));
#2727=DIRECTION('',(-1.,0.,0.));
#2728=DIRECTION('',(0.,0.,-1.));
#2729=DIRECTION('',(-1.,0.,0.));
#2730=DIRECTION('',(0.,0.,-1.));
#2731=DIRECTION('',(-1.,0.,0.));
#2732=DIRECTION('',(0.,0.,-1.));
#2733=DIRECTION('',(-1.,0.,0.));
#2734=DIRECTION('',(0.,0.,-1.));
#2735=DIRECTION('',(0.,0.,1.));
#2736=DIRECTION('',(-1.,0.,0.));
#2737=DIRECTION('',(0.,0.,1.));
#2738=DIRECTION('',(-1.,0.,0.));
#2739=DIRECTION('',(0.,0.,1.));
#2740=DIRECTION('',(1.,0.,0.));
#2741=DIRECTION('',(0.,0.,1.));
#2742=DIRECTION('',(0.,0.,1.));
#2743=DIRECTION('',(0.,0.,1.));
#2744=DIRECTION('',(-1.,0.,0.));
#2745=DIRECTION('',(0.,0.,1.));
#2746=DIRECTION('',(-1.,0.,0.));
#2747=DIRECTION('',(0.,0.,1.));
#2748=DIRECTION('',(1.,0.,0.));
#2749=DIRECTION('',(1.,0.,0.));
#2750=DIRECTION('',(0.,0.,-1.));
#2751=DIRECTION('',(0.,-1.,0.));
#2752=DIRECTION('',(1.,0.,0.));
#2753=DIRECTION('',(0.,0.,-1.));
#2754=DIRECTION('',(1.,0.,0.));
#2755=DIRECTION('',(0.,0.,-1.));
#2756=DIRECTION('',(1.,0.,0.));
#2757=DIRECTION('',(0.,0.,-1.));
#2758=DIRECTION('',(0.,1.,0.));
#2759=DIRECTION('',(0.,3.06161699786839E-16,-1.));
#2760=DIRECTION('',(0.,1.,3.06161699786839E-16));
#2761=DIRECTION('',(1.,0.,0.));
#2762=DIRECTION('',(0.,0.,-1.));
#2763=DIRECTION('',(0.,-1.,-1.83697019872103E-16));
#2764=DIRECTION('',(0.,-3.06161699786839E-16,-1.));
#2765=DIRECTION('',(0.,-1.,0.));
#2766=DIRECTION('',(1.,0.,0.));
#2767=DIRECTION('',(0.,0.,-1.));
#2768=DIRECTION('',(1.,0.,0.));
#2769=DIRECTION('',(0.,0.,-1.));
#2770=DIRECTION('',(1.,0.,0.));
#2771=DIRECTION('',(0.,0.,-1.));
#2772=DIRECTION('',(0.,1.83697019872103E-16,-1.));
#2773=DIRECTION('',(1.,0.,0.));
#2774=DIRECTION('',(0.,3.06161699786839E-16,1.));
#2775=DIRECTION('',(0.,-1.,3.06161699786839E-16));
#2776=DIRECTION('',(-1.,0.,0.));
#2777=DIRECTION('',(0.,1.,1.83697019872103E-16));
#2778=DIRECTION('',(0.,3.06161699786839E-16,1.));
#2779=DIRECTION('',(0.,-1.,3.06161699786839E-16));
#2780=DIRECTION('',(1.,0.,0.));
#2781=DIRECTION('',(0.,3.06161699786839E-16,1.));
#2782=DIRECTION('',(0.,-1.,3.06161699786839E-16));
#2783=DIRECTION('',(-1.,0.,0.));
#2784=DIRECTION('',(0.,0.,-1.));
#2785=DIRECTION('',(-1.,0.,0.));
#2786=DIRECTION('',(0.,0.,-1.));
#2787=DIRECTION('',(-1.,0.,0.));
#2788=DIRECTION('',(0.,1.,0.));
#2789=DIRECTION('',(-1.,0.,0.));
#2790=DIRECTION('',(0.,0.,-1.));
#2791=DIRECTION('',(-1.,0.,0.));
#2792=DIRECTION('',(1.,0.,0.));
#2793=DIRECTION('',(0.,0.,-1.));
#2794=DIRECTION('',(-1.,0.,0.));
#2795=DIRECTION('',(0.,1.,0.));
#2796=DIRECTION('',(0.,0.,1.));
#2797=DIRECTION('',(0.,-3.06161699786839E-16,-1.));
#2798=DIRECTION('',(0.,-3.06161699786839E-16,-1.));
#2799=DIRECTION('',(-1.,0.,0.));
#2800=DIRECTION('',(0.,0.,1.));
#2801=DIRECTION('',(0.,-1.,-3.06161699786839E-16));
#2802=DIRECTION('',(0.,0.,1.));
#2803=DIRECTION('',(0.,-1.,0.));
#2804=DIRECTION('',(-1.,0.,0.));
#2805=DIRECTION('',(0.,0.,1.));
#2806=DIRECTION('',(1.,0.,0.));
#2807=DIRECTION('',(0.,0.,-1.));
#2808=DIRECTION('',(-1.,0.,0.));
#2809=DIRECTION('',(0.,0.,1.));
#2810=DIRECTION('',(0.,-1.,0.));
#2811=DIRECTION('',(-1.,0.,0.));
#2812=DIRECTION('',(0.,0.,1.));
#2813=DIRECTION('',(1.,0.,0.));
#2814=DIRECTION('',(0.,0.,-1.));
#2815=DIRECTION('',(-1.,0.,0.));
#2816=DIRECTION('',(0.,0.,1.));
#2817=DIRECTION('',(0.,-3.06161699786839E-16,-1.));
#2818=DIRECTION('',(1.,0.,0.));
#2819=DIRECTION('',(0.,0.,-1.));
#2820=DIRECTION('',(0.,1.,0.));
#2821=DIRECTION('',(0.,0.,1.));
#2822=DIRECTION('',(1.,0.,0.));
#2823=DIRECTION('',(0.,0.,1.));
#2824=DIRECTION('',(1.,0.,0.));
#2825=DIRECTION('',(0.,3.06161699786839E-16,-1.));
#2826=DIRECTION('',(0.,0.,1.));
#2827=DIRECTION('',(1.,0.,0.));
#2828=DIRECTION('',(0.,0.,1.));
#2829=DIRECTION('',(1.,0.,0.));
#2830=DIRECTION('',(0.,0.,1.));
#2831=DIRECTION('',(1.,0.,0.));
#2832=DIRECTION('',(1.,0.,0.));
#2833=DIRECTION('',(0.,0.,1.));
#2834=DIRECTION('',(1.,0.,0.));
#2835=DIRECTION('',(0.,-1.,0.));
#2836=DIRECTION('',(0.,0.,1.));
#2837=DIRECTION('',(1.,0.,0.));
#2838=DIRECTION('',(0.,0.,1.));
#2839=DIRECTION('',(1.,0.,0.));
#2840=DIRECTION('',(1.,0.,0.));
#2841=DIRECTION('',(0.,0.,-1.));
#2842=DIRECTION('',(1.,0.,0.));
#2843=DIRECTION('',(1.,0.,0.));
#2844=DIRECTION('',(1.,0.,0.));
#2845=DIRECTION('',(0.,0.,-1.));
#2846=DIRECTION('',(1.,0.,0.));
#2847=DIRECTION('',(1.,0.,0.));
#2848=DIRECTION('',(1.,0.,0.));
#2849=DIRECTION('',(0.,0.,-1.));
#2850=DIRECTION('',(-1.,0.,0.));
#2851=DIRECTION('',(1.,0.,0.));
#2852=DIRECTION('',(0.,0.,-1.));
#2853=DIRECTION('',(1.,0.,0.));
#2854=DIRECTION('',(0.,0.,-1.));
#2855=DIRECTION('',(1.,0.,0.));
#2856=DIRECTION('',(0.,0.,-1.));
#2857=DIRECTION('',(1.,0.,0.));
#2858=DIRECTION('',(0.,0.,-1.));
#2859=DIRECTION('',(1.,0.,0.));
#2860=DIRECTION('',(0.,0.,-1.));
#2861=DIRECTION('',(-1.,0.,0.));
#2862=DIRECTION('',(0.,-3.06161699786839E-16,1.));
#2863=DIRECTION('',(1.,0.,0.));
#2864=DIRECTION('',(0.,-3.06161699786839E-16,1.));
#2865=DIRECTION('',(0.,-1.,-3.06161699786839E-16));
#2866=DIRECTION('',(0.,3.06161699786839E-16,-1.));
#2867=DIRECTION('',(0.,1.,3.06161699786839E-16));
#2868=DIRECTION('',(0.,-3.06161699786839E-16,1.));
#2869=DIRECTION('',(0.,-1.,-3.06161699786839E-16));
#2870=DIRECTION('',(0.,1.,3.06161699786839E-16));
#2871=DIRECTION('',(0.,3.06161699786839E-16,-1.));
#2872=DIRECTION('',(0.,1.,3.06161699786839E-16));
#2873=DIRECTION('',(0.,-3.06161699786839E-16,1.));
#2874=DIRECTION('',(0.,-1.,-3.06161699786839E-16));
#2875=DIRECTION('',(0.,0.,1.));
#2876=DIRECTION('',(1.,0.,0.));
#2877=DIRECTION('',(0.,0.,1.));
#2878=DIRECTION('',(1.,0.,0.));
#2879=DIRECTION('',(-1.,0.,0.));
#2880=DIRECTION('',(-1.,0.,0.));
#2881=DIRECTION('',(0.,3.06161699786839E-16,-1.));
#2882=DIRECTION('',(0.,1.,3.06161699786839E-16));
#2883=DIRECTION('',(0.,3.06161699786839E-16,-1.));
#2884=DIRECTION('',(0.,1.,3.06161699786839E-16));
#2885=DIRECTION('',(0.,-3.06161699786839E-16,-1.));
#2886=DIRECTION('',(0.,1.,-3.06161699786839E-16));
#2887=DIRECTION('',(0.,-3.06161699786839E-16,-1.));
#2888=DIRECTION('',(0.,1.,-3.06161699786839E-16));
#2889=DIRECTION('',(0.,-3.06161699786839E-16,-1.));
#2890=DIRECTION('',(0.,1.,-3.06161699786839E-16));
#2891=DIRECTION('',(1.,0.,0.));
#2892=DIRECTION('',(0.,0.,-1.));
#2893=DIRECTION('',(1.,0.,0.));
#2894=DIRECTION('',(0.,0.,-1.));
#2895=DIRECTION('',(1.,0.,0.));
#2896=DIRECTION('',(0.,0.,-1.));
#2897=DIRECTION('',(1.,0.,0.));
#2898=DIRECTION('',(0.,0.,-1.));
#2899=DIRECTION('',(0.,0.,1.));
#2900=DIRECTION('',(1.,0.,0.));
#2901=DIRECTION('',(0.,0.,1.));
#2902=DIRECTION('',(1.,0.,0.));
#2903=DIRECTION('',(0.,0.,1.));
#2904=DIRECTION('',(1.,0.,0.));
#2905=DIRECTION('',(0.,0.,1.));
#2906=DIRECTION('',(-1.,0.,0.));
#2907=DIRECTION('',(0.,0.,1.));
#2908=DIRECTION('',(0.,0.,1.));
#2909=DIRECTION('',(0.,0.,1.));
#2910=DIRECTION('',(1.,0.,0.));
#2911=DIRECTION('',(0.,0.,1.));
#2912=DIRECTION('',(1.,0.,0.));
#2913=DIRECTION('',(1.,0.,0.));
#2914=DIRECTION('',(0.,0.,1.));
#2915=DIRECTION('',(0.,-1.,0.));
#2916=DIRECTION('',(-1.,0.,0.));
#2917=DIRECTION('',(0.,0.,1.));
#2918=DIRECTION('',(-1.,0.,0.));
#2919=DIRECTION('',(0.,0.,1.));
#2920=DIRECTION('',(-1.,0.,0.));
#2921=DIRECTION('',(0.,0.,1.));
#2922=DIRECTION('',(0.,-1.,0.));
#2923=DIRECTION('',(0.,-3.06161699786839E-16,1.));
#2924=DIRECTION('',(0.,-1.,1.83697019872103E-16));
#2925=DIRECTION('',(-1.,0.,0.));
#2926=DIRECTION('',(0.,0.,1.));
#2927=DIRECTION('',(0.,1.,-3.06161699786839E-16));
#2928=DIRECTION('',(0.,3.06161699786839E-16,1.));
#2929=DIRECTION('',(0.,1.,0.));
#2930=DIRECTION('',(-1.,0.,0.));
#2931=DIRECTION('',(0.,0.,1.));
#2932=DIRECTION('',(-1.,0.,0.));
#2933=DIRECTION('',(0.,0.,1.));
#2934=DIRECTION('',(-1.,0.,0.));
#2935=DIRECTION('',(0.,0.,1.));
#2936=DIRECTION('',(0.,1.83697019872103E-16,1.));
#2937=DIRECTION('',(1.,0.,0.));
#2938=DIRECTION('',(0.,-3.06161699786839E-16,1.));
#2939=DIRECTION('',(0.,-1.,-3.06161699786839E-16));
#2940=DIRECTION('',(-1.,0.,0.));
#2941=DIRECTION('',(0.,-3.06161699786839E-16,1.));
#2942=DIRECTION('',(0.,-1.,-3.06161699786839E-16));
#2943=DIRECTION('',(1.,0.,0.));
#2944=DIRECTION('',(0.,-3.06161699786839E-16,1.));
#2945=DIRECTION('',(0.,-1.,-3.06161699786839E-16));
#2946=DIRECTION('',(0.,1.,-1.83697019872103E-16));
#2947=DIRECTION('',(-1.,0.,0.));
#2948=DIRECTION('',(0.,0.,1.));
#2949=DIRECTION('',(-1.,0.,0.));
#2950=DIRECTION('',(0.,0.,-1.));
#2951=DIRECTION('',(-1.,0.,0.));
#2952=DIRECTION('',(0.,1.,0.));
#2953=DIRECTION('',(0.,0.,-1.));
#2954=DIRECTION('',(-1.,0.,0.));
#2955=DIRECTION('',(1.,0.,0.));
#2956=DIRECTION('',(0.,0.,-1.));
#2957=DIRECTION('',(-1.,0.,0.));
#2958=DIRECTION('',(-1.,0.,0.));
#2959=DIRECTION('',(0.,1.,0.));
#2960=DIRECTION('',(0.,0.,-1.));
#2961=DIRECTION('',(0.,-3.06161699786839E-16,1.));
#2962=DIRECTION('',(0.,-3.06161699786839E-16,1.));
#2963=DIRECTION('',(-1.,0.,0.));
#2964=DIRECTION('',(0.,0.,-1.));
#2965=DIRECTION('',(0.,-1.,3.06161699786839E-16));
#2966=DIRECTION('',(-1.,0.,0.));
#2967=DIRECTION('',(0.,0.,1.));
#2968=DIRECTION('',(0.,-3.06161699786839E-16,1.));
#2969=DIRECTION('',(1.,0.,0.));
#2970=DIRECTION('',(0.,0.,-1.));
#2971=DIRECTION('',(-1.,0.,0.));
#2972=DIRECTION('',(0.,0.,1.));
#2973=DIRECTION('',(1.,0.,0.));
#2974=DIRECTION('',(0.,0.,-1.));
#2975=DIRECTION('',(0.,-1.,0.));
#2976=DIRECTION('',(1.,0.,0.));
#2977=DIRECTION('',(0.,0.,-1.));
#2978=DIRECTION('',(-1.,0.,0.));
#2979=DIRECTION('',(0.,0.,1.));
#2980=DIRECTION('',(1.,0.,0.));
#2981=DIRECTION('',(0.,0.,-1.));
#2982=DIRECTION('',(0.,-1.,0.));
#2983=DIRECTION('',(0.,0.,-1.));
#2984=DIRECTION('',(0.,1.,0.));
#2985=DIRECTION('',(0.,0.,-1.));
#2986=DIRECTION('',(1.,0.,0.));
#2987=DIRECTION('',(0.,3.06161699786839E-16,1.));
#2988=DIRECTION('',(1.,0.,0.));
#2989=DIRECTION('',(0.,0.,-1.));
#2990=DIRECTION('',(0.,0.,-1.));
#2991=DIRECTION('',(1.,0.,0.));
#2992=DIRECTION('',(0.,0.,1.));
#2993=DIRECTION('',(1.,0.,0.));
#2994=DIRECTION('',(0.,-1.,0.));
#2995=DIRECTION('',(0.,0.,1.));
#2996=DIRECTION('',(1.,0.,0.));
#2997=DIRECTION('',(1.,0.,0.));
#2998=DIRECTION('',(0.,0.,1.));
#2999=DIRECTION('',(1.,0.,0.));
#3000=DIRECTION('',(0.,0.,1.));
#3001=DIRECTION('',(1.,0.,0.));
#3002=DIRECTION('',(0.,0.,1.));
#3003=DIRECTION('',(1.,0.,0.));
#3004=DIRECTION('',(1.,0.,0.));
#3005=DIRECTION('',(0.,0.,1.));
#3006=DIRECTION('',(1.,0.,0.));
#3007=DIRECTION('',(1.,0.,0.));
#3008=DIRECTION('',(1.,0.,0.));
#3009=DIRECTION('',(0.,0.,1.));
#3010=DIRECTION('',(1.,0.,0.));
#3011=DIRECTION('',(1.,0.,0.));
#3012=DIRECTION('',(1.,0.,0.));
#3013=DIRECTION('',(0.,0.,1.));
#3014=DIRECTION('',(-1.,0.,0.));
#3015=DIRECTION('',(-1.,0.,0.));
#3016=DIRECTION('',(0.,0.,1.));
#3017=DIRECTION('',(1.,0.,0.));
#3018=DIRECTION('',(0.,0.,1.));
#3019=DIRECTION('',(-1.,0.,0.));
#3020=DIRECTION('',(0.,0.,1.));
#3021=DIRECTION('',(-1.,0.,0.));
#3022=DIRECTION('',(0.,0.,1.));
#3023=DIRECTION('',(1.,0.,0.));
#3024=DIRECTION('',(0.,0.,1.));
#3025=DIRECTION('',(-1.,0.,0.));
#3026=DIRECTION('',(0.,-3.06161699786839E-16,-1.));
#3027=DIRECTION('',(1.,0.,0.));
#3028=DIRECTION('',(0.,3.06161699786839E-16,1.));
#3029=DIRECTION('',(0.,-1.,3.06161699786839E-16));
#3030=DIRECTION('',(0.,1.,-3.06161699786839E-16));
#3031=DIRECTION('',(0.,3.06161699786839E-16,1.));
#3032=DIRECTION('',(0.,-1.,3.06161699786839E-16));
#3033=DIRECTION('',(0.,-3.06161699786839E-16,-1.));
#3034=DIRECTION('',(0.,1.,-3.06161699786839E-16));
#3035=DIRECTION('',(0.,-3.06161699786839E-16,-1.));
#3036=DIRECTION('',(0.,1.,-3.06161699786839E-16));
#3037=DIRECTION('',(0.,3.06161699786839E-16,1.));
#3038=DIRECTION('',(0.,-1.,3.06161699786839E-16));
#3039=DIRECTION('',(0.,0.,-1.));
#3040=DIRECTION('',(1.,0.,0.));
#3041=DIRECTION('',(0.,0.,1.));
#3042=DIRECTION('',(1.,0.,0.));
#3043=DIRECTION('',(-1.,0.,0.));
#3044=DIRECTION('',(-1.,0.,0.));
#3045=DIRECTION('',(0.,3.06161699786839E-16,1.));
#3046=DIRECTION('',(0.,1.,-3.06161699786839E-16));
#3047=DIRECTION('',(0.,3.06161699786839E-16,1.));
#3048=DIRECTION('',(0.,1.,-3.06161699786839E-16));
#3049=DIRECTION('',(0.,-3.06161699786839E-16,1.));
#3050=DIRECTION('',(0.,1.,3.06161699786839E-16));
#3051=DIRECTION('',(0.,-3.06161699786839E-16,1.));
#3052=DIRECTION('',(0.,1.,3.06161699786839E-16));
#3053=DIRECTION('',(0.,-3.06161699786839E-16,1.));
#3054=DIRECTION('',(0.,1.,3.06161699786839E-16));
#3055=DIRECTION('',(1.,0.,0.));
#3056=DIRECTION('',(0.,0.,1.));
#3057=DIRECTION('',(1.,0.,0.));
#3058=DIRECTION('',(0.,0.,1.));
#3059=DIRECTION('',(1.,0.,0.));
#3060=DIRECTION('',(0.,0.,1.));
#3061=DIRECTION('',(1.,0.,0.));
#3062=DIRECTION('',(0.,0.,1.));
#3063=DIRECTION('',(0.,0.,-1.));
#3064=DIRECTION('',(1.,0.,0.));
#3065=DIRECTION('',(0.,0.,-1.));
#3066=DIRECTION('',(1.,0.,0.));
#3067=DIRECTION('',(0.,0.,-1.));
#3068=DIRECTION('',(-1.,0.,0.));
#3069=DIRECTION('',(0.,0.,-1.));
#3070=DIRECTION('',(0.,0.,-1.));
#3071=DIRECTION('',(0.,0.,-1.));
#3072=DIRECTION('',(1.,0.,0.));
#3073=DIRECTION('',(0.,0.,-1.));
#3074=DIRECTION('',(1.,0.,0.));
#3075=DIRECTION('',(0.,0.,1.));
#3076=DIRECTION('',(1.,0.,0.));
#3077=DIRECTION('',(-1.,0.,0.));
#3078=DIRECTION('',(0.,0.,1.));
#3079=DIRECTION('',(0.,-1.,0.));
#3080=DIRECTION('',(-1.,0.,0.));
#3081=DIRECTION('',(0.,0.,1.));
#3082=DIRECTION('',(-1.,0.,0.));
#3083=DIRECTION('',(0.,0.,1.));
#3084=DIRECTION('',(-1.,0.,0.));
#3085=DIRECTION('',(0.,0.,1.));
#3086=DIRECTION('',(0.,1.,0.));
#3087=DIRECTION('',(0.,3.06161699786839E-16,1.));
#3088=DIRECTION('',(0.,1.,-3.06161699786839E-16));
#3089=DIRECTION('',(-1.,0.,0.));
#3090=DIRECTION('',(0.,0.,1.));
#3091=DIRECTION('',(0.,-1.,1.83697019872103E-16));
#3092=DIRECTION('',(0.,-3.06161699786839E-16,1.));
#3093=DIRECTION('',(0.,-1.,0.));
#3094=DIRECTION('',(-1.,0.,0.));
#3095=DIRECTION('',(0.,0.,1.));
#3096=DIRECTION('',(-1.,0.,0.));
#3097=DIRECTION('',(0.,0.,1.));
#3098=DIRECTION('',(-1.,0.,0.));
#3099=DIRECTION('',(0.,0.,1.));
#3100=DIRECTION('',(0.,1.83697019872103E-16,1.));
#3101=DIRECTION('',(-1.,0.,0.));
#3102=DIRECTION('',(0.,3.06161699786839E-16,-1.));
#3103=DIRECTION('',(0.,-1.,-3.06161699786839E-16));
#3104=DIRECTION('',(1.,0.,0.));
#3105=DIRECTION('',(0.,1.,-1.83697019872103E-16));
#3106=DIRECTION('',(0.,3.06161699786839E-16,-1.));
#3107=DIRECTION('',(0.,-1.,-3.06161699786839E-16));
#3108=DIRECTION('',(-1.,0.,0.));
#3109=DIRECTION('',(0.,3.06161699786839E-16,-1.));
#3110=DIRECTION('',(0.,-1.,-3.06161699786839E-16));
#3111=DIRECTION('',(1.,0.,0.));
#3112=DIRECTION('',(0.,0.,1.));
#3113=DIRECTION('',(1.,0.,0.));
#3114=DIRECTION('',(0.,0.,1.));
#3115=DIRECTION('',(1.,0.,0.));
#3116=DIRECTION('',(0.,1.,0.));
#3117=DIRECTION('',(1.,0.,0.));
#3118=DIRECTION('',(0.,0.,1.));
#3119=DIRECTION('',(1.,0.,0.));
#3120=DIRECTION('',(-1.,0.,0.));
#3121=DIRECTION('',(0.,0.,1.));
#3122=DIRECTION('',(1.,0.,0.));
#3123=DIRECTION('',(0.,1.,0.));
#3124=DIRECTION('',(0.,0.,-1.));
#3125=DIRECTION('',(0.,-3.06161699786839E-16,1.));
#3126=DIRECTION('',(0.,-3.06161699786839E-16,1.));
#3127=DIRECTION('',(1.,0.,0.));
#3128=DIRECTION('',(0.,0.,-1.));
#3129=DIRECTION('',(0.,-1.,3.06161699786839E-16));
#3130=DIRECTION('',(0.,0.,-1.));
#3131=DIRECTION('',(0.,-1.,0.));
#3132=DIRECTION('',(1.,0.,0.));
#3133=DIRECTION('',(0.,0.,-1.));
#3134=DIRECTION('',(-1.,0.,0.));
#3135=DIRECTION('',(0.,0.,1.));
#3136=DIRECTION('',(1.,0.,0.));
#3137=DIRECTION('',(0.,0.,-1.));
#3138=DIRECTION('',(0.,-1.,0.));
#3139=DIRECTION('',(1.,0.,0.));
#3140=DIRECTION('',(0.,0.,-1.));
#3141=DIRECTION('',(-1.,0.,0.));
#3142=DIRECTION('',(0.,0.,1.));
#3143=DIRECTION('',(1.,0.,0.));
#3144=DIRECTION('',(0.,0.,-1.));
#3145=DIRECTION('',(0.,-3.06161699786839E-16,1.));
#3146=DIRECTION('',(-1.,0.,0.));
#3147=DIRECTION('',(0.,0.,1.));
#3148=DIRECTION('',(0.,1.,0.));
#3149=DIRECTION('',(0.,0.,-1.));
#3150=DIRECTION('',(-1.,0.,0.));
#3151=DIRECTION('',(0.,0.,-1.));
#3152=DIRECTION('',(-1.,0.,0.));
#3153=DIRECTION('',(0.,3.06161699786839E-16,1.));
#3154=DIRECTION('',(0.,0.,-1.));
#3155=DIRECTION('',(-1.,0.,0.));
#3156=DIRECTION('',(0.,0.,-1.));
#3157=DIRECTION('',(-1.,0.,0.));
#3158=DIRECTION('',(0.,0.,-1.));
#3159=DIRECTION('',(-1.,0.,0.));
#3160=DIRECTION('',(-1.,0.,0.));
#3161=DIRECTION('',(0.,0.,-1.));
#3162=DIRECTION('',(-1.,0.,0.));
#3163=DIRECTION('',(0.,-1.,0.));
#3164=DIRECTION('',(0.,0.,-1.));
#3165=DIRECTION('',(-1.,0.,0.));
#3166=DIRECTION('',(0.,0.,-1.));
#3167=DIRECTION('',(-1.,0.,0.));
#3168=DIRECTION('',(-1.,0.,0.));
#3169=DIRECTION('',(0.,0.,1.));
#3170=DIRECTION('',(-1.,0.,0.));
#3171=DIRECTION('',(-1.,0.,0.));
#3172=DIRECTION('',(-1.,0.,0.));
#3173=DIRECTION('',(0.,0.,1.));
#3174=DIRECTION('',(-1.,0.,0.));
#3175=DIRECTION('',(-1.,0.,0.));
#3176=DIRECTION('',(-1.,0.,0.));
#3177=DIRECTION('',(0.,0.,1.));
#3178=DIRECTION('',(1.,0.,0.));
#3179=DIRECTION('',(-1.,0.,0.));
#3180=DIRECTION('',(0.,0.,1.));
#3181=DIRECTION('',(-1.,0.,0.));
#3182=DIRECTION('',(0.,0.,1.));
#3183=DIRECTION('',(-1.,0.,0.));
#3184=DIRECTION('',(0.,0.,1.));
#3185=DIRECTION('',(-1.,0.,0.));
#3186=DIRECTION('',(0.,0.,1.));
#3187=DIRECTION('',(-1.,0.,0.));
#3188=DIRECTION('',(0.,0.,1.));
#3189=DIRECTION('',(1.,0.,0.));
#3190=DIRECTION('',(0.,-3.06161699786839E-16,-1.));
#3191=DIRECTION('',(-1.,0.,0.));
#3192=DIRECTION('',(0.,-3.06161699786839E-16,-1.));
#3193=DIRECTION('',(0.,-1.,3.06161699786839E-16));
#3194=DIRECTION('',(0.,3.06161699786839E-16,1.));
#3195=DIRECTION('',(0.,1.,-3.06161699786839E-16));
#3196=DIRECTION('',(0.,-3.06161699786839E-16,-1.));
#3197=DIRECTION('',(0.,-1.,3.06161699786839E-16));
#3198=DIRECTION('',(0.,1.,-3.06161699786839E-16));
#3199=DIRECTION('',(0.,3.06161699786839E-16,1.));
#3200=DIRECTION('',(0.,1.,-3.06161699786839E-16));
#3201=DIRECTION('',(0.,-3.06161699786839E-16,-1.));
#3202=DIRECTION('',(0.,-1.,3.06161699786839E-16));
#3203=DIRECTION('',(0.,0.,-1.));
#3204=DIRECTION('',(-1.,0.,0.));
#3205=DIRECTION('',(0.,0.,-1.));
#3206=DIRECTION('',(-1.,0.,0.));
#3207=DIRECTION('',(1.,0.,0.));
#3208=DIRECTION('',(1.,0.,0.));
#3209=DIRECTION('',(0.,3.06161699786839E-16,1.));
#3210=DIRECTION('',(0.,1.,-3.06161699786839E-16));
#3211=DIRECTION('',(0.,3.06161699786839E-16,1.));
#3212=DIRECTION('',(0.,1.,-3.06161699786839E-16));
#3213=DIRECTION('',(0.,-3.06161699786839E-16,1.));
#3214=DIRECTION('',(0.,1.,3.06161699786839E-16));
#3215=DIRECTION('',(0.,-3.06161699786839E-16,1.));
#3216=DIRECTION('',(0.,1.,3.06161699786839E-16));
#3217=DIRECTION('',(0.,-3.06161699786839E-16,1.));
#3218=DIRECTION('',(0.,1.,3.06161699786839E-16));
#3219=DIRECTION('',(-1.,0.,0.));
#3220=DIRECTION('',(0.,0.,1.));
#3221=DIRECTION('',(-1.,0.,0.));
#3222=DIRECTION('',(0.,0.,1.));
#3223=DIRECTION('',(-1.,0.,0.));
#3224=DIRECTION('',(0.,0.,1.));
#3225=DIRECTION('',(-1.,0.,0.));
#3226=DIRECTION('',(0.,0.,1.));
#3227=DIRECTION('',(0.,0.,-1.));
#3228=DIRECTION('',(-1.,0.,0.));
#3229=DIRECTION('',(0.,0.,-1.));
#3230=DIRECTION('',(-1.,0.,0.));
#3231=DIRECTION('',(0.,0.,-1.));
#3232=DIRECTION('',(1.,0.,0.));
#3233=DIRECTION('',(0.,0.,-1.));
#3234=DIRECTION('',(0.,0.,-1.));
#3235=DIRECTION('',(0.,0.,-1.));
#3236=DIRECTION('',(-1.,0.,0.));
#3237=DIRECTION('',(0.,0.,-1.));
#3238=DIRECTION('',(-1.,0.,0.));
#3239=CARTESIAN_POINT('',(0.,0.,0.));
#3240=CARTESIAN_POINT('',(-0.051,0.01485,4.54650124183455E-18));
#3241=CARTESIAN_POINT('',(-0.051,0.01485,0.0155));
#3242=CARTESIAN_POINT('',(-0.051,0.00808146026408594,0.0155));
#3243=CARTESIAN_POINT('',(-0.051,-0.00808146026408594,0.0155));
#3244=CARTESIAN_POINT('',(-0.051,-0.00808146026408594,0.0145));
#3245=CARTESIAN_POINT('',(-0.051,-0.00856829521975376,0.0153734939759036));
#3246=CARTESIAN_POINT('',(-0.051,0.,0.));
#3247=CARTESIAN_POINT('',(-0.051,-0.0168982060455228,0.00492043010752688));
#3248=CARTESIAN_POINT('',(-0.051,-0.0178583313890184,0.0052));
#3249=CARTESIAN_POINT('',(-0.051,-0.0178583313890184,0.0042));
#3250=CARTESIAN_POINT('',(-0.051,-0.0208457591821909,0.0042));
#3251=CARTESIAN_POINT('',(-0.051,-0.0211,0.0042));
#3252=CARTESIAN_POINT('',(-0.051,-0.0211,0.025));
#3253=CARTESIAN_POINT('',(-0.051,-0.0211,6.46001186550229E-18));
#3254=CARTESIAN_POINT('',(-0.051,-0.01485,-2.72790074510073E-18));
#3255=CARTESIAN_POINT('',(-0.051,-0.0121,-2.22273394045244E-18));
#3256=CARTESIAN_POINT('',(-0.051,0.,0.));
#3257=CARTESIAN_POINT('',(-0.051,0.0121,3.70455656742075E-18));
#3258=CARTESIAN_POINT('',(-0.051,0.01485,4.54650124183455E-18));
#3259=CARTESIAN_POINT('',(-0.051,0.0211,6.46001186550229E-18));
#3260=CARTESIAN_POINT('',(-0.051,0.0211,0.025));
#3261=CARTESIAN_POINT('',(-0.051,0.0211,0.0042));
#3262=CARTESIAN_POINT('',(-0.051,0.0208457591821909,0.0042));
#3263=CARTESIAN_POINT('',(-0.051,0.0178583313890184,0.0042));
#3264=CARTESIAN_POINT('',(-0.051,0.0178583313890184,0.0052));
#3265=CARTESIAN_POINT('',(-0.051,0.0168982060455228,0.00492043010752688));
#3266=CARTESIAN_POINT('',(-0.051,0.,0.));
#3267=CARTESIAN_POINT('',(-0.051,0.00856829521975376,0.0153734939759036));
#3268=CARTESIAN_POINT('',(-0.051,0.00808146026408594,0.0145));
#3269=CARTESIAN_POINT('',(-0.0555,-0.0146,-2.6819764901327E-18));
#3270=CARTESIAN_POINT('',(-0.0555,-0.0211,6.46001186550229E-18));
#3271=CARTESIAN_POINT('',(-0.0555,-0.0227,6.94987058516123E-18));
#3272=CARTESIAN_POINT('',(-0.0533339653289666,-0.0121,-2.22273394045244E-18));
#3273=CARTESIAN_POINT('',(-0.0534442262413848,-0.012086220111055,-2.22020261591907E-18));
#3274=CARTESIAN_POINT('',(-0.0535557737586152,-0.012086220111055,-2.22020261591907E-18));
#3275=CARTESIAN_POINT('',(-0.0536660346710334,-0.0121,-2.22273394045244E-18));
#3276=CARTESIAN_POINT('',(-0.0533339653289666,-0.0121,-2.22273394045244E-18));
#3277=CARTESIAN_POINT('',(-0.0536660346710334,-0.0121,-2.22273394045244E-18));
#3278=CARTESIAN_POINT('',(-0.0516,-0.0121,-2.22273394045244E-18));
#3279=CARTESIAN_POINT('',(-0.0545,-0.0211,6.46001186550229E-18));
#3280=CARTESIAN_POINT('',(-0.0545,-0.0246,7.53157781475622E-18));
#3281=CARTESIAN_POINT('',(-0.050998,-0.0246,5.20417042793042E-18));
#3282=CARTESIAN_POINT('',(-0.0565,-0.0246,7.53157781475622E-18));
#3283=CARTESIAN_POINT('',(-0.0565,-0.0211,6.46001186550229E-18));
#3284=CARTESIAN_POINT('',(-0.06,-0.0211,6.46001186550229E-18));
#3285=CARTESIAN_POINT('',(-0.06,-0.01485,-2.72790074510073E-18));
#3286=CARTESIAN_POINT('',(-0.06,-0.0121,-2.22273394045244E-18));
#3287=CARTESIAN_POINT('',(-0.0547804760106459,-0.0121,-2.22273394045244E-18));
#3288=CARTESIAN_POINT('',(-0.050998,-0.0208457591821909,0.0042));
#3289=CARTESIAN_POINT('',(-0.0555,-0.0211,0.0042));
#3290=CARTESIAN_POINT('',(-0.0539,-0.0211,0.0042));
#3291=CARTESIAN_POINT('',(-0.06,-0.0208457591821909,0.0042));
#3292=CARTESIAN_POINT('',(-0.06,-0.0211,0.0042));
#3293=CARTESIAN_POINT('',(-0.06,-0.0178583313890184,0.0042));
#3294=CARTESIAN_POINT('',(-0.0565,-0.0211,0.0042));
#3295=CARTESIAN_POINT('',(-0.0565,-0.0246,0.0042));
#3296=CARTESIAN_POINT('',(-0.050998,-0.0246,0.0042));
#3297=CARTESIAN_POINT('',(-0.0545,-0.0246,0.0042));
#3298=CARTESIAN_POINT('',(-0.0545,-0.0211,0.0042));
#3299=CARTESIAN_POINT('',(-0.051,-0.0178583313890184,0.0042));
#3300=CARTESIAN_POINT('',(-0.050998,-0.0246,0.0021));
#3301=CARTESIAN_POINT('',(-0.0565,-0.0246,0.025));
#3302=CARTESIAN_POINT('',(-0.0545,-0.0246,0.025));
#3303=CARTESIAN_POINT('',(-0.06,0.01485,4.54650124183455E-18));
#3304=CARTESIAN_POINT('',(-0.06,0.01485,4.54650124183455E-18));
#3305=CARTESIAN_POINT('',(-0.06,0.015,4.59218912353919E-18));
#3306=CARTESIAN_POINT('',(-0.06,0.0121,3.70455656742075E-18));
#3307=CARTESIAN_POINT('',(-0.06,0.,0.));
#3308=CARTESIAN_POINT('',(-0.06,-0.0211,0.025));
#3309=CARTESIAN_POINT('',(-0.06,-0.0178583313890184,0.0052));
#3310=CARTESIAN_POINT('',(-0.06,-0.0168982060455228,0.00492043010752688));
#3311=CARTESIAN_POINT('',(-0.06,0.,0.));
#3312=CARTESIAN_POINT('',(-0.06,-0.00856829521975376,0.0153734939759036));
#3313=CARTESIAN_POINT('',(-0.06,-0.00808146026408594,0.0145));
#3314=CARTESIAN_POINT('',(-0.06,-0.00808146026408594,0.0155));
#3315=CARTESIAN_POINT('',(-0.06,-0.00416863286941894,0.0155));
#3316=CARTESIAN_POINT('',(-0.06,0.00808146026408594,0.0155));
#3317=CARTESIAN_POINT('',(-0.06,0.00808146026408594,0.0145));
#3318=CARTESIAN_POINT('',(-0.06,0.00856829521975376,0.0153734939759036));
#3319=CARTESIAN_POINT('',(-0.06,0.,0.));
#3320=CARTESIAN_POINT('',(-0.06,0.0168982060455228,0.00492043010752688));
#3321=CARTESIAN_POINT('',(-0.06,0.0178583313890184,0.0052));
#3322=CARTESIAN_POINT('',(-0.06,0.0178583313890184,0.0042));
#3323=CARTESIAN_POINT('',(-0.06,0.0208457591821909,0.0042));
#3324=CARTESIAN_POINT('',(-0.06,0.015,0.0042));
#3325=CARTESIAN_POINT('',(-0.06,0.015,-1.99999999999767E-6));
#3326=CARTESIAN_POINT('',(-0.050998,0.0246,0.0021));
#3327=CARTESIAN_POINT('',(-0.050998,0.0246,0.0042));
#3328=CARTESIAN_POINT('',(-0.0545,0.0246,0.0042));
#3329=CARTESIAN_POINT('',(-0.0645154232205925,0.0246,0.0042));
#3330=CARTESIAN_POINT('',(-0.0545,0.0246,0.025));
#3331=CARTESIAN_POINT('',(-0.0545,0.0246,7.53157781475622E-18));
#3332=CARTESIAN_POINT('',(-0.050998,0.0246,5.20417042793042E-18));
#3333=CARTESIAN_POINT('',(-0.0645154232205925,0.0246,7.53139345051161E-18));
#3334=CARTESIAN_POINT('',(-0.0645154232205925,0.0246,-1.99999999999767E-6));
#3335=CARTESIAN_POINT('',(-0.050998,0.0208457591821909,0.0042));
#3336=CARTESIAN_POINT('',(-0.0645154232205925,0.0222195990516856,0.0042));
#3337=CARTESIAN_POINT('',(-0.0668958241689069,0.0222195990516856,0.0042));
#3338=CARTESIAN_POINT('',(-0.0668958241689069,0.0207195990516857,0.0042));
#3339=CARTESIAN_POINT('',(-0.0668958241689069,0.0192195990516857,0.0042));
#3340=CARTESIAN_POINT('',(-0.06,0.022744504433348,0.0042));
#3341=CARTESIAN_POINT('',(-0.050998,0.0178583313890184,0.0042));
#3342=CARTESIAN_POINT('',(-0.0545,0.0211,0.0042));
#3343=CARTESIAN_POINT('',(-0.0555,0.0211,0.0042));
#3344=CARTESIAN_POINT('',(-0.0571,0.0211,0.0042));
#3345=CARTESIAN_POINT('',(-0.0628958241689069,0.0207195990516857,0.0042));
#3346=CARTESIAN_POINT('',(-0.0641958241689069,0.0207195990516857,0.0042));
#3347=CARTESIAN_POINT('',(-0.0545,0.,0.));
#3348=CARTESIAN_POINT('',(-0.0545,0.0168982060455228,0.00492043010752688));
#3349=CARTESIAN_POINT('',(-0.0545,0.00856829521975376,0.0153734939759036));
#3350=CARTESIAN_POINT('',(-0.0545,0.,0.));
#3351=CARTESIAN_POINT('',(-0.0545,-0.0168982060455228,0.00492043010752688));
#3352=CARTESIAN_POINT('',(-0.0545,-0.00856829521975376,0.0153734939759036));
#3353=CARTESIAN_POINT('',(-0.0545,0.,0.));
#3354=CARTESIAN_POINT('',(-0.0516,0.0121,3.70455656742075E-18));
#3355=CARTESIAN_POINT('',(-0.0533339653289666,0.0121,3.70455656742075E-18));
#3356=CARTESIAN_POINT('',(-0.0522390479787082,-0.0120902602852528,0.000485392866486436));
#3357=CARTESIAN_POINT('',(-0.0522390479787082,-0.0120947662652549,0.000373157036859808));
#3358=CARTESIAN_POINT('',(-0.0523614706651177,-0.0120995116672856,0.000166981029045233));
#3359=CARTESIAN_POINT('',(-0.0527826345180669,-0.0121000885275033,-5.81296394187577E-6));
#3360=CARTESIAN_POINT('',(-0.0531142918605569,-0.0121,-8.76609698705167E-17));
#3361=CARTESIAN_POINT('',(-0.0533339653289666,-0.0121,-2.3006799857965E-18));
#3362=CARTESIAN_POINT('',(-0.0522390479787082,-0.0120902602852529,0.000485392866486439));
#3363=CARTESIAN_POINT('',(-0.0522390479787082,0.,0.));
#3364=CARTESIAN_POINT('',(-0.0522390479787082,0.0120902602852529,0.000485392866486443));
#3365=CARTESIAN_POINT('',(-0.0533339653289666,0.0121,3.70455656742075E-18));
#3366=CARTESIAN_POINT('',(-0.053113664147221,0.0121,3.70455656742075E-18));
#3367=CARTESIAN_POINT('',(-0.0527788602326805,0.0121000875598128,-5.00848971718072E-6));
#3368=CARTESIAN_POINT('',(-0.0523614851258798,0.0120995058411765,0.000167347709206238));
#3369=CARTESIAN_POINT('',(-0.052239047978708,0.0120947554248995,0.000373427050550165));
#3370=CARTESIAN_POINT('',(-0.052239047978708,0.0120902602852529,0.000485392866486423));
#3371=CARTESIAN_POINT('',(-0.0535,0.,0.));
#3372=CARTESIAN_POINT('',(-0.0547609520212919,-0.00118903662061664,0.0120414364556241));
#3373=CARTESIAN_POINT('',(-0.0545908520303501,-0.00108331064691314,0.0118910323137688));
#3374=CARTESIAN_POINT('',(-0.0542369397982433,-0.000746556459857459,0.0117193890676293));
#3375=CARTESIAN_POINT('',(-0.0540311755706966,1.13867583933287E-6,0.0116910308836194));
#3376=CARTESIAN_POINT('',(-0.0542383602810009,0.000748301130289728,0.0117199367755575));
#3377=CARTESIAN_POINT('',(-0.0545907806459178,0.00108326627778315,0.0118909691949279));
#3378=CARTESIAN_POINT('',(-0.0547609520212919,0.00118903662061664,0.0120414364556241));
#3379=CARTESIAN_POINT('',(-0.0547609520212919,-0.00118903662061662,0.0120414364556241));
#3380=CARTESIAN_POINT('',(-0.0547609520212919,0.00118903662061662,0.0120414364556241));
#3381=CARTESIAN_POINT('',(-0.0547609520212919,0.,0.));
#3382=CARTESIAN_POINT('',(-0.0547609520212919,0.0120902602852529,0.000485392866486443));
#3383=CARTESIAN_POINT('',(-0.0522390479787082,0.0120902602852529,0.000485392866486443));
#3384=CARTESIAN_POINT('',(-0.0525787639259462,0.0117704778625548,0.000481635295600537));
#3385=CARTESIAN_POINT('',(-0.0534967951708065,0.011409707830622,0.000477042409518775));
#3386=CARTESIAN_POINT('',(-0.0544212357554886,0.011770477562682,0.000481635292076913));
#3387=CARTESIAN_POINT('',(-0.0547609520212918,0.0120902602852529,0.000485392866486443));
#3388=CARTESIAN_POINT('',(-0.0547609520212918,-0.0120902602852528,0.000485392866486436));
#3389=CARTESIAN_POINT('',(-0.0544212360740538,-0.0117704778625547,0.00048163529560053));
#3390=CARTESIAN_POINT('',(-0.0535032048291933,-0.0114097078306221,0.00047704240951877));
#3391=CARTESIAN_POINT('',(-0.0525787642445114,-0.011770477562682,0.000481635292076906));
#3392=CARTESIAN_POINT('',(-0.0522390479787082,-0.0120902602852528,0.000485392866486436));
#3393=CARTESIAN_POINT('',(-0.0547609520212919,-0.0120902602852529,0.00048539286648644));
#3394=CARTESIAN_POINT('',(-0.0547609520212919,0.,0.));
#3395=CARTESIAN_POINT('',(-0.0545,0.,0.));
#3396=CARTESIAN_POINT('',(-0.0536660346710334,-0.0121,-2.22273394045244E-18));
#3397=CARTESIAN_POINT('',(-0.053886335852779,-0.0121,-2.22273394045244E-18));
#3398=CARTESIAN_POINT('',(-0.0542211397673195,-0.0121000875598128,-5.00848971718529E-6));
#3399=CARTESIAN_POINT('',(-0.0546385148741202,-0.0120995058411765,0.000167347709206265));
#3400=CARTESIAN_POINT('',(-0.054760952021292,-0.0120947554248995,0.000373427050550154));
#3401=CARTESIAN_POINT('',(-0.054760952021292,-0.0120902602852529,0.000485392866486409));
#3402=CARTESIAN_POINT('',(-0.0547804760106459,0.0121,3.70455656742075E-18));
#3403=CARTESIAN_POINT('',(-0.0536660346710334,0.0121,3.70455656742075E-18));
#3404=CARTESIAN_POINT('',(-0.0547609520212918,0.0120902602852529,0.000485392866486443));
#3405=CARTESIAN_POINT('',(-0.0547609520212918,0.012094766265255,0.000373157036859812));
#3406=CARTESIAN_POINT('',(-0.0546385293348823,0.0120995116672855,0.000166981029045216));
#3407=CARTESIAN_POINT('',(-0.0542173654819331,0.0121000885275033,-5.81296394187103E-6));
#3408=CARTESIAN_POINT('',(-0.0538857081394432,0.0121,-8.17215152873647E-17));
#3409=CARTESIAN_POINT('',(-0.0536660346710334,0.0121,3.63877459735477E-18));
#3410=CARTESIAN_POINT('',(-0.0547609520212919,-0.00118903662061664,0.0120414364556241));
#3411=CARTESIAN_POINT('',(-0.0551805698225763,-0.0014498508651,0.0120156822452346));
#3412=CARTESIAN_POINT('',(-0.0563194466166787,-0.00147692702671884,0.0120180583257093));
#3413=CARTESIAN_POINT('',(-0.0571902148013078,9.5092905670972E-7,0.0121409633283784));
#3414=CARTESIAN_POINT('',(-0.0563196936554889,0.00147608636576316,0.012018088300311));
#3415=CARTESIAN_POINT('',(-0.0551808869875512,0.00145004799959488,0.0120156627791075));
#3416=CARTESIAN_POINT('',(-0.0547609520212919,0.00118903662061664,0.0120414364556241));
#3417=CARTESIAN_POINT('',(-0.0555,0.0146,4.46996081688783E-18));
#3418=CARTESIAN_POINT('',(-0.06,0.022744504433348,6.9634578593776E-18));
#3419=CARTESIAN_POINT('',(-0.0668958241689069,0.0192195990516857,6.34342974198746E-18));
#3420=CARTESIAN_POINT('',(-0.0668958241689069,0.0207195990516857,6.34342974198746E-18));
#3421=CARTESIAN_POINT('',(-0.0668958241689069,0.0222195990516856,6.07364974828696E-18));
#3422=CARTESIAN_POINT('',(-0.0645154232205925,0.0222195990516856,6.80252159939929E-18));
#3423=CARTESIAN_POINT('',(-0.0545,0.0211,6.46001186550229E-18));
#3424=CARTESIAN_POINT('',(-0.0536660346710334,0.0121,3.70455656742075E-18));
#3425=CARTESIAN_POINT('',(-0.0535557737586152,0.012086220111055,3.70033769319846E-18));
#3426=CARTESIAN_POINT('',(-0.0534442262413848,0.012086220111055,3.70033769319846E-18));
#3427=CARTESIAN_POINT('',(-0.0533339653289666,0.0121,3.70455656742074E-18));
#3428=CARTESIAN_POINT('',(-0.0555,0.0211,6.46001186550229E-18));
#3429=CARTESIAN_POINT('',(-0.0555,0.0227,6.94987058516123E-18));
#3430=CARTESIAN_POINT('',(-0.0628958241689069,0.0207195990516857,6.34342974198746E-18));
#3431=CARTESIAN_POINT('',(-0.0628958241689069,0.0194195990516857,5.94541953226457E-18));
#3432=CARTESIAN_POINT('',(-0.035,-0.00416863286941894,0.0155));
#3433=CARTESIAN_POINT('',(-0.0555,8.57252759403147E-20,0.0155));
#3434=CARTESIAN_POINT('',(-0.0569,8.57252759403147E-20,0.0155));
#3435=CARTESIAN_POINT('',(-0.06,-0.00808146026408594,0.0155));
#3436=CARTESIAN_POINT('',(-0.051,0.00808146026408594,0.0155));
#3437=CARTESIAN_POINT('',(-0.0545,0.0211,0.025));
#3438=CARTESIAN_POINT('',(-0.0555,0.0211,0.025));
#3439=CARTESIAN_POINT('',(-0.0545,-0.0211,0.025));
#3440=CARTESIAN_POINT('',(-0.0555,-0.0211,0.025));
#3441=CARTESIAN_POINT('',(-0.0565,-0.0211,0.025));
#3442=CARTESIAN_POINT('',(-0.0525723366796656,-0.0124629992853578,4.33680868994202E-19));
#3443=CARTESIAN_POINT('',(-0.0522359251447417,-0.0121126134466456,4.21822407732642E-19));
#3444=CARTESIAN_POINT('',(-0.0522261936496901,-0.0121024777119826,0.000485536323756405));
#3445=CARTESIAN_POINT('',(-0.0528175787497423,-0.0122275381227882,4.76934382853854E-19));
#3446=CARTESIAN_POINT('',(-0.0525713462169232,-0.0117956621990893,1.90077519025114E-16));
#3447=CARTESIAN_POINT('',(-0.0525629439464715,-0.0117793100256698,0.000481744387418367));
#3448=CARTESIAN_POINT('',(-0.0535009013055392,-0.0119521631998919,3.90393723869355E-19));
#3449=CARTESIAN_POINT('',(-0.0535012170478188,-0.0114255195898663,-8.84482998220905E-17));
#3450=CARTESIAN_POINT('',(-0.0535012376249841,-0.0114013837173627,0.000476939392224081));
#3451=CARTESIAN_POINT('',(-0.0541814482865261,-0.0122267955727552,4.77001645384244E-19));
#3452=CARTESIAN_POINT('',(-0.0544273270637042,-0.0117946647782911,-1.07747782774561E-17));
#3453=CARTESIAN_POINT('',(-0.0544357200208126,-0.0117782909220444,0.000481732201133954));
#3454=CARTESIAN_POINT('',(-0.0544272711363591,-0.0124626228954858,4.33680868994202E-19));
#3455=CARTESIAN_POINT('',(-0.0547635364860673,-0.0121121049275822,4.37069000783219E-19));
#3456=CARTESIAN_POINT('',(-0.0547732678290304,-0.0121019611213191,0.000485530262080813));
#3457=CARTESIAN_POINT('',(-0.0544276633203345,0.0124629992853579,-6.50521303491303E-19));
#3458=CARTESIAN_POINT('',(-0.0547640748552586,0.0121126134466458,-6.48827237596794E-19));
#3459=CARTESIAN_POINT('',(-0.0547738063503101,0.0121024777119829,0.000485536323756406));
#3460=CARTESIAN_POINT('',(-0.0541824212502578,0.0122275381227892,-7.22610493257132E-19));
#3461=CARTESIAN_POINT('',(-0.0544286537830795,0.0117956621990923,-8.96942019380539E-18));
#3462=CARTESIAN_POINT('',(-0.0544370560535296,0.0117793100256708,0.000481744387418365));
#3463=CARTESIAN_POINT('',(-0.0534990986944633,0.0119521631998913,-7.9521649611378E-19));
#3464=CARTESIAN_POINT('',(-0.0534987829521824,0.0114255195898645,4.07124037555247E-16));
#3465=CARTESIAN_POINT('',(-0.0534987623750167,0.0114013837173611,0.000476939392224006));
#3466=CARTESIAN_POINT('',(-0.0528185517134691,0.0122267955727552,-7.2272259747472E-19));
#3467=CARTESIAN_POINT('',(-0.0525726729362905,0.011794664778292,-8.12220546650738E-16));
#3468=CARTESIAN_POINT('',(-0.0525642799791849,0.0117782909220467,0.0004817322011341));
#3469=CARTESIAN_POINT('',(-0.0525727288636408,0.0124626228954859,-6.50521303491303E-19));
#3470=CARTESIAN_POINT('',(-0.0522364635139326,0.0121121049275823,-6.4205097401876E-19));
#3471=CARTESIAN_POINT('',(-0.0522267321709695,0.0121019611213192,0.000485530262080813));
#3472=CARTESIAN_POINT('',(-0.0545,0.00808146026408594,0.0145));
#3473=CARTESIAN_POINT('',(-0.0545,-0.00808146026408594,0.0145));
#3474=CARTESIAN_POINT('',(-0.0545,0.0178583313890184,0.0052));
#3475=CARTESIAN_POINT('',(-0.0545,-0.0178583313890184,0.0052));
#3476=CARTESIAN_POINT('',(-0.0555,8.57252759403147E-20,-0.0095));
#3477=CARTESIAN_POINT('',(-0.06,0.022744504433348,-1.99999999999767E-6));
#3478=CARTESIAN_POINT('',(-0.0668958241689069,0.0192195990516857,-1.99999999999767E-6));
#3479=CARTESIAN_POINT('',(-0.0668958241689069,0.0207195990516857,-1.99999999999767E-6));
#3480=CARTESIAN_POINT('',(-0.0668958241689069,0.0222195990516856,-1.99999999999767E-6));
#3481=CARTESIAN_POINT('',(-0.0645154232205925,0.0222195990516856,-1.99999999999767E-6));
#3482=CARTESIAN_POINT('',(-0.0628958241689069,0.0207195990516857,-1.99999999999767E-6));
#3483=CARTESIAN_POINT('',(0.,0.,0.));
#3484=CARTESIAN_POINT('',(-0.009,0.01485,4.54650124183455E-18));
#3485=CARTESIAN_POINT('',(-0.009,0.01485,0.0155));
#3486=CARTESIAN_POINT('',(-0.009,0.00808146026408594,0.0155));
#3487=CARTESIAN_POINT('',(-0.009,-0.00808146026408594,0.0155));
#3488=CARTESIAN_POINT('',(-0.009,0.00808146026408594,0.0145));
#3489=CARTESIAN_POINT('',(-0.009,0.00856829521975376,0.0153734939759036));
#3490=CARTESIAN_POINT('',(-0.009,0.,0.));
#3491=CARTESIAN_POINT('',(-0.009,0.0168982060455228,0.00492043010752688));
#3492=CARTESIAN_POINT('',(-0.009,0.0178583313890184,0.0052));
#3493=CARTESIAN_POINT('',(-0.009,0.0178583313890184,0.0042));
#3494=CARTESIAN_POINT('',(-0.009,0.0208457591821909,0.0042));
#3495=CARTESIAN_POINT('',(-0.009,0.0211,0.0042));
#3496=CARTESIAN_POINT('',(-0.009,0.0211,0.025));
#3497=CARTESIAN_POINT('',(-0.009,0.0211,6.46001186550229E-18));
#3498=CARTESIAN_POINT('',(-0.009,0.01485,4.54650124183455E-18));
#3499=CARTESIAN_POINT('',(-0.009,0.0121,3.70455656742075E-18));
#3500=CARTESIAN_POINT('',(-0.009,0.,0.));
#3501=CARTESIAN_POINT('',(-0.009,-0.0121,-2.22273394045244E-18));
#3502=CARTESIAN_POINT('',(-0.009,-0.01485,-2.72790074510073E-18));
#3503=CARTESIAN_POINT('',(-0.009,-0.0211,6.46001186550229E-18));
#3504=CARTESIAN_POINT('',(-0.009,-0.0211,0.025));
#3505=CARTESIAN_POINT('',(-0.009,-0.0211,0.0042));
#3506=CARTESIAN_POINT('',(-0.009,-0.0208457591821909,0.0042));
#3507=CARTESIAN_POINT('',(-0.009,-0.0178583313890184,0.0042));
#3508=CARTESIAN_POINT('',(-0.009,-0.0178583313890184,0.0052));
#3509=CARTESIAN_POINT('',(-0.009,-0.0168982060455228,0.00492043010752688));
#3510=CARTESIAN_POINT('',(-0.009,0.,0.));
#3511=CARTESIAN_POINT('',(-0.009,-0.00856829521975376,0.0153734939759036));
#3512=CARTESIAN_POINT('',(-0.009,-0.00808146026408594,0.0145));
#3513=CARTESIAN_POINT('',(-0.0045,-0.0146,-2.6819764901327E-18));
#3514=CARTESIAN_POINT('',(-0.0045,-0.0211,6.46001186550229E-18));
#3515=CARTESIAN_POINT('',(-0.0045,-0.0227,6.94987058516123E-18));
#3516=CARTESIAN_POINT('',(-0.00666603467103336,-0.0121,-2.22273394045244E-18));
#3517=CARTESIAN_POINT('',(-0.00655577375861519,-0.012086220111055,-2.22020261591908E-18));
#3518=CARTESIAN_POINT('',(-0.00644422624138482,-0.012086220111055,-2.22020261591908E-18));
#3519=CARTESIAN_POINT('',(-0.00633396532896665,-0.0121,-2.22273394045244E-18));
#3520=CARTESIAN_POINT('',(-0.00666603467103336,-0.0121,-2.22273394045244E-18));
#3521=CARTESIAN_POINT('',(-0.00633396532896665,-0.0121,-2.22273394045244E-18));
#3522=CARTESIAN_POINT('',(-0.00521952398935408,-0.0121,-2.22273394045244E-18));
#3523=CARTESIAN_POINT('',(0.,-0.0121,-2.22273394045244E-18));
#3524=CARTESIAN_POINT('',(0.,-0.01485,-2.72790074510073E-18));
#3525=CARTESIAN_POINT('',(0.,-0.0211,6.46001186550229E-18));
#3526=CARTESIAN_POINT('',(-0.0035,-0.0211,6.46001186550229E-18));
#3527=CARTESIAN_POINT('',(-0.0035,-0.0246,7.53157781475622E-18));
#3528=CARTESIAN_POINT('',(-0.009002,-0.0246,5.20417042793042E-18));
#3529=CARTESIAN_POINT('',(-0.0055,-0.0246,7.53157781475622E-18));
#3530=CARTESIAN_POINT('',(-0.0055,-0.0211,6.46001186550229E-18));
#3531=CARTESIAN_POINT('',(-0.0084,-0.0121,-2.22273394045244E-18));
#3532=CARTESIAN_POINT('',(-0.009002,-0.0208457591821909,0.0042));
#3533=CARTESIAN_POINT('',(-0.0045,-0.0211,0.0042));
#3534=CARTESIAN_POINT('',(-0.0061,-0.0211,0.0042));
#3535=CARTESIAN_POINT('',(0.,-0.0208457591821909,0.0042));
#3536=CARTESIAN_POINT('',(0.,-0.0211,0.0042));
#3537=CARTESIAN_POINT('',(0.,-0.0178583313890184,0.0042));
#3538=CARTESIAN_POINT('',(-0.009,-0.0178583313890184,0.0042));
#3539=CARTESIAN_POINT('',(-0.0055,-0.0211,0.0042));
#3540=CARTESIAN_POINT('',(-0.0055,-0.0246,0.0042));
#3541=CARTESIAN_POINT('',(-0.009002,-0.0246,0.0042));
#3542=CARTESIAN_POINT('',(-0.0035,-0.0246,0.0042));
#3543=CARTESIAN_POINT('',(-0.0035,-0.0211,0.0042));
#3544=CARTESIAN_POINT('',(-0.009002,-0.0246,0.0021));
#3545=CARTESIAN_POINT('',(-0.0035,-0.0246,0.025));
#3546=CARTESIAN_POINT('',(-0.0055,-0.0246,0.025));
#3547=CARTESIAN_POINT('',(0.,0.01485,4.54650124183455E-18));
#3548=CARTESIAN_POINT('',(0.,0.01485,4.54650124183455E-18));
#3549=CARTESIAN_POINT('',(1.00906834898054E-17,0.015,4.59218912353919E-18));
#3550=CARTESIAN_POINT('',(0.,0.0121,3.70455656742075E-18));
#3551=CARTESIAN_POINT('',(1.00906834898054E-17,0.015,-1.99999999999767E-6));
#3552=CARTESIAN_POINT('',(1.00906834898054E-17,0.015,0.0042));
#3553=CARTESIAN_POINT('',(0.,0.0208457591821909,0.0042));
#3554=CARTESIAN_POINT('',(0.,0.0178583313890184,0.0042));
#3555=CARTESIAN_POINT('',(0.,0.0178583313890184,0.0052));
#3556=CARTESIAN_POINT('',(0.,0.0168982060455228,0.00492043010752688));
#3557=CARTESIAN_POINT('',(0.,0.,0.));
#3558=CARTESIAN_POINT('',(0.,0.00856829521975376,0.0153734939759036));
#3559=CARTESIAN_POINT('',(0.,0.00808146026408594,0.0145));
#3560=CARTESIAN_POINT('',(0.,0.00808146026408594,0.0155));
#3561=CARTESIAN_POINT('',(0.,-0.00416863286941894,0.0155));
#3562=CARTESIAN_POINT('',(0.,-0.00808146026408594,0.0155));
#3563=CARTESIAN_POINT('',(0.,-0.00808146026408594,0.0145));
#3564=CARTESIAN_POINT('',(0.,-0.00856829521975376,0.0153734939759036));
#3565=CARTESIAN_POINT('',(0.,0.,0.));
#3566=CARTESIAN_POINT('',(0.,-0.0168982060455228,0.00492043010752688));
#3567=CARTESIAN_POINT('',(0.,-0.0178583313890184,0.0052));
#3568=CARTESIAN_POINT('',(0.,-0.0211,0.025));
#3569=CARTESIAN_POINT('',(0.,0.,0.));
#3570=CARTESIAN_POINT('',(-0.009002,0.0246,0.0021));
#3571=CARTESIAN_POINT('',(-0.009002,0.0246,0.0042));
#3572=CARTESIAN_POINT('',(-0.0055,0.0246,0.0042));
#3573=CARTESIAN_POINT('',(0.00451542322059252,0.0246,0.0042));
#3574=CARTESIAN_POINT('',(0.00451542322059252,0.0246,-1.99999999999767E-6));
#3575=CARTESIAN_POINT('',(0.00451542322059252,0.0246,7.53139345051161E-18));
#3576=CARTESIAN_POINT('',(-0.009002,0.0246,5.20417042793042E-18));
#3577=CARTESIAN_POINT('',(-0.0055,0.0246,7.53157781475622E-18));
#3578=CARTESIAN_POINT('',(-0.0055,0.0246,0.025));
#3579=CARTESIAN_POINT('',(-0.009002,0.0208457591821909,0.0042));
#3580=CARTESIAN_POINT('',(0.00451542322059252,0.0222195990516856,0.0042));
#3581=CARTESIAN_POINT('',(0.00689582416890687,0.0222195990516856,0.0042));
#3582=CARTESIAN_POINT('',(-0.0055,0.0211,0.0042));
#3583=CARTESIAN_POINT('',(-0.009002,0.0178583313890184,0.0042));
#3584=CARTESIAN_POINT('',(5.60719155939131E-17,0.022744504433348,0.0042));
#3585=CARTESIAN_POINT('',(0.00689582416890687,0.0192195990516857,0.0042));
#3586=CARTESIAN_POINT('',(0.00689582416890687,0.0207195990516857,0.0042));
#3587=CARTESIAN_POINT('',(-0.0045,0.0211,0.0042));
#3588=CARTESIAN_POINT('',(-0.0029,0.0211,0.0042));
#3589=CARTESIAN_POINT('',(0.00289582416890687,0.0207195990516857,0.0042));
#3590=CARTESIAN_POINT('',(0.00419582416890687,0.0207195990516857,0.0042));
#3591=CARTESIAN_POINT('',(-0.0055,0.,0.));
#3592=CARTESIAN_POINT('',(-0.0055,0.00856829521975376,0.0153734939759036));
#3593=CARTESIAN_POINT('',(-0.0055,0.0168982060455228,0.00492043010752688));
#3594=CARTESIAN_POINT('',(-0.0055,0.,0.));
#3595=CARTESIAN_POINT('',(-0.0055,-0.00856829521975376,0.0153734939759036));
#3596=CARTESIAN_POINT('',(-0.0055,-0.0168982060455228,0.00492043010752688));
#3597=CARTESIAN_POINT('',(-0.0055,0.,0.));
#3598=CARTESIAN_POINT('',(-0.0084,0.0121,3.70455656742075E-18));
#3599=CARTESIAN_POINT('',(-0.00666603467103336,0.0121,3.70455656742075E-18));
#3600=CARTESIAN_POINT('',(-0.00666603467103336,0.0121,3.70455656742075E-18));
#3601=CARTESIAN_POINT('',(-0.00688633585277895,0.0121,4.08671819918025E-18));
#3602=CARTESIAN_POINT('',(-0.00722113976731947,0.0121000875598128,-5.00848971718981E-6));
#3603=CARTESIAN_POINT('',(-0.0076385148741202,0.0120995058411765,0.000167347709206242));
#3604=CARTESIAN_POINT('',(-0.00776095202129203,0.0120947554248995,0.000373427050550152));
#3605=CARTESIAN_POINT('',(-0.00776095202129203,0.0120902602852529,0.000485392866486423));
#3606=CARTESIAN_POINT('',(-0.00776095202129185,0.0120902602852529,0.000485392866486443));
#3607=CARTESIAN_POINT('',(-0.00776095202129185,0.,0.));
#3608=CARTESIAN_POINT('',(-0.00776095202129185,-0.0120902602852529,0.000485392866486439));
#3609=CARTESIAN_POINT('',(-0.00776095202129177,-0.0120902602852528,0.000485392866486436));
#3610=CARTESIAN_POINT('',(-0.00776095202129177,-0.0120947662652549,0.00037315703685982));
#3611=CARTESIAN_POINT('',(-0.00763852933488233,-0.0120995116672856,0.000166981029045215));
#3612=CARTESIAN_POINT('',(-0.00721736548193305,-0.0121000885275033,-5.81296394187391E-6));
#3613=CARTESIAN_POINT('',(-0.00688570813944312,-0.0121,-8.80420425932191E-17));
#3614=CARTESIAN_POINT('',(-0.00666603467103336,-0.0121,-2.30067998579649E-18));
#3615=CARTESIAN_POINT('',(-0.0065,0.,0.));
#3616=CARTESIAN_POINT('',(-0.00523904797870815,-0.00118903662061662,0.0120414364556241));
#3617=CARTESIAN_POINT('',(-0.00540914796964995,-0.00108331064691312,0.0118910323137688));
#3618=CARTESIAN_POINT('',(-0.00576306020175666,-0.000746556459857438,0.0117193890676293));
#3619=CARTESIAN_POINT('',(-0.00596882442930338,1.13867583933725E-6,0.0116910308836194));
#3620=CARTESIAN_POINT('',(-0.00576163971899914,0.000748301130289714,0.0117199367755575));
#3621=CARTESIAN_POINT('',(-0.00540921935408223,0.00108326627778313,0.0118909691949278));
#3622=CARTESIAN_POINT('',(-0.00523904797870815,0.00118903662061662,0.0120414364556241));
#3623=CARTESIAN_POINT('',(-0.00523904797870815,-0.00118903662061662,0.0120414364556241));
#3624=CARTESIAN_POINT('',(-0.00523904797870815,0.00118903662061662,0.0120414364556241));
#3625=CARTESIAN_POINT('',(-0.00523904797870815,0.,0.));
#3626=CARTESIAN_POINT('',(-0.00523904797870815,-0.0120902602852529,0.00048539286648644));
#3627=CARTESIAN_POINT('',(-0.00523904797870825,-0.0120902602852528,0.000485392866486436));
#3628=CARTESIAN_POINT('',(-0.00557876392594627,-0.0117704778625547,0.00048163529560053));
#3629=CARTESIAN_POINT('',(-0.00649679517080673,-0.0114097078306221,0.00047704240951877));
#3630=CARTESIAN_POINT('',(-0.00742123575548858,-0.011770477562682,0.000481635292076907));
#3631=CARTESIAN_POINT('',(-0.00776095202129177,-0.0120902602852528,0.000485392866486436));
#3632=CARTESIAN_POINT('',(-0.00776095202129185,0.0120902602852529,0.000485392866486443));
#3633=CARTESIAN_POINT('',(-0.00742123607405382,0.0117704778625547,0.000481635295600537));
#3634=CARTESIAN_POINT('',(-0.00650320482919354,0.011409707830622,0.000477042409518775));
#3635=CARTESIAN_POINT('',(-0.00557876424451135,0.011770477562682,0.000481635292076913));
#3636=CARTESIAN_POINT('',(-0.00523904797870815,0.0120902602852529,0.000485392866486443));
#3637=CARTESIAN_POINT('',(-0.00523904797870815,0.0120902602852529,0.000485392866486443));
#3638=CARTESIAN_POINT('',(-0.00523904797870815,0.,0.));
#3639=CARTESIAN_POINT('',(-0.0055,0.,0.));
#3640=CARTESIAN_POINT('',(-0.00523904797870815,-0.00118903662061662,0.0120414364556241));
#3641=CARTESIAN_POINT('',(-0.00481943017742376,-0.00144985086509999,0.0120156822452346));
#3642=CARTESIAN_POINT('',(-0.00368055338332134,-0.00147692702671886,0.0120180583257093));
#3643=CARTESIAN_POINT('',(-0.00280978519869214,9.50929056715149E-7,0.0121409633283784));
#3644=CARTESIAN_POINT('',(-0.00368030634451109,0.00147608636576318,0.012018088300311));
#3645=CARTESIAN_POINT('',(-0.00481911301244888,0.00145004799959488,0.0120156627791075));
#3646=CARTESIAN_POINT('',(-0.00523904797870815,0.00118903662061662,0.0120414364556241));
#3647=CARTESIAN_POINT('',(-0.00523904797870815,0.0120902602852529,0.000485392866486443));
#3648=CARTESIAN_POINT('',(-0.00523904797870815,0.012094766265255,0.000373157036859794));
#3649=CARTESIAN_POINT('',(-0.00536147066511769,0.0120995116672855,0.000166981029045236));
#3650=CARTESIAN_POINT('',(-0.00578263451806693,0.0121000885275033,-5.81296394189114E-6));
#3651=CARTESIAN_POINT('',(-0.00611429186055689,0.0121,-8.21025880100702E-17));
#3652=CARTESIAN_POINT('',(-0.00633396532896665,0.0121,3.63877459735477E-18));
#3653=CARTESIAN_POINT('',(-0.00633396532896665,0.0121,3.70455656742075E-18));
#3654=CARTESIAN_POINT('',(-0.00521952398935408,0.0121,3.70455656742075E-18));
#3655=CARTESIAN_POINT('',(-0.00633396532896665,-0.0121,-2.22273394045244E-18));
#3656=CARTESIAN_POINT('',(-0.00611366414722106,-0.0121,-1.84057230869294E-18));
#3657=CARTESIAN_POINT('',(-0.00577886023268054,-0.0121000875598128,-5.00848971718867E-6));
#3658=CARTESIAN_POINT('',(-0.0053614851258798,-0.0120995058411765,0.000167347709206242));
#3659=CARTESIAN_POINT('',(-0.00523904797870799,-0.0120947554248995,0.000373427050550141));
#3660=CARTESIAN_POINT('',(-0.00523904797870798,-0.0120902602852529,0.000485392866486409));
#3661=CARTESIAN_POINT('',(-0.0045,0.0146,4.46996081688783E-18));
#3662=CARTESIAN_POINT('',(5.60719155939131E-17,0.022744504433348,6.9634578593776E-18));
#3663=CARTESIAN_POINT('',(0.00689582416890687,0.0192195990516857,6.34342974198746E-18));
#3664=CARTESIAN_POINT('',(-0.00633396532896665,0.0121,3.70455656742075E-18));
#3665=CARTESIAN_POINT('',(-0.00644422624138482,0.012086220111055,3.70033769319846E-18));
#3666=CARTESIAN_POINT('',(-0.00655577375861519,0.012086220111055,3.70033769319846E-18));
#3667=CARTESIAN_POINT('',(-0.00666603467103336,0.0121,3.70455656742074E-18));
#3668=CARTESIAN_POINT('',(-0.0055,0.0211,6.46001186550229E-18));
#3669=CARTESIAN_POINT('',(0.00451542322059252,0.0222195990516856,6.80252159939929E-18));
#3670=CARTESIAN_POINT('',(0.00689582416890687,0.0222195990516856,6.07364974828696E-18));
#3671=CARTESIAN_POINT('',(0.00689582416890687,0.0207195990516857,6.34342974198746E-18));
#3672=CARTESIAN_POINT('',(-0.0045,0.0211,6.46001186550229E-18));
#3673=CARTESIAN_POINT('',(-0.0045,0.0227,6.94987058516123E-18));
#3674=CARTESIAN_POINT('',(0.00289582416890687,0.0207195990516857,6.34342974198746E-18));
#3675=CARTESIAN_POINT('',(0.00289582416890687,0.0194195990516857,5.94541953226457E-18));
#3676=CARTESIAN_POINT('',(-0.025,-0.00416863286941894,0.0155));
#3677=CARTESIAN_POINT('',(-0.0045,8.57252759403147E-20,0.0155));
#3678=CARTESIAN_POINT('',(-0.0031,8.57252759403147E-20,0.0155));
#3679=CARTESIAN_POINT('',(-0.009,0.00808146026408594,0.0155));
#3680=CARTESIAN_POINT('',(0.,-0.00808146026408594,0.0155));
#3681=CARTESIAN_POINT('',(-0.0055,0.0211,0.025));
#3682=CARTESIAN_POINT('',(-0.0045,0.0211,0.025));
#3683=CARTESIAN_POINT('',(-0.0055,-0.0211,0.025));
#3684=CARTESIAN_POINT('',(-0.0045,-0.0211,0.025));
#3685=CARTESIAN_POINT('',(-0.0035,-0.0211,0.025));
#3686=CARTESIAN_POINT('',(-0.00777380635030988,-0.0121024777119827,0.000485536323756405));
#3687=CARTESIAN_POINT('',(-0.00776407485525837,-0.0121126134466456,-1.62630325872826E-19));
#3688=CARTESIAN_POINT('',(-0.00742766332033437,-0.0124629992853578,4.33680868994202E-19));
#3689=CARTESIAN_POINT('',(-0.00743705605352866,-0.0117793100256699,0.000481744387418352));
#3690=CARTESIAN_POINT('',(-0.00742865378307518,-0.0117956621990917,2.0183055679159E-16));
#3691=CARTESIAN_POINT('',(-0.00718242125025769,-0.0122275381227891,4.76934382853691E-19));
#3692=CARTESIAN_POINT('',(-0.0064987623750167,-0.0114013837173618,0.000476939392224046));
#3693=CARTESIAN_POINT('',(-0.0064987829521844,-0.011425519589864,-1.63985110026091E-16));
#3694=CARTESIAN_POINT('',(-0.00649909869446192,-0.0119521631998914,3.90393723869436E-19));
#3695=CARTESIAN_POINT('',(-0.00556427997918566,-0.0117782909220461,0.000481732201134038));
#3696=CARTESIAN_POINT('',(-0.00557267293629139,-0.0117946647782932,1.29173719495888E-16));
#3697=CARTESIAN_POINT('',(-0.00581855171347169,-0.0122267955727551,4.77001645384244E-19));
#3698=CARTESIAN_POINT('',(-0.00522673217096958,-0.0121019611213191,0.000485530262080813));
#3699=CARTESIAN_POINT('',(-0.00523646351393275,-0.0121121049275822,3.79470760369927E-19));
#3700=CARTESIAN_POINT('',(-0.00557272886364089,-0.0124626228954858,4.33680868994202E-19));
#3701=CARTESIAN_POINT('',(-0.00522619364968995,0.0121024777119828,0.000485536323756406));
#3702=CARTESIAN_POINT('',(-0.00523592514474145,0.0121126134466458,-7.04731412115578E-19));
#3703=CARTESIAN_POINT('',(-0.0055723366796655,0.0124629992853579,-6.50521303491303E-19));
#3704=CARTESIAN_POINT('',(-0.00556294394647192,0.0117793100256693,0.000481744387418342));
#3705=CARTESIAN_POINT('',(-0.00557134621692452,0.0117956621990909,2.38014092055377E-16));
#3706=CARTESIAN_POINT('',(-0.00581757874974252,0.0122275381227892,-7.22610493257132E-19));
#3707=CARTESIAN_POINT('',(-0.00650123762498184,0.0114013837173611,0.000476939392224043));
#3708=CARTESIAN_POINT('',(-0.00650121704781455,0.0114255195898633,-2.20490858694808E-16));
#3709=CARTESIAN_POINT('',(-0.0065009013055372,0.0119521631998904,-7.95216496114052E-19));
#3710=CARTESIAN_POINT('',(-0.00743572002081673,0.0117782909220483,0.00048173220113405));
#3711=CARTESIAN_POINT('',(-0.00742732706371114,0.0117946647782954,2.01741066993864E-16));
#3712=CARTESIAN_POINT('',(-0.00718144828652989,0.012226795572757,-7.22722597474177E-19));
#3713=CARTESIAN_POINT('',(-0.00777326782903062,0.0121019611213193,0.000485530262080814));
#3714=CARTESIAN_POINT('',(-0.00776353648606746,0.0121121049275824,-6.50521303491303E-19));
#3715=CARTESIAN_POINT('',(-0.00742727113635925,0.012462622895486,-6.50521303491303E-19));
#3716=CARTESIAN_POINT('',(-0.0055,0.00808146026408594,0.0145));
#3717=CARTESIAN_POINT('',(-0.0055,-0.00808146026408594,0.0145));
#3718=CARTESIAN_POINT('',(-0.0055,0.0178583313890184,0.0052));
#3719=CARTESIAN_POINT('',(-0.0055,-0.0178583313890184,0.0052));
#3720=CARTESIAN_POINT('',(-0.0045,8.57252759403147E-20,-0.0095));
#3721=CARTESIAN_POINT('',(0.00289582416890687,0.0207195990516857,-1.99999999999767E-6));
#3722=CARTESIAN_POINT('',(0.00451542322059252,0.0222195990516856,-1.99999999999767E-6));
#3723=CARTESIAN_POINT('',(0.00689582416890687,0.0222195990516856,-1.99999999999767E-6));
#3724=CARTESIAN_POINT('',(0.00689582416890687,0.0207195990516857,-1.99999999999767E-6));
#3725=CARTESIAN_POINT('',(0.00689582416890687,0.0192195990516857,-1.99999999999767E-6));
#3726=CARTESIAN_POINT('',(5.60719155939131E-17,0.022744504433348,-1.99999999999767E-6));
#3727=CARTESIAN_POINT('',(0.,0.,0.));
#3728=CARTESIAN_POINT('',(-0.009,0.01485,-4.54650124183455E-18));
#3729=CARTESIAN_POINT('',(-0.009,0.01485,-0.0155));
#3730=CARTESIAN_POINT('',(-0.009,0.00808146026408594,-0.0155));
#3731=CARTESIAN_POINT('',(-0.009,-0.00808146026408594,-0.0155));
#3732=CARTESIAN_POINT('',(-0.009,-0.00808146026408594,-0.0145));
#3733=CARTESIAN_POINT('',(-0.009,-0.00856829521975376,-0.0153734939759036));
#3734=CARTESIAN_POINT('',(-0.009,0.,0.));
#3735=CARTESIAN_POINT('',(-0.009,-0.0168982060455228,-0.00492043010752688));
#3736=CARTESIAN_POINT('',(-0.009,-0.0178583313890184,-0.0052));
#3737=CARTESIAN_POINT('',(-0.009,-0.0178583313890184,-0.0042));
#3738=CARTESIAN_POINT('',(-0.009,-0.0208457591821909,-0.0042));
#3739=CARTESIAN_POINT('',(-0.009,-0.0211,-0.0042));
#3740=CARTESIAN_POINT('',(-0.009,-0.0211,-0.025));
#3741=CARTESIAN_POINT('',(-0.009,-0.0211,-6.46001186550229E-18));
#3742=CARTESIAN_POINT('',(-0.009,-0.01485,2.72790074510073E-18));
#3743=CARTESIAN_POINT('',(-0.009,-0.0121,2.22273394045244E-18));
#3744=CARTESIAN_POINT('',(-0.009,0.,0.));
#3745=CARTESIAN_POINT('',(-0.009,0.0121,-3.70455656742075E-18));
#3746=CARTESIAN_POINT('',(-0.009,0.01485,-4.54650124183455E-18));
#3747=CARTESIAN_POINT('',(-0.009,0.0211,-6.46001186550229E-18));
#3748=CARTESIAN_POINT('',(-0.009,0.0211,-0.025));
#3749=CARTESIAN_POINT('',(-0.009,0.0211,-0.0042));
#3750=CARTESIAN_POINT('',(-0.009,0.0208457591821909,-0.0042));
#3751=CARTESIAN_POINT('',(-0.009,0.0178583313890184,-0.0042));
#3752=CARTESIAN_POINT('',(-0.009,0.0178583313890184,-0.0052));
#3753=CARTESIAN_POINT('',(-0.009,0.0168982060455228,-0.00492043010752688));
#3754=CARTESIAN_POINT('',(-0.009,0.,0.));
#3755=CARTESIAN_POINT('',(-0.009,0.00856829521975376,-0.0153734939759036));
#3756=CARTESIAN_POINT('',(-0.009,0.00808146026408594,-0.0145));
#3757=CARTESIAN_POINT('',(-0.0045,-0.0146,2.6819764901327E-18));
#3758=CARTESIAN_POINT('',(-0.0045,-0.0211,-6.46001186550229E-18));
#3759=CARTESIAN_POINT('',(-0.0045,-0.0227,-6.94987058516123E-18));
#3760=CARTESIAN_POINT('',(-0.00666603467103336,-0.0121,2.22273394045244E-18));
#3761=CARTESIAN_POINT('',(-0.00655577375861519,-0.012086220111055,2.22020261591908E-18));
#3762=CARTESIAN_POINT('',(-0.00644422624138482,-0.012086220111055,2.22020261591908E-18));
#3763=CARTESIAN_POINT('',(-0.00633396532896665,-0.0121,2.22273394045244E-18));
#3764=CARTESIAN_POINT('',(-0.00666603467103336,-0.0121,2.22273394045244E-18));
#3765=CARTESIAN_POINT('',(-0.00633396532896665,-0.0121,2.22273394045244E-18));
#3766=CARTESIAN_POINT('',(-0.0084,-0.0121,2.22273394045244E-18));
#3767=CARTESIAN_POINT('',(-0.0055,-0.0211,-6.46001186550229E-18));
#3768=CARTESIAN_POINT('',(-0.0055,-0.0246,-7.53157781475622E-18));
#3769=CARTESIAN_POINT('',(-0.009002,-0.0246,-5.20417042793042E-18));
#3770=CARTESIAN_POINT('',(-0.0035,-0.0246,-7.53157781475622E-18));
#3771=CARTESIAN_POINT('',(-0.0035,-0.0211,-6.46001186550229E-18));
#3772=CARTESIAN_POINT('',(0.,-0.0211,-6.46001186550229E-18));
#3773=CARTESIAN_POINT('',(0.,-0.01485,2.72790074510073E-18));
#3774=CARTESIAN_POINT('',(0.,-0.0121,2.22273394045244E-18));
#3775=CARTESIAN_POINT('',(-0.00521952398935408,-0.0121,2.22273394045244E-18));
#3776=CARTESIAN_POINT('',(-0.009002,-0.0208457591821909,-0.0042));
#3777=CARTESIAN_POINT('',(-0.0045,-0.0211,-0.0042));
#3778=CARTESIAN_POINT('',(-0.0061,-0.0211,-0.0042));
#3779=CARTESIAN_POINT('',(0.,-0.0208457591821909,-0.0042));
#3780=CARTESIAN_POINT('',(0.,-0.0211,-0.0042));
#3781=CARTESIAN_POINT('',(0.,-0.0178583313890184,-0.0042));
#3782=CARTESIAN_POINT('',(-0.0035,-0.0211,-0.0042));
#3783=CARTESIAN_POINT('',(-0.0035,-0.0246,-0.0042));
#3784=CARTESIAN_POINT('',(-0.009002,-0.0246,-0.0042));
#3785=CARTESIAN_POINT('',(-0.0055,-0.0246,-0.0042));
#3786=CARTESIAN_POINT('',(-0.0055,-0.0211,-0.0042));
#3787=CARTESIAN_POINT('',(-0.009,-0.0178583313890184,-0.0042));
#3788=CARTESIAN_POINT('',(-0.009002,-0.0246,-0.0021));
#3789=CARTESIAN_POINT('',(-0.0035,-0.0246,-0.025));
#3790=CARTESIAN_POINT('',(-0.0055,-0.0246,-0.025));
#3791=CARTESIAN_POINT('',(0.,0.01485,-4.54650124183455E-18));
#3792=CARTESIAN_POINT('',(0.,0.01485,-4.54650124183455E-18));
#3793=CARTESIAN_POINT('',(1.00906834898054E-17,0.015,-4.59218912353919E-18));
#3794=CARTESIAN_POINT('',(0.,0.0121,-3.70455656742075E-18));
#3795=CARTESIAN_POINT('',(0.,0.,0.));
#3796=CARTESIAN_POINT('',(0.,-0.0211,-0.025));
#3797=CARTESIAN_POINT('',(0.,-0.0178583313890184,-0.0052));
#3798=CARTESIAN_POINT('',(0.,-0.0168982060455228,-0.00492043010752688));
#3799=CARTESIAN_POINT('',(0.,0.,0.));
#3800=CARTESIAN_POINT('',(0.,-0.00856829521975376,-0.0153734939759036));
#3801=CARTESIAN_POINT('',(0.,-0.00808146026408594,-0.0145));
#3802=CARTESIAN_POINT('',(0.,-0.00808146026408594,-0.0155));
#3803=CARTESIAN_POINT('',(0.,-0.00416863286941894,-0.0155));
#3804=CARTESIAN_POINT('',(0.,0.00808146026408594,-0.0155));
#3805=CARTESIAN_POINT('',(0.,0.00808146026408594,-0.0145));
#3806=CARTESIAN_POINT('',(0.,0.00856829521975376,-0.0153734939759036));
#3807=CARTESIAN_POINT('',(0.,0.,0.));
#3808=CARTESIAN_POINT('',(0.,0.0168982060455228,-0.00492043010752688));
#3809=CARTESIAN_POINT('',(0.,0.0178583313890184,-0.0052));
#3810=CARTESIAN_POINT('',(0.,0.0178583313890184,-0.0042));
#3811=CARTESIAN_POINT('',(0.,0.0208457591821909,-0.0042));
#3812=CARTESIAN_POINT('',(1.00906834898054E-17,0.015,-0.0042));
#3813=CARTESIAN_POINT('',(1.00906834898054E-17,0.015,1.99999999999767E-6));
#3814=CARTESIAN_POINT('',(-0.009002,0.0246,-0.0021));
#3815=CARTESIAN_POINT('',(-0.009002,0.0246,-0.0042));
#3816=CARTESIAN_POINT('',(-0.0055,0.0246,-0.0042));
#3817=CARTESIAN_POINT('',(0.00451542322059252,0.0246,-0.0042));
#3818=CARTESIAN_POINT('',(-0.0055,0.0246,-0.025));
#3819=CARTESIAN_POINT('',(-0.0055,0.0246,-7.53157781475622E-18));
#3820=CARTESIAN_POINT('',(-0.009002,0.0246,-5.20417042793042E-18));
#3821=CARTESIAN_POINT('',(0.00451542322059252,0.0246,-7.53139345051161E-18));
#3822=CARTESIAN_POINT('',(0.00451542322059252,0.0246,1.99999999999767E-6));
#3823=CARTESIAN_POINT('',(-0.009002,0.0208457591821909,-0.0042));
#3824=CARTESIAN_POINT('',(0.00451542322059252,0.0222195990516856,-0.0042));
#3825=CARTESIAN_POINT('',(0.00689582416890687,0.0222195990516856,-0.0042));
#3826=CARTESIAN_POINT('',(0.00689582416890687,0.0207195990516857,-0.0042));
#3827=CARTESIAN_POINT('',(0.00689582416890687,0.0192195990516857,-0.0042));
#3828=CARTESIAN_POINT('',(5.60719155939131E-17,0.022744504433348,-0.0042));
#3829=CARTESIAN_POINT('',(-0.009002,0.0178583313890184,-0.0042));
#3830=CARTESIAN_POINT('',(-0.0055,0.0211,-0.0042));
#3831=CARTESIAN_POINT('',(-0.0045,0.0211,-0.0042));
#3832=CARTESIAN_POINT('',(-0.0029,0.0211,-0.0042));
#3833=CARTESIAN_POINT('',(0.00289582416890687,0.0207195990516857,-0.0042));
#3834=CARTESIAN_POINT('',(0.00419582416890687,0.0207195990516857,-0.0042));
#3835=CARTESIAN_POINT('',(-0.0055,0.,0.));
#3836=CARTESIAN_POINT('',(-0.0055,0.0168982060455228,-0.00492043010752688));
#3837=CARTESIAN_POINT('',(-0.0055,0.00856829521975376,-0.0153734939759036));
#3838=CARTESIAN_POINT('',(-0.0055,0.,0.));
#3839=CARTESIAN_POINT('',(-0.0055,-0.0168982060455228,-0.00492043010752688));
#3840=CARTESIAN_POINT('',(-0.0055,-0.00856829521975376,-0.0153734939759036));
#3841=CARTESIAN_POINT('',(-0.0055,0.,0.));
#3842=CARTESIAN_POINT('',(-0.0084,0.0121,-3.70455656742075E-18));
#3843=CARTESIAN_POINT('',(-0.00666603467103336,0.0121,-3.70455656742075E-18));
#3844=CARTESIAN_POINT('',(-0.00776095202129177,-0.0120902602852528,-0.000485392866486436));
#3845=CARTESIAN_POINT('',(-0.00776095202129177,-0.0120947662652549,-0.00037315703685982));
#3846=CARTESIAN_POINT('',(-0.00763852933488233,-0.0120995116672856,-0.000166981029045215));
#3847=CARTESIAN_POINT('',(-0.00721736548193305,-0.0121000885275033,5.81296394187391E-6));
#3848=CARTESIAN_POINT('',(-0.00688570813944312,-0.0121,8.80420425932191E-17));
#3849=CARTESIAN_POINT('',(-0.00666603467103336,-0.0121,2.30067998579649E-18));
#3850=CARTESIAN_POINT('',(-0.00776095202129185,-0.0120902602852529,-0.000485392866486439));
#3851=CARTESIAN_POINT('',(-0.00776095202129185,0.,0.));
#3852=CARTESIAN_POINT('',(-0.00776095202129185,0.0120902602852529,-0.000485392866486443));
#3853=CARTESIAN_POINT('',(-0.00666603467103336,0.0121,-3.70455656742075E-18));
#3854=CARTESIAN_POINT('',(-0.00688633585277895,0.0121,-4.08671819918025E-18));
#3855=CARTESIAN_POINT('',(-0.00722113976731947,0.0121000875598128,5.00848971718981E-6));
#3856=CARTESIAN_POINT('',(-0.0076385148741202,0.0120995058411765,-0.000167347709206242));
#3857=CARTESIAN_POINT('',(-0.00776095202129203,0.0120947554248995,-0.000373427050550152));
#3858=CARTESIAN_POINT('',(-0.00776095202129203,0.0120902602852529,-0.000485392866486423));
#3859=CARTESIAN_POINT('',(-0.0065,0.,0.));
#3860=CARTESIAN_POINT('',(-0.00523904797870815,-0.00118903662061662,-0.0120414364556241));
#3861=CARTESIAN_POINT('',(-0.00540914796964995,-0.00108331064691312,-0.0118910323137688));
#3862=CARTESIAN_POINT('',(-0.00576306020175666,-0.000746556459857438,-0.0117193890676293));
#3863=CARTESIAN_POINT('',(-0.00596882442930338,1.13867583933725E-6,-0.0116910308836194));
#3864=CARTESIAN_POINT('',(-0.00576163971899914,0.000748301130289714,-0.0117199367755575));
#3865=CARTESIAN_POINT('',(-0.00540921935408223,0.00108326627778313,-0.0118909691949278));
#3866=CARTESIAN_POINT('',(-0.00523904797870815,0.00118903662061662,-0.0120414364556241));
#3867=CARTESIAN_POINT('',(-0.00523904797870815,-0.00118903662061662,-0.0120414364556241));
#3868=CARTESIAN_POINT('',(-0.00523904797870815,0.00118903662061662,-0.0120414364556241));
#3869=CARTESIAN_POINT('',(-0.00523904797870815,0.,0.));
#3870=CARTESIAN_POINT('',(-0.00523904797870815,0.0120902602852529,-0.000485392866486443));
#3871=CARTESIAN_POINT('',(-0.00776095202129185,0.0120902602852529,-0.000485392866486443));
#3872=CARTESIAN_POINT('',(-0.00742123607405382,0.0117704778625547,-0.000481635295600537));
#3873=CARTESIAN_POINT('',(-0.00650320482919354,0.011409707830622,-0.000477042409518775));
#3874=CARTESIAN_POINT('',(-0.00557876424451135,0.011770477562682,-0.000481635292076913));
#3875=CARTESIAN_POINT('',(-0.00523904797870815,0.0120902602852529,-0.000485392866486443));
#3876=CARTESIAN_POINT('',(-0.00523904797870825,-0.0120902602852528,-0.000485392866486436));
#3877=CARTESIAN_POINT('',(-0.00557876392594627,-0.0117704778625547,-0.00048163529560053));
#3878=CARTESIAN_POINT('',(-0.00649679517080673,-0.0114097078306221,-0.00047704240951877));
#3879=CARTESIAN_POINT('',(-0.00742123575548858,-0.011770477562682,-0.000481635292076907));
#3880=CARTESIAN_POINT('',(-0.00776095202129177,-0.0120902602852528,-0.000485392866486436));
#3881=CARTESIAN_POINT('',(-0.00523904797870815,-0.0120902602852529,-0.00048539286648644));
#3882=CARTESIAN_POINT('',(-0.00523904797870815,0.,0.));
#3883=CARTESIAN_POINT('',(-0.0055,0.,0.));
#3884=CARTESIAN_POINT('',(-0.00633396532896665,-0.0121,2.22273394045244E-18));
#3885=CARTESIAN_POINT('',(-0.00611366414722106,-0.0121,1.84057230869294E-18));
#3886=CARTESIAN_POINT('',(-0.00577886023268054,-0.0121000875598128,5.00848971718867E-6));
#3887=CARTESIAN_POINT('',(-0.0053614851258798,-0.0120995058411765,-0.000167347709206242));
#3888=CARTESIAN_POINT('',(-0.00523904797870799,-0.0120947554248995,-0.000373427050550141));
#3889=CARTESIAN_POINT('',(-0.00523904797870798,-0.0120902602852529,-0.000485392866486409));
#3890=CARTESIAN_POINT('',(-0.00521952398935408,0.0121,-3.70455656742075E-18));
#3891=CARTESIAN_POINT('',(-0.00633396532896665,0.0121,-3.70455656742075E-18));
#3892=CARTESIAN_POINT('',(-0.00523904797870815,0.0120902602852529,-0.000485392866486443));
#3893=CARTESIAN_POINT('',(-0.00523904797870815,0.012094766265255,-0.000373157036859794));
#3894=CARTESIAN_POINT('',(-0.00536147066511769,0.0120995116672855,-0.000166981029045236));
#3895=CARTESIAN_POINT('',(-0.00578263451806693,0.0121000885275033,5.81296394189114E-6));
#3896=CARTESIAN_POINT('',(-0.00611429186055689,0.0121,8.21025880100702E-17));
#3897=CARTESIAN_POINT('',(-0.00633396532896665,0.0121,-3.63877459735477E-18));
#3898=CARTESIAN_POINT('',(-0.00523904797870815,-0.00118903662061662,-0.0120414364556241));
#3899=CARTESIAN_POINT('',(-0.00481943017742376,-0.00144985086509999,-0.0120156822452346));
#3900=CARTESIAN_POINT('',(-0.00368055338332134,-0.00147692702671886,-0.0120180583257093));
#3901=CARTESIAN_POINT('',(-0.00280978519869214,9.50929056715149E-7,-0.0121409633283784));
#3902=CARTESIAN_POINT('',(-0.00368030634451109,0.00147608636576318,-0.012018088300311));
#3903=CARTESIAN_POINT('',(-0.00481911301244888,0.00145004799959488,-0.0120156627791075));
#3904=CARTESIAN_POINT('',(-0.00523904797870815,0.00118903662061662,-0.0120414364556241));
#3905=CARTESIAN_POINT('',(-0.0045,0.0146,-4.46996081688783E-18));
#3906=CARTESIAN_POINT('',(5.60719155939131E-17,0.022744504433348,-6.9634578593776E-18));
#3907=CARTESIAN_POINT('',(0.00689582416890687,0.0192195990516857,-6.34342974198746E-18));
#3908=CARTESIAN_POINT('',(0.00689582416890687,0.0207195990516857,-6.34342974198746E-18));
#3909=CARTESIAN_POINT('',(0.00689582416890687,0.0222195990516856,-6.07364974828696E-18));
#3910=CARTESIAN_POINT('',(0.00451542322059252,0.0222195990516856,-6.80252159939929E-18));
#3911=CARTESIAN_POINT('',(-0.0055,0.0211,-6.46001186550229E-18));
#3912=CARTESIAN_POINT('',(-0.00633396532896665,0.0121,-3.70455656742075E-18));
#3913=CARTESIAN_POINT('',(-0.00644422624138482,0.012086220111055,-3.70033769319846E-18));
#3914=CARTESIAN_POINT('',(-0.00655577375861519,0.012086220111055,-3.70033769319846E-18));
#3915=CARTESIAN_POINT('',(-0.00666603467103336,0.0121,-3.70455656742074E-18));
#3916=CARTESIAN_POINT('',(-0.0045,0.0211,-6.46001186550229E-18));
#3917=CARTESIAN_POINT('',(-0.0045,0.0227,-6.94987058516123E-18));
#3918=CARTESIAN_POINT('',(0.00289582416890687,0.0207195990516857,-6.34342974198746E-18));
#3919=CARTESIAN_POINT('',(0.00289582416890687,0.0194195990516857,-5.94541953226457E-18));
#3920=CARTESIAN_POINT('',(-0.025,-0.00416863286941894,-0.0155));
#3921=CARTESIAN_POINT('',(-0.0045,8.57252759403147E-20,-0.0155));
#3922=CARTESIAN_POINT('',(-0.0031,8.57252759403147E-20,-0.0155));
#3923=CARTESIAN_POINT('',(0.,-0.00808146026408594,-0.0155));
#3924=CARTESIAN_POINT('',(-0.009,0.00808146026408594,-0.0155));
#3925=CARTESIAN_POINT('',(-0.0055,0.0211,-0.025));
#3926=CARTESIAN_POINT('',(-0.0045,0.0211,-0.025));
#3927=CARTESIAN_POINT('',(-0.0055,-0.0211,-0.025));
#3928=CARTESIAN_POINT('',(-0.0045,-0.0211,-0.025));
#3929=CARTESIAN_POINT('',(-0.0035,-0.0211,-0.025));
#3930=CARTESIAN_POINT('',(-0.00742766332033437,-0.0124629992853578,-4.33680868994202E-19));
#3931=CARTESIAN_POINT('',(-0.00776407485525837,-0.0121126134466456,1.50771864611265E-19));
#3932=CARTESIAN_POINT('',(-0.00777380635030988,-0.0121024777119827,-0.000485536323756405));
#3933=CARTESIAN_POINT('',(-0.00718242125025769,-0.0122275381227891,-4.76934382853691E-19));
#3934=CARTESIAN_POINT('',(-0.00742865378307518,-0.0117956621990917,-1.90365678747936E-16));
#3935=CARTESIAN_POINT('',(-0.00743705605352866,-0.0117793100256699,-0.000481744387418352));
#3936=CARTESIAN_POINT('',(-0.00649909869446192,-0.0119521631998914,-3.90393723869436E-19));
#3937=CARTESIAN_POINT('',(-0.0064987829521844,-0.011425519589864,1.49528073282509E-16));
#3938=CARTESIAN_POINT('',(-0.0064987623750167,-0.0114013837173618,-0.000476939392224046));
#3939=CARTESIAN_POINT('',(-0.00581855171347169,-0.0122267955727551,-4.77001645384244E-19));
#3940=CARTESIAN_POINT('',(-0.00557267293629139,-0.0117946647782932,-1.11659157939987E-16));
#3941=CARTESIAN_POINT('',(-0.00556427997918566,-0.0117782909220461,-0.000481732201134038));
#3942=CARTESIAN_POINT('',(-0.00557272886364089,-0.0124626228954858,-4.33680868994202E-19));
#3943=CARTESIAN_POINT('',(-0.00523646351393275,-0.0121121049275822,-4.01493616998538E-19));
#3944=CARTESIAN_POINT('',(-0.00522673217096958,-0.0121019611213191,-0.000485530262080813));
#3945=CARTESIAN_POINT('',(-0.0055723366796655,0.0124629992853579,6.50521303491303E-19));
#3946=CARTESIAN_POINT('',(-0.00523592514474145,0.0121126134466458,6.82708555486966E-19));
#3947=CARTESIAN_POINT('',(-0.00522619364968995,0.0121024777119828,-0.000485536323756406));
#3948=CARTESIAN_POINT('',(-0.00581757874974252,0.0122275381227892,7.22610493257132E-19));
#3949=CARTESIAN_POINT('',(-0.00557134621692452,0.0117956621990909,-2.2541170227115E-16));
#3950=CARTESIAN_POINT('',(-0.00556294394647192,0.0117793100256693,-0.000481744387418342));
#3951=CARTESIAN_POINT('',(-0.0065009013055372,0.0119521631998904,7.95216496114052E-19));
#3952=CARTESIAN_POINT('',(-0.00650121704781455,0.0114255195898633,2.05317031182687E-16));
#3953=CARTESIAN_POINT('',(-0.00650123762498184,0.0114013837173611,-0.000476939392224043));
#3954=CARTESIAN_POINT('',(-0.00718144828652989,0.012226795572757,7.22722597474177E-19));
#3955=CARTESIAN_POINT('',(-0.00742732706371114,0.0117946647782954,-1.83923820588698E-16));
#3956=CARTESIAN_POINT('',(-0.00743572002081673,0.0117782909220483,-0.00048173220113405));
#3957=CARTESIAN_POINT('',(-0.00742727113635925,0.012462622895486,6.50521303491303E-19));
#3958=CARTESIAN_POINT('',(-0.00776353648606746,0.0121121049275824,6.43745039913268E-19));
#3959=CARTESIAN_POINT('',(-0.00777326782903062,0.0121019611213193,-0.000485530262080814));
#3960=CARTESIAN_POINT('',(-0.0055,0.00808146026408594,-0.0145));
#3961=CARTESIAN_POINT('',(-0.0055,-0.00808146026408594,-0.0145));
#3962=CARTESIAN_POINT('',(-0.0055,0.0178583313890184,-0.0052));
#3963=CARTESIAN_POINT('',(-0.0055,-0.0178583313890184,-0.0052));
#3964=CARTESIAN_POINT('',(-0.0045,8.57252759403147E-20,0.0095));
#3965=CARTESIAN_POINT('',(5.60719155939131E-17,0.022744504433348,1.99999999999767E-6));
#3966=CARTESIAN_POINT('',(0.00689582416890687,0.0192195990516857,1.99999999999767E-6));
#3967=CARTESIAN_POINT('',(0.00689582416890687,0.0207195990516857,1.99999999999767E-6));
#3968=CARTESIAN_POINT('',(0.00689582416890687,0.0222195990516856,1.99999999999767E-6));
#3969=CARTESIAN_POINT('',(0.00451542322059252,0.0222195990516856,1.99999999999767E-6));
#3970=CARTESIAN_POINT('',(0.00289582416890687,0.0207195990516857,1.99999999999767E-6));
#3971=CARTESIAN_POINT('',(0.,0.,0.));
#3972=CARTESIAN_POINT('',(-0.051,0.01485,-4.54650124183455E-18));
#3973=CARTESIAN_POINT('',(-0.051,0.01485,-0.0155));
#3974=CARTESIAN_POINT('',(-0.051,0.00808146026408594,-0.0155));
#3975=CARTESIAN_POINT('',(-0.051,-0.00808146026408594,-0.0155));
#3976=CARTESIAN_POINT('',(-0.051,0.00808146026408594,-0.0145));
#3977=CARTESIAN_POINT('',(-0.051,0.00856829521975376,-0.0153734939759036));
#3978=CARTESIAN_POINT('',(-0.051,0.,0.));
#3979=CARTESIAN_POINT('',(-0.051,0.0168982060455228,-0.00492043010752688));
#3980=CARTESIAN_POINT('',(-0.051,0.0178583313890184,-0.0052));
#3981=CARTESIAN_POINT('',(-0.051,0.0178583313890184,-0.0042));
#3982=CARTESIAN_POINT('',(-0.051,0.0208457591821909,-0.0042));
#3983=CARTESIAN_POINT('',(-0.051,0.0211,-0.0042));
#3984=CARTESIAN_POINT('',(-0.051,0.0211,-0.025));
#3985=CARTESIAN_POINT('',(-0.051,0.0211,-6.46001186550229E-18));
#3986=CARTESIAN_POINT('',(-0.051,0.01485,-4.54650124183455E-18));
#3987=CARTESIAN_POINT('',(-0.051,0.0121,-3.70455656742075E-18));
#3988=CARTESIAN_POINT('',(-0.051,0.,0.));
#3989=CARTESIAN_POINT('',(-0.051,-0.0121,2.22273394045244E-18));
#3990=CARTESIAN_POINT('',(-0.051,-0.01485,2.72790074510073E-18));
#3991=CARTESIAN_POINT('',(-0.051,-0.0211,-6.46001186550229E-18));
#3992=CARTESIAN_POINT('',(-0.051,-0.0211,-0.025));
#3993=CARTESIAN_POINT('',(-0.051,-0.0211,-0.0042));
#3994=CARTESIAN_POINT('',(-0.051,-0.0208457591821909,-0.0042));
#3995=CARTESIAN_POINT('',(-0.051,-0.0178583313890184,-0.0042));
#3996=CARTESIAN_POINT('',(-0.051,-0.0178583313890184,-0.0052));
#3997=CARTESIAN_POINT('',(-0.051,-0.0168982060455228,-0.00492043010752688));
#3998=CARTESIAN_POINT('',(-0.051,0.,0.));
#3999=CARTESIAN_POINT('',(-0.051,-0.00856829521975376,-0.0153734939759036));
#4000=CARTESIAN_POINT('',(-0.051,-0.00808146026408594,-0.0145));
#4001=CARTESIAN_POINT('',(-0.0555,-0.0146,2.6819764901327E-18));
#4002=CARTESIAN_POINT('',(-0.0555,-0.0211,-6.46001186550229E-18));
#4003=CARTESIAN_POINT('',(-0.0555,-0.0227,-6.94987058516123E-18));
#4004=CARTESIAN_POINT('',(-0.0533339653289666,-0.0121,2.22273394045244E-18));
#4005=CARTESIAN_POINT('',(-0.0534442262413848,-0.012086220111055,2.22020261591907E-18));
#4006=CARTESIAN_POINT('',(-0.0535557737586152,-0.012086220111055,2.22020261591907E-18));
#4007=CARTESIAN_POINT('',(-0.0536660346710334,-0.0121,2.22273394045244E-18));
#4008=CARTESIAN_POINT('',(-0.0533339653289666,-0.0121,2.22273394045244E-18));
#4009=CARTESIAN_POINT('',(-0.0536660346710334,-0.0121,2.22273394045244E-18));
#4010=CARTESIAN_POINT('',(-0.0547804760106459,-0.0121,2.22273394045244E-18));
#4011=CARTESIAN_POINT('',(-0.06,-0.0121,2.22273394045244E-18));
#4012=CARTESIAN_POINT('',(-0.06,-0.01485,2.72790074510073E-18));
#4013=CARTESIAN_POINT('',(-0.06,-0.0211,-6.46001186550229E-18));
#4014=CARTESIAN_POINT('',(-0.0565,-0.0211,-6.46001186550229E-18));
#4015=CARTESIAN_POINT('',(-0.0565,-0.0246,-7.53157781475622E-18));
#4016=CARTESIAN_POINT('',(-0.050998,-0.0246,-5.20417042793042E-18));
#4017=CARTESIAN_POINT('',(-0.0545,-0.0246,-7.53157781475622E-18));
#4018=CARTESIAN_POINT('',(-0.0545,-0.0211,-6.46001186550229E-18));
#4019=CARTESIAN_POINT('',(-0.0516,-0.0121,2.22273394045244E-18));
#4020=CARTESIAN_POINT('',(-0.050998,-0.0208457591821909,-0.0042));
#4021=CARTESIAN_POINT('',(-0.0555,-0.0211,-0.0042));
#4022=CARTESIAN_POINT('',(-0.0539,-0.0211,-0.0042));
#4023=CARTESIAN_POINT('',(-0.06,-0.0208457591821909,-0.0042));
#4024=CARTESIAN_POINT('',(-0.06,-0.0211,-0.0042));
#4025=CARTESIAN_POINT('',(-0.06,-0.0178583313890184,-0.0042));
#4026=CARTESIAN_POINT('',(-0.051,-0.0178583313890184,-0.0042));
#4027=CARTESIAN_POINT('',(-0.0545,-0.0211,-0.0042));
#4028=CARTESIAN_POINT('',(-0.0545,-0.0246,-0.0042));
#4029=CARTESIAN_POINT('',(-0.050998,-0.0246,-0.0042));
#4030=CARTESIAN_POINT('',(-0.0565,-0.0246,-0.0042));
#4031=CARTESIAN_POINT('',(-0.0565,-0.0211,-0.0042));
#4032=CARTESIAN_POINT('',(-0.050998,-0.0246,-0.0021));
#4033=CARTESIAN_POINT('',(-0.0565,-0.0246,-0.025));
#4034=CARTESIAN_POINT('',(-0.0545,-0.0246,-0.025));
#4035=CARTESIAN_POINT('',(-0.06,0.01485,-4.54650124183455E-18));
#4036=CARTESIAN_POINT('',(-0.06,0.01485,-4.54650124183455E-18));
#4037=CARTESIAN_POINT('',(-0.06,0.015,-4.59218912353919E-18));
#4038=CARTESIAN_POINT('',(-0.06,0.0121,-3.70455656742075E-18));
#4039=CARTESIAN_POINT('',(-0.06,0.015,1.99999999999767E-6));
#4040=CARTESIAN_POINT('',(-0.06,0.015,-0.0042));
#4041=CARTESIAN_POINT('',(-0.06,0.0208457591821909,-0.0042));
#4042=CARTESIAN_POINT('',(-0.06,0.0178583313890184,-0.0042));
#4043=CARTESIAN_POINT('',(-0.06,0.0178583313890184,-0.0052));
#4044=CARTESIAN_POINT('',(-0.06,0.0168982060455228,-0.00492043010752688));
#4045=CARTESIAN_POINT('',(-0.06,0.,0.));
#4046=CARTESIAN_POINT('',(-0.06,0.00856829521975376,-0.0153734939759036));
#4047=CARTESIAN_POINT('',(-0.06,0.00808146026408594,-0.0145));
#4048=CARTESIAN_POINT('',(-0.06,0.00808146026408594,-0.0155));
#4049=CARTESIAN_POINT('',(-0.06,-0.00416863286941894,-0.0155));
#4050=CARTESIAN_POINT('',(-0.06,-0.00808146026408594,-0.0155));
#4051=CARTESIAN_POINT('',(-0.06,-0.00808146026408594,-0.0145));
#4052=CARTESIAN_POINT('',(-0.06,-0.00856829521975376,-0.0153734939759036));
#4053=CARTESIAN_POINT('',(-0.06,0.,0.));
#4054=CARTESIAN_POINT('',(-0.06,-0.0168982060455228,-0.00492043010752688));
#4055=CARTESIAN_POINT('',(-0.06,-0.0178583313890184,-0.0052));
#4056=CARTESIAN_POINT('',(-0.06,-0.0211,-0.025));
#4057=CARTESIAN_POINT('',(-0.06,0.,0.));
#4058=CARTESIAN_POINT('',(-0.050998,0.0246,-0.0021));
#4059=CARTESIAN_POINT('',(-0.050998,0.0246,-0.0042));
#4060=CARTESIAN_POINT('',(-0.0545,0.0246,-0.0042));
#4061=CARTESIAN_POINT('',(-0.0645154232205925,0.0246,-0.0042));
#4062=CARTESIAN_POINT('',(-0.0645154232205925,0.0246,1.99999999999767E-6));
#4063=CARTESIAN_POINT('',(-0.0645154232205925,0.0246,-7.53139345051161E-18));
#4064=CARTESIAN_POINT('',(-0.050998,0.0246,-5.20417042793042E-18));
#4065=CARTESIAN_POINT('',(-0.0545,0.0246,-7.53157781475622E-18));
#4066=CARTESIAN_POINT('',(-0.0545,0.0246,-0.025));
#4067=CARTESIAN_POINT('',(-0.050998,0.0208457591821909,-0.0042));
#4068=CARTESIAN_POINT('',(-0.0645154232205925,0.0222195990516856,-0.0042));
#4069=CARTESIAN_POINT('',(-0.0668958241689069,0.0222195990516856,-0.0042));
#4070=CARTESIAN_POINT('',(-0.0545,0.0211,-0.0042));
#4071=CARTESIAN_POINT('',(-0.050998,0.0178583313890184,-0.0042));
#4072=CARTESIAN_POINT('',(-0.06,0.022744504433348,-0.0042));
#4073=CARTESIAN_POINT('',(-0.0668958241689069,0.0192195990516857,-0.0042));
#4074=CARTESIAN_POINT('',(-0.0668958241689069,0.0207195990516857,-0.0042));
#4075=CARTESIAN_POINT('',(-0.0555,0.0211,-0.0042));
#4076=CARTESIAN_POINT('',(-0.0571,0.0211,-0.0042));
#4077=CARTESIAN_POINT('',(-0.0628958241689069,0.0207195990516857,-0.0042));
#4078=CARTESIAN_POINT('',(-0.0641958241689069,0.0207195990516857,-0.0042));
#4079=CARTESIAN_POINT('',(-0.0545,0.,0.));
#4080=CARTESIAN_POINT('',(-0.0545,0.00856829521975376,-0.0153734939759036));
#4081=CARTESIAN_POINT('',(-0.0545,0.0168982060455228,-0.00492043010752688));
#4082=CARTESIAN_POINT('',(-0.0545,0.,0.));
#4083=CARTESIAN_POINT('',(-0.0545,-0.00856829521975376,-0.0153734939759036));
#4084=CARTESIAN_POINT('',(-0.0545,-0.0168982060455228,-0.00492043010752688));
#4085=CARTESIAN_POINT('',(-0.0545,0.,0.));
#4086=CARTESIAN_POINT('',(-0.0516,0.0121,-3.70455656742075E-18));
#4087=CARTESIAN_POINT('',(-0.0533339653289666,0.0121,-3.70455656742075E-18));
#4088=CARTESIAN_POINT('',(-0.0533339653289666,0.0121,-3.70455656742075E-18));
#4089=CARTESIAN_POINT('',(-0.053113664147221,0.0121,-3.70455656742075E-18));
#4090=CARTESIAN_POINT('',(-0.0527788602326805,0.0121000875598128,5.00848971718072E-6));
#4091=CARTESIAN_POINT('',(-0.0523614851258798,0.0120995058411765,-0.000167347709206238));
#4092=CARTESIAN_POINT('',(-0.052239047978708,0.0120947554248995,-0.000373427050550165));
#4093=CARTESIAN_POINT('',(-0.052239047978708,0.0120902602852529,-0.000485392866486423));
#4094=CARTESIAN_POINT('',(-0.0522390479787082,0.0120902602852529,-0.000485392866486443));
#4095=CARTESIAN_POINT('',(-0.0522390479787082,0.,0.));
#4096=CARTESIAN_POINT('',(-0.0522390479787082,-0.0120902602852529,-0.000485392866486439));
#4097=CARTESIAN_POINT('',(-0.0522390479787082,-0.0120902602852528,-0.000485392866486436));
#4098=CARTESIAN_POINT('',(-0.0522390479787082,-0.0120947662652549,-0.000373157036859808));
#4099=CARTESIAN_POINT('',(-0.0523614706651177,-0.0120995116672856,-0.000166981029045233));
#4100=CARTESIAN_POINT('',(-0.0527826345180669,-0.0121000885275033,5.81296394187577E-6));
#4101=CARTESIAN_POINT('',(-0.0531142918605569,-0.0121,8.76609698705167E-17));
#4102=CARTESIAN_POINT('',(-0.0533339653289666,-0.0121,2.3006799857965E-18));
#4103=CARTESIAN_POINT('',(-0.0535,0.,0.));
#4104=CARTESIAN_POINT('',(-0.0547609520212919,-0.00118903662061664,-0.0120414364556241));
#4105=CARTESIAN_POINT('',(-0.0545908520303501,-0.00108331064691314,-0.0118910323137688));
#4106=CARTESIAN_POINT('',(-0.0542369397982433,-0.000746556459857459,-0.0117193890676293));
#4107=CARTESIAN_POINT('',(-0.0540311755706966,1.13867583933287E-6,-0.0116910308836194));
#4108=CARTESIAN_POINT('',(-0.0542383602810009,0.000748301130289728,-0.0117199367755575));
#4109=CARTESIAN_POINT('',(-0.0545907806459178,0.00108326627778315,-0.0118909691949279));
#4110=CARTESIAN_POINT('',(-0.0547609520212919,0.00118903662061664,-0.0120414364556241));
#4111=CARTESIAN_POINT('',(-0.0547609520212919,-0.00118903662061662,-0.0120414364556241));
#4112=CARTESIAN_POINT('',(-0.0547609520212919,0.00118903662061662,-0.0120414364556241));
#4113=CARTESIAN_POINT('',(-0.0547609520212919,0.,0.));
#4114=CARTESIAN_POINT('',(-0.0547609520212919,-0.0120902602852529,-0.00048539286648644));
#4115=CARTESIAN_POINT('',(-0.0547609520212918,-0.0120902602852528,-0.000485392866486436));
#4116=CARTESIAN_POINT('',(-0.0544212360740538,-0.0117704778625547,-0.00048163529560053));
#4117=CARTESIAN_POINT('',(-0.0535032048291933,-0.0114097078306221,-0.00047704240951877));
#4118=CARTESIAN_POINT('',(-0.0525787642445114,-0.011770477562682,-0.000481635292076906));
#4119=CARTESIAN_POINT('',(-0.0522390479787082,-0.0120902602852528,-0.000485392866486436));
#4120=CARTESIAN_POINT('',(-0.0522390479787082,0.0120902602852529,-0.000485392866486443));
#4121=CARTESIAN_POINT('',(-0.0525787639259462,0.0117704778625548,-0.000481635295600537));
#4122=CARTESIAN_POINT('',(-0.0534967951708065,0.011409707830622,-0.000477042409518775));
#4123=CARTESIAN_POINT('',(-0.0544212357554886,0.011770477562682,-0.000481635292076913));
#4124=CARTESIAN_POINT('',(-0.0547609520212918,0.0120902602852529,-0.000485392866486443));
#4125=CARTESIAN_POINT('',(-0.0547609520212919,0.0120902602852529,-0.000485392866486443));
#4126=CARTESIAN_POINT('',(-0.0547609520212919,0.,0.));
#4127=CARTESIAN_POINT('',(-0.0545,0.,0.));
#4128=CARTESIAN_POINT('',(-0.0547609520212919,-0.00118903662061664,-0.0120414364556241));
#4129=CARTESIAN_POINT('',(-0.0551805698225763,-0.0014498508651,-0.0120156822452346));
#4130=CARTESIAN_POINT('',(-0.0563194466166787,-0.00147692702671884,-0.0120180583257093));
#4131=CARTESIAN_POINT('',(-0.0571902148013078,9.5092905670972E-7,-0.0121409633283784));
#4132=CARTESIAN_POINT('',(-0.0563196936554889,0.00147608636576316,-0.012018088300311));
#4133=CARTESIAN_POINT('',(-0.0551808869875512,0.00145004799959488,-0.0120156627791075));
#4134=CARTESIAN_POINT('',(-0.0547609520212919,0.00118903662061664,-0.0120414364556241));
#4135=CARTESIAN_POINT('',(-0.0547609520212918,0.0120902602852529,-0.000485392866486443));
#4136=CARTESIAN_POINT('',(-0.0547609520212918,0.012094766265255,-0.000373157036859812));
#4137=CARTESIAN_POINT('',(-0.0546385293348823,0.0120995116672855,-0.000166981029045216));
#4138=CARTESIAN_POINT('',(-0.0542173654819331,0.0121000885275033,5.81296394187103E-6));
#4139=CARTESIAN_POINT('',(-0.0538857081394432,0.0121,8.17215152873647E-17));
#4140=CARTESIAN_POINT('',(-0.0536660346710334,0.0121,-3.63877459735477E-18));
#4141=CARTESIAN_POINT('',(-0.0536660346710334,0.0121,-3.70455656742075E-18));
#4142=CARTESIAN_POINT('',(-0.0547804760106459,0.0121,-3.70455656742075E-18));
#4143=CARTESIAN_POINT('',(-0.0536660346710334,-0.0121,2.22273394045244E-18));
#4144=CARTESIAN_POINT('',(-0.053886335852779,-0.0121,2.22273394045244E-18));
#4145=CARTESIAN_POINT('',(-0.0542211397673195,-0.0121000875598128,5.00848971718529E-6));
#4146=CARTESIAN_POINT('',(-0.0546385148741202,-0.0120995058411765,-0.000167347709206265));
#4147=CARTESIAN_POINT('',(-0.054760952021292,-0.0120947554248995,-0.000373427050550154));
#4148=CARTESIAN_POINT('',(-0.054760952021292,-0.0120902602852529,-0.000485392866486409));
#4149=CARTESIAN_POINT('',(-0.0555,0.0146,-4.46996081688783E-18));
#4150=CARTESIAN_POINT('',(-0.06,0.022744504433348,-6.9634578593776E-18));
#4151=CARTESIAN_POINT('',(-0.0668958241689069,0.0192195990516857,-6.34342974198746E-18));
#4152=CARTESIAN_POINT('',(-0.0536660346710334,0.0121,-3.70455656742075E-18));
#4153=CARTESIAN_POINT('',(-0.0535557737586152,0.012086220111055,-3.70033769319846E-18));
#4154=CARTESIAN_POINT('',(-0.0534442262413848,0.012086220111055,-3.70033769319846E-18));
#4155=CARTESIAN_POINT('',(-0.0533339653289666,0.0121,-3.70455656742074E-18));
#4156=CARTESIAN_POINT('',(-0.0545,0.0211,-6.46001186550229E-18));
#4157=CARTESIAN_POINT('',(-0.0645154232205925,0.0222195990516856,-6.80252159939929E-18));
#4158=CARTESIAN_POINT('',(-0.0668958241689069,0.0222195990516856,-6.07364974828696E-18));
#4159=CARTESIAN_POINT('',(-0.0668958241689069,0.0207195990516857,-6.34342974198746E-18));
#4160=CARTESIAN_POINT('',(-0.0555,0.0211,-6.46001186550229E-18));
#4161=CARTESIAN_POINT('',(-0.0555,0.0227,-6.94987058516123E-18));
#4162=CARTESIAN_POINT('',(-0.0628958241689069,0.0207195990516857,-6.34342974198746E-18));
#4163=CARTESIAN_POINT('',(-0.0628958241689069,0.0194195990516857,-5.94541953226457E-18));
#4164=CARTESIAN_POINT('',(-0.035,-0.00416863286941894,-0.0155));
#4165=CARTESIAN_POINT('',(-0.0555,8.57252759403147E-20,-0.0155));
#4166=CARTESIAN_POINT('',(-0.0569,8.57252759403147E-20,-0.0155));
#4167=CARTESIAN_POINT('',(-0.051,0.00808146026408594,-0.0155));
#4168=CARTESIAN_POINT('',(-0.06,-0.00808146026408594,-0.0155));
#4169=CARTESIAN_POINT('',(-0.0545,0.0211,-0.025));
#4170=CARTESIAN_POINT('',(-0.0555,0.0211,-0.025));
#4171=CARTESIAN_POINT('',(-0.0545,-0.0211,-0.025));
#4172=CARTESIAN_POINT('',(-0.0555,-0.0211,-0.025));
#4173=CARTESIAN_POINT('',(-0.0565,-0.0211,-0.025));
#4174=CARTESIAN_POINT('',(-0.0522261936496901,-0.0121024777119826,-0.000485536323756405));
#4175=CARTESIAN_POINT('',(-0.0522359251447417,-0.0121126134466456,-4.33680868994202E-19));
#4176=CARTESIAN_POINT('',(-0.0525723366796656,-0.0124629992853578,-4.33680868994202E-19));
#4177=CARTESIAN_POINT('',(-0.0525629439464715,-0.0117793100256698,-0.000481744387418367));
#4178=CARTESIAN_POINT('',(-0.0525713462169232,-0.0117956621990893,-1.74882740141775E-16));
#4179=CARTESIAN_POINT('',(-0.0528175787497423,-0.0122275381227882,-4.76934382853854E-19));
#4180=CARTESIAN_POINT('',(-0.0535012376249841,-0.0114013837173627,-0.000476939392224081));
#4181=CARTESIAN_POINT('',(-0.0535012170478188,-0.0114255195898663,9.10768928101323E-17));
#4182=CARTESIAN_POINT('',(-0.0535009013055392,-0.0119521631998919,-3.90393723869355E-19));
#4183=CARTESIAN_POINT('',(-0.0544357200208126,-0.0117782909220444,-0.000481732201133954));
#4184=CARTESIAN_POINT('',(-0.0544273270637042,-0.0117946647782911,-9.63329851887353E-18));
#4185=CARTESIAN_POINT('',(-0.0541814482865261,-0.0122267955727552,-4.77001645384244E-19));
#4186=CARTESIAN_POINT('',(-0.0547732678290304,-0.0121019611213191,-0.000485530262080813));
#4187=CARTESIAN_POINT('',(-0.0547635364860673,-0.0121121049275822,-4.33680868994202E-19));
#4188=CARTESIAN_POINT('',(-0.0544272711363591,-0.0124626228954858,-4.33680868994202E-19));
#4189=CARTESIAN_POINT('',(-0.0547738063503101,0.0121024777119829,-0.000485536323756406));
#4190=CARTESIAN_POINT('',(-0.0547640748552586,0.0121126134466458,6.50521303491303E-19));
#4191=CARTESIAN_POINT('',(-0.0544276633203345,0.0124629992853579,6.50521303491303E-19));
#4192=CARTESIAN_POINT('',(-0.0544370560535296,0.0117793100256708,-0.000481744387418365));
#4193=CARTESIAN_POINT('',(-0.0544286537830795,0.0117956621990923,-8.53098720185062E-18));
#4194=CARTESIAN_POINT('',(-0.0541824212502578,0.0122275381227892,7.22610493257132E-19));
#4195=CARTESIAN_POINT('',(-0.0534987623750167,0.0114013837173611,-0.000476939392224006));
#4196=CARTESIAN_POINT('',(-0.0534987829521824,0.0114255195898645,-4.0654024844188E-16));
#4197=CARTESIAN_POINT('',(-0.0534990986944633,0.0119521631998913,7.9521649611378E-19));
#4198=CARTESIAN_POINT('',(-0.0525642799791849,0.0117782909220467,-0.0004817322011341));
#4199=CARTESIAN_POINT('',(-0.0525726729362905,0.011794664778292,8.28615711430707E-16));
#4200=CARTESIAN_POINT('',(-0.0528185517134691,0.0122267955727552,7.2272259747472E-19));
#4201=CARTESIAN_POINT('',(-0.0522267321709695,0.0121019611213192,-0.000485530262080813));
#4202=CARTESIAN_POINT('',(-0.0522364635139326,0.0121121049275823,6.50521303491303E-19));
#4203=CARTESIAN_POINT('',(-0.0525727288636408,0.0124626228954859,6.50521303491303E-19));
#4204=CARTESIAN_POINT('',(-0.0545,0.00808146026408594,-0.0145));
#4205=CARTESIAN_POINT('',(-0.0545,-0.00808146026408594,-0.0145));
#4206=CARTESIAN_POINT('',(-0.0545,0.0178583313890184,-0.0052));
#4207=CARTESIAN_POINT('',(-0.0545,-0.0178583313890184,-0.0052));
#4208=CARTESIAN_POINT('',(-0.0555,8.57252759403147E-20,0.0095));
#4209=CARTESIAN_POINT('',(-0.06,0.022744504433348,1.99999999999767E-6));
#4210=CARTESIAN_POINT('',(-0.0668958241689069,0.0192195990516857,1.99999999999767E-6));
#4211=CARTESIAN_POINT('',(-0.0668958241689069,0.0207195990516857,1.99999999999767E-6));
#4212=CARTESIAN_POINT('',(-0.0668958241689069,0.0222195990516856,1.99999999999767E-6));
#4213=CARTESIAN_POINT('',(-0.0645154232205925,0.0222195990516856,1.99999999999767E-6));
#4214=CARTESIAN_POINT('',(-0.0628958241689069,0.0207195990516857,1.99999999999767E-6));
#4215=MECHANICAL_DESIGN_GEOMETRIC_PRESENTATION_REPRESENTATION('',(#2290),
#4219);
#4216=MECHANICAL_DESIGN_GEOMETRIC_PRESENTATION_REPRESENTATION('',(#2291),
#4220);
#4217=MECHANICAL_DESIGN_GEOMETRIC_PRESENTATION_REPRESENTATION('',(#2292),
#4221);
#4218=MECHANICAL_DESIGN_GEOMETRIC_PRESENTATION_REPRESENTATION('',(#2293),
#4222);
#4219=(
GEOMETRIC_REPRESENTATION_CONTEXT(3)
GLOBAL_UNCERTAINTY_ASSIGNED_CONTEXT((#4223))
GLOBAL_UNIT_ASSIGNED_CONTEXT((#4235,#4231,#4227))
REPRESENTATION_CONTEXT('Knuckle Bottom Mirrored',
'TOP_LEVEL_ASSEMBLY_PART')
);
#4220=(
GEOMETRIC_REPRESENTATION_CONTEXT(3)
GLOBAL_UNCERTAINTY_ASSIGNED_CONTEXT((#4224))
GLOBAL_UNIT_ASSIGNED_CONTEXT((#4236,#4232,#4228))
REPRESENTATION_CONTEXT('Knuckle Top','TOP_LEVEL_ASSEMBLY_PART')
);
#4221=(
GEOMETRIC_REPRESENTATION_CONTEXT(3)
GLOBAL_UNCERTAINTY_ASSIGNED_CONTEXT((#4225))
GLOBAL_UNIT_ASSIGNED_CONTEXT((#4237,#4233,#4229))
REPRESENTATION_CONTEXT('Knuckle Bottom','TOP_LEVEL_ASSEMBLY_PART')
);
#4222=(
GEOMETRIC_REPRESENTATION_CONTEXT(3)
GLOBAL_UNCERTAINTY_ASSIGNED_CONTEXT((#4226))
GLOBAL_UNIT_ASSIGNED_CONTEXT((#4238,#4234,#4230))
REPRESENTATION_CONTEXT('Knuckle Top Mirrored','TOP_LEVEL_ASSEMBLY_PART')
);
#4223=UNCERTAINTY_MEASURE_WITH_UNIT(LENGTH_MEASURE(2.E-5),#4235,
'DISTANCE_ACCURACY_VALUE','Maximum Tolerance applied to model');
#4224=UNCERTAINTY_MEASURE_WITH_UNIT(LENGTH_MEASURE(2.E-5),#4236,
'DISTANCE_ACCURACY_VALUE','Maximum Tolerance applied to model');
#4225=UNCERTAINTY_MEASURE_WITH_UNIT(LENGTH_MEASURE(2.E-5),#4237,
'DISTANCE_ACCURACY_VALUE','Maximum Tolerance applied to model');
#4226=UNCERTAINTY_MEASURE_WITH_UNIT(LENGTH_MEASURE(2.E-5),#4238,
'DISTANCE_ACCURACY_VALUE','Maximum Tolerance applied to model');
#4227=(
NAMED_UNIT(*)
SI_UNIT($,.STERADIAN.)
SOLID_ANGLE_UNIT()
);
#4228=(
NAMED_UNIT(*)
SI_UNIT($,.STERADIAN.)
SOLID_ANGLE_UNIT()
);
#4229=(
NAMED_UNIT(*)
SI_UNIT($,.STERADIAN.)
SOLID_ANGLE_UNIT()
);
#4230=(
NAMED_UNIT(*)
SI_UNIT($,.STERADIAN.)
SOLID_ANGLE_UNIT()
);
#4231=(
NAMED_UNIT(*)
PLANE_ANGLE_UNIT()
SI_UNIT($,.RADIAN.)
);
#4232=(
NAMED_UNIT(*)
PLANE_ANGLE_UNIT()
SI_UNIT($,.RADIAN.)
);
#4233=(
NAMED_UNIT(*)
PLANE_ANGLE_UNIT()
SI_UNIT($,.RADIAN.)
);
#4234=(
NAMED_UNIT(*)
PLANE_ANGLE_UNIT()
SI_UNIT($,.RADIAN.)
);
#4235=(
LENGTH_UNIT()
NAMED_UNIT(*)
SI_UNIT($,.METRE.)
);
#4236=(
LENGTH_UNIT()
NAMED_UNIT(*)
SI_UNIT($,.METRE.)
);
#4237=(
LENGTH_UNIT()
NAMED_UNIT(*)
SI_UNIT($,.METRE.)
);
#4238=(
LENGTH_UNIT()
NAMED_UNIT(*)
SI_UNIT($,.METRE.)
);
#4239=PRODUCT_DEFINITION_SHAPE('','',#4243);
#4240=PRODUCT_DEFINITION_SHAPE('','',#4244);
#4241=PRODUCT_DEFINITION_SHAPE('','',#4245);
#4242=PRODUCT_DEFINITION_SHAPE('','',#4246);
#4243=PRODUCT_DEFINITION('','',#4251,#4247);
#4244=PRODUCT_DEFINITION('','',#4252,#4248);
#4245=PRODUCT_DEFINITION('','',#4253,#4249);
#4246=PRODUCT_DEFINITION('','',#4254,#4250);
#4247=PRODUCT_DEFINITION_CONTEXT('',#4275,'design');
#4248=PRODUCT_DEFINITION_CONTEXT('',#4276,'design');
#4249=PRODUCT_DEFINITION_CONTEXT('',#4277,'design');
#4250=PRODUCT_DEFINITION_CONTEXT('',#4278,'design');
#4251=PRODUCT_DEFINITION_FORMATION_WITH_SPECIFIED_SOURCE('','',#4259,
 .NOT_KNOWN.);
#4252=PRODUCT_DEFINITION_FORMATION_WITH_SPECIFIED_SOURCE('','',#4260,
 .NOT_KNOWN.);
#4253=PRODUCT_DEFINITION_FORMATION_WITH_SPECIFIED_SOURCE('','',#4261,
 .NOT_KNOWN.);
#4254=PRODUCT_DEFINITION_FORMATION_WITH_SPECIFIED_SOURCE('','',#4262,
 .NOT_KNOWN.);
#4255=PRODUCT_RELATED_PRODUCT_CATEGORY('','',(#4259));
#4256=PRODUCT_RELATED_PRODUCT_CATEGORY('','',(#4260));
#4257=PRODUCT_RELATED_PRODUCT_CATEGORY('','',(#4261));
#4258=PRODUCT_RELATED_PRODUCT_CATEGORY('','',(#4262));
#4259=PRODUCT('Knuckle Bottom Mirrored','Knuckle Bottom Mirrored',
'Knuckle Bottom Mirrored',(#4267));
#4260=PRODUCT('Knuckle Top','Knuckle Top','Knuckle Top',(#4268));
#4261=PRODUCT('Knuckle Bottom','Knuckle Bottom','Knuckle Bottom',(#4269));
#4262=PRODUCT('Knuckle Top Mirrored','Knuckle Top Mirrored',
'Knuckle Top Mirrored',(#4270));
#4263=PRODUCT_CATEGORY('','');
#4264=PRODUCT_CATEGORY('','');
#4265=PRODUCT_CATEGORY('','');
#4266=PRODUCT_CATEGORY('','');
#4267=PRODUCT_CONTEXT('',#4275,'mechanical');
#4268=PRODUCT_CONTEXT('',#4276,'mechanical');
#4269=PRODUCT_CONTEXT('',#4277,'mechanical');
#4270=PRODUCT_CONTEXT('',#4278,'mechanical');
#4271=APPLICATION_PROTOCOL_DEFINITION('international standard',
'automotive_design',2010,#4275);
#4272=APPLICATION_PROTOCOL_DEFINITION('international standard',
'automotive_design',2010,#4276);
#4273=APPLICATION_PROTOCOL_DEFINITION('international standard',
'automotive_design',2010,#4277);
#4274=APPLICATION_PROTOCOL_DEFINITION('international standard',
'automotive_design',2010,#4278);
#4275=APPLICATION_CONTEXT(
'core data for automotive mechanical design processes');
#4276=APPLICATION_CONTEXT(
'core data for automotive mechanical design processes');
#4277=APPLICATION_CONTEXT(
'core data for automotive mechanical design processes');
#4278=APPLICATION_CONTEXT(
'core data for automotive mechanical design processes');
ENDSEC;
END-ISO-10303-21;
