ISO-10303-21;
HEADER;
/* Generated by software containing ST-Developer
 * from STEP Tools, Inc. (www.steptools.com) 
 */
/* OPTION: using custom renumber hook */

FILE_DESCRIPTION(
/* description */ ('STEP AP214',
'CAx-IF Rec.Pracs.---User Defined Attributes---1.5---2016-08-15'),
/* implementation_level */ '2;1');

FILE_NAME(
/* name */ '6a7bfa5a8e8242496b74691a',
/* time_stamp */ '2026-08-12T04:45:15Z',
/* author */ (''),
/* organization */ (''),
/* preprocessor_version */ 'ST-DEVELOPER v20',
/* originating_system */ 'ONSHAPE BY PTC INC, 1.219',
/* authorisation */ '  ');

FILE_SCHEMA (('AUTOMOTIVE_DESIGN {1 0 10303 214 3 1 1}'));
ENDSEC;

DATA;
#10=PROPERTY_DEFINITION_REPRESENTATION(#14,#12);
#11=PROPERTY_DEFINITION_REPRESENTATION(#15,#13);
#12=REPRESENTATION('',(#16),#2483);
#13=REPRESENTATION('',(#17),#2483);
#14=PROPERTY_DEFINITION('pmi validation property','',#2488);
#15=PROPERTY_DEFINITION('pmi validation property','',#2488);
#16=VALUE_REPRESENTATION_ITEM('number of annotations',COUNT_MEASURE(0.));
#17=VALUE_REPRESENTATION_ITEM('number of views',COUNT_MEASURE(0.));
#18=SHAPE_REPRESENTATION_RELATIONSHIP('','',#1294,#19);
#19=ADVANCED_BREP_SHAPE_REPRESENTATION('',(#1292),#2483);
#20=B_SPLINE_SURFACE_WITH_KNOTS('',3,1,((#2464,#2465),(#2466,#2467),(#2468,
#2469),(#2470,#2471),(#2472,#2473),(#2474,#2475),(#2476,#2477),(#2478,#2479),
(#2480,#2481)),.SURF_OF_LINEAR_EXTRUSION.,.F.,.F.,.F.,(4,1,1,1,1,1,4),(2,
2),(0.,0.25,0.375,0.5,0.625,0.75,1.),(0.,1.),.UNSPECIFIED.);
#21=(
BOUNDED_SURFACE()
B_SPLINE_SURFACE(3,2,((#2398,#2399,#2400),(#2401,#2402,#2403),(#2404,#2405,
#2406),(#2407,#2408,#2409),(#2410,#2411,#2412),(#2413,#2414,#2415),(#2416,
#2417,#2418),(#2419,#2420,#2421),(#2422,#2423,#2424),(#2425,#2426,#2427),
(#2428,#2429,#2430),(#2431,#2432,#2433),(#2434,#2435,#2436),(#2437,#2438,
#2439),(#2440,#2441,#2442),(#2443,#2444,#2445),(#2446,#2447,#2448),(#2449,
#2450,#2451),(#2452,#2453,#2454)),.UNSPECIFIED.,.T.,.F.,.F.)
B_SPLINE_SURFACE_WITH_KNOTS((1,3,1,1,1,1,1,1,1,1,1,1,1,1,1,1,1,3,1),(3,
3),(-0.00162299119939564,0.,0.00162299119939564,0.00324598239879129,0.00486897359818693,
0.00649196479758258,0.00811495599697822,0.00973794719637386,0.0113609383957695,
0.0129839295951652,0.0146069207945608,0.0162299119939564,0.0178529031933521,
0.0194758943927477,0.0210988855921434,0.022721876791539,0.0243448679909347,
0.0259678591903303,0.0275908503897259),(0.,0.964787088146872),
 .UNSPECIFIED.)
GEOMETRIC_REPRESENTATION_ITEM()
RATIONAL_B_SPLINE_SURFACE(((1.,0.828029968685532,0.987888868891888),(1.,
0.816960233255505,0.987109273656018),(1.,0.785373350425402,0.984884741414395),
(1.,0.733784099361114,0.981251525913804),(1.,0.709541790959895,0.979544241376107),
(1.,0.732596807608704,0.981167909914161),(1.,0.784144825201097,0.98479822151353),
(1.,0.83181887063615,0.988155705432703),(1.,0.851761613551703,0.989560189529492),
(1.,0.832848969800578,0.988228251014857),(1.,0.78551892713145,0.984894993773831),
(1.,0.73390157103148,0.981259798952951),(1.,0.709492798664887,0.979540791053376),
(1.,0.732678526584008,0.981173665040309),(1.,0.784174789679936,0.984800331786634),
(1.,0.831794123073943,0.988153962565249),(1.,0.851791763005566,0.989562312829615),
(1.,0.83909970411556,0.988668464127758),(1.,0.828029968685532,0.987888868891888)))
REPRESENTATION_ITEM('')
SURFACE()
);
#22=DEGENERATE_TOROIDAL_SURFACE('',#1399,0.007,0.0085,.T.);
#23=DEGENERATE_TOROIDAL_SURFACE('',#1401,0.007,0.0085,.T.);
#24=DEGENERATE_TOROIDAL_SURFACE('',#1403,0.007,0.0085,.T.);
#25=DEGENERATE_TOROIDAL_SURFACE('',#1405,0.007,0.0085,.T.);
#26=DEGENERATE_TOROIDAL_SURFACE('',#1407,0.007,0.0085,.T.);
#27=DEGENERATE_TOROIDAL_SURFACE('',#1409,0.007,0.0085,.T.);
#28=TOROIDAL_SURFACE('',#1389,0.03025,0.01275);
#29=TOROIDAL_SURFACE('',#1396,0.03025,0.01275);
#30=TOROIDAL_SURFACE('',#1419,0.011,0.003);
#31=TOROIDAL_SURFACE('',#1420,0.011,0.003);
#32=TOROIDAL_SURFACE('',#1421,0.011,0.003);
#33=TOROIDAL_SURFACE('',#1422,0.011,0.003);
#34=TOROIDAL_SURFACE('',#1423,0.011,0.003);
#35=TOROIDAL_SURFACE('',#1424,0.011,0.003);
#36=PLANE('',#1317);
#37=PLANE('',#1320);
#38=PLANE('',#1321);
#39=PLANE('',#1322);
#40=PLANE('',#1323);
#41=PLANE('',#1324);
#42=PLANE('',#1325);
#43=PLANE('',#1326);
#44=PLANE('',#1327);
#45=PLANE('',#1328);
#46=PLANE('',#1329);
#47=PLANE('',#1330);
#48=PLANE('',#1331);
#49=PLANE('',#1412);
#50=PLANE('',#1414);
#51=PLANE('',#1425);
#52=B_SPLINE_CURVE_WITH_KNOTS('',3,(#1789,#1790,#1791,#1792,#1793,#1794,
#1795,#1796,#1797),.UNSPECIFIED.,.F.,.F.,(4,1,1,1,1,1,4),(0.0117089131867668,
0.0138337039062024,0.0148960992659202,0.015958494625638,0.0170208899853558,
0.0180832853450736,0.0202080760645092),.UNSPECIFIED.);
#53=B_SPLINE_CURVE_WITH_KNOTS('',3,(#1813,#1814,#1815,#1816),
 .UNSPECIFIED.,.F.,.F.,(4,4),(0.,0.00135468054963958),.UNSPECIFIED.);
#54=B_SPLINE_CURVE_WITH_KNOTS('',3,(#1832,#1833,#1834,#1835),
 .UNSPECIFIED.,.F.,.F.,(4,4),(0.00714085238953946,0.0084993390102118),
 .UNSPECIFIED.);
#55=B_SPLINE_CURVE_WITH_KNOTS('',3,(#1841,#1842,#1843,#1844,#1845),
 .UNSPECIFIED.,.F.,.F.,(4,1,4),(4.33680868994202E-19,0.00157469489067046,
0.00314938978134092),.UNSPECIFIED.);
#56=B_SPLINE_CURVE_WITH_KNOTS('',3,(#1846,#1847,#1848,#1849),
 .UNSPECIFIED.,.F.,.F.,(4,4),(0.,0.00182896175422761),.UNSPECIFIED.);
#57=B_SPLINE_CURVE_WITH_KNOTS('',3,(#1855,#1856,#1857,#1858),
 .UNSPECIFIED.,.F.,.F.,(4,4),(0.,0.00183115912818891),.UNSPECIFIED.);
#58=B_SPLINE_CURVE_WITH_KNOTS('',3,(#1859,#1860,#1861,#1862,#1863),
 .UNSPECIFIED.,.F.,.F.,(4,1,4),(8.67361737988403E-19,0.00157469489066225,
0.0031493897813245),.UNSPECIFIED.);
#59=B_SPLINE_CURVE_WITH_KNOTS('',3,(#1877,#1878,#1879,#1880),
 .UNSPECIFIED.,.F.,.F.,(4,4),(3.37076362424016E-7,2.74600220998486E-5),
 .UNSPECIFIED.);
#60=B_SPLINE_CURVE_WITH_KNOTS('',3,(#1882,#1883,#1884,#1885,#1886),
 .UNSPECIFIED.,.F.,.F.,(4,1,4),(0.,0.00265548310525832,0.00531096621051663),
 .UNSPECIFIED.);
#61=B_SPLINE_CURVE_WITH_KNOTS('',3,(#1895,#1896,#1897,#1898),
 .UNSPECIFIED.,.F.,.F.,(4,4),(0.0157307369495021,0.0157578493845403),
 .UNSPECIFIED.);
#62=B_SPLINE_CURVE_WITH_KNOTS('',3,(#1900,#1901,#1902,#1903,#1904),
 .UNSPECIFIED.,.F.,.F.,(4,1,4),(0.,0.00265548310525832,0.00531096621051664),
 .UNSPECIFIED.);
#63=B_SPLINE_CURVE_WITH_KNOTS('',3,(#1913,#1914,#1915,#1916),
 .UNSPECIFIED.,.F.,.F.,(4,4),(3.37076362423393E-7,2.74600220998522E-5),
 .UNSPECIFIED.);
#64=B_SPLINE_CURVE_WITH_KNOTS('',3,(#1918,#1919,#1920,#1921,#1922),
 .UNSPECIFIED.,.F.,.F.,(4,1,4),(0.,0.00265548310525832,0.00531096621051663),
 .UNSPECIFIED.);
#65=B_SPLINE_CURVE_WITH_KNOTS('',3,(#1931,#1932,#1933,#1934),
 .UNSPECIFIED.,.F.,.F.,(4,4),(3.37076362423393E-7,2.7460022099855E-5),
 .UNSPECIFIED.);
#66=B_SPLINE_CURVE_WITH_KNOTS('',3,(#1936,#1937,#1938,#1939,#1940),
 .UNSPECIFIED.,.F.,.F.,(4,1,4),(0.,0.00265548310525832,0.00531096621051663),
 .UNSPECIFIED.);
#67=B_SPLINE_CURVE_WITH_KNOTS('',3,(#1946,#1947,#1948,#1949),
 .UNSPECIFIED.,.F.,.F.,(4,4),(3.37076362429503E-7,2.74600220998621E-5),
 .UNSPECIFIED.);
#68=B_SPLINE_CURVE_WITH_KNOTS('',3,(#1951,#1952,#1953,#1954,#1955),
 .UNSPECIFIED.,.F.,.F.,(4,1,4),(0.,0.00265548310525832,0.00531096621051663),
 .UNSPECIFIED.);
#69=B_SPLINE_CURVE_WITH_KNOTS('',3,(#1964,#1965,#1966,#1967),
 .UNSPECIFIED.,.F.,.F.,(4,4),(0.0157307369495021,0.0157578493845403),
 .UNSPECIFIED.);
#70=B_SPLINE_CURVE_WITH_KNOTS('',3,(#1969,#1970,#1971,#1972,#1973),
 .UNSPECIFIED.,.F.,.F.,(4,1,4),(0.,0.00265548310525832,0.00531096621051663),
 .UNSPECIFIED.);
#71=B_SPLINE_CURVE_WITH_KNOTS('',3,(#1982,#1983,#1984,#1985,#1986),
 .UNSPECIFIED.,.F.,.F.,(4,1,4),(7.35980840008019E-18,0.00265548684821439,
0.00531097369642877),.UNSPECIFIED.);
#72=B_SPLINE_CURVE_WITH_KNOTS('',3,(#1988,#1989,#1990,#1991),
 .UNSPECIFIED.,.F.,.F.,(4,4),(0.0135608767485371,0.013588068359601),
 .UNSPECIFIED.);
#73=B_SPLINE_CURVE_WITH_KNOTS('',3,(#2000,#2001,#2002,#2003,#2004),
 .UNSPECIFIED.,.F.,.F.,(4,1,4),(3.78074216338526E-18,0.0026554868482144,
0.00531097369642879),.UNSPECIFIED.);
#74=B_SPLINE_CURVE_WITH_KNOTS('',3,(#2006,#2007,#2008,#2009),
 .UNSPECIFIED.,.F.,.F.,(4,4),(0.000211014433146819,0.00023813737886345),
 .UNSPECIFIED.);
#75=B_SPLINE_CURVE_WITH_KNOTS('',3,(#2018,#2019,#2020,#2021,#2022),
 .UNSPECIFIED.,.F.,.F.,(4,1,4),(0.,0.00265548684821439,0.00531097369642878),
 .UNSPECIFIED.);
#76=B_SPLINE_CURVE_WITH_KNOTS('',3,(#2024,#2025,#2026,#2027),
 .UNSPECIFIED.,.F.,.F.,(4,4),(0.0135608767485371,0.013588068359601),
 .UNSPECIFIED.);
#77=B_SPLINE_CURVE_WITH_KNOTS('',3,(#2036,#2037,#2038,#2039,#2040),
 .UNSPECIFIED.,.F.,.F.,(4,1,4),(0.,0.0026554868482144,0.00531097369642881),
 .UNSPECIFIED.);
#78=B_SPLINE_CURVE_WITH_KNOTS('',3,(#2042,#2043,#2044,#2045),
 .UNSPECIFIED.,.F.,.F.,(4,4),(0.00021101443314683,0.000238137378866238),
 .UNSPECIFIED.);
#79=B_SPLINE_CURVE_WITH_KNOTS('',3,(#2051,#2052,#2053,#2054,#2055),
 .UNSPECIFIED.,.F.,.F.,(4,1,4),(0.,0.00265548684821437,0.00531097369642875),
 .UNSPECIFIED.);
#80=B_SPLINE_CURVE_WITH_KNOTS('',3,(#2057,#2058,#2059,#2060),
 .UNSPECIFIED.,.F.,.F.,(4,4),(0.000211014433146767,0.000238137378884191),
 .UNSPECIFIED.);
#81=B_SPLINE_CURVE_WITH_KNOTS('',3,(#2069,#2070,#2071,#2072,#2073),
 .UNSPECIFIED.,.F.,.F.,(4,1,4),(0.,0.0026554868482144,0.00531097369642881),
 .UNSPECIFIED.);
#82=B_SPLINE_CURVE_WITH_KNOTS('',3,(#2075,#2076,#2077,#2078),
 .UNSPECIFIED.,.F.,.F.,(4,4),(0.000211014433146818,0.000238137378866227),
 .UNSPECIFIED.);
#83=B_SPLINE_CURVE_WITH_KNOTS('',3,(#2081,#2082,#2083,#2084),
 .UNSPECIFIED.,.F.,.F.,(4,4),(0.,0.00183115912818891),.UNSPECIFIED.);
#84=B_SPLINE_CURVE_WITH_KNOTS('',3,(#2087,#2088,#2089,#2090),
 .UNSPECIFIED.,.F.,.F.,(4,4),(0.,0.0018289617542276),.UNSPECIFIED.);
#85=B_SPLINE_CURVE_WITH_KNOTS('',3,(#2093,#2094,#2095,#2096),
 .UNSPECIFIED.,.F.,.F.,(4,4),(0.,0.00183115912818891),.UNSPECIFIED.);
#86=B_SPLINE_CURVE_WITH_KNOTS('',3,(#2099,#2100,#2101,#2102),
 .UNSPECIFIED.,.F.,.F.,(4,4),(0.,0.00182896175422761),.UNSPECIFIED.);
#87=B_SPLINE_CURVE_WITH_KNOTS('',3,(#2105,#2106,#2107,#2108),
 .UNSPECIFIED.,.F.,.F.,(4,4),(0.,0.00182896175422761),.UNSPECIFIED.);
#88=B_SPLINE_CURVE_WITH_KNOTS('',3,(#2111,#2112,#2113,#2114),
 .UNSPECIFIED.,.F.,.F.,(4,4),(0.,0.00183115912818891),.UNSPECIFIED.);
#89=B_SPLINE_CURVE_WITH_KNOTS('',3,(#2117,#2118,#2119,#2120),
 .UNSPECIFIED.,.F.,.F.,(4,4),(0.,0.00183115912818892),.UNSPECIFIED.);
#90=B_SPLINE_CURVE_WITH_KNOTS('',3,(#2123,#2124,#2125,#2126),
 .UNSPECIFIED.,.F.,.F.,(4,4),(0.,0.00182896175422762),.UNSPECIFIED.);
#91=B_SPLINE_CURVE_WITH_KNOTS('',3,(#2129,#2130,#2131,#2132),
 .UNSPECIFIED.,.F.,.F.,(4,4),(0.,0.00183115912818892),.UNSPECIFIED.);
#92=B_SPLINE_CURVE_WITH_KNOTS('',3,(#2135,#2136,#2137,#2138),
 .UNSPECIFIED.,.F.,.F.,(4,4),(0.,0.00182896175422761),.UNSPECIFIED.);
#93=B_SPLINE_CURVE_WITH_KNOTS('',3,(#2144,#2145,#2146,#2147,#2148,#2149),
 .UNSPECIFIED.,.F.,.F.,(4,1,1,4),(3.32241504297215E-7,0.00171467296706583,
0.00342901369262737,0.00685769514375045),.UNSPECIFIED.);
#94=B_SPLINE_CURVE_WITH_KNOTS('',3,(#2155,#2156,#2157,#2158,#2159,#2160),
 .UNSPECIFIED.,.F.,.F.,(4,1,1,4),(-1.84390977774867E-5,0.00338180920069507,
0.00508193334993134,0.00678205749916762),.UNSPECIFIED.);
#95=B_SPLINE_CURVE_WITH_KNOTS('',3,(#2166,#2167,#2168,#2169,#2170,#2171),
 .UNSPECIFIED.,.F.,.F.,(4,1,1,4),(3.32263654044673E-7,0.00171467298967265,
0.00342901371569126,0.00685769516772848),.UNSPECIFIED.);
#96=B_SPLINE_CURVE_WITH_KNOTS('',3,(#2177,#2178,#2179,#2180,#2181,#2182),
 .UNSPECIFIED.,.F.,.F.,(4,1,1,4),(-1.84390977774989E-5,0.00338180920036589,
0.00508193334943759,0.00678205749850928),.UNSPECIFIED.);
#97=B_SPLINE_CURVE_WITH_KNOTS('',3,(#2188,#2189,#2190,#2191,#2192,#2193),
 .UNSPECIFIED.,.F.,.F.,(4,1,1,4),(2.87739794056106E-7,0.00171462754706049,
0.00342896735432693,0.00685764696885981),.UNSPECIFIED.);
#98=B_SPLINE_CURVE_WITH_KNOTS('',3,(#2199,#2200,#2201,#2202,#2203,#2204),
 .UNSPECIFIED.,.F.,.F.,(4,1,1,4),(-1.84390977774867E-5,0.00338180851878418,
0.00508193232706501,0.00678205613534584),.UNSPECIFIED.);
#99=B_SPLINE_CURVE_WITH_KNOTS('',3,(#2210,#2211,#2212,#2213,#2214,#2215),
 .UNSPECIFIED.,.F.,.F.,(4,1,1,4),(3.32241504297215E-7,0.00171467296706583,
0.00342901369262736,0.00685769514375043),.UNSPECIFIED.);
#100=B_SPLINE_CURVE_WITH_KNOTS('',3,(#2221,#2222,#2223,#2224,#2225,#2226),
 .UNSPECIFIED.,.F.,.F.,(4,1,1,4),(-1.84390977774865E-5,0.00338180920070493,
0.00508193334994614,0.00678205749918735),.UNSPECIFIED.);
#101=B_SPLINE_CURVE_WITH_KNOTS('',3,(#2232,#2233,#2234,#2235,#2236,#2237),
 .UNSPECIFIED.,.F.,.F.,(4,1,1,4),(3.3226365404296E-7,0.00171467298967266,
0.00342901371569127,0.00685769516772849),.UNSPECIFIED.);
#102=B_SPLINE_CURVE_WITH_KNOTS('',3,(#2243,#2244,#2245,#2246,#2247,#2248),
 .UNSPECIFIED.,.F.,.F.,(4,1,1,4),(-1.8439097777492E-5,0.00338180920036639,
0.00508193334943833,0.00678205749851027),.UNSPECIFIED.);
#103=B_SPLINE_CURVE_WITH_KNOTS('',3,(#2254,#2255,#2256,#2257,#2258,#2259),
 .UNSPECIFIED.,.F.,.F.,(4,1,1,4),(-1.84390977775018E-5,0.00338180851878504,
0.00508193232706632,0.00678205613534759),.UNSPECIFIED.);
#104=B_SPLINE_CURVE_WITH_KNOTS('',3,(#2265,#2266,#2267,#2268,#2269,#2270),
 .UNSPECIFIED.,.F.,.F.,(4,1,1,4),(2.87739794049777E-7,0.00171462754706049,
0.00342896735432693,0.0068576469688598),.UNSPECIFIED.);
#105=B_SPLINE_CURVE_WITH_KNOTS('',3,(#2272,#2273,#2274,#2275,#2276,#2277,
#2278,#2279,#2280,#2281,#2282),.UNSPECIFIED.,.T.,.F.,(1,1,1,1,1,1,1,1,1,
1,1,1,1,1,1),(-0.00492923597857213,-0.00328615731904808,-0.00164307865952404,
0.,0.00164307865952404,0.00328615731904808,0.00492923597857213,0.00657231463809617,
0.00821539329762021,0.00985847195714425,0.0115015506166683,0.0131446292761923,
0.0147877079357164,0.0164307865952404,0.0180738652547645),.UNSPECIFIED.);
#106=B_SPLINE_CURVE_WITH_KNOTS('',3,(#2297,#2298,#2299,#2300,#2301,#2302,
#2303,#2304,#2305,#2306,#2307,#2308),.UNSPECIFIED.,.T.,.F.,(1,1,1,1,1,1,
1,1,1,1,1,1,1,1,1,1),(-0.00333175099933949,-0.00249881324949655,-0.0016658754996536,
3.22919038611952E-14,0.00166587549971818,0.00333175099940407,0.00499762649908997,
0.00666350199877586,0.00832937749846175,0.00999525299814764,0.0108281907479906,
0.0116611284978335,0.0133270039975194,0.0149928794972053,0.0166587549968912,
0.0183246304965771),.UNSPECIFIED.);
#107=B_SPLINE_CURVE_WITH_KNOTS('',3,(#2338,#2339,#2340,#2341,#2342,#2343,
#2344,#2345,#2346,#2347,#2348,#2349,#2350,#2351,#2352,#2353),
 .UNSPECIFIED.,.F.,.F.,(4,2,2,2,2,2,2,4),(0.,0.25,0.375,0.4375,0.5,0.625,
0.75,1.),.UNSPECIFIED.);
#108=B_SPLINE_CURVE_WITH_KNOTS('',3,(#2360,#2361,#2362,#2363,#2364,#2365,
#2366,#2367,#2368,#2369,#2370),.UNSPECIFIED.,.T.,.F.,(1,1,1,1,1,1,1,1,1,
1,1,1,1,1,1),(-0.00234864543538136,-0.00156576362358757,-0.000782881811793786,
0.,0.000782881811793786,0.00156576362358757,0.00234864543538136,0.00313152724717514,
0.00391440905896893,0.00469729087076272,0.0054801726825565,0.00626305449435029,
0.00704593630614407,0.00782881811793786,0.00861169992973165),
 .UNSPECIFIED.);
#109=B_SPLINE_CURVE_WITH_KNOTS('',3,(#2382,#2383,#2384,#2385,#2386,#2387,
#2388,#2389,#2390,#2391,#2392,#2393,#2394,#2395,#2396),.UNSPECIFIED.,.T.,
 .F.,(1,1,1,1,1,1,1,1,1,1,1,1,1,1,1,1,1,1,1),(-0.00345890289555131,-0.00172945144777566,
-0.000864725723887828,4.2002781319898E-19,0.000864725723887828,0.00172945144777566,
0.00345890289555131,0.00518835434332697,0.0060530800672148,0.00691780579110263,
0.00778253151499045,0.00864725723887828,0.0103767086866539,0.0121061601344296,
0.0129708858583174,0.0138356115822053,0.0147003373060931,0.0155650630299809,
0.0172945144777566),.UNSPECIFIED.);
#110=B_SPLINE_CURVE_WITH_KNOTS('',3,(#2455,#2456,#2457,#2458,#2459,#2460,
#2461,#2462,#2463),.UNSPECIFIED.,.F.,.F.,(4,1,1,1,1,1,4),(0.,0.00129998465367321,
0.00194997698050982,0.00259996930734642,0.00324996163418303,0.00389995396101964,
0.00519993861469285),.UNSPECIFIED.);
#111=CIRCLE('',#1297,0.008);
#112=CIRCLE('',#1298,0.008);
#113=CIRCLE('',#1299,0.008);
#114=CIRCLE('',#1300,0.008);
#115=CIRCLE('',#1301,0.008);
#116=CIRCLE('',#1302,0.008);
#117=CIRCLE('',#1303,0.008);
#118=CIRCLE('',#1304,0.008);
#119=CIRCLE('',#1305,0.008);
#120=CIRCLE('',#1306,0.008);
#121=CIRCLE('',#1307,0.008);
#122=CIRCLE('',#1308,0.008);
#123=CIRCLE('',#1310,0.008);
#124=CIRCLE('',#1312,0.008);
#125=CIRCLE('',#1314,0.002);
#126=CIRCLE('',#1316,0.002);
#127=CIRCLE('',#1318,0.019);
#128=CIRCLE('',#1319,0.0155);
#129=CIRCLE('',#1333,0.002);
#130=CIRCLE('',#1335,0.002);
#131=CIRCLE('',#1337,0.002);
#132=CIRCLE('',#1339,0.002);
#133=CIRCLE('',#1341,0.002);
#134=CIRCLE('',#1343,0.002);
#135=CIRCLE('',#1345,0.002);
#136=CIRCLE('',#1347,0.002);
#137=CIRCLE('',#1349,0.002);
#138=CIRCLE('',#1351,0.002);
#139=CIRCLE('',#1353,0.002);
#140=CIRCLE('',#1355,0.002);
#141=CIRCLE('',#1357,0.002);
#142=CIRCLE('',#1359,0.002);
#143=CIRCLE('',#1361,0.002);
#144=CIRCLE('',#1363,0.002);
#145=CIRCLE('',#1365,0.002);
#146=CIRCLE('',#1367,0.002);
#147=CIRCLE('',#1369,0.002);
#148=CIRCLE('',#1371,0.002);
#149=CIRCLE('',#1373,0.002);
#150=CIRCLE('',#1375,0.002);
#151=CIRCLE('',#1377,0.0155);
#152=CIRCLE('',#1378,0.0155);
#153=CIRCLE('',#1379,0.0155);
#154=CIRCLE('',#1380,0.0155);
#155=CIRCLE('',#1381,0.0155);
#156=CIRCLE('',#1382,0.0155);
#157=CIRCLE('',#1383,0.0155);
#158=CIRCLE('',#1384,0.0155);
#159=CIRCLE('',#1385,0.0155);
#160=CIRCLE('',#1386,0.0155);
#161=CIRCLE('',#1387,0.0155);
#162=CIRCLE('',#1388,0.0155);
#163=CIRCLE('',#1390,0.019);
#164=CIRCLE('',#1391,0.0175);
#165=CIRCLE('',#1393,0.019);
#166=CIRCLE('',#1395,0.0175);
#167=CIRCLE('',#1397,0.019);
#168=CIRCLE('',#1400,0.0131818181818182);
#169=CIRCLE('',#1402,0.0131818181818182);
#170=CIRCLE('',#1404,0.0131818181818182);
#171=CIRCLE('',#1406,0.0131818181818182);
#172=CIRCLE('',#1408,0.0131818181818182);
#173=CIRCLE('',#1410,0.0131818181818182);
#174=CIRCLE('',#1413,0.006);
#175=CIRCLE('',#1415,0.006);
#176=CIRCLE('',#1418,0.001);
#177=ORIENTED_EDGE('',*,*,#555,.F.);
#178=ORIENTED_EDGE('',*,*,#556,.F.);
#179=ORIENTED_EDGE('',*,*,#557,.F.);
#180=ORIENTED_EDGE('',*,*,#558,.T.);
#181=ORIENTED_EDGE('',*,*,#559,.F.);
#182=ORIENTED_EDGE('',*,*,#560,.F.);
#183=ORIENTED_EDGE('',*,*,#561,.F.);
#184=ORIENTED_EDGE('',*,*,#562,.T.);
#185=ORIENTED_EDGE('',*,*,#563,.F.);
#186=ORIENTED_EDGE('',*,*,#564,.F.);
#187=ORIENTED_EDGE('',*,*,#565,.F.);
#188=ORIENTED_EDGE('',*,*,#566,.T.);
#189=ORIENTED_EDGE('',*,*,#567,.F.);
#190=ORIENTED_EDGE('',*,*,#568,.F.);
#191=ORIENTED_EDGE('',*,*,#569,.F.);
#192=ORIENTED_EDGE('',*,*,#570,.T.);
#193=ORIENTED_EDGE('',*,*,#571,.F.);
#194=ORIENTED_EDGE('',*,*,#572,.T.);
#195=ORIENTED_EDGE('',*,*,#573,.F.);
#196=ORIENTED_EDGE('',*,*,#574,.T.);
#197=ORIENTED_EDGE('',*,*,#575,.F.);
#198=ORIENTED_EDGE('',*,*,#576,.F.);
#199=ORIENTED_EDGE('',*,*,#577,.F.);
#200=ORIENTED_EDGE('',*,*,#578,.T.);
#201=ORIENTED_EDGE('',*,*,#579,.F.);
#202=ORIENTED_EDGE('',*,*,#580,.T.);
#203=ORIENTED_EDGE('',*,*,#581,.F.);
#204=ORIENTED_EDGE('',*,*,#582,.F.);
#205=ORIENTED_EDGE('',*,*,#583,.F.);
#206=ORIENTED_EDGE('',*,*,#584,.F.);
#207=ORIENTED_EDGE('',*,*,#585,.F.);
#208=ORIENTED_EDGE('',*,*,#586,.T.);
#209=ORIENTED_EDGE('',*,*,#587,.T.);
#210=ORIENTED_EDGE('',*,*,#588,.F.);
#211=ORIENTED_EDGE('',*,*,#589,.T.);
#212=ORIENTED_EDGE('',*,*,#584,.T.);
#213=ORIENTED_EDGE('',*,*,#590,.T.);
#214=ORIENTED_EDGE('',*,*,#571,.T.);
#215=ORIENTED_EDGE('',*,*,#591,.T.);
#216=ORIENTED_EDGE('',*,*,#583,.T.);
#217=ORIENTED_EDGE('',*,*,#592,.T.);
#218=ORIENTED_EDGE('',*,*,#593,.F.);
#219=ORIENTED_EDGE('',*,*,#594,.T.);
#220=ORIENTED_EDGE('',*,*,#573,.T.);
#221=ORIENTED_EDGE('',*,*,#595,.T.);
#222=ORIENTED_EDGE('',*,*,#596,.T.);
#223=ORIENTED_EDGE('',*,*,#597,.F.);
#224=ORIENTED_EDGE('',*,*,#598,.T.);
#225=ORIENTED_EDGE('',*,*,#599,.F.);
#226=ORIENTED_EDGE('',*,*,#600,.T.);
#227=ORIENTED_EDGE('',*,*,#601,.T.);
#228=ORIENTED_EDGE('',*,*,#602,.T.);
#229=ORIENTED_EDGE('',*,*,#603,.T.);
#230=ORIENTED_EDGE('',*,*,#604,.F.);
#231=ORIENTED_EDGE('',*,*,#605,.T.);
#232=ORIENTED_EDGE('',*,*,#606,.T.);
#233=ORIENTED_EDGE('',*,*,#607,.T.);
#234=ORIENTED_EDGE('',*,*,#608,.T.);
#235=ORIENTED_EDGE('',*,*,#609,.F.);
#236=ORIENTED_EDGE('',*,*,#610,.T.);
#237=ORIENTED_EDGE('',*,*,#611,.T.);
#238=ORIENTED_EDGE('',*,*,#612,.T.);
#239=ORIENTED_EDGE('',*,*,#613,.T.);
#240=ORIENTED_EDGE('',*,*,#614,.F.);
#241=ORIENTED_EDGE('',*,*,#615,.T.);
#242=ORIENTED_EDGE('',*,*,#616,.T.);
#243=ORIENTED_EDGE('',*,*,#617,.T.);
#244=ORIENTED_EDGE('',*,*,#593,.T.);
#245=ORIENTED_EDGE('',*,*,#618,.F.);
#246=ORIENTED_EDGE('',*,*,#619,.T.);
#247=ORIENTED_EDGE('',*,*,#620,.T.);
#248=ORIENTED_EDGE('',*,*,#621,.T.);
#249=ORIENTED_EDGE('',*,*,#622,.T.);
#250=ORIENTED_EDGE('',*,*,#623,.F.);
#251=ORIENTED_EDGE('',*,*,#624,.T.);
#252=ORIENTED_EDGE('',*,*,#625,.T.);
#253=ORIENTED_EDGE('',*,*,#626,.T.);
#254=ORIENTED_EDGE('',*,*,#627,.T.);
#255=ORIENTED_EDGE('',*,*,#628,.F.);
#256=ORIENTED_EDGE('',*,*,#629,.T.);
#257=ORIENTED_EDGE('',*,*,#630,.T.);
#258=ORIENTED_EDGE('',*,*,#631,.T.);
#259=ORIENTED_EDGE('',*,*,#632,.T.);
#260=ORIENTED_EDGE('',*,*,#633,.F.);
#261=ORIENTED_EDGE('',*,*,#634,.T.);
#262=ORIENTED_EDGE('',*,*,#635,.T.);
#263=ORIENTED_EDGE('',*,*,#636,.T.);
#264=ORIENTED_EDGE('',*,*,#637,.T.);
#265=ORIENTED_EDGE('',*,*,#638,.F.);
#266=ORIENTED_EDGE('',*,*,#639,.T.);
#267=ORIENTED_EDGE('',*,*,#640,.T.);
#268=ORIENTED_EDGE('',*,*,#641,.T.);
#269=ORIENTED_EDGE('',*,*,#642,.T.);
#270=ORIENTED_EDGE('',*,*,#643,.F.);
#271=ORIENTED_EDGE('',*,*,#644,.T.);
#272=ORIENTED_EDGE('',*,*,#645,.T.);
#273=ORIENTED_EDGE('',*,*,#646,.T.);
#274=ORIENTED_EDGE('',*,*,#647,.T.);
#275=ORIENTED_EDGE('',*,*,#648,.F.);
#276=ORIENTED_EDGE('',*,*,#588,.T.);
#277=ORIENTED_EDGE('',*,*,#649,.T.);
#278=ORIENTED_EDGE('',*,*,#650,.T.);
#279=ORIENTED_EDGE('',*,*,#651,.T.);
#280=ORIENTED_EDGE('',*,*,#652,.F.);
#281=ORIENTED_EDGE('',*,*,#653,.T.);
#282=ORIENTED_EDGE('',*,*,#654,.T.);
#283=ORIENTED_EDGE('',*,*,#655,.T.);
#284=ORIENTED_EDGE('',*,*,#569,.T.);
#285=ORIENTED_EDGE('',*,*,#656,.T.);
#286=ORIENTED_EDGE('',*,*,#598,.F.);
#287=ORIENTED_EDGE('',*,*,#657,.T.);
#288=ORIENTED_EDGE('',*,*,#629,.F.);
#289=ORIENTED_EDGE('',*,*,#658,.T.);
#290=ORIENTED_EDGE('',*,*,#567,.T.);
#291=ORIENTED_EDGE('',*,*,#659,.T.);
#292=ORIENTED_EDGE('',*,*,#565,.T.);
#293=ORIENTED_EDGE('',*,*,#660,.T.);
#294=ORIENTED_EDGE('',*,*,#603,.F.);
#295=ORIENTED_EDGE('',*,*,#661,.T.);
#296=ORIENTED_EDGE('',*,*,#634,.F.);
#297=ORIENTED_EDGE('',*,*,#662,.T.);
#298=ORIENTED_EDGE('',*,*,#563,.T.);
#299=ORIENTED_EDGE('',*,*,#663,.T.);
#300=ORIENTED_EDGE('',*,*,#644,.F.);
#301=ORIENTED_EDGE('',*,*,#664,.T.);
#302=ORIENTED_EDGE('',*,*,#559,.T.);
#303=ORIENTED_EDGE('',*,*,#665,.T.);
#304=ORIENTED_EDGE('',*,*,#561,.T.);
#305=ORIENTED_EDGE('',*,*,#666,.T.);
#306=ORIENTED_EDGE('',*,*,#613,.F.);
#307=ORIENTED_EDGE('',*,*,#667,.T.);
#308=ORIENTED_EDGE('',*,*,#557,.T.);
#309=ORIENTED_EDGE('',*,*,#668,.T.);
#310=ORIENTED_EDGE('',*,*,#608,.F.);
#311=ORIENTED_EDGE('',*,*,#669,.T.);
#312=ORIENTED_EDGE('',*,*,#639,.F.);
#313=ORIENTED_EDGE('',*,*,#670,.T.);
#314=ORIENTED_EDGE('',*,*,#555,.T.);
#315=ORIENTED_EDGE('',*,*,#671,.T.);
#316=ORIENTED_EDGE('',*,*,#577,.T.);
#317=ORIENTED_EDGE('',*,*,#672,.T.);
#318=ORIENTED_EDGE('',*,*,#622,.F.);
#319=ORIENTED_EDGE('',*,*,#673,.T.);
#320=ORIENTED_EDGE('',*,*,#653,.F.);
#321=ORIENTED_EDGE('',*,*,#674,.T.);
#322=ORIENTED_EDGE('',*,*,#575,.T.);
#323=ORIENTED_EDGE('',*,*,#675,.T.);
#324=ORIENTED_EDGE('',*,*,#600,.F.);
#325=ORIENTED_EDGE('',*,*,#676,.T.);
#326=ORIENTED_EDGE('',*,*,#677,.F.);
#327=ORIENTED_EDGE('',*,*,#678,.F.);
#328=ORIENTED_EDGE('',*,*,#679,.F.);
#329=ORIENTED_EDGE('',*,*,#680,.T.);
#330=ORIENTED_EDGE('',*,*,#647,.F.);
#331=ORIENTED_EDGE('',*,*,#681,.F.);
#332=ORIENTED_EDGE('',*,*,#619,.F.);
#333=ORIENTED_EDGE('',*,*,#682,.T.);
#334=ORIENTED_EDGE('',*,*,#683,.F.);
#335=ORIENTED_EDGE('',*,*,#684,.F.);
#336=ORIENTED_EDGE('',*,*,#685,.F.);
#337=ORIENTED_EDGE('',*,*,#686,.T.);
#338=ORIENTED_EDGE('',*,*,#651,.F.);
#339=ORIENTED_EDGE('',*,*,#687,.F.);
#340=ORIENTED_EDGE('',*,*,#624,.F.);
#341=ORIENTED_EDGE('',*,*,#688,.T.);
#342=ORIENTED_EDGE('',*,*,#689,.F.);
#343=ORIENTED_EDGE('',*,*,#690,.F.);
#344=ORIENTED_EDGE('',*,*,#691,.F.);
#345=ORIENTED_EDGE('',*,*,#692,.T.);
#346=ORIENTED_EDGE('',*,*,#637,.F.);
#347=ORIENTED_EDGE('',*,*,#693,.F.);
#348=ORIENTED_EDGE('',*,*,#610,.F.);
#349=ORIENTED_EDGE('',*,*,#694,.T.);
#350=ORIENTED_EDGE('',*,*,#695,.F.);
#351=ORIENTED_EDGE('',*,*,#696,.F.);
#352=ORIENTED_EDGE('',*,*,#697,.F.);
#353=ORIENTED_EDGE('',*,*,#698,.T.);
#354=ORIENTED_EDGE('',*,*,#642,.F.);
#355=ORIENTED_EDGE('',*,*,#699,.F.);
#356=ORIENTED_EDGE('',*,*,#615,.F.);
#357=ORIENTED_EDGE('',*,*,#700,.T.);
#358=ORIENTED_EDGE('',*,*,#701,.F.);
#359=ORIENTED_EDGE('',*,*,#702,.F.);
#360=ORIENTED_EDGE('',*,*,#703,.F.);
#361=ORIENTED_EDGE('',*,*,#704,.T.);
#362=ORIENTED_EDGE('',*,*,#632,.F.);
#363=ORIENTED_EDGE('',*,*,#705,.F.);
#364=ORIENTED_EDGE('',*,*,#706,.F.);
#365=ORIENTED_EDGE('',*,*,#707,.T.);
#366=ORIENTED_EDGE('',*,*,#627,.F.);
#367=ORIENTED_EDGE('',*,*,#708,.F.);
#368=ORIENTED_EDGE('',*,*,#605,.F.);
#369=ORIENTED_EDGE('',*,*,#709,.T.);
#370=ORIENTED_EDGE('',*,*,#710,.F.);
#371=ORIENTED_EDGE('',*,*,#711,.F.);
#372=ORIENTED_EDGE('',*,*,#712,.T.);
#373=ORIENTED_EDGE('',*,*,#597,.T.);
#374=ORIENTED_EDGE('',*,*,#695,.T.);
#375=ORIENTED_EDGE('',*,*,#713,.T.);
#376=ORIENTED_EDGE('',*,*,#691,.T.);
#377=ORIENTED_EDGE('',*,*,#714,.F.);
#378=ORIENTED_EDGE('',*,*,#689,.T.);
#379=ORIENTED_EDGE('',*,*,#715,.T.);
#380=ORIENTED_EDGE('',*,*,#685,.T.);
#381=ORIENTED_EDGE('',*,*,#716,.F.);
#382=ORIENTED_EDGE('',*,*,#683,.T.);
#383=ORIENTED_EDGE('',*,*,#717,.T.);
#384=ORIENTED_EDGE('',*,*,#679,.T.);
#385=ORIENTED_EDGE('',*,*,#718,.F.);
#386=ORIENTED_EDGE('',*,*,#677,.T.);
#387=ORIENTED_EDGE('',*,*,#719,.T.);
#388=ORIENTED_EDGE('',*,*,#706,.T.);
#389=ORIENTED_EDGE('',*,*,#720,.F.);
#390=ORIENTED_EDGE('',*,*,#710,.T.);
#391=ORIENTED_EDGE('',*,*,#721,.T.);
#392=ORIENTED_EDGE('',*,*,#703,.T.);
#393=ORIENTED_EDGE('',*,*,#722,.F.);
#394=ORIENTED_EDGE('',*,*,#701,.T.);
#395=ORIENTED_EDGE('',*,*,#723,.T.);
#396=ORIENTED_EDGE('',*,*,#697,.T.);
#397=ORIENTED_EDGE('',*,*,#724,.F.);
#398=ORIENTED_EDGE('',*,*,#725,.F.);
#399=ORIENTED_EDGE('',*,*,#726,.T.);
#400=ORIENTED_EDGE('',*,*,#727,.F.);
#401=ORIENTED_EDGE('',*,*,#726,.F.);
#402=ORIENTED_EDGE('',*,*,#728,.T.);
#403=ORIENTED_EDGE('',*,*,#727,.T.);
#404=ORIENTED_EDGE('',*,*,#729,.F.);
#405=ORIENTED_EDGE('',*,*,#729,.T.);
#406=ORIENTED_EDGE('',*,*,#730,.F.);
#407=ORIENTED_EDGE('',*,*,#730,.T.);
#408=ORIENTED_EDGE('',*,*,#596,.F.);
#409=ORIENTED_EDGE('',*,*,#631,.F.);
#410=ORIENTED_EDGE('',*,*,#731,.T.);
#411=ORIENTED_EDGE('',*,*,#606,.F.);
#412=ORIENTED_EDGE('',*,*,#711,.T.);
#413=ORIENTED_EDGE('',*,*,#720,.T.);
#414=ORIENTED_EDGE('',*,*,#708,.T.);
#415=ORIENTED_EDGE('',*,*,#636,.F.);
#416=ORIENTED_EDGE('',*,*,#732,.T.);
#417=ORIENTED_EDGE('',*,*,#616,.F.);
#418=ORIENTED_EDGE('',*,*,#702,.T.);
#419=ORIENTED_EDGE('',*,*,#722,.T.);
#420=ORIENTED_EDGE('',*,*,#705,.T.);
#421=ORIENTED_EDGE('',*,*,#646,.F.);
#422=ORIENTED_EDGE('',*,*,#733,.T.);
#423=ORIENTED_EDGE('',*,*,#611,.F.);
#424=ORIENTED_EDGE('',*,*,#696,.T.);
#425=ORIENTED_EDGE('',*,*,#724,.T.);
#426=ORIENTED_EDGE('',*,*,#699,.T.);
#427=ORIENTED_EDGE('',*,*,#641,.F.);
#428=ORIENTED_EDGE('',*,*,#734,.T.);
#429=ORIENTED_EDGE('',*,*,#625,.F.);
#430=ORIENTED_EDGE('',*,*,#690,.T.);
#431=ORIENTED_EDGE('',*,*,#714,.T.);
#432=ORIENTED_EDGE('',*,*,#693,.T.);
#433=ORIENTED_EDGE('',*,*,#655,.F.);
#434=ORIENTED_EDGE('',*,*,#735,.T.);
#435=ORIENTED_EDGE('',*,*,#620,.F.);
#436=ORIENTED_EDGE('',*,*,#684,.T.);
#437=ORIENTED_EDGE('',*,*,#716,.T.);
#438=ORIENTED_EDGE('',*,*,#687,.T.);
#439=ORIENTED_EDGE('',*,*,#650,.F.);
#440=ORIENTED_EDGE('',*,*,#736,.T.);
#441=ORIENTED_EDGE('',*,*,#601,.F.);
#442=ORIENTED_EDGE('',*,*,#678,.T.);
#443=ORIENTED_EDGE('',*,*,#718,.T.);
#444=ORIENTED_EDGE('',*,*,#681,.T.);
#445=ORIENTED_EDGE('',*,*,#725,.T.);
#446=ORIENTED_EDGE('',*,*,#712,.F.);
#447=ORIENTED_EDGE('',*,*,#666,.F.);
#448=ORIENTED_EDGE('',*,*,#560,.T.);
#449=ORIENTED_EDGE('',*,*,#664,.F.);
#450=ORIENTED_EDGE('',*,*,#643,.T.);
#451=ORIENTED_EDGE('',*,*,#698,.F.);
#452=ORIENTED_EDGE('',*,*,#723,.F.);
#453=ORIENTED_EDGE('',*,*,#700,.F.);
#454=ORIENTED_EDGE('',*,*,#614,.T.);
#455=ORIENTED_EDGE('',*,*,#668,.F.);
#456=ORIENTED_EDGE('',*,*,#556,.T.);
#457=ORIENTED_EDGE('',*,*,#670,.F.);
#458=ORIENTED_EDGE('',*,*,#638,.T.);
#459=ORIENTED_EDGE('',*,*,#692,.F.);
#460=ORIENTED_EDGE('',*,*,#713,.F.);
#461=ORIENTED_EDGE('',*,*,#694,.F.);
#462=ORIENTED_EDGE('',*,*,#609,.T.);
#463=ORIENTED_EDGE('',*,*,#660,.F.);
#464=ORIENTED_EDGE('',*,*,#564,.T.);
#465=ORIENTED_EDGE('',*,*,#662,.F.);
#466=ORIENTED_EDGE('',*,*,#633,.T.);
#467=ORIENTED_EDGE('',*,*,#704,.F.);
#468=ORIENTED_EDGE('',*,*,#721,.F.);
#469=ORIENTED_EDGE('',*,*,#709,.F.);
#470=ORIENTED_EDGE('',*,*,#604,.T.);
#471=ORIENTED_EDGE('',*,*,#656,.F.);
#472=ORIENTED_EDGE('',*,*,#568,.T.);
#473=ORIENTED_EDGE('',*,*,#658,.F.);
#474=ORIENTED_EDGE('',*,*,#628,.T.);
#475=ORIENTED_EDGE('',*,*,#707,.F.);
#476=ORIENTED_EDGE('',*,*,#719,.F.);
#477=ORIENTED_EDGE('',*,*,#676,.F.);
#478=ORIENTED_EDGE('',*,*,#599,.T.);
#479=ORIENTED_EDGE('',*,*,#672,.F.);
#480=ORIENTED_EDGE('',*,*,#576,.T.);
#481=ORIENTED_EDGE('',*,*,#674,.F.);
#482=ORIENTED_EDGE('',*,*,#652,.T.);
#483=ORIENTED_EDGE('',*,*,#686,.F.);
#484=ORIENTED_EDGE('',*,*,#715,.F.);
#485=ORIENTED_EDGE('',*,*,#688,.F.);
#486=ORIENTED_EDGE('',*,*,#623,.T.);
#487=ORIENTED_EDGE('',*,*,#717,.F.);
#488=ORIENTED_EDGE('',*,*,#682,.F.);
#489=ORIENTED_EDGE('',*,*,#618,.T.);
#490=ORIENTED_EDGE('',*,*,#592,.F.);
#491=ORIENTED_EDGE('',*,*,#582,.T.);
#492=ORIENTED_EDGE('',*,*,#737,.F.);
#493=ORIENTED_EDGE('',*,*,#585,.T.);
#494=ORIENTED_EDGE('',*,*,#589,.F.);
#495=ORIENTED_EDGE('',*,*,#648,.T.);
#496=ORIENTED_EDGE('',*,*,#680,.F.);
#497=ORIENTED_EDGE('',*,*,#738,.T.);
#498=ORIENTED_EDGE('',*,*,#728,.F.);
#499=ORIENTED_EDGE('',*,*,#739,.F.);
#500=ORIENTED_EDGE('',*,*,#579,.T.);
#501=ORIENTED_EDGE('',*,*,#740,.F.);
#502=ORIENTED_EDGE('',*,*,#739,.T.);
#503=ORIENTED_EDGE('',*,*,#738,.F.);
#504=ORIENTED_EDGE('',*,*,#740,.T.);
#505=ORIENTED_EDGE('',*,*,#741,.F.);
#506=ORIENTED_EDGE('',*,*,#612,.F.);
#507=ORIENTED_EDGE('',*,*,#733,.F.);
#508=ORIENTED_EDGE('',*,*,#645,.F.);
#509=ORIENTED_EDGE('',*,*,#665,.F.);
#510=ORIENTED_EDGE('',*,*,#558,.F.);
#511=ORIENTED_EDGE('',*,*,#669,.F.);
#512=ORIENTED_EDGE('',*,*,#626,.F.);
#513=ORIENTED_EDGE('',*,*,#734,.F.);
#514=ORIENTED_EDGE('',*,*,#640,.F.);
#515=ORIENTED_EDGE('',*,*,#671,.F.);
#516=ORIENTED_EDGE('',*,*,#578,.F.);
#517=ORIENTED_EDGE('',*,*,#673,.F.);
#518=ORIENTED_EDGE('',*,*,#621,.F.);
#519=ORIENTED_EDGE('',*,*,#735,.F.);
#520=ORIENTED_EDGE('',*,*,#654,.F.);
#521=ORIENTED_EDGE('',*,*,#675,.F.);
#522=ORIENTED_EDGE('',*,*,#574,.F.);
#523=ORIENTED_EDGE('',*,*,#594,.F.);
#524=ORIENTED_EDGE('',*,*,#602,.F.);
#525=ORIENTED_EDGE('',*,*,#736,.F.);
#526=ORIENTED_EDGE('',*,*,#649,.F.);
#527=ORIENTED_EDGE('',*,*,#591,.F.);
#528=ORIENTED_EDGE('',*,*,#570,.F.);
#529=ORIENTED_EDGE('',*,*,#657,.F.);
#530=ORIENTED_EDGE('',*,*,#607,.F.);
#531=ORIENTED_EDGE('',*,*,#731,.F.);
#532=ORIENTED_EDGE('',*,*,#630,.F.);
#533=ORIENTED_EDGE('',*,*,#659,.F.);
#534=ORIENTED_EDGE('',*,*,#566,.F.);
#535=ORIENTED_EDGE('',*,*,#661,.F.);
#536=ORIENTED_EDGE('',*,*,#617,.F.);
#537=ORIENTED_EDGE('',*,*,#732,.F.);
#538=ORIENTED_EDGE('',*,*,#635,.F.);
#539=ORIENTED_EDGE('',*,*,#663,.F.);
#540=ORIENTED_EDGE('',*,*,#562,.F.);
#541=ORIENTED_EDGE('',*,*,#667,.F.);
#542=ORIENTED_EDGE('',*,*,#742,.T.);
#543=ORIENTED_EDGE('',*,*,#741,.T.);
#544=ORIENTED_EDGE('',*,*,#742,.F.);
#545=ORIENTED_EDGE('',*,*,#587,.F.);
#546=ORIENTED_EDGE('',*,*,#743,.T.);
#547=ORIENTED_EDGE('',*,*,#580,.F.);
#548=ORIENTED_EDGE('',*,*,#595,.F.);
#549=ORIENTED_EDGE('',*,*,#572,.F.);
#550=ORIENTED_EDGE('',*,*,#590,.F.);
#551=ORIENTED_EDGE('',*,*,#737,.T.);
#552=ORIENTED_EDGE('',*,*,#581,.T.);
#553=ORIENTED_EDGE('',*,*,#743,.F.);
#554=ORIENTED_EDGE('',*,*,#586,.F.);
#555=EDGE_CURVE('',#744,#745,#875,.T.);
#556=EDGE_CURVE('',#746,#744,#111,.F.);
#557=EDGE_CURVE('',#747,#746,#876,.F.);
#558=EDGE_CURVE('',#747,#748,#112,.T.);
#559=EDGE_CURVE('',#749,#748,#877,.T.);
#560=EDGE_CURVE('',#750,#749,#113,.F.);
#561=EDGE_CURVE('',#751,#750,#878,.F.);
#562=EDGE_CURVE('',#751,#752,#114,.T.);
#563=EDGE_CURVE('',#753,#752,#879,.T.);
#564=EDGE_CURVE('',#754,#753,#115,.F.);
#565=EDGE_CURVE('',#755,#754,#880,.F.);
#566=EDGE_CURVE('',#755,#756,#116,.T.);
#567=EDGE_CURVE('',#757,#756,#881,.T.);
#568=EDGE_CURVE('',#758,#757,#117,.F.);
#569=EDGE_CURVE('',#759,#758,#882,.F.);
#570=EDGE_CURVE('',#759,#760,#118,.T.);
#571=EDGE_CURVE('',#761,#760,#883,.T.);
#572=EDGE_CURVE('',#761,#762,#52,.T.);
#573=EDGE_CURVE('',#763,#762,#884,.F.);
#574=EDGE_CURVE('',#763,#764,#119,.T.);
#575=EDGE_CURVE('',#765,#764,#885,.T.);
#576=EDGE_CURVE('',#766,#765,#120,.F.);
#577=EDGE_CURVE('',#767,#766,#886,.F.);
#578=EDGE_CURVE('',#767,#745,#121,.T.);
#579=EDGE_CURVE('',#768,#768,#122,.T.);
#580=EDGE_CURVE('',#769,#770,#53,.T.);
#581=EDGE_CURVE('',#771,#770,#887,.T.);
#582=EDGE_CURVE('',#772,#771,#123,.F.);
#583=EDGE_CURVE('',#769,#772,#888,.F.);
#584=EDGE_CURVE('',#773,#774,#889,.T.);
#585=EDGE_CURVE('',#775,#773,#124,.F.);
#586=EDGE_CURVE('',#775,#776,#890,.T.);
#587=EDGE_CURVE('',#776,#774,#54,.T.);
#588=EDGE_CURVE('',#777,#778,#891,.T.);
#589=EDGE_CURVE('',#777,#773,#125,.F.);
#590=EDGE_CURVE('',#774,#761,#55,.T.);
#591=EDGE_CURVE('',#760,#778,#56,.T.);
#592=EDGE_CURVE('',#772,#779,#126,.F.);
#593=EDGE_CURVE('',#780,#779,#892,.F.);
#594=EDGE_CURVE('',#780,#763,#57,.T.);
#595=EDGE_CURVE('',#762,#769,#58,.T.);
#596=EDGE_CURVE('',#781,#781,#127,.T.);
#597=EDGE_CURVE('',#782,#782,#128,.T.);
#598=EDGE_CURVE('',#783,#784,#893,.F.);
#599=EDGE_CURVE('',#785,#784,#894,.T.);
#600=EDGE_CURVE('',#785,#786,#895,.T.);
#601=EDGE_CURVE('',#786,#787,#59,.T.);
#602=EDGE_CURVE('',#787,#783,#60,.T.);
#603=EDGE_CURVE('',#788,#789,#896,.F.);
#604=EDGE_CURVE('',#790,#789,#897,.T.);
#605=EDGE_CURVE('',#790,#791,#898,.T.);
#606=EDGE_CURVE('',#791,#792,#61,.T.);
#607=EDGE_CURVE('',#792,#788,#62,.T.);
#608=EDGE_CURVE('',#793,#794,#899,.F.);
#609=EDGE_CURVE('',#795,#794,#900,.T.);
#610=EDGE_CURVE('',#795,#796,#901,.T.);
#611=EDGE_CURVE('',#796,#797,#63,.T.);
#612=EDGE_CURVE('',#797,#793,#64,.T.);
#613=EDGE_CURVE('',#798,#799,#902,.F.);
#614=EDGE_CURVE('',#800,#799,#903,.T.);
#615=EDGE_CURVE('',#800,#801,#904,.T.);
#616=EDGE_CURVE('',#801,#802,#65,.T.);
#617=EDGE_CURVE('',#802,#798,#66,.T.);
#618=EDGE_CURVE('',#803,#779,#905,.T.);
#619=EDGE_CURVE('',#803,#804,#906,.T.);
#620=EDGE_CURVE('',#804,#805,#67,.T.);
#621=EDGE_CURVE('',#805,#780,#68,.T.);
#622=EDGE_CURVE('',#806,#807,#907,.F.);
#623=EDGE_CURVE('',#808,#807,#908,.T.);
#624=EDGE_CURVE('',#808,#809,#909,.T.);
#625=EDGE_CURVE('',#809,#810,#69,.T.);
#626=EDGE_CURVE('',#810,#806,#70,.T.);
#627=EDGE_CURVE('',#811,#812,#910,.F.);
#628=EDGE_CURVE('',#813,#812,#911,.T.);
#629=EDGE_CURVE('',#813,#814,#912,.T.);
#630=EDGE_CURVE('',#814,#815,#71,.T.);
#631=EDGE_CURVE('',#815,#811,#72,.T.);
#632=EDGE_CURVE('',#816,#817,#913,.F.);
#633=EDGE_CURVE('',#818,#817,#914,.T.);
#634=EDGE_CURVE('',#818,#819,#915,.T.);
#635=EDGE_CURVE('',#819,#820,#73,.T.);
#636=EDGE_CURVE('',#820,#816,#74,.T.);
#637=EDGE_CURVE('',#821,#822,#916,.F.);
#638=EDGE_CURVE('',#823,#822,#917,.T.);
#639=EDGE_CURVE('',#823,#824,#918,.T.);
#640=EDGE_CURVE('',#824,#825,#75,.T.);
#641=EDGE_CURVE('',#825,#821,#76,.T.);
#642=EDGE_CURVE('',#826,#827,#919,.F.);
#643=EDGE_CURVE('',#828,#827,#920,.T.);
#644=EDGE_CURVE('',#828,#829,#921,.T.);
#645=EDGE_CURVE('',#829,#830,#77,.T.);
#646=EDGE_CURVE('',#830,#826,#78,.T.);
#647=EDGE_CURVE('',#831,#832,#922,.F.);
#648=EDGE_CURVE('',#777,#832,#923,.T.);
#649=EDGE_CURVE('',#778,#833,#79,.T.);
#650=EDGE_CURVE('',#833,#831,#80,.T.);
#651=EDGE_CURVE('',#834,#835,#924,.F.);
#652=EDGE_CURVE('',#836,#835,#925,.T.);
#653=EDGE_CURVE('',#836,#837,#926,.T.);
#654=EDGE_CURVE('',#837,#838,#81,.T.);
#655=EDGE_CURVE('',#838,#834,#82,.T.);
#656=EDGE_CURVE('',#758,#784,#129,.F.);
#657=EDGE_CURVE('',#783,#759,#83,.T.);
#658=EDGE_CURVE('',#813,#757,#130,.F.);
#659=EDGE_CURVE('',#756,#814,#84,.T.);
#660=EDGE_CURVE('',#754,#789,#131,.F.);
#661=EDGE_CURVE('',#788,#755,#85,.T.);
#662=EDGE_CURVE('',#818,#753,#132,.F.);
#663=EDGE_CURVE('',#752,#819,#86,.T.);
#664=EDGE_CURVE('',#828,#749,#133,.F.);
#665=EDGE_CURVE('',#748,#829,#87,.T.);
#666=EDGE_CURVE('',#750,#799,#134,.F.);
#667=EDGE_CURVE('',#798,#751,#88,.T.);
#668=EDGE_CURVE('',#746,#794,#135,.F.);
#669=EDGE_CURVE('',#793,#747,#89,.T.);
#670=EDGE_CURVE('',#823,#744,#136,.F.);
#671=EDGE_CURVE('',#745,#824,#90,.T.);
#672=EDGE_CURVE('',#766,#807,#137,.F.);
#673=EDGE_CURVE('',#806,#767,#91,.T.);
#674=EDGE_CURVE('',#836,#765,#138,.F.);
#675=EDGE_CURVE('',#764,#837,#92,.T.);
#676=EDGE_CURVE('',#785,#839,#139,.F.);
#677=EDGE_CURVE('',#840,#839,#927,.F.);
#678=EDGE_CURVE('',#786,#840,#93,.T.);
#679=EDGE_CURVE('',#841,#842,#928,.T.);
#680=EDGE_CURVE('',#841,#832,#140,.F.);
#681=EDGE_CURVE('',#842,#831,#94,.T.);
#682=EDGE_CURVE('',#803,#843,#141,.F.);
#683=EDGE_CURVE('',#844,#843,#929,.F.);
#684=EDGE_CURVE('',#804,#844,#95,.T.);
#685=EDGE_CURVE('',#845,#846,#930,.T.);
#686=EDGE_CURVE('',#845,#835,#142,.F.);
#687=EDGE_CURVE('',#846,#834,#96,.T.);
#688=EDGE_CURVE('',#808,#847,#143,.F.);
#689=EDGE_CURVE('',#848,#847,#931,.F.);
#690=EDGE_CURVE('',#809,#848,#97,.T.);
#691=EDGE_CURVE('',#849,#850,#932,.T.);
#692=EDGE_CURVE('',#849,#822,#144,.F.);
#693=EDGE_CURVE('',#850,#821,#98,.T.);
#694=EDGE_CURVE('',#795,#851,#145,.F.);
#695=EDGE_CURVE('',#852,#851,#933,.F.);
#696=EDGE_CURVE('',#796,#852,#99,.T.);
#697=EDGE_CURVE('',#853,#854,#934,.T.);
#698=EDGE_CURVE('',#853,#827,#146,.F.);
#699=EDGE_CURVE('',#854,#826,#100,.T.);
#700=EDGE_CURVE('',#800,#855,#147,.F.);
#701=EDGE_CURVE('',#856,#855,#935,.F.);
#702=EDGE_CURVE('',#801,#856,#101,.T.);
#703=EDGE_CURVE('',#857,#858,#936,.T.);
#704=EDGE_CURVE('',#857,#817,#148,.F.);
#705=EDGE_CURVE('',#858,#816,#102,.T.);
#706=EDGE_CURVE('',#859,#860,#937,.T.);
#707=EDGE_CURVE('',#859,#812,#149,.F.);
#708=EDGE_CURVE('',#860,#811,#103,.T.);
#709=EDGE_CURVE('',#790,#861,#150,.F.);
#710=EDGE_CURVE('',#862,#861,#938,.F.);
#711=EDGE_CURVE('',#791,#862,#104,.T.);
#712=EDGE_CURVE('',#863,#863,#105,.T.);
#713=EDGE_CURVE('',#851,#849,#151,.F.);
#714=EDGE_CURVE('',#848,#850,#152,.T.);
#715=EDGE_CURVE('',#847,#845,#153,.F.);
#716=EDGE_CURVE('',#844,#846,#154,.T.);
#717=EDGE_CURVE('',#843,#841,#155,.F.);
#718=EDGE_CURVE('',#840,#842,#156,.T.);
#719=EDGE_CURVE('',#839,#859,#157,.F.);
#720=EDGE_CURVE('',#862,#860,#158,.T.);
#721=EDGE_CURVE('',#861,#857,#159,.F.);
#722=EDGE_CURVE('',#856,#858,#160,.T.);
#723=EDGE_CURVE('',#855,#853,#161,.F.);
#724=EDGE_CURVE('',#852,#854,#162,.T.);
#725=EDGE_CURVE('',#864,#864,#106,.T.);
#726=EDGE_CURVE('',#865,#865,#163,.T.);
#727=EDGE_CURVE('',#866,#866,#164,.T.);
#728=EDGE_CURVE('',#867,#867,#165,.T.);
#729=EDGE_CURVE('',#868,#868,#166,.T.);
#730=EDGE_CURVE('',#869,#869,#167,.T.);
#731=EDGE_CURVE('',#815,#792,#168,.F.);
#732=EDGE_CURVE('',#820,#802,#169,.F.);
#733=EDGE_CURVE('',#830,#797,#170,.F.);
#734=EDGE_CURVE('',#825,#810,#171,.F.);
#735=EDGE_CURVE('',#838,#805,#172,.F.);
#736=EDGE_CURVE('',#833,#787,#173,.F.);
#737=EDGE_CURVE('',#775,#771,#107,.T.);
#738=EDGE_CURVE('',#870,#870,#174,.T.);
#739=EDGE_CURVE('',#871,#871,#175,.T.);
#740=EDGE_CURVE('',#872,#872,#108,.T.);
#741=EDGE_CURVE('',#873,#873,#176,.T.);
#742=EDGE_CURVE('',#874,#874,#109,.T.);
#743=EDGE_CURVE('',#776,#770,#110,.T.);
#744=VERTEX_POINT('',#1755);
#745=VERTEX_POINT('',#1756);
#746=VERTEX_POINT('',#1758);
#747=VERTEX_POINT('',#1760);
#748=VERTEX_POINT('',#1762);
#749=VERTEX_POINT('',#1764);
#750=VERTEX_POINT('',#1766);
#751=VERTEX_POINT('',#1768);
#752=VERTEX_POINT('',#1770);
#753=VERTEX_POINT('',#1772);
#754=VERTEX_POINT('',#1774);
#755=VERTEX_POINT('',#1776);
#756=VERTEX_POINT('',#1778);
#757=VERTEX_POINT('',#1780);
#758=VERTEX_POINT('',#1782);
#759=VERTEX_POINT('',#1784);
#760=VERTEX_POINT('',#1786);
#761=VERTEX_POINT('',#1788);
#762=VERTEX_POINT('',#1798);
#763=VERTEX_POINT('',#1800);
#764=VERTEX_POINT('',#1802);
#765=VERTEX_POINT('',#1804);
#766=VERTEX_POINT('',#1806);
#767=VERTEX_POINT('',#1808);
#768=VERTEX_POINT('',#1811);
#769=VERTEX_POINT('',#1817);
#770=VERTEX_POINT('',#1818);
#771=VERTEX_POINT('',#1820);
#772=VERTEX_POINT('',#1822);
#773=VERTEX_POINT('',#1826);
#774=VERTEX_POINT('',#1827);
#775=VERTEX_POINT('',#1829);
#776=VERTEX_POINT('',#1831);
#777=VERTEX_POINT('',#1838);
#778=VERTEX_POINT('',#1839);
#779=VERTEX_POINT('',#1852);
#780=VERTEX_POINT('',#1854);
#781=VERTEX_POINT('',#1866);
#782=VERTEX_POINT('',#1868);
#783=VERTEX_POINT('',#1871);
#784=VERTEX_POINT('',#1872);
#785=VERTEX_POINT('',#1874);
#786=VERTEX_POINT('',#1876);
#787=VERTEX_POINT('',#1881);
#788=VERTEX_POINT('',#1889);
#789=VERTEX_POINT('',#1890);
#790=VERTEX_POINT('',#1892);
#791=VERTEX_POINT('',#1894);
#792=VERTEX_POINT('',#1899);
#793=VERTEX_POINT('',#1907);
#794=VERTEX_POINT('',#1908);
#795=VERTEX_POINT('',#1910);
#796=VERTEX_POINT('',#1912);
#797=VERTEX_POINT('',#1917);
#798=VERTEX_POINT('',#1925);
#799=VERTEX_POINT('',#1926);
#800=VERTEX_POINT('',#1928);
#801=VERTEX_POINT('',#1930);
#802=VERTEX_POINT('',#1935);
#803=VERTEX_POINT('',#1943);
#804=VERTEX_POINT('',#1945);
#805=VERTEX_POINT('',#1950);
#806=VERTEX_POINT('',#1958);
#807=VERTEX_POINT('',#1959);
#808=VERTEX_POINT('',#1961);
#809=VERTEX_POINT('',#1963);
#810=VERTEX_POINT('',#1968);
#811=VERTEX_POINT('',#1976);
#812=VERTEX_POINT('',#1977);
#813=VERTEX_POINT('',#1979);
#814=VERTEX_POINT('',#1981);
#815=VERTEX_POINT('',#1987);
#816=VERTEX_POINT('',#1994);
#817=VERTEX_POINT('',#1995);
#818=VERTEX_POINT('',#1997);
#819=VERTEX_POINT('',#1999);
#820=VERTEX_POINT('',#2005);
#821=VERTEX_POINT('',#2012);
#822=VERTEX_POINT('',#2013);
#823=VERTEX_POINT('',#2015);
#824=VERTEX_POINT('',#2017);
#825=VERTEX_POINT('',#2023);
#826=VERTEX_POINT('',#2030);
#827=VERTEX_POINT('',#2031);
#828=VERTEX_POINT('',#2033);
#829=VERTEX_POINT('',#2035);
#830=VERTEX_POINT('',#2041);
#831=VERTEX_POINT('',#2048);
#832=VERTEX_POINT('',#2049);
#833=VERTEX_POINT('',#2056);
#834=VERTEX_POINT('',#2063);
#835=VERTEX_POINT('',#2064);
#836=VERTEX_POINT('',#2066);
#837=VERTEX_POINT('',#2068);
#838=VERTEX_POINT('',#2074);
#839=VERTEX_POINT('',#2141);
#840=VERTEX_POINT('',#2143);
#841=VERTEX_POINT('',#2152);
#842=VERTEX_POINT('',#2153);
#843=VERTEX_POINT('',#2163);
#844=VERTEX_POINT('',#2165);
#845=VERTEX_POINT('',#2174);
#846=VERTEX_POINT('',#2175);
#847=VERTEX_POINT('',#2185);
#848=VERTEX_POINT('',#2187);
#849=VERTEX_POINT('',#2196);
#850=VERTEX_POINT('',#2197);
#851=VERTEX_POINT('',#2207);
#852=VERTEX_POINT('',#2209);
#853=VERTEX_POINT('',#2218);
#854=VERTEX_POINT('',#2219);
#855=VERTEX_POINT('',#2229);
#856=VERTEX_POINT('',#2231);
#857=VERTEX_POINT('',#2240);
#858=VERTEX_POINT('',#2241);
#859=VERTEX_POINT('',#2251);
#860=VERTEX_POINT('',#2252);
#861=VERTEX_POINT('',#2262);
#862=VERTEX_POINT('',#2264);
#863=VERTEX_POINT('',#2283);
#864=VERTEX_POINT('',#2309);
#865=VERTEX_POINT('',#2311);
#866=VERTEX_POINT('',#2313);
#867=VERTEX_POINT('',#2316);
#868=VERTEX_POINT('',#2319);
#869=VERTEX_POINT('',#2322);
#870=VERTEX_POINT('',#2355);
#871=VERTEX_POINT('',#2358);
#872=VERTEX_POINT('',#2371);
#873=VERTEX_POINT('',#2374);
#874=VERTEX_POINT('',#2397);
#875=LINE('',#1754,#939);
#876=LINE('',#1759,#940);
#877=LINE('',#1763,#941);
#878=LINE('',#1767,#942);
#879=LINE('',#1771,#943);
#880=LINE('',#1775,#944);
#881=LINE('',#1779,#945);
#882=LINE('',#1783,#946);
#883=LINE('',#1787,#947);
#884=LINE('',#1799,#948);
#885=LINE('',#1803,#949);
#886=LINE('',#1807,#950);
#887=LINE('',#1819,#951);
#888=LINE('',#1823,#952);
#889=LINE('',#1825,#953);
#890=LINE('',#1830,#954);
#891=LINE('',#1837,#955);
#892=LINE('',#1853,#956);
#893=LINE('',#1870,#957);
#894=LINE('',#1873,#958);
#895=LINE('',#1875,#959);
#896=LINE('',#1888,#960);
#897=LINE('',#1891,#961);
#898=LINE('',#1893,#962);
#899=LINE('',#1906,#963);
#900=LINE('',#1909,#964);
#901=LINE('',#1911,#965);
#902=LINE('',#1924,#966);
#903=LINE('',#1927,#967);
#904=LINE('',#1929,#968);
#905=LINE('',#1942,#969);
#906=LINE('',#1944,#970);
#907=LINE('',#1957,#971);
#908=LINE('',#1960,#972);
#909=LINE('',#1962,#973);
#910=LINE('',#1975,#974);
#911=LINE('',#1978,#975);
#912=LINE('',#1980,#976);
#913=LINE('',#1993,#977);
#914=LINE('',#1996,#978);
#915=LINE('',#1998,#979);
#916=LINE('',#2011,#980);
#917=LINE('',#2014,#981);
#918=LINE('',#2016,#982);
#919=LINE('',#2029,#983);
#920=LINE('',#2032,#984);
#921=LINE('',#2034,#985);
#922=LINE('',#2047,#986);
#923=LINE('',#2050,#987);
#924=LINE('',#2062,#988);
#925=LINE('',#2065,#989);
#926=LINE('',#2067,#990);
#927=LINE('',#2142,#991);
#928=LINE('',#2151,#992);
#929=LINE('',#2164,#993);
#930=LINE('',#2173,#994);
#931=LINE('',#2186,#995);
#932=LINE('',#2195,#996);
#933=LINE('',#2208,#997);
#934=LINE('',#2217,#998);
#935=LINE('',#2230,#999);
#936=LINE('',#2239,#1000);
#937=LINE('',#2250,#1001);
#938=LINE('',#2263,#1002);
#939=VECTOR('',#1430,1.);
#940=VECTOR('',#1433,1.);
#941=VECTOR('',#1436,1.);
#942=VECTOR('',#1439,1.);
#943=VECTOR('',#1442,1.);
#944=VECTOR('',#1445,1.);
#945=VECTOR('',#1448,1.);
#946=VECTOR('',#1451,1.);
#947=VECTOR('',#1454,1.);
#948=VECTOR('',#1455,1.);
#949=VECTOR('',#1458,1.);
#950=VECTOR('',#1461,1.);
#951=VECTOR('',#1468,1.);
#952=VECTOR('',#1471,1.);
#953=VECTOR('',#1474,1.);
#954=VECTOR('',#1477,1.);
#955=VECTOR('',#1480,1.);
#956=VECTOR('',#1487,1.);
#957=VECTOR('',#1496,1.);
#958=VECTOR('',#1497,1.);
#959=VECTOR('',#1498,1.);
#960=VECTOR('',#1501,1.);
#961=VECTOR('',#1502,1.);
#962=VECTOR('',#1503,1.);
#963=VECTOR('',#1506,1.);
#964=VECTOR('',#1507,1.);
#965=VECTOR('',#1508,1.);
#966=VECTOR('',#1511,1.);
#967=VECTOR('',#1512,1.);
#968=VECTOR('',#1513,1.);
#969=VECTOR('',#1516,1.);
#970=VECTOR('',#1517,1.);
#971=VECTOR('',#1520,1.);
#972=VECTOR('',#1521,1.);
#973=VECTOR('',#1522,1.);
#974=VECTOR('',#1525,1.);
#975=VECTOR('',#1526,1.);
#976=VECTOR('',#1527,1.);
#977=VECTOR('',#1530,1.);
#978=VECTOR('',#1531,1.);
#979=VECTOR('',#1532,1.);
#980=VECTOR('',#1535,1.);
#981=VECTOR('',#1536,1.);
#982=VECTOR('',#1537,1.);
#983=VECTOR('',#1540,1.);
#984=VECTOR('',#1541,1.);
#985=VECTOR('',#1542,1.);
#986=VECTOR('',#1545,1.);
#987=VECTOR('',#1546,1.);
#988=VECTOR('',#1549,1.);
#989=VECTOR('',#1550,1.);
#990=VECTOR('',#1551,1.);
#991=VECTOR('',#1596,1.);
#992=VECTOR('',#1599,1.);
#993=VECTOR('',#1606,1.);
#994=VECTOR('',#1609,1.);
#995=VECTOR('',#1616,1.);
#996=VECTOR('',#1619,1.);
#997=VECTOR('',#1626,1.);
#998=VECTOR('',#1629,1.);
#999=VECTOR('',#1636,1.);
#1000=VECTOR('',#1639,1.);
#1001=VECTOR('',#1644,1.);
#1002=VECTOR('',#1651,1.);
#1003=EDGE_LOOP('',(#177,#178,#179,#180,#181,#182,#183,#184,#185,#186,#187,
#188,#189,#190,#191,#192,#193,#194,#195,#196,#197,#198,#199,#200));
#1004=EDGE_LOOP('',(#201));
#1005=EDGE_LOOP('',(#202,#203,#204,#205));
#1006=EDGE_LOOP('',(#206,#207,#208,#209));
#1007=EDGE_LOOP('',(#210,#211,#212,#213,#214,#215));
#1008=EDGE_LOOP('',(#216,#217,#218,#219,#220,#221));
#1009=EDGE_LOOP('',(#222));
#1010=EDGE_LOOP('',(#223));
#1011=EDGE_LOOP('',(#224,#225,#226,#227,#228));
#1012=EDGE_LOOP('',(#229,#230,#231,#232,#233));
#1013=EDGE_LOOP('',(#234,#235,#236,#237,#238));
#1014=EDGE_LOOP('',(#239,#240,#241,#242,#243));
#1015=EDGE_LOOP('',(#244,#245,#246,#247,#248));
#1016=EDGE_LOOP('',(#249,#250,#251,#252,#253));
#1017=EDGE_LOOP('',(#254,#255,#256,#257,#258));
#1018=EDGE_LOOP('',(#259,#260,#261,#262,#263));
#1019=EDGE_LOOP('',(#264,#265,#266,#267,#268));
#1020=EDGE_LOOP('',(#269,#270,#271,#272,#273));
#1021=EDGE_LOOP('',(#274,#275,#276,#277,#278));
#1022=EDGE_LOOP('',(#279,#280,#281,#282,#283));
#1023=EDGE_LOOP('',(#284,#285,#286,#287));
#1024=EDGE_LOOP('',(#288,#289,#290,#291));
#1025=EDGE_LOOP('',(#292,#293,#294,#295));
#1026=EDGE_LOOP('',(#296,#297,#298,#299));
#1027=EDGE_LOOP('',(#300,#301,#302,#303));
#1028=EDGE_LOOP('',(#304,#305,#306,#307));
#1029=EDGE_LOOP('',(#308,#309,#310,#311));
#1030=EDGE_LOOP('',(#312,#313,#314,#315));
#1031=EDGE_LOOP('',(#316,#317,#318,#319));
#1032=EDGE_LOOP('',(#320,#321,#322,#323));
#1033=EDGE_LOOP('',(#324,#325,#326,#327));
#1034=EDGE_LOOP('',(#328,#329,#330,#331));
#1035=EDGE_LOOP('',(#332,#333,#334,#335));
#1036=EDGE_LOOP('',(#336,#337,#338,#339));
#1037=EDGE_LOOP('',(#340,#341,#342,#343));
#1038=EDGE_LOOP('',(#344,#345,#346,#347));
#1039=EDGE_LOOP('',(#348,#349,#350,#351));
#1040=EDGE_LOOP('',(#352,#353,#354,#355));
#1041=EDGE_LOOP('',(#356,#357,#358,#359));
#1042=EDGE_LOOP('',(#360,#361,#362,#363));
#1043=EDGE_LOOP('',(#364,#365,#366,#367));
#1044=EDGE_LOOP('',(#368,#369,#370,#371));
#1045=EDGE_LOOP('',(#372));
#1046=EDGE_LOOP('',(#373));
#1047=EDGE_LOOP('',(#374,#375,#376,#377,#378,#379,#380,#381,#382,#383,#384,
#385,#386,#387,#388,#389,#390,#391,#392,#393,#394,#395,#396,#397));
#1048=EDGE_LOOP('',(#398));
#1049=EDGE_LOOP('',(#399));
#1050=EDGE_LOOP('',(#400));
#1051=EDGE_LOOP('',(#401));
#1052=EDGE_LOOP('',(#402));
#1053=EDGE_LOOP('',(#403));
#1054=EDGE_LOOP('',(#404));
#1055=EDGE_LOOP('',(#405));
#1056=EDGE_LOOP('',(#406));
#1057=EDGE_LOOP('',(#407));
#1058=EDGE_LOOP('',(#408));
#1059=EDGE_LOOP('',(#409,#410,#411,#412,#413,#414));
#1060=EDGE_LOOP('',(#415,#416,#417,#418,#419,#420));
#1061=EDGE_LOOP('',(#421,#422,#423,#424,#425,#426));
#1062=EDGE_LOOP('',(#427,#428,#429,#430,#431,#432));
#1063=EDGE_LOOP('',(#433,#434,#435,#436,#437,#438));
#1064=EDGE_LOOP('',(#439,#440,#441,#442,#443,#444));
#1065=EDGE_LOOP('',(#445));
#1066=EDGE_LOOP('',(#446));
#1067=EDGE_LOOP('',(#447,#448,#449,#450,#451,#452,#453,#454));
#1068=EDGE_LOOP('',(#455,#456,#457,#458,#459,#460,#461,#462));
#1069=EDGE_LOOP('',(#463,#464,#465,#466,#467,#468,#469,#470));
#1070=EDGE_LOOP('',(#471,#472,#473,#474,#475,#476,#477,#478));
#1071=EDGE_LOOP('',(#479,#480,#481,#482,#483,#484,#485,#486));
#1072=EDGE_LOOP('',(#487,#488,#489,#490,#491,#492,#493,#494,#495,#496));
#1073=EDGE_LOOP('',(#497));
#1074=EDGE_LOOP('',(#498));
#1075=EDGE_LOOP('',(#499));
#1076=EDGE_LOOP('',(#500));
#1077=EDGE_LOOP('',(#501));
#1078=EDGE_LOOP('',(#502));
#1079=EDGE_LOOP('',(#503));
#1080=EDGE_LOOP('',(#504));
#1081=EDGE_LOOP('',(#505));
#1082=EDGE_LOOP('',(#506,#507,#508,#509,#510,#511));
#1083=EDGE_LOOP('',(#512,#513,#514,#515,#516,#517));
#1084=EDGE_LOOP('',(#518,#519,#520,#521,#522,#523));
#1085=EDGE_LOOP('',(#524,#525,#526,#527,#528,#529));
#1086=EDGE_LOOP('',(#530,#531,#532,#533,#534,#535));
#1087=EDGE_LOOP('',(#536,#537,#538,#539,#540,#541));
#1088=EDGE_LOOP('',(#542));
#1089=EDGE_LOOP('',(#543));
#1090=EDGE_LOOP('',(#544));
#1091=EDGE_LOOP('',(#545,#546,#547,#548,#549,#550));
#1092=EDGE_LOOP('',(#551,#552,#553,#554));
#1093=FACE_BOUND('',#1003,.T.);
#1094=FACE_BOUND('',#1004,.T.);
#1095=FACE_BOUND('',#1005,.T.);
#1096=FACE_BOUND('',#1006,.T.);
#1097=FACE_BOUND('',#1007,.T.);
#1098=FACE_BOUND('',#1008,.T.);
#1099=FACE_BOUND('',#1009,.T.);
#1100=FACE_BOUND('',#1010,.T.);
#1101=FACE_BOUND('',#1011,.T.);
#1102=FACE_BOUND('',#1012,.T.);
#1103=FACE_BOUND('',#1013,.T.);
#1104=FACE_BOUND('',#1014,.T.);
#1105=FACE_BOUND('',#1015,.T.);
#1106=FACE_BOUND('',#1016,.T.);
#1107=FACE_BOUND('',#1017,.T.);
#1108=FACE_BOUND('',#1018,.T.);
#1109=FACE_BOUND('',#1019,.T.);
#1110=FACE_BOUND('',#1020,.T.);
#1111=FACE_BOUND('',#1021,.T.);
#1112=FACE_BOUND('',#1022,.T.);
#1113=FACE_BOUND('',#1023,.T.);
#1114=FACE_BOUND('',#1024,.T.);
#1115=FACE_BOUND('',#1025,.T.);
#1116=FACE_BOUND('',#1026,.T.);
#1117=FACE_BOUND('',#1027,.T.);
#1118=FACE_BOUND('',#1028,.T.);
#1119=FACE_BOUND('',#1029,.T.);
#1120=FACE_BOUND('',#1030,.T.);
#1121=FACE_BOUND('',#1031,.T.);
#1122=FACE_BOUND('',#1032,.T.);
#1123=FACE_BOUND('',#1033,.T.);
#1124=FACE_BOUND('',#1034,.T.);
#1125=FACE_BOUND('',#1035,.T.);
#1126=FACE_BOUND('',#1036,.T.);
#1127=FACE_BOUND('',#1037,.T.);
#1128=FACE_BOUND('',#1038,.T.);
#1129=FACE_BOUND('',#1039,.T.);
#1130=FACE_BOUND('',#1040,.T.);
#1131=FACE_BOUND('',#1041,.T.);
#1132=FACE_BOUND('',#1042,.T.);
#1133=FACE_BOUND('',#1043,.T.);
#1134=FACE_BOUND('',#1044,.T.);
#1135=FACE_BOUND('',#1045,.T.);
#1136=FACE_BOUND('',#1046,.T.);
#1137=FACE_BOUND('',#1047,.T.);
#1138=FACE_BOUND('',#1048,.T.);
#1139=FACE_BOUND('',#1049,.T.);
#1140=FACE_BOUND('',#1050,.T.);
#1141=FACE_BOUND('',#1051,.T.);
#1142=FACE_BOUND('',#1052,.T.);
#1143=FACE_BOUND('',#1053,.T.);
#1144=FACE_BOUND('',#1054,.T.);
#1145=FACE_BOUND('',#1055,.T.);
#1146=FACE_BOUND('',#1056,.T.);
#1147=FACE_BOUND('',#1057,.T.);
#1148=FACE_BOUND('',#1058,.T.);
#1149=FACE_BOUND('',#1059,.T.);
#1150=FACE_BOUND('',#1060,.T.);
#1151=FACE_BOUND('',#1061,.T.);
#1152=FACE_BOUND('',#1062,.T.);
#1153=FACE_BOUND('',#1063,.T.);
#1154=FACE_BOUND('',#1064,.T.);
#1155=FACE_BOUND('',#1065,.T.);
#1156=FACE_BOUND('',#1066,.T.);
#1157=FACE_BOUND('',#1067,.T.);
#1158=FACE_BOUND('',#1068,.T.);
#1159=FACE_BOUND('',#1069,.T.);
#1160=FACE_BOUND('',#1070,.T.);
#1161=FACE_BOUND('',#1071,.T.);
#1162=FACE_BOUND('',#1072,.T.);
#1163=FACE_BOUND('',#1073,.T.);
#1164=FACE_BOUND('',#1074,.T.);
#1165=FACE_BOUND('',#1075,.T.);
#1166=FACE_BOUND('',#1076,.T.);
#1167=FACE_BOUND('',#1077,.T.);
#1168=FACE_BOUND('',#1078,.T.);
#1169=FACE_BOUND('',#1079,.T.);
#1170=FACE_BOUND('',#1080,.T.);
#1171=FACE_BOUND('',#1081,.T.);
#1172=FACE_BOUND('',#1082,.T.);
#1173=FACE_BOUND('',#1083,.T.);
#1174=FACE_BOUND('',#1084,.T.);
#1175=FACE_BOUND('',#1085,.T.);
#1176=FACE_BOUND('',#1086,.T.);
#1177=FACE_BOUND('',#1087,.T.);
#1178=FACE_BOUND('',#1088,.T.);
#1179=FACE_BOUND('',#1089,.T.);
#1180=FACE_BOUND('',#1090,.T.);
#1181=FACE_BOUND('',#1091,.T.);
#1182=FACE_BOUND('',#1092,.T.);
#1183=CYLINDRICAL_SURFACE('',#1296,0.008);
#1184=CYLINDRICAL_SURFACE('',#1309,0.008);
#1185=CYLINDRICAL_SURFACE('',#1311,0.008);
#1186=CYLINDRICAL_SURFACE('',#1313,0.002);
#1187=CYLINDRICAL_SURFACE('',#1315,0.002);
#1188=CYLINDRICAL_SURFACE('',#1332,0.002);
#1189=CYLINDRICAL_SURFACE('',#1334,0.002);
#1190=CYLINDRICAL_SURFACE('',#1336,0.002);
#1191=CYLINDRICAL_SURFACE('',#1338,0.002);
#1192=CYLINDRICAL_SURFACE('',#1340,0.002);
#1193=CYLINDRICAL_SURFACE('',#1342,0.002);
#1194=CYLINDRICAL_SURFACE('',#1344,0.002);
#1195=CYLINDRICAL_SURFACE('',#1346,0.002);
#1196=CYLINDRICAL_SURFACE('',#1348,0.002);
#1197=CYLINDRICAL_SURFACE('',#1350,0.002);
#1198=CYLINDRICAL_SURFACE('',#1352,0.002);
#1199=CYLINDRICAL_SURFACE('',#1354,0.002);
#1200=CYLINDRICAL_SURFACE('',#1356,0.002);
#1201=CYLINDRICAL_SURFACE('',#1358,0.002);
#1202=CYLINDRICAL_SURFACE('',#1360,0.002);
#1203=CYLINDRICAL_SURFACE('',#1362,0.002);
#1204=CYLINDRICAL_SURFACE('',#1364,0.002);
#1205=CYLINDRICAL_SURFACE('',#1366,0.002);
#1206=CYLINDRICAL_SURFACE('',#1368,0.002);
#1207=CYLINDRICAL_SURFACE('',#1370,0.002);
#1208=CYLINDRICAL_SURFACE('',#1372,0.002);
#1209=CYLINDRICAL_SURFACE('',#1374,0.002);
#1210=CYLINDRICAL_SURFACE('',#1376,0.0155);
#1211=CYLINDRICAL_SURFACE('',#1392,0.019);
#1212=CYLINDRICAL_SURFACE('',#1394,0.0175);
#1213=CYLINDRICAL_SURFACE('',#1398,0.019);
#1214=CYLINDRICAL_SURFACE('',#1411,0.0021);
#1215=CYLINDRICAL_SURFACE('',#1416,0.006);
#1216=CYLINDRICAL_SURFACE('',#1417,0.001);
#1217=ADVANCED_FACE('',(#1093,#1094),#1183,.T.);
#1218=ADVANCED_FACE('',(#1095),#1184,.T.);
#1219=ADVANCED_FACE('',(#1096),#1185,.T.);
#1220=ADVANCED_FACE('',(#1097),#1186,.F.);
#1221=ADVANCED_FACE('',(#1098),#1187,.F.);
#1222=ADVANCED_FACE('',(#1099,#1100),#36,.F.);
#1223=ADVANCED_FACE('',(#1101),#37,.T.);
#1224=ADVANCED_FACE('',(#1102),#38,.T.);
#1225=ADVANCED_FACE('',(#1103),#39,.T.);
#1226=ADVANCED_FACE('',(#1104),#40,.T.);
#1227=ADVANCED_FACE('',(#1105),#41,.T.);
#1228=ADVANCED_FACE('',(#1106),#42,.T.);
#1229=ADVANCED_FACE('',(#1107),#43,.T.);
#1230=ADVANCED_FACE('',(#1108),#44,.T.);
#1231=ADVANCED_FACE('',(#1109),#45,.T.);
#1232=ADVANCED_FACE('',(#1110),#46,.T.);
#1233=ADVANCED_FACE('',(#1111),#47,.T.);
#1234=ADVANCED_FACE('',(#1112),#48,.T.);
#1235=ADVANCED_FACE('',(#1113),#1188,.F.);
#1236=ADVANCED_FACE('',(#1114),#1189,.F.);
#1237=ADVANCED_FACE('',(#1115),#1190,.F.);
#1238=ADVANCED_FACE('',(#1116),#1191,.F.);
#1239=ADVANCED_FACE('',(#1117),#1192,.F.);
#1240=ADVANCED_FACE('',(#1118),#1193,.F.);
#1241=ADVANCED_FACE('',(#1119),#1194,.F.);
#1242=ADVANCED_FACE('',(#1120),#1195,.F.);
#1243=ADVANCED_FACE('',(#1121),#1196,.F.);
#1244=ADVANCED_FACE('',(#1122),#1197,.F.);
#1245=ADVANCED_FACE('',(#1123),#1198,.F.);
#1246=ADVANCED_FACE('',(#1124),#1199,.F.);
#1247=ADVANCED_FACE('',(#1125),#1200,.F.);
#1248=ADVANCED_FACE('',(#1126),#1201,.F.);
#1249=ADVANCED_FACE('',(#1127),#1202,.F.);
#1250=ADVANCED_FACE('',(#1128),#1203,.F.);
#1251=ADVANCED_FACE('',(#1129),#1204,.F.);
#1252=ADVANCED_FACE('',(#1130),#1205,.F.);
#1253=ADVANCED_FACE('',(#1131),#1206,.F.);
#1254=ADVANCED_FACE('',(#1132),#1207,.F.);
#1255=ADVANCED_FACE('',(#1133),#1208,.F.);
#1256=ADVANCED_FACE('',(#1134),#1209,.F.);
#1257=ADVANCED_FACE('',(#1135,#1136,#1137),#1210,.F.);
#1258=ADVANCED_FACE('',(#1138,#1139,#1140),#28,.F.);
#1259=ADVANCED_FACE('',(#1141,#1142),#1211,.T.);
#1260=ADVANCED_FACE('',(#1143,#1144),#1212,.T.);
#1261=ADVANCED_FACE('',(#1145,#1146),#29,.F.);
#1262=ADVANCED_FACE('',(#1147,#1148),#1213,.T.);
#1263=ADVANCED_FACE('',(#1149),#22,.F.);
#1264=ADVANCED_FACE('',(#1150),#23,.F.);
#1265=ADVANCED_FACE('',(#1151),#24,.F.);
#1266=ADVANCED_FACE('',(#1152),#25,.F.);
#1267=ADVANCED_FACE('',(#1153),#26,.F.);
#1268=ADVANCED_FACE('',(#1154),#27,.F.);
#1269=ADVANCED_FACE('',(#1155,#1156),#1214,.F.);
#1270=ADVANCED_FACE('',(#1157,#1158,#1159,#1160,#1161,#1162,#1163,#1164),
#49,.F.);
#1271=ADVANCED_FACE('',(#1165,#1166),#50,.F.);
#1272=ADVANCED_FACE('',(#1167,#1168,#1169),#1215,.F.);
#1273=ADVANCED_FACE('',(#1170,#1171),#1216,.F.);
#1274=ADVANCED_FACE('',(#1172),#30,.F.);
#1275=ADVANCED_FACE('',(#1173),#31,.F.);
#1276=ADVANCED_FACE('',(#1174),#32,.F.);
#1277=ADVANCED_FACE('',(#1175),#33,.F.);
#1278=ADVANCED_FACE('',(#1176),#34,.F.);
#1279=ADVANCED_FACE('',(#1177),#35,.F.);
#1280=ADVANCED_FACE('',(#1178,#1179),#51,.F.);
#1281=ADVANCED_FACE('',(#1180,#1181),#21,.F.);
#1282=ADVANCED_FACE('',(#1182),#20,.T.);
#1283=CLOSED_SHELL('',(#1217,#1218,#1219,#1220,#1221,#1222,#1223,#1224,
#1225,#1226,#1227,#1228,#1229,#1230,#1231,#1232,#1233,#1234,#1235,#1236,
#1237,#1238,#1239,#1240,#1241,#1242,#1243,#1244,#1245,#1246,#1247,#1248,
#1249,#1250,#1251,#1252,#1253,#1254,#1255,#1256,#1257,#1258,#1259,#1260,
#1261,#1262,#1263,#1264,#1265,#1266,#1267,#1268,#1269,#1270,#1271,#1272,
#1273,#1274,#1275,#1276,#1277,#1278,#1279,#1280,#1281,#1282));
#1284=STYLED_ITEM('',(#1285),#1292);
#1285=PRESENTATION_STYLE_ASSIGNMENT((#1286));
#1286=SURFACE_STYLE_USAGE(.BOTH.,#1287);
#1287=SURFACE_SIDE_STYLE('',(#1288));
#1288=SURFACE_STYLE_FILL_AREA(#1289);
#1289=FILL_AREA_STYLE('',(#1290));
#1290=FILL_AREA_STYLE_COLOUR('',#1291);
#1291=COLOUR_RGB('',0.498039215686275,0.498039215686275,0.498039215686275);
#1292=MANIFOLD_SOLID_BREP('Hub',#1283);
#1293=SHAPE_DEFINITION_REPRESENTATION(#2488,#1294);
#1294=SHAPE_REPRESENTATION('Hub',(#1295),#2483);
#1295=AXIS2_PLACEMENT_3D('',#1752,#1426,#1427);
#1296=AXIS2_PLACEMENT_3D('',#1753,#1428,#1429);
#1297=AXIS2_PLACEMENT_3D('',#1757,#1431,#1432);
#1298=AXIS2_PLACEMENT_3D('',#1761,#1434,#1435);
#1299=AXIS2_PLACEMENT_3D('',#1765,#1437,#1438);
#1300=AXIS2_PLACEMENT_3D('',#1769,#1440,#1441);
#1301=AXIS2_PLACEMENT_3D('',#1773,#1443,#1444);
#1302=AXIS2_PLACEMENT_3D('',#1777,#1446,#1447);
#1303=AXIS2_PLACEMENT_3D('',#1781,#1449,#1450);
#1304=AXIS2_PLACEMENT_3D('',#1785,#1452,#1453);
#1305=AXIS2_PLACEMENT_3D('',#1801,#1456,#1457);
#1306=AXIS2_PLACEMENT_3D('',#1805,#1459,#1460);
#1307=AXIS2_PLACEMENT_3D('',#1809,#1462,#1463);
#1308=AXIS2_PLACEMENT_3D('',#1810,#1464,#1465);
#1309=AXIS2_PLACEMENT_3D('',#1812,#1466,#1467);
#1310=AXIS2_PLACEMENT_3D('',#1821,#1469,#1470);
#1311=AXIS2_PLACEMENT_3D('',#1824,#1472,#1473);
#1312=AXIS2_PLACEMENT_3D('',#1828,#1475,#1476);
#1313=AXIS2_PLACEMENT_3D('',#1836,#1478,#1479);
#1314=AXIS2_PLACEMENT_3D('',#1840,#1481,#1482);
#1315=AXIS2_PLACEMENT_3D('',#1850,#1483,#1484);
#1316=AXIS2_PLACEMENT_3D('',#1851,#1485,#1486);
#1317=AXIS2_PLACEMENT_3D('',#1864,#1488,#1489);
#1318=AXIS2_PLACEMENT_3D('',#1865,#1490,#1491);
#1319=AXIS2_PLACEMENT_3D('',#1867,#1492,#1493);
#1320=AXIS2_PLACEMENT_3D('',#1869,#1494,#1495);
#1321=AXIS2_PLACEMENT_3D('',#1887,#1499,#1500);
#1322=AXIS2_PLACEMENT_3D('',#1905,#1504,#1505);
#1323=AXIS2_PLACEMENT_3D('',#1923,#1509,#1510);
#1324=AXIS2_PLACEMENT_3D('',#1941,#1514,#1515);
#1325=AXIS2_PLACEMENT_3D('',#1956,#1518,#1519);
#1326=AXIS2_PLACEMENT_3D('',#1974,#1523,#1524);
#1327=AXIS2_PLACEMENT_3D('',#1992,#1528,#1529);
#1328=AXIS2_PLACEMENT_3D('',#2010,#1533,#1534);
#1329=AXIS2_PLACEMENT_3D('',#2028,#1538,#1539);
#1330=AXIS2_PLACEMENT_3D('',#2046,#1543,#1544);
#1331=AXIS2_PLACEMENT_3D('',#2061,#1547,#1548);
#1332=AXIS2_PLACEMENT_3D('',#2079,#1552,#1553);
#1333=AXIS2_PLACEMENT_3D('',#2080,#1554,#1555);
#1334=AXIS2_PLACEMENT_3D('',#2085,#1556,#1557);
#1335=AXIS2_PLACEMENT_3D('',#2086,#1558,#1559);
#1336=AXIS2_PLACEMENT_3D('',#2091,#1560,#1561);
#1337=AXIS2_PLACEMENT_3D('',#2092,#1562,#1563);
#1338=AXIS2_PLACEMENT_3D('',#2097,#1564,#1565);
#1339=AXIS2_PLACEMENT_3D('',#2098,#1566,#1567);
#1340=AXIS2_PLACEMENT_3D('',#2103,#1568,#1569);
#1341=AXIS2_PLACEMENT_3D('',#2104,#1570,#1571);
#1342=AXIS2_PLACEMENT_3D('',#2109,#1572,#1573);
#1343=AXIS2_PLACEMENT_3D('',#2110,#1574,#1575);
#1344=AXIS2_PLACEMENT_3D('',#2115,#1576,#1577);
#1345=AXIS2_PLACEMENT_3D('',#2116,#1578,#1579);
#1346=AXIS2_PLACEMENT_3D('',#2121,#1580,#1581);
#1347=AXIS2_PLACEMENT_3D('',#2122,#1582,#1583);
#1348=AXIS2_PLACEMENT_3D('',#2127,#1584,#1585);
#1349=AXIS2_PLACEMENT_3D('',#2128,#1586,#1587);
#1350=AXIS2_PLACEMENT_3D('',#2133,#1588,#1589);
#1351=AXIS2_PLACEMENT_3D('',#2134,#1590,#1591);
#1352=AXIS2_PLACEMENT_3D('',#2139,#1592,#1593);
#1353=AXIS2_PLACEMENT_3D('',#2140,#1594,#1595);
#1354=AXIS2_PLACEMENT_3D('',#2150,#1597,#1598);
#1355=AXIS2_PLACEMENT_3D('',#2154,#1600,#1601);
#1356=AXIS2_PLACEMENT_3D('',#2161,#1602,#1603);
#1357=AXIS2_PLACEMENT_3D('',#2162,#1604,#1605);
#1358=AXIS2_PLACEMENT_3D('',#2172,#1607,#1608);
#1359=AXIS2_PLACEMENT_3D('',#2176,#1610,#1611);
#1360=AXIS2_PLACEMENT_3D('',#2183,#1612,#1613);
#1361=AXIS2_PLACEMENT_3D('',#2184,#1614,#1615);
#1362=AXIS2_PLACEMENT_3D('',#2194,#1617,#1618);
#1363=AXIS2_PLACEMENT_3D('',#2198,#1620,#1621);
#1364=AXIS2_PLACEMENT_3D('',#2205,#1622,#1623);
#1365=AXIS2_PLACEMENT_3D('',#2206,#1624,#1625);
#1366=AXIS2_PLACEMENT_3D('',#2216,#1627,#1628);
#1367=AXIS2_PLACEMENT_3D('',#2220,#1630,#1631);
#1368=AXIS2_PLACEMENT_3D('',#2227,#1632,#1633);
#1369=AXIS2_PLACEMENT_3D('',#2228,#1634,#1635);
#1370=AXIS2_PLACEMENT_3D('',#2238,#1637,#1638);
#1371=AXIS2_PLACEMENT_3D('',#2242,#1640,#1641);
#1372=AXIS2_PLACEMENT_3D('',#2249,#1642,#1643);
#1373=AXIS2_PLACEMENT_3D('',#2253,#1645,#1646);
#1374=AXIS2_PLACEMENT_3D('',#2260,#1647,#1648);
#1375=AXIS2_PLACEMENT_3D('',#2261,#1649,#1650);
#1376=AXIS2_PLACEMENT_3D('',#2271,#1652,#1653);
#1377=AXIS2_PLACEMENT_3D('',#2284,#1654,#1655);
#1378=AXIS2_PLACEMENT_3D('',#2285,#1656,#1657);
#1379=AXIS2_PLACEMENT_3D('',#2286,#1658,#1659);
#1380=AXIS2_PLACEMENT_3D('',#2287,#1660,#1661);
#1381=AXIS2_PLACEMENT_3D('',#2288,#1662,#1663);
#1382=AXIS2_PLACEMENT_3D('',#2289,#1664,#1665);
#1383=AXIS2_PLACEMENT_3D('',#2290,#1666,#1667);
#1384=AXIS2_PLACEMENT_3D('',#2291,#1668,#1669);
#1385=AXIS2_PLACEMENT_3D('',#2292,#1670,#1671);
#1386=AXIS2_PLACEMENT_3D('',#2293,#1672,#1673);
#1387=AXIS2_PLACEMENT_3D('',#2294,#1674,#1675);
#1388=AXIS2_PLACEMENT_3D('',#2295,#1676,#1677);
#1389=AXIS2_PLACEMENT_3D('',#2296,#1678,#1679);
#1390=AXIS2_PLACEMENT_3D('',#2310,#1680,#1681);
#1391=AXIS2_PLACEMENT_3D('',#2312,#1682,#1683);
#1392=AXIS2_PLACEMENT_3D('',#2314,#1684,#1685);
#1393=AXIS2_PLACEMENT_3D('',#2315,#1686,#1687);
#1394=AXIS2_PLACEMENT_3D('',#2317,#1688,#1689);
#1395=AXIS2_PLACEMENT_3D('',#2318,#1690,#1691);
#1396=AXIS2_PLACEMENT_3D('',#2320,#1692,#1693);
#1397=AXIS2_PLACEMENT_3D('',#2321,#1694,#1695);
#1398=AXIS2_PLACEMENT_3D('',#2323,#1696,#1697);
#1399=AXIS2_PLACEMENT_3D('',#2324,#1698,#1699);
#1400=AXIS2_PLACEMENT_3D('',#2325,#1700,#1701);
#1401=AXIS2_PLACEMENT_3D('',#2326,#1702,#1703);
#1402=AXIS2_PLACEMENT_3D('',#2327,#1704,#1705);
#1403=AXIS2_PLACEMENT_3D('',#2328,#1706,#1707);
#1404=AXIS2_PLACEMENT_3D('',#2329,#1708,#1709);
#1405=AXIS2_PLACEMENT_3D('',#2330,#1710,#1711);
#1406=AXIS2_PLACEMENT_3D('',#2331,#1712,#1713);
#1407=AXIS2_PLACEMENT_3D('',#2332,#1714,#1715);
#1408=AXIS2_PLACEMENT_3D('',#2333,#1716,#1717);
#1409=AXIS2_PLACEMENT_3D('',#2334,#1718,#1719);
#1410=AXIS2_PLACEMENT_3D('',#2335,#1720,#1721);
#1411=AXIS2_PLACEMENT_3D('',#2336,#1722,#1723);
#1412=AXIS2_PLACEMENT_3D('',#2337,#1724,#1725);
#1413=AXIS2_PLACEMENT_3D('',#2354,#1726,#1727);
#1414=AXIS2_PLACEMENT_3D('',#2356,#1728,#1729);
#1415=AXIS2_PLACEMENT_3D('',#2357,#1730,#1731);
#1416=AXIS2_PLACEMENT_3D('',#2359,#1732,#1733);
#1417=AXIS2_PLACEMENT_3D('',#2372,#1734,#1735);
#1418=AXIS2_PLACEMENT_3D('',#2373,#1736,#1737);
#1419=AXIS2_PLACEMENT_3D('',#2375,#1738,#1739);
#1420=AXIS2_PLACEMENT_3D('',#2376,#1740,#1741);
#1421=AXIS2_PLACEMENT_3D('',#2377,#1742,#1743);
#1422=AXIS2_PLACEMENT_3D('',#2378,#1744,#1745);
#1423=AXIS2_PLACEMENT_3D('',#2379,#1746,#1747);
#1424=AXIS2_PLACEMENT_3D('',#2380,#1748,#1749);
#1425=AXIS2_PLACEMENT_3D('',#2381,#1750,#1751);
#1426=DIRECTION('',(0.,0.,1.));
#1427=DIRECTION('',(1.,0.,0.));
#1428=DIRECTION('',(0.,0.,1.));
#1429=DIRECTION('',(1.,0.,0.));
#1430=DIRECTION('',(0.,0.,1.));
#1431=DIRECTION('',(0.,0.,1.));
#1432=DIRECTION('',(1.,0.,0.));
#1433=DIRECTION('',(0.,0.,1.));
#1434=DIRECTION('',(0.,0.,1.));
#1435=DIRECTION('',(1.,0.,0.));
#1436=DIRECTION('',(0.,0.,1.));
#1437=DIRECTION('',(0.,0.,1.));
#1438=DIRECTION('',(1.,0.,0.));
#1439=DIRECTION('',(0.,0.,1.));
#1440=DIRECTION('',(0.,0.,1.));
#1441=DIRECTION('',(1.,0.,0.));
#1442=DIRECTION('',(0.,0.,1.));
#1443=DIRECTION('',(0.,0.,1.));
#1444=DIRECTION('',(1.,0.,0.));
#1445=DIRECTION('',(0.,0.,1.));
#1446=DIRECTION('',(0.,0.,1.));
#1447=DIRECTION('',(1.,0.,0.));
#1448=DIRECTION('',(0.,0.,1.));
#1449=DIRECTION('',(0.,0.,1.));
#1450=DIRECTION('',(1.,0.,0.));
#1451=DIRECTION('',(0.,0.,1.));
#1452=DIRECTION('',(0.,0.,1.));
#1453=DIRECTION('',(1.,0.,0.));
#1454=DIRECTION('',(0.,0.,1.));
#1455=DIRECTION('',(0.,0.,1.));
#1456=DIRECTION('',(0.,0.,1.));
#1457=DIRECTION('',(1.,0.,0.));
#1458=DIRECTION('',(0.,0.,1.));
#1459=DIRECTION('',(0.,0.,1.));
#1460=DIRECTION('',(1.,0.,0.));
#1461=DIRECTION('',(0.,0.,1.));
#1462=DIRECTION('',(0.,0.,1.));
#1463=DIRECTION('',(1.,0.,0.));
#1464=DIRECTION('',(0.,0.,1.));
#1465=DIRECTION('',(1.,0.,0.));
#1466=DIRECTION('',(0.,0.,1.));
#1467=DIRECTION('',(1.,0.,0.));
#1468=DIRECTION('',(0.,0.,1.));
#1469=DIRECTION('',(0.,0.,1.));
#1470=DIRECTION('',(1.,0.,0.));
#1471=DIRECTION('',(0.,0.,1.));
#1472=DIRECTION('',(0.,0.,1.));
#1473=DIRECTION('',(1.,0.,0.));
#1474=DIRECTION('',(0.,0.,1.));
#1475=DIRECTION('',(0.,0.,1.));
#1476=DIRECTION('',(1.,0.,0.));
#1477=DIRECTION('',(0.,0.,1.));
#1478=DIRECTION('',(0.,0.,-1.));
#1479=DIRECTION('',(-1.,0.,0.));
#1480=DIRECTION('',(0.,0.,1.));
#1481=DIRECTION('',(0.,0.,1.));
#1482=DIRECTION('',(1.,0.,0.));
#1483=DIRECTION('',(0.,0.,-1.));
#1484=DIRECTION('',(-1.,0.,0.));
#1485=DIRECTION('',(0.,0.,1.));
#1486=DIRECTION('',(1.,0.,0.));
#1487=DIRECTION('',(0.,0.,1.));
#1488=DIRECTION('',(0.,0.,-1.));
#1489=DIRECTION('',(-1.,0.,0.));
#1490=DIRECTION('',(0.,0.,1.));
#1491=DIRECTION('',(1.,0.,0.));
#1492=DIRECTION('',(0.,0.,1.));
#1493=DIRECTION('',(1.,0.,0.));
#1494=DIRECTION('',(0.5,0.866025403784439,0.));
#1495=DIRECTION('',(-0.866025403784439,0.5,0.));
#1496=DIRECTION('',(0.,0.,1.));
#1497=DIRECTION('',(0.866025403784439,-0.5,0.));
#1498=DIRECTION('',(0.,0.,1.));
#1499=DIRECTION('',(1.,0.,0.));
#1500=DIRECTION('',(0.,0.,-1.));
#1501=DIRECTION('',(0.,0.,1.));
#1502=DIRECTION('',(0.,-1.,0.));
#1503=DIRECTION('',(0.,0.,1.));
#1504=DIRECTION('',(-0.5,-0.866025403784439,0.));
#1505=DIRECTION('',(0.866025403784439,-0.5,0.));
#1506=DIRECTION('',(0.,0.,1.));
#1507=DIRECTION('',(-0.866025403784439,0.5,0.));
#1508=DIRECTION('',(0.,0.,1.));
#1509=DIRECTION('',(0.5,-0.866025403784439,0.));
#1510=DIRECTION('',(0.866025403784439,0.5,0.));
#1511=DIRECTION('',(0.,0.,1.));
#1512=DIRECTION('',(-0.866025403784439,-0.5,0.));
#1513=DIRECTION('',(0.,0.,1.));
#1514=DIRECTION('',(-0.5,0.866025403784439,0.));
#1515=DIRECTION('',(-0.866025403784439,-0.5,0.));
#1516=DIRECTION('',(0.866025403784439,0.5,0.));
#1517=DIRECTION('',(0.,0.,1.));
#1518=DIRECTION('',(-1.,2.61051501117861E-16,0.));
#1519=DIRECTION('',(-2.61051501117861E-16,-1.,0.));
#1520=DIRECTION('',(0.,0.,1.));
#1521=DIRECTION('',(2.61051501117861E-16,1.,0.));
#1522=DIRECTION('',(0.,0.,1.));
#1523=DIRECTION('',(-1.,-1.3052575055893E-16,0.));
#1524=DIRECTION('',(1.3052575055893E-16,-1.,0.));
#1525=DIRECTION('',(0.,0.,1.));
#1526=DIRECTION('',(-1.3052575055893E-16,1.,0.));
#1527=DIRECTION('',(0.,0.,1.));
#1528=DIRECTION('',(-0.5,0.866025403784439,0.));
#1529=DIRECTION('',(-0.866025403784439,-0.5,0.));
#1530=DIRECTION('',(0.,0.,1.));
#1531=DIRECTION('',(0.866025403784439,0.5,0.));
#1532=DIRECTION('',(0.,0.,1.));
#1533=DIRECTION('',(1.,-1.95788625838396E-16,0.));
#1534=DIRECTION('',(1.95788625838396E-16,1.,0.));
#1535=DIRECTION('',(0.,0.,1.));
#1536=DIRECTION('',(-1.95788625838396E-16,-1.,0.));
#1537=DIRECTION('',(0.,0.,1.));
#1538=DIRECTION('',(0.5,0.866025403784439,0.));
#1539=DIRECTION('',(-0.866025403784439,0.5,0.));
#1540=DIRECTION('',(0.,0.,1.));
#1541=DIRECTION('',(0.866025403784439,-0.5,0.));
#1542=DIRECTION('',(0.,0.,1.));
#1543=DIRECTION('',(-0.5,-0.866025403784438,0.));
#1544=DIRECTION('',(0.866025403784438,-0.5,0.));
#1545=DIRECTION('',(0.,0.,1.));
#1546=DIRECTION('',(-0.866025403784438,0.5,0.));
#1547=DIRECTION('',(0.5,-0.866025403784439,0.));
#1548=DIRECTION('',(0.866025403784439,0.5,0.));
#1549=DIRECTION('',(0.,0.,1.));
#1550=DIRECTION('',(-0.866025403784439,-0.5,0.));
#1551=DIRECTION('',(0.,0.,1.));
#1552=DIRECTION('',(0.,0.,-1.));
#1553=DIRECTION('',(-1.,0.,0.));
#1554=DIRECTION('',(0.,0.,1.));
#1555=DIRECTION('',(1.,0.,0.));
#1556=DIRECTION('',(0.,0.,-1.));
#1557=DIRECTION('',(-1.,0.,0.));
#1558=DIRECTION('',(0.,0.,1.));
#1559=DIRECTION('',(1.,0.,0.));
#1560=DIRECTION('',(0.,0.,-1.));
#1561=DIRECTION('',(-1.,0.,0.));
#1562=DIRECTION('',(0.,0.,1.));
#1563=DIRECTION('',(1.,0.,0.));
#1564=DIRECTION('',(0.,0.,-1.));
#1565=DIRECTION('',(-1.,0.,0.));
#1566=DIRECTION('',(0.,0.,1.));
#1567=DIRECTION('',(1.,0.,0.));
#1568=DIRECTION('',(0.,0.,-1.));
#1569=DIRECTION('',(-1.,0.,0.));
#1570=DIRECTION('',(0.,0.,1.));
#1571=DIRECTION('',(1.,0.,0.));
#1572=DIRECTION('',(0.,0.,-1.));
#1573=DIRECTION('',(-1.,0.,0.));
#1574=DIRECTION('',(0.,0.,1.));
#1575=DIRECTION('',(1.,0.,0.));
#1576=DIRECTION('',(0.,0.,-1.));
#1577=DIRECTION('',(-1.,0.,0.));
#1578=DIRECTION('',(0.,0.,1.));
#1579=DIRECTION('',(1.,0.,0.));
#1580=DIRECTION('',(0.,0.,-1.));
#1581=DIRECTION('',(-1.,0.,0.));
#1582=DIRECTION('',(0.,0.,1.));
#1583=DIRECTION('',(1.,0.,0.));
#1584=DIRECTION('',(0.,0.,-1.));
#1585=DIRECTION('',(-1.,0.,0.));
#1586=DIRECTION('',(0.,0.,1.));
#1587=DIRECTION('',(1.,0.,0.));
#1588=DIRECTION('',(0.,0.,-1.));
#1589=DIRECTION('',(-1.,0.,0.));
#1590=DIRECTION('',(0.,0.,1.));
#1591=DIRECTION('',(1.,0.,0.));
#1592=DIRECTION('',(0.,0.,1.));
#1593=DIRECTION('',(1.,0.,0.));
#1594=DIRECTION('',(0.,0.,1.));
#1595=DIRECTION('',(1.,0.,0.));
#1596=DIRECTION('',(0.,0.,1.));
#1597=DIRECTION('',(0.,0.,1.));
#1598=DIRECTION('',(1.,0.,0.));
#1599=DIRECTION('',(0.,0.,1.));
#1600=DIRECTION('',(0.,0.,1.));
#1601=DIRECTION('',(1.,0.,0.));
#1602=DIRECTION('',(0.,0.,1.));
#1603=DIRECTION('',(1.,0.,0.));
#1604=DIRECTION('',(0.,0.,1.));
#1605=DIRECTION('',(1.,0.,0.));
#1606=DIRECTION('',(0.,0.,1.));
#1607=DIRECTION('',(0.,0.,1.));
#1608=DIRECTION('',(1.,0.,0.));
#1609=DIRECTION('',(0.,0.,1.));
#1610=DIRECTION('',(0.,0.,1.));
#1611=DIRECTION('',(1.,0.,0.));
#1612=DIRECTION('',(0.,0.,1.));
#1613=DIRECTION('',(1.,0.,0.));
#1614=DIRECTION('',(0.,0.,1.));
#1615=DIRECTION('',(1.,0.,0.));
#1616=DIRECTION('',(0.,0.,1.));
#1617=DIRECTION('',(0.,0.,1.));
#1618=DIRECTION('',(1.,0.,0.));
#1619=DIRECTION('',(0.,0.,1.));
#1620=DIRECTION('',(0.,0.,1.));
#1621=DIRECTION('',(1.,0.,0.));
#1622=DIRECTION('',(0.,0.,1.));
#1623=DIRECTION('',(1.,0.,0.));
#1624=DIRECTION('',(0.,0.,1.));
#1625=DIRECTION('',(1.,0.,0.));
#1626=DIRECTION('',(0.,0.,1.));
#1627=DIRECTION('',(0.,0.,1.));
#1628=DIRECTION('',(1.,0.,0.));
#1629=DIRECTION('',(0.,0.,1.));
#1630=DIRECTION('',(0.,0.,1.));
#1631=DIRECTION('',(1.,0.,0.));
#1632=DIRECTION('',(0.,0.,1.));
#1633=DIRECTION('',(1.,0.,0.));
#1634=DIRECTION('',(0.,0.,1.));
#1635=DIRECTION('',(1.,0.,0.));
#1636=DIRECTION('',(0.,0.,1.));
#1637=DIRECTION('',(0.,0.,1.));
#1638=DIRECTION('',(1.,0.,0.));
#1639=DIRECTION('',(0.,0.,1.));
#1640=DIRECTION('',(0.,0.,1.));
#1641=DIRECTION('',(1.,0.,0.));
#1642=DIRECTION('',(0.,0.,1.));
#1643=DIRECTION('',(1.,0.,0.));
#1644=DIRECTION('',(0.,0.,1.));
#1645=DIRECTION('',(0.,0.,1.));
#1646=DIRECTION('',(1.,0.,0.));
#1647=DIRECTION('',(0.,0.,1.));
#1648=DIRECTION('',(1.,0.,0.));
#1649=DIRECTION('',(0.,0.,1.));
#1650=DIRECTION('',(1.,0.,0.));
#1651=DIRECTION('',(0.,0.,1.));
#1652=DIRECTION('',(0.,0.,1.));
#1653=DIRECTION('',(1.,0.,0.));
#1654=DIRECTION('',(0.,0.,1.));
#1655=DIRECTION('',(1.,0.,0.));
#1656=DIRECTION('',(0.,0.,1.));
#1657=DIRECTION('',(1.,0.,0.));
#1658=DIRECTION('',(0.,0.,1.));
#1659=DIRECTION('',(1.,0.,0.));
#1660=DIRECTION('',(0.,0.,1.));
#1661=DIRECTION('',(1.,0.,0.));
#1662=DIRECTION('',(0.,0.,1.));
#1663=DIRECTION('',(1.,0.,0.));
#1664=DIRECTION('',(0.,0.,1.));
#1665=DIRECTION('',(1.,0.,0.));
#1666=DIRECTION('',(0.,0.,1.));
#1667=DIRECTION('',(1.,0.,0.));
#1668=DIRECTION('',(0.,0.,1.));
#1669=DIRECTION('',(1.,0.,0.));
#1670=DIRECTION('',(0.,0.,1.));
#1671=DIRECTION('',(1.,0.,0.));
#1672=DIRECTION('',(0.,0.,1.));
#1673=DIRECTION('',(1.,0.,0.));
#1674=DIRECTION('',(0.,0.,1.));
#1675=DIRECTION('',(1.,0.,0.));
#1676=DIRECTION('',(0.,0.,1.));
#1677=DIRECTION('',(1.,0.,0.));
#1678=DIRECTION('',(0.,0.,1.));
#1679=DIRECTION('',(1.,0.,0.));
#1680=DIRECTION('',(0.,0.,1.));
#1681=DIRECTION('',(1.,0.,0.));
#1682=DIRECTION('',(0.,0.,1.));
#1683=DIRECTION('',(1.,0.,0.));
#1684=DIRECTION('',(0.,0.,1.));
#1685=DIRECTION('',(1.,0.,0.));
#1686=DIRECTION('',(0.,0.,1.));
#1687=DIRECTION('',(1.,0.,0.));
#1688=DIRECTION('',(0.,0.,1.));
#1689=DIRECTION('',(1.,0.,0.));
#1690=DIRECTION('',(0.,0.,1.));
#1691=DIRECTION('',(1.,0.,0.));
#1692=DIRECTION('',(0.,0.,1.));
#1693=DIRECTION('',(1.,0.,0.));
#1694=DIRECTION('',(0.,0.,1.));
#1695=DIRECTION('',(1.,0.,0.));
#1696=DIRECTION('',(0.,0.,1.));
#1697=DIRECTION('',(1.,0.,0.));
#1698=DIRECTION('',(0.,0.,1.));
#1699=DIRECTION('',(1.,0.,0.));
#1700=DIRECTION('',(0.,0.,1.));
#1701=DIRECTION('',(1.,0.,0.));
#1702=DIRECTION('',(0.,0.,1.));
#1703=DIRECTION('',(1.,0.,0.));
#1704=DIRECTION('',(0.,0.,1.));
#1705=DIRECTION('',(1.,0.,0.));
#1706=DIRECTION('',(0.,0.,1.));
#1707=DIRECTION('',(1.,0.,0.));
#1708=DIRECTION('',(0.,0.,1.));
#1709=DIRECTION('',(1.,0.,0.));
#1710=DIRECTION('',(0.,0.,1.));
#1711=DIRECTION('',(1.,0.,0.));
#1712=DIRECTION('',(0.,0.,1.));
#1713=DIRECTION('',(1.,0.,0.));
#1714=DIRECTION('',(0.,0.,1.));
#1715=DIRECTION('',(1.,0.,0.));
#1716=DIRECTION('',(0.,0.,1.));
#1717=DIRECTION('',(1.,0.,0.));
#1718=DIRECTION('',(0.,0.,1.));
#1719=DIRECTION('',(1.,0.,0.));
#1720=DIRECTION('',(0.,0.,1.));
#1721=DIRECTION('',(1.,0.,0.));
#1722=DIRECTION('',(1.,-6.19544098563145E-17,0.));
#1723=DIRECTION('',(6.19544098563145E-17,1.,0.));
#1724=DIRECTION('',(0.,0.,1.));
#1725=DIRECTION('',(1.,0.,0.));
#1726=DIRECTION('',(0.,0.,1.));
#1727=DIRECTION('',(1.,0.,0.));
#1728=DIRECTION('',(0.,0.,-1.));
#1729=DIRECTION('',(1.,0.,0.));
#1730=DIRECTION('',(0.,0.,1.));
#1731=DIRECTION('',(1.,0.,0.));
#1732=DIRECTION('',(0.,0.,1.));
#1733=DIRECTION('',(1.,0.,0.));
#1734=DIRECTION('',(1.,-6.19544098563145E-17,0.));
#1735=DIRECTION('',(6.19544098563145E-17,1.,0.));
#1736=DIRECTION('',(1.,0.,0.));
#1737=DIRECTION('',(0.,0.,-1.));
#1738=DIRECTION('',(0.,0.,1.));
#1739=DIRECTION('',(1.,0.,0.));
#1740=DIRECTION('',(0.,0.,1.));
#1741=DIRECTION('',(1.,0.,0.));
#1742=DIRECTION('',(0.,0.,1.));
#1743=DIRECTION('',(1.,0.,0.));
#1744=DIRECTION('',(0.,0.,1.));
#1745=DIRECTION('',(1.,0.,0.));
#1746=DIRECTION('',(0.,0.,1.));
#1747=DIRECTION('',(1.,0.,0.));
#1748=DIRECTION('',(0.,0.,1.));
#1749=DIRECTION('',(1.,0.,0.));
#1750=DIRECTION('',(1.,0.,0.));
#1751=DIRECTION('',(0.,1.,0.));
#1752=CARTESIAN_POINT('',(0.,0.,0.));
#1753=CARTESIAN_POINT('',(0.,4.89858719658941E-19,-2.00000000000027E-6));
#1754=CARTESIAN_POINT('',(0.00107955013865664,-0.00792682606710444,0.0045));
#1755=CARTESIAN_POINT('',(0.00107955013865664,-0.00792682606710444,0.));
#1756=CARTESIAN_POINT('',(0.00107955013865664,-0.00792682606710444,0.00872508278236463));
#1757=CARTESIAN_POINT('',(0.,4.89858719658941E-19,0.));
#1758=CARTESIAN_POINT('',(0.00632505767616481,-0.00489833087828789,0.));
#1759=CARTESIAN_POINT('',(0.00632505767616481,-0.00489833087828789,0.0045));
#1760=CARTESIAN_POINT('',(0.00632505767616481,-0.00489833087828789,0.00872508278236463));
#1761=CARTESIAN_POINT('',(0.,4.89858719658941E-19,0.00872508278236463));
#1762=CARTESIAN_POINT('',(0.00740460781482146,-0.00302849518881656,0.00872508278236463));
#1763=CARTESIAN_POINT('',(0.00740460781482146,-0.00302849518881656,0.0045));
#1764=CARTESIAN_POINT('',(0.00740460781482146,-0.00302849518881656,0.));
#1765=CARTESIAN_POINT('',(0.,4.89858719658941E-19,0.));
#1766=CARTESIAN_POINT('',(0.00740460781482146,0.00302849518881656,0.));
#1767=CARTESIAN_POINT('',(0.00740460781482146,0.00302849518881656,0.0045));
#1768=CARTESIAN_POINT('',(0.00740460781482146,0.00302849518881656,0.00872508278236463));
#1769=CARTESIAN_POINT('',(0.,4.89858719658941E-19,0.00872508278236463));
#1770=CARTESIAN_POINT('',(0.00632505767616482,0.00489833087828789,0.00872508278236463));
#1771=CARTESIAN_POINT('',(0.00632505767616482,0.00489833087828789,0.0045));
#1772=CARTESIAN_POINT('',(0.00632505767616481,0.00489833087828788,0.));
#1773=CARTESIAN_POINT('',(0.,4.89858719658941E-19,0.));
#1774=CARTESIAN_POINT('',(0.00107955013865664,0.00792682606710444,0.));
#1775=CARTESIAN_POINT('',(0.00107955013865664,0.00792682606710444,0.0045));
#1776=CARTESIAN_POINT('',(0.00107955013865664,0.00792682606710444,0.00872508278236462));
#1777=CARTESIAN_POINT('',(0.,4.89858719658941E-19,0.00872508278236462));
#1778=CARTESIAN_POINT('',(-0.00107955013865664,0.00792682606710444,0.00872508278236462));
#1779=CARTESIAN_POINT('',(-0.00107955013865664,0.00792682606710444,0.0045));
#1780=CARTESIAN_POINT('',(-0.00107955013865664,0.00792682606710444,0.));
#1781=CARTESIAN_POINT('',(0.,4.89858719658941E-19,0.));
#1782=CARTESIAN_POINT('',(-0.00632505767616482,0.00489833087828788,0.));
#1783=CARTESIAN_POINT('',(-0.00632505767616482,0.00489833087828788,0.0045));
#1784=CARTESIAN_POINT('',(-0.00632505767616482,0.00489833087828788,0.00872508278236463));
#1785=CARTESIAN_POINT('',(0.,4.89858719658941E-19,0.00872508278236463));
#1786=CARTESIAN_POINT('',(-0.00740460781482145,0.00302849518881656,0.00872508278236463));
#1787=CARTESIAN_POINT('',(-0.00740460781482145,0.00302849518881656,0.0045));
#1788=CARTESIAN_POINT('',(-0.00740460781482145,0.00302849518881656,0.00607451227138061));
#1789=CARTESIAN_POINT('',(-0.00740460781482333,0.00302849518881197,0.00607451227137899));
#1790=CARTESIAN_POINT('',(-0.00749527677518659,0.00280681146451619,0.00674075836139012));
#1791=CARTESIAN_POINT('',(-0.00771176970988595,0.00224743498095867,0.00767105506875968));
#1792=CARTESIAN_POINT('',(-0.00794922988729167,0.00107034982119787,0.00844795253273009));
#1793=CARTESIAN_POINT('',(-0.0080252380951099,7.0114606585578E-7,0.00867555526038225));
#1794=CARTESIAN_POINT('',(-0.00794981725970457,-0.00106641896506899,0.00844982498499652));
#1795=CARTESIAN_POINT('',(-0.00771113516980993,-0.00225099126661764,0.00766902936470621));
#1796=CARTESIAN_POINT('',(-0.00749510511017071,-0.00280723118191381,0.00673949694684824));
#1797=CARTESIAN_POINT('',(-0.00740460781482141,-0.00302849518881667,0.00607451227136486));
#1798=CARTESIAN_POINT('',(-0.00740460781482146,-0.00302849518881655,0.00607451227136481));
#1799=CARTESIAN_POINT('',(-0.00740460781482146,-0.00302849518881655,0.0045));
#1800=CARTESIAN_POINT('',(-0.00740460781482146,-0.00302849518881655,0.00872508278236463));
#1801=CARTESIAN_POINT('',(0.,4.89858719658941E-19,0.00872508278236463));
#1802=CARTESIAN_POINT('',(-0.00632505767616482,-0.00489833087828788,0.00872508278236463));
#1803=CARTESIAN_POINT('',(-0.00632505767616482,-0.00489833087828788,0.0045));
#1804=CARTESIAN_POINT('',(-0.00632505767616482,-0.00489833087828788,0.));
#1805=CARTESIAN_POINT('',(0.,4.89858719658941E-19,0.));
#1806=CARTESIAN_POINT('',(-0.00107955013865664,-0.00792682606710444,0.));
#1807=CARTESIAN_POINT('',(-0.00107955013865664,-0.00792682606710444,0.0045));
#1808=CARTESIAN_POINT('',(-0.00107955013865664,-0.00792682606710444,0.00872508278236463));
#1809=CARTESIAN_POINT('',(0.,4.89858719658941E-19,0.00872508278236463));
#1810=CARTESIAN_POINT('',(0.,4.89858719658941E-19,0.009));
#1811=CARTESIAN_POINT('',(0.008,4.89858719658941E-19,0.009));
#1812=CARTESIAN_POINT('',(0.,4.89858719658941E-19,-2.00000000000027E-6));
#1813=CARTESIAN_POINT('',(-0.00740460781482135,-0.00302849518881682,0.00292548772863558));
#1814=CARTESIAN_POINT('',(-0.00746297328669876,-0.00288579282271267,0.00249661143762559));
#1815=CARTESIAN_POINT('',(-0.00754102740880942,-0.00268497842136627,0.00209509299343422));
#1816=CARTESIAN_POINT('',(-0.007624597431632,-0.00242188232694161,0.00173501638950162));
#1817=CARTESIAN_POINT('',(-0.00740460781482146,-0.00302849518881655,0.00292548772863558));
#1818=CARTESIAN_POINT('',(-0.00762459743163191,-0.00242188232694161,0.00173501638950159));
#1819=CARTESIAN_POINT('',(-0.00762459743163191,-0.00242188232694161,-0.0232649836104984));
#1820=CARTESIAN_POINT('',(-0.00762459743163188,-0.0024218823269417,-1.02348685082632E-16));
#1821=CARTESIAN_POINT('',(0.,4.89858719658941E-19,0.));
#1822=CARTESIAN_POINT('',(-0.00740460781482145,-0.00302849518881658,0.));
#1823=CARTESIAN_POINT('',(-0.00740460781482146,-0.00302849518881655,0.0045));
#1824=CARTESIAN_POINT('',(0.,4.89858719658941E-19,-2.00000000000027E-6));
#1825=CARTESIAN_POINT('',(-0.00740460781482145,0.00302849518881656,0.0045));
#1826=CARTESIAN_POINT('',(-0.00740460781482145,0.00302849518881657,0.));
#1827=CARTESIAN_POINT('',(-0.00740460781482145,0.00302849518881656,0.00292548772863495));
#1828=CARTESIAN_POINT('',(0.,4.89858719658941E-19,0.));
#1829=CARTESIAN_POINT('',(-0.00762459743163185,0.0024218823269418,0.));
#1830=CARTESIAN_POINT('',(-0.00762459743163185,0.0024218823269418,-0.0232649836104982));
#1831=CARTESIAN_POINT('',(-0.00762459743163185,0.0024218823269418,0.00173501638950185));
#1832=CARTESIAN_POINT('',(-0.00762459743163195,0.00242188232694186,0.00173501638950189));
#1833=CARTESIAN_POINT('',(-0.00754101362454213,0.0026850218171531,0.0020951523854506));
#1834=CARTESIAN_POINT('',(-0.00746266075864757,0.00288655694730493,0.00249890793017841));
#1835=CARTESIAN_POINT('',(-0.00740460781482158,0.00302849518881666,0.00292548772863517));
#1836=CARTESIAN_POINT('',(-0.00884846922834953,0.00164456447576598,0.018002));
#1837=CARTESIAN_POINT('',(-0.00784846922834953,0.00337661528333486,0.018));
#1838=CARTESIAN_POINT('',(-0.00784846922834975,0.00337661528333499,0.));
#1839=CARTESIAN_POINT('',(-0.00784846922834953,0.00337661528333486,0.00700227043129859));
#1840=CARTESIAN_POINT('',(-0.00884846922834953,0.00164456447576598,0.));
#1841=CARTESIAN_POINT('',(-0.00740460781482143,0.00302849518881661,0.00292548772863495));
#1842=CARTESIAN_POINT('',(-0.00740460781482143,0.00302849518881661,0.00345044690568466));
#1843=CARTESIAN_POINT('',(-0.00743800336308579,0.00306292136136489,0.00450000000000779));
#1844=CARTESIAN_POINT('',(-0.00740460781482103,0.00302849518881612,0.00554955309433088));
#1845=CARTESIAN_POINT('',(-0.00740460781482146,0.00302849518881656,0.00607451227138061));
#1846=CARTESIAN_POINT('',(-0.00740460781482145,0.00302849518881656,0.00872508278236463));
#1847=CARTESIAN_POINT('',(-0.00740460781482145,0.00302849518881656,0.00810520544954089));
#1848=CARTESIAN_POINT('',(-0.00753899134578459,0.00319793814452777,0.00750820403609913));
#1849=CARTESIAN_POINT('',(-0.00784846922834952,0.00337661528333487,0.00700227043129859));
#1850=CARTESIAN_POINT('',(-0.00884846922834954,-0.00164456447576597,0.018002));
#1851=CARTESIAN_POINT('',(-0.00884846922834954,-0.00164456447576597,0.));
#1852=CARTESIAN_POINT('',(-0.00784846922834954,-0.00337661528333484,0.));
#1853=CARTESIAN_POINT('',(-0.00784846922834954,-0.00337661528333485,0.));
#1854=CARTESIAN_POINT('',(-0.00784846922834954,-0.00337661528333485,0.00700227043129859));
#1855=CARTESIAN_POINT('',(-0.00784846922834954,-0.00337661528333485,0.00700227043129859));
#1856=CARTESIAN_POINT('',(-0.00753899207536124,-0.00319793856574901,0.00750820284338922));
#1857=CARTESIAN_POINT('',(-0.00740460781482137,-0.0030284951888168,0.00810562684541444));
#1858=CARTESIAN_POINT('',(-0.00740460781482138,-0.00302849518881681,0.00872508278236466));
#1859=CARTESIAN_POINT('',(-0.0074046078148214,-0.00302849518881669,0.00607451227136481));
#1860=CARTESIAN_POINT('',(-0.0074046078148214,-0.00302849518881669,0.00554955309431783));
#1861=CARTESIAN_POINT('',(-0.0074380033630856,-0.00306292136136459,0.00450000000000021));
#1862=CARTESIAN_POINT('',(-0.00740460781482148,-0.00302849518881657,0.00345044690568256));
#1863=CARTESIAN_POINT('',(-0.00740460781482146,-0.00302849518881655,0.00292548772863558));
#1864=CARTESIAN_POINT('',(0.00875,0.,0.018));
#1865=CARTESIAN_POINT('',(0.,0.,0.018));
#1866=CARTESIAN_POINT('',(0.019,0.,0.018));
#1867=CARTESIAN_POINT('',(-2.71050543121376E-18,2.60208521396521E-18,0.018));
#1868=CARTESIAN_POINT('',(0.0155,2.60208521396521E-18,0.018));
#1869=CARTESIAN_POINT('',(-0.00919771416230941,0.00646500328591782,-0.0346787763290548));
#1870=CARTESIAN_POINT('',(-0.00684846922834954,0.00510866609090372,0.));
#1871=CARTESIAN_POINT('',(-0.00684846922834954,0.00510866609090372,0.00700227043129859));
#1872=CARTESIAN_POINT('',(-0.00684846922834954,0.00510866609090372,0.));
#1873=CARTESIAN_POINT('',(0.0070625,-0.00292283573777248,0.));
#1874=CARTESIAN_POINT('',(-0.010899013115178,0.00744724869432853,0.));
#1875=CARTESIAN_POINT('',(-0.010899013115178,0.00744724869432853,-0.0346787763290548));
#1876=CARTESIAN_POINT('',(-0.010899013115178,0.00744724869432853,0.00668576720846016));
#1877=CARTESIAN_POINT('',(-0.010899013115178,0.00744724869432853,0.00668576720846016));
#1878=CARTESIAN_POINT('',(-0.0108936486511723,0.00744415151959077,0.00667918045000693));
#1879=CARTESIAN_POINT('',(-0.0108882752041277,0.00744104915849313,0.00667260372341636));
#1880=CARTESIAN_POINT('',(-0.0108828927752959,0.00743794161175819,0.00666603702729078));
#1881=CARTESIAN_POINT('',(-0.0108828927752959,0.00743794161175819,0.00666603702729079));
#1882=CARTESIAN_POINT('',(-0.0108828927752959,0.00743794161175819,0.00666603702729079));
#1883=CARTESIAN_POINT('',(-0.0103483458678907,0.00712932081087333,0.00601387659647424));
#1884=CARTESIAN_POINT('',(-0.00877419858022146,0.00622048645059334,0.00532446089597451));
#1885=CARTESIAN_POINT('',(-0.00729710061063638,0.00536768354023394,0.00626884906177824));
#1886=CARTESIAN_POINT('',(-0.00684846922834954,0.00510866609090372,0.00700227043129859));
#1887=CARTESIAN_POINT('',(0.001,0.010483854149129,-0.0346787763290548));
#1888=CARTESIAN_POINT('',(0.001,0.00848528137423857,0.));
#1889=CARTESIAN_POINT('',(0.001,0.00848528137423857,0.00700227043129858));
#1890=CARTESIAN_POINT('',(0.001,0.00848528137422291,0.));
#1891=CARTESIAN_POINT('',(0.001,0.,0.));
#1892=CARTESIAN_POINT('',(0.001,0.0131624465810882,0.));
#1893=CARTESIAN_POINT('',(0.001,0.0131624465810882,-0.0346787763290548));
#1894=CARTESIAN_POINT('',(0.001,0.0131624465810882,0.00668576720846015));
#1895=CARTESIAN_POINT('',(0.001,0.0131624465810882,0.00668576720846015));
#1896=CARTESIAN_POINT('',(0.001,0.0131562523777499,0.00667918060540183));
#1897=CARTESIAN_POINT('',(0.001,0.0131500476560441,0.00667260387833807));
#1898=CARTESIAN_POINT('',(0.001,0.0131438324159475,0.00666603702729079));
#1899=CARTESIAN_POINT('',(0.001,0.0131438324159475,0.00666603702729078));
#1900=CARTESIAN_POINT('',(0.001,0.0131438324159475,0.00666603702729078));
#1901=CARTESIAN_POINT('',(0.001,0.0125265908141778,0.00601387659647422));
#1902=CARTESIAN_POINT('',(0.001,0.0107089220936178,0.00532446089597449));
#1903=CARTESIAN_POINT('',(0.001,0.00900331627289901,0.00626884906177824));
#1904=CARTESIAN_POINT('',(0.001,0.00848528137423857,0.00700227043129859));
#1905=CARTESIAN_POINT('',(0.00919771416230941,-0.00646500328591783,-0.0346787763290548));
#1906=CARTESIAN_POINT('',(0.00684846922834954,-0.00510866609090373,0.));
#1907=CARTESIAN_POINT('',(0.00684846922834954,-0.00510866609090373,0.00700227043129859));
#1908=CARTESIAN_POINT('',(0.00684846922834953,-0.00510866609090373,0.));
#1909=CARTESIAN_POINT('',(0.0060625,-0.00465488654534136,0.));
#1910=CARTESIAN_POINT('',(0.010899013115178,-0.00744724869432854,0.));
#1911=CARTESIAN_POINT('',(0.010899013115178,-0.00744724869432854,-0.0346787763290548));
#1912=CARTESIAN_POINT('',(0.010899013115178,-0.00744724869432854,0.00668576720846016));
#1913=CARTESIAN_POINT('',(0.010899013115178,-0.00744724869432854,0.00668576720846016));
#1914=CARTESIAN_POINT('',(0.0108936486511723,-0.00744415151959078,0.00667918045000693));
#1915=CARTESIAN_POINT('',(0.0108882752041277,-0.00744104915849314,0.00667260372341636));
#1916=CARTESIAN_POINT('',(0.0108828927752959,-0.0074379416117582,0.00666603702729078));
#1917=CARTESIAN_POINT('',(0.0108828927752959,-0.00743794161175819,0.00666603702729079));
#1918=CARTESIAN_POINT('',(0.0108828927752959,-0.00743794161175819,0.00666603702729079));
#1919=CARTESIAN_POINT('',(0.0103483458678907,-0.00712932081087333,0.00601387659647424));
#1920=CARTESIAN_POINT('',(0.00877419858022146,-0.00622048645059335,0.0053244608959745));
#1921=CARTESIAN_POINT('',(0.00729710061063638,-0.00536768354023395,0.00626884906177824));
#1922=CARTESIAN_POINT('',(0.00684846922834954,-0.00510866609090373,0.00700227043129859));
#1923=CARTESIAN_POINT('',(0.00969771416230941,0.00444427734375413,-0.0346787763290548));
#1924=CARTESIAN_POINT('',(0.00784846922834954,0.00337661528333485,0.));
#1925=CARTESIAN_POINT('',(0.00784846922834954,0.00337661528333485,0.00700227043129859));
#1926=CARTESIAN_POINT('',(0.00784846922834953,0.00337661528333485,0.));
#1927=CARTESIAN_POINT('',(0.0070625,0.00292283573777248,0.));
#1928=CARTESIAN_POINT('',(0.011899013115178,0.00571519788675965,0.));
#1929=CARTESIAN_POINT('',(0.011899013115178,0.00571519788675965,-0.0346787763290548));
#1930=CARTESIAN_POINT('',(0.011899013115178,0.00571519788675965,0.00668576720846016));
#1931=CARTESIAN_POINT('',(0.011899013115178,0.00571519788675965,0.00668576720846016));
#1932=CARTESIAN_POINT('',(0.0118936486511723,0.00571210071202189,0.00667918045000692));
#1933=CARTESIAN_POINT('',(0.0118882752041277,0.00570899835092425,0.00667260372341636));
#1934=CARTESIAN_POINT('',(0.0118828927752959,0.00570589080418931,0.00666603702729078));
#1935=CARTESIAN_POINT('',(0.0118828927752959,0.00570589080418931,0.00666603702729078));
#1936=CARTESIAN_POINT('',(0.0118828927752959,0.00570589080418931,0.00666603702729078));
#1937=CARTESIAN_POINT('',(0.0113483458678907,0.00539727000330445,0.00601387659647423));
#1938=CARTESIAN_POINT('',(0.00977419858022147,0.00448843564302446,0.00532446089597451));
#1939=CARTESIAN_POINT('',(0.00829710061063636,0.00363563273266506,0.00626884906177824));
#1940=CARTESIAN_POINT('',(0.00784846922834953,0.00337661528333485,0.00700227043129859));
#1941=CARTESIAN_POINT('',(-0.00969771416230941,-0.00444427734375413,-0.0346787763290548));
#1942=CARTESIAN_POINT('',(0.0060625,0.00465488654534136,0.));
#1943=CARTESIAN_POINT('',(-0.011899013115178,-0.00571519788675965,0.));
#1944=CARTESIAN_POINT('',(-0.011899013115178,-0.00571519788675965,-0.0346787763290548));
#1945=CARTESIAN_POINT('',(-0.011899013115178,-0.00571519788675965,0.00668576720846016));
#1946=CARTESIAN_POINT('',(-0.011899013115178,-0.00571519788675965,0.00668576720846016));
#1947=CARTESIAN_POINT('',(-0.0118936486511723,-0.00571210071202189,0.00667918045000693));
#1948=CARTESIAN_POINT('',(-0.0118882752041277,-0.00570899835092425,0.00667260372341636));
#1949=CARTESIAN_POINT('',(-0.0118828927752959,-0.00570589080418931,0.00666603702729078));
#1950=CARTESIAN_POINT('',(-0.0118828927752959,-0.00570589080418931,0.00666603702729078));
#1951=CARTESIAN_POINT('',(-0.0118828927752959,-0.00570589080418931,0.00666603702729078));
#1952=CARTESIAN_POINT('',(-0.0113483458678907,-0.00539727000330445,0.00601387659647423));
#1953=CARTESIAN_POINT('',(-0.00977419858022146,-0.00448843564302446,0.00532446089597451));
#1954=CARTESIAN_POINT('',(-0.00829710061063636,-0.00363563273266506,0.00626884906177824));
#1955=CARTESIAN_POINT('',(-0.00784846922834953,-0.00337661528333485,0.00700227043129859));
#1956=CARTESIAN_POINT('',(-0.001,-0.010483854149129,-0.0346787763290548));
#1957=CARTESIAN_POINT('',(-0.001,-0.00848528137423857,0.));
#1958=CARTESIAN_POINT('',(-0.001,-0.00848528137423857,0.00700227043129858));
#1959=CARTESIAN_POINT('',(-0.001,-0.00848528137422291,0.));
#1960=CARTESIAN_POINT('',(-0.001,2.54525213589914E-18,0.));
#1961=CARTESIAN_POINT('',(-0.001,-0.0131624465810882,0.));
#1962=CARTESIAN_POINT('',(-0.001,-0.0131624465810882,-0.0346787763290548));
#1963=CARTESIAN_POINT('',(-0.001,-0.0131624465810882,0.00668576720846016));
#1964=CARTESIAN_POINT('',(-0.001,-0.0131624465810882,0.00668576720846016));
#1965=CARTESIAN_POINT('',(-0.001,-0.0131562523777499,0.00667918060540183));
#1966=CARTESIAN_POINT('',(-0.001,-0.0131500476560441,0.00667260387833806));
#1967=CARTESIAN_POINT('',(-0.001,-0.0131438324159475,0.00666603702729077));
#1968=CARTESIAN_POINT('',(-0.001,-0.0131438324159475,0.00666603702729078));
#1969=CARTESIAN_POINT('',(-0.001,-0.0131438324159475,0.00666603702729078));
#1970=CARTESIAN_POINT('',(-0.001,-0.0125265908141778,0.00601387659647422));
#1971=CARTESIAN_POINT('',(-0.001,-0.0107089220936178,0.00532446089597451));
#1972=CARTESIAN_POINT('',(-0.001,-0.00900331627289901,0.00626884906177824));
#1973=CARTESIAN_POINT('',(-0.001,-0.00848528137423857,0.00700227043129858));
#1974=CARTESIAN_POINT('',(-0.001,0.010483854149129,-0.0346787763290548));
#1975=CARTESIAN_POINT('',(-0.001,0.0131624465810882,-0.0346787763290548));
#1976=CARTESIAN_POINT('',(-0.001,0.0131624465810882,0.00668576720846016));
#1977=CARTESIAN_POINT('',(-0.001,0.0131624465810882,0.));
#1978=CARTESIAN_POINT('',(-0.001,-1.27262606794957E-18,0.));
#1979=CARTESIAN_POINT('',(-0.001,0.0084852813742175,0.));
#1980=CARTESIAN_POINT('',(-0.001,0.00848528137423857,0.018));
#1981=CARTESIAN_POINT('',(-0.001,0.00848528137423857,0.00700227043129859));
#1982=CARTESIAN_POINT('',(-0.001,0.00848528137423857,0.00700227043129858));
#1983=CARTESIAN_POINT('',(-0.001,0.00900334061005762,0.00626881460581349));
#1984=CARTESIAN_POINT('',(-0.001,0.0107025730168604,0.00532494718382588));
#1985=CARTESIAN_POINT('',(-0.001,0.0125265749111057,0.00601385979372738));
#1986=CARTESIAN_POINT('',(-0.001,0.0131438324159475,0.0066660370272908));
#1987=CARTESIAN_POINT('',(-0.001,0.0131438324159475,0.0066660370272908));
#1988=CARTESIAN_POINT('',(-0.001,0.0131438324159475,0.0066660370272908));
#1989=CARTESIAN_POINT('',(-0.001,0.0131500463418983,0.00667260248984794));
#1990=CARTESIAN_POINT('',(-0.001,0.013156251067499,0.0066791792121472));
#1991=CARTESIAN_POINT('',(-0.001,0.0131624465810882,0.00668576720846016));
#1992=CARTESIAN_POINT('',(0.00919771416230941,0.00646500328591782,-0.0346787763290548));
#1993=CARTESIAN_POINT('',(0.010899013115178,0.00744724869432853,-0.0346787763290548));
#1994=CARTESIAN_POINT('',(0.0108990131151657,0.00744724869432143,0.00668576720844505));
#1995=CARTESIAN_POINT('',(0.010899013115178,0.00744724869432853,0.));
#1996=CARTESIAN_POINT('',(0.0060625,0.00465488654534136,0.));
#1997=CARTESIAN_POINT('',(0.00684846922834976,0.00510866609090385,0.));
#1998=CARTESIAN_POINT('',(0.00684846922834954,0.00510866609090372,0.018));
#1999=CARTESIAN_POINT('',(0.00684846922834954,0.00510866609090372,0.00700227043129859));
#2000=CARTESIAN_POINT('',(0.00684846922834954,0.00510866609090373,0.00700227043129859));
#2001=CARTESIAN_POINT('',(0.007297121687234,0.00536769570881326,0.0062688146058135));
#2002=CARTESIAN_POINT('',(0.00876870011845895,0.00621731191221462,0.00532494718382589));
#2003=CARTESIAN_POINT('',(0.0103483320954263,0.00712931285933728,0.0060138597937274));
#2004=CARTESIAN_POINT('',(0.010882892775296,0.00743794161175821,0.00666603702729083));
#2005=CARTESIAN_POINT('',(0.010882892775296,0.00743794161175821,0.00666603702729083));
#2006=CARTESIAN_POINT('',(0.010882892775296,0.00743794161175821,0.00666603702729083));
#2007=CARTESIAN_POINT('',(0.0108882752041237,0.00744104915849077,0.00667260372341137));
#2008=CARTESIAN_POINT('',(0.0108936486511641,0.00744415151958604,0.00667918044999689));
#2009=CARTESIAN_POINT('',(0.0108990131151657,0.00744724869432143,0.00668576720844505));
#2010=CARTESIAN_POINT('',(0.001,-0.010483854149129,-0.0346787763290548));
#2011=CARTESIAN_POINT('',(0.001,-0.0131624465810882,-0.0346787763290548));
#2012=CARTESIAN_POINT('',(0.001,-0.0131624465810882,0.00668576720846016));
#2013=CARTESIAN_POINT('',(0.001,-0.0131624465810882,0.));
#2014=CARTESIAN_POINT('',(0.001,1.51736185024756E-18,0.));
#2015=CARTESIAN_POINT('',(0.001,-0.00848528137421749,0.));
#2016=CARTESIAN_POINT('',(0.001,-0.00848528137423857,0.018));
#2017=CARTESIAN_POINT('',(0.001,-0.00848528137423857,0.00700227043129858));
#2018=CARTESIAN_POINT('',(0.001,-0.00848528137423857,0.00700227043129858));
#2019=CARTESIAN_POINT('',(0.001,-0.00900334061005763,0.00626881460581349));
#2020=CARTESIAN_POINT('',(0.001,-0.0107025730168604,0.0053249471838259));
#2021=CARTESIAN_POINT('',(0.001,-0.0125265749111057,0.00601385979372738));
#2022=CARTESIAN_POINT('',(0.001,-0.0131438324159475,0.0066660370272908));
#2023=CARTESIAN_POINT('',(0.001,-0.0131438324159475,0.00666603702729081));
#2024=CARTESIAN_POINT('',(0.001,-0.0131438324159475,0.00666603702729081));
#2025=CARTESIAN_POINT('',(0.001,-0.0131500463418983,0.00667260248984795));
#2026=CARTESIAN_POINT('',(0.001,-0.013156251067499,0.0066791792121472));
#2027=CARTESIAN_POINT('',(0.001,-0.0131624465810882,0.00668576720846017));
#2028=CARTESIAN_POINT('',(0.00969771416230941,-0.00444427734375414,-0.0346787763290548));
#2029=CARTESIAN_POINT('',(0.011899013115178,-0.00571519788675966,-0.0346787763290548));
#2030=CARTESIAN_POINT('',(0.0118990131151673,-0.00571519788675351,0.00668576720844708));
#2031=CARTESIAN_POINT('',(0.011899013115178,-0.00571519788675966,0.));
#2032=CARTESIAN_POINT('',(0.0070625,-0.00292283573777248,0.));
#2033=CARTESIAN_POINT('',(0.00784846922834976,-0.00337661528333498,0.));
#2034=CARTESIAN_POINT('',(0.00784846922834953,-0.00337661528333485,0.018));
#2035=CARTESIAN_POINT('',(0.00784846922834953,-0.00337661528333485,0.00700227043129859));
#2036=CARTESIAN_POINT('',(0.00784846922834953,-0.00337661528333485,0.00700227043129859));
#2037=CARTESIAN_POINT('',(0.00829712168723399,-0.00363564490124438,0.0062688146058135));
#2038=CARTESIAN_POINT('',(0.00976870011845894,-0.00448526110464574,0.00532494718382589));
#2039=CARTESIAN_POINT('',(0.0113483320954263,-0.00539726205176841,0.0060138597937274));
#2040=CARTESIAN_POINT('',(0.011882892775296,-0.00570589080418934,0.00666603702729083));
#2041=CARTESIAN_POINT('',(0.011882892775296,-0.00570589080418934,0.00666603702729083));
#2042=CARTESIAN_POINT('',(0.011882892775296,-0.00570589080418933,0.00666603702729083));
#2043=CARTESIAN_POINT('',(0.0118882752041242,-0.00570899835092221,0.00667260372341204));
#2044=CARTESIAN_POINT('',(0.0118936486511652,-0.0057121007120178,0.00667918044999824));
#2045=CARTESIAN_POINT('',(0.0118990131151673,-0.00571519788675351,0.00668576720844708));
#2046=CARTESIAN_POINT('',(-0.00969771416230941,0.00444427734375414,-0.0346787763290548));
#2047=CARTESIAN_POINT('',(-0.011899013115178,0.00571519788675966,-0.0346787763290548));
#2048=CARTESIAN_POINT('',(-0.011899013115178,0.00571519788675966,0.00668576720846016));
#2049=CARTESIAN_POINT('',(-0.011899013115178,0.00571519788675966,0.));
#2050=CARTESIAN_POINT('',(0.0060625,-0.00465488654534136,0.));
#2051=CARTESIAN_POINT('',(-0.00784846922834953,0.00337661528333486,0.00700227043129859));
#2052=CARTESIAN_POINT('',(-0.00829712168723398,0.00363564490124438,0.0062688146058135));
#2053=CARTESIAN_POINT('',(-0.00976870011845891,0.00448526110464573,0.0053249471838259));
#2054=CARTESIAN_POINT('',(-0.0113483320954263,0.00539726205176838,0.00601385979372737));
#2055=CARTESIAN_POINT('',(-0.0118828927752959,0.00570589080418932,0.00666603702729078));
#2056=CARTESIAN_POINT('',(-0.0118828927752959,0.00570589080418932,0.00666603702729079));
#2057=CARTESIAN_POINT('',(-0.0118828927752959,0.00570589080418932,0.00666603702729078));
#2058=CARTESIAN_POINT('',(-0.0118882752041277,0.00570899835092426,0.00667260372341636));
#2059=CARTESIAN_POINT('',(-0.0118936486511723,0.00571210071202191,0.00667918045000693));
#2060=CARTESIAN_POINT('',(-0.011899013115178,0.00571519788675966,0.00668576720846016));
#2061=CARTESIAN_POINT('',(-0.00919771416230941,-0.00646500328591782,-0.0346787763290548));
#2062=CARTESIAN_POINT('',(-0.010899013115178,-0.00744724869432853,-0.0346787763290548));
#2063=CARTESIAN_POINT('',(-0.0108990131151673,-0.00744724869432238,0.00668576720844708));
#2064=CARTESIAN_POINT('',(-0.010899013115178,-0.00744724869432853,0.));
#2065=CARTESIAN_POINT('',(0.0070625,0.00292283573777248,0.));
#2066=CARTESIAN_POINT('',(-0.00684846922834976,-0.00510866609090385,0.));
#2067=CARTESIAN_POINT('',(-0.00684846922834954,-0.00510866609090372,0.018));
#2068=CARTESIAN_POINT('',(-0.00684846922834954,-0.00510866609090372,0.00700227043129859));
#2069=CARTESIAN_POINT('',(-0.00684846922834954,-0.00510866609090372,0.00700227043129859));
#2070=CARTESIAN_POINT('',(-0.007297121687234,-0.00536769570881325,0.0062688146058135));
#2071=CARTESIAN_POINT('',(-0.00876870011845893,-0.00621731191221462,0.00532494718382589));
#2072=CARTESIAN_POINT('',(-0.0103483320954263,-0.00712931285933728,0.00601385979372741));
#2073=CARTESIAN_POINT('',(-0.010882892775296,-0.00743794161175821,0.00666603702729084));
#2074=CARTESIAN_POINT('',(-0.010882892775296,-0.00743794161175821,0.00666603702729083));
#2075=CARTESIAN_POINT('',(-0.010882892775296,-0.00743794161175821,0.00666603702729082));
#2076=CARTESIAN_POINT('',(-0.0108882752041242,-0.00744104915849109,0.00667260372341204));
#2077=CARTESIAN_POINT('',(-0.0108936486511652,-0.00744415151958667,0.00667918044999823));
#2078=CARTESIAN_POINT('',(-0.0108990131151673,-0.00744724869432238,0.00668576720844708));
#2079=CARTESIAN_POINT('',(-0.00584846922834954,0.0068407168984726,0.018002));
#2080=CARTESIAN_POINT('',(-0.00584846922834954,0.0068407168984726,0.));
#2081=CARTESIAN_POINT('',(-0.00684846922834954,0.00510866609090372,0.00700227043129859));
#2082=CARTESIAN_POINT('',(-0.00653899207536124,0.00492998937331789,0.00750820284338922));
#2083=CARTESIAN_POINT('',(-0.00632505767616499,0.00489833087828769,0.00810562684541444));
#2084=CARTESIAN_POINT('',(-0.006325057676165,0.00489833087828769,0.00872508278236466));
#2085=CARTESIAN_POINT('',(-0.003,0.00848528137423857,0.018002));
#2086=CARTESIAN_POINT('',(-0.003,0.00848528137423857,0.));
#2087=CARTESIAN_POINT('',(-0.00107955013865664,0.00792682606710444,0.00872508278236462));
#2088=CARTESIAN_POINT('',(-0.00107955013865664,0.00792682606710444,0.00810520544954089));
#2089=CARTESIAN_POINT('',(-0.00099999999999998,0.00812792709662438,0.00750820403609913));
#2090=CARTESIAN_POINT('',(-0.00099999999999998,0.00848528137423857,0.00700227043129859));
#2091=CARTESIAN_POINT('',(0.003,0.00848528137423857,0.018002));
#2092=CARTESIAN_POINT('',(0.003,0.00848528137423857,0.));
#2093=CARTESIAN_POINT('',(0.001,0.00848528137423857,0.00700227043129858));
#2094=CARTESIAN_POINT('',(0.001,0.00812792793906691,0.00750820284338921));
#2095=CARTESIAN_POINT('',(0.00107955013865638,0.00792682606710449,0.00810562684541444));
#2096=CARTESIAN_POINT('',(0.00107955013865638,0.0079268260671045,0.00872508278236466));
#2097=CARTESIAN_POINT('',(0.00584846922834954,0.0068407168984726,0.018002));
#2098=CARTESIAN_POINT('',(0.00584846922834954,0.0068407168984726,0.));
#2099=CARTESIAN_POINT('',(0.00632505767616482,0.00489833087828789,0.00872508278236463));
#2100=CARTESIAN_POINT('',(0.00632505767616482,0.00489833087828789,0.0081052054495409));
#2101=CARTESIAN_POINT('',(0.00653899134578462,0.00492998895209661,0.00750820403609913));
#2102=CARTESIAN_POINT('',(0.00684846922834955,0.00510866609090371,0.00700227043129859));
#2103=CARTESIAN_POINT('',(0.00884846922834954,-0.00164456447576598,0.018002));
#2104=CARTESIAN_POINT('',(0.00884846922834954,-0.00164456447576598,0.));
#2105=CARTESIAN_POINT('',(0.00740460781482146,-0.00302849518881656,0.00872508278236463));
#2106=CARTESIAN_POINT('',(0.00740460781482146,-0.00302849518881656,0.00810520544954089));
#2107=CARTESIAN_POINT('',(0.00753899134578459,-0.00319793814452777,0.00750820403609913));
#2108=CARTESIAN_POINT('',(0.00784846922834952,-0.00337661528333487,0.00700227043129859));
#2109=CARTESIAN_POINT('',(0.00884846922834954,0.00164456447576597,0.018002));
#2110=CARTESIAN_POINT('',(0.00884846922834954,0.00164456447576597,0.));
#2111=CARTESIAN_POINT('',(0.00784846922834954,0.00337661528333485,0.00700227043129859));
#2112=CARTESIAN_POINT('',(0.00753899207536124,0.00319793856574901,0.00750820284338922));
#2113=CARTESIAN_POINT('',(0.00740460781482137,0.00302849518881681,0.00810562684541444));
#2114=CARTESIAN_POINT('',(0.00740460781482138,0.00302849518881681,0.00872508278236466));
#2115=CARTESIAN_POINT('',(0.00584846922834953,-0.00684071689847261,0.018002));
#2116=CARTESIAN_POINT('',(0.00584846922834953,-0.00684071689847261,0.));
#2117=CARTESIAN_POINT('',(0.00684846922834954,-0.00510866609090373,0.00700227043129859));
#2118=CARTESIAN_POINT('',(0.00653899207536124,-0.0049299893733179,0.00750820284338922));
#2119=CARTESIAN_POINT('',(0.00632505767616499,-0.00489833087828769,0.00810562684541444));
#2120=CARTESIAN_POINT('',(0.006325057676165,-0.00489833087828769,0.00872508278236466));
#2121=CARTESIAN_POINT('',(0.003,-0.00848528137423857,0.018002));
#2122=CARTESIAN_POINT('',(0.003,-0.00848528137423857,0.));
#2123=CARTESIAN_POINT('',(0.00107955013865664,-0.00792682606710444,0.00872508278236463));
#2124=CARTESIAN_POINT('',(0.00107955013865664,-0.00792682606710444,0.00810520544954089));
#2125=CARTESIAN_POINT('',(0.000999999999999977,-0.00812792709662437,0.00750820403609914));
#2126=CARTESIAN_POINT('',(0.000999999999999977,-0.00848528137423857,0.00700227043129859));
#2127=CARTESIAN_POINT('',(-0.003,-0.00848528137423857,0.018002));
#2128=CARTESIAN_POINT('',(-0.003,-0.00848528137423857,0.));
#2129=CARTESIAN_POINT('',(-0.001,-0.00848528137423857,0.00700227043129858));
#2130=CARTESIAN_POINT('',(-0.001,-0.0081279279390669,0.00750820284338922));
#2131=CARTESIAN_POINT('',(-0.00107955013865639,-0.00792682606710449,0.00810562684541444));
#2132=CARTESIAN_POINT('',(-0.00107955013865638,-0.0079268260671045,0.00872508278236466));
#2133=CARTESIAN_POINT('',(-0.00584846922834954,-0.0068407168984726,0.018002));
#2134=CARTESIAN_POINT('',(-0.00584846922834954,-0.0068407168984726,0.));
#2135=CARTESIAN_POINT('',(-0.00632505767616482,-0.00489833087828788,0.00872508278236463));
#2136=CARTESIAN_POINT('',(-0.00632505767616482,-0.00489833087828788,0.00810520544954089));
#2137=CARTESIAN_POINT('',(-0.00653899134578462,-0.0049299889520966,0.00750820403609913));
#2138=CARTESIAN_POINT('',(-0.00684846922834955,-0.0051086660909037,0.00700227043129859));
#2139=CARTESIAN_POINT('',(-0.009899013115178,0.00917929950189741,-0.0346787763290548));
#2140=CARTESIAN_POINT('',(-0.009899013115178,0.00917929950189741,0.));
#2141=CARTESIAN_POINT('',(-0.0113655335766859,0.0105391957244007,0.));
#2142=CARTESIAN_POINT('',(-0.0113655335766859,0.0105391957244007,-0.0346787763290548));
#2143=CARTESIAN_POINT('',(-0.0113655335766859,0.0105391957244007,0.0125));
#2144=CARTESIAN_POINT('',(-0.010899013115178,0.00744724869432853,0.00668576720846016));
#2145=CARTESIAN_POINT('',(-0.0112429858315244,0.00764584143470504,0.00710811419311006));
#2146=CARTESIAN_POINT('',(-0.0117190637022366,0.0081801302238272,0.00802260937418306));
#2147=CARTESIAN_POINT('',(-0.0120350630202496,0.00936073535971948,0.00997325587560278));
#2148=CARTESIAN_POINT('',(-0.0117239250988313,0.0101527040997018,0.0114859056880152));
#2149=CARTESIAN_POINT('',(-0.0113655335766859,0.0105391957244007,0.0125));
#2150=CARTESIAN_POINT('',(-0.012899013115178,0.00398314707919079,-0.0346787763290548));
#2151=CARTESIAN_POINT('',(-0.0148099780211303,0.00457324294277461,-0.0346787763290548));
#2152=CARTESIAN_POINT('',(-0.0148099780211303,0.00457324294277461,0.));
#2153=CARTESIAN_POINT('',(-0.0148099780211303,0.00457324294277461,0.0125));
#2154=CARTESIAN_POINT('',(-0.012899013115178,0.00398314707919079,0.));
#2155=CARTESIAN_POINT('',(-0.0148099780211303,0.00457324294277461,0.0125));
#2156=CARTESIAN_POINT('',(-0.0146557518684854,0.00507268851335441,0.0114943153051819));
#2157=CARTESIAN_POINT('',(-0.0141242349176962,0.00574428588869157,0.00997089728027411));
#2158=CARTESIAN_POINT('',(-0.0129401158899087,0.00605855517060219,0.00801781085527905));
#2159=CARTESIAN_POINT('',(-0.0122430657504124,0.00591383676832765,0.00710821232153637));
#2160=CARTESIAN_POINT('',(-0.011899013115178,0.00571519788675966,0.00668576720846016));
#2161=CARTESIAN_POINT('',(-0.012899013115178,-0.00398314707919077,-0.0346787763290548));
#2162=CARTESIAN_POINT('',(-0.012899013115178,-0.00398314707919077,0.));
#2163=CARTESIAN_POINT('',(-0.0148099780211303,-0.00457324294277459,0.));
#2164=CARTESIAN_POINT('',(-0.0148099780211303,-0.00457324294277459,-0.0346787763290548));
#2165=CARTESIAN_POINT('',(-0.0148099780211303,-0.00457324294277459,0.0125));
#2166=CARTESIAN_POINT('',(-0.011899013115178,-0.00571519788675965,0.00668576720846016));
#2167=CARTESIAN_POINT('',(-0.0122429858312706,-0.0059137906269896,0.00710811419279838));
#2168=CARTESIAN_POINT('',(-0.0129437324314285,-0.00605894176293665,0.0080226093743871));
#2169=CARTESIAN_POINT('',(-0.0141241661302811,-0.00574230263138067,0.00997325587679266));
#2170=CARTESIAN_POINT('',(-0.0146544622168168,-0.00507686491795522,0.0114859056877546));
#2171=CARTESIAN_POINT('',(-0.0148099780211303,-0.0045732429427746,0.0125));
#2172=CARTESIAN_POINT('',(-0.009899013115178,-0.0091792995018974,-0.0346787763290548));
#2173=CARTESIAN_POINT('',(-0.0113655335766859,-0.0105391957244007,-0.0346787763290548));
#2174=CARTESIAN_POINT('',(-0.0113655335766859,-0.0105391957244007,0.));
#2175=CARTESIAN_POINT('',(-0.0113655335766859,-0.0105391957244007,0.0125));
#2176=CARTESIAN_POINT('',(-0.009899013115178,-0.0091792995018974,0.));
#2177=CARTESIAN_POINT('',(-0.0113655335766859,-0.0105391957244007,0.0125));
#2178=CARTESIAN_POINT('',(-0.0117209530522355,-0.0101559091730546,0.0114943153052615));
#2179=CARTESIAN_POINT('',(-0.012036814965011,-0.00935980330349761,0.00997089728048221));
#2180=CARTESIAN_POINT('',(-0.0117169206330501,-0.00817719150358828,0.00801781085577103));
#2181=CARTESIAN_POINT('',(-0.0112430657506832,-0.00764588757605005,0.00710821232186541));
#2182=CARTESIAN_POINT('',(-0.0108990131151674,-0.00744724869432237,0.00668576720844708));
#2183=CARTESIAN_POINT('',(-0.003,-0.0131624465810882,-0.0346787763290548));
#2184=CARTESIAN_POINT('',(-0.003,-0.0131624465810882,0.));
#2185=CARTESIAN_POINT('',(-0.00344444444444445,-0.0151124386671753,0.));
#2186=CARTESIAN_POINT('',(-0.00344444444444445,-0.0151124386671753,-0.0346787763290548));
#2187=CARTESIAN_POINT('',(-0.00344444444444445,-0.0151124386671754,0.0125));
#2188=CARTESIAN_POINT('',(-0.001,-0.0131624465810882,0.00668576720846016));
#2189=CARTESIAN_POINT('',(-0.001,-0.0135596326507847,0.00710811481936289));
#2190=CARTESIAN_POINT('',(-0.00122466876814142,-0.0142390714740696,0.0080226089650763));
#2191=CARTESIAN_POINT('',(-0.00208910180982704,-0.0151030375016224,0.00997325348078957));
#2192=CARTESIAN_POINT('',(-0.00293053739335221,-0.0152295689547536,0.0114859062311971));
#2193=CARTESIAN_POINT('',(-0.00344444444444445,-0.0151124386671753,0.0125));
#2194=CARTESIAN_POINT('',(0.003,-0.0131624465810882,-0.0346787763290548));
#2195=CARTESIAN_POINT('',(0.00344444444444444,-0.0151124386671754,-0.0346787763290548));
#2196=CARTESIAN_POINT('',(0.00344444444444444,-0.0151124386671754,0.));
#2197=CARTESIAN_POINT('',(0.00344444444444444,-0.0151124386671754,0.0125));
#2198=CARTESIAN_POINT('',(0.003,-0.0131624465810882,0.));
#2199=CARTESIAN_POINT('',(0.00344444444444444,-0.0151124386671754,0.0125));
#2200=CARTESIAN_POINT('',(0.00293479891841199,-0.0152285976630488,0.0114943155068631));
#2201=CARTESIAN_POINT('',(0.00208742019430606,-0.0151040892130325,0.00997089770600324));
#2202=CARTESIAN_POINT('',(0.00122319568370163,-0.0142357472202808,0.00801781186927831));
#2203=CARTESIAN_POINT('',(0.000999999999999998,-0.0135597249899374,0.00710821300815524));
#2204=CARTESIAN_POINT('',(0.001,-0.0131624465810882,0.00668576720846017));
#2205=CARTESIAN_POINT('',(0.009899013115178,-0.00917929950189741,-0.0346787763290548));
#2206=CARTESIAN_POINT('',(0.009899013115178,-0.00917929950189741,0.));
#2207=CARTESIAN_POINT('',(0.0113655335766858,-0.0105391957244007,0.));
#2208=CARTESIAN_POINT('',(0.0113655335766858,-0.0105391957244007,-0.0346787763290548));
#2209=CARTESIAN_POINT('',(0.0113655335766858,-0.0105391957244007,0.0125));
#2210=CARTESIAN_POINT('',(0.010899013115178,-0.00744724869432853,0.00668576720846016));
#2211=CARTESIAN_POINT('',(0.0112429858315245,-0.00764584143470504,0.00710811419311007));
#2212=CARTESIAN_POINT('',(0.0117190637022372,-0.00818013022382658,0.00802260937418351));
#2213=CARTESIAN_POINT('',(0.0120350630202467,-0.00936073535972261,0.00997325587560056));
#2214=CARTESIAN_POINT('',(0.0117239250988441,-0.010152704099688,0.011485905688025));
#2215=CARTESIAN_POINT('',(0.0113655335766858,-0.0105391957244007,0.0125));
#2216=CARTESIAN_POINT('',(0.012899013115178,-0.00398314707919078,-0.0346787763290548));
#2217=CARTESIAN_POINT('',(0.0148099780211303,-0.0045732429427746,-0.0346787763290548));
#2218=CARTESIAN_POINT('',(0.0148099780211303,-0.0045732429427746,0.));
#2219=CARTESIAN_POINT('',(0.0148099780211303,-0.0045732429427746,0.0125));
#2220=CARTESIAN_POINT('',(0.012899013115178,-0.00398314707919078,0.));
#2221=CARTESIAN_POINT('',(0.0148099780211303,-0.0045732429427746,0.0125));
#2222=CARTESIAN_POINT('',(0.0146557518684933,-0.00507268851332877,0.0114943153051642));
#2223=CARTESIAN_POINT('',(0.0141242349176913,-0.00574428588870096,0.00997089728026992));
#2224=CARTESIAN_POINT('',(0.0129401158899012,-0.00605855517060153,0.00801781085526677));
#2225=CARTESIAN_POINT('',(0.0122430657504026,-0.0059138367683248,0.00710821232152383));
#2226=CARTESIAN_POINT('',(0.0118990131151673,-0.00571519788675351,0.00668576720844708));
#2227=CARTESIAN_POINT('',(0.012899013115178,0.00398314707919077,-0.0346787763290548));
#2228=CARTESIAN_POINT('',(0.012899013115178,0.00398314707919077,0.));
#2229=CARTESIAN_POINT('',(0.0148099780211303,0.0045732429427746,0.));
#2230=CARTESIAN_POINT('',(0.0148099780211303,0.0045732429427746,-0.0346787763290548));
#2231=CARTESIAN_POINT('',(0.0148099780211303,0.0045732429427746,0.0125));
#2232=CARTESIAN_POINT('',(0.011899013115178,0.00571519788675965,0.00668576720846016));
#2233=CARTESIAN_POINT('',(0.0122429858312706,0.0059137906269896,0.00710811419279838));
#2234=CARTESIAN_POINT('',(0.0129437324314287,0.00605894176293579,0.00802260937438663));
#2235=CARTESIAN_POINT('',(0.0141241661302797,0.00574230263138501,0.00997325587679504));
#2236=CARTESIAN_POINT('',(0.0146544622168227,0.00507686491793616,0.0114859056877442));
#2237=CARTESIAN_POINT('',(0.0148099780211303,0.0045732429427746,0.0125));
#2238=CARTESIAN_POINT('',(0.009899013115178,0.00917929950189741,-0.0346787763290548));
#2239=CARTESIAN_POINT('',(0.0113655335766858,0.0105391957244007,-0.0346787763290548));
#2240=CARTESIAN_POINT('',(0.0113655335766858,0.0105391957244007,0.));
#2241=CARTESIAN_POINT('',(0.0113655335766858,0.0105391957244007,0.0125));
#2242=CARTESIAN_POINT('',(0.009899013115178,0.00917929950189741,0.));
#2243=CARTESIAN_POINT('',(0.0113655335766858,0.0105391957244007,0.0125));
#2244=CARTESIAN_POINT('',(0.0117209530522511,0.0101559091730378,0.0114943153052732));
#2245=CARTESIAN_POINT('',(0.0120368149650076,0.00935980330350135,0.00997089728047933));
#2246=CARTESIAN_POINT('',(0.0117169206330505,0.00817719150358656,0.00801781085577001));
#2247=CARTESIAN_POINT('',(0.0112430657506821,0.00764588757604896,0.00710821232186347));
#2248=CARTESIAN_POINT('',(0.0108990131151657,0.00744724869432143,0.00668576720844505));
#2249=CARTESIAN_POINT('',(-0.003,0.0131624465810882,-0.0346787763290548));
#2250=CARTESIAN_POINT('',(-0.00344444444444444,0.0151124386671754,-0.0346787763290548));
#2251=CARTESIAN_POINT('',(-0.00344444444444444,0.0151124386671754,0.));
#2252=CARTESIAN_POINT('',(-0.00344444444444444,0.0151124386671753,0.0125));
#2253=CARTESIAN_POINT('',(-0.003,0.0131624465810882,0.));
#2254=CARTESIAN_POINT('',(-0.00344444444444444,0.0151124386671753,0.0125));
#2255=CARTESIAN_POINT('',(-0.00293479891843331,0.0152285976630439,0.0114943155068514));
#2256=CARTESIAN_POINT('',(-0.00208742019430076,0.0151040892130333,0.009970897706005));
#2257=CARTESIAN_POINT('',(-0.00122319568370257,0.0142357472202804,0.0080178118692776));
#2258=CARTESIAN_POINT('',(-0.000999999999999998,0.0135597249899374,0.00710821300815524));
#2259=CARTESIAN_POINT('',(-0.001,0.0131624465810882,0.00668576720846017));
#2260=CARTESIAN_POINT('',(0.003,0.0131624465810882,-0.0346787763290548));
#2261=CARTESIAN_POINT('',(0.003,0.0131624465810882,0.));
#2262=CARTESIAN_POINT('',(0.00344444444444445,0.0151124386671754,0.));
#2263=CARTESIAN_POINT('',(0.00344444444444444,0.0151124386671753,-0.0346787763290548));
#2264=CARTESIAN_POINT('',(0.00344444444444444,0.0151124386671754,0.0125));
#2265=CARTESIAN_POINT('',(0.001,0.0131624465810882,0.00668576720846015));
#2266=CARTESIAN_POINT('',(0.000999999999999999,0.0135596326507847,0.00710811481936289));
#2267=CARTESIAN_POINT('',(0.00122466876814112,0.0142390714740697,0.00802260896507645));
#2268=CARTESIAN_POINT('',(0.00208910180982854,0.0151030375016221,0.00997325348078878));
#2269=CARTESIAN_POINT('',(0.00293053739334564,0.0152295689547551,0.0114859062312006));
#2270=CARTESIAN_POINT('',(0.00344444444444444,0.0151124386671753,0.0125));
#2271=CARTESIAN_POINT('',(3.79470760369927E-18,1.38777878078145E-17,-0.0346787763290548));
#2272=CARTESIAN_POINT('',(-0.0154290495843882,0.00164422749396033,0.00614739274767296));
#2273=CARTESIAN_POINT('',(-0.0153211329456334,0.00232776134893693,0.00449959726053094));
#2274=CARTESIAN_POINT('',(-0.0154289169712503,0.00164472711029195,0.00285421821020329));
#2275=CARTESIAN_POINT('',(-0.0155355334181439,1.91773724386436E-6,0.00217302664308335));
#2276=CARTESIAN_POINT('',(-0.0154289490890107,-0.00164534877499803,0.00285367718938445));
#2277=CARTESIAN_POINT('',(-0.015321222984637,-0.00232683925607827,0.00449949150200819));
#2278=CARTESIAN_POINT('',(-0.0154286574345248,-0.00164729329453556,0.00614357819782246));
#2279=CARTESIAN_POINT('',(-0.0155355730794884,-2.01004518732829E-6,0.00682725603998681));
#2280=CARTESIAN_POINT('',(-0.0154290495843882,0.00164422749396033,0.00614739274767296));
#2281=CARTESIAN_POINT('',(-0.0153211329456334,0.00232776134893693,0.00449959726053094));
#2282=CARTESIAN_POINT('',(-0.0154289169712503,0.00164472711029195,0.00285421821020329));
#2283=CARTESIAN_POINT('',(-0.015357083056362,0.0021,0.0045));
#2284=CARTESIAN_POINT('',(3.79470760369927E-18,1.38777878078145E-17,0.));
#2285=CARTESIAN_POINT('',(0.,0.,0.0125));
#2286=CARTESIAN_POINT('',(3.79470760369927E-18,1.38777878078145E-17,0.));
#2287=CARTESIAN_POINT('',(0.,0.,0.0125));
#2288=CARTESIAN_POINT('',(3.79470760369927E-18,1.38777878078145E-17,0.));
#2289=CARTESIAN_POINT('',(0.,0.,0.0125));
#2290=CARTESIAN_POINT('',(3.79470760369927E-18,1.38777878078145E-17,0.));
#2291=CARTESIAN_POINT('',(0.,0.,0.0125));
#2292=CARTESIAN_POINT('',(3.79470760369927E-18,1.38777878078145E-17,0.));
#2293=CARTESIAN_POINT('',(0.,0.,0.0125));
#2294=CARTESIAN_POINT('',(3.79470760369927E-18,1.38777878078145E-17,0.));
#2295=CARTESIAN_POINT('',(0.,0.,0.0125));
#2296=CARTESIAN_POINT('',(0.,0.,0.007));
#2297=CARTESIAN_POINT('',(-0.0183821301926858,-0.00062088474005101,0.00235579892090672));
#2298=CARTESIAN_POINT('',(-0.0179895472593006,-0.00185930685668561,0.00312326925384057));
#2299=CARTESIAN_POINT('',(-0.0174946952721167,-0.00230682171333824,0.00479454067130502));
#2300=CARTESIAN_POINT('',(-0.0174646243044399,-0.00140201992956441,0.00637025264863191));
#2301=CARTESIAN_POINT('',(-0.0175331596559311,0.000358227124634516,0.00680694214693534));
#2302=CARTESIAN_POINT('',(-0.017427394456991,0.00190507079669609,0.00585236274704169));
#2303=CARTESIAN_POINT('',(-0.017643854392854,0.00228397914755827,0.00409396322450059));
#2304=CARTESIAN_POINT('',(-0.0181196869304923,0.00152950869131964,0.00288840019963885));
#2305=CARTESIAN_POINT('',(-0.018353384292302,0.00052565675015938,0.00240906718073888));
#2306=CARTESIAN_POINT('',(-0.0183821301926858,-0.00062088474005101,0.00235579892090672));
#2307=CARTESIAN_POINT('',(-0.0179895472593006,-0.00185930685668561,0.00312326925384057));
#2308=CARTESIAN_POINT('',(-0.0174946952721167,-0.00230682171333824,0.00479454067130502));
#2309=CARTESIAN_POINT('',(-0.0179855885148406,-0.0016862082427625,0.00324832042357487));
#2310=CARTESIAN_POINT('',(0.,0.,0.001));
#2311=CARTESIAN_POINT('',(0.019,0.,0.001));
#2312=CARTESIAN_POINT('',(0.,0.,0.007));
#2313=CARTESIAN_POINT('',(0.0175,0.,0.007));
#2314=CARTESIAN_POINT('',(0.,0.,0.009));
#2315=CARTESIAN_POINT('',(0.,0.,0.));
#2316=CARTESIAN_POINT('',(0.019,0.,0.));
#2317=CARTESIAN_POINT('',(0.,0.,0.009));
#2318=CARTESIAN_POINT('',(0.,0.,0.011));
#2319=CARTESIAN_POINT('',(0.0175,0.,0.011));
#2320=CARTESIAN_POINT('',(0.,0.,0.011));
#2321=CARTESIAN_POINT('',(0.,0.,0.017));
#2322=CARTESIAN_POINT('',(0.019,0.,0.017));
#2323=CARTESIAN_POINT('',(0.,0.,0.009));
#2324=CARTESIAN_POINT('',(0.,0.,0.0125));
#2325=CARTESIAN_POINT('',(0.,0.,0.00666603702729078));
#2326=CARTESIAN_POINT('',(0.,0.,0.0125));
#2327=CARTESIAN_POINT('',(0.,0.,0.00666603702729079));
#2328=CARTESIAN_POINT('',(0.,0.,0.0125));
#2329=CARTESIAN_POINT('',(0.,0.,0.00666603702729079));
#2330=CARTESIAN_POINT('',(0.,0.,0.0125));
#2331=CARTESIAN_POINT('',(0.,0.,0.00666603702729078));
#2332=CARTESIAN_POINT('',(0.,0.,0.0125));
#2333=CARTESIAN_POINT('',(0.,0.,0.00666603702729078));
#2334=CARTESIAN_POINT('',(0.,0.,0.0125));
#2335=CARTESIAN_POINT('',(0.,0.,0.00666603702729079));
#2336=CARTESIAN_POINT('',(-0.0335,1.85863229568943E-18,0.0045));
#2337=CARTESIAN_POINT('',(0.00875,0.,0.));
#2338=CARTESIAN_POINT('',(-0.00762459743163185,0.0024218823269418,0.));
#2339=CARTESIAN_POINT('',(-0.00775651960928803,0.00200656342984131,-3.46944695195361E-18));
#2340=CARTESIAN_POINT('',(-0.00795334039365312,0.00161971554299561,-3.46944695195361E-18));
#2341=CARTESIAN_POINT('',(-0.00823574253813703,0.00103381561804262,-3.46944695195361E-18));
#2342=CARTESIAN_POINT('',(-0.00832753693165281,0.000836234731979353,-3.46944695195361E-18));
#2343=CARTESIAN_POINT('',(-0.00843125187991593,0.00053063257690011,0.));
#2344=CARTESIAN_POINT('',(-0.00845998157153766,0.000427261307007797,0.));
#2345=CARTESIAN_POINT('',(-0.00849987990012291,0.000215998055975857,3.46944695195361E-18));
#2346=CARTESIAN_POINT('',(-0.00851089800974655,0.00010668105001462,0.));
#2347=CARTESIAN_POINT('',(-0.00851058700673302,-0.00021809936500509,-3.46944695195361E-18));
#2348=CARTESIAN_POINT('',(-0.00846562829351725,-0.000430076229222164,-3.46944695195361E-18));
#2349=CARTESIAN_POINT('',(-0.00832568917673755,-0.000840932638824254,-3.46944695195361E-18));
#2350=CARTESIAN_POINT('',(-0.0082342467711373,-0.00103700243371277,0.));
#2351=CARTESIAN_POINT('',(-0.00795222594639111,-0.00162185874944648,-3.46944695195361E-18));
#2352=CARTESIAN_POINT('',(-0.00775597545870889,-0.00200827653087104,0.));
#2353=CARTESIAN_POINT('',(-0.00762459743163185,-0.0024218823269418,0.));
#2354=CARTESIAN_POINT('',(0.,3.67394039744206E-19,0.));
#2355=CARTESIAN_POINT('',(0.006,3.67394039744206E-19,0.));
#2356=CARTESIAN_POINT('',(0.00454880939982742,0.00532055758770091,0.009));
#2357=CARTESIAN_POINT('',(0.,3.67394039744206E-19,0.009));
#2358=CARTESIAN_POINT('',(0.006,3.67394039744206E-19,0.009));
#2359=CARTESIAN_POINT('',(0.,3.67394039744206E-19,-0.016));
#2360=CARTESIAN_POINT('',(-0.00595843646695704,0.000782953980075904,0.00371555045362489));
#2361=CARTESIAN_POINT('',(-0.00589492021577318,0.00110846597999281,0.00450018558941015));
#2362=CARTESIAN_POINT('',(-0.00595836136854797,0.000783182099952841,0.0052837071887345));
#2363=CARTESIAN_POINT('',(-0.00602081722846269,9.65525809279426E-7,0.00560810706980037));
#2364=CARTESIAN_POINT('',(-0.00595836955290723,-0.000783600662765658,0.00528386354389973));
#2365=CARTESIAN_POINT('',(-0.00589497461813871,-0.00110798837847977,0.00450029427715117));
#2366=CARTESIAN_POINT('',(-0.00595821075101851,-0.00078444536255405,0.00371731075864308));
#2367=CARTESIAN_POINT('',(-0.00602083811508105,-8.30338078803766E-7,0.00339178517948342));
#2368=CARTESIAN_POINT('',(-0.00595843646695704,0.000782953980075904,0.00371555045362489));
#2369=CARTESIAN_POINT('',(-0.00589492021577318,0.00110846597999281,0.00450018558941015));
#2370=CARTESIAN_POINT('',(-0.00595836136854797,0.000783182099952841,0.0052837071887345));
#2371=CARTESIAN_POINT('',(-0.00591607978309962,0.001,0.0045));
#2372=CARTESIAN_POINT('',(-0.0285,1.76570068090496E-18,0.0045));
#2373=CARTESIAN_POINT('',(-0.009,1.95156391047391E-18,0.0045));
#2374=CARTESIAN_POINT('',(-0.009,1.95156391047391E-18,0.0035));
#2375=CARTESIAN_POINT('',(0.,2.4492935982947E-19,0.00872508278236463));
#2376=CARTESIAN_POINT('',(0.,2.4492935982947E-19,0.00872508278236463));
#2377=CARTESIAN_POINT('',(0.,2.4492935982947E-19,0.00872508278236463));
#2378=CARTESIAN_POINT('',(0.,2.4492935982947E-19,0.00872508278236463));
#2379=CARTESIAN_POINT('',(0.,2.4492935982947E-19,0.00872508278236462));
#2380=CARTESIAN_POINT('',(0.,2.4492935982947E-19,0.00872508278236463));
#2381=CARTESIAN_POINT('',(-0.009,1.7347234759768E-18,0.0045));
#2382=CARTESIAN_POINT('',(-0.009,-0.000867549274401958,0.00669698730096463));
#2383=CARTESIAN_POINT('',(-0.009,7.28885838863116E-7,0.00695312247366849));
#2384=CARTESIAN_POINT('',(-0.009,0.000864633731046514,0.00669821795894812));
#2385=CARTESIAN_POINT('',(-0.009,0.00175243811684935,0.00593104150252841));
#2386=CARTESIAN_POINT('',(-0.009,0.00233665071794728,0.00450591777580697));
#2387=CARTESIAN_POINT('',(-0.009,0.00175586187451814,0.00307331341226815));
#2388=CARTESIAN_POINT('',(-0.009,0.000869001235106124,0.00230407623356492));
#2389=CARTESIAN_POINT('',(-0.009,3.36367231804487E-6,0.00204695757719797));
#2390=CARTESIAN_POINT('',(-0.009,-0.000862990068333045,0.00230041824804404));
#2391=CARTESIAN_POINT('',(-0.009,-0.00175239796771676,0.0030684491444779));
#2392=CARTESIAN_POINT('',(-0.009,-0.00233739357240211,0.00449620475264443));
#2393=CARTESIAN_POINT('',(-0.009,-0.00175368711659736,0.0059293046604141));
#2394=CARTESIAN_POINT('',(-0.009,-0.000867549274401958,0.00669698730096463));
#2395=CARTESIAN_POINT('',(-0.009,7.28885838863116E-7,0.00695312247366849));
#2396=CARTESIAN_POINT('',(-0.009,0.000864633731046514,0.00669821795894812));
#2397=CARTESIAN_POINT('',(-0.009,1.11694612026459E-18,0.00686794919243112));
#2398=CARTESIAN_POINT('',(-0.0074027952558523,-0.00303292307847244,0.00293886179339938));
#2399=CARTESIAN_POINT('',(-0.00786274315196356,-0.00191027670229511,0.00347874699145127));
#2400=CARTESIAN_POINT('',(-0.00917372149387619,-0.00193857956896016,0.00368826480675905));
#2401=CARTESIAN_POINT('',(-0.0074694113470848,-0.00286962708773245,0.00244157942300644));
#2402=CARTESIAN_POINT('',(-0.00789660903026228,-0.00175496917008623,0.00316416400318575));
#2403=CARTESIAN_POINT('',(-0.00925516830937201,-0.00183116793427701,0.00343053934509185));
#2404=CARTESIAN_POINT('',(-0.00765495076601457,-0.00238839031057328,0.00154119541836052));
#2405=CARTESIAN_POINT('',(-0.00798391727527063,-0.00129829051571993,0.00264166926379108));
#2406=CARTESIAN_POINT('',(-0.00948209796764092,-0.00151510550252676,0.00296707782954648));
#2407=CARTESIAN_POINT('',(-0.0079227935645196,-0.00131559087400073,0.000628404536105441));
#2408=CARTESIAN_POINT('',(-0.00801769357658923,-0.000552639461198558,0.00232451734547888));
#2409=CARTESIAN_POINT('',(-0.00980667977821054,-0.000826446120325853,0.00250923778010572));
#2410=CARTESIAN_POINT('',(-0.00803712415282827,-1.91677991374824E-5,0.000290347599710015));
#2411=CARTESIAN_POINT('',(-0.00799100185739374,-6.69146861815773E-6,0.00229103705368131));
#2412=CARTESIAN_POINT('',(-0.00994409512908869,-1.19786512915666E-5,0.00234374247699911));
#2413=CARTESIAN_POINT('',(-0.00792858652394301,0.00128346498268155,0.000610580982761865));
#2414=CARTESIAN_POINT('',(-0.00801715689834429,0.000534690776593992,0.00232100716273074));
#2415=CARTESIAN_POINT('',(-0.00981366627477766,0.000806053409527683,0.00250043083971524));
#2416=CARTESIAN_POINT('',(-0.00766175541268202,0.00236768933371478,0.00151470610638046));
#2417=CARTESIAN_POINT('',(-0.00798611254434497,0.0012807454285953,0.00262909310646923));
#2418=CARTESIAN_POINT('',(-0.0094903836682397,0.00150163960606984,0.00295361059360484));
#2419=CARTESIAN_POINT('',(-0.00738243171513977,0.00309707976878156,0.0028554412253718));
#2420=CARTESIAN_POINT('',(-0.00785874024704706,0.00195714274073396,0.0033876338427219));
#2421=CARTESIAN_POINT('',(-0.00914917839555408,0.00197996215304622,0.00364266320960016));
#2422=CARTESIAN_POINT('',(-0.00725544148092754,0.00336775965387481,0.00447582273547857));
#2423=CARTESIAN_POINT('',(-0.00777968549906328,0.00223934720471027,0.00448317918005862));
#2424=CARTESIAN_POINT('',(-0.00899339959709136,0.00215971048811187,0.00448736231434085));
#2425=CARTESIAN_POINT('',(-0.00737604676602098,0.0031115716501117,0.00610319996991135));
#2426=CARTESIAN_POINT('',(-0.00785508830832007,0.00197166420366825,0.00558613215045017));
#2427=CARTESIAN_POINT('',(-0.00914135742839285,0.00198954346890199,0.00533589730299126));
#2428=CARTESIAN_POINT('',(-0.00765414411104818,0.00239081019817064,0.00745596150685483));
#2429=CARTESIAN_POINT('',(-0.00798365676751565,0.00130038024750271,0.00635706905586344));
#2430=CARTESIAN_POINT('',(-0.00948111580357243,0.00151668182245559,0.00603148202133746));
#2431=CARTESIAN_POINT('',(-0.00792222467925173,0.00131899844942704,0.0083697951481985));
#2432=CARTESIAN_POINT('',(-0.00801776203943534,0.00055435198785388,0.00667512573535317));
#2433=CARTESIAN_POINT('',(-0.00980599447094144,0.000828599230610771,0.00648987254437724));
#2434=CARTESIAN_POINT('',(-0.00803736246254294,2.06659714556591E-5,0.00871040124988974));
#2435=CARTESIAN_POINT('',(-0.00799097452777852,7.30086061109096E-6,0.00670912091033667));
#2436=CARTESIAN_POINT('',(-0.00994438338181405,1.29193397724138E-5,0.00665662892450069));
#2437=CARTESIAN_POINT('',(-0.00792818668165325,-0.00128623392725308,0.00838817671225392));
#2438=CARTESIAN_POINT('',(-0.00801718944390114,-0.000536065239579723,0.00667873951885023));
#2439=CARTESIAN_POINT('',(-0.00981318380403795,-0.000807802410484367,0.006498954816947));
#2440=CARTESIAN_POINT('',(-0.00766157419927371,-0.00236787803696719,0.00748449210847557));
#2441=CARTESIAN_POINT('',(-0.00798600808560728,-0.00128117004159987,0.00637039119929883));
#2442=CARTESIAN_POINT('',(-0.00949016071585524,-0.00150177689984269,0.00604597403421323));
#2443=CARTESIAN_POINT('',(-0.00738258241807203,-0.0030967872679876,0.00614500544223648));
#2444=CARTESIAN_POINT('',(-0.00785882022648033,-0.00195680944864226,0.00561264305332246));
#2445=CARTESIAN_POINT('',(-0.00914936267139195,-0.0019797663971088,0.00535756770051187));
#2446=CARTESIAN_POINT('',(-0.00725525421861953,-0.00336816625501321,0.00452488964071818));
#2447=CARTESIAN_POINT('',(-0.00777958253586476,-0.00223975021549666,0.00451725457946713));
#2448=CARTESIAN_POINT('',(-0.00899317080457081,-0.0021599794494026,0.00451300631062323));
#2449=CARTESIAN_POINT('',(-0.00733617916461979,-0.00319621906921243,0.00343614416379233));
#2450=CARTESIAN_POINT('',(-0.00782977081780752,-0.0020614864776262,0.00378502977311724));
#2451=CARTESIAN_POINT('',(-0.00909240312497625,-0.00204582180894385,0.00394558381965325));
#2452=CARTESIAN_POINT('',(-0.0074027952558523,-0.00303292307847244,0.00293886179339938));
#2453=CARTESIAN_POINT('',(-0.00786274315196356,-0.00191027670229511,0.00347874699145127));
#2454=CARTESIAN_POINT('',(-0.00917372149387619,-0.00193857956896016,0.00368826480675905));
#2455=CARTESIAN_POINT('',(-0.00762459743163185,0.0024218823269418,0.00173501638950185));
#2456=CARTESIAN_POINT('',(-0.00775651960928804,0.0020065634298413,0.00173501638950185));
#2457=CARTESIAN_POINT('',(-0.00805160784797592,0.00142609891376473,0.00173501638950185));
#2458=CARTESIAN_POINT('',(-0.00841997252020469,0.000641660779525731,0.00173501638950185));
#2459=CARTESIAN_POINT('',(-0.00855649228611758,-1.63272674918988E-6,0.00173501638950185));
#2460=CARTESIAN_POINT('',(-0.00841882438777722,-0.000644604402481269,0.00173501638950185));
#2461=CARTESIAN_POINT('',(-0.00804994196879119,-0.00142910022246049,0.00173501638950185));
#2462=CARTESIAN_POINT('',(-0.0077559754587089,-0.00200827653087102,0.00173501638950185));
#2463=CARTESIAN_POINT('',(-0.00762459743163185,-0.0024218823269418,0.00173501638950185));
#2464=CARTESIAN_POINT('',(-0.00762459743163185,0.0024218823269418,1.04083408558608E-17));
#2465=CARTESIAN_POINT('',(-0.00762459743163185,0.0024218823269418,0.0017350163895016));
#2466=CARTESIAN_POINT('',(-0.00775651960928803,0.00200656342984131,1.04083408558608E-17));
#2467=CARTESIAN_POINT('',(-0.00775651960928803,0.00200656342984131,0.0017350163895016));
#2468=CARTESIAN_POINT('',(-0.0080516078479759,0.00142609891376477,1.04083408558608E-17));
#2469=CARTESIAN_POINT('',(-0.0080516078479759,0.00142609891376477,0.0017350163895016));
#2470=CARTESIAN_POINT('',(-0.00841997252020467,0.000641660779525802,1.04083408558608E-17));
#2471=CARTESIAN_POINT('',(-0.00841997252020467,0.000641660779525802,0.0017350163895016));
#2472=CARTESIAN_POINT('',(-0.00855649228611758,-1.63272674908458E-6,1.04083408558608E-17));
#2473=CARTESIAN_POINT('',(-0.00855649228611758,-1.63272674908458E-6,0.0017350163895016));
#2474=CARTESIAN_POINT('',(-0.00841882438777726,-0.000644604402481163,1.04083408558608E-17));
#2475=CARTESIAN_POINT('',(-0.00841882438777726,-0.000644604402481163,0.0017350163895016));
#2476=CARTESIAN_POINT('',(-0.00804994196879129,-0.0014291002224603,1.04083408558608E-17));
#2477=CARTESIAN_POINT('',(-0.00804994196879129,-0.0014291002224603,0.0017350163895016));
#2478=CARTESIAN_POINT('',(-0.00775597545870889,-0.00200827653087104,1.04083408558608E-17));
#2479=CARTESIAN_POINT('',(-0.00775597545870889,-0.00200827653087104,0.0017350163895016));
#2480=CARTESIAN_POINT('',(-0.00762459743163185,-0.0024218823269418,1.04083408558608E-17));
#2481=CARTESIAN_POINT('',(-0.00762459743163185,-0.0024218823269418,0.0017350163895016));
#2482=MECHANICAL_DESIGN_GEOMETRIC_PRESENTATION_REPRESENTATION('',(#1284),
#2483);
#2483=(
GEOMETRIC_REPRESENTATION_CONTEXT(3)
GLOBAL_UNCERTAINTY_ASSIGNED_CONTEXT((#2484))
GLOBAL_UNIT_ASSIGNED_CONTEXT((#2487,#2486,#2485))
REPRESENTATION_CONTEXT('Hub','TOP_LEVEL_ASSEMBLY_PART')
);
#2484=UNCERTAINTY_MEASURE_WITH_UNIT(LENGTH_MEASURE(2.E-5),#2487,
'DISTANCE_ACCURACY_VALUE','Maximum Tolerance applied to model');
#2485=(
NAMED_UNIT(*)
SI_UNIT($,.STERADIAN.)
SOLID_ANGLE_UNIT()
);
#2486=(
NAMED_UNIT(*)
PLANE_ANGLE_UNIT()
SI_UNIT($,.RADIAN.)
);
#2487=(
LENGTH_UNIT()
NAMED_UNIT(*)
SI_UNIT($,.METRE.)
);
#2488=PRODUCT_DEFINITION_SHAPE('','',#2489);
#2489=PRODUCT_DEFINITION('','',#2491,#2490);
#2490=PRODUCT_DEFINITION_CONTEXT('',#2497,'design');
#2491=PRODUCT_DEFINITION_FORMATION_WITH_SPECIFIED_SOURCE('','',#2493,
 .NOT_KNOWN.);
#2492=PRODUCT_RELATED_PRODUCT_CATEGORY('','',(#2493));
#2493=PRODUCT('Hub','Hub','Hub',(#2495));
#2494=PRODUCT_CATEGORY('','');
#2495=PRODUCT_CONTEXT('',#2497,'mechanical');
#2496=APPLICATION_PROTOCOL_DEFINITION('international standard',
'automotive_design',2010,#2497);
#2497=APPLICATION_CONTEXT(
'core data for automotive mechanical design processes');
ENDSEC;
END-ISO-10303-21;
